3
4000 714 1071
0.04664742946624756 -0.01099999994039536 -0.03085348382592201 
0.1275081187486649 0.004952078685164452 -0.07000000774860382 
0.03304965794086456 0.01099999994039536 -0.02095472812652588 
0.05729813128709793 -0.01499999966472387 -0.05300704017281532 
0.05562683939933777 0.01436332613229752 -0.05812735483050346 
0.06279808282852173 0.01148112863302231 -0.06120074912905693 
0.1500274091959 0.007599798031151295 -0.04465978592634201 
0.04333949834108353 0.004862663801759481 -0.05685995146632195 
0.07358478754758835 -0.005445374175906181 -0.02849264070391655 
0.06997106969356537 -0.01099999994039536 -0.0393797904253006 
-0.02139507792890072 -0.01499999966472387 -0.05601958930492401 
0.05312478542327881 0.01344763301312923 -0.05835432931780815 
0.04559214413166046 0.001404794864356518 -0.05724916234612465 
0.1205158084630966 0.01499999966472387 -0.04870051890611649 
0.1102602854371071 -0.01499999966472387 -0.05599326640367508 
0.146148294210434 -0.01499999966472387 -0.06587773561477661 
0.1273011416196823 -0.004573740996420383 -0.04244185239076614 
-0.01335479132831097 -0.002971163485199213 -0.002611228497698903 
0.1864410787820816 -0.01499999966472387 -0.06489556282758713 
0.0006406552856788039 0.007494597230106592 -0.0281766913831234 
-0.08821690082550049 0.0149756595492363 -0.0562831424176693 
0.1936839073896408 -0.01500000059604645 -0.06166053935885429 
0.03460989892482758 -0.01099999994039536 -0.01595176383852959 
-0.04595323279500008 -0.0149805536493659 -0.0476735532283783 
0.1959243565797806 -0.005954355001449585 -0.06961440294981003 
0.1354159712791443 0.006649062037467957 -0.07000000774860382 
-0.09931440651416779 -0.0077846460044384 -0.05982691422104836 
0.03114753775298595 0.01100000087171793 -0.04066278412938118 
0.1595131158828735 -0.013621611520648 -0.04548106342554092 
0.08403368294239044 -0.01099999994039536 -0.03815273940563202 
0.08318865299224854 0.01077272556722164 -0.06794799119234085 
-0.08810941874980927 0.01054903492331505 -0.05313496664166451 
0.1490346938371658 0.009379788301885128 -0.07000000774860382 
-0.01943939179182053 -0.01099999994039536 -0.02899031527340412 
0.000139125157147646 -0.01099999994039536 -0.03594841063022614 
0.02478234097361565 -0.008920792490243912 -0.02966140955686569 
0.1021712571382523 0.01494230888783932 -0.0675661489367485 
0.1237319260835648 0.004941314458847046 -0.07000000774860382 
0.1246387809514999 0.005288831889629364 -0.04200254380702972 
0.1549138426780701 -0.01499999966472387 -0.05606408417224884 
0.03625528514385223 -0.01099999994039536 -0.02612740732729435 
-0.02191083133220673 -0.0149999987334013 -0.05477259308099747 
0.1602505147457123 0.0149999987334013 -0.06583428382873535 
0.05877654254436493 -0.0149999987334013 -0.04988683015108109 
0.1442672908306122 -0.01464690174907446 -0.04659027606248856 
-0.05802179127931595 0.002386698499321938 -0.03576387465000153 
0.06954866647720337 0.006172638386487961 -0.0634312629699707 
0.07000944763422012 -0.01499192696064711 -0.06050996854901314 
-0.0679909735918045 -0.0148404948413372 -0.06794615089893341 
0.1964599639177322 -0.008067015558481216 -0.05795614421367645 
0.1769658774137497 0.001842886442318559 -0.07000000774860382 
-0.05995840951800346 0.01099999994039536 -0.04095542430877686 
-0.02299994789063931 0.004558337852358818 -0.06126062199473381 
0.1506746560335159 -0.0005156183615326881 -0.04469528794288635 
0.09384438395500183 0.007103001698851585 -0.06971146166324615 
0.10251584649086 -0.01500000059604645 -0.06304143369197845 
0.01862506568431854 -0.01433789730072021 -0.04612451046705246 
-0.08894214779138565 -0.01440925057977438 -0.0687696784734726 
0.03059885837137699 0.01099999994039536 -0.01748673431575298 
0.03508160635828972 -0.01099999994039536 -0.03091768734157085 
-0.09960934519767761 0.008610849268734455 -0.06025621294975281 
0.1960726976394653 0.007386667188256979 -0.05773254483938217 
-0.0654018372297287 -0.01499999966472387 -0.06178442388772964 
-0.050132155418396 -0.008260536938905716 -0.06929666548967361 
-0.07570165395736694 -0.004571983590722084 -0.0459713377058506 
0.1272289007902145 0.01499999966472387 -0.04930303990840912 
-0.03659249097108841 -0.01499999966472387 -0.05732836946845055 
0.02453489601612091 -0.009094342589378357 -0.02408767491579056 
-0.008979233913123608 0.01100000087171793 -0.03286835178732872 
-0.01499668322503567 -0.01411737501621246 -0.05826210230588913 
-0.01319359429180622 0.01280822698026896 -0.04512084275484085 
-0.03684906661510468 0.01099999994039536 -0.03863760456442833 
0.1680268347263336 -0.008005492389202118 -0.04500002786517143 
-0.01607907377183437 0.00758840749040246 -0.05942021310329437 
0.1067329049110413 0.01136497315019369 -0.07000000774860382 
0.006578633561730385 0.01314560230821371 -0.04523558169603348 
0.08095794171094894 0.01099999994039536 -0.03471039980649948 
0.1369937509298325 0.01499999966472387 -0.06299193948507309 
0.03583480417728424 0.01500000059604645 -0.05234906449913979 
0.1304646879434586 0.01110635697841644 -0.04444761946797371 
0.1856417059898376 0.004615714307874441 -0.07000000774860382 
0.1053847223520279 0.01099999994039536 -0.04146647453308105 
0.03169462084770203 -0.01309529505670071 -0.04521236941218376 
-0.003324353834614158 0.01099999994039536 0.008811157196760178 
0.1728073805570602 0.006183029618114233 -0.04506847634911537 
0.1248668804764748 -0.0148052591830492 -0.04694089293479919 
-0.02866433560848236 0.01099999994039536 -0.04305953904986382 
0.0006406613974831998 0.005871678702533245 -0.02792604267597198 
0.03350856155157089 -0.01099999994039536 -0.02679139375686646 
0.1307076215744019 -0.009215534664690495 -0.07000000774860382 
0.1022679284214973 -0.00972026027739048 -0.07000000774860382 
0.06837189197540283 0.01362554728984833 -0.06249229609966278 
0.04848184436559677 0.01099999994039536 -0.02809320576488972 
0.1849592626094818 -0.01488057896494865 -0.05386059358716011 
0.09561836719512939 -0.01294352300465107 -0.06967870146036148 
0.08035542070865631 0.0116215581074357 -0.06717057526111603 
0.005677670706063509 -0.004245476797223091 -0.004049127921462059 
0.1106693595647812 -0.002111160196363926 -0.07000000774860382 
0.1846976280212402 0.01499999966472387 -0.06679937243461609 
0.005964901763945818 -0.001722838031128049 -0.0004011886194348335 
0.1133967563509941 -0.01499999966472387 -0.05483828857541084 
0.1521016061306 0.01255724113434553 -0.0450550764799118 
-0.02217134088277817 0.004086574539542198 -0.0150655834004283 
0.0691012516617775 -0.002421256620436907 -0.0632719025015831 
0.1923524439334869 -0.00554901547729969 -0.05558466166257858 
-0.09731567651033401 -0.01420744508504868 -0.05957326292991638 
0.02230013906955719 -0.01500000059604645 -0.05025693029165268 
-0.07861842215061188 -0.01500000059604645 -0.06044401973485947 
-0.05496538802981377 -0.01500000059604645 -0.06545177102088928 
0.09789703786373138 0.0007327031344175339 -0.03634298592805862 
0.05372105166316032 0.0002858880907297134 -0.05886489897966385 
0.05186090618371964 -0.01099999994039536 -0.03753377497196198 
0.1807654649019241 -0.007706507574766874 -0.07000000774860382 
-0.033121008425951 -0.01499999966472387 -0.05977785214781761 
0.1224977299571037 0.01449970901012421 -0.06864048540592194 
0.1160283908247948 -0.01442834455519915 -0.04623862728476524 
0.006226246245205402 0.01099999994039536 -0.00567115843296051 
0.04760722070932388 0.003094130661338568 -0.02248786576092243 
0.1113035082817078 -0.006264361552894115 -0.07000000774860382 
0.06741622090339661 -0.003880856093019247 -0.06267170608043671 
0.1715970635414124 -0.007157155778259039 -0.07000000774860382 
0.1039131805300713 0.011444091796875 -0.04482901096343994 
0.03528016805648804 0.01099999994039536 -0.02604483067989349 
-0.04807430878281593 0.01099999994039536 -0.04266846925020218 
-0.08200732618570328 0.01500000059604645 -0.06423448026180267 
0.062148317694664 0.001667440868914127 -0.02373654395341873 
0.02349735423922539 -0.01499999966472387 -0.05028864741325378 
0.1932563036680222 -0.0006088246591389179 -0.05610650405287743 
0.06563456356525421 -0.01499999966472387 -0.05380631983280182 
-0.005207988433539867 0.007159021683037281 -0.004653825890272856 
-0.005734466016292572 0.004054266959428787 0.003968020435422659 
-0.04089010879397392 -0.01099999994039536 -0.04208850488066673 
0.1449508816003799 0.01499999966472387 -0.05820832401514053 
0.03470019996166229 0.01099999994039536 -0.01305357366800308 
0.02322439849376678 -0.006713473238050938 -0.02012958005070686 
-0.0783068984746933 0.01279392093420029 -0.06988637894392014 
-0.09870755672454834 0.01083804108202457 -0.06898193061351776 
-0.09814333915710449 0.009528852999210358 -0.05892804265022278 
-0.03517260402441025 -0.01099868491292 -0.02370923385024071 
-0.09012734144926071 0.0006945920176804066 -0.05430001020431519 
0.08087600022554398 0.005169936455786228 -0.03113900125026703 
-0.07591460645198822 0.01472315937280655 -0.0481107160449028 
-0.002712243236601353 -0.002921210136264563 -0.006429519504308701 
0.03385816887021065 0.004497134126722813 -0.00969344936311245 
-0.03079508431255817 0.01099999994039536 -0.02812177315354347 
-0.00621067825704813 0.01099999900907278 -0.04234227165579796 
-0.07684007287025452 0.008005201816558838 -0.07000000774860382 
-0.01822597160935402 -0.01099999994039536 -0.01609279960393906 
0.1436333060264587 0.01499999966472387 -0.05812552943825722 
0.02023240365087986 0.01098289247602224 -0.03817923367023468 
0.1857851594686508 -0.01499999966472387 -0.05705096200108528 
0.1705601960420609 0.0149999987334013 -0.05703580379486084 
-0.01416933070868254 0.01499999966472387 -0.05528735369443893 
-0.0819953978061676 0.001309328014031053 -0.04960503429174423 
0.03542495891451836 -0.01099999994039536 -0.04399113357067108 
0.0507916696369648 0.00248773698695004 -0.05817658826708794 
0.1024922281503677 0.01500000059604645 -0.05101115256547928 
0.1671149581670761 -0.0149999987334013 -0.04854526743292809 
-0.001345589756965637 0.01099999994039536 -0.04303350299596786 
0.0897359624505043 -0.01293990202248096 -0.06908182799816132 
9.021081496030092e-06 0.001080641523003578 -0.05633750185370445 
-0.07719705998897552 -0.001377054257318377 -0.04683471098542213 
0.04970331862568855 0.005772539880126715 -0.05795949324965477 
0.136319175362587 0.0149999987334013 -0.04988520592451096 
0.199999988079071 -0.004633527714759111 -0.0636041983962059 
0.003704763250425458 0.0001874828012660146 -0.03554397821426392 
0.1352731585502625 -0.010820547118783 -0.07000000774860382 
0.02344697900116444 -0.007375358603894711 -0.02110665664076805 
-0.008257309906184673 -0.01099999994039536 -0.03360541164875031 
-0.08837743848562241 0.005823627114295959 -0.07000000774860382 
-0.0472048707306385 0.01499999966472387 -0.06448015570640564 
0.009225173853337765 -0.01499999966472387 -0.04999867454171181 
-0.07325324416160583 0.01485624723136425 -0.06791473180055618 
-0.02083221822977066 0.01499537937343121 -0.05761641263961792 
0.1611592322587967 -0.004156657494604588 -0.07000000774860382 
0.05102033168077469 0.01499999966472387 -0.05109015479683876 
0.07601189613342285 0.01499999966472387 -0.06027112901210785 
-0.04256803169846535 0.01100000087171793 -0.04080568626523018 
0.00456269271671772 -0.0009732195176184177 0.0100007401779294 
0.05436373502016068 0.007678590714931488 -0.05901625379920006 
0.0875587984919548 -0.003203742671757936 -0.03336400538682938 
0.1765194982290268 0.01499999966472387 -0.05189675465226173 
0.1012196242809296 0.01420807465910912 -0.06901843845844269 
0.1472046375274658 0.01441839057952166 -0.04624275118112564 
-0.07907415926456451 -0.01299759931862354 -0.06982672959566116 
0.1424064040184021 -0.01055342890322208 -0.07000000774860382 
0.09847727417945862 -0.003349722595885396 -0.03649105876684189 
-0.06483949720859528 -0.01499999966472387 -0.05585707724094391 
0.1954192817211151 -0.0007714913226664066 -0.06981571018695831 
0.1032688319683075 -0.01500000059604645 -0.06561900675296783 
0.10105811804533 -0.01499999966472387 -0.05265361815690994 
0.179509624838829 -0.01499999966472387 -0.05332773551344872 
0.06507385522127151 -0.005181579384952784 -0.02498048543930054 
-0.01241534762084484 -0.01099999994039536 -0.006262637674808502 
0.1158658415079117 -0.01276309229433537 -0.0451059490442276 
0.09531261026859283 -0.0149999987334013 -0.06359755992889404 
0.07201167941093445 0.006438578478991985 -0.02787971682846546 
0.06282752752304077 7.466626993846148e-05 -0.06120897829532623 
0.02328757010400295 -0.002040982246398926 -0.05506129562854767 
0.06041470915079117 0.01099999994039536 -0.02950716204941273 
0.1618862152099609 0.01499999966472387 -0.05227822810411453 
-0.09160031378269196 -0.01499999966472387 -0.05995222181081772 
-0.09383249282836914 -0.002263328060507774 -0.05643917620182037 
0.006734354887157679 0.008485730737447739 -0.03800751268863678 
-0.04954639822244644 0.008303932845592499 -0.03087059780955315 
-0.02941186539828777 -0.01099999994039536 -0.03112158365547657 
0.1756000071763992 -0.01500000059604645 -0.05965321138501167 
0.001730601419694722 -0.01099999994039536 -0.01606012135744095 
-0.03018335253000259 0.01099999994039536 -0.04321011900901794 
-0.06240272894501686 -0.008374709635972977 -0.03829321265220642 
0.1615944802761078 0.001957126893103123 -0.07000000774860382 
0.05895398557186127 0.0002458365634083748 -0.06012661010026932 
-0.01235001068562269 0.01099999994039536 -0.03776808083057404 
0.005832014139741659 0.003117986489087343 -0.003828703425824642 
-0.03220970556139946 -0.009393546730279922 -0.06437909603118896 
-0.01162095740437508 -0.004681756254285574 0.001106986775994301 
0.0449577234685421 -0.00824038777500391 -0.01883288286626339 
0.06104219704866409 -0.001512598944827914 -0.0232663918286562 
0.1533458530902863 -0.006451080553233624 -0.04477351531386375 
0.1723400801420212 0.01098469458520412 -0.07000000774860382 
0.05188600718975067 -0.01499999966472387 -0.05187337100505829 
0.03504850715398788 -0.005598241463303566 -0.05577833950519562 
0.0274641364812851 -0.01099999994039536 -0.01253639440983534 
-0.02299639955163002 0.01099999994039536 -0.01929296925663948 
-0.08441760390996933 0.01500000059604645 -0.06601995974779129 
0.07361157238483429 -0.01099999994039536 -0.03579973429441452 
0.02298056334257126 0.0125583354383707 -0.04505535960197449 
-0.05823289975523949 -0.01478193886578083 -0.06804019212722778 
-0.07640719413757324 0.0005515743396244943 -0.07000000774860382 
0.1816463023424149 0.007064173463732004 -0.04940346628427505 
0.02665399387478828 -0.01352636143565178 -0.04542092606425285 
0.1761894673109055 -0.01499999966472387 -0.06292726099491119 
0.1426448225975037 -0.003139175474643707 -0.07000000774860382 
-0.01835185475647449 0.0149999987334013 -0.05041079223155975 
0.08993188291788101 0.01099999994039536 -0.03850505128502846 
0.01817526295781136 -0.0106173362582922 -0.05506129562854767 
-0.02064196392893791 0.01099999994039536 -0.01679833978414536 
0.2000000029802322 0.009169695898890495 -0.06414641439914703 
-0.06131874024868011 -0.01499999966472387 -0.04998120665550232 
-0.004491445142775774 0.009451949037611485 -0.00536793377250433 
-0.03079279698431492 0.0148730780929327 -0.04714277759194374 
-0.01768239960074425 -0.01099999994039536 -0.04129350185394287 
0.1748905181884766 -0.01499999966472387 -0.05454285442829132 
-0.08938373625278473 -0.003625134937465191 -0.07000000774860382 
0.1448938846588135 -0.01500000059604645 -0.06446714699268341 
0.1235327422618866 -0.01500000059604645 -0.05943971127271652 
-0.06591556966304779 -0.01500000059604645 -0.05025495588779449 
0.1428979784250259 -0.009088744409382343 -0.04416196048259735 
0.0652342289686203 0.01099999994039536 -0.02738252468407154 
0.05821940302848816 0.0149999987334013 -0.05078371986746788 
0.004885484464466572 -0.006134938448667526 -0.03669961914420128 
-0.04007468000054359 -0.0004951528972014785 -0.06709231436252594 
0.08547336608171463 0.01099999994039536 -0.04228271916508675 
0.1022468507289886 0.01099999994039536 -0.04375029727816582 
0.07199316471815109 0.01500000059604645 -0.04869503900408745 
0.1971253454685211 0.01472592912614346 -0.06038899347186089 
-0.06594578921794891 0.01499999966472387 -0.05766084417700768 
0.09022576361894608 -0.004768213257193565 -0.03418392315506935 
-0.04838527739048004 -0.01499999966472387 -0.06064590811729431 
0.1076642125844955 0.004819679073989391 -0.03876327350735664 
0.06121746078133583 0.01126734539866447 -0.06075908243656158 
0.08045516908168793 -0.01099999994039536 -0.03985470533370972 
0.04480142146348953 0.01491994969546795 -0.04735039174556732 
-0.01295303180813789 -0.003147817915305495 -0.001749655231833458 
0.1150914654135704 -0.01500000059604645 -0.0572982020676136 
0.02566070109605789 0.01099999994039536 -0.03656824305653572 
0.003238994628190994 0.01496234443038702 -0.05340997874736786 
-0.08836071193218231 0.00358528783544898 -0.07000000774860382 
0.0411449670791626 -0.01099999994039536 -0.0211748369038105 
0.01231034100055695 0.01100000087171793 -0.0408221110701561 
-0.0355406142771244 -0.01099999994039536 -0.03022775053977966 
0.002421062672510743 0.009847160428762436 -0.03380743414163589 
-0.01690889522433281 -0.008234397508203983 -0.01016400847584009 
-0.03045931085944176 -0.01044400595128536 -0.06375563144683838 
0.1825692355632782 -0.01499999966472387 -0.06381452083587646 
0.1495375782251358 -0.01500000059604645 -0.05043164640665054 
0.01605270802974701 0.01459016744047403 -0.05357322841882706 
0.008038611151278019 0.006136350799351931 -0.008789374493062496 
0.1627057790756226 -0.005604064092040062 -0.07000000774860382 
-0.05183514207601547 -0.00140284257940948 -0.06951219588518143 
0.1776702255010605 0.006820821668952703 -0.04710787162184715 
-0.03464574366807938 -0.0009897274430841208 -0.02226769179105759 
0.07082629948854446 0.01099999994039536 -0.03082925267517567 
0.04737329855561256 -0.000645600026473403 -0.05755691230297089 
0.1590349823236465 -0.01486270129680634 -0.06786327064037323 
-0.07530534267425537 -0.0149999987334013 -0.05236482620239258 
0.02389859594404697 -0.008449016138911247 -0.03258554637432098 
0.1296079456806183 0.003021234646439552 -0.07000000774860382 
0.01057472731918097 0.01071111857891083 -0.03972769156098366 
0.06842564046382904 -0.004785493947565556 -0.02640566602349281 
0.09806858003139496 0.01500000059604645 -0.04980390891432762 
-0.02586985938251019 0.01099999994039536 -0.03316844999790192 
0.06713367253541946 -0.01099999994039536 -0.02989960089325905 
-0.08614382892847061 0.01421412266790867 -0.06902004778385162 
0.0878681093454361 0.01499999966472387 -0.05770258605480194 
0.009397732093930244 -0.009325421415269375 0.005638916045427322 
0.07506982237100601 -0.004964970517903566 -0.06539373099803925 
0.003526830580085516 0.01086754444986582 -0.006043375004082918 
-0.01586626470088959 -0.009811313822865486 -0.007997099310159683 
0.1289092600345612 0.0149999987334013 -0.06158805638551712 
0.1371594220399857 0.006491879001259804 -0.04364472627639771 
0.1789097338914871 -0.01499999966472387 -0.06231013312935829 
0.06062975525856018 0.004036363679915667 -0.06059486418962479 
0.03116975724697113 0.01099999994039536 -0.01156732812523842 
-0.01198835764080286 -0.01099999994039536 -0.02217281796038151 
-0.05407920107245445 -0.01499999966472387 -0.06643185019493103 
-0.07489676028490067 0.008313147351145744 -0.07000000774860382 
0.01924308761954308 0.006193546578288078 -0.03780294582247734 
-0.0371689647436142 -0.009656619280576706 -0.06612124294042587 
0.1734445095062256 0.003107550321146846 -0.07000000774860382 
0.09220550209283829 0.01487058494240046 -0.04716617241501808 
0.1504668891429901 0.007830606773495674 -0.0446830615401268 
0.1548444628715515 0.00901961512863636 -0.04481750726699829 
0.103207141160965 0.01500000059604645 -0.06187719106674194 
-0.01130781695246696 0.001000812044367194 0.001778519130311906 
0.03635170310735703 -0.003036991925910115 -0.05591509863734245 
0.1583988964557648 -0.01040141563862562 -0.04500003159046173 
-0.02346811443567276 0.01396100781857967 -0.04573396593332291 
0.1907260119915009 -0.01411732006818056 -0.06910920143127441 
-0.01832409761846066 0.01100000087171793 -0.03601306676864624 
0.1754749864339828 0.0149999987334013 -0.05578310042619705 
0.05145832896232605 0.01379391364753246 -0.05773119628429413 
0.005292708054184914 -0.00664712768048048 0.004569143522530794 
-0.02515009790658951 -0.009245526045560837 -0.06192810088396072 
-0.08035225421190262 0.01469347067177296 -0.06831492483615875 
0.002488544909283519 0.01099999994039536 -0.04005356132984161 
0.003299019997939467 -0.009073130786418915 0.01046065986156464 
-0.0288107693195343 -0.01099999994039536 -0.02295606024563313 
0.102214477956295 -6.682262755930424e-05 -0.03749164566397667 
-0.02284708619117737 -0.01457181386649609 -0.05975358188152313 
-0.05206940323114395 0.01499999966472387 -0.0609344020485878 
0.09462128579616547 -0.01499999966472387 -0.05559982731938362 
-0.03171349689364433 0.01099999994039536 -0.02948521450161934 
0.007511149626225233 0.007723528891801834 0.008002216927707195 
0.006402028258889914 0.01099999994039536 -0.002801486058160663 
0.05531386286020279 0.01099999994039536 -0.02546200528740883 
0.0863044336438179 0.01500000059604645 -0.05439091846346855 
0.1129635497927666 -0.007036561146378517 -0.03990478813648224 
0.1482403874397278 -0.01499999966472387 -0.05812028795480728 
-0.01295616384595633 -0.01099999994039536 -0.03490248322486877 
0.09250089526176453 0.01472450327128172 -0.06776838749647141 
0.2000000178813934 -0.009201115928590298 -0.06232355535030365 
0.003942008130252361 0.004018162377178669 0.005752694793045521 
0.1086668521165848 0.01499999966472387 -0.05986955016851425 
0.05893301218748093 0.008714262396097183 -0.06012075021862984 
-0.02767357602715492 0.01099999994039536 -0.04238622635602951 
-0.02845782786607742 0.004973310511559248 -0.06304271519184113 
0.04600005596876144 -0.00635992269963026 -0.05731964111328125 
-0.03143571317195892 0.0149999987334013 -0.05654006823897362 
0.01338173914700747 0.0100711714476347 -0.05515377968549728 
-0.03650576993823051 0.0149999987334013 -0.05557125806808472 
-0.02375705540180206 -0.003027135273441672 -0.06149565055966377 
0.1591104865074158 -0.01092086639255285 -0.07000000774860382 
0.08781891316175461 0.0003913054242730141 -0.06888696551322937 
0.1565854400396347 0.00429122569039464 -0.04485353082418442 
0.05588556826114655 0.007681005634367466 -0.05937464535236359 
0.1464162170886993 0.005899728741496801 -0.04443590715527534 
-0.00651149358600378 -0.01099999994039536 -0.00710472883656621 
0.01154468953609467 -0.01041719317436218 -0.05527033656835556 
-0.09230269491672516 0.01499999966472387 -0.06231765449047089 
0.1731187105178833 -0.01499999966472387 -0.05150509625673294 
0.1101370453834534 0.01199451275169849 -0.07000000774860382 
0.1209075450897217 -0.01499999966472387 -0.05240125209093094 
0.1652573049068451 0.006935149431228638 -0.07000000774860382 
-0.07243090867996216 -0.01499999966472387 -0.05305387079715729 
-0.09343941509723663 -0.01096296031028032 -0.05621222779154778 
-0.09792494773864746 0.007625345140695572 -0.05880194902420044 
0.04927238076925278 -0.01174969971179962 -0.05788503587245941 
-0.04375455528497696 -0.000435677997302264 -0.06808334589004517 
-0.02037376910448074 0.01500000059604645 -0.05491252988576889 
0.1637830436229706 0.01309726759791374 -0.06978590041399002 
-0.006957428529858589 -0.008418167941272259 -0.0004866059753112495 
-0.03756361454725266 0.004441073164343834 -0.0662580281496048 
0.006972169503569603 -0.01333191245794296 -0.04531409963965416 
0.06314389407634735 0.01500000059604645 -0.05105848610401154 
-0.03263300284743309 0.01439113076776266 -0.06325181573629379 
0.07683312892913818 -0.01470982190221548 -0.06416496634483337 
0.1543347537517548 0.01267885789275169 -0.04508768394589424 
0.03164110705256462 -0.01099999900907278 -0.02219073660671711 
0.09329070150852203 -0.0149999987334013 -0.05821830406785011 
-0.006951252464205027 -0.01099999994039536 -0.00505720404908061 
-0.04471947625279427 -0.01099999994039536 -0.0365857221186161 
0.00478179519996047 -0.00570969469845295 0.009892615489661694 
0.1447820216417313 -0.01499999966472387 -0.06481047719717026 
-0.01211794745177031 0.001920049311593175 4.118820652365685e-05 
-0.02571015991270542 0.004757046233862638 -0.06210196390748024 
0.09396588802337646 0.01099999994039536 -0.03774253278970718 
0.09821175038814545 0.01470685563981533 -0.04673327505588531 
0.1565032154321671 0.001210334477946162 -0.07000000774860382 
-0.03115257807075977 0.01125265099108219 -0.04466025903820992 
0.00625365786254406 0.01099999994039536 -0.0423482209444046 
-0.0199922937899828 0.01099999994039536 -0.03748495131731033 
0.02214707061648369 0.0008309544064104557 -0.03527123481035233 
0.1815441399812698 -0.004751649685204029 -0.04934448376297951 
0.05910716950893402 0.01499999966472387 -0.05160615593194962 
0.07810189574956894 -0.01099999994039536 -0.03758267313241959 
0.06322085857391357 -0.01357390452176332 -0.0454513281583786 
0.074776791036129 -0.01313629373908043 -0.04522978514432907 
0.02346831932663918 0.01099999994039536 -0.03777830302715302 
0.1545980870723724 0.006960025988519192 -0.04481057077646255 
0.05498973280191422 0.005519500467926264 -0.05916367471218109 
-0.08848518133163452 -0.006646767258644104 -0.05335190892219543 
0.09547901153564453 0.01499999966472387 -0.05386566370725632 
-0.006941305473446846 -0.003555224277079105 0.0006708897417411208 
-0.002610119991004467 0.01496634632349014 -0.05408095568418503 
0.08165574073791504 0.01499999966472387 -0.05659709498286247 
0.1438830941915512 -0.01498232875019312 -0.04778306186199188 
-0.002284764312207699 0.01100000087171793 -0.02413997426629066 
-0.05910403281450272 -0.01499999966472387 -0.06671193987131119 
0.03475970402359962 -0.01099999994039536 -0.01413976866751909 
-0.007072603330016136 -0.01499559730291367 -0.04790220409631729 
-0.009371990337967873 -0.01099999994039536 -0.02931877598166466 
0.1764528602361679 -0.0117808161303401 -0.04640503600239754 
-0.06012932956218719 0.01499999966472387 -0.05527107417583466 
-0.005209582392126322 -0.002503579948097467 0.004652267321944237 
0.1660358756780624 -0.01499999966472387 -0.06341540813446045 
-0.02617405354976654 -0.01375002134591341 -0.04556442052125931 
0.1913537681102753 0.01081274356693029 -0.07000000774860382 
0.01752589084208012 -0.006958642974495888 -0.03869860246777534 
-0.01882117800414562 -0.01500000059604645 -0.05521178245544434 
-0.005126430653035641 -0.01099999994039536 -0.03387108817696571 
0.1217299178242683 0.007444254588335752 -0.07000000029802322 
-0.04756677895784378 -0.002992489608004689 -0.06883968412876129 
-0.008118188008666039 0.01472015026956797 -0.04675110802054405 
-0.03519235923886299 -0.0149999987334013 -0.05958350002765656 
0.007612461689859629 0.006488784682005644 -0.009703254327178001 
0.08817534148693085 -0.011014673858881 -0.04417045041918755 
-0.05815013125538826 -0.01099999994039536 -0.04279071837663651 
0.1653624176979065 0.01071615144610405 -0.07000000774860382 
0.09404738247394562 -0.006735772360116243 -0.06973159313201904 
-0.02284237742424011 0.01357555575668812 -0.06080183014273643 
-0.01896869204938412 0.01099999900907278 -0.03497596830129623 
-0.005363835021853447 -0.01099999900907278 -0.04052871093153954 
0.1652467846870422 -0.007382136303931475 -0.04500002413988113 
0.1590928733348846 0.01363770104944706 -0.04549810290336609 
0.06358947604894638 0.01099999994039536 -0.03157080337405205 
0.1027112901210785 0.01099999994039536 -0.0399835966527462 
-0.03041550703346729 0.002920286264270544 -0.06374002248048782 
0.1079474538564682 0.01499999966472387 -0.05243873596191406 
0.001396914944052696 -0.0013417525915429 -0.03168630227446556 
0.1015720963478088 0.01499999966472387 -0.0615970715880394 
-0.02035672962665558 0.01099999994039536 -0.0364144966006279 
0.05293339490890503 -0.001803618855774403 -0.02396278269588947 
0.0428028330206871 0.0001021753996610641 -0.01424987148493528 
-0.00206243759021163 -0.004264725837856531 -0.006666735280305147 
0.01096240896731615 -0.002880356274545193 -0.0394950732588768 
0.1689138114452362 0.009594130329787731 -0.07000000774860382 
0.1276290714740753 0.01499999966472387 -0.05968959629535675 
-0.005591453518718481 0.01094600837677717 0.008644319139420986 
0.002626658882945776 -0.006162414327263832 -0.02039533853530884 
-0.01432730164378881 -0.001959673129022121 -0.004696783609688282 
-0.02580062486231327 0.01099999994039536 -0.03555772453546524 
-0.03740620985627174 0.01499999966472387 -0.05582430213689804 
-0.07179228961467743 0.005168915260583162 -0.0437142513692379 
0.1194156259298325 0.0149999987334013 -0.05620484426617622 
0.1930943727493286 0.01271081808954477 -0.06990355253219604 
0.06627186387777328 0.0109704015776515 -0.06227633357048035 
-0.0655805915594101 0.005118105560541153 -0.07000000774860382 
0.005798149853944778 0.002312145428732038 -0.003877067007124424 
0.1465755701065063 0.0149999987334013 -0.05934391543269157 
0.1216824650764465 -0.01180168986320496 -0.07000000774860382 
-0.005485155619680882 0.01100000087171793 -0.04115105047821999 
-0.001203807536512613 0.01499999966472387 -0.05170623958110809 
0.02477562054991722 0.01091641932725906 -0.03194545954465866 
-0.02744368463754654 -0.008702263236045837 -0.01810957677662373 
-0.07479096204042435 0.008941575884819031 -0.04544556513428688 
-0.05675341933965683 -0.01500000059604645 -0.06089717149734497 
-0.03756289929151535 -0.002114507602527738 -0.0662577748298645 
0.008660622872412205 -0.009568123146891594 -0.03890363872051239 
-0.04315435886383057 -0.01099999994039536 -0.04074074327945709 
-0.01632797345519066 -0.003569362452253699 -0.05947883054614067 
0.1811417043209076 -0.003763191867619753 -0.04911214113235474 
-0.04606904834508896 -0.00123264454305172 -0.02886294573545456 
0.004034969955682755 0.001426765928044915 -0.01737520843744278 
0.05162917822599411 0.01500000059604645 -0.05469360947608948 
0.108348548412323 -0.001807761378586292 -0.07000000774860382 
-0.09231221675872803 0.01499103475362062 -0.06711391359567642 
0.1172323226928711 -0.006088862195611 -0.040788933634758 
-0.02705517970025539 0.01499999966472387 -0.05428054928779602 
0.1842728406190872 -0.01481135189533234 -0.06804265081882477 
-0.03206340968608856 -0.01099999994039536 -0.02984811551868916 
0.006514674052596092 0.008991086855530739 -0.002529628807678819 
-0.04089000076055527 0.0149999987334013 -0.04930583387613297 
0.09817659109830856 0.006706470157951117 -0.03641960769891739 
-0.02681121416389942 0.01099999994039536 -0.01951915584504604 
0.05752824246883392 -0.009460547938942909 -0.05976149439811707 
-0.05998161435127258 -0.01500000059604645 -0.05773722752928734 
-0.006689100526273251 0.00518067879602313 -0.001978947082534432 
0.08728805184364319 0.01499999966472387 -0.04988712072372437 
0.1485522091388702 0.01500000059604645 -0.0637139305472374 
0.03534657135605812 0.01081234682351351 -0.0558096170425415 
-0.08489629626274109 0.009827589616179466 -0.05127986520528793 
0.1474752873182297 -0.005275122821331024 -0.07000000774860382 
-0.09017539024353027 -0.006363560911267996 -0.05432774499058723 
-0.003113705664873123 -0.01099999994039536 -0.04367450252175331 
-0.005025314167141914 0.00267435610294342 -0.004836495965719223 
-0.01257879100739956 0.002971729030832648 -0.0009470927761867642 
0.03561116009950638 -0.01079844310879707 -0.05583738535642624 
-0.01123059261590242 0.01261136867105961 -0.05823032185435295 
-0.05901797115802765 0.01104050036519766 -0.06996358931064606 
-0.02788272127509117 0.01499999966472387 -0.05403853207826614 
-0.08861477673053741 -0.0008663348853588104 -0.07000000774860382 
0.07439545542001724 0.01099999994039536 -0.03657485544681549 
-0.004056407604366541 0.006034250371158123 -0.005672555882483721 
0.1361825168132782 0.01500000059604645 -0.06510315835475922 
-0.04392808675765991 0.01500000059604645 -0.05927276611328125 
0.183442234992981 -0.01269862055778503 -0.0699068158864975 
0.02542205154895782 -0.01099999994039536 -0.0437551885843277 
-0.05506392568349838 0.01500000059604645 -0.06052394956350327 
0.1331387907266617 -0.002649657428264618 -0.07000000774860382 
0.1532880663871765 0.008450929075479507 -0.04478207230567932 
-0.002908970229327679 -0.01498978026211262 -0.0538608580827713 
0.05970802903175354 0.01500000059604645 -0.05081015825271606 
0.08791591972112656 -0.01099999994039536 -0.03915128111839294 
-0.08107710629701614 -0.005691901780664921 -0.04907485470175743 
-0.02710759453475475 0.01099999994039536 -0.0207989327609539 
0.06213444843888283 -0.01372310239821672 -0.04554722458124161 
-0.01542637497186661 0.01499999966472387 -0.05416422337293625 
-0.006293294951319695 -0.01499999966472387 -0.05376090109348297 
-0.01902697049081326 -0.002818547887727618 -0.0601470023393631 
0.1988236159086227 0.007631457410752773 -0.0682787150144577 
0.09288462996482849 0.01099999994039536 -0.03643996268510818 
-0.1000000014901161 0.01130465883761644 -0.06334017217159271 
-0.05963964015245438 0.007222558371722698 -0.06998664885759354 
0.1586367785930634 0.0009815256344154477 -0.07000000774860382 
-0.02501055225729942 0.01313889026641846 -0.04523251205682755 
0.02637892961502075 0.01099999994039536 -0.02429914847016335 
-0.01483000814914703 -0.01054991781711578 -0.006174561101943254 
0.05661363899707794 0.01340609975159168 -0.04535630345344543 
-0.02642599865794182 -0.01078456733375788 -0.06232418119907379 
0.07613325864076614 -0.01099999994039536 -0.03389208763837814 
0.08678863942623138 0.004617583937942982 -0.06869379431009293 
0.08378485590219498 -0.002663105959072709 -0.06809059530496597 
0.05773325264453888 -0.01099999994039536 -0.04358579963445663 
-0.02992261201143265 0.0149999987334013 -0.05713427811861038 
0.02397801354527473 0.009920915588736534 -0.02255660854279995 
0.003474811557680368 0.007743579335510731 0.00607394240796566 
0.03945914655923843 -0.01100000087171793 -0.01705173216760159 
0.1398068517446518 0.01499999966472387 -0.05551262944936752 
0.05817732214927673 -0.01471635513007641 -0.05811513960361481 
-0.01199921499937773 -0.01099999994039536 -0.01610071025788784 
0.009562559425830841 -0.006928522139787674 -0.005521258339285851 
-0.05573789775371552 -0.0149999987334013 -0.06009087339043617 
0.1396536976099014 0.01499999966472387 -0.05084619671106339 
-0.004778426140546799 0.01099999994039536 -0.04220683127641678 
0.1135823577642441 0.01099999994039536 -0.04298768565058708 
-0.04453308880329132 0.01500000059604645 -0.05782792717218399 
0.108118087053299 -0.01473184954375029 -0.04677119851112366 
-6.894447142258286e-05 0.008248662576079369 0.01095812302082777 
0.1100264042615891 -0.01500000059604645 -0.0534389354288578 
0.1094807758927345 -0.01104355975985527 -0.04427946358919144 
-0.09088713675737381 -0.01067064609378576 -0.05473867431282997 
0.02160087041556835 0.01099999994039536 -0.03761845827102661 
-0.02406461909413338 -0.01099999994039536 -0.03899608179926872 
0.1313014030456543 -0.01499999966472387 -0.05740804225206375 
0.05380213260650635 0.01099999994039536 -0.04221557080745697 
0.1589634418487549 -0.0149999987334013 -0.06646604090929031 
0.199456661939621 0.009479058906435966 -0.06761449575424194 
0.03215781226754189 0.01290487125515938 -0.05536127090454102 
-0.07575185596942902 0.001186642679385841 -0.07000000774860382 
0.1043193638324738 -0.01107052713632584 -0.04436381533741951 
0.0327526330947876 0.01099999900907278 -0.01528506819158792 
0.02163359522819519 -0.006399458274245262 -0.03588297218084335 
-0.01351000368595123 0.01226437464356422 -0.05879516527056694 
-0.07283445447683334 0.01499999966472387 -0.06647785007953644 
0.0026085264980793 -0.002756644273176789 -0.02043422311544418 
0.04981585219502449 0.01099999994039536 -0.03089072555303574 
0.1018880158662796 -0.01120858173817396 -0.04460659250617027 
0.09573148936033249 -0.004179440438747406 -0.0357586070895195 
0.04689616337418556 -0.01099999994039536 -0.04159674793481827 
0.09194941073656082 0.01499999966472387 -0.04991396889090538 
0.02411410957574844 0.001694665290415287 -0.03199376538395882 
-0.01133004855364561 -0.003225530264899135 0.001730842748656869 
0.1090069115161896 0.0149208577349782 -0.06764620542526245 
0.02613358572125435 -0.008081394247710705 -0.01175227295607328 
0.005298496223986149 0.01030386984348297 0.004563355818390846 
0.07636277377605438 -0.01099999994039536 -0.0330810435116291 
-0.04546273127198219 0.01497626304626465 -0.06567084789276123 
0.01048977673053741 -0.006129194051027298 -0.003219056408852339 
-0.02411724627017975 0.009119791910052299 -0.06160746514797211 
-0.07229302078485489 -0.01276116073131561 -0.06989005953073502 
0.006194038316607475 -0.005353142507374287 -0.003217223100364208 
0.1975942552089691 0.005339944735169411 -0.0689137727022171 
0.01074331812560558 -0.00851297564804554 0.002177042420953512 
0.1138750687241554 0.01377762667834759 -0.06940370798110962 
0.1102440133690834 -0.01500000059604645 -0.05888167396187782 
0.113942377269268 -0.01499999966472387 -0.0635317787528038 
-0.08816894888877869 0.0149999987334013 -0.06107112020254135 
-0.07107619196176529 0.002497609006240964 -0.04330082610249519 
0.08760502934455872 -0.01099999994039536 -0.03716957569122314 
0.05154061317443848 -0.01099999994039536 -0.03030452132225037 
0.06464625149965286 -0.01099999994039536 -0.03472640737891197 
0.1237881109118462 -0.01500000059604645 -0.06060218065977097 
0.1564074903726578 -0.007210062351077795 -0.07000000774860382 
-0.04110367596149445 -0.009793846867978573 -0.06737915426492691 
-0.0482279360294342 -0.01500000059604645 -0.05487843230366707 
0.006431192625313997 -0.0126805268228054 -0.05554072931408882 
0.07450853288173676 -0.01099999994039536 -0.03682516142725945 
-0.06715379655361176 0.01499754656106234 -0.0670311450958252 
0.0602499321103096 -0.01099999994039536 -0.035672627389431 
0.006897842045873404 0.01100000087171793 0.001481409417465329 
0.08548445999622345 0.01064244844019413 -0.0328889936208725 
0.1759162545204163 0.01499999966472387 -0.04961591958999634 
0.1106215566396713 0.00222044438123703 -0.03939957171678543 
-0.006504358723759651 -0.005616308655589819 0.002551724668592215 
0.1514708995819092 0.003077371045947075 -0.04473753273487091 
0.1291954964399338 0.01469720434397459 -0.04671257361769676 
-0.04536750167608261 0.01499999966472387 -0.05812390521168709 
-0.04766913130879402 8.661171887069941e-05 -0.06885887682437897 
0.1019571796059608 0.01499999966472387 -0.0510886013507843 
0.07377795875072479 0.01093058660626411 -0.02918988838791847 
0.1474053561687469 -0.01084771193563938 -0.07000000774860382 
-0.02767439931631088 0.01368857361376286 -0.06219704821705818 
0.06993895769119263 -0.009549611248075962 -0.0635702833533287 
0.08202284574508667 -0.01497998461127281 -0.0647372305393219 
0.08514713495969772 0.01499999966472387 -0.05956944078207016 
0.1195690408349037 0.01500000059604645 -0.06241317465901375 
0.1565099209547043 0.01499999966472387 -0.06324329972267151 
0.1089628860354424 -0.006058425642549992 -0.0390404686331749 
0.03142664954066277 0.01099999994039536 -0.0325484499335289 
-0.005211609415709972 0.001212188042700291 -0.05718341469764709 
0.1105616092681885 -0.01099999994039536 -0.04078298434615135 
0.04528217762708664 -0.01099999994039536 -0.0242182519286871 
0.02347254939377308 -0.004628719761967659 -0.05506128817796707 
0.05143186822533607 -0.0147038334980607 -0.04670486599206924 
0.008499332703649998 0.001993370242416859 -0.007801353931427002 
-0.04099283367395401 0.0005279658362269402 -0.0259321890771389 
0.1125282198190689 0.01495521888136864 -0.06751184910535812 
0.04371725395321846 0.01450591254979372 -0.04636507481336594 
0.02887647971510887 0.01092070247977972 -0.01077054068446159 
0.1321976482868195 -0.008950008079409599 -0.07000000029802322 
0.1013351380825043 -0.0149999987334013 -0.05235761404037476 
0.1823039501905441 -0.001247381325811148 -0.07000000774860382 
0.04205189272761345 0.0002902231644839048 -0.01382480747997761 
0.1295036971569061 0.01147082541137934 -0.07000000774860382 
0.06576842069625854 -0.01197474170476198 -0.06212004646658897 
0.1663209646940231 -0.01341728679835796 -0.04535701125860214 
0.04498735442757607 -0.01099999994039536 -0.02216938510537148 
-0.03714081272482872 -0.0149999987334013 -0.05132566392421722 
0.1697398126125336 -0.008246048353612423 -0.04500002786517143 
0.1579258888959885 0.002977553755044937 -0.04488283395767212 
-0.03007602505385876 0.01099999994039536 -0.03033585660159588 
-0.09948150813579559 0.01084151491522789 -0.06006556749343872 
0.1634162068367004 -0.007461579982191324 -0.04500002786517143 
-0.04783576354384422 -0.0149999987334013 -0.05971924588084221 
0.1560305505990982 0.01499999966472387 -0.06070492416620255 
0.06284710764884949 -0.003245191648602486 -0.0240335613489151 
0.008783780038356781 -0.009317341260612011 0.006579718552529812 
0.179501935839653 -0.006144271697849035 -0.07000000774860382 
-0.08186259120702744 0.0102598425000906 -0.04952836409211159 
0.04516489803791046 -0.01099999994039536 -0.02534022182226181 
0.02414306625723839 0.008286096155643463 -0.02301039546728134 
-0.0008525512530468404 -0.01099999994039536 0.007560419384390116 
0.169643759727478 -0.01499999966472387 -0.06353117525577545 
0.1324242949485779 0.0135912224650383 -0.04546502977609634 
0.05834335088729858 -0.01033602189272642 -0.02234053984284401 
0.01074069086462259 0.006033766083419323 0.00219194102101028 
0.0506536029279232 0.01099999994039536 -0.03082341141998768 
0.02395819127559662 -0.002308636903762817 -0.05506129562854767 
0.06701243668794632 0.01099999994039536 -0.03437155112624168 
0.06783550977706909 -0.004144498147070408 -0.06282105296850204 
0.1402831673622131 0.01499999966472387 -0.05172847956418991 
-0.006678918842226267 0.01038874685764313 0.008593966253101826 
-0.01665817201137543 0.01099999994039536 -0.03412143141031265 
0.05452859401702881 -0.006649097427725792 -0.05905507504940033 
-0.02325160801410675 -0.004954665899276733 -0.06133874505758286 
0.04736020788550377 -0.01499999966472387 -0.05376565828919411 
-0.07783593982458115 -0.01204985380172729 -0.06999564170837402 
-0.01460141129791737 -0.003417558735236526 -0.005284613464027643 
0.08330152183771133 -0.01500000059604645 -0.06194409355521202 
0.04094190150499344 0.002617452992126346 -0.01319651398807764 
0.001720300526358187 0.001546150073409081 -0.05611743032932281 
-0.07590559870004654 0.01500000059604645 -0.06348622590303421 
-0.07281958311796188 0.01500000059604645 -0.06541383266448975 
0.1377270966768265 -0.00023081642575562 -0.04370739310979843 
0.002924239728599787 0.009039433673024178 0.01059706322848797 
0.02873433008790016 0.01099999994039536 -0.03561481088399887 
0.1773190200328827 0.002637584693729877 -0.04690510779619217 
0.09882768988609314 -0.01499999966472387 -0.04954162612557411 
0.0006406490574590862 -0.008985541760921478 -0.02842972800135612 
-0.01062481384724379 -0.01099999994039536 -0.03031795471906662 
0.1867932081222534 -0.001205369830131531 -0.05237503349781036 
-0.0189148485660553 0.003830177709460258 -0.01283182203769684 
-0.0163475014269352 0.009911541827023029 -0.05948342755436897 
0.03993841633200645 0.004703162238001823 -0.05633046850562096 
0.06526248157024384 -0.01099999994039536 -0.03622020035982132 
0.07420849800109863 -0.01099999994039536 -0.04326419532299042 
0.0117284944280982 -0.001812577014788985 -0.05525867640972137 
0.09681317210197449 -0.01099999994039536 -0.03784637898206711 
0.0432421900331974 -0.01099999994039536 -0.03451625257730484 
0.1496375948190689 0.0139290252700448 -0.06929750740528107 
0.07577802240848541 -0.01311736740171909 -0.0654028058052063 
0.01247820444405079 0.00532939750701189 -0.05521111190319061 
0.07072946429252625 -0.01458669174462557 -0.06227744743227959 
0.08352514356374741 0.01500000059604645 -0.05012021213769913 
0.02496790140867233 0.01487965695559978 -0.04718489199876785 
-0.01059465110301971 0.01099999994039536 -0.04270907118916512 
-0.09271560609340668 -0.005419472232460976 -0.05579433962702751 
-0.01530742272734642 0.01500000059604645 -0.05591415241360664 
0.04553140699863434 -0.01099999900907278 -0.03535564243793488 
0.1762300431728363 0.01447022333741188 -0.04779764264822006 
-0.09196808189153671 -0.005623874254524708 -0.0553627647459507 
0.2000000029802322 -0.006237550638616085 -0.06482072174549103 
0.05609200522303581 0.01099999994039536 -0.03165144100785255 
0.1742575317621231 -0.01500000059604645 -0.0647786408662796 
-0.05003803223371506 0.01499999966472387 -0.05897494405508041 
-0.03629186004400253 -0.01499999966472387 -0.05781282484531403 
0.03247416019439697 0.01100000087171793 -0.03946839645504951 
0.1799124181270599 0.01282748579978943 -0.06987229734659195 
0.06959521770477295 -0.004903037566691637 -0.02690299041569233 
-0.05133573338389397 0.01099999994039536 -0.03449119627475739 
-0.04185408353805542 0.01500000059604645 -0.05572016164660454 
0.06519690901041031 -0.004263956099748611 -0.06194262579083443 
0.1821489185094833 -0.00618835398927331 -0.07000000774860382 
-0.05409270524978638 -0.01099999994039536 -0.03929011523723602 
0.1004130989313126 -0.01004019379615784 -0.07000000774860382 
0.0349745862185955 0.01499999966472387 -0.05177762359380722 
0.145846888422966 -0.0148587254807353 -0.04709301143884659 
0.04400409013032913 0.01100000087171793 -0.03586674109101295 
0.09178160130977631 0.00519960792735219 -0.03465375676751137 
0.06063766032457352 -0.01099999994039536 -0.04153812676668167 
-0.008554098196327686 -0.00975414551794529 -0.05776093155145645 
-0.07912088930606842 -0.01084763742983341 -0.07000000774860382 
0.1606015563011169 0.003688140073791146 -0.04494518041610718 
0.03400008380413055 -0.01471425220370293 -0.04672824963927269 
0.0170281920582056 -0.006540069822221994 -0.05506128817796707 
0.192397877573967 -0.004649929236620665 -0.07000000774860382 
0.02247971668839455 0.01461614016443491 -0.0535232201218605 
0.01157309859991074 0.002176719019189477 -0.0552685335278511 
0.1843543648719788 -0.0149999987334013 -0.05771633237600327 
0.04634011536836624 0.01099999994039536 -0.03838702663779259 
0.02233238518238068 0.008597156032919884 -0.03505045920610428 
0.09176923334598541 0.01393216196447611 -0.04570561274886131 
-0.06460568308830261 0.005601420067250729 -0.03956508636474609 
0.06166356801986694 -0.01444815006107092 -0.04626911878585815 
-0.07647153735160828 -0.004047553986310959 -0.07000000774860382 
-0.04270894825458527 -0.01292707119137049 -0.06762495636940002 
-0.09399794042110443 -0.01499999966472387 -0.06108146533370018 
0.05043480917811394 -0.002316906116902828 -0.05810320377349854 
-0.02225221879780293 -0.01099999994039536 -0.03209518641233444 
-0.0140368128195405 -0.0109881442040205 -0.006108872126787901 
-0.04564806446433067 0.006746579427272081 -0.02861989289522171 
0.1746661961078644 -0.01499999966472387 -0.06476250290870667 
0.1889177262783051 0.01499999966472387 -0.06024672463536263 
-0.01178092416375875 0.01099999994039536 -0.03997398540377617 
0.1353644132614136 -0.005657885689288378 -0.07000000774860382 
0.02240877784788609 0.01099999994039536 -0.04231441020965576 
0.1665415465831757 -0.007865206338465214 -0.04500002413988113 
0.04220378771424294 0.01099999994039536 -0.03993773832917213 
-0.08400072157382965 0.01237669680267572 -0.05079984664916992 
-0.01543991640210152 -0.001965626608580351 -0.007082791067659855 
0.002074363874271512 0.003102154936641455 -0.02157973870635033 
-0.07452543079853058 0.004840865731239319 -0.04529225826263428 
0.1399124562740326 0.01500000059604645 -0.06464395672082901 
0.1445466130971909 0.004855888430029154 -0.04429134726524353 
-0.03921152278780937 -0.01099999994039536 -0.03907021880149841 
0.1482371985912323 0.003403510199859738 -0.07000000774860382 
-0.06873785704374313 -0.008200249634683132 -0.07000000774860382 
0.01566427014768124 0.01500000059604645 -0.04956642910838127 
0.0629316121339798 0.0006154587026685476 -0.02406947687268257 
-0.01821012794971466 -0.01099999994039536 -0.01612962409853935 
0.02866613119840622 0.01262971758842468 -0.04507406800985336 
0.01492279395461082 0.01099999994039536 -0.04057436063885689 
0.04043861106038094 -0.01099999994039536 -0.04229792952537537 
0.02631872519850731 0.01308465283364058 -0.04520771279931068 
0.02647040039300919 0.01099999994039536 -0.01888714544475079 
-0.09224328398704529 0.005471397191286087 -0.07000000774860382 
-0.05883480980992317 0.007257503923028708 -0.06995679438114166 
0.009814134798943996 0.002696591895073652 -0.05538013577461243 
0.03077636659145355 -0.01450438611209393 -0.05406318977475166 
0.0004423742648214102 -0.01026584673672915 -0.0562794953584671 
-0.02274739369750023 -0.01298343297094107 -0.0451660081744194 
0.192363977432251 -0.0149999987334013 -0.0659770667552948 
0.056863933801651 0.01080605946481228 -0.0225776769220829 
0.01197833195328712 -0.0006324310088530183 -0.03963325172662735 
0.1403889656066895 -0.01499999966472387 -0.05411219224333763 
0.1559152901172638 -0.01500000059604645 -0.06108982115983963 
0.1263456493616104 0.01499999966472387 -0.06616615504026413 
-0.04713084176182747 -0.01099999994039536 -0.03134338930249214 
0.1456018388271332 -0.01493952609598637 -0.06757653504610062 
0.01463354751467705 0.01336121000349522 -0.05478455871343613 
-0.04649263620376587 -0.009493332356214523 -0.02910750731825829 
-0.002802338451147079 0.01475549302995205 -0.04683757945895195 
0.001701247994787991 0.006836756598204374 0.006763520650565624 
-0.02663464657962322 0.01099999994039536 -0.02533286809921265 
0.1709293872117996 -0.01499999966472387 -0.0609094500541687 
0.1588544696569443 0.004763195291161537 -0.04490495100617409 
0.01370617002248764 -0.003379496280103922 -0.03963344544172287 
-0.06509937345981598 0.01099999994039536 -0.04269970953464508 
-0.01517373044043779 0.01500000059604645 -0.05570908635854721 
0.01312631275504827 -0.0007090588333085179 -0.05516998469829559 
0.1261510699987411 -0.01499999966472387 -0.06023302301764488 
-0.08271725475788116 -0.01499999966472387 -0.05632436275482178 
-0.02634331025183201 -0.01493619382381439 -0.04740232974290848 
0.05399288609623909 0.005298233591020107 -0.02309399098157883 
0.09350869804620743 -0.009740936569869518 -0.0696781724691391 
0.1352906674146652 -0.01499999966472387 -0.055551927536726 
-0.008265973068773746 -0.01500000059604645 -0.05315686762332916 
0.03858333826065063 0.01099999994039536 -0.03665914386510849 
-0.09280191361904144 -0.007758221123367548 -0.05584417283535004 
0.1816359013319016 -0.01286785583943129 -0.04955742508172989 
0.03646666184067726 -0.0005592370871454477 -0.01067439280450344 
0.05766764655709267 -0.0129702128469944 -0.04516168683767319 
0.01503168232738972 -0.0115283690392971 -0.05508458986878395 
-0.06910170614719391 -0.004546168725937605 -0.07000000774860382 
-0.04423294961452484 -0.007468695752322674 -0.06819776445627213 
-0.009958316572010517 -0.006670061498880386 0.004667963366955519 
0.1071703210473061 0.005170643329620361 -0.07000000774860382 
-0.02565939351916313 0.01499999966472387 -0.05625194683670998 
-0.0005566808977164328 -0.006141706369817257 -0.006951283197849989 
0.02484261803328991 -0.005681546870619059 -0.05508020520210266 
0.1001056432723999 -0.01500000059604645 -0.06100722774863243 
0.1351162642240524 -0.01499999966472387 -0.06277061998844147 
0.1652042865753174 0.005727861076593399 -0.04500002786517143 
0.1583538353443146 -0.01499999966472387 -0.04953836649656296 
0.007772143930196762 0.01499999966472387 -0.04901668429374695 
-0.09797106683254242 -0.01155627705156803 -0.05882857739925385 
-0.05387038737535477 -0.001238720491528511 -0.03336705639958382 
0.05372358858585358 0.01252806186676025 -0.04504742845892906 
0.09954114258289337 -0.01292968168854713 -0.04514773562550545 
0.1413635760545731 0.01477662101387978 -0.04688289761543274 
0.1723871529102325 -0.004647129215300083 -0.04504477977752686 
0.02470807731151581 0.01019452512264252 -0.02471842616796494 
0.1240763813257217 0.01500000059604645 -0.05717810243368149 
0.03731871396303177 -0.01099999994039536 -0.04126148298382759 
-0.004401129670441151 -0.01100000087171793 -0.03681573644280434 
0.02444079332053661 -0.00900731235742569 -0.03109671734273434 
0.02345838770270348 -0.006195254158228636 -0.01589232683181763 
-0.00900636613368988 0.01069690100848675 -0.05783907324075699 
0.08574852347373962 -0.01499999966472387 -0.056521937251091 
0.07781258970499039 -0.007747378665953875 -0.03002937324345112 
0.02425777912139893 -0.008878984488546848 -0.02332578599452972 
-0.01250339858233929 0.007398413494229317 -0.05857814475893974 
-0.09808925539255142 -0.002295762300491333 -0.06932176649570465 
0.01864723488688469 0.01099999994039536 -0.04277122765779495 
-0.05323945730924606 0.01169173698872328 -0.04495126381516457 
-0.005888137966394424 0.01099999994039536 -0.01051411405205727 
0.138210654258728 0.01499999966472387 -0.05615589022636414 
0.0359175018966198 -0.01099999994039536 -0.01448904443532228 
0.01976837404072285 0.006744437385350466 -0.03749977424740791 
0.1552827805280685 0.01014576572924852 -0.07000000774860382 
0.04077067598700523 0.01099999900907278 -0.02723986655473709 
0.006471198983490467 -0.008674200624227524 -0.01215070020407438 
0.0466977059841156 -0.01423260197043419 -0.04599966108798981 
0.1141322329640388 -0.008385809138417244 -0.07000000774860382 
-0.09948530793190002 0.01366105303168297 -0.06612089276313782 
-0.02806230075657368 -0.009632375091314316 -0.06290183216333389 
-0.009808145463466644 0.01099999994039536 -0.00287546799518168 
0.09333986043930054 -0.001856562099419534 -0.06966142356395721 
0.003155621699988842 -0.01099999994039536 -0.03710612282156944 
0.07022435963153839 0.01099999994039536 -0.03908389061689377 
0.01123252511024475 -7.282430306077003e-05 -0.03954273462295532 
0.07713743299245834 0.01099999994039536 -0.04340841621160507 
-0.08654747903347015 -0.007829172536730766 -0.07000000774860382 
0.08597125858068466 -0.011191351339221 -0.04458202421665192 
-0.09145113080739975 -0.002021285705268383 -0.07000000774860382 
0.01223720982670784 -0.004057303071022034 -0.0552264004945755 
0.06992000341415405 -0.01101341657340527 -0.06356353312730789 
0.01083122100681067 0.004587647970765829 -0.001678507192991674 
0.1754237711429596 0.004694954492151737 -0.04584894329309464 
0.1706539392471313 0.01440012268722057 -0.06878271698951721 
-0.02036911249160767 0.001616751309484243 -0.06052203476428986 
0.03780140727758408 -0.003581044729799032 -0.01141887344419956 
0.06101946532726288 0.01145250257104635 -0.04483491182327271 
0.1324875056743622 0.008815106935799122 -0.04313980787992477 
0.0348096638917923 -0.01099999994039536 -0.03080858662724495 
0.05383950099349022 0.01454125717282295 -0.04641580954194069 
0.03991630673408508 0.01099999994039536 -0.03430959582328796 
0.001338758855126798 0.002634858479723334 0.006860661320388317 
-0.06646651774644852 0.005848770029842854 -0.04063944518566132 
-0.09008115530014038 0.01314782723784447 -0.05454434454441071 
-0.01631470397114754 0.002884265035390854 -0.008958781138062477 
-0.02949978224933147 -0.01099999994039536 -0.04089983180165291 
-0.02808188647031784 -0.01500000059604645 -0.05939297750592232 
0.05031568557024002 0.01099999994039536 -0.03674980252981186 
0.05915654078125954 0.01099999994039536 -0.04256899282336235 
0.04138705134391785 0.01099999994039536 -0.03054416552186012 
0.1552364826202393 -0.01241924241185188 -0.06996331363916397 
-0.02637124434113503 -0.01099999994039536 -0.02439184300601482 
-0.09232237935066223 -0.001440557651221752 -0.07000000774860382 
0.06472093611955643 1.441221684217453e-05 -0.06179486960172653 
0.1738304793834686 -0.01383794005960226 -0.06936147809028625 
-0.0428488627076149 0.01499999966472387 -0.05152386799454689 
0.04495828226208687 -0.00427224300801754 -0.01925422996282578 
-0.00552020687609911 0.001700944965705276 0.002305061323568225 
-0.03410449624061584 -0.01499999966472387 -0.05686061829328537 
0.1714902967214584 0.01499999966472387 -0.06692415475845337 
0.03128131479024887 0.002777336398139596 -0.009562192484736443 
0.1908278465270996 -0.006957368459552526 -0.05470443516969681 
0.1921892166137695 -0.003977507352828979 -0.07000000774860382 
-0.001668721437454224 -0.009763434529304504 0.006772236898541451 
-0.03666815906763077 -0.006205487065017223 -0.02343533374369144 
0.1779426634311676 0.005662471987307072 -0.07000000774860382 
0.1994055211544037 0.004791185725480318 -0.05995707586407661 
0.1252456903457642 -0.004020106978714466 -0.07000000774860382 
0.1610782891511917 0.01499999966472387 -0.04816204681992531 
-0.009021492674946785 0.005070642102509737 -0.05784168466925621 
-0.04327409714460373 0.01499999966472387 -0.05439984053373337 
0.03731312602758408 0.01499999966472387 -0.05177405476570129 
-0.09751364588737488 -0.01090909913182259 -0.05856448784470558 
0.06489852070808411 -0.007951466366648674 -0.02490618079900742 
0.05629589408636093 -0.01099999994039536 -0.03504441678524017 
0.05955182760953903 0.01099999994039536 -0.0282374694943428 
-0.08275438845157623 0.002778705209493637 -0.07000000774860382 
0.08790121972560883 -0.0149999987334013 -0.05044494569301605 
0.1525841504335403 0.004179163835942745 -0.07000000774860382 
0.1536887884140015 0.01214804500341415 -0.06998705118894577 
-0.08740264922380447 -0.007827539928257465 -0.07000000774860382 
-0.06728364527225494 -0.01499999966472387 -0.04984445869922638 
0.173773854970932 0.01192164327949286 -0.07000000774860382 
0.08214147388935089 0.005067107267677784 -0.06766845285892487 
0.0001504511164966971 0.01085967849940062 -0.006986820138990879 
-0.0459408201277256 0.01490854565054178 -0.04728517308831215 
-0.03225313499569893 0.01099999994039536 -0.03824321553111076 
0.03104501403868198 -0.003717116080224514 -0.009576896205544472 
0.1261875629425049 -0.01500000059604645 -0.06571982800960541 
0.1056689396500587 0.009400764480233192 -0.07000000774860382 
0.1809603422880173 0.01499999966472387 -0.06550806760787964 
0.1308204084634781 -0.01499999966472387 -0.05472393333911896 
-0.1000000014901161 -0.01092106569558382 -0.06599258631467819 
-0.02760869078338146 0.01099999994039536 -0.0324067696928978 
0.1024774163961411 -0.01153662614524364 -0.04488306120038033 
-0.03012828156352043 -0.01099999994039536 -0.03730930015444756 
-0.08574755489826202 -0.01486285403370857 -0.06786269694566727 
-0.06694506108760834 0.01486132014542818 -0.06789438426494598 
-0.0902668684720993 0.01417311932891607 -0.06906478852033615 
0.01603553257882595 0.008344836533069611 -0.03924082592129707 
-0.005633025430142879 0.005474934354424477 0.004112900234758854 
0.1239682734012604 0.01084372587502003 -0.04235752671957016 
-0.09565575420856476 -0.01291600987315178 -0.06971161067485809 
-0.05442875996232033 0.01253125630319118 -0.04504826664924622 
0.1628862619400024 -0.01352390833199024 -0.06958135217428207 
0.1281993836164474 -0.01499999966472387 -0.05807343125343323 
0.1853478848934174 -0.008507553488016129 -0.05154057592153549 
0.1602247953414917 -0.01097121369093657 -0.04500002786517143 
0.00931844674050808 -0.004349504597485065 -0.006044759415090084 
0.04144255071878433 0.01099999994039536 -0.03505095094442368 
0.0003888590144924819 -0.001741242362186313 0.00596595648676157 
-0.00135214626789093 0.01416866574436426 -0.04593812674283981 
0.1897630393505096 -0.01050272583961487 -0.05408965796232224 
0.004613888449966908 -0.0149999987334013 -0.05127141252160072 
0.1963078379631042 0.003440939355641603 -0.05786830931901932 
0.09663395583629608 0.0149999987334013 -0.06069450825452805 
0.04936771839857101 -0.008768213912844658 -0.02419070713222027 
0.07056917250156403 -0.001145177520811558 -0.02731678634881973 
0.05431769043207169 -0.01099999994039536 -0.03089239820837975 
-0.05929292738437653 0.01500000059604645 -0.06204348430037498 
-0.04688232019543648 0.009161051362752914 -0.06871135532855988 
0.07470330595970154 -0.01499999966472387 -0.05319347977638245 
-0.02595939487218857 0.01099999994039536 -0.03514137119054794 
0.1801462173461914 0.01499999966472387 -0.052010677754879 
-0.02289390936493874 -0.01099999994039536 -0.03895988315343857 
0.05595416575670242 0.01099999994039536 -0.0340186133980751 
0.07250413298606873 -0.01499999966472387 -0.04837213456630707 
-0.06209058314561844 0.01222044602036476 -0.04501865804195404 
0.1455918699502945 -0.01499999966472387 -0.04910657554864883 
0.04952386766672134 0.01099999994039536 -0.02912291325628757 
-0.04875525832176208 -0.01427615992724895 -0.06799529492855072 
0.03743909299373627 0.01099999994039536 -0.01890345849096775 
-0.09995924681425095 0.01161104999482632 -0.06700383126735687 
-0.002853367477655411 0.006367660593241453 -0.006363708525896072 
0.1499136537313461 0.01500000059604645 -0.05775674432516098 
0.1131506562232971 -0.007259622681885958 -0.07000000774860382 
-0.06258660554885864 -0.01499999966472387 -0.04803327098488808 
0.1909917294979095 -0.001183991320431232 -0.05479905009269714 
-0.00746279489248991 -0.01099999994039536 -0.01971316151320934 
0.1958076804876328 0.005625756457448006 -0.06966335326433182 
-0.05516436323523521 0.004215204622596502 -0.06982067972421646 
0.1285488605499268 0.01500000059604645 -0.0669863224029541 
0.02365720272064209 -0.00578128919005394 -0.05506129190325737 
-0.008255315013229847 -0.01099999994039536 -0.003787104040384293 
0.1186636462807655 0.004513827618211508 -0.04103017598390579 
0.1528387665748596 -8.06739553809166e-05 -0.07000000774860382 
-0.005497485399246216 -0.001752575393766165 0.009479398839175701 
0.01167327538132668 -0.01328028831630945 -0.05499134585261345 
-0.09100888669490814 0.002399376593530178 -0.05480896681547165 
0.08710955083370209 -0.01499999966472387 -0.05749576538801193 
0.1746001392602921 -0.0132082449272275 -0.06973414868116379 
-0.008581210859119892 0.01099999994039536 -0.02884858846664429 
0.04648761078715324 -0.007458213716745377 -0.05740388110280037 
0.01354817673563957 -0.01500000059604645 -0.04833570867776871 
-0.04327321797609329 0.0007458773907274008 -0.0679682195186615 
-0.04846664145588875 -0.009945068508386612 -0.06900840997695923 
-0.003801344661042094 -0.002300000051036477 0.005658404901623726 
0.1030617952346802 -0.01393998879939318 -0.0692865327000618 
0.1414416879415512 -0.001480690320022404 -0.04405002295970917 
0.1532340049743652 0.001889594597741961 -0.07000000774860382 
0.005835928022861481 -0.004485767334699631 -0.01351304352283478 
0.07313995063304901 0.01099999994039536 -0.042306799441576 
-0.06870055943727493 0.005408082157373428 -0.04192927107214928 
-0.02435796149075031 0.01099999994039536 -0.03853421658277512 
0.09068357199430466 -0.01237041875720024 -0.04503198713064194 
0.140996441245079 0.01499999966472387 -0.05426109209656715 
-0.004009262192994356 0.004489949904382229 0.005705602467060089 
0.03213595598936081 0.01099999994039536 -0.02743921987712383 
0.1286340206861496 0.01499999966472387 -0.05236812308430672 
-0.01440617442131042 0.01099999994039536 -0.04094915464520454 
-0.06265924870967865 -0.002338193589821458 -0.03844131529331207 
0.001970201963558793 -0.001773637952283025 -0.03302640840411186 
0.1421903073787689 -0.003825617721304297 -0.0441068634390831 
0.03367789089679718 -0.01099999994039536 -0.03594487532973289 
0.1823829859495163 -0.01499999966472387 -0.05981184914708138 
-0.05929852277040482 0.008986307308077812 -0.03650099784135818 
0.05646300315856934 0.01399160362780094 -0.04576403647661209 
0.1095899790525436 -0.0149999987334013 -0.05427805334329605 
-0.01673410087823868 0.01099999994039536 -0.04080893099308014 
-0.01354574132710695 0.004797383211553097 -0.05882361531257629 
-0.04697749763727188 -0.01499999966472387 -0.05145492032170296 
0.1212537586688995 0.005650177132338285 -0.07000000774860382 
0.06631495803594589 0.01099999994039536 -0.04358034580945969 
0.08580116182565689 0.004167840350419283 -0.03278636187314987 
0.07938909530639648 0.01130833756178617 -0.0447213426232338 
-0.009908925741910934 -0.005735996644943953 -0.05799505859613419 
-0.02975787222385406 0.006742930039763451 -0.06350578367710114 
0.09403033554553986 -0.01499999966472387 -0.04817435145378113 
0.07452137768268585 -0.007226299960166216 -0.065202496945858 
0.1244084089994431 0.00983084924519062 -0.07000000774860382 
0.109298899769783 0.01499999966472387 -0.0521424412727356 
0.02164306677877903 -0.0149999987334013 -0.04959916323423386 
0.007486176677048206 -0.009340733289718628 0.008023172616958618 
0.1578907668590546 0.00922001339495182 -0.04488624632358551 
0.1586031019687653 -0.0149999987334013 -0.0631176084280014 
0.1662941873073578 0.001017369795590639 -0.04500002786517143 
0.002723194658756256 0.01099999994039536 -0.04370159655809402 
0.1507859081029892 0.006632754113525152 -0.04469996318221092 
0.06017719209194183 0.01099999994039536 -0.03875249624252319 
-0.06869848817586899 0.01332923211157322 -0.06968726217746735 
-0.005105216056108475 -0.008421530015766621 -0.004756595939397812 
-0.01419142819941044 0.008294375613331795 -0.004405403509736061 
0.0009252725867554545 0.005506373476237059 -0.006919038947671652 
0.1099059209227562 -0.008975192904472351 -0.07000000774860382 
-0.002597304759547114 -0.01099999994039536 -0.01092829462140799 
0.1514395773410797 0.01499999966472387 -0.06201855838298798 
0.09324683248996735 0.01099999994039536 -0.039999820291996 
-0.01666811667382717 -0.01499999966472387 -0.05512998998165131 
0.000893749063834548 0.003383553121238947 -0.02996263653039932 
0.04158153384923935 -0.01099999994039536 -0.02131034806370735 
-0.004052464384585619 -0.005803484935313463 0.005675351712852716 
0.0265696793794632 -0.005180777981877327 -0.05515069514513016 
-0.03407755494117737 -0.01499999966472387 -0.04844743385910988 
0.01287182606756687 0.006354573182761669 -0.05518613383173943 
-0.06119645014405251 -0.01500000059604645 -0.05969898030161858 
-0.05051194876432419 -0.0149999987334013 -0.06029423326253891 
0.1080804541707039 -0.0149999987334013 -0.0564773827791214 
0.02300766669213772 -0.009506025351583958 -0.03414362668991089 
-0.01329961977899075 0.01099999900907278 -0.03100085817277431 
-0.05282974243164062 0.004219778813421726 -0.03276623785495758 
0.1177587956190109 -0.01499999966472387 -0.05347110331058502 
0.143929123878479 0.01019090414047241 -0.07000000774860382 
-0.002700402634218335 0.01099999994039536 -0.02899775095283985 
-0.04199778661131859 0.004125643521547318 -0.0676283985376358 
0.0490928590297699 0.0057420264929533 -0.05785401538014412 
-0.005455437116324902 0.001712798024527729 0.009503675624728203 
-0.05924191325902939 0.01500000059604645 -0.05529453605413437 
-0.05080297589302063 0.01499999966472387 -0.05145619064569473 
-0.006596919149160385 -0.004788534250110388 -0.002322976244613528 
0.114667147397995 -0.00457336287945509 -0.04027136787772179 
0.002024094806984067 0.01099999994039536 -0.0155675383284688 
-0.00624550599604845 -0.01217241398990154 -0.05734675750136375 
0.09863519668579102 -0.002738322131335735 -0.03653417900204659 
-0.09852682054042816 -0.008844241499900818 -0.05915274098515511 
-0.02228383161127567 -0.01099999994039536 -0.0279063805937767 
-0.01123513840138912 -0.01097423490136862 7.941864896565676e-05 
0.03624527528882027 0.01029612682759762 -0.01061921939253807 
0.0901312530040741 -0.009915754199028015 -0.03415592387318611 
0.1744080781936646 0.01499999966472387 -0.06026182323694229 
-0.05974314734339714 -0.005263174884021282 -0.0367577001452446 
-0.07831822335720062 0.009146369993686676 -0.04748202487826347 
0.001200738013722003 -0.007115205749869347 0.006894976831972599 
0.007155176252126694 -0.0149999987334013 -0.04945054650306702 
0.08294317126274109 -0.01099999900907278 -0.03446388244628906 
-0.07684190571308136 0.007797356694936752 -0.04662967473268509 
-0.02047095261514187 -0.01099999994039536 -0.01995503529906273 
0.0641855001449585 -0.0149335041642189 -0.04739318788051605 
-0.06587806344032288 0.01500000059604645 -0.0588376596570015 
0.1982958316802979 -0.01469327788800001 -0.06569740176200867 
0.01769013702869415 0.008155183866620064 -0.03863884508609772 
0.1018045097589493 0.01111697312444448 -0.04446690529584885 
0.1027467027306557 0.01499999966472387 -0.06358735263347626 
0.0392848514020443 -0.01099999994039536 -0.03626450151205063 
0.1455672681331635 0.01499999966472387 -0.05354712903499603 
-0.01316155306994915 -0.004971001297235489 -0.002196831163018942 
-0.06305066496133804 -0.01149009540677071 -0.07000000774860382 
-0.02218160405755043 0.01099999994039536 -0.04281989485025406 
-0.06932411342859268 -0.01499999966472387 -0.06496158242225647 
0.03820507228374481 -0.01099999994039536 -0.01638603210449219 
-0.05397515371441841 0.01099999900907278 -0.03859969973564148 
-0.04745471104979515 -0.002140883356332779 -0.06881867349147797 
-0.04544039443135262 0.01099999994039536 -0.03606594353914261 
0.0051966761238873 0.0005339276976883411 0.009653075598180294 
-0.08408840000629425 0.009137548506259918 -0.05081343278288841 
0.1649444997310638 0.01497722044587135 -0.04773591831326485 
0.1557870954275131 0.01500000059604645 -0.04811876267194748 
0.06112663447856903 0.01302468404173851 -0.06058457866311073 
0.07229506224393845 -0.01188206020742655 -0.0449896901845932 
0.1183240711688995 0.01499999966472387 -0.04964474961161613 
-0.01502738520503044 0.01099999994039536 -0.0240750927478075 
-0.06494930386543274 0.01097685284912586 -0.07000000774860382 
0.1080315560102463 -0.0008843063842505217 -0.03884091600775719 
0.1655996590852737 0.009069204330444336 -0.07000000774860382 
-0.06568626314401627 0.01395204104483128 -0.04572515562176704 
-0.05365171656012535 -0.01474683731794357 -0.04680147767066956 
0.1260458528995514 -0.013402727432549 -0.06964345276355743 
-0.02276372164487839 0.01099999994039536 -0.02752438560128212 
0.09067528694868088 -0.01084578409790993 -0.03478267788887024 
0.004216237924993038 -0.005100692622363567 -0.005560638383030891 
0.02163648791611195 -0.003325282130390406 -0.05506129562854767 
-0.02977309189736843 0.01099999994039536 -0.02217960171401501 
0.06329291313886642 -0.01411424297839403 -0.0458722896873951 
-0.09352582693099976 -0.006578262895345688 -0.05626212432980537 
0.01067083328962326 -0.000529453856870532 -0.002588132862001657 
0.1110778152942657 -0.01499999966472387 -0.05160275101661682 
0.1292093694210052 -0.009367819875478745 -0.04270537570118904 
-0.05802957341074944 -0.007417589426040649 -0.06992693245410919 
-0.02208867855370045 0.003950534854084253 -0.06100252270698547 
0.01087407674640417 0.0002484729047864676 -0.001435458543710411 
-0.02625772356987 -0.009562138468027115 -0.01742485910654068 
-0.07704950869083405 -0.007711023092269897 -0.04674952477216721 
0.01310553029179573 0.0149999987334013 -0.04923257976770401 
0.007374701090157032 0.01419187150895596 -0.05457004532217979 
7.641698175575584e-05 0.01092139072716236 -0.02888032793998718 
-0.04788574948906898 0.000227719487156719 -0.02991182170808315 
-0.08817149698734283 0.01082075200974941 -0.05317080020904541 
0.1050881370902061 -0.01099999994039536 -0.04129166528582573 
-0.02258287742733955 0.01099999994039536 -0.01678740233182907 
0.06786222010850906 -0.01191061548888683 -0.06283056735992432 
0.0174374021589756 0.007981115952134132 -0.05506129190325737 
-0.07212597131729126 0.01499999966472387 -0.06298428028821945 
0.0621403194963932 0.01499867253005505 -0.0479704961180687 
0.1290567070245743 0.01499999966472387 -0.06130583211779594 
-0.01689214631915092 0.01099999994039536 -0.02333110943436623 
0.0679253563284874 0.01099999994039536 -0.0389292910695076 
0.0666453018784523 0.01259594596922398 -0.06232739239931107 
0.03266669064760208 -0.006859754212200642 -0.009547559544444084 
-0.005605184938758612 0.01099999994039536 -0.004450255539268255 
0.09812551736831665 0.01100779697299004 -0.04409906268119812 
0.004794732667505741 0.001927177654579282 0.003573276801034808 
-0.02283172868192196 -0.002058072946965694 -0.06121014803647995 
-0.01054621674120426 -0.01099999900907278 -0.03145663812756538 
0.05846957117319107 -0.01099999994039536 -0.0414222851395607 
0.1131647452712059 -0.01500000059604645 -0.05733237788081169 
0.0270074401050806 0.0149999987334013 -0.05195693671703339 
0.08241812139749527 -0.01049031596630812 -0.06774555891752243 
-0.02555664256215096 0.01099999994039536 -0.02716951072216034 
-0.09729430079460144 0.00933356024324894 -0.06952972710132599 
0.1032748445868492 0.01009590923786163 -0.07000000774860382 
0.1243909895420074 0.01326120737940073 -0.04528982192277908 
-0.04933663457632065 0.01099999994039536 -0.03667936474084854 
0.06832179427146912 -0.003116380888968706 -0.06299426406621933 
-0.05888496711850166 0.0149999987334013 -0.04962218180298805 
0.1279438883066177 -0.01499999966472387 -0.05462348461151123 
0.006950926035642624 0.007161630317568779 0.008472302928566933 
-0.02431564591825008 0.01388110592961311 -0.04566486179828644 
-0.02131297066807747 -0.01099999994039536 -0.02054459229111671 
-0.04823431745171547 -0.01099999994039536 -0.03558328002691269 
-0.03790825232863426 -0.01101225055754185 -0.04415542632341385 
0.02089130505919456 0.0004464479861781001 -0.03657069057226181 
0.004335988312959671 0.01099999994039536 0.008725909516215324 
-0.006976572796702385 -0.01099999994039536 -0.01857240870594978 
0.1122682020068169 -0.01100000087171793 -0.04105554521083832 
-0.08122940361499786 -0.01500000059604645 -0.06564124673604965 
0.09572926163673401 0.01499999966472387 -0.05555740371346474 
0.07220333814620972 0.01500000059604645 -0.05246852338314056 
0.05281021445989609 -0.002615500707179308 -0.02408545091748238 
0.02544007450342178 -0.01099999994039536 -0.03480928391218185 
0.01541787758469582 0.006580378860235214 -0.03936157003045082 
-0.04926711320877075 -0.005041094031184912 -0.06915849447250366 
-0.09128105640411377 0.01492712367326021 -0.05770094692707062 
0.0782393217086792 -0.01099999994039536 -0.0318567268550396 
0.1793514490127563 0.01499999966472387 -0.06499453634023666 
0.1150507405400276 0.01500000059604645 -0.04877205193042755 
0.01083015836775303 -0.0002047866582870483 -0.001684537972323596 
-0.05150170624256134 -0.01499891933053732 -0.04797598719596863 
0.0482240691781044 0.01099999994039536 -0.03745910152792931 
0.1922756433486938 0.001700025517493486 -0.07000000774860382 
-0.004475263878703117 -0.01099999994039536 -0.01988067664206028 
0.03537853434681892 -0.01099999994039536 -0.02118085883557796 
0.1216963827610016 -0.01099999994039536 -0.04256299883127213 
0.05520900338888168 -0.01099999994039536 -0.02992975153028965 
0.189416229724884 0.003624705597758293 -0.0538894310593605 
-0.06552985310554504 -0.005967894103378057 -0.07000000774860382 
-0.02101908624172211 0.002209688536822796 -0.06070365011692047 
-0.01085707172751427 0.01099999994039536 -0.0166740920394659 
-0.03429130464792252 0.01099999994039536 -0.04185477644205093 
0.08827681094408035 0.01499999966472387 -0.06323787569999695 
-0.0370396114885807 -0.01099999994039536 -0.03239124640822411 
0.004071921110153198 -0.008583835326135159 0.01017935946583748 
0.1782467663288116 0.01400234177708626 -0.06922417879104614 
-0.01070809084922075 0.0131133496761322 -0.05795320868492126 
-0.09077377617359161 0.006664402782917023 -0.07000000774860382 
-0.01039435155689716 0.01066428236663342 0.003137247869744897 
0.05687019228935242 0.01500000059604645 -0.05507036671042442 
-0.00691575463861227 -0.005229757633060217 0.0009629483101889491 
0.06631296873092651 0.005150856450200081 -0.06228909268975258 
0.06358355283737183 0.01499999966472387 -0.05023263022303581 
0.02484732121229172 0.006280118133872747 -0.02929328382015228 
-0.01532716769725084 0.01099999994039536 -0.01304263062775135 
-0.00644338084384799 0.008246575482189655 -0.05739624053239822 
0.08193114399909973 -0.01500000059604645 -0.0581984780728817 
-0.07000742107629776 -0.00122411735355854 -0.07000000774860382 
0.08142045140266418 -0.01099999900907278 -0.04282859340310097 
0.1158124059438705 -0.002772114239633083 -0.04051659628748894 
0.1270063072443008 0.001384543022140861 -0.04239089787006378 
-0.06626775860786438 -0.01100386306643486 -0.04405242204666138 
-0.0906810536980629 -0.01099725347012281 -0.05461969599127769 
0.1036347821354866 -0.01092544384300709 -0.03850297257304192 
0.07729405164718628 0.008963723666965961 -0.06616460531949997 
-0.04342924058437347 -0.00723608024418354 -0.02733885124325752 
-0.03604017198085785 -0.01099999994039536 -0.04383581876754761 
-0.006980670616030693 0.01099999994039536 -0.03277517110109329 
-0.006026305258274078 -0.002300000051036477 0.002747661434113979 
-0.04047480970621109 -0.01499999966472387 -0.05235094577074051 
0.1434060037136078 0.0105986101552844 -0.04440025240182877 
0.04404466971755028 0.01099999994039536 -0.04250849038362503 
0.09435561299324036 -0.01499999966472387 -0.0552813783288002 
-0.04030629619956017 -0.01099999994039536 -0.04114532098174095 
0.03799877688288689 -0.01099999994039536 -0.0321628525853157 
-0.04279361292719841 -0.002719223499298096 -0.06785023212432861 
-0.03307771310210228 -0.01421991363167763 -0.06363414227962494 
0.001748344744555652 -0.005912891123443842 -0.03264208510518074 
0.07180748879909515 0.01099999994039536 -0.03372460976243019 
-0.03111088648438454 -0.01499999966472387 -0.05148667097091675 
0.1512402892112732 -0.01500000059604645 -0.0646875724196434 
0.08659742772579193 0.009623776189982891 -0.03304841741919518 
-0.04413663968443871 0.005953551735728979 -0.06817471981048584 
-0.01543239690363407 0.01099999994039536 -0.02989406511187553 
-0.08141981065273285 -0.01439849101006985 -0.0506584644317627 
0.003467429894953966 -0.01099999994039536 -0.01433663722127676 
-0.0005155933322384953 0.01468044705688953 -0.05473850294947624 
-0.04491066187620163 -0.01480714790523052 -0.04694239422678947 
-0.08257162570953369 -0.002517628483474255 -0.04993771761655807 
-0.008355829864740372 0.01099999900907278 -0.02075624465942383 
0.00767933577299118 0.01099999994039536 -0.04354346916079521 
-0.09907912462949753 0.0125829316675663 -0.0596722885966301 
0.185199961066246 0.01499999966472387 -0.06144206970930099 
0.0008864025003276765 0.01493445504456758 -0.05384556204080582 
0.006361822132021189 -0.01028982643038034 -0.01227902248501778 
0.1291382014751434 -0.0001201604027301073 -0.07000000774860382 
0.0284979734569788 -0.01099999994039536 -0.03035777620971203 
-0.002008129842579365 0.007118569687008858 0.01077308598905802 
0.0007499506464228034 0.004327044356614351 -0.02914694137871265 
-0.02980780601501465 -0.01500000059604645 -0.04933581501245499 
0.1857767999172211 -0.0149999987334013 -0.06080055981874466 
0.1001871526241302 -0.01449921634048223 -0.06864118576049805 
0.1910793781280518 0.00657120393589139 -0.05484966188669205 
0.03688804060220718 0.01500000059604645 -0.04890552908182144 
0.1327057927846909 0.01499999966472387 -0.06236851215362549 
0.1874414533376694 0.01111388765275478 -0.07000000774860382 
0.1349715739488602 -0.01499999966472387 -0.05941803753376007 
-0.08230654150247574 0.008124375715851784 -0.07000000774860382 
-0.009383019991219044 -0.01099999994039536 -0.022618118673563 
-0.01639267802238464 -0.00597867276519537 -0.05949406698346138 
-0.05720001459121704 0.004624133463948965 -0.03528942167758942 
0.002160228090360761 0.01099999994039536 0.008637712337076664 
-0.04703916236758232 -0.0149999987334013 -0.06518001854419708 
0.1966160386800766 -0.01500000059604645 -0.06398195773363113 
0.05509091913700104 -0.01099999994039536 -0.03676920384168625 
-0.008547917008399963 -0.01499999966472387 -0.05206220597028732 
0.04503082111477852 0.003815207630395889 -0.01749631762504578 
0.0858408659696579 0.01500000059604645 -0.0560075081884861 
0.1051498800516129 0.0002409527078270912 -0.03821849077939987 
0.1897571980953217 -0.00734989158809185 -0.07000000774860382 
0.1885852366685867 -0.007242988329380751 -0.05340966209769249 
0.0301013607531786 0.01099999994039536 -0.01722262240946293 
0.0003205192624591291 0.009578458033502102 -0.006971943192183971 
-0.0249639917165041 0.01099999994039536 -0.02582785859704018 
0.005942579358816147 -0.00435517868027091 -0.003670800011605024 
0.1234705373644829 0.006838155910372734 -0.07000000774860382 
0.02685731276869774 0.006713044829666615 -0.01117165572941303 
-0.01826211623847485 8.166884072124958e-06 -0.01217001397162676 
0.1908513307571411 -0.01294884830713272 -0.05490303784608841 
0.0727689191699028 0.005019837059080601 -0.06457828730344772 
-0.02580038830637932 0.01099999994039536 -0.03922035545110703 
-0.04697167873382568 0.01495047193020582 -0.06622259318828583 
0.08704056590795517 3.394494706299156e-05 -0.06874102354049683 
0.1718509793281555 -0.00333371851593256 -0.07000000774860382 
-0.08895854651927948 0.0116336727514863 -0.0536252036690712 
0.1313263475894928 -0.01284582354128361 -0.04512657970190048 
0.1220677942037582 -0.00957731157541275 -0.04158790409564972 
0.1643684059381485 -0.01218386460095644 -0.045016098767519 
0.03794059529900551 -0.002707709092646837 -0.05608184263110161 
-0.06595505774021149 0.001784319058060646 -0.04034415259957314 
0.0008581540896557271 0.003010663902387023 -0.02976072207093239 
-0.04712832719087601 0.01306223496794701 -0.04519745707511902 
0.1051617711782455 0.01499999966472387 -0.04831021279096603 
0.09555661678314209 0.01500000059604645 -0.05406586453318596 
0.06498789042234421 0.001145637594163418 -0.06187774986028671 
0.006168568041175604 0.0005443205591291189 -0.03768077865242958 
0.03278587013483047 0.002463988494127989 -0.05554510280489922 
0.1285211890935898 -0.004927309695631266 -0.04261444509029388 
-0.003978071734309196 -0.01099999994039536 -0.009663762524724007 
0.06410394608974457 0.01499999966472387 -0.0569147989153862 
0.1584532558917999 0.0149999987334013 -0.05983591452240944 
0.006738341879099607 -0.005666425917297602 0.00179517874494195 
0.1842260956764221 0.0149999987334013 -0.06108491867780685 
0.02451167814433575 0.01099999994039536 -0.0392310731112957 
0.1046970412135124 -0.0149999987334013 -0.05937657505273819 
-0.05583779141306877 0.0149999987334013 -0.05452509596943855 
0.05865199863910675 -0.01500000059604645 -0.05227240175008774 
-0.02867630869150162 0.01323521789163351 -0.0628250390291214 
0.03745855391025543 -0.01099999994039536 -0.03316278383135796 
0.001610885257832706 -0.00342169776558876 -0.02265082485973835 
-0.03358343243598938 0.01099999994039536 -0.02979550883173943 
-0.06309704482555389 0.0005385959520936012 -0.07000000774860382 
-0.01096418779343367 -0.007988579571247101 -0.0582156591117382 
0.1905051469802856 -0.008883129805326462 -0.07000001519918442 
0.0625992938876152 -0.0149999987334013 -0.05758617073297501 
-0.003480286570265889 -0.009836222976446152 0.006071389652788639 
0.06076429784297943 0.007584581151604652 -0.02314827218651772 
0.04067408666014671 -0.01099999994039536 -0.03949538618326187 
0.0676448792219162 0.006189733278006315 -0.02607282996177673 
0.02739183977246284 0.01486692577600479 -0.04713016003370285 
-0.02431675419211388 0.0149999987334013 -0.05362219363451004 
-0.07164091616868973 0.0004431121633388102 -0.04362685233354568 
0.1184990033507347 0.01117327995598316 -0.04455886036157608 
0.0842263251543045 0.01021884381771088 -0.0322699099779129 
-0.09491831064224243 0.005119142588227987 -0.06998903304338455 
0.09126859158277512 0.01099999994039536 -0.03724926337599754 
0.1298117637634277 0.01499999966472387 -0.05909590795636177 
0.08029186725616455 0.01499999966472387 -0.05443195626139641 
0.1995430588722229 -0.004582943394780159 -0.06015350669622421 
0.02932713553309441 0.01099999994039536 -0.01939021609723568 
0.04961011931300163 0.012800432741642 -0.04511905461549759 
0.004840689245611429 -0.006217281799763441 -0.01564733684062958 
0.07066619396209717 -0.01099999994039536 -0.03031258285045624 
0.02976549044251442 0.01099999994039536 -0.01521034352481365 
0.04650172218680382 -0.01099999994039536 -0.02418283000588417 
-0.03886514157056808 -0.01499999966472387 -0.06069087982177734 
-0.05823677033185959 -0.0149999987334013 -0.05843633413314819 
-0.07169366627931595 -0.003377619432285428 -0.07000000774860382 
0.04433805495500565 0.001480164472013712 -0.0155763253569603 
0.03088249266147614 0.01100000087171793 -0.03151264414191246 
0.0003808513283729553 0.01099999994039536 -0.0408361628651619 
0.07736480981111526 -0.01099999994039536 -0.03823644667863846 
-0.08318697661161423 0.0149999987334013 -0.05876705795526505 
0.01082873903214931 0.009547818452119827 -0.001692585414275527 
0.006401107646524906 0.004636477213352919 -0.01230101007968187 
-0.02652862668037415 0.01099999994039536 -0.03655738011002541 
0.05876433476805687 0.000256931409239769 -0.0600736178457737 
0.1249088644981384 -0.01489018648862839 -0.06776067614555359 
0.1455655992031097 0.01275788247585297 -0.04510875791311264 
0.0866825059056282 -0.01494030188769102 -0.06620696187019348 
0.09004564583301544 -0.01201043091714382 -0.04500090703368187 
0.1813715845346451 0.01356364134699106 -0.04976044222712517 
-0.03613514453172684 -0.01295857317745686 -0.04515757411718369 
0.00107213796582073 -0.005244137719273567 -0.03079386427998543 
0.08925551921129227 -0.004395226016640663 -0.03389028832316399 
-0.01524201966822147 -0.008317083120346069 -0.006658402737230062 
0.1045287251472473 0.01500000059604645 -0.05522731319069862 
-0.02557634189724922 0.01288985088467598 -0.06192659214138985 
0.1348297595977783 -0.01208176836371422 -0.06999285519123077 
0.1264057755470276 0.01436091959476471 -0.0688387006521225 
0.0007026165258139372 -0.01403791736811399 -0.05546949803829193 
0.06063071638345718 -0.01099999994039536 -0.02452154643833637 
-0.00998288206756115 0.01099999994039536 -0.0001451295102015138 
0.1849972605705261 0.01499999966472387 -0.06634926795959473 
0.1061256378889084 -0.01430196687579155 -0.06892290711402893 
-0.080091193318367 0.01499999966472387 -0.05354870855808258 
0.04458936303853989 0.008385217748582363 -0.05707589909434319 
0.0009444568422622979 0.005417251028120518 -0.03025027550756931 
0.01263033412396908 -0.005836812779307365 -0.055201455950737 
-0.04033559560775757 -0.002228457946330309 -0.02555273100733757 
-0.03308209031820297 7.09807500243187e-05 -0.06468982994556427 
-0.003719789674505591 0.01099999994039536 -0.01319282315671444 
0.1816035807132721 -0.0149999987334013 -0.05940201133489609 
0.01406393386423588 -0.002489069942384958 -0.05511834472417831 
0.108898401260376 -0.008022937923669815 -0.03902587294578552 
0.1589533686637878 -0.0149999987334013 -0.06687122583389282 
0.1827901601791382 0.005727204959839582 -0.07000000774860382 
-0.04613125324249268 -0.01092333160340786 -0.02961811237037182 
0.1609427928924561 0.00239017466083169 -0.04495325312018394 
-0.03223332017660141 -0.01278415229171515 -0.06426430493593216 
-0.06475994735956192 -0.01499999966472387 -0.04824896156787872 
-0.0121838366612792 0.00670589879155159 -0.0001001101918518543 
-0.05087744817137718 -0.001785160275176167 -0.06939860433340073 
-0.00678084883838892 -0.008681409060955048 0.001636546570807695 
-0.01377664878964424 -0.01099999994039536 -0.02798010408878326 
-0.05303354188799858 0.01099999994039536 -0.03434054180979729 
-0.03804749622941017 -0.01058696396648884 -0.06642572581768036 
0.07952603697776794 0.01099999994039536 -0.03957483917474747 
0.03279290348291397 -0.01099999994039536 -0.03635270893573761 
-0.0371566116809845 0.01498965825885534 -0.04777023568749428 
0.04460197687149048 0.009799606166779995 -0.05707807838916779 
0.0007551101734861732 -0.009489520452916622 -0.02574861794710159 
-0.08491808176040649 -0.006740087643265724 -0.05129244923591614 
0.1044631600379944 -0.003684442956000566 -0.07000000029802322 
0.09898644685745239 -0.002581867389380932 -0.06996241956949234 
-0.01892720349133015 0.01379026845097542 -0.05949753895401955 
0.1412985026836395 -0.01162652857601643 -0.07000000774860382 
-0.09989501535892487 -0.006714192219078541 -0.0672716349363327 
-0.01270377915352583 0.01099999994039536 -0.03805069252848625 
0.1183460503816605 -0.01435054186731577 -0.06885352730751038 
0.03202667832374573 0.01478100102394819 -0.05360782146453857 
0.1879711449146271 0.01374245062470436 -0.06942833960056305 
0.1472976058721542 0.006926394999027252 -0.04450453445315361 
0.04553688317537308 0.01099999994039536 -0.0378110334277153 
-0.08792471885681152 -0.006443794351071119 -0.05302832275629044 
0.02320726029574871 -0.00782850943505764 -0.05506129190325737 
0.06080928817391396 0.003795772325247526 -0.02316739596426487 
0.1570198237895966 0.00933998916298151 -0.04486671462655067 
-0.07347068935632706 0.01499999966472387 -0.05477315559983253 
-0.02911901660263538 0.01100000087171793 -0.03896420076489449 
-0.08853596448898315 0.0149999987334013 -0.06108928471803665 
0.02348467893898487 -0.002217486035078764 -0.03331775590777397 
0.1082196831703186 0.0008477466180920601 -0.07000000774860382 
0.09069101512432098 -0.01499999966472387 -0.04992236196994781 
-0.00503034982830286 0.01099999900907278 0.006485895253717899 
-0.007294490933418274 -0.01099999994039536 -0.006287846714258194 
0.1476598978042603 0.01460829749703407 -0.04651930183172226 
0.04205769672989845 -0.01099999994039536 -0.02786324545741081 
0.07753936201334 -0.01099999994039536 -0.03409365564584732 
0.03281712904572487 -0.01426033023744822 -0.0460292212665081 
0.1053185239434242 0.0149999987334013 -0.05705565959215164 
0.1447402983903885 0.007356184534728527 -0.04430728778243065 
-0.04019954055547714 0.01199416443705559 -0.06712712347507477 
0.04253850504755974 0.01099999994039536 -0.04010062664747238 
0.03434839472174644 -0.01099999994039536 -0.03845639526844025 
0.1522159278392792 0.006977657787501812 -0.07000000774860382 
-0.04929661005735397 -0.01499999966472387 -0.05586016178131104 
0.006429808214306831 0.01099999994039536 0.004247356671839952 
-0.06742481887340546 -0.01227344013750553 -0.04502312839031219 
-0.0377226397395134 0.007510824594646692 -0.06631314009428024 
-0.07317791879177094 -0.006664841435849667 -0.07000000774860382 
0.03593485057353973 0.01099999994039536 -0.02086598426103592 
0.023032421246171 0.01499999966472387 -0.05101741850376129 
0.1063511520624161 -0.01085218600928783 -0.03896837681531906 
-0.02698315680027008 -0.01099999994039536 -0.02762755937874317 
0.07554124295711517 -0.00220178160816431 -0.02920513413846493 
0.1000266224145889 -0.01496634818613529 -0.06738463044166565 
-0.02135017327964306 -0.01499999966472387 -0.05199068412184715 
-0.06003231555223465 -0.003950890153646469 -0.07000000774860382 
-0.08041137456893921 0.01304648816585541 -0.06981022655963898 
-0.0963519886136055 0.008368944749236107 -0.05789380893111229 
0.06715613603591919 0.01099999994039536 -0.03280811756849289 
-0.006026977673172951 -0.01298877317458391 -0.04516785591840744 
-0.08479082584381104 0.01499999966472387 -0.05502767860889435 
0.005824839230626822 0.002299999818205833 0.002477543195709586 
0.0983709841966629 0.008951711468398571 -0.03647246956825256 
0.1151028573513031 -0.01442876365035772 -0.04623927548527718 
0.1794343590736389 0.0149999987334013 -0.05421563982963562 
0.109962597489357 -0.01436713896691799 -0.06882981956005096 
-0.01112378295511007 -0.01099999994039536 -0.02307833358645439 
0.09794680774211884 -0.01491864770650864 -0.06757830828428268 
0.06284653395414352 0.001134967780672014 -0.06121428683400154 
0.1677559316158295 0.01022418029606342 -0.07000000774860382 
0.06296461075544357 -0.004648494999855757 -0.02408356592059135 
0.02934010699391365 0.01099999994039536 -0.03997640311717987 
0.006824708078056574 -0.0007805950590409338 -0.05558175966143608 
0.08588857203722 0.01479457784444094 -0.04692140594124794 
-0.02710791863501072 -0.01500000059604645 -0.05280593782663345 
-0.03103047050535679 -0.01500000059604645 -0.0517452098429203 
-0.09999999403953552 -0.009260392747819424 -0.06394148617982864 
0.191905289888382 0.006121750455349684 -0.05532649531960487 
-0.04121953248977661 -0.008446801453828812 -0.06741145253181458 
0.1874418705701828 0.001768359914422035 -0.05274954438209534 
-0.04209477454423904 -0.01099999994039536 -0.03134423866868019 
0.2000000029802322 0.003779204562306404 -0.06505884230136871 
0.11756831407547 -9.774230420589447e-07 -0.07000000774860382 
0.1706564277410507 0.01499999966472387 -0.06273007392883301 
0.1538701355457306 -0.0149999987334013 -0.06170035898685455 
0.1872911006212234 0.002686563413590193 -0.05266249179840088 
-0.01584816165268421 -0.007667752914130688 -0.05936583131551743 
0.199968159198761 -0.01012147404253483 -0.06628952920436859 
0.1158224269747734 0.01499999966472387 -0.0567004382610321 
0.1749519407749176 -0.003486105008050799 -0.07000000774860382 
-0.0359383150935173 -0.008867708966135979 -0.06569472700357437 
0.07299259305000305 -0.01033318415284157 -0.06465796381235123 
-0.05197202414274216 0.01497580390423536 -0.04763977229595184 
0.1768345087766647 -0.0005052909255027771 -0.04662537574768066 
-0.0539756752550602 0.01499999966472387 -0.05359896272420883 
0.07361187785863876 0.01099999994039536 -0.03619862347841263 
-0.009933941997587681 -0.0108875622972846 0.003447861177846789 
-0.02683392725884914 0.01099999994039536 -0.01988307572901249 
-0.007696200162172318 0.01100000087171793 -0.03208338469266891 
0.04300738871097565 -0.0149999987334013 -0.05103672295808792 
0.1750936359167099 -0.004361665342003107 -0.07000000774860382 
0.1771496534347534 -0.0149999987334013 -0.06183120235800743 
0.1576187312602997 -0.007868461310863495 -0.04487460851669312 
0.07465580105781555 0.01499999966472387 -0.04866894334554672 
0.08735942095518112 -0.01099999994039536 -0.04269026219844818 
0.003630572464317083 -0.01096873171627522 -0.03664315491914749 
0.1381649523973465 0.0002150083892047405 -0.07000000774860382 
-0.03992849215865135 0.01099999994039536 -0.04181993007659912 
-0.00822136364877224 0.01499999966472387 -0.05460232868790627 
0.001019631279632449 0.005305874161422253 -0.006910785101354122 
0.09944526106119156 0.0149999987334013 -0.05951998382806778 
0.03933374211192131 0.01099999994039536 -0.03152688592672348 
0.1602935343980789 0.0005055179353803396 -0.07000000774860382 
0.08522197604179382 -0.01499999966472387 -0.05661046132445335 
0.1637176871299744 0.001169553259387612 -0.04500002786517143 
-0.005133520811796188 -0.01335417758673429 -0.04532363638281822 
-0.04611565917730331 0.01099999994039536 -0.03152692690491676 
0.07548321783542633 0.0136784166097641 -0.06497979164123535 
-0.007020766846835613 0.00648860028013587 -0.05749600008130074 
0.1577066034078598 0.005851011723279953 -0.07000000774860382 
0.04033515602350235 0.00742894783616066 -0.05638357251882553 
-0.007219391874969006 0.01499999966472387 -0.05250203236937523 
-0.01116423029452562 0.01099999994039536 -0.04198653250932693 
-0.06433137506246567 -0.01500000059604645 -0.05726764351129532 
0.1714786440134048 3.684917464852333e-05 -0.04500003159046173 
0.07937656342983246 0.001210792805068195 -0.03059557639062405 
-0.001551772817038 -0.01100000087171793 -0.009141512215137482 
0.1263168752193451 0.01486086938530207 -0.04712991788983345 
-0.05308709293603897 0.005156883969902992 -0.06963635981082916 
0.008382160216569901 0.006857356987893581 -0.008052630349993706 
-0.006454383488744497 -0.01011301390826702 -0.002658919431269169 
-0.07109068334102631 0.00348046887665987 -0.04330918937921524 
-0.01525093894451857 0.002897433005273342 -0.006677528843283653 
0.1529905498027802 0.01499999966472387 -0.05310089886188507 
0.003195218974724412 -0.0004551450256258249 -0.03493666648864746 
-0.04052470996975899 0.01099999994039536 -0.0412408858537674 
0.1264913380146027 0.006224418524652719 -0.04230444133281708 
0.107497438788414 0.01499999966472387 -0.05743250995874405 
-0.01665335148572922 -0.006844382267445326 -0.05955545604228973 
0.1959828734397888 0.0005321359494701028 -0.05768069252371788 
0.1345829516649246 0.0149999987334013 -0.06037835031747818 
0.09752946346998215 -0.0149999987334013 -0.05280596017837524 
-0.08856408298015594 -0.006297639571130276 -0.07000000774860382 
0.004659468308091164 0.00561833381652832 0.005202368833124638 
0.0996425524353981 0.01499999966472387 -0.06651203334331512 
-0.03905713185667992 -0.01499999966472387 -0.04926611110568047 
-0.01652110740542412 0.004656636156141758 -0.009401416406035423 
0.09010379016399384 0.01404917612671852 -0.04582077264785767 
0.1440024077892303 0.01499999966472387 -0.05368932336568832 
0.1139916479587555 -0.008210457861423492 -0.04012659564614296 
0.006700165569782257 0.003590538166463375 -0.05559482797980309 
-0.03301900252699852 0.003040725365281105 -0.02132849022746086 
0.09584870934486389 -0.001907852943986654 -0.06984605640172958 
-0.03813861683011055 0.005212325602769852 -0.02428430505096912 
0.07276102900505066 -0.004360969178378582 -0.02817157842218876 
0.195475310087204 -0.01499999966472387 -0.06355638056993484 
0.1990692913532257 0.0008892533369362354 -0.05957483500242233 
0.0659613236784935 -0.00954115018248558 -0.02535824105143547 
0.1016658321022987 0.01004174631088972 -0.07000000029802322 
0.1460742652416229 -0.002313820645213127 -0.07000000774860382 
-0.05064774304628372 0.01499999966472387 -0.05722839012742043 
0.007295773364603519 -0.001416788436472416 -0.05553992092609406 
0.170791357755661 0.005062080919742584 -0.04500002786517143 
0.09770201146602631 0.006614248268306255 -0.06991478800773621 
-0.04347526654601097 -0.008291028439998627 -0.0273654256016016 
0.1625889986753464 -0.01494632754474878 -0.0675511509180069 
-0.0133783146739006 0.006582762114703655 -0.002661676611751318 
0.169288381934166 -0.01442300900816917 -0.06875002384185791 
0.03455610945820808 -0.01099999994039536 -0.0419490747153759 
0.08405368775129318 -0.006545057520270348 -0.03221180662512779 
0.1580560803413391 -0.01306393183767796 -0.0698014497756958 
-0.01542868185788393 -0.01099999994039536 -0.02130227163434029 
0.1830956041812897 -0.01430922001600266 -0.05149595439434052 
0.1725040823221207 -0.0149999987334013 -0.0505780465900898 
0.04935217276215553 -0.01459269225597382 -0.05638502538204193 
0.05299942940473557 -0.005516860634088516 -0.02389702200889587 
0.008430987596511841 -0.006347627379000187 0.007000161334872246 
-0.03852804750204086 0.009209372103214264 -0.06659227609634399 
0.01348545309156179 -0.005935110617429018 -0.0551472008228302 
-0.06614241003990173 -0.01099999994039536 -0.04285721108317375 
0.02643239125609398 0.01099999994039536 -0.03071124292910099 
-0.001446505659259856 0.01297345571219921 -0.05636423826217651 
0.1624341905117035 0.004421467427164316 -0.07000000774860382 
0.008070438168942928 0.003852736670523882 -0.008721121586859226 
0.1641916632652283 -0.01500000059604645 -0.06329108029603958 
0.06603658944368362 -0.01499999966472387 -0.05411092564463615 
0.1808117926120758 -0.01019959058612585 -0.07000000774860382 
0.005018397234380245 0.0006339771207422018 -0.05577131360769272 
-0.04268482327461243 -0.0149999987334013 -0.06384899467229843 
0.09780525416135788 -0.01500000059604645 -0.05428670719265938 
-0.04233582317829132 -0.01081412099301815 -0.02719932422041893 
0.0771498829126358 -0.01368946768343449 -0.06554921716451645 
-0.002411238849163055 -0.0114481458440423 -0.04483212903141975 
0.1103294789791107 0.007986409589648247 -0.07000000774860382 
0.08420097082853317 0.0005446374416351318 -0.06819011270999908 
0.07417000830173492 0.008498654700815678 -0.06507734209299088 
0.09024210274219513 -0.005428451113402843 -0.03418894484639168 
0.1995436698198318 0.009086655452847481 -0.06748323887586594 
0.006583880633115768 0.01470350939780474 -0.05387545749545097 
0.01502703223377466 -0.01071982365101576 -0.0397450178861618 
0.1390254348516464 0.00646523293107748 -0.07000000774860382 
-0.05961906537413597 -0.01100000087171793 -0.04349355399608612 
-0.07940280437469482 0.01478272583335638 -0.06810967624187469 
-0.09149069339036942 -0.01500000059604645 -0.06330455839633942 
0.07883205264806747 0.01110282354056835 -0.06669764220714569 
-0.01112719066441059 -0.01100000087171793 -0.005941866897046566 
0.000938274955842644 -0.008215572685003281 -0.03021520748734474 
0.00709246564656496 0.002983523067086935 -0.03821432217955589 
-0.0195334330201149 0.01099999994039536 -0.01868058741092682 
-0.01558702066540718 -0.01099999994039536 -0.01500471029430628 
0.05324310064315796 0.01252405066043139 -0.0450463779270649 
0.02317937463521957 -0.002585588721558452 -0.01988555304706097 
-0.0867677703499794 0.01500000059604645 -0.05806060135364532 
0.08327582478523254 0.01099999994039536 -0.03691520169377327 
0.1209093183279037 -0.01184622943401337 -0.07000000774860382 
0.0008837559726089239 0.001861031749285758 -0.02990595065057278 
0.1062561571598053 -0.01500000059604645 -0.06581058353185654 
-0.03425645083189011 -0.01099999900907278 -0.03112034499645233 
-0.03338418900966644 -0.01499999966472387 -0.05059751868247986 
0.02706003934144974 0.01099999994039536 -0.01828614249825478 
-0.01861320622265339 0.01099999994039536 -0.02580523118376732 
-0.02920194528996944 0.0102602569386363 -0.01916718669235706 
-0.0671546682715416 -0.01197629235684872 -0.07000000774860382 
-0.01701455935835838 -0.009918729774653912 -0.05964051932096481 
-0.07224809378385544 0.006687571294605732 -0.07000000774860382 
0.1233224719762802 -0.009582800790667534 -0.07000000774860382 
0.1099219173192978 0.006797016132622957 -0.03924737498164177 
0.1292684972286224 0.01494656037539244 -0.06755027174949646 
0.169775053858757 0.01499999966472387 -0.05163045600056648 
-0.01868999004364014 0.01469805650413036 -0.04669755697250366 
0.007425037678331137 -0.008924241177737713 -0.01010518614202738 
0.06162341311573982 -0.01281499210745096 -0.06078873574733734 
0.02734218165278435 0.01308626495301723 -0.04520845413208008 
-0.09513191878795624 -0.01282802596688271 -0.06983574479818344 
0.173914760351181 -0.01398529950529337 -0.0692412257194519 
0.07176443189382553 0.002468034857884049 -0.02778328396379948 
0.002531879581511021 -0.001437235856428742 -0.02059859409928322 
0.1709047853946686 0.01500000059604645 -0.06002362817525864 
0.09759640693664551 -0.01499999966472387 -0.06050121784210205 
-0.06752368062734604 0.005570821464061737 -0.07000000774860382 
0.1429088711738586 0.009334050118923187 -0.07000000774860382 
-0.007260902784764767 0.01099999994039536 -0.004275307059288025 
0.1330242604017258 0.006747150793671608 -0.07000000774860382 
-0.02915645390748978 0.000582078704610467 -0.01909844577312469 
0.1413190513849258 0.01394717581570148 -0.04572036117315292 
-0.02348371781408787 0.009156020358204842 -0.061410803347826 
-0.06014525890350342 -0.01499999966472387 -0.06160470098257065 
0.1666208058595657 -0.01500000059604645 -0.05587917938828468 
0.1018622815608978 -0.01499999966472387 -0.04992669075727463 
0.1735891103744507 -0.001141292159445584 -0.04520157724618912 
-0.004215167369693518 -0.003343951888382435 0.005561423487961292 
0.05192277580499649 0.005339335650205612 -0.0584414079785347 
0.06397774070501328 0.01500000059604645 -0.05647984147071838 
0.008458267897367477 -0.0149999987334013 -0.04817313328385353 
-0.1000000014901161 -0.01038092467933893 -0.06610994040966034 
0.0948200449347496 -0.01499999966472387 -0.06067062541842461 
0.1918844729661942 0.006458220537751913 -0.05531447753310204 
-0.0783899798989296 -0.01251776050776243 -0.06995468586683273 
0.05110813677310944 -0.01099999994039536 -0.0434839241206646 
-0.05349120870232582 -0.0149999987334013 -0.05254250019788742 
-0.03754899278283119 -0.007890568114817142 -0.02394388616085052 
-0.09210913628339767 -0.003053850494325161 -0.07000000774860382 
0.05307374894618988 0.01499999966472387 -0.05033056810498238 
0.09411201626062393 -0.004831587895750999 -0.03532225638628006 
0.1566695719957352 -0.0009279587538912892 -0.07000000774860382 
0.04344870150089264 -0.01099999994039536 -0.01794604584574699 
0.1598275154829025 0.01059377752244473 -0.04500002786517143 
0.1638436019420624 0.003477201797068119 -0.07000000774860382 
-0.0135990958660841 0.004599514417350292 -0.003135144012048841 
0.1177745386958122 0.004026719368994236 -0.04088548570871353 
0.03811460733413696 -0.005090956576168537 -0.01159615814685822 
0.0910409539937973 0.01499999966472387 -0.05921322479844093 
0.1985463947057724 -0.003930679056793451 -0.05916644260287285 
0.1862876117229462 0.008279644884169102 -0.05208312720060349 
-0.02265859395265579 -0.01099999994039536 -0.02843454293906689 
0.1520806550979614 0.006465096492320299 -0.07000000774860382 
-0.01837226562201977 -0.002766437595710158 -0.05996406450867653 
-0.0003627314581535757 -0.01100000087171793 -0.03971411660313606 
0.02224532887339592 0.008913416415452957 -0.03515417128801346 
0.1506267637014389 0.01500000059604645 -0.05738146975636482 
-0.004996126517653465 0.01099999994039536 -0.0294029675424099 
0.09391792863607407 -0.01099999994039536 -0.04002060368657112 
0.1041149944067001 0.01500000059604645 -0.06192245706915855 
-0.04628382623195648 -0.01478411722928286 -0.04688861966133118 
0.004512028302997351 -0.01012697815895081 0.005349804181605577 
0.001094425446353853 0.01069564279168844 -0.02324724942445755 
-0.01590125635266304 0.01099999994039536 -0.01151677500456572 
0.04149656742811203 0.01099999994039536 -0.02712789922952652 
-0.06034004688262939 0.002671987749636173 -0.03710232302546501 
0.07237954437732697 0.01500000059604645 -0.06012649089097977 
0.1243786364793777 0.0144128343090415 -0.04623423516750336 
0.09878601878881454 -0.01478444971144199 -0.04689187556505203 
0.1834199130535126 -0.01499999966472387 -0.06012255698442459 
0.06268566846847534 0.01099999994039536 -0.02788972295820713 
0.1819537580013275 -0.01068391092121601 -0.04958097636699677 
-0.04329947009682655 -0.01099999994039536 -0.03474836796522141 
0.1126233488321304 0.004593715537339449 -0.07000000774860382 
0.03621451556682587 -0.01068238168954849 -0.01085241511464119 
0.1910271197557449 -0.01499999966472387 -0.06442228704690933 
0.1243344843387604 -0.00853910855948925 -0.0419582836329937 
0.006665206979960203 -0.006757887545973063 0.002068112837150693 
-0.003058575559407473 -0.01095887459814548 -0.05681141093373299 
-0.05805626511573792 -0.01099999994039536 -0.04247501119971275 
-0.09692113846540451 0.01140963938087225 -0.06960635632276535 
0.1461347341537476 0.01499999966472387 -0.05048590898513794 
0.1503044664859772 0.0149999987334013 -0.06672174483537674 
0.1163309514522552 0.01456523593515158 -0.06854689866304398 
0.1711952239274979 -0.01499999966472387 -0.05129920691251755 
0.07541021704673767 -0.00577355083078146 -0.06551170349121094 
-0.02498108334839344 0.01241216901689768 -0.04503605514764786 
0.02427639439702034 -0.01018449943512678 -0.03160084038972855 
0.1529532968997955 0.01275915186852217 -0.04510918259620667 
0.003184817964211106 0.01163194142282009 -0.05596373975276947 
0.1898850053548813 -0.01298803370445967 -0.05435724556446075 
0.1756245493888855 -0.01006129197776318 -0.04595265910029411 
0.1345004141330719 0.001179825514554977 -0.07000000774860382 
0.0392475351691246 -0.01499999966472387 -0.05077675729990005 
-0.04352293536067009 -0.011015385389328 -0.04417404159903526 
-0.05978755280375481 0.01500000059604645 -0.06345760822296143 
0.0107182776555419 -0.000784777570515871 -0.05532277375459671 
-0.04815499112010002 -0.01499999966472387 -0.05267744511365891 
0.1199514865875244 -0.0149999987334013 -0.06004892662167549 
-0.05650756508111954 0.01499999966472387 -0.05017064884305 
0.005446091294288635 -0.0006910253432579339 -0.002464003395289183 
0.05700122937560081 0.01099999994039536 -0.03621665388345718 
0.09850593656301498 -0.01301828306168318 -0.04517824947834015 
-0.06218162924051285 0.00139458104968071 -0.03816556185483932 
-0.01733463257551193 -0.006133468355983496 -0.01092035789042711 
0.1572868078947067 -0.01120274513959885 -0.07000000774860382 
0.008016575127840042 0.01099999994039536 -0.002091930713504553 
-0.005036653019487858 -0.008643961511552334 -0.00482515711337328 
-0.08377011120319366 -0.00562214944511652 -0.05062966048717499 
0.1591756045818329 -0.01280849613249302 -0.06987738609313965 
0.1041961088776588 -0.0117712365463376 -0.04497005045413971 
-0.04086223989725113 -0.009813922457396984 -0.0673118531703949 
-0.01897410489618778 0.01119849272072315 -0.0601322315633297 
0.134991779923439 0.01326827332377434 -0.06970615684986115 
-0.03476456925272942 0.01497504394501448 -0.047634057700634 
0.002537291729822755 -0.004255462437868118 0.00651108892634511 
0.1425680816173553 -0.01470167189836502 -0.06827785074710846 
0.1961007565259933 -0.01294947694987059 -0.0579339787364006 
0.160273402929306 0.01499999966472387 -0.05267824232578278 
0.001752951648086309 0.005880964454263449 0.006749664433300495 
-0.01305717974901199 -0.003067408455535769 -0.058708555996418 
0.003244091290980577 -0.01018352247774601 0.01046073157340288 
0.05077024921774864 -0.00732138566672802 -0.05817218497395515 
0.1712716221809387 0.01499999966472387 -0.06291353702545166 
0.1096246615052223 -0.01099999994039536 -0.04193834960460663 
0.1753194332122803 -0.00436138641089201 -0.04580439254641533 
-0.03749812394380569 0.01500000059604645 -0.0566253699362278 
0.008498137816786766 -0.001146716997027397 -0.007803915999829769 
0.07519025355577469 0.006835709791630507 -0.06543546915054321 
0.1462757438421249 0.01499999966472387 -0.05838528275489807 
0.1824973523616791 0.01415420044213533 -0.05096606910228729 
0.2000000029802322 0.01042937859892845 -0.06192705407738686 
0.1201704293489456 0.002638751408085227 -0.04127538204193115 
-0.07528302073478699 -0.01499999966472387 -0.06090743839740753 
0.03908459469676018 -0.01099999994039536 -0.0294691938906908 
-0.03096604906022549 -0.01157884392887354 -0.04490508139133453 
0.1277343928813934 0.0005160223226994276 -0.07000000774860382 
0.03896480798721313 0.01099999994039536 -0.0266801118850708 
0.1790755093097687 -0.01094458438456059 -0.07000000774860382 
0.08926703035831451 0.01112075429409742 -0.04447302967309952 
0.002355655655264854 0.01099999994039536 -0.04193231090903282 
0.05686574429273605 -0.0003037126734852791 -0.02216215804219246 
0.02311179228127003 0.00910551380366087 -0.01951923035085201 
-0.0008843790856190026 -0.00121578830294311 0.01095812395215034 
0.03895508125424385 0.01099999994039536 -0.03415968269109726 
-0.002894397359341383 -0.008269344456493855 0.006344578228890896 
0.195638507604599 -0.0006718253716826439 -0.06973433494567871 
-0.09260760247707367 0.00164909241721034 -0.05573198944330215 
0.001082258182577789 0.004225042648613453 -0.02410317771136761 
0.06997740268707275 0.01190022379159927 -0.06358397752046585 
-0.004676632583141327 0.005561318248510361 0.009953332133591175 
-0.006624444387853146 0.01043650880455971 -0.002220249036327004 
0.03451422229409218 0.009876340627670288 -0.05572226643562317 
0.0249821562319994 0.004198660608381033 -0.028336176648736 
-0.03766922652721405 -0.01099999994039536 -0.04102925956249237 
-0.02799226529896259 -0.01099999994039536 -0.04348510503768921 
-0.09572942554950714 0.008975622244179249 -0.06985107809305191 
0.0003538470773492008 -0.008477135561406612 -0.05629134550690651 
0.03334154188632965 -0.01332313660532236 -0.04531033709645271 
0.03194192796945572 -0.01303974166512489 -0.04518821462988853 
-0.0510270968079567 0.01061523333191872 -0.06941907107830048 
-0.006946616806089878 -0.005313582718372345 0.0006101842736825347 
0.004483933560550213 0.009892252273857594 0.005373229272663593 
0.2000000029802322 -0.006046414375305176 -0.06269214302301407 
0.07968498021364212 -0.01499999966472387 -0.05139798671007156 
0.03667262196540833 0.01099999994039536 -0.0193278007209301 
0.08238939195871353 0.01499999966472387 -0.05234473198652267 
0.1880522072315216 -0.0141519894823432 -0.06907452642917633 
-0.06720553338527679 -0.01500000059604645 -0.0497078038752079 
0.1058601438999176 0.007406522054225206 -0.07000000774860382 
-0.01216738112270832 0.01099999994039536 -0.02314214780926704 
-0.020026795566082 -0.002096470911055803 -0.06042637676000595 
0.1023807153105736 -0.007560813333839178 -0.07000000774860382 
0.1512419581413269 -0.007439090870320797 -0.07000000774860382 
0.1788212358951569 0.007349891122430563 -0.04777241498231888 
-0.01492640562355518 0.00679743243381381 -0.0059815663844347 
0.1460388898849487 0.01460601016879082 -0.06848298013210297 
0.0566396564245224 -0.01099999994039536 -0.02729250304400921 
-0.04132069274783134 0.01099999994039536 -0.03792335838079453 
0.161507710814476 0.01295596826821566 -0.04516202211380005 
0.02468305267393589 -0.002649553818628192 -0.03022388741374016 
0.1674225032329559 0.01213767286390066 -0.069987952709198 
0.07199729233980179 -0.01499999966472387 -0.04939210414886475 
0.005667002871632576 0.001357023371383548 -0.05570325255393982 
0.1675979793071747 -0.01439356245100498 -0.06879208981990814 
-0.003906975965946913 0.01099999994039536 -0.01048037316650152 
0.1661047339439392 -0.0145521117374301 -0.06856563687324524 
0.1210166588425636 -0.01020785700529814 -0.04141840711236 
0.1242692023515701 0.01417513657361269 -0.06905137747526169 
0.01719041913747787 0.007183825597167015 -0.05506129190325737 
-0.09447123855352402 0.004482956603169441 -0.05680795013904572 
0.01945726200938225 0.01001956686377525 -0.03768110275268555 
-0.03094283677637577 -0.008171294815838337 -0.02012981474399567 
0.02626441046595573 0.01099999994039536 -0.015836326405406 
0.03189004957675934 0.01384268328547478 -0.0548519641160965 
0.1456758230924606 -0.009795913472771645 -0.04437825456261635 
0.03631602227687836 0.006878248415887356 -0.0559113547205925 
0.1794736236333847 0.01499999966472387 -0.05199218913912773 
0.1243354007601738 0.003920947201550007 -0.07000000774860382 
-0.007300532888621092 0.008285135962069035 -0.05754433944821358 
0.1237400099635124 -0.01499999966472387 -0.06439056992530823 
0.1432912796735764 0.0005399249494075775 -0.07000000774860382 
-0.01797386258840561 -0.003660458605736494 -0.05986643582582474 
-0.0252114050090313 -0.004416045732796192 -0.0168207660317421 
-0.002164295176044106 -0.01099999994039536 -0.01103739719837904 
0.03833422437310219 -0.006477707531303167 -0.05612315237522125 
-0.05267326533794403 -0.01492303144186735 -0.06719358265399933 
0.01298422832041979 -0.01037012971937656 -0.05517899990081787 
-0.09773795306682587 -0.01113532483577728 -0.06942673772573471 
0.05982555076479912 -0.01492235250771046 -0.04734838008880615 
-0.006145903374999762 0.003672277554869652 0.003320425050333142 
0.1351557821035385 0.01499999966472387 -0.05474472790956497 
0.08007188141345978 -0.01495312992483377 -0.04747218638658524 
0.08121304214000702 -0.008005689829587936 -0.06740964204072952 
-0.09425400197505951 0.007389530539512634 -0.05668253824114799 
0.1793166399002075 -0.0149999987334013 -0.06048054620623589 
-0.02409523166716099 0.01099999994039536 -0.02435815706849098 
0.01034240424633026 0.009408416226506233 -0.003623959142714739 
0.09335245937108994 -0.0149999987334013 -0.05430460721254349 
0.0531756691634655 0.005345125216990709 -0.02372151426970959 
0.1133217662572861 0.0149999987334013 -0.05754014849662781 
0.04721644893288612 -0.01099999994039536 -0.02775917202234268 
0.02455434203147888 -0.008130364120006561 -0.02414114028215408 
0.04787314683198929 0.01099999994039536 -0.02632732503116131 
0.04694904759526253 -0.0005919744726270437 -0.02185124531388283 
0.0002063477877527475 0.01099999994039536 -0.01779746450483799 
-0.0004924314562231302 -0.002428432926535606 -0.006956903729587793 
0.09628894925117493 -0.01265777926892042 -0.0697801262140274 
0.05076213181018829 -0.01201818510890007 -0.0450015664100647 
-0.01904807612299919 0.007894729264080524 -0.01295659691095352 
0.06714780628681183 -0.009678918868303299 -0.02586275897920132 
-0.04979598149657249 0.01099999994039536 -0.03305243700742722 
0.1406104266643524 -0.002472514985129237 -0.04398571327328682 
-0.02899926528334618 0.01499999966472387 -0.0592719279229641 
0.1225140020251274 -0.01499999966472387 -0.05239918828010559 
0.05046451836824417 0.005710766185075045 -0.02490634843707085 
-0.05101650208234787 0.008770596235990524 -0.03171936422586441 
0.1488654911518097 -0.01499933563172817 -0.06700757145881653 
-0.05513319000601768 -0.01099999994039536 -0.04091323912143707 
0.1868383288383484 -0.006836676970124245 -0.07000000774860382 
0.04655229672789574 0.01494759880006313 -0.04745357483625412 
0.09856968373060226 -0.01137257553637028 -0.06994696706533432 
-0.0636865571141243 0.01499999966472387 -0.05225750803947449 
0.04234183952212334 0.00720930052921176 -0.0139889307320118 
0.1985673308372498 0.01429163198918104 -0.06060992926359177 
-0.05097448825836182 -0.01099999994039536 -0.04168103262782097 
-0.0137225491926074 0.01099999994039536 -0.0403485894203186 
0.01992887072265148 -0.01085748802870512 -0.03796821087598801 
0.03715404495596886 0.00310901366174221 -0.05599929392337799 
-0.04620074108242989 -0.008127277716994286 -0.06858356297016144 
0.03566733747720718 -0.01099999900907278 -0.0363069474697113 
0.09087370336055756 -0.00545317679643631 -0.06939809024333954 
0.128213956952095 -0.002577777020633221 -0.04257450997829437 
0.1151140853762627 -0.001770731410942972 -0.07000000774860382 
-0.00729256309568882 0.01099999994039536 -0.02912728860974312 
-0.07319119572639465 0.01500000059604645 -0.06496982276439667 
0.05737656354904175 0.006814565975219011 -0.05972577631473541 
-0.03758290410041809 0.01499999966472387 -0.05607010424137115 
0.03019672259688377 0.007419061847031116 -0.05538082495331764 
0.0808461457490921 -0.01499999966472387 -0.0601152703166008 
0.04633175209164619 -0.0149358669295907 -0.04740233719348907 
-0.05784783512353897 -0.01282366923987865 -0.04512128978967667 
0.003396288957446814 -0.008660095743834972 0.01042525842785835 
0.1436133980751038 0.01447144523262978 -0.06868085265159607 
0.01682531088590622 -0.008167331106960773 -0.05506129562854767 
0.05465813726186752 -0.003170893061906099 -0.0227378848940134 
0.1526233553886414 -0.0149999987334013 -0.06394866108894348 
-0.06603593379259109 0.009425937198102474 -0.04039084911346436 
0.02862688712775707 -0.01496437285095453 -0.05271239578723907 
0.0474531427025795 0.01099999994039536 -0.02584201842546463 
0.03597865998744965 0.01499204523861408 -0.05297878012061119 
0.1816802620887756 0.01410723477602005 -0.05044009536504745 
-0.0136933084577322 0.01099999994039536 -0.04121720790863037 
0.1015918627381325 0.01500000059604645 -0.0509905181825161 
0.108887143433094 0.003539032302796841 -0.07000000774860382 
0.008263682946562767 -0.0149999987334013 -0.05141047388315201 
-0.09555777162313461 0.01077808625996113 -0.06988631933927536 
0.1773844361305237 -0.004170899745076895 -0.07000000774860382 
0.006387149915099144 0.007113686762750149 0.002803076524287462 
0.1853654235601425 0.01450386270880699 -0.05312742665410042 
0.07613290846347809 0.01499999966472387 -0.05392168834805489 
0.1080742254853249 0.0149999987334013 -0.05082309246063232 
-0.01637876406311989 -0.01099999994039536 -0.01287984102964401 
-0.02940160222351551 -0.01500000059604645 -0.05779789388179779 
0.09368498623371124 -0.01499999966472387 -0.06654629856348038 
0.08712881803512573 -0.01274373941123486 -0.06865053623914719 
0.02898580580949783 -0.0149999987334013 -0.05210618674755096 
-0.08550603687763214 0.01185160223394632 -0.05163189396262169 
0.01095814164727926 -0.009885345585644245 -0.00083593197632581 
0.1005281955003738 -0.008265497162938118 -0.03702825680375099 
0.169836163520813 -0.004720645025372505 -0.07000000774860382 
-0.01837641187012196 0.00793168880045414 -0.01231564860790968 
0.002660904079675674 0.008965871296823025 -0.03422290831804276 
-0.03016839548945427 0.006514589302241802 -0.06365200877189636 
8.270915714092553e-05 -0.002361617283895612 0.006992781534790993 
0.1637569069862366 0.006217092275619507 -0.04500002786517143 
-0.06424862891435623 -0.003845347324386239 -0.07000000774860382 
0.06381907314062119 0.01499999966472387 -0.05057993158698082 
0.02342646941542625 -0.01099999994039536 -0.03722689673304558 
0.1810369342565536 0.006242392584681511 -0.07000000774860382 
0.04372446611523628 -0.01498545613139868 -0.05405188724398613 
0.006204604171216488 0.006054840981960297 -0.01272241398692131 
0.1642942577600479 -0.006967523135244846 -0.04500002786517143 
-0.02970574796199799 0.01499999966472387 -0.05184103548526764 
-0.09804785251617432 -0.01480802707374096 -0.06654979288578033 
0.04449247941374779 -0.01099999994039536 -0.03556124493479729 
-0.01061255019158125 0.01099999994039536 -0.004300273489207029 
0.009770993143320084 0.01069317758083344 0.004375406540930271 
-0.04090438038110733 0.01099999994039536 -0.03553854301571846 
0.1398412883281708 0.01499999966472387 -0.05249163508415222 
-0.05651417374610901 -0.01099999994039536 -0.03948113694787025 
-0.002255007857456803 -0.01099999994039536 0.007622574456036091 
0.1681470572948456 -0.01459337957203388 -0.04649274796247482 
-0.08782890439033508 -0.01499999966472387 -0.05807219445705414 
-0.0101055521517992 -0.01099999994039536 -0.03115320205688477 
0.1324360519647598 -0.01499999966472387 -0.0607525147497654 
-0.06293918937444687 0.01239944063127041 -0.06996855884790421 
0.01856462843716145 -0.006962684914469719 -0.03819452598690987 
0.1884092390537262 -0.004538388922810555 -0.05330805107951164 
0.1886371374130249 0.006607172079384327 -0.05343963205814362 
0.1215543895959854 -0.008305096998810768 -0.04150332510471344 
0.1354689598083496 -0.007273175753653049 -0.07000000774860382 
-0.009273352101445198 -0.01099999994039536 -0.04237606376409531 
0.1259879171848297 -0.01500000059604645 -0.06687682867050171 
-0.07030275464057922 -0.01070602796971798 -0.04319746047258377 
0.05964082106947899 0.002670198678970337 -0.06031852960586548 
0.1344755291938782 0.01499999966472387 -0.0656714141368866 
-0.0308951623737812 0.009835561737418175 -0.06391087174415588 
0.0689970999956131 -0.002888873685151339 -0.02664848044514656 
-0.09083904325962067 0.01499999966472387 -0.06692854315042496 
0.1873820722103119 -0.01477926317602396 -0.05489577725529671 
0.08525058627128601 -0.01491990312933922 -0.06601587682962418 
0.137577012181282 0.007956797257065773 -0.07000000774860382 
-0.03884737938642502 -0.0149999987334013 -0.04826661571860313 
0.08799876272678375 -0.003554070368409157 -0.03350862860679626 
-0.01955871097743511 -0.01099999994039536 -0.02775853499770164 
-0.03494131565093994 0.008786375634372234 -0.06534919142723083 
-0.002994055394083261 -0.01099999994039536 -0.02941430173814297 
0.1110449582338333 0.005944675765931606 -0.03948894888162613 
-0.009310485795140266 0.01099999900907278 -0.01411035750061274 
0.002958441618829966 -0.003462725784629583 -0.0196838304400444 
-0.0008012845064513385 -0.007071258034557104 0.0109581220895052 
0.06777428090572357 0.01099999994039536 -0.04043563827872276 
0.1647098660469055 0.01496872585266829 -0.04763869941234589 
0.1675800830125809 0.001401228830218315 -0.07000000774860382 
0.1243265420198441 -0.01024347823113203 -0.04198009520769119 
-0.07993850111961365 0.002322103595361114 -0.04841748997569084 
0.1737463921308517 -0.0149999987334013 -0.05618705600500107 
0.1266975700855255 -0.0149999987334013 -0.06297178566455841 
0.02825332991778851 -0.002913577249273658 -0.05525752156972885 
0.02368007227778435 0.001528573222458363 -0.0152341378852725 
0.05215558409690857 -0.003123755566775799 -0.02466973662376404 
-0.09462808817625046 -0.01128885615617037 -0.07000000774860382 
-0.01764882355928421 -0.002549842465668917 -0.05978988856077194 
-0.08438491076231003 -0.004454481415450573 -0.07000000774860382 
0.1640366613864899 0.0149999987334013 -0.05232510715723038 
0.141427755355835 0.006167842075228691 -0.07000000774860382 
-0.0008224926423281431 0.01099999994039536 -0.01572969369590282 
-0.00650385906919837 -0.002300000051036477 -0.0007872272981330752 
0.07742033898830414 -0.0149999987334013 -0.05980022251605988 
0.06731431931257248 0.01500000059604645 -0.05925615131855011 
-0.007193904370069504 0.01099999994039536 -0.001698527485132217 
0.03636496141552925 -0.0005599129945039749 -0.01062586717307568 
-0.06890403479337692 0.01271679438650608 -0.04509688168764114 
-0.05038882791996002 -0.001395095488987863 -0.03135697543621063 
0.0106331966817379 0.003616744419559836 0.002801565220579505 
0.05268599092960358 -0.0009345849975943565 -0.0242091566324234 
0.1495539546012878 0.01500000059604645 -0.05136359483003616 
0.149150475859642 -0.01098751742392778 -0.04498489201068878 
-0.04699015244841576 0.01499999966472387 -0.06364696472883224 
0.1555076390504837 -0.01500000059604645 -0.05177783966064453 
-0.08090044558048248 -0.003581947181373835 -0.07000000774860382 
0.03345735371112823 0.01205872837454081 -0.04500498622655869 
0.00768840778619051 0.01099999994039536 0.004202284850180149 
0.06739239394664764 0.0006260909140110016 -0.06266322731971741 
-0.0619836151599884 0.01275139674544334 -0.06989698112010956 
-0.08087539672851562 0.0149999987334013 -0.05290735885500908 
0.1308653950691223 0.006260925438255072 -0.04292551800608635 
-0.00616405438631773 -0.00356980599462986 0.003281501121819019 
-0.08741112053394318 -0.0149999987334013 -0.06511968374252319 
0.1909289807081223 -0.0106344111263752 -0.07000000774860382 
0.002860439708456397 -0.003800638718530536 -0.0345376580953598 
-0.09653589874505997 0.002110708504915237 -0.06968546658754349 
-0.0245091188699007 -0.01481710188090801 -0.05971243232488632 
0.02759336307644844 0.01099999994039536 -0.03711409121751785 
-0.0006540566682815552 -0.01500000059604645 -0.05063667893409729 
0.0525086298584938 -0.002189163118600845 -0.02438598126173019 
-0.09009946137666702 -0.0149999987334013 -0.06041891872882843 
0.0593511089682579 0.008781874552369118 -0.02256915718317032 
-0.1000000089406967 0.00179950287565589 -0.06336954981088638 
-0.06762838363647461 0.009683688171207905 -0.07000000774860382 
0.08847314119338989 -0.01393544021993876 -0.04570958018302917 
-0.01921616867184639 -0.01099999994039536 -0.02647636458277702 
0.0007837418816052377 -0.003056990914046764 -0.02933862060308456 
-0.006972143426537514 0.007649629376828671 -0.0003184136585332453 
0.04842852056026459 -0.01499999966472387 -0.05045539140701294 
-0.01347567513585091 0.01380172092467546 -0.0456094928085804 
-0.07271714508533478 -0.01500000059604645 -0.06062648445367813 
0.1074228733778 0.01499999966472387 -0.05720609426498413 
0.05076643824577332 0.01499045081436634 -0.05522765219211578 
-0.09996084868907928 0.007196684367954731 -0.06128449365496635 
-0.01733991876244545 -0.01099999994039536 -0.02758836187422276 
-0.02646577917039394 -0.01024639140814543 -0.06233653426170349 
-0.02267002873122692 -0.006031482014805079 -0.01535350177437067 
0.03300540149211884 -0.01099999994039536 -0.03160551562905312 
0.1757334768772125 -0.003621381707489491 -0.04600167274475098 
-0.02578726597130299 0.01099999994039536 -0.0406668409705162 
0.1991172134876251 0.008627017959952354 -0.06802253425121307 
-0.04761286079883575 -0.001462752930819988 -0.02975426986813545 
0.04841312393546104 0.01099999994039536 -0.04022843018174171 
0.05122137069702148 0.007437556982040405 -0.0582762211561203 
-0.01073692366480827 -0.01099999994039536 -0.01279787626117468 
-0.01982112042605877 0.01099999994039536 -0.01588699594140053 
0.1220723837614059 -0.006765879690647125 -0.04158737137913704 
0.1152134835720062 -0.01499999966472387 -0.05638366192579269 
-0.0002652050461620092 0.01099999994039536 -0.02554720640182495 
0.1202966347336769 -0.01500000059604645 -0.06681442260742188 
0.09825946390628815 -0.01499999966472387 -0.0637039914727211 
0.009734200313687325 -0.0005827969871461391 -0.03927835822105408 
0.008879522792994976 -0.004227442666888237 -0.006986034102737904 
-0.01300591230392456 -0.01099999994039536 -0.01619061268866062 
0.02096869982779026 -0.01099999994039536 -0.04178770631551743 
0.02280167490243912 -0.008601157926023006 -0.03449135646224022 
0.03934814408421516 0.01099999994039536 -0.02286394685506821 
-0.02335747703909874 0.002244931412860751 -0.01575039885938168 
-0.05267395824193954 0.004017245955765247 -0.06959538906812668 
0.07058008015155792 0.001993328332901001 -0.06379864364862442 
0.0649552196264267 -0.01099999994039536 -0.04066136479377747 
0.01521165296435356 0.008816512301564217 -0.05507830902934074 
0.0416562631726265 0.01444108784198761 -0.05527497828006744 
0.07752933353185654 -0.01261946931481361 -0.04507031291723251 
-0.02236110158264637 -0.01469555031508207 -0.05935429036617279 
-0.0292911920696497 0.00843395758420229 -0.01917623728513718 
-0.001314126886427402 0.001093805767595768 0.005835895892232656 
0.08361384272575378 0.0149999987334013 -0.05989852547645569 
0.007619730662554502 0.009676354005932808 -0.03851881250739098 
0.05825705453753471 0.01099999994039536 -0.0265086404979229 
0.0947108268737793 -0.01499999966472387 -0.06496195495128632 
0.003463989589363337 0.004806874319911003 0.006078988313674927 
-0.06516765803098679 -0.01500000059604645 -0.06410676240921021 
0.07328613102436066 -0.008034565486013889 -0.02837624028325081 
-0.01529501471668482 -0.01099999994039536 -0.02779936231672764 
-0.03305909782648087 -0.01307754404842854 -0.04520513862371445 
0.08689625561237335 0.0149999987334013 -0.06233815103769302 
0.09792877733707428 0.002035476267337799 -0.03635182604193687 
0.1755170524120331 -0.01118925586342812 -0.07000000774860382 
0.09248742461204529 0.007980634458363056 -0.06957688927650452 
-0.002256819978356361 0.01433218270540237 -0.05553651973605156 
0.09987997263669968 -0.01115010119974613 -0.04452309757471085 
0.04360359162092209 -0.01099999994039536 -0.03916752338409424 
-0.0622018463909626 -0.009790923446416855 -0.03817723318934441 
-0.05851111188530922 -0.01395006105303764 -0.04572440683841705 
-0.0471029132604599 0.0149999987334013 -0.06199626997113228 
0.006745842751115561 0.006831639911979437 0.008644388988614082 
0.01254537142813206 -0.001904076663777232 -0.05520684272050858 
0.05954646319150925 0.01100000087171793 -0.04176877811551094 
0.1514206379652023 -0.01500000059604645 -0.0544227808713913 
0.01089562103152275 -0.007597905118018389 -0.001313273678533733 
-0.02101606503129005 0.01099999994039536 -0.04398797824978828 
0.1148325204849243 0.0149999987334013 -0.06468265503644943 
-0.08643417060375214 -0.01039377320557833 -0.05216775834560394 
0.05960512906312943 0.007623719517141581 -0.02266047894954681 
-0.01284910831600428 0.0132982088252902 -0.04530537128448486 
0.06460939347743988 0.008774660527706146 -0.06176024675369263 
0.005161804612725973 -0.01083585992455482 0.004700044170022011 
0.009599559940397739 -0.01238525193184614 -0.05536475032567978 
0.01061877142637968 -0.00333753228187561 -0.002864648122340441 
0.08759362250566483 -0.01099999994039536 -0.03941260650753975 
0.1406767815351486 -0.003320151008665562 -0.07000000774860382 
0.03195948153734207 -0.005571532994508743 -0.05549266934394836 
0.0774676650762558 0.01499999966472387 -0.05650482699275017 
-0.05974845588207245 0.002561711706221104 -0.03676076233386993 
0.02812283113598824 0.007675088942050934 -0.0104211550205946 
-0.06796851009130478 0.003494285978376865 -0.04150662198662758 
0.1912080943584442 0.003471571020781994 -0.05492397397756577 
-0.09050386399030685 -0.01499999966472387 -0.06304921209812164 
-0.09401249885559082 -0.0120678972452879 -0.06999406218528748 
0.1700454354286194 0.01499999966472387 -0.0492912195622921 
-0.02644820138812065 -0.006748578976839781 -0.06233107298612595 
0.03266202658414841 0.009153343737125397 -0.009547058492898941 
0.1065399348735809 0.01285277307033539 -0.04513373598456383 
0.1970858424901962 -0.01160981133580208 -0.05831748992204666 
0.01547233015298843 -0.01100607588887215 -0.04406943917274475 
0.05394148454070091 0.01099999994039536 -0.03671219572424889 
-0.06937225908041 0.005963199771940708 -0.07000000774860382 
0.166903629899025 -0.0002090581692755222 -0.07000000774860382 
0.05033497884869576 0.004153970628976822 -0.02486141584813595 
0.02768147550523281 0.001812363741919398 -0.05522123724222183 
0.1288730800151825 -0.0149999987334013 -0.05732163786888123 
0.0697077140212059 0.003952944651246071 -0.06348791718482971 
-0.05745117738842964 -0.000283999543171376 -0.06990548968315125 
-0.02986474893987179 0.01025874633342028 -0.01954942382872105 
0.02308423444628716 0.007784008979797363 -0.03401106595993042 
0.07410737127065659 0.01099999994039536 -0.03221702575683594 
-0.01834232173860073 0.0130302831530571 -0.05976596102118492 
0.02239386364817619 0.01497486513108015 -0.04763290286064148 
0.1743559837341309 -0.001635191962122917 -0.07000000774860382 
0.01003238372504711 0.001286272774450481 -0.05536628887057304 
0.1334566473960876 0.01499999966472387 -0.04827914014458656 
-0.04799722135066986 0.01099999994039536 -0.041612409055233 
0.09086139500141144 -0.01498098392039537 -0.04773938655853271 
0.04969116672873497 -0.002024466404691339 -0.0244927853345871 
0.05376624315977097 -0.008202488534152508 -0.05887554585933685 
-0.01370428781956434 -0.01073742471635342 -0.004133125301450491 
-0.02975889667868614 -0.01099999994039536 -0.02238745614886284 
0.06299968063831329 0.01099999994039536 -0.03582242876291275 
-0.08606519550085068 -0.005288399290293455 -0.07000000774860382 
0.05542329326272011 0.01099999994039536 -0.04283620417118073 
-0.0802643895149231 0.01288848742842674 -0.06986281275749207 
0.0322970487177372 0.01499969884753227 -0.05251764506101608 
0.07596461474895477 -0.01499999966472387 -0.061512541025877 
0.1509705930948257 -0.005971330218017101 -0.04471250623464584 
0.06276679039001465 -0.01500000059604645 -0.04855054616928101 
0.1965889036655426 -0.003128621261566877 -0.06933558732271194 
-0.03384757041931152 -0.01099999994039536 -0.03108573518693447 
0.04338731244206429 0.0128612108528614 -0.04513527080416679 
0.02334877662360668 0.01100052334368229 -0.04400663450360298 
-0.09916436672210693 0.01406212709844112 -0.06368339061737061 
0.02026557177305222 -0.006877326872199774 -0.03709558397531509 
-0.05830972269177437 -0.01203140523284674 -0.04500268027186394 
0.05299965292215347 -0.006000693887472153 -0.02389679849147797 
0.002908230759203434 -0.0004631511401385069 -0.05599276348948479 
0.07775881886482239 0.01099999994039536 -0.03142738342285156 
0.1725615113973618 0.01128112152218819 -0.0450458861887455 
0.04504304751753807 0.006893760524690151 -0.01777111552655697 
0.113987110555172 -0.006156968884170055 -0.04012596607208252 
0.1303767263889313 -0.01075332053005695 -0.04317080974578857 
-0.07961028814315796 -0.01269231364130974 -0.04833153635263443 
-0.03238333016633987 0.01100408006459475 -0.04405215382575989 
-0.03156646341085434 0.01099999994039536 -0.03832988068461418 
0.1775601804256439 0.002169954590499401 -0.07000000774860382 
-0.07299678772687912 0.01307632587850094 -0.06979724764823914 
0.04070160537958145 -0.002493059495463967 -0.01306049525737762 
0.0135661642998457 0.009898552671074867 -0.03963343054056168 
0.02725823409855366 0.0001039020135067403 -0.01091498788446188 
0.181188553571701 -0.004011515062302351 -0.07000000774860382 
-0.0174572579562664 0.01500000059604645 -0.05510488897562027 
-0.03644300252199173 0.01099999994039536 -0.02981987223029137 
0.03285031765699387 0.01125949248671532 -0.04466813057661057 
0.1352895200252533 -0.01499999966472387 -0.05948882550001144 
0.02492273598909378 -0.001004780409857631 -0.01304726488888264 
0.001089421915821731 0.003960008732974529 -0.03084135800600052 
0.003032441716641188 0.01099999994039536 0.006784937344491482 
-0.0471084900200367 0.01493808347731829 -0.06629524379968643 
0.1650137156248093 0.01499999966472387 -0.06295540183782578 
0.1985179334878922 0.01302645076066256 -0.06828465312719345 
-0.005765702575445175 -0.01099999994039536 -0.01539481710642576 
0.1511009186506271 -0.01499999966472387 -0.06335943937301636 
-0.07734211534261703 0.01499999966472387 -0.05434634536504745 
0.05285695567727089 -0.01099999994039536 -0.02625607885420322 
-0.01170770358294249 0.01179472357034683 -0.05839075893163681 
-0.01459081098437309 0.009541529230773449 -0.005261880811303854 
0.02821564301848412 0.01099999994039536 -0.01430900115519762 
-0.04481286555528641 0.00927869975566864 -0.06832333654165268 
0.03857094421982765 0.01047061197459698 -0.01199005916714668 
-0.05197568982839584 0.01499999966472387 -0.05253798514604568 
0.1489356458187103 -0.01499999966472387 -0.05835026502609253 
0.09097108989953995 0.01099999994039536 -0.03951678425073624 
-0.006564926356077194 -0.01099999994039536 0.00278700771741569 
-0.04937322810292244 0.0009120479226112366 -0.06917839497327805 
0.09723557531833649 0.01174443494528532 -0.06989748775959015 
0.02395421080291271 -0.0109539944678545 -0.02022326737642288 
0.2000000029802322 -0.008767453953623772 -0.06174017488956451 
-0.03350058943033218 -0.01243631541728973 -0.04503697156906128 
0.03157516196370125 -0.01204247493296862 -0.04500361531972885 
0.04334081336855888 0.0001583362463861704 -0.01458669826388359 
0.1591101139783859 -0.002950670197606087 -0.07000000774860382 
0.00955488346517086 0.01099009625613689 -0.003241520840674639 
0.1457461714744568 0.00258619780652225 -0.04438373073935509 
-0.02113866806030273 0.001930835656821728 -0.01446936745196581 
0.09590471535921097 -0.01500000059604645 -0.06496275216341019 
0.1184211671352386 -0.01499999966472387 -0.05801083520054817 
0.1028446331620216 -0.01500000059604645 -0.05679722875356674 
0.1389939039945602 0.003755449783056974 -0.07000000774860382 
0.07331200689077377 -0.001531504327431321 -0.06477172672748566 
0.1961500346660614 -0.009120475500822067 -0.06951971352100372 
-0.04891282692551613 0.003380542388185859 -0.03050480410456657 
-0.02690418250858784 -0.01099999900907278 -0.03018209896981716 
-0.07002528011798859 0.0149999987334013 -0.05507931858301163 
0.00531901977956295 -0.001817796612158418 -0.002736495807766914 
0.02928910218179226 0.01100000087171793 -0.03379485756158829 
-0.0618608370423317 0.0149999987334013 -0.05338973551988602 
0.0006406858447007835 0.005334195680916309 -0.02692807838320732 
0.01784729212522507 -0.01099999994039536 -0.04315436258912086 
-0.009863028302788734 -0.01099999994039536 -0.004297385923564434 
0.1630572825670242 -0.0149999987334013 -0.04911087080836296 
0.0006406760076060891 0.00186066422611475 -0.02732972986996174 
-0.05763295292854309 -0.01099999900907278 -0.04278974980115891 
0.01364209782332182 0.01253879629075527 -0.05512835085391998 
-0.03179774060845375 -0.01099999994039536 -0.02401781640946865 
-0.04726486280560493 -0.004636428318917751 -0.02955335378646851 
0.04013784602284431 -0.01099999900907278 -0.01572638191282749 
0.08465776592493057 0.0148857943713665 -0.04722292721271515 
-0.02588612213730812 -0.0149999987334013 -0.05305587127804756 
0.08269158005714417 -0.01499999966472387 -0.05507387965917587 
-0.03482561185956001 -0.006838137283921242 -0.06530909240245819 
0.1907308548688889 0.008536966517567635 -0.05464844033122063 
-0.03271796554327011 0.001483303494751453 -0.06456013768911362 
-0.07564473152160645 0.01499999966472387 -0.05459693074226379 
0.007373295724391937 0.005217292346060276 0.008117890916764736 
0.02616900019347668 -0.00505242170765996 -0.01172002777457237 
0.1102148219943047 0.01099999994039536 -0.04090863466262817 
-0.04620174318552017 -0.01499999966472387 -0.0626051127910614 
-0.010123610496521 -0.01099999994039536 -0.01153085753321648 
0.1160210892558098 -0.0149999987334013 -0.0486718937754631 
0.1166483238339424 0.0005780709907412529 -0.07000000774860382 
0.1528011113405228 -0.01240967400372028 -0.06996414810419083 
0.1081192791461945 0.000869326526299119 -0.03886046260595322 
0.1578310430049896 0.01417085994035006 -0.06905565410852432 
0.02341477200388908 -0.003075328888371587 -0.01602181419730186 
0.026510089635849 -0.004168237559497356 -0.05514691770076752 
-0.02196399495005608 -0.003406172851100564 -0.06096768379211426 
0.0375257283449173 0.002609552117064595 -0.05603830516338348 
-0.04090327769517899 -0.0149999987334013 -0.062884122133255 
0.0006855652900412679 0.00296660466119647 -0.05624694377183914 
0.1004495173692703 -0.005795400124043226 -0.07000000029802322 
-0.09548977017402649 0.009822208434343338 -0.06990028917789459 
-0.06784678995609283 -0.01499999966472387 -0.0643666535615921 
-0.08538689464330673 -0.01071344222873449 -0.07000000774860382 
-0.07806514948606491 -0.01499999966472387 -0.05506820231676102 
0.06921029090881348 0.01191594172269106 -0.0449942946434021 
-0.02489614486694336 -0.01499999966472387 -0.05471143126487732 
-0.02342679537832737 -0.01099999994039536 -0.02000072970986366 
-0.07718881964683533 0.01340299472212791 -0.04723298922181129 
0.03978484496474266 0.01499999966472387 -0.05169231817126274 
0.003864618018269539 -0.01099999994039536 -0.01015349291265011 
0.06008996814489365 0.0123025868088007 -0.04502647742629051 
0.008842386305332184 0.01099999994039536 -0.003590461798012257 
0.1979039907455444 -0.00354475062340498 -0.06878382712602615 
0.119312472641468 -0.009803201071918011 -0.07000000774860382 
-0.01295524649322033 0.006766938604414463 -0.001754402182996273 
0.02172822691500187 -0.00397669430822134 -0.035770233720541 
0.004751010332256556 -0.01316512655466795 -0.05557482689619064 
-0.02342129684984684 0.01046941895037889 -0.06139142066240311 
0.02474226243793964 0.00851972121745348 -0.02503578923642635 
0.02342711389064789 -0.0008272776613011956 -0.05506129190325737 
0.004140816628932953 -0.01099999994039536 -0.01426398288458586 
0.003915320616215467 0.00232984870672226 -0.0357949323952198 
-0.09026399999856949 -0.01453657820820808 -0.05600028485059738 
-0.08556999266147614 0.002320210915058851 -0.05166882276535034 
0.1065100878477097 0.009340032935142517 -0.03851348534226418 
0.1106526479125023 0.007262213155627251 -0.03940413147211075 
0.02621438167989254 0.009738517925143242 -0.01167870499193668 
0.05103320255875587 -0.0115578593686223 -0.04489286988973618 
0.1687896847724915 -0.00986744649708271 -0.07000000774860382 
0.03759786486625671 0.007702264469116926 -0.01130366232246161 
-0.03299720585346222 0.007447783835232258 -0.02131590433418751 
-0.04045286774635315 -0.009735793806612492 -0.02562044188380241 
-0.06734404712915421 -0.01420285832136869 -0.06902365386486053 
0.1552950590848923 0.004387201741337776 -0.04482453688979149 
-0.01259947381913662 -0.01099999994039536 -0.03233804553747177 
-0.06759808212518692 -0.008975415490567684 -0.04129275307059288 
0.046277716755867 -0.0005165347829461098 -0.02120190300047398 
-0.04495484009385109 -0.01099999994039536 -0.03714584186673164 
0.1085324138402939 0.01499999966472387 -0.06181992590427399 
0.1099423319101334 0.01186451315879822 -0.04498965293169022 
0.09479179233312607 -0.014528663828969 -0.06839650869369507 
0.02335008233785629 0.01193872280418873 -0.05506129190325737 
-0.04157540202140808 0.01499999966472387 -0.05863280594348907 
0.1943567395210266 0.0149855324998498 -0.06716535240411758 
0.005123511888086796 -0.00112354033626616 0.003103746799752116 
-0.04860226437449455 -0.01100000087171793 -0.03694553673267365 
0.1880903840065002 0.002170240506529808 -0.07000000774860382 
-0.003395552514120936 0.01099999994039536 -0.02912887372076511 
0.1624168157577515 -0.01333342213183641 -0.06967577338218689 
-0.02351160906255245 -0.01099999994039536 -0.03513454273343086 
0.05866314470767975 -0.01404391136020422 -0.05919904261827469 
0.02739957720041275 -0.0149999987334013 -0.05219056084752083 
-0.02412150613963604 -0.01497608609497547 -0.05881034210324287 
0.00818043015897274 -0.01099999994039536 0.002885529072955251 
0.05025360733270645 -0.01499999966472387 -0.04889065027236938 
-0.03926556557416916 0.01091157924383879 -0.02562008425593376 
0.001054818392731249 -0.005696618929505348 -0.05619752034544945 
0.04211253672838211 -0.01099999994039536 -0.02934481203556061 
0.0714246928691864 0.0149999987334013 -0.05473834276199341 
-0.08240033686161041 -0.005498006939888 -0.07000000774860382 
0.1539682745933533 -0.0149999987334013 -0.05955776572227478 
0.04009028896689415 -0.01099999994039536 -0.02090337686240673 
-0.06993803381919861 0.01475187949836254 -0.04681355506181717 
0.1297271251678467 -0.01499999966472387 -0.06501588225364685 
-0.02273870632052422 -0.01019072346389294 -0.01541599445044994 
0.03765296190977097 -0.01099999994039536 -0.01284352224320173 
0.1493310928344727 -0.01500000059604645 -0.04923785477876663 
-0.03610688447952271 -0.009675301611423492 -0.06575315445661545 
0.1340394020080566 -0.009877385571599007 -0.07000000774860382 
0.1554374396800995 -0.01499999966472387 -0.06283140182495117 
0.04965271055698395 0.01099999994039536 -0.0283956490457058 
-0.0865042433142662 -0.01499999966472387 -0.05957961082458496 
0.0107264332473278 -0.004962504841387272 0.002272800309583545 
0.153186708688736 -0.002720353193581104 -0.04477227106690407 
-0.01043958216905594 -0.01097515504807234 0.001776764984242618 
0.08393160253763199 -0.0149999987334013 -0.04836068674921989 
0.08706497400999069 0.01099999994039536 -0.03612670674920082 
0.06039024889469147 -8.425954729318619e-05 -0.06052793934941292 
-0.00213598576374352 0.001398979453369975 -0.0566520057618618 
0.05813047289848328 -0.01099999994039536 -0.04259328544139862 
0.1817063093185425 -0.01217552646994591 -0.06998464465141296 
-0.06730391830205917 0.002652260940521955 -0.041122917085886 
0.03306197375059128 0.01099999994039536 -0.03210660815238953 
0.018907081335783 0.01499999966472387 -0.04857078939676285 
-0.08527715504169464 -0.009860672056674957 -0.05149975791573524 
-0.003049607621505857 -0.009918510913848877 -0.006272195372730494 
0.164987713098526 -0.0149999987334013 -0.06411883234977722 
0.02666090615093708 0.005568067543208599 -0.01129739359021187 
0.1306836009025574 0.01499999966472387 -0.05720215663313866 
0.08450217545032501 -0.01099999994039536 -0.04252651706337929 
0.1642300188541412 0.005047968588769436 -0.07000000774860382 
-0.002893696539103985 -0.002300000051036477 0.005355872679501772 
-0.02998004108667374 0.01408711634576321 -0.04585792124271393 
0.1682766377925873 0.009380500763654709 -0.07000000774860382 
0.0008258833549916744 -0.01099999994039536 -0.01547515299171209 
0.06054756417870522 -0.0008680976461619139 -0.02305615320801735 
-0.01941840723156929 -0.003286775900050998 -0.06025638058781624 
0.1285314708948135 -0.01499999966472387 -0.05217158794403076 
-0.008577147498726845 -0.01099999994039536 -0.04154382646083832 
0.1997578591108322 0.0003554094582796097 -0.06706541776657104 
0.004131443798542023 -0.006645833142101765 -0.01716831885278225 
0.06092497333884239 0.01458046585321426 -0.05917724967002869 
0.09522134065628052 -0.005090056452900171 -0.03562099486589432 
-0.05703231692314148 -0.01397194899618626 -0.06914450973272324 
0.07928714156150818 -0.001943483948707581 -0.03056353703141212 
0.09322144091129303 0.01099999994039536 -0.04374831169843674 
-0.003222136059775949 0.01099999994039536 -0.03083667159080505 
-0.05198971927165985 -0.01500000059604645 -0.05545063316822052 
-0.01332484185695648 -0.0149999987334013 -0.05114592239260674 
-0.05179588869214058 -0.001823263242840767 -0.03216934204101562 
0.156648725271225 0.01485018339008093 -0.04709003493189812 
0.06705890595912933 -0.01099999994039536 -0.03860261291265488 
-0.05370102822780609 0.01499999966472387 -0.05211430042982101 
-0.02596705965697765 0.0008993325755000114 -0.06218171119689941 
0.03329698741436005 0.01099999994039536 -0.03491593524813652 
0.01486838050186634 0.01403171010315418 -0.04580346122384071 
0.09060079604387283 -0.01238854601979256 -0.06931386888027191 
0.1815362870693207 0.004339626524597406 -0.07000000774860382 
0.00922674685716629 -0.0148312933743 -0.04701051861047745 
0.1907435953617096 0.00883539579808712 -0.05465579777956009 
0.1299425661563873 0.006397468037903309 -0.0428040474653244 
0.06772735714912415 0.007773032877594233 -0.06278253346681595 
0.09774599224328995 -0.01183647569268942 -0.04498570784926414 
-0.05627163499593735 -0.01192722469568253 -0.06986173987388611 
-0.003022706136107445 0.01099999994039536 -0.04290593788027763 
-0.09342825412750244 0.01429329626262188 -0.05743687227368355 
0.1125292181968689 -0.01047591865062714 -0.0399351567029953 
-0.00989264715462923 -0.005364879965782166 0.004781707189977169 
0.06045438349246979 -0.01078009139746428 -0.06054586172103882 
0.06869921833276749 -0.001097225351259112 -0.06312869489192963 
0.1507126986980438 -0.0149999987334013 -0.06165812909603119 
-0.04360944032669067 0.01099999994039536 -0.03583581745624542 
-0.0820356011390686 0.01500000059604645 -0.06527235358953476 
-0.0009177444153465331 -0.005023252218961716 -0.006919697858393192 
0.1042105033993721 -0.0149783082306385 -0.0477159395813942 
-0.07888378947973251 -0.0149999987334013 -0.0624416396021843 
-0.02447630651295185 -0.01499999966472387 -0.04937244579195976 
0.05090276151895523 -0.005678505636751652 -0.05820119380950928 
0.005548141896724701 0.01329960487782955 -0.0453060083091259 
-0.02031194977462292 -0.01099999900907278 -0.03589960187673569 
0.1248062029480934 0.008736762218177319 -0.07000000774860382 
-0.05961779877543449 -0.014995152130723 -0.04789228364825249 
-0.09328368306159973 -0.0149999987334013 -0.06369791179895401 
0.07179271429777145 -0.001286931335926056 -0.06423057615756989 
0.00961640477180481 -0.0001318762078881264 -0.005405786912888288 
0.0527147501707077 0.0149815334007144 -0.05578457564115524 
0.003193879034370184 0.0006681358790956438 0.005060391966253519 
0.02185423113405704 -0.01420844905078411 -0.05407978594303131 
0.08121656626462936 0.01500000059604645 -0.05403853580355644 
-0.03389317542314529 -0.01499999966472387 -0.05068134516477585 
-0.01465330645442009 0.0003637522459030151 -0.0590844452381134 
-0.03983649238944054 -0.01500000059604645 -0.05011109262704849 
0.19294273853302 -0.003233415074646473 -0.07000000774860382 
0.08897286653518677 0.0008612655801698565 -0.03380486369132996 
-0.006977192126214504 0.01099999994039536 -0.01696034707129002 
0.04064524918794632 0.01099999994039536 -0.04318553954362869 
0.1745827198028564 0.003586379112675786 -0.04548302292823792 
-0.08203618228435516 -0.005806982517242432 -0.07000000774860382 
0.1718775033950806 0.0009979531168937683 -0.07000000774860382 
-0.087711401283741 0.01496091298758984 -0.06748216599225998 
-0.03314527869224548 -0.007899284362792969 -0.06471234560012817 
0.006833282299339771 -0.007923053577542305 -0.001440844614990056 
0.02607870288193226 -0.01185779180377722 -0.05512332171201706 
-0.01833412982523441 -0.01099999994039536 -0.03131331503391266 
-0.0803627073764801 -0.006140446290373802 -0.07000000774860382 
0.007821355015039444 -0.01099999994039536 0.00149201275780797 
0.001765650231391191 -0.003095103893429041 0.006746261846274137 
0.07211227715015411 0.01297221332788467 -0.04516534879803658 
0.1138572543859482 0.01082423888146877 -0.07000000774860382 
0.03773760423064232 -0.01500000059604645 -0.0523032434284687 
-0.006716283969581127 -0.007709181401878595 -0.05744339525699615 
0.08866138756275177 0.01499999966472387 -0.06392040103673935 
0.06884954124689102 0.01099999994039536 -0.03859234228730202 
0.02881535887718201 0.008871117606759071 -0.01012804545462132 
0.1778194904327393 -0.01289958506822586 -0.06985298544168472 
0.168681412935257 -0.01499999966472387 -0.05131703242659569 
0.1124486774206161 0.0149999987334013 -0.06565829366445541 
0.0573289766907692 -0.01009043492376804 -0.05971456319093704 
0.01897284388542175 -0.0149999987334013 -0.04955318197607994 
0.02498246729373932 -0.0008321308996528387 -0.02679063379764557 
0.009898548945784569 0.007869943976402283 -0.05537478253245354 
0.1335736662149429 -0.01465190853923559 -0.0683845579624176 
0.0904061496257782 0.01500000059604645 -0.05599159002304077 
0.1018003672361374 0.01100000087171793 -0.04288526996970177 
-0.07064060121774673 0.01499999966472387 -0.05210238322615623 
0.01522492524236441 -0.01499999966472387 -0.05078305304050446 
0.04544882848858833 0.01099999994039536 -0.03153465688228607 
-0.07630174607038498 -0.0149999987334013 -0.05854813009500504 
0.1373971402645111 -0.01499999966472387 -0.05997280403971672 
-0.08950278162956238 0.01170524396002293 -0.07000000774860382 
-0.06316834688186646 0.001708848401904106 -0.03873524814844131 
0.1079901680350304 0.01500000059604645 -0.05529411882162094 
0.0001420872285962105 -0.01099999994039536 -0.04065308719873428 
-0.05683634430170059 0.01500000059604645 -0.05919987708330154 
0.140171155333519 -0.0149999987334013 -0.05203726142644882 
0.1993836164474487 -0.01380625925958157 -0.06299784779548645 
0.04660177603363991 0.01495582610368729 -0.04748958721756935 
0.04803165048360825 0.01396041456609964 -0.05692620947957039 
-0.0009821084095165133 -0.01099999994039536 -0.02895400300621986 
0.1249714717268944 -0.003172816708683968 -0.04206005483865738 
0.1585264503955841 -0.005442144814878702 -0.07000000774860382 
0.1071451678872108 0.01247373037040234 -0.04504143819212914 
-0.09720425307750702 -0.006453436799347401 -0.05838586017489433 
0.06634026765823364 0.01099999994039536 -0.03648417815566063 
0.03998688235878944 0.01099999994039536 -0.01994352228939533 
-0.04918354377150536 -0.01444179750978947 -0.0462593175470829 
-0.06190429627895355 0.01500000059604645 -0.06687436252832413 
0.1686749160289764 0.01111479010432959 -0.04500002413988113 
-0.006030756048858166 -0.01099999900907278 -0.03567405417561531 
0.03343165293335915 -0.01500000059604645 -0.05121947824954987 
-0.03302174061536789 0.008798453956842422 -0.06466834247112274 
0.1332017481327057 0.007822813466191292 -0.04321911931037903 
0.005813976749777794 0.005721814464777708 0.009296666830778122 
0.02288069389760494 0.002545090857893229 -0.05506128817796707 
0.04525856673717499 0.01427382603287697 -0.05612913519144058 
0.08353248983621597 0.01452669315040112 -0.06655775010585785 
0.09243973344564438 0.01383769698441029 -0.06890057027339935 
-0.09167720377445221 -0.01500000059604645 -0.0651131346821785 
0.03098608180880547 -0.01100000087171793 -0.0315658263862133 
0.1396671980619431 -0.002668591681867838 -0.04391312971711159 
0.001468238537199795 -0.001979356864467263 -0.03188228979706764 
0.1602408587932587 0.01473810710012913 -0.04680029675364494 
0.1812141239643097 0.0149999987334013 -0.06319859623908997 
0.1752293705940247 0.01499999966472387 -0.06581046432256699 
0.004300860688090324 0.01479949243366718 -0.04693194478750229 
0.1297494024038315 0.0107329785823822 -0.04307868704199791 
-0.01304929330945015 0.01099999994039536 -0.01755586825311184 
0.03063705936074257 0.01099999994039536 -0.02452578209340572 
0.0005720463814213872 0.01099999994039536 -0.01452317554503679 
0.1411321610212326 -0.01499999966472387 -0.06350919604301453 
-0.03508466109633446 4.906079266220331e-05 -0.06539887189865112 
-0.05485007539391518 0.005017234478145838 -0.06980902701616287 
0.1566169261932373 0.0149999987334013 -0.05927253514528275 
-0.04305032268166542 -0.0009643564699217677 -0.06791491061449051 
0.1905492097139359 -0.00942104309797287 -0.05454356223344803 
0.05934613943099976 -0.005445270333439112 -0.06023618578910828 
-0.04498416930437088 0.01499999966472387 -0.05337875336408615 
0.02348357997834682 0.01080895215272903 -0.01839358732104301 
0.1581066995859146 -0.01487654913216829 -0.06781158596277237 
0.05652526393532753 0.01499999966472387 -0.05342742055654526 
0.02310599759221077 0.007208376657217741 -0.01760330237448215 
-0.07168644666671753 0.005033954977989197 -0.04365314543247223 
0.1809787452220917 0.01184789184480906 -0.07000000774860382 
0.03112604096531868 0.01099999994039536 -0.0439453199505806 
0.07676815241575241 0.01347746327519417 -0.04538990184664726 
0.1069316938519478 0.01196646317839622 -0.07000001519918442 
0.04048915207386017 -0.01099999994039536 -0.01820029132068157 
-0.06667900085449219 -0.01499999966472387 -0.0591781809926033 
-0.0534435361623764 0.008098340593278408 -0.03312061727046967 
-0.00897651445120573 -0.01099999994039536 -0.03324955329298973 
0.02431173622608185 0.01186064258217812 -0.05506168678402901 
0.1236616969108582 0.01483759190887213 -0.06795698404312134 
-0.08827092498540878 0.001724425703287125 -0.05322821065783501 
0.1154690906405449 0.01499999966472387 -0.06666179001331329 
0.06106028705835342 0.01499999966472387 -0.05214895308017731 
0.1834776252508163 0.01154291909188032 -0.05046077817678452 
0.05363469943404198 0.01099999994039536 -0.02536710724234581 
-0.06579898297786713 -0.01451705861836672 -0.04637308418750763 
0.1769568920135498 -0.01500000059604645 -0.05650471150875092 
0.02445757947862148 0.001440797001123428 -0.03105062618851662 
0.02698993869125843 0.01099999994039536 -0.01952652260661125 
-0.01378029026091099 -0.01499999966472387 -0.05277808755636215 
-0.07430104911327362 -0.01499999966472387 -0.06540291011333466 
0.002420961856842041 -0.01499999966472387 -0.04900023713707924 
0.16839200258255 0.0149999987334013 -0.06226948648691177 
0.1751397848129272 0.01499999966472387 -0.05461746454238892 
-0.008574331179261208 0.0004083039239048958 0.006829330697655678 
0.129444345831871 0.003471402218565345 -0.07000000774860382 
0.02458379417657852 -0.007609027903527021 -0.0242221150547266 
0.1700383126735687 0.01008774433284998 -0.04500002786517143 
0.1770643293857574 -0.01439820416271687 -0.06878545880317688 
0.05762110650539398 -0.007744293194264174 -0.02217930927872658 
-0.0802171528339386 -0.0143547635525465 -0.04990046471357346 
0.1106047630310059 -0.002452979097142816 -0.03939653187990189 
0.1660136878490448 -0.01499999966472387 -0.06022955477237701 
-0.08585561811923981 0.01089369971305132 -0.05183373391628265 
0.1969902217388153 0.0131779033690691 -0.06889420747756958 
0.1321534216403961 0.001469378359615803 -0.07000000774860382 
0.1747573167085648 0.01216900162398815 -0.04556349664926529 
-0.01507095340639353 -0.0005383316893130541 -0.00629155058413744 
-0.06099817156791687 -0.006021520588546991 -0.03748229146003723 
0.001308025675825775 0.009343354962766171 -0.006868866272270679 
0.1976406276226044 0.003657738212496042 -0.06889431178569794 
0.03449160605669022 0.0005054249195381999 -0.00987293291836977 
0.1540235877037048 0.01022175699472427 -0.07000000774860382 
0.09229102730751038 0.008386163972318172 -0.06955741345882416 
0.1997025907039642 -0.0132758729159832 -0.06477747857570648 
-0.04241744056344032 0.001392013393342495 -0.06774537265300751 
0.01529975980520248 -0.009872538037598133 -0.03938238322734833 
-0.003698492422699928 0.01099999994039536 -0.02610300108790398 
-0.03590971976518631 0.004197010770440102 -0.06568481773138046 
0.05468585342168808 -0.0149999987334013 -0.05512838810682297 
0.02079644426703453 -0.01101834699511528 -0.04418521746993065 
0.05158140510320663 -0.0102400416508317 -0.05836101621389389 
-0.09597653895616531 -0.008639512583613396 -0.05767704173922539 
-0.08356180042028427 0.01374603435397148 -0.05115822702646255 
0.02158978022634983 0.01099999994039536 -0.04285548627376556 
0.01444712653756142 -0.0149999987334013 -0.04853449016809464 
0.1379480361938477 0.01499999966472387 -0.05808813869953156 
-0.002064477652311325 -0.0009214931633323431 0.005632407497614622 
0.01586485281586647 -0.01499999966472387 -0.05148359760642052 
-0.0389082059264183 0.01099999994039536 -0.03449447453022003 
0.117286890745163 -0.01025381684303284 -0.04080639779567719 
0.1785181760787964 -0.001182123553007841 -0.07000000774860382 
0.02758412808179855 -0.005127555225044489 -0.05521506071090698 
0.09273304045200348 0.01258847862482071 -0.04506326094269753 
0.07698459178209305 -3.376015229150653e-06 -0.06605734676122665 
-0.01202852558344603 -0.01099999994039536 -0.03420207649469376 
0.04523346200585365 0.01099999994039536 -0.03124956972897053 
0.04722611606121063 -0.01491473242640495 -0.04731759428977966 
0.0009089891682378948 -0.01426243875175714 -0.05521995201706886 
0.187288910150528 -0.01499999966472387 -0.06508468091487885 
-0.02708358876407146 -0.01099999994039536 -0.02861358784139156 
0.03524087369441986 -0.01099999900907278 -0.03915338963270187 
-0.04760807752609253 0.004216780886054039 -0.02975150570273399 
-0.04610031470656395 0.01099999994039536 -0.04193652793765068 
0.05392309278249741 0.01099999994039536 -0.02713783644139767 
-0.0007847349043004215 0.002288313815370202 0.005931328516453505 
0.07368028163909912 -0.001784666441380978 -0.02852985821664333 
-0.08990881592035294 0.005555004347115755 -0.05417384207248688 
-0.09236090630292892 -0.01368700340390205 -0.06946715712547302 
0.06860604882240295 0.01099999900907278 -0.02773210965096951 
0.1639347523450851 -0.01500000059604645 -0.05307576432824135 
-0.003072675550356507 0.00778321223333478 0.006261450238525867 
-0.06877948343753815 0.0149999987334013 -0.0540892630815506 
-0.0336773581802845 0.0008616447448730469 -0.02170859277248383 
-0.02932858094573021 -0.01100000087171793 -0.02700480259954929 
0.01050147879868746 -0.01019533537328243 0.003123845206573606 
0.1359987705945969 0.01499999966472387 -0.05772745609283447 
0.1922388970851898 0.003626407589763403 -0.07000000774860382 
0.00994455348700285 -0.01096933521330357 0.00230620545335114 
0.1758192926645279 0.0149999987334013 -0.06370074301958084 
-0.06905937939882278 0.0149999987334013 -0.05473337322473526 
0.1335012912750244 0.002718470059335232 -0.04325133189558983 
0.1373143494129181 0.01500000059604645 -0.05364355817437172 
0.1626437306404114 -0.0149999987334013 -0.05393605306744576 
-0.09057985991239548 -0.006791919469833374 -0.07000000774860382 
-0.0285477302968502 -0.01099999994039536 -0.043404221534729 
-0.03006863966584206 0.005015593487769365 -0.01962509751319885 
0.1341818571090698 0.008657714352011681 -0.04332451522350311 
0.1740213632583618 0.0009169040713459253 -0.04529629647731781 
0.1804880499839783 0.01124477200210094 -0.07000000774860382 
-0.01955967582762241 -0.01220281049609184 -0.06027742475271225 
-5.218945443630219e-05 0.01499999966472387 -0.05223958566784859 
-0.1000000089406967 0.0008593155071139336 -0.06562048196792603 
0.03841572999954224 0.01099999994039536 -0.01831855438649654 
0.1044192314147949 0.01422256231307983 -0.04599450528621674 
0.1280513405799866 -0.003349005943164229 -0.04255293309688568 
0.002312140539288521 -0.003121281508356333 0.006599811837077141 
-0.01711430773139 0.01499999966472387 -0.0550985224545002 
0.02836266160011292 -0.01496154628694057 -0.05272964760661125 
0.1671356558799744 0.0002839148510247469 -0.07000000774860382 
0.1148485690355301 0.01265682838857174 -0.06991800665855408 
0.00777781568467617 0.005148778669536114 -0.009348653256893158 
0.1339447796344757 0.01499999966472387 -0.05158773064613342 
0.06640749424695969 0.01485798135399818 -0.0471053458750248 
0.1206301599740982 -0.01100000087171793 -0.04333140701055527 
-0.06541834026575089 -0.0006833700463175774 -0.04003427922725677 
0.03591108322143555 0.01099999994039536 -0.02100860886275768 
-0.03923860564827919 0.001246945466846228 -0.06683854013681412 
0.1935996860265732 -0.01293097250163555 -0.05648425966501236 
0.008951373398303986 0.01099999994039536 -0.043778907507658 
0.02343464829027653 0.007658750750124454 -0.01596280373632908 
0.1067383289337158 -0.01499999966472387 -0.06020414084196091 
-0.07674978673458099 -0.009019666351377964 -0.04657649248838425 
0.04231225326657295 0.01499999966472387 -0.05250295251607895 
0.1825593113899231 0.006634941324591637 -0.04993059486150742 
0.1036541014909744 -0.01099999994039536 -0.04342371225357056 
0.06989087909460068 0.007334629073739052 -0.02702759765088558 
0.04350103437900543 0.01099999994039536 -0.04029560089111328 
-0.09774401783943176 0.0128818154335022 -0.05885404348373413 
0.1906399130821228 -0.01499999966472387 -0.05832564458250999 
-0.06238903850317001 -0.01099999994039536 -0.04065347835421562 
0.07964877784252167 -0.01099999994039536 -0.04017826169729233 
0.08991424739360809 -0.007364935241639614 -0.03408993408083916 
0.0696868896484375 0.01495377440005541 -0.06085247918963432 
-0.05393609404563904 -0.01499999966472387 -0.06488405168056488 
-0.03365655988454819 -0.01099999994039536 -0.04375239089131355 
0.1882786452770233 -0.01108200661838055 -0.05323264747858047 
0.1672423183917999 -0.01482589729130268 -0.04699379950761795 
-0.09389745444059372 0.01481845322996378 -0.06802752614021301 
0.1836859583854675 -0.01148150954395533 -0.05058106034994125 
0.159600093960762 -0.005928338505327702 -0.04492148756980896 
-0.05294898524880409 0.01099999994039536 -0.03852463513612747 
0.1790850013494492 -0.008965373039245605 -0.0479247011244297 
0.06613810360431671 0.01473489869385958 -0.06037359684705734 
-0.01207107864320278 -0.01099999994039536 -0.030146649107337 
0.1752415299415588 0.001877733506262302 -0.04576152563095093 
-0.009898994117975235 0.01099999994039536 -0.01991323195397854 
0.1727858781814575 -0.01500000059604645 -0.04951105639338493 
-0.007768823765218258 0.01459958590567112 -0.05610036849975586 
0.0427541509270668 0.01099999994039536 -0.02760246768593788 
0.1309294998645782 0.01499999966472387 -0.05861838907003403 
-0.0004573450423777103 -0.01099999994039536 -0.01632107049226761 
0.09071367979049683 -0.01420129649341106 -0.06836952269077301 
0.1777989864349365 -0.0149999987334013 -0.05248126015067101 
0.00315653532743454 0.01500000059604645 -0.04855160042643547 
0.09018787741661072 -0.0149999987334013 -0.05632632970809937 
0.1970609277486801 0.01495970971882343 -0.06123549491167068 
0.08573518693447113 -0.0149999987334013 -0.052903912961483 
-0.01728346198797226 -0.01099999994039536 -0.03605418652296066 
0.101759284734726 -0.01499999966472387 -0.05740159004926682 
0.05661354959011078 0.002107796026393771 -0.02219556085765362 
0.02299772948026657 0.01099999994039536 -0.03690654411911964 
0.04529566690325737 -0.01272895187139511 -0.05709519982337952 
0.02097868546843529 -0.006310471333563328 -0.03649738430976868 
0.1701555848121643 -0.01414020359516144 -0.06908631324768066 
-0.05337968468666077 -0.01099999994039536 -0.04066719114780426 
0.06954933702945709 0.0149999987334013 -0.04892045259475708 
0.04507701843976974 -0.01099999994039536 -0.02667518891394138 
-0.01866390742361546 -0.01099999994039536 -0.03172477707266808 
0.1100926622748375 0.01500000059604645 -0.06253167241811752 
-0.04792192578315735 -0.01499999966472387 -0.05011375248432159 
0.1230176538228989 -0.01500000059604645 -0.05978082865476608 
0.1713093668222427 -0.01060956530272961 -0.04500002786517143 
0.1434951275587082 -0.01253368146717548 -0.04504885151982307 
-0.04200917482376099 -0.01387579087167978 -0.04565954953432083 
-0.07894928753376007 0.01499999966472387 -0.05622358620166779 
0.1683719307184219 -0.007398002780973911 -0.07000000774860382 
0.0418260395526886 0.01428470946848392 -0.0555250383913517 
0.1315029561519623 -0.004532983526587486 -0.07000000774860382 
0.002450345084071159 0.01099999994039536 -0.01461972575634718 
0.122123658657074 0.01438026502728462 -0.0688110738992691 
-0.02377292513847351 -0.01099999994039536 -0.0360238179564476 
-0.06757403165102005 0.01500000059604645 -0.0504167228937149 
0.1147204637527466 0.01496509462594986 -0.06739895790815353 
0.004414591006934643 -0.003840936813503504 -0.005421747919172049 
0.07408037781715393 -0.01500000059604645 -0.05494841933250427 
0.005329497158527374 0.01099999994039536 0.0083575788885355 
-0.02595815621316433 -0.01499999966472387 -0.05221001803874969 
-0.000331411138176918 -0.01099999994039536 -0.01633431576192379 
0.077471524477005 -0.01204580068588257 -0.04500389844179153 
-0.005998717155307531 0.001915023545734584 1.465165678382618e-05 
-0.02143136784434319 -0.0149999987334013 -0.05047573894262314 
0.03196674585342407 -0.005083880852907896 -0.05549313500523567 
-0.01441277284175158 -0.01099999994039536 -0.007700337562710047 
0.196489155292511 0.003448831848800182 -0.0579729899764061 
0.04830873012542725 0.01031870953738689 -0.05771853774785995 
0.03103477694094181 -0.01099999994039536 -0.02273200266063213 
0.1382417678833008 0.001037738518789411 -0.04376279935240746 
-0.0841083899140358 -0.01206638291478157 -0.05083099752664566 
0.03074241802096367 -0.01099999994039536 -0.01696621812880039 
0.003965753596276045 0.006927234120666981 -0.005736032500863075 
-0.06315036118030548 0.008070413023233414 -0.03872485458850861 
0.001901101320981979 0.008001089096069336 0.006709963083267212 
0.02807758003473282 -0.01099999994039536 -0.0238533727824688 
0.06200055032968521 0.01099999994039536 -0.02668801322579384 
0.1718170195817947 -0.01500000059604645 -0.05741061270236969 
0.004558116663247347 0.004965202882885933 0.01000240538269281 
-0.0401170626282692 0.01499999966472387 -0.05034417659044266 
0.04925178363919258 -0.01099999994039536 -0.03316307812929153 
-0.003688467666506767 0.01499999966472387 -0.04962603747844696 
0.1821410655975342 0.007571533787995577 -0.04968912526965141 
0.176732674241066 0.00295586884021759 -0.04656658321619034 
0.1801806837320328 -0.01499999966472387 -0.06305729597806931 
0.006691222079098225 -0.01099999994039536 0.003217235906049609 
-0.01483083330094814 0.001785869244486094 -0.05912625417113304 
-0.05548554658889771 -0.01100000087171793 -0.04044732451438904 
0.1282785683870316 0.00434906966984272 -0.07000000774860382 
0.0882461741566658 0.01433258317410946 -0.0461200587451458 
-0.05521409586071968 -0.01100000087171793 -0.04282824322581291 
0.1456839293241501 -0.01400062441825867 -0.06922589987516403 
0.006206017918884754 0.002884958637878299 -0.03770240396261215 
-0.002703536301851273 0.01500000059604645 -0.04822207614779472 
-0.0820450484752655 0.004069527611136436 -0.0496337041258812 
0.07594310492277145 0.004200762137770653 -0.06569639593362808 
-0.04394740983843803 0.0149999987334013 -0.05525733903050423 
0.0319213792681694 0.008630851283669472 -0.009522362612187862 
0.001620511990040541 -0.009922335855662823 0.006785156205296516 
0.1722809374332428 -0.01448859553784132 -0.04636687040328979 
-0.01550033502280712 0.005123503040522337 -0.007212360389530659 
0.1259742081165314 0.01500000059604645 -0.05668956786394119 
-0.07481592893600464 0.004489666316658258 -0.04545997455716133 
-0.06214036792516708 0.01099999994039536 -0.04061360657215118 
-0.05733288824558258 0.003487548790872097 -0.06990109384059906 
0.1757804453372955 0.01499999966472387 -0.06132625788450241 
-0.09877981245517731 0.01138139143586159 -0.0689290463924408 
-0.04520435258746147 -0.01099999994039536 -0.03013015910983086 
0.07668056339025497 0.01500000059604645 -0.06189927831292152 
-0.01659402437508106 0.0140923447906971 -0.04586306214332581 
0.1090910881757736 0.00911189429461956 -0.07000000774860382 
-0.01532061025500298 -0.003940456546843052 -0.05924159660935402 
-0.01182499621063471 -0.01099999994039536 -0.01151796896010637 
0.007989207282662392 -0.01099999994039536 0.001842905068770051 
0.1590962111949921 -0.0149999987334013 -0.05551242083311081 
-0.09550780057907104 0.001333820167928934 -0.06989657878875732 
0.001635218737646937 -0.01053875871002674 -0.02214031107723713 
0.04628317430615425 -0.001935585401952267 -0.05736855417490005 
0.09423264116048813 0.001136770471930504 -0.06974996626377106 
-0.03925568982958794 0.0149999987334013 -0.05025594681501389 
-0.08646893501281738 -0.01499999966472387 -0.06640716642141342 
0.05967960506677628 -0.01099999994039536 -0.03957840800285339 
0.05683838576078415 0.01099999900907278 -0.03468106687068939 
0.04664231836795807 -0.0008134996751323342 -0.02155456133186817 
-0.05133548751473427 0.001442699693143368 -0.06946125626564026 
0.03909670561552048 0.007919628173112869 -0.05621780082583427 
0.08847703039646149 0.00592694990336895 -0.03365500271320343 
0.1743813455104828 0.01334687322378159 -0.04576859995722771 
-0.0174776017665863 -0.01351065933704376 -0.04541129991412163 
0.05065198242664337 -0.0002221881877630949 -0.0249480027705431 
0.09756190329790115 0.0149999987334013 -0.05013130605220795 
0.0956878587603569 -0.01099999994039536 -0.04017607867717743 
-0.04539958760142326 -0.007412830367684364 -0.06843334436416626 
0.04372020438313484 0.01099999994039536 -0.03066858276724815 
0.09389406442642212 0.001625164411962032 -0.03526498377323151 
0.01058871950954199 0.001412973739206791 -0.002947214292362332 
0.1523456275463104 0.01001364178955555 -0.07000000774860382 
0.1946359872817993 -0.01321670692414045 -0.0697147324681282 
-0.09543748944997787 -0.01499999966472387 -0.06262195855379105 
0.08822006732225418 -0.01376558747142553 -0.0683644711971283 
0.1390772312879562 0.01052169129252434 -0.07000000774860382 
0.1830439418554306 0.003798874095082283 -0.07000000774860382 
0.005742089822888374 -0.01071718335151672 -0.0377892330288887 
-0.04961241781711578 0.004972536116838455 -0.06922324001789093 
-0.04024640843272209 -0.005715914536267519 -0.02550124004483223 
0.1277247369289398 -0.01331786345690489 -0.04530806839466095 
0.08044839650392532 -0.01420450489968061 -0.04596945643424988 
-0.04600931704044342 -0.01087803114205599 -0.02943555079400539 
0.07960358262062073 0.01478568464517593 -0.04690233245491982 
-0.04343696311116219 -0.0103450957685709 -0.06800737977027893 
0.187920093536377 -0.01283689960837364 -0.05317603796720505 
0.02294790558516979 0.01099999994039536 -0.04335465654730797 
0.06214595586061478 0.003956019878387451 -0.0237355399876833 
-0.05922778695821762 0.006882279645651579 -0.06997136771678925 
0.02353080734610558 -0.001301887212321162 -0.03323789313435555 
-0.08485946804285049 -0.0006546932272613049 -0.05125860124826431 
-0.01164688915014267 0.01099999994039536 -0.0268043652176857 
-0.003945803735405207 -0.01099999994039536 -0.01608679257333279 
0.04834543168544769 -0.01100000087171793 -0.02536150254309177 
0.01118285208940506 0.01497163809835911 -0.04760845378041267 
-0.003799166530370712 0.01319561433047056 -0.04525845497846603 
-0.02027760073542595 0.01499999966472387 -0.04804518073797226 
-0.0126145938411355 0.01099999994039536 -0.04068158194422722 
-0.02438586018979549 0.01099999994039536 -0.0296150129288435 
-0.003367877099663019 -0.01099999994039536 -0.00976978987455368 
0.03931634128093719 0.01099999994039536 -0.0366433709859848 
0.1452315598726273 0.0005920575349591672 -0.07000000774860382 
-0.01494997832924128 0.01499999966472387 -0.05421305447816849 
-0.03269246965646744 -0.004568608943372965 -0.06455105543136597 
-0.09487399458885193 0.00918351486325264 -0.05704048648476601 
-0.03618660941720009 0.01499999966472387 -0.05842189863324165 
0.003178071230649948 -0.01099999994039536 -0.01213192380964756 
0.1532463580369949 -0.01455207355320454 -0.06856569647789001 
0.1877510845661163 0.01027693785727024 -0.05292806401848793 
0.004846426192671061 -0.00836355984210968 -0.005015379749238491 
0.1073951795697212 -0.01499999966472387 -0.06307513266801834 
-0.09734851121902466 -0.01488044671714306 -0.06724115461111069 
-0.008811518549919128 0.01099999994039536 -0.02252150513231754 
-0.01209859549999237 -0.005623746663331985 -0.0584828108549118 
-0.02376320958137512 0.008114853873848915 -0.06149756908416748 
-0.09113588929176331 0.01306961663067341 -0.06980016082525253 
-0.05004065483808517 -0.01499999966472387 -0.04838963970541954 
-0.003599019721150398 -0.01499999966472387 -0.04918374493718147 
0.08240024745464325 -0.0101923206821084 -0.03168187290430069 
0.1261996626853943 -0.0007001368794590235 -0.04225987195968628 
-0.02363920211791992 -0.01499999966472387 -0.0534026063978672 
0.095233254134655 -0.0148261459544301 -0.06782292574644089 
0.07659462839365005 0.0005770655116066337 -0.06592219322919846 
0.1329515129327774 -0.01499999966472387 -0.05495725199580193 
-0.02540775761008263 -0.01099999994039536 -0.03889431804418564 
0.1154053062200546 -0.01499999966472387 -0.06611532717943192 
-0.04929296299815178 -0.01499999966472387 -0.06427939981222153 
0.006240040063858032 -0.0149999987334013 -0.04861117154359818 
-0.04827423393726349 -0.009366979822516441 -0.0301361158490181 
0.01685689762234688 0.01486865524202585 -0.04713386297225952 
0.03858769685029984 -0.01499414257705212 -0.04786985740065575 
0.05422760546207428 0.0002570401411503553 -0.02295169606804848 
-0.04182400181889534 -0.007306770421564579 -0.02641206607222557 
0.1763975769281387 0.01082427147775888 -0.07000000774860382 
0.1181226372718811 -0.002134998328983784 -0.07000000774860382 
0.172224685549736 -0.01500000059604645 -0.05681582167744637 
0.02688402123749256 -0.01099999994039536 -0.03722624853253365 
0.05579738318920135 -0.01099999900907278 -0.03647155687212944 
-0.0757090225815773 -0.01499999966472387 -0.05249669402837753 
0.186742439866066 -0.0006511048413813114 -0.05234572291374207 
0.09368264675140381 0.01405185926705599 -0.04582354426383972 
0.02754475921392441 -0.004219380207359791 -0.05521256476640701 
-0.07544413208961487 -0.01499999966472387 -0.06607842445373535 
0.1606789827346802 0.0149999987334013 -0.06486566364765167 
0.02920102886855602 -0.01099999994039536 -0.02313634566962719 
-0.0001381458714604378 -0.01499999966472387 -0.05335451290011406 
0.0835249051451683 0.003682083217427135 -0.03203879296779633 
0.1153763011097908 0.01499999966472387 -0.06478726863861084 
-0.01788831129670143 -0.0008127331966534257 -0.01169371046125889 
-0.03076747059822083 -0.004691474139690399 -0.06386539340019226 
0.000884902779944241 0.007175921462476254 -0.05622026324272156 
0.1235072389245033 -0.01052596792578697 -0.07000000774860382 
0.003193246200680733 0.005932316184043884 -0.0191802904009819 
0.00478384830057621 0.003129817545413971 0.005077991168946028 
0.08863583952188492 -0.01344329491257668 -0.06865838170051575 
0.1021527573466301 0.01499999966472387 -0.05018323659896851 
0.1357835233211517 0.008417163044214249 -0.07000000774860382 
-0.05198859423398972 0.01099999994039536 -0.04379916936159134 
-0.02626699954271317 -0.01099999994039536 -0.03319962695240974 
-0.06877191364765167 0.01499999966472387 -0.0514167919754982 
-0.0408749021589756 -0.01499999966472387 -0.05931168794631958 
-0.09089672565460205 -0.00719931349158287 -0.05474421381950378 
0.05266097187995911 0.01099999994039536 -0.03960412740707397 
0.09320053458213806 0.0007624379359185696 -0.06964761018753052 
0.09359867125749588 -0.01099999994039536 -0.0419449582695961 
0.03138316422700882 -0.01099999994039536 -0.01414704043418169 
0.07206176221370697 -0.0149999987334013 -0.05427683144807816 
-0.02435778453946114 -0.01499999966472387 -0.05582562461495399 
-0.06988838315010071 0.00390975084155798 -0.04261505976319313 
0.02333621867001057 -0.003178216051310301 -0.02073568478226662 
0.0484529584646225 0.01496030949056149 -0.05516046285629272 
0.1328188627958298 0.01499999966472387 -0.05938310921192169 
0.05643749609589577 -0.01004566811025143 -0.05950462073087692 
0.0497593879699707 -0.01099999994039536 -0.03446000814437866 
-0.04853306338191032 0.006288356613367796 -0.0302855484187603 
0.09886769205331802 0.01499999966472387 -0.0503271110355854 
0.1473291963338852 -0.0149999987334013 -0.04908102005720139 
-0.02128774486482143 0.01092783454805613 -0.01528372243046761 
0.1667205989360809 -0.01242315769195557 -0.06996297091245651 
-0.01847941055893898 0.01099999994039536 -0.02430994063615799 
0.1878687143325806 -0.01056441850960255 -0.05299597233533859 
-0.03510014712810516 -0.0149999987334013 -0.05278292670845985 
-0.02229750528931618 0.009676258079707623 -0.01513842307031155 
-0.005135426763445139 0.005200576968491077 0.009688439778983593 
0.07565871626138687 0.001045851735398173 -0.02924771048128605 
0.1111955791711807 -0.0131791178137064 -0.06974773108959198 
-0.06595045328140259 0.01500000059604645 -0.05353553593158722 
0.1689069271087646 0.01326060853898525 -0.045290257781744 
0.03609073907136917 0.01244408637285233 -0.05587133765220642 
-0.01370043773204088 -0.001779943704605103 -0.003352471627295017 
-0.05124488472938538 -0.00937765184789896 -0.03185122087597847 
0.08600860089063644 -0.01499999966472387 -0.04853640124201775 
-0.06542301177978516 0.0149999987334013 -0.05805179476737976 
0.02123324945569038 -0.0149999987334013 -0.04868146777153015 
0.1645583659410477 0.0130032068118453 -0.04517471790313721 
-0.04892941936850548 -0.003735640086233616 -0.03051438555121422 
-0.07683932781219482 -0.01398385874927044 -0.06924266368150711 
0.003960014786571264 -0.007113349623978138 0.005740086548030376 
0.1020727828145027 0.01500000059604645 -0.06270790845155716 
0.1577395796775818 -0.005512908101081848 -0.07000000774860382 
0.06517212092876434 0.01500000059604645 -0.05642160773277283 
0.09642409533262253 -0.01099999994039536 -0.04369759932160378 
0.08134597539901733 -0.0149999987334013 -0.05321980267763138 
0.05298318713903427 0.002487283898517489 -0.0239131972193718 
0.04350783303380013 -0.01037820894271135 -0.01480128429830074 
0.0637693852186203 0.01099999994039536 -0.04360035434365273 
0.08413025736808777 -0.004649008624255657 -0.0322369784116745 
-0.06547993421554565 0.01234250329434872 -0.06997303664684296 
0.002301303902640939 -0.002547783777117729 0.006602715700864792 
-0.07816097140312195 -0.01381072960793972 -0.06938052922487259 
0.1040074676275253 0.01500000059604645 -0.06382656842470169 
-0.02945727668702602 0.01444619428366423 -0.04627970606088638 
0.06433061510324478 -0.0149672320112586 -0.04757433384656906 
-0.06321511417627335 0.01500000059604645 -0.0595051497220993 
-0.08749363571405411 -0.00762778427451849 -0.07000000774860382 
0.0007707006298005581 -0.004327149130403996 -0.02566020935773849 
-0.001139567117206752 0.01099999994039536 -0.0170676801353693 
0.02492734044790268 -0.009293714538216591 -0.02608669362962246 
-0.02769293636083603 -0.002837280742824078 -0.06277026981115341 
0.08720730990171432 -0.0107734240591526 -0.03357487916946411 
-0.03860379755496979 -0.005222329869866371 -0.06661853194236755 
0.1028157025575638 0.01260598935186863 -0.04506784677505493 
-0.01732868328690529 0.0118332514539361 -0.05971449986100197 
-0.04706086218357086 0.01099999994039536 -0.04006857424974442 
0.1861484795808792 0.007910829037427902 -0.07000000774860382 
0.002707196399569511 0.008389980532228947 0.006431865505874157 
0.0694861114025116 -0.01499999966472387 -0.0546746626496315 
0.1532662361860275 -0.01500000059604645 -0.06631577014923096 
0.1474690735340118 -0.007092289626598358 -0.044517882168293 
0.07149577885866165 0.0110428724437952 -0.06412480771541595 
0.03714291006326675 -0.007802292704582214 -0.01104613952338696 
0.0545458011329174 0.01499999966472387 -0.05111309140920639 
-0.01707716658711433 0.01193479262292385 -0.04499700665473938 
0.04075104743242264 0.008407444693148136 -0.01308848150074482 
0.02982449159026146 -0.01099999994039536 -0.0350242555141449 
0.1806209683418274 -0.00695323757827282 -0.07000000774860382 
-0.07706809043884277 -0.001696741208434105 -0.07000000774860382 
0.1896360218524933 0.0149999987334013 -0.05939131230115891 
-0.008122183382511139 -0.004790374077856541 0.007368180900812149 
-0.06459657847881317 0.002991948276758194 -0.07000000774860382 
0.08249638974666595 0.005237417295575142 -0.06776738166809082 
0.1863994002342224 -0.01005476806312799 -0.05214767903089523 
0.1956208944320679 0.01133025996387005 -0.06974172592163086 
0.006990809924900532 -0.007944135926663876 0.000105034836451523 
0.1322539150714874 -0.01500000059604645 -0.06447050720453262 
0.02821338549256325 0.007080872543156147 -0.01038282923400402 
0.1328123509883881 -0.003914247266948223 -0.07000000774860382 
0.1998895108699799 0.01276317611336708 -0.06584067642688751 
0.04118690639734268 -0.008337980136275291 -0.01333519350737333 
0.01765802130103111 0.01026844512671232 -0.05506129562854767 
0.07080690562725067 0.002290509408339858 -0.06387943774461746 
0.1262422800064087 -0.01031271368265152 -0.07000000774860382 
0.09938040375709534 0.007851908914744854 -0.03674411028623581 
0.1212759017944336 0.01115313358604908 -0.04452599212527275 
0.08639626204967499 0.01499999966472387 -0.05332169681787491 
-0.03864812478423119 0.01420368999242783 -0.04597250744700432 
0.0777524933218956 0.003153120167553425 -0.03000658191740513 
0.08131790906190872 0.01099999994039536 -0.04336718842387199 
0.06719484925270081 0.002553568920120597 -0.06259285658597946 
0.06492058932781219 0.01099999994039536 -0.04073406755924225 
-0.06052567809820175 0.0149999987334013 -0.05179771408438683 
0.00139458931516856 0.007808221504092216 -0.0232450757175684 
0.1637918651103973 -0.0149999987334013 -0.06693500280380249 
0.1192381381988525 -0.009692761115729809 -0.04112499207258224 
0.05116720125079155 0.0007344689220190048 -0.05826347321271896 
0.07340780645608902 0.01499999966472387 -0.05510877072811127 
0.08515646308660507 0.01099999994039536 -0.03428651764988899 
0.06911961734294891 -0.01099999994039536 -0.04150330275297165 
-0.02490159869194031 0.01099999994039536 -0.02136808633804321 
0.172066405415535 -0.01499999966472387 -0.06509251892566681 
-0.05978100001811981 0.01494017243385315 -0.06756997108459473 
0.1423690468072891 -0.01293545123189688 -0.04514972493052483 
-0.03230810910463333 0.01292899437248707 -0.04515256732702255 
-0.06520875543355942 -0.0149999987334013 -0.05097908526659012 
0.1244234591722488 -0.007810793817043304 -0.04197250679135323 
-0.08815006911754608 0.004640335217118263 -0.07000000774860382 
0.01077421754598618 0.0009111454710364342 -0.002001800341531634 
0.1591230183839798 -0.01499597262591124 -0.04794714972376823 
0.06398657709360123 -0.01452851481735706 -0.04639271646738052 
0.1436832845211029 -0.0006481995806097984 -0.0442231073975563 
-0.02440696209669113 0.006054244004189968 -0.06169740855693817 
0.006630954332649708 -0.002460935851559043 -0.01180810295045376 
-0.06306255608797073 -0.002089791465550661 -0.07000000774860382 
0.1953937709331512 0.005416636355221272 -0.06982441246509552 
0.009915666654706001 -0.004466728307306767 -0.004764017648994923 
-0.0005527805769816041 0.01099999994039536 -0.02039339579641819 
0.06850168853998184 -0.01099999994039536 -0.03162894025444984 
0.03996593132615089 0.009447268210351467 -0.05633415281772614 
-0.05527347326278687 0.01099999994039536 -0.04019004851579666 
0.06772352755069733 -0.01099999994039536 -0.03713583201169968 
0.1229815036058426 -0.003429146250709891 -0.07000000774860382 
0.02314086630940437 -0.00428390596061945 -0.01738128811120987 
0.1213582158088684 0.0007378421723842621 -0.07000000774860382 
0.002001231536269188 -0.001804371364414692 -0.05608794465661049 
0.0848635733127594 0.007177293300628662 -0.03247877210378647 
0.0002444469137117267 -0.01499999966472387 -0.05330218747258186 
0.1548539102077484 -0.004480693023651838 -0.07000000774860382 
-0.03629749640822411 -0.0149632953107357 -0.04753527790307999 
0.1910961866378784 -0.01500000059604645 -0.06016101688146591 
0.1847603321075439 -0.01186845079064369 -0.05120135098695755 
0.09453524649143219 -0.01462353114038706 -0.04654788225889206 
0.1815603822469711 -0.0004706154577434063 -0.07000000774860382 
0.07407531142234802 0.008028377778828144 -0.0650436133146286 
0.1974648088216782 0.01358313020318747 -0.05906762182712555 
0.06645350158214569 -0.01347897946834564 -0.06192569807171822 
0.01010023057460785 0.0008621346787549555 -0.05536198616027832 
0.02739418856799603 -0.01099999994039536 -0.0230058915913105 
0.06473067402839661 0.01100000087171793 -0.03688096255064011 
0.05419991165399551 -0.00389423593878746 -0.0229654461145401 
0.0908067375421524 -0.0149999987334013 -0.06343305110931396 
0.1490122079849243 0.007819041609764099 -0.07000000774860382 
-0.0728185623884201 0.01500000059604645 -0.0614880807697773 
-0.01178989000618458 -0.006957586854696274 0.0007447104435414076 
-0.01585562527179718 -0.009277692064642906 -0.007974280975759029 
0.07797496020793915 -0.001255346462130547 -0.06640058755874634 
0.01086290366947651 0.007383801508694887 0.001498847850598395 
0.003890317864716053 0.001900651725009084 -0.03576513379812241 
0.09397535026073456 0.01099999994039536 -0.04398642480373383 
-0.07586134970188141 -0.01499999966472387 -0.05013522505760193 
-0.0832088515162468 -0.006833088584244251 -0.07000000774860382 
0.03349427878856659 -0.01497468072921038 -0.05289388447999954 
0.0784016028046608 -0.01099999994039536 -0.03716012835502625 
0.02560929395258427 -0.0004998466465622187 -0.05510694533586502 
0.1749365925788879 0.008984755724668503 -0.04561186581850052 
0.08283405750989914 -0.01499999966472387 -0.05812506005167961 
0.04061095044016838 -0.01484556868672371 -0.0543508343398571 
-0.08294177055358887 0.007812795229256153 -0.05015142261981964 
-0.008261555805802345 0.007006858475506306 0.00720208277925849 
0.1423361599445343 0.01500000059604645 -0.04850804060697556 
0.1968856304883957 -0.002922838553786278 -0.05820189416408539 
0.1660129427909851 0.006264429539442062 -0.07000000774860382 
0.015180136077106 0.01413304544985294 -0.05418333411216736 
-0.03288380056619644 -0.01099999994039536 -0.04032710939645767 
-0.08213840425014496 -0.0149999987334013 -0.06546646356582642 
0.102772168815136 0.009714346379041672 -0.03765643015503883 
0.05893653631210327 -0.01083729602396488 -0.06012173369526863 
-0.09269148111343384 0.008097254671156406 -0.07000000774860382 
0.1525061279535294 0.0149999987334013 -0.06385322660207748 
-0.00769655779004097 -0.00482553755864501 0.007846640422940254 
-0.07147179543972015 0.01500000059604645 -0.05408594757318497 
-0.003223792649805546 -0.01099999994039536 -0.0230929646641016 
-0.04295843467116356 0.01113914232701063 -0.04450269043445587 
0.1640394330024719 0.01285793073475361 -0.06986414641141891 
-0.05090883374214172 -0.001273003406822681 -0.06940290331840515 
0.004556296858936548 -0.002300000051036477 0.00511625362560153 
-0.03932656347751617 -0.0101865204051137 -0.06686902046203613 
0.114898256957531 0.005179493222385645 -0.04031691327691078 
0.008407276123762131 0.005984851624816656 0.007028420455753803 
-0.05566859245300293 0.008330726996064186 -0.06983938068151474 
0.1821783632040024 -0.01499999966472387 -0.05784493312239647 
-0.006631247699260712 -0.01469736732542515 -0.04668805375695229 
-0.05234038457274437 0.01237463019788265 -0.04503167793154716 
0.03324516862630844 -0.01099999994039536 -0.03978100791573524 
-0.06864407658576965 0.01423998922109604 -0.06899181753396988 
-0.01829859241843224 0.01357916928827763 -0.04545635730028152 
0.09512244164943695 -0.003722782246768475 -0.0698191300034523 
-0.09015988558530807 -0.01499999966472387 -0.0623362809419632 
-0.05657486990094185 -0.01232860703021288 -0.04502779245376587 
0.0598796159029007 0.004354659002274275 -0.02277224138379097 
0.07775117456912994 -0.001160445623099804 -0.06632302701473236 
0.05500149726867676 0.01228669844567776 -0.05915167182683945 
-0.05839401483535767 -0.01099999900907278 -0.03736094385385513 
0.09278152883052826 -0.01447367481887341 -0.06825097650289536 
0.1130227893590927 0.01226108614355326 -0.04502285271883011 
0.08826542645692825 0.009101256728172302 -0.03359105065464973 
-0.04121122136712074 0.01447686087340117 -0.0660151019692421 
0.2000000029802322 -0.006920871790498495 -0.06390970945358276 
-0.07581777125597 0.0149999987334013 -0.05600391328334808 
0.07153633236885071 0.002490041311830282 -0.06413925439119339 
0.0881623849272728 0.01100000087171793 -0.03921938687562943 
0.01012144703418016 0.01061614323407412 -0.003609600476920605 
0.07743046432733536 -0.01482057571411133 -0.06411828100681305 
-0.008286477997899055 0.002745019970461726 0.00717238150537014 
-0.06312188506126404 0.01229485310614109 -0.04502493888139725 
-0.03708905354142189 -0.01099999994039536 -0.0299267154186964 
0.1537780165672302 0.01500000059604645 -0.05737844109535217 
-0.07528547942638397 0.002776234643533826 -0.0457310676574707 
-0.03570985049009323 -0.004743854515254498 -0.02288205362856388 
0.1009344682097435 -0.0149999987334013 -0.06237959861755371 
0.02243499457836151 -0.01368421874940395 -0.05453062057495117 
0.1918009221553802 0.002227504272013903 -0.07000000774860382 
0.1295549869537354 0.0148917892947793 -0.06775469332933426 
-0.05518269911408424 -0.01303206197917461 -0.04518565535545349 
-0.03224713355302811 0.01499999966472387 -0.05327359586954117 
0.127317488193512 -0.01499999966472387 -0.05423163622617722 
0.06592518836259842 0.005582442507147789 -0.06216870993375778 
0.08488190174102783 -0.01500000059604645 -0.04977144300937653 
0.1750941276550293 0.004080399870872498 -0.07000000774860382 
-0.01112112030386925 0.01209588721394539 -0.04500813037157059 
-0.06861953437328339 0.001872000517323613 -0.07000000774860382 
0.08951599895954132 -0.01340523362159729 -0.06884145736694336 
0.04823935776948929 -0.01099999994039536 -0.0432942807674408 
0.1226979345083237 0.01499999966472387 -0.0563378743827343 
0.139166846871376 -0.007172189652919769 -0.04386618360877037 
0.1076750755310059 0.01500000059604645 -0.05798554420471191 
-0.04645304381847382 0.01499999966472387 -0.06305791437625885 
0.1247251108288765 -0.01160672772675753 -0.07000000774860382 
0.114383801817894 -0.01286784932017326 -0.06986148655414581 
0.04023139551281929 -0.001705228467471898 -0.01279433909803629 
-0.01052593439817429 -0.01099999994039536 -0.01107398420572281 
0.004129305481910706 0.01207000948488712 -0.04500594362616539 
0.04501345753669739 0.006683285813778639 -0.01834151521325111 
0.05552468821406364 0.01419585570693016 -0.04596665129065514 
0.0862136110663414 -0.01177060790359974 -0.06858597695827484 
0.06243279203772545 -0.01401222590357065 -0.04578031226992607 
0.09000183641910553 0.01099999994039536 -0.04086188971996307 
0.14793461561203 -0.01499999966472387 -0.06540308892726898 
0.008647514507174492 -0.0149999987334013 -0.04914212599396706 
0.005918317474424839 -0.002103920327499509 0.0009336211369372904 
0.1905933022499084 0.003218444529920816 -0.07000000774860382 
-0.01803625375032425 -0.007624472491443157 -0.01188222132623196 
-0.09067337960004807 0.01467360369861126 -0.06836060434579849 
0.05622809007763863 -0.01099999994039536 -0.03143614158034325 
0.05935576185584068 -0.006642482243478298 -0.02257082797586918 
0.06499281525611877 0.01099999994039536 -0.03474748879671097 
0.09991911053657532 -0.001736040343530476 -0.06999701261520386 
-0.05508057400584221 -0.01099999994039536 -0.04039106145501137 
0.1190737634897232 0.01500000059604645 -0.05774917080998421 
-0.03992943465709686 -0.01028843317180872 -0.02537130564451218 
-0.01369399018585682 -0.01099999994039536 -0.02099993079900742 
-0.04420463368296623 -0.006488418206572533 -0.02778652496635914 
-0.03891636431217194 -0.006444815080612898 -0.02473333477973938 
0.00805480033159256 0.01099999994039536 0.0008493256755173206 
0.2000000029802322 -0.002006265101954341 -0.06340207159519196 
0.07580377161502838 -0.01069179549813271 -0.06564810127019882 
-0.004156388342380524 0.01099999994039536 -0.0313621498644352 
0.0722886323928833 0.01499999966472387 -0.05636513978242874 
-0.09916640073060989 0.01350901089608669 -0.06793408840894699 
-0.01076170802116394 0.01015156973153353 -0.05817043036222458 
0.1089375242590904 0.006459522992372513 -0.07000000774860382 
0.07718202471733093 -0.01031486876308918 -0.02982146292924881 
-0.01001805439591408 0.002922265324741602 -0.05801749974489212 
-0.01362095400691032 0.01099999994039536 -0.0231030285358429 
0.08238140493631363 -0.01105700992047787 -0.04432987421751022 
0.05082559213042259 -0.01099999994039536 -0.0361332967877388 
0.1755230724811554 0.01195511221885681 -0.04589790850877762 
0.01683557964861393 -0.01356295496225357 -0.05461549758911133 
0.07031551748514175 0.01099999994039536 -0.02966495603322983 
0.02224408276379108 0.01497541554272175 -0.04763910919427872 
0.02231657132506371 0.006634991150349379 -0.05506129190325737 
-0.04056714847683907 -0.009176960214972496 -0.02568641863763332 
0.08660563826560974 0.005702661350369453 -0.06865948438644409 
0.1707006841897964 0.01362798921763897 -0.06950847804546356 
-0.03059829957783222 0.01099999994039536 -0.03583523258566856 
0.0222470611333847 0.0002203798503614962 -0.03515210747718811 
0.1068241819739342 -0.01500000059604645 -0.05073429644107819 
0.1862878799438477 -0.01284560561180115 -0.05223636701703072 
-0.002683351980522275 0.01099999994039536 -0.009451952762901783 
-0.08191882073879242 0.0149999987334013 -0.0624418705701828 
0.09484490007162094 0.001493551302701235 -0.06980883330106735 
0.1521450728178024 0.01499999966472387 -0.06696763634681702 
0.07062021642923355 -0.01322904974222183 -0.04527002945542336 
-0.0796663835644722 -0.01368980575352907 -0.04886697977781296 
-0.01585130579769611 0.0149999987334013 -0.05379927903413773 
0.03979726135730743 -0.01099999994039536 -0.04389758408069611 
-0.09204509854316711 0.01366079971194267 -0.06949364393949509 
0.1112948879599571 -0.01034916937351227 -0.03961023315787315 
0.1203287392854691 0.01469681411981583 -0.04671173542737961 
0.0529031977057457 0.001775134587660432 -0.02399285510182381 
-0.02715371921658516 0.004755611065775156 -0.06257820129394531 
0.06575538218021393 0.01346579380333424 -0.06172745674848557 
0.02071349509060383 0.00932628195732832 -0.03671984001994133 
0.1892434507608414 -0.01498361863195896 -0.05703761801123619 
0.169579952955246 0.008681840263307095 -0.07000000774860382 
0.1253374516963959 0.007820918224751949 -0.04211624339222908 
-0.0341172032058239 -0.008467605337500572 -0.02196253649890423 
0.0166151262819767 0.01099999994039536 -0.04393955320119858 
0.02302233688533306 -0.01098566874861717 -0.0355241522192955 
-0.01318197231739759 -0.01499999966472387 -0.05220590904355049 
0.1558617055416107 -0.006760031450539827 -0.04483304172754288 
0.0167149119079113 0.003641490591689944 -0.03899365663528442 
0.001042211311869323 0.009418372064828873 -0.02421320043504238 
-0.08663111925125122 -0.01262812688946724 -0.05236770212650299 
0.003370452672243118 0.01072703488171101 -0.01805575005710125 
0.07002787292003632 0.002112600952386856 -0.06360195577144623 
0.1878362894058228 0.006804065778851509 -0.05297725647687912 
0.08319604396820068 0.01099999994039536 -0.03915318474173546 
0.1530995965003967 0.01019725017249584 -0.07000000774860382 
0.1406468152999878 0.004031291231513023 -0.07000000774860382 
0.006924501620233059 -0.006943071726709604 -0.000862949644215405 
-0.005549601279199123 -0.01099999994039536 -0.01151320431381464 
0.09461718797683716 0.01099999994039536 -0.03822014853358269 
-1.701945438981056e-05 -0.008863889612257481 0.01095812302082777 
0.04367367550730705 -0.01099999994039536 -0.01945453882217407 
-0.009731386788189411 -0.01099999994039536 -0.003695635125041008 
0.1725620925426483 -0.004203005693852901 -0.04506008327007294 
-0.02541220933198929 0.005081923678517342 -0.06200946867465973 
-0.0476183146238327 0.006473667453974485 -0.02975741773843765 
0.1033590361475945 -0.01493870280683041 -0.06757960468530655 
0.1707269847393036 0.01496470533311367 -0.04759595543146133 
0.0646972730755806 -0.01099999994039536 -0.02734271623194218 
0.05592190101742744 0.0137209314852953 -0.04555431380867958 
0.1797465980052948 0.00918836984783411 -0.07000000774860382 
0.02427134290337563 0.003603709861636162 -0.05506129190325737 
-0.08959659934043884 0.002330052200704813 -0.0539935827255249 
-0.06691034138202667 0.001117509556934237 -0.07000000774860382 
0.1296879649162292 0.0149999987334013 -0.06607989221811295 
0.1767952144145966 0.01499999966472387 -0.06331994384527206 
-0.03440525755286217 0.01099999994039536 -0.0289011187851429 
0.1705698072910309 0.01157171279191971 -0.07000000774860382 
0.1912648975849152 0.0149999987334013 -0.0621379129588604 
0.1621104031801224 0.01499999966472387 -0.05701515451073647 
0.02426479011774063 0.002240029629319906 -0.03158000856637955 
0.1075903847813606 0.01311317831277847 -0.06977847963571548 
-0.07493927329778671 0.005434276536107063 -0.04553118720650673 
0.1164675056934357 -0.0149999987334013 -0.05691299960017204 
0.02448665723204613 0.01099999994039536 -0.01713022403419018 
-0.002278306987136602 -0.01488978508859873 -0.05440656095743179 
-0.06070802733302116 0.00476154126226902 -0.037314772605896 
0.006681619212031364 0.01424516923725605 -0.05457602068781853 
0.0006406695465557277 0.009802503511309624 -0.02759389206767082 
0.1015761196613312 -0.0140223316848278 -0.0692041888833046 
0.1658848524093628 0.001228267326951027 -0.07000000774860382 
0.1957908421754837 -0.001209421898238361 -0.05756981670856476 
-0.0925724133849144 0.01111923158168793 -0.05571167171001434 
0.120460219681263 0.0005200796294957399 -0.04132254421710968 
0.1250730454921722 -0.01500000059604645 -0.05538186430931091 
0.099322110414505 0.01500000059604645 -0.06672973930835724 
-0.05820308998227119 0.007776728365570307 -0.06993336975574493 
0.0100644351914525 0.01099999994039536 -0.04036397859454155 
-0.05651518702507019 0.001383631490170956 -0.03489403054118156 
0.004767316393554211 -0.008644833229482174 -0.005094487220048904 
0.1593884229660034 -0.009090425446629524 -0.07000000774860382 
0.1696040034294128 0.0143684996291995 -0.04617208242416382 
0.1377079635858536 0.01396012119948864 -0.06926640868186951 
0.007616747170686722 -0.0122253205627203 -0.04501906782388687 
0.1462287306785583 -0.01400201022624969 -0.04576972499489784 
0.03102531284093857 0.01064803823828697 -0.009820173494517803 
0.1049873605370522 -0.003275576746091247 -0.07000000774860382 
-0.006723014172166586 -0.005767403170466423 -0.0018523772014305 
0.1038433685898781 0.005487557500600815 -0.07000000774860382 
0.03420065343379974 0.01099999994039536 -0.02500174380838871 
-0.03216411545872688 0.01457878760993481 -0.04646718874573708 
0.05149601772427559 0.01448848657310009 -0.04634039103984833 
-0.002341845538467169 -0.009430801495909691 -0.05668757110834122 
-0.07251405715942383 0.01412287726998329 -0.06911961734294891 
0.0188724622130394 0.00798968318849802 -0.03801685571670532 
-0.02768976986408234 -0.01423716731369495 -0.06169670447707176 
0.18072210252285 -0.01194567047059536 -0.07000000774860382 
-0.02422135323286057 0.0108721973374486 -0.0168396532535553 
0.1781972646713257 -0.002377097960561514 -0.07000000774860382 
0.06157714128494263 0.0149999987334013 -0.04976607859134674 
0.001466234447434545 -0.004770422820001841 -0.006826477125287056 
0.0007374869892373681 -0.008827716112136841 -0.02584855444729328 
0.01057336386293173 0.008362319320440292 -0.002989404369145632 
-0.02216610498726368 0.01499999966472387 -0.0515248104929924 
-0.01014717668294907 -0.01329287886619568 -0.04529738053679466 
-0.01720159687101841 0.01099999994039536 -0.01450975425541401 
0.01250167191028595 0.0005430781748145819 -0.05520961433649063 
0.05630194395780563 -0.01099999994039536 -0.02551046200096607 
0.05261338502168655 -0.01184521615505219 -0.04498646780848503 
0.108762115240097 -0.005548311397433281 -0.03899724781513214 
0.008839268237352371 -0.008619210682809353 -0.007072359323501587 
0.07093329727649689 0.01099999994039536 -0.03326928615570068 
0.05862325802445412 0.01477981917560101 -0.04688975587487221 
0.1170563399791718 0.01499999966472387 -0.04934182018041611 
0.1405393183231354 0.0008275597356259823 -0.04398163408041 
-0.02999870665371418 0.01499999966472387 -0.0572766587138176 
0.1758372038602829 0.003144150134176016 -0.04605282098054886 
0.07868009805679321 0.01099999994039536 -0.03622182458639145 
-0.07407580316066742 0.008889222517609596 -0.07000000774860382 
-0.06655071675777435 0.0007983015384525061 -0.04068806022405624 
0.1301322281360626 -0.006248437333852053 -0.04282767698168755 
-0.04313599318265915 -0.002119644777849317 -0.02716954424977303 
0.1473115831613541 -0.01500000059604645 -0.061505526304245 
0.03804824128746986 0.01099999994039536 -0.02519660815596581 
0.05409384146332741 0.01099999994039536 -0.02811522409319878 
0.01768608205020428 -0.008746474049985409 -0.05506129562854767 
0.06962967664003372 -0.004110114648938179 -0.06346011906862259 
-0.0283959936350584 0.01094315946102142 -0.01943077892065048 
0.03603706508874893 -0.01099999994039536 -0.03701086342334747 
-0.01067612692713737 0.01082617975771427 0.002095257164910436 
0.05320244282484055 0.01499999966472387 -0.05080779269337654 
0.04497144371271133 0.008816327899694443 -0.01871130615472794 
-0.01429849490523338 0.01099999994039536 -0.03813657164573669 
-0.0008888291195034981 0.001079189823940396 -0.005922247655689716 
-0.07446131110191345 0.0002510390477254987 -0.07000000774860382 
0.1518308967351913 0.0149999987334013 -0.0633680522441864 
0.01043432392179966 0.01499999966472387 -0.05155807733535767 
0.04940177872776985 0.01099999994039536 -0.02792524546384811 
0.0744406133890152 -0.01499999966472387 -0.05779013410210609 
0.1202535033226013 -0.01108265854418278 -0.04438989236950874 
0.007195502053946257 -0.002249411772936583 -0.05554628372192383 
-0.09192746877670288 0.01283665001392365 -0.06987573206424713 
0.07813099771738052 -0.004850077442824841 -0.03014451265335083 
-0.06875193864107132 0.01500000059604645 -0.05960296839475632 
-0.04414021968841553 0.01038549747318029 -0.06817558407783508 
-0.07078328728675842 -0.01235208846628666 -0.06996918469667435 
0.1049184575676918 0.01500000059604645 -0.06611698865890503 
-0.04321051016449928 0.01099999994039536 -0.03631653636693954 
0.00109105184674263 -0.001012124354019761 -0.005895684007555246 
0.03989049419760704 0.01499999966472387 -0.05304071679711342 
-0.04466769099235535 0.01079582143574953 -0.06829611212015152 
0.02745642885565758 -0.006480676122009754 -0.01078810356557369 
0.1272515952587128 -0.01499999966472387 -0.0510542131960392 
0.1448923349380493 0.0006938726874068379 -0.07000000029802322 
0.1042427718639374 -0.01499632280319929 -0.06704200804233551 
0.1287045180797577 -0.005000917706638575 -0.04263856634497643 
0.04628573358058929 0.004392222501337528 -0.05736900120973587 
0.03045969270169735 -0.01099999994039536 -0.04139697924256325 
0.02364545315504074 -0.003915712703019381 -0.02164778485894203 
0.01086537074297667 -0.007071804255247116 -0.001484836917370558 
0.1817331910133362 0.0149999987334013 -0.05293639004230499 
0.001306887250393629 -0.002299999818205833 0.006049062125384808 
0.1365920454263687 -0.0149999987334013 -0.05956179648637772 
0.06216241791844368 0.01306192204356194 -0.04519732296466827 
0.05161702260375023 0.01099999994039536 -0.02593998610973358 
0.002265088260173798 0.01100759115070105 -0.04409701377153397 
0.07838882505893707 -0.002135412069037557 -0.06654402613639832 
0.1818349361419678 -0.002094843424856663 -0.07000000774860382 
-0.01376032549887896 -0.004188938066363335 -0.003480900777503848 
-0.05376635491847992 0.003075352171435952 -0.06970372051000595 
0.06031006574630737 0.002755205379799008 -0.02295520342886448 
-0.06282731890678406 -0.0149999987334013 -0.05118034034967422 
0.1767015010118484 -0.01492600236088037 -0.06762699782848358 
0.03630692139267921 0.003459889907389879 -0.05591039732098579 
0.1380467116832733 0.01220992766320705 -0.06998163461685181 
0.04742931947112083 -0.011196069419384 -0.05756659060716629 
-0.09693659842014313 -0.01065066922456026 -0.06960318237543106 
0.003990562167018652 -0.007788622286170721 -0.00571866100654006 
0.1207197159528732 0.00928936991840601 -0.07000000774860382 
0.03472777828574181 0.007887705229222775 -0.05574468150734901 
-0.006211062893271446 -0.003474204335361719 0.00906740315258503 
0.06712581962347031 0.01099999994039536 -0.02992497012019157 
0.04964949190616608 -0.01489588618278503 -0.05565705150365829 
-0.05840867757797241 0.003690404584631324 -0.06994099169969559 
-0.05871334671974182 0.01103185676038265 -0.0442376509308815 
0.004340711515396833 -0.01100000087171793 -0.0399053618311882 
0.08248750120401382 0.01175456400960684 -0.06776490807533264 
-0.003024384379386902 -0.01391628477722406 -0.04569336771965027 
0.06895674765110016 0.0149999987334013 -0.0534701906144619 
0.04616186022758484 0.005995155312120914 -0.02108983509242535 
0.1758062243461609 0.01500000059604645 -0.06217709183692932 
-0.05523940548300743 -0.01499999966472387 -0.05966171622276306 
0.02328059263527393 -0.006845965050160885 -0.03367110341787338 
-0.01842497289180756 0.001563220284879208 -0.01237302180379629 
0.093462735414505 -0.003811060916632414 -0.06967361271381378 
0.1952496767044067 0.001149519113823771 -0.06987356394529343 
0.003110301913693547 0.001109296223148704 -0.005118927452713251 
0.01947968825697899 0.009922966361045837 -0.05506129562854767 
-0.002158508636057377 0.003836053889244795 0.00664098234847188 
0.1104239672422409 0.001351495273411274 -0.03935749083757401 
-0.07571770995855331 -0.0149999987334013 -0.05933968722820282 
0.189050555229187 -0.01046514511108398 -0.05367831885814667 
0.1137976050376892 -0.01090374402701855 -0.07000000774860382 
0.07071257382631302 0.004408843349665403 -0.0273735523223877 
-0.07746891677379608 0.01499999966472387 -0.05962685123085976 
-0.04879692941904068 -0.003123072441667318 -0.06907033920288086 
-0.06765886396169662 -0.004149770364165306 -0.07000000774860382 
0.0422300212085247 0.008638208732008934 -0.05666825175285339 
0.1059964671730995 -0.006944895721971989 -0.07000000774860382 
0.01082292851060629 -0.01248278003185987 -0.05529431253671646 
0.1780074834823608 0.01499999966472387 -0.06012466922402382 
0.03231796622276306 0.01484169065952301 -0.05345820635557175 
-0.07393369823694229 0.006903659552335739 -0.04495062679052353 
0.1034113019704819 -0.01115517504513264 -0.07000000774860382 
0.08477771282196045 -0.01099999994039536 -0.03473441675305367 
0.06715366244316101 -0.01320124510675669 -0.04525808617472649 
0.06138436496257782 -0.01379412040114403 -0.04559697210788727 
0.1536775976419449 -0.01500000059604645 -0.05562376230955124 
0.1577164530754089 -0.01494962722063065 -0.06753882765769958 
0.02464325726032257 0.005768942646682262 -0.03044932708144188 
-0.09100552648305893 0.008226056583225727 -0.07000000774860382 
0.01020773965865374 -0.00329279713332653 -0.05535516142845154 
0.1112396642565727 0.01301566977053881 -0.06982188671827316 
-0.04438626766204834 0.01099999994039536 -0.03039853274822235 
-0.05301521718502045 -0.01099999900907278 -0.03556041419506073 
0.129182368516922 -0.01499999966472387 -0.06613823026418686 
-0.02839053608477116 0.01464691944420338 -0.06131593137979507 
0.1133750304579735 -0.002775387372821569 -0.03999308124184608 
0.004005121998488903 -0.004824968986213207 -0.005708466283977032 
0.09579971432685852 0.01112704444676638 -0.06984423846006393 
0.00639999657869339 0.007504495792090893 -0.0378144271671772 
0.1868067383766174 -0.01227017678320408 -0.06997635960578918 
0.09963831305503845 0.004591553006321192 -0.03681285679340363 
0.1932653337717056 -0.001205762149766088 -0.05611171200871468 
0.0295894630253315 0.01099999994039536 -0.03560425341129303 
0.006390206515789032 0.01407070085406303 -0.05478494241833687 
0.07305046916007996 0.01099999994039536 -0.03767067939043045 
0.08419840037822723 -0.01499999966472387 -0.04970232397317886 
-0.05474177002906799 -0.001730892574414611 -0.0338701494038105 
0.1636743247509003 -0.0149999987334013 -0.06694231182336807 
0.1049024686217308 0.008491426706314087 -0.07000000774860382 
-0.0217290110886097 0.01099999994039536 -0.02576952800154686 
0.009332317858934402 0.0126519538462162 -0.04507989436388016 
-0.008829671889543533 -0.0149999987334013 -0.05188310146331787 
0.01724562048912048 -0.007170001044869423 -0.05506129190325737 
0.03911766037344933 0.01100000087171793 -0.02081693522632122 
0.0927690714597702 -0.0146296713501215 -0.06800281256437302 
-0.01327074877917767 -0.002886613830924034 -0.05875885114073753 
-0.02129904180765152 0.01099999994039536 -0.04243680834770203 
0.1096128225326538 0.000902097555808723 -0.07000000774860382 
0.06463771313428879 0.01099999994039536 -0.04381352663040161 
0.04646077379584312 0.012349140830338 -0.05736828222870827 
0.06307178735733032 -0.01402436196804047 -0.06051177158951759 
-0.03271065652370453 -0.01499999966472387 -0.0492926761507988 
-0.009665972553193569 0.002114413306117058 -0.05795303732156754 
-0.01377302035689354 0.01500000059604645 -0.04840555414557457 
0.02327408641576767 -0.009301513433456421 -0.01653305999934673 
-0.07179497927427292 -0.01499999966472387 -0.06633483618497849 
0.1848308742046356 0.01499999966472387 -0.05977831035852432 
-0.07095049321651459 0.01499999966472387 -0.05092304199934006 
-0.06390887498855591 -0.01495981030166149 -0.0674593597650528 
0.1597089022397995 0.01499999966472387 -0.05310645699501038 
0.1066492944955826 0.01046908833086491 -0.03866401314735413 
0.1764492988586426 0.004459405317902565 -0.04640297219157219 
0.1667238920927048 -0.0004582570400089025 -0.07000000774860382 
0.100526936352253 0.01499999966472387 -0.05128300935029984 
0.1825294196605682 -0.001175739802420139 -0.04991333559155464 
-0.06836728751659393 0.01499999966472387 -0.05965443328022957 
0.04893586039543152 -0.01041914895176888 -0.02390686050057411 
-0.08832412958145142 -0.007689828053116798 -0.07000000774860382 
0.1413796991109848 -0.009647736325860023 -0.07000000774860382 
0.139638751745224 0.01499999966472387 -0.05664227157831192 
0.08615022152662277 -0.01498137041926384 -0.06574040651321411 
-0.006735885981470346 -0.007967676967382431 0.008652744814753532 
0.08143489062786102 0.01131064258515835 -0.06747148185968399 
0.1331575810909271 0.01191304251551628 -0.044995978474617 
-0.07971341162919998 -0.008662937209010124 -0.07000000774860382 
0.1597003936767578 0.00907436665147543 -0.07000000774860382 
-0.03593772649765015 0.0014827661216259 -0.06569452583789825 
0.1539816409349442 -0.01479841582477093 -0.04692583531141281 
0.1108750253915787 -0.0005980897694826126 -0.03945519030094147 
0.01688007824122906 0.01453521847724915 -0.04640623182058334 
0.05911347270011902 0.0004098988138139248 -0.06017117202281952 
-0.0377308651804924 0.01069674268364906 -0.02437613345682621 
-0.08139098435640335 0.0149999987334013 -0.06594742834568024 
-0.000941381964366883 0.01099999994039536 0.007547367364168167 
0.1087362766265869 -0.000952108995988965 -0.03899320214986801 
0.1880168169736862 -0.01297939848154783 -0.06983160227537155 
-0.000827403855510056 -0.0003133933641947806 -0.005927620455622673 
0.08785177767276764 -0.001760972430929542 -0.03346031159162521 
0.02319789864122868 -0.004858736414462328 -0.0170181542634964 
0.02700335159897804 0.01099999994039536 -0.02171872183680534 
-0.02394110336899757 0.01099999994039536 -0.03668299317359924 
0.05574629828333855 0.01099999994039536 -0.04274115711450577 
-0.04286554083228111 0.01499999966472387 -0.04944220185279846 
0.173283115029335 -0.01466305088251829 -0.06836067140102386 
0.002455924404785037 0.00995247159153223 -0.03386782109737396 
-0.08810818940401077 0.003920337185263634 -0.07000000774860382 
0.001040461589582264 -0.01095060259103775 -0.02218299731612206 
-0.04360236972570419 0.01099999994039536 -0.04097717255353928 
-0.09208636730909348 -0.01499999966472387 -0.05958306416869164 
-0.00128101313021034 -0.01099999994039536 -0.01110606547445059 
0.06573548167943954 0.01099999994039536 -0.03689981997013092 
0.0721958801150322 -0.01499999966472387 -0.05839395523071289 
0.05928453058004379 0.01099999994039536 -0.04344934225082397 
0.08304442465305328 -0.01032671984285116 -0.06791350245475769 
-0.09983503073453903 -0.00884050689637661 -0.06750074028968811 
-0.002457036869600415 0.002300000051036477 -0.006183002609759569 
0.07452724874019623 -0.01099999994039536 -0.03988786041736603 
-0.002334958175197244 0.01099999994039536 0.007803492248058319 
-0.05861914157867432 -0.003316886723041534 -0.03610875457525253 
0.1913298517465591 -0.01494319457560778 -0.06756283342838287 
0.1752852350473404 -0.009090009145438671 -0.07000000774860382 
0.1764450073242188 -0.01499999966472387 -0.05459092184901237 
0.1605423837900162 0.0149999987334013 -0.05454926937818527 
0.02046583220362663 -0.01164728030562401 -0.04493502527475357 
-0.06577307730913162 0.0003860220313072205 -0.07000000774860382 
0.005713513121008873 -0.01208758447319269 -0.05569066479802132 
0.1065380498766899 0.00507619371637702 -0.03852013126015663 
-0.004763643257319927 0.002538277069106698 -0.005098160356283188 
0.00246898434124887 -3.845361061394215e-05 -0.05603885650634766 
-0.02307144179940224 -0.01320837531238794 -0.04526118189096451 
0.1289253830909729 -0.008909399621188641 -0.04266773909330368 
0.04006988927721977 -0.01499942224472761 -0.05336260795593262 
-0.07199597358703613 0.007662727031856775 -0.04383185505867004 
0.1869974434375763 -0.004141122102737427 -0.07000000774860382 
0.1407824456691742 0.005145552568137646 -0.07000000774860382 
-0.03055390529334545 -0.01099999994039536 -0.04256603866815567 
-0.009987803176045418 0.01099999994039536 -0.04257467016577721 
0.1870802193880081 0.007384266704320908 -0.05254074186086655 
-0.09999999403953552 -0.009415583685040474 -0.06389428675174713 
0.05189916864037514 0.01264823507517576 -0.04507891833782196 
-0.0658174529671669 -0.01100000087171793 -0.04296283051371574 
-0.004629869479686022 -0.008146786130964756 -0.005231930874288082 
0.08526704460382462 0.01099999994039536 -0.03562117740511894 
0.00729355588555336 0.01097491849213839 -0.008525694720447063 
0.116590790450573 0.01499999966472387 -0.05544772744178772 
-0.02222507074475288 -0.01100000087171793 -0.03657954931259155 
-0.033627700060606 0.01099999994039536 -0.03340531140565872 
-0.002411395311355591 -0.01099999994039536 -0.04034985601902008 
0.166105180978775 0.0149999987334013 -0.06086942553520203 
0.09399675577878952 -0.01411607768386602 -0.04587393999099731 
0.07833822071552277 0.01392609626054764 -0.06578585505485535 
0.1230114847421646 -0.01494469773024321 -0.06755723804235458 
0.02404054068028927 0.002140395808964968 -0.02272852137684822 
-0.003149790456518531 -0.007176808547228575 -0.006225476507097483 
-0.006975032854825258 0.01099999994039536 -0.0003489544033072889 
-0.01521318033337593 -0.01099999994039536 -0.03437408059835434 
0.1678138673305511 -0.01499999966472387 -0.04923221096396446 
0.09467040002346039 -0.01099035795778036 -0.03637371584773064 
0.1187015771865845 -0.01499999966472387 -0.05240751802921295 
-0.01142485067248344 0.005650846287608147 0.001527539221569896 
-0.009035678580403328 -0.01099999994039536 -0.01086638029664755 
-0.076825350522995 0.007158551830798388 -0.04662011563777924 
-0.04569631069898605 0.005716185085475445 -0.06848897784948349 
0.1266805827617645 -0.0003478344297036529 -0.04233839735388756 
-0.01111268438398838 -0.008900498040020466 -0.05825063213706017 
0.07996600866317749 -0.01099999994039536 -0.03320889174938202 
0.004133075010031462 0.004387427121400833 -0.01716482080519199 
-0.002970588626340032 0.006894382182508707 0.01058019418269396 
0.07145614922046661 0.0149999987334013 -0.05530297011137009 
0.1989525258541107 -0.01427396666258574 -0.0647590160369873 
0.1742262691259384 0.0149999987334013 -0.06652817130088806 
0.04135347530245781 0.0149999987334013 -0.0496373288333416 
-0.03950854018330574 0.01497853174805641 -0.06401874125003815 
0.01005310565233231 -0.004566111601889133 -0.03933463245630264 
0.1743976771831512 -0.006457151379436255 -0.04541495442390442 
-0.04898125678300858 0.01100000087171793 -0.04347772151231766 
0.165916919708252 0.01098766550421715 -0.04500002786517143 
0.02429496496915817 0.007420310284942389 -0.05506129190325737 
-0.09790337085723877 -0.01135752908885479 -0.06937731057405472 
-0.03452597558498383 0.01495572831481695 -0.04748884961009026 
0.1474234610795975 0.01027882285416126 -0.04449591785669327 
-0.02746726758778095 0.01499999966472387 -0.04813095554709435 
-0.06265515089035034 -0.01499999966472387 -0.06272704899311066 
-0.00351639511063695 0.01099999994039536 -0.0315970741212368 
0.05162627995014191 -0.01099999994039536 -0.02831075713038445 
0.07241206616163254 0.01099999994039536 -0.03818220272660255 
0.0403117835521698 -0.007343369536101818 -0.01283984072506428 
-0.03064780123531818 0.00727629940956831 -0.06382276117801666 
0.04659099876880646 0.01474907714873552 -0.05557168275117874 
0.1996314078569412 0.006342355161905289 -0.06734997034072876 
0.08156322687864304 -0.01099999994039536 -0.03981142491102219 
0.02836718410253525 -0.01099999994039536 -0.03339051827788353 
0.1431427299976349 -0.01499999966472387 -0.05783820152282715 
0.09591874480247498 0.01117706298828125 -0.06984865665435791 
-0.05032585561275482 -0.01124091818928719 -0.06932315975427628 
0.138899028301239 0.005032133776694536 -0.0438326932489872 
0.002632591873407364 -0.01400675252079964 -0.04577547311782837 
-0.03513785824179649 -0.01099999994039536 -0.03110899217426777 
0.1018548905849457 -0.01499999966472387 -0.06405214220285416 
-0.02824884094297886 -0.0149999987334013 -0.05118007585406303 
0.05345501005649567 -0.006159587763249874 -0.05880224704742432 
0.1531138569116592 0.01470580603927374 -0.04673102498054504 
-0.0836217999458313 0.008816559799015522 -0.05054404586553574 
0.05444847792387009 0.01099999994039536 -0.02948012202978134 
0.1220598518848419 -0.01499999966472387 -0.05129512399435043 
-0.05979134887456894 0.01499999966472387 -0.06292717903852463 
0.03205421939492226 0.01143587939441204 -0.04482457041740417 
-0.07363419234752655 -0.007937175221741199 -0.04477771744132042 
0.1083838194608688 0.01099999994039536 -0.04146038368344307 
0.03836522251367569 0.01099999994039536 -0.02910523489117622 
-0.07669167220592499 -0.006409982219338417 -0.07000000774860382 
0.1519218683242798 -0.01361729018390179 -0.06951597332954407 
0.1038603484630585 0.01479051448404789 -0.06808733195066452 
0.1314909309148788 -0.01500000059604645 -0.05943208932876587 
-0.06581293046474457 -0.008589649572968483 -0.04026209563016891 
-0.002811991609632969 0.01099999994039536 -0.02519483119249344 
-0.03894666582345963 -0.01500000059604645 -0.05257587134838104 
-0.01818563416600227 0.01499999966472387 -0.05366161093115807 
0.1498989909887314 0.01342687010765076 -0.06963220238685608 
-0.007851122878491879 0.005836263298988342 -0.0576394721865654 
0.1254012286663055 0.0149999987334013 -0.05649364367127419 
-0.02228535525500774 0.01099999994039536 -0.02067600004374981 
0.1159254088997841 0.002770466497167945 -0.04053854569792747 
0.1922313719987869 0.003177711274474859 -0.07000000774860382 
0.03809156641364098 0.01466738432645798 -0.04663662612438202 
0.1581992655992508 -0.01195790618658066 -0.04500002786517143 
0.177420049905777 -0.01345899514853954 -0.06961721926927567 
-0.04612357541918755 0.01090461853891611 -0.06856909394264221 
0.00900733657181263 0.01254512555897236 -0.05539124459028244 
0.04413700848817825 -0.006319453008472919 -0.01532554998993874 
0.1470943987369537 0.006361839827150106 -0.04448871314525604 
-0.018905995413661 0.01455793716013432 -0.04643775522708893 
-0.09154674410820007 -0.0109383650124073 -0.07000000774860382 
0.1376834213733673 0.01053308323025703 -0.07000000774860382 
-0.0373009517788887 -0.01094651594758034 -0.02458984032273293 
0.1279369443655014 -0.0107174888253212 -0.04283870384097099 
0.1992774605751038 0.004691990092396736 -0.05978300794959068 
0.1084501147270203 -0.009092444553971291 -0.07000000774860382 
0.0861361175775528 -0.01099999994039536 -0.03803348541259766 
-0.05557192116975784 0.0004309955984354019 -0.06983578950166702 
-0.06419797241687775 -0.01486633159220219 -0.0471167080104351 
0.09735389798879623 -0.0149999987334013 -0.05623500794172287 
0.1262749433517456 0.008916892111301422 -0.07000000774860382 
0.1271615922451019 -0.01454075612127781 -0.06858185678720474 
-0.06209263950586319 0.01499999966472387 -0.0529450960457325 
-0.06549737602472305 -0.01500000059604645 -0.05634697526693344 
-0.06446957588195801 0.008034456521272659 -0.03948650509119034 
0.1274525970220566 -0.01034151576459408 -0.04253197088837624 
-0.02921302802860737 0.01493710931390524 -0.04741442948579788 
0.1639483273029327 -0.01499999966472387 -0.06631671637296677 
0.01540611870586872 0.01500000059604645 -0.05128670483827591 
-0.001542150159366429 0.01099999994039536 -0.0336790531873703 
-0.0284989457577467 -0.01099999994039536 -0.04369954019784927 
0.009976444765925407 -0.007547128945589066 -0.03932110220193863 
0.01028384082019329 0.007428506389260292 0.003784835804253817 
0.03319516032934189 -0.01099999994039536 -0.03030913136899471 
0.008409182541072369 0.007067187689244747 0.007026148028671741 
0.1135521754622459 -0.01210865378379822 -0.06999049335718155 
-0.07739196717739105 0.0149999987334013 -0.05658252909779549 
-0.0315898209810257 -0.01099999994039536 -0.02246391028165817 
0.1096415817737579 -0.01099999994039536 -0.0437554270029068 
0.03107132948935032 0.0141584537923336 -0.04592867195606232 
0.05747692286968231 0.008049150928854942 -0.05974940583109856 
0.1515995264053345 0.01416232250630856 -0.0690641924738884 
0.1305190026760101 0.008060486987233162 -0.04288030415773392 
-0.03239033371210098 0.01099999994039536 -0.03507371991872787 
-0.004361670929938555 0.01099999994039536 -0.02775807864964008 
0.1679420918226242 -0.008908681571483612 -0.07000000774860382 
0.04578566551208496 -0.01099999994039536 -0.03711849078536034 
-0.01837471500039101 -0.01099999994039536 -0.01791958883404732 
-0.02401530370116234 0.01099999994039536 -0.03930043429136276 
0.1133893728256226 0.01499999966472387 -0.05034435912966728 
-0.001758490689098835 -0.01499999966472387 -0.05307033285498619 
0.02288993820548058 -0.01099999994039536 -0.04000502079725266 
0.1006641164422035 0.002706980798393488 -0.03708388656377792 
0.1447044312953949 -0.006214347667992115 -0.07000000774860382 
-0.06716977059841156 -0.0002103482838720083 -0.07000000774860382 
0.1376690864562988 0.01499999966472387 -0.05577664449810982 
0.02770659327507019 -0.01099999994039536 -0.03896991163492203 
0.08290475606918335 0.01047189999371767 -0.03194847702980042 
-0.06532826274633408 0.001744640059769154 -0.03998227417469025 
-0.08396421372890472 0.007097809575498104 -0.05074173212051392 
0.09444531798362732 0.01499999966472387 -0.05629012361168861 
0.1108513846993446 -0.004047085531055927 -0.0394492968916893 
-0.07149889320135117 0.004292812198400497 -0.07000000774860382 
0.1241923272609711 0.01127737388014793 -0.07000000774860382 
-0.06306848675012589 -0.01317976973950863 -0.06974742561578751 
0.1937769502401352 0.01435162778943777 -0.05773278325796127 
-0.06290522962808609 0.01136045716702938 -0.04476797953248024 
-0.02422836609184742 0.01099999994039536 -0.02683513797819614 
0.07157138735055923 -0.01099999994039536 -0.03724579885601997 
0.07733006030321121 0.01043525896966457 -0.02992796711623669 
-0.08349159359931946 -0.006305977702140808 -0.05046886205673218 
0.08638915419578552 -0.01292620971798897 -0.06846213340759277 
-0.06921608000993729 -0.01499999966472387 -0.05447234585881233 
0.02589533850550652 0.01099999994039536 -0.01979958638548851 
0.1465596258640289 0.01499999966472387 -0.05223710089921951 
0.00689247902482748 0.002619809238240123 -0.03809882700443268 
0.01718787848949432 0.01248876005411148 -0.04504274949431419 
0.03419820591807365 -0.01099999994039536 -0.02359292469918728 
-0.05147723108530045 -0.00979125127196312 -0.06947670131921768 
0.003693030215799809 -0.01111358497291803 -0.05591040104627609 
-0.006784096825867891 0.003503237850964069 -0.001624409924261272 
0.1503603160381317 -0.005069175735116005 -0.04467929527163506 
0.00253434362821281 0.010309181176126 -0.006512480787932873 
0.07206545770168304 0.01055388059467077 -0.06432772427797318 
-0.09751773625612259 0.008516654372215271 -0.05856684595346451 
-0.006807462777942419 -0.002300000051036477 -0.0006153214490041137 
-0.02123188227415085 0.01099999994039536 -0.01954463310539722 
0.02729689702391624 -0.008507726714015007 -0.05519683659076691 
-0.03135356679558754 0.01099999994039536 -0.03409105911850929 
0.03872567787766457 0.008393373340368271 -0.01194204762578011 
0.1050900369882584 -0.008147734217345715 -0.07000000774860382 
-0.03000344149768353 0.008873151615262032 -0.06359325349330902 
-0.02630277723073959 0.01099999994039536 -0.03524449467658997 
-0.02250532433390617 0.001375455874949694 -0.06111894547939301 
0.08310332894325256 0.01130776945501566 -0.04472078010439873 
0.04731535166501999 -0.01499999966472387 -0.04805455356836319 
0.119436614215374 0.01099999994039536 -0.0421500951051712 
0.1731378585100174 0.0118822269141674 -0.07000000774860382 
0.1992825418710709 0.005627925507724285 -0.05978808179497719 
0.1935707628726959 0.002961339429020882 -0.05628805607557297 
0.04467873275279999 0.0038747638463974 -0.05709134414792061 
0.1923633217811584 0.01500000059604645 -0.06058567762374878 
-0.008593695238232613 0.01099999994039536 -0.0256609320640564 
0.1107150465250015 -0.01499252580106258 -0.06708541512489319 
-0.06875146180391312 0.012720612809062 -0.04509788006544113 
0.1972927153110504 -0.01487474516034126 -0.06667438149452209 
0.000863001449033618 -0.01099999994039536 0.009403126314282417 
0.005213657859712839 0.01125621236860752 -0.05575082451105118 
-0.03410849347710609 0.006236877292394638 -0.06505542993545532 
0.04722725600004196 0.002309316070750356 -0.05753167718648911 
-0.02144034393131733 0.005423349794000387 -0.06082136183977127 
0.01558851450681686 0.006085561588406563 -0.03933150321245193 
0.1030055582523346 -0.003100840141996741 -0.07000000774860382 
0.1050101071596146 -0.01270971726626158 -0.0450926348567009 
0.1143185421824455 0.01085006166249514 -0.07000000029802322 
0.04532692581415176 0.006847626995295286 -0.02023080177605152 
-0.003043066477403045 0.01498019229620695 -0.05399519205093384 
-0.01386810839176178 0.01292330026626587 -0.05875686556100845 
0.05142106115818024 -0.01278448570519686 -0.05822692811489105 
0.1598857343196869 0.01467457320541143 -0.06833595782518387 
-0.06377913802862167 0.006124095059931278 -0.07000000774860382 
0.1342642158269882 -0.01499999966472387 -0.05215061455965042 
0.05604689568281174 -0.01099999994039536 -0.03067836910486221 
0.03064985014498234 -0.01099999994039536 -0.04078694432973862 
-0.007221084088087082 -0.01099999994039536 -0.01693802140653133 
0.02275824919342995 0.0007186224684119225 -0.03454309329390526 
0.1428880542516708 0.01499999966472387 -0.06370774656534195 
0.1667015999555588 -0.004057785030454397 -0.07000000774860382 
0.01269190479069948 0.01268465630710125 -0.05514346063137054 
0.01091131195425987 -0.003278445918112993 -0.001224284060299397 
-0.05192290619015694 -0.01499999966472387 -0.05186450853943825 
0.150410532951355 0.01499999966472387 -0.05353476479649544 
0.1927911639213562 0.01266583614051342 -0.05593542009592056 
0.1489171534776688 -0.00222796481102705 -0.04460097476840019 
0.1255066394805908 0.01089383196085691 -0.04269715026021004 
-0.02222531661391258 -0.0149999987334013 -0.05554994568228722 
0.005419767461717129 -0.008721759542822838 -0.0044174506329 
-0.02543754130601883 0.01099999994039536 -0.02114374190568924 
0.02892067283391953 0.01099999994039536 -0.03673898428678513 
0.1500844955444336 0.01499999966472387 -0.04954531416296959 
0.04305955022573471 -0.01099999994039536 -0.02150648087263107 
0.109598882496357 -0.01499999966472387 -0.06149616464972496 
0.05798504501581192 0.001622955547645688 -0.0222143828868866 
0.1656234711408615 0.009137953631579876 -0.04500002786517143 
0.02854647859930992 0.01207023672759533 -0.04500596225261688 
-0.04952901601791382 -0.01099999994039536 -0.03331119194626808 
0.08996403962373734 0.01499999966472387 -0.05515545234084129 
0.146889939904213 -0.01499999966472387 -0.06075527518987656 
-0.03974666446447372 0.01099999994039536 -0.02932140789926052 
0.1877200603485107 0.01499999966472387 -0.06316065788269043 
0.07462297379970551 -0.007730521261692047 -0.06523868441581726 
-0.06917223334312439 0.01102722994983196 -0.0442182719707489 
-0.02703102491796017 0.01099999994039536 -0.03414902836084366 
0.0007838414167053998 -0.01099999994039536 -0.01749562658369541 
0.1853494197130203 -0.01392765901982784 -0.05235135927796364 
-0.05334125086665154 -0.01073306240141392 -0.03343595936894417 
-0.0749606266617775 -0.0007737010018900037 -0.07000000774860382 
-0.009176904335618019 -0.01499999966472387 -0.04901442304253578 
0.1962997317314148 -0.01500000059604645 -0.06578213721513748 
0.1263931542634964 0.01499999966472387 -0.04881898313760757 
0.00735040195286274 -0.01099999994039536 -0.04036586731672287 
-0.04430597648024559 0.01498945616185665 -0.06523141264915466 
0.04868386685848236 0.00412333756685257 -0.02352925390005112 
-0.06771117448806763 0.01499999966472387 -0.0640670508146286 
-0.09934334456920624 0.01227453909814358 -0.05990996956825256 
0.08246795833110809 -0.01499999966472387 -0.05890956521034241 
0.09751712530851364 -0.01484178844839334 -0.06784924119710922 
0.06937841325998306 0.01099999994039536 -0.04385571181774139 
-0.04761311411857605 -0.004073089919984341 -0.0688483789563179 
0.06023630872368813 -0.009930416941642761 -0.02292393893003464 
0.1767843216657639 0.01371938548982143 -0.04723790287971497 
0.101282462477684 -0.01499999966472387 -0.0669659823179245 
0.01716780848801136 0.002580728381872177 -0.05506128817796707 
-0.003805359825491905 0.004260716028511524 -0.05694044381380081 
-0.009332649409770966 -0.01099999994039536 -0.03234487771987915 
0.1238879710435867 -0.001077065477147698 -0.07000000774860382 
0.102299302816391 0.01415566354990005 -0.04592755436897278 
0.0446840226650238 -0.006030149757862091 -0.01617765985429287 
0.05220338702201843 -0.01099999994039536 -0.03670536354184151 
-0.08796302974224091 0.005979945417493582 -0.0530504398047924 
0.04837620258331299 0.01193388272076845 -0.04499600827693939 
0.1680725961923599 0.01062390860170126 -0.07000000774860382 
0.06087817996740341 0.009922899305820465 -0.02319667860865593 
0.2000000029802322 0.002383148763328791 -0.06274481117725372 
-0.05517708882689476 0.006197191774845123 -0.06982114911079407 
-0.03581440448760986 0.004638550337404013 -0.02294241636991501 
0.142047643661499 0.01500000059604645 -0.05835730209946632 
0.1076648235321045 -0.0032466696575284 -0.03876086696982384 
-0.005168023519217968 0.002891730982810259 -0.0571758821606636 
-0.004323730245232582 0.004096569493412971 0.01008771266788244 
0.1029196977615356 -0.01500000059604645 -0.06545400619506836 
0.02957110293209553 0.01099999994039536 -0.03679551556706429 
0.08500438183546066 -0.005791483446955681 -0.06835924088954926 
0.1916981339454651 0.01499999966472387 -0.06277629733085632 
0.1593814343214035 0.01386369485408068 -0.0693434402346611 
-0.06935862451791763 -0.01499999966472387 -0.05944112688302994 
0.1270041167736053 0.01499999966472387 -0.06318799406290054 
0.1108955070376396 0.01499595679342747 -0.06704620271921158 
-0.03647768124938011 -0.007667473517358303 -0.0233253613114357 
0.1141990274190903 -0.001122680609114468 -0.07000000774860382 
0.02022025361657143 0.01100000087171793 -0.03923420980572701 
-0.02138051390647888 -0.01099999994039536 -0.02064923569560051 
-0.01473545376211405 -0.002214200329035521 -0.005572065711021423 
-0.08336357027292252 0.01411381922662258 -0.05140178650617599 
-0.01863992586731911 0.009832832962274551 -0.06003885343670845 
-0.04443053901195526 0.009387664496898651 -0.02791695296764374 
0.008720043115317822 0.007742012850940228 -0.007328038103878498 
0.1700128614902496 0.009122267365455627 -0.07000000774860382 
-0.05101295933127403 0.01500000059604645 -0.06489766389131546 
-0.08727513998746872 0.00709644379094243 -0.07000000774860382 
0.04018772765994072 -0.01099999994039536 -0.03247123956680298 
-0.00706886500120163 0.01499999966472387 -0.04873117804527283 
-0.06839294731616974 -0.001858134055510163 -0.0417516753077507 
-0.0002244710922241211 -0.01099999994039536 -0.03764666244387627 
-0.03658914566040039 0.007301549427211285 -0.06592029333114624 
0.1720350533723831 -0.004945399705320597 -0.07000000774860382 
0.08727313578128815 -0.003521849866956472 -0.03327009826898575 
-0.008992657065391541 0.01037854049354792 0.006185877602547407 
-0.03874660283327103 -0.01499999966472387 -0.0586797334253788 
0.01099340803921223 -0.01474341005086899 -0.05351611599326134 
0.170937567949295 -0.0002409652806818485 -0.07000000774860382 
0.09037040919065475 -0.01125232595950365 -0.04466107487678528 
-0.03430993482470512 -0.01500000059604645 -0.05551300197839737 
0.07872600853443146 -0.0149999987334013 -0.05278480052947998 
0.09693525731563568 0.01496051903814077 -0.04752486571669579 
0.132532611489296 -0.01257595792412758 -0.06993967294692993 
-0.03773203119635582 -0.01099999994039536 -0.03336140513420105 
-0.06390958279371262 -0.003418173640966415 -0.03916319832205772 
-0.06762651354074478 0.0003773858770728111 -0.07000000774860382 
0.09823932498693466 0.0149999987334013 -0.05419090390205383 
0.04410801082849503 -0.01099999994039536 -0.02280586026608944 
-0.009197014383971691 -0.01099999994039536 -0.01645383425056934 
-0.006897113285958767 -0.008923769928514957 -0.001175996265374124 
-0.0008846085984259844 -0.003532706294208765 0.01095812302082777 
-0.00883032102137804 0.01099999994039536 -0.02933759428560734 
0.07074820995330811 0.01499999966472387 -0.05041580647230148 
0.01087767165154219 -0.004984128288924694 0.001415093662217259 
-0.02467882260680199 -0.01499999966472387 -0.05411889404058456 
0.03839967027306557 0.01099999994039536 -0.0325329601764679 
0.04845678433775902 0.004839308559894562 -0.0233096107840538 
-0.02590835280716419 -0.01069070864468813 -0.06216348707675934 
0.05744777247309685 -0.009511462412774563 -0.0221753753721714 
0.1498513668775558 0.01438025198876858 -0.06881109625101089 
0.1332286149263382 -0.009473931044340134 -0.04322245717048645 
-0.06399178504943848 -0.005658695474267006 -0.07000000774860382 
-0.006973876617848873 0.008312897756695747 -0.0002985981409437954 
0.1579345613718033 0.001882209442555904 -0.07000000774860382 
0.1058219149708748 -0.01418824307620525 -0.0690382719039917 
-0.02802165225148201 0.008691760711371899 -0.01844326592981815 
0.02319147065281868 -0.002963815815746784 -0.0170590877532959 
-0.0627543032169342 0.002148560713976622 -0.03849619626998901 
0.1081212759017944 0.01124764606356621 -0.04465416073799133 
-0.009801493957638741 -0.00521832425147295 0.004939587321132421 
0.02011753991246223 0.01482860185205936 -0.05305267125368118 
0.1770274639129639 0.0121403681114316 -0.06998772174119949 
-0.09835017472505569 -0.01154346764087677 -0.06919442117214203 
-0.08526849746704102 0.01348854415118694 -0.05195225030183792 
-0.0125748859718442 0.002177948830649257 -0.0009387186728417873 
0.02185823582112789 0.007316120900213718 -0.03561534732580185 
-0.006709804758429527 0.01054443512111902 -0.05744227021932602 
0.03874834626913071 0.01099999994039536 -0.04263157024979591 
0.1728506535291672 0.01499999966472387 -0.05010363087058067 
0.1939835995435715 0.007766652852296829 -0.05652640387415886 
-0.01983996294438839 0.01427773758769035 -0.04604773595929146 
0.04363397136330605 -0.01099999994039536 -0.03090637922286987 
0.1595922112464905 -0.004725459963083267 -0.07000000774860382 
0.1231421232223511 0.01169775798916817 -0.07000000774860382 
0.06729084998369217 -0.006451666820794344 -0.06262704730033875 
-0.001869487343356013 0.01099999994039536 -0.04119962453842163 
0.01110328361392021 -0.01499999966472387 -0.04961952194571495 
0.164589524269104 0.01499999966472387 -0.05925007909536362 
0.05921856313943863 0.006668728310614824 -0.02252150699496269 
0.03461077436804771 0.01293147541582584 -0.05559245496988297 
0.09971961379051208 0.01499999966472387 -0.05905912816524506 
-0.004415336530655622 0.003670254722237587 -0.005421226378530264 
-0.01178921665996313 -0.01099999994039536 -0.005625688936561346 
0.1597911715507507 -0.01499999966472387 -0.05217707902193069 
0.1950724422931671 0.00188485044054687 -0.06991863250732422 
-0.02736655063927174 -0.01099999994039536 -0.03809252381324768 
0.1603133976459503 -0.01466601714491844 -0.04662527516484261 
0.1121589690446854 0.01461648754775524 -0.04653478413820267 
-0.02823835983872414 -0.004572261590510607 -0.0185683835297823 
-0.05252758413553238 -0.01500000059604645 -0.06098324060440063 
0.01733341626822948 0.003582289442420006 -0.05506129190325737 
0.1844831705093384 -0.0006592120043933392 -0.07000000774860382 
0.006202218122780323 0.01099999994039536 -0.01025456096976995 
-0.001485265791416168 -0.008872424252331257 0.006821399554610252 
0.1565720736980438 -0.01500000059604645 -0.06440931558609009 
0.1374218612909317 -0.001293361186981201 -0.04367464780807495 
0.1791273504495621 -0.01432030647993088 -0.04922317713499069 
0.05120363086462021 -0.003415838815271854 -0.05827204883098602 
0.1810721158981323 5.044345743954182e-05 -0.04907196015119553 
0.1776370853185654 -0.01499999966472387 -0.05588165298104286 
-0.02065104059875011 -0.01099999994039536 -0.03314676508307457 
0.006140080280601978 0.009055761620402336 -0.003332936903461814 
0.004451535176485777 -0.01075147930532694 0.005395915359258652 
-0.07719822227954865 0.01499999966472387 -0.06278111040592194 
-0.01779978722333908 0.01273487508296967 -0.0597214549779892 
0.05244998261332512 0.004224367905408144 -0.02444447204470634 
-0.003366227261722088 -0.01099999994039536 -0.01308318413794041 
-0.06813628971576691 0.004674273543059826 -0.07000000774860382 
0.179547905921936 0.008620090782642365 -0.04819195717573166 
0.188682496547699 0.01499999966472387 -0.0614314004778862 
0.0140578830614686 0.01499357633292675 -0.05222488194704056 
-0.08014187216758728 0.01499999966472387 -0.05779462680220604 
-0.08319325745105743 -0.0149999987334013 -0.06438381224870682 
-0.005984627641737461 -0.01099999900907278 -0.03690386191010475 
-0.008748327381908894 0.01099999994039536 -0.02209921181201935 
0.06695476919412613 -0.01258575357496738 -0.06244051456451416 
-0.01174882333725691 -0.01039313152432442 0.0006374901859089732 
0.09245257079601288 0.009327189065515995 -0.06957343220710754 
-0.04090643301606178 -0.01499999966472387 -0.05644375830888748 
-0.05432604253292084 -0.01215446181595325 -0.06974564492702484 
0.173188254237175 -0.01499999966472387 -0.05690638720989227 
-0.06041966378688812 0.01499999966472387 -0.06233198940753937 
0.08749488741159439 0.007492685690522194 -0.06882621347904205 
-0.0968005359172821 0.006848780903965235 -0.05815277248620987 
-0.08297818154096603 -0.0144655667245388 -0.05166775360703468 
-0.08070996403694153 0.005404129158705473 -0.07000000774860382 
0.08559460937976837 0.01100141182541847 -0.04401792958378792 
0.06597819924354553 -0.01479121390730143 -0.06020091474056244 
0.1062707304954529 0.01500000059604645 -0.06404075026512146 
-0.004444152116775513 0.01099999994039536 -0.03500308841466904 
0.06094125658273697 0.0007869837572798133 -0.02322348952293396 
0.0541575513780117 -0.01099999994039536 -0.03109510987997055 
0.04437192529439926 -0.01093912683427334 -0.01818852871656418 
-0.02540469355881214 -0.01099999994039536 -0.0262237936258316 
0.1943257302045822 -0.0149999987334013 -0.06516929715871811 
0.1634391993284225 -0.01499999966472387 -0.06612402200698853 
0.03008484467864037 0.01099999994039536 -0.0234149843454361 
-0.008369817398488522 0.01099999994039536 -0.03373194113373756 
-0.03035739809274673 -0.008133618161082268 -0.01979181170463562 
0.07743639498949051 -0.01428372319787741 -0.04605492204427719 
0.0706687867641449 -0.006458407267928123 -0.06383024156093597 
0.002114025177434087 -0.001137329265475273 -0.0332755520939827 
-0.07600787281990051 0.009788848459720612 -0.0461481474339962 
0.06021275743842125 0.01099999994039536 -0.04286503791809082 
0.1985971033573151 0.01453008875250816 -0.06568840146064758 
-0.01699530147016048 0.00495813274756074 -0.05963598936796188 
0.1392764747142792 -0.01499999966472387 -0.05606377497315407 
-0.07670558243989944 0.01496495585888624 -0.04949363693594933 
0.0002093818038702011 0.01438586972653866 -0.04619492962956429 
0.003485643770545721 -0.008050854317843914 0.00606889184564352 
-0.07287898659706116 -0.01499999966472387 -0.0555366650223732 
0.1048999428749084 -0.0149658415466547 -0.04757380113005638 
0.008388804271817207 -0.006569680757820606 -0.008038382977247238 
0.1059975028038025 0.0149999987334013 -0.05765096843242645 
0.03425465896725655 0.00678071565926075 -0.009805794805288315 
0.0634896382689476 0.005123497918248177 -0.06141263619065285 
0.05460608005523682 0.0149999987334013 -0.05237489566206932 
-0.006624097470194101 -0.01099999994039536 -0.03635239601135254 
-0.03241019695997238 -0.005733651574701071 -0.02097699791193008 
0.05900874361395836 0.01132509112358093 -0.0601419098675251 
0.06831802427768707 -0.01099999994039536 -0.03794208168983459 
0.1390552818775177 -0.01133557036519051 -0.07000000774860382 
0.07441341876983643 0.01099999994039536 -0.04171451926231384 
-0.01976436749100685 0.01099999994039536 -0.01930724829435349 
0.08221922814846039 -0.004928227979689837 -0.06769011914730072 
0.1450671702623367 -0.005418557673692703 -0.04433086141943932 
0.128813773393631 0.002864483511075377 -0.04265466332435608 
0.02383962832391262 0.001689771423116326 -0.01481909677386284 
0.003753361059352756 -0.00548646179959178 -0.05590406805276871 
0.07218097150325775 -0.01308798044919968 -0.04520880058407784 
0.05482164025306702 0.01228390261530876 -0.04502484202384949 
-0.01252162829041481 0.01500000059604645 -0.04964032769203186 
0.1179834008216858 0.01477167103439569 -0.04687228053808212 
0.05309750884771347 0.008543705567717552 -0.05871805548667908 
-0.01623735018074512 -0.001273731933906674 -0.008792893029749393 
0.1118242591619492 -0.004248947836458683 -0.03965949267148972 
0.02498229593038559 -0.000117097981274128 -0.02763277664780617 
0.1246080324053764 0.01499999966472387 -0.04902815818786621 
-0.08999909460544586 -0.01150792744010687 -0.05422596633434296 
0.04541391506791115 0.01099999994039536 -0.03717773035168648 
0.1508246064186096 0.009469205513596535 -0.04470200836658478 
0.1872511059045792 0.01344554964452982 -0.06962348520755768 
-0.05495784804224968 0.01342351362109184 -0.04536266997456551 
-0.003066814038902521 -0.009567125700414181 -0.0568128377199173 
0.06168222427368164 0.01099999994039536 -0.03448976203799248 
0.1295350193977356 -0.01500000059604645 -0.05785811319947243 
0.1857307255268097 -0.005872298032045364 -0.07000000774860382 
-0.08111234754323959 0.01499999966472387 -0.06210474297404289 
0.0006406690226867795 0.007375092245638371 -0.02761370688676834 
-0.06964655965566635 0.01499999966472387 -0.06089895218610764 
-0.03811534866690636 0.002794882981106639 -0.02427087165415287 
0.09788306057453156 -0.01499999966472387 -0.0558488741517067 
0.09104286879301071 0.008397731930017471 -0.03443048894405365 
-0.01066859066486359 -0.002517763059586287 -0.05815128237009048 
0.1709979027509689 0.01499999966472387 -0.04918435961008072 
-0.004335664678364992 0.01099999994039536 -0.01671748422086239 
0.05047368630766869 0.01017420459538698 -0.02492573484778404 
-0.04191679507493973 0.007922105491161346 -0.06760581582784653 
-0.09390491247177124 0.01499999966472387 -0.06528668850660324 
0.06831565499305725 0.00577647378668189 -0.02635793946683407 
-0.0004793717234861106 -0.005005643703043461 -0.05640287697315216 
0.1848001629114151 0.005661975592374802 -0.05122435092926025 
0.08568619191646576 0.003818061435595155 -0.03274856880307198 
0.1601009368896484 0.01497871056199074 -0.04775037616491318 
0.07967647165060043 9.133829735219479e-05 -0.03070451132953167 
-0.04670080542564392 0.01243694312870502 -0.04503694921731949 
0.08725523948669434 -0.01018004585057497 -0.03322035074234009 
0.06793971359729767 0.004555594176054001 -0.06285817176103592 
-0.09932553768157959 0.01388038881123066 -0.06659988313913345 
0.07846663892269135 0.01254013925790787 -0.06651736050844193 
-0.05336552113294601 -0.002389955101534724 -0.03307557106018066 
0.02913342230021954 -0.01099999994039536 -0.02852462977170944 
-0.0226047970354557 0.01099999994039536 -0.03065525367856026 
0.03588277846574783 -0.009755648672580719 -0.01039579790085554 
0.1778790950775146 -0.01300855912268162 -0.06982379406690598 
0.1639299392700195 0.004926483146846294 -0.07000000774860382 
-0.03319887444376945 0.004118087701499462 -0.06473143398761749 
0.1036634519696236 -0.008017212152481079 -0.07000000774860382 
0.005658532027155161 -0.01076255366206169 0.008974816650152206 
0.02307695150375366 -0.003978487104177475 -0.0186991561204195 
0.07756597548723221 0.01094038691371679 -0.03061643801629543 
0.069266177713871 0.01099999994039536 -0.0296136848628521 
0.09583232551813126 0.000993805006146431 -0.06984544545412064 
-0.02548586204648018 0.01099999994039536 -0.04088877886533737 
-0.07503965497016907 -0.01472658291459084 -0.06822442263364792 
0.155295729637146 0.005896276794373989 -0.04482556879520416 
0.1642155200242996 0.005038057453930378 -0.04500002786517143 
0.0159887932240963 0.006013812497258186 -0.05506129190325737 
0.02519823610782623 -0.01479937881231308 -0.04692545905709267 
0.1816710531711578 0.0148527268320322 -0.05184211954474449 
-0.05939166992902756 0.01499999966472387 -0.06639601290225983 
0.1499803960323334 0.0149999987334013 -0.06672406196594238 
0.1696911752223969 -0.01499999966472387 -0.06108990684151649 
-0.02963854931294918 -0.003325002267956734 -0.06346327811479568 
0.03456531092524529 0.004838341847062111 -0.05572763085365295 
0.006421960424631834 0.009933974593877792 -0.01225629076361656 
0.0006406965549103916 -0.006476221140474081 -0.02649017609655857 
0.01933588273823261 0.004744378849864006 -0.05506129562854767 
0.09752646088600159 -0.01029467396438122 -0.06990827620029449 
0.129168376326561 0.009956648573279381 -0.07000000774860382 
0.0779011994600296 -0.01103380136191845 -0.04424299299716949 
-0.01189325004816055 -0.01099999994039536 -0.01397844776511192 
-0.06981602311134338 -0.01499999966472387 -0.05971645563840866 
-0.03257898241281509 0.01099999994039536 -0.0306635145097971 
0.09203733503818512 0.005956219509243965 -0.03473104536533356 
0.1478764414787292 0.002825018484145403 -0.07000000774860382 
-0.06294984370470047 0.0149999987334013 -0.05303523689508438 
-0.09839673340320587 -0.01344483159482479 -0.05951402336359024 
0.06554350256919861 0.0149999987334013 -0.05552132427692413 
0.06310998648405075 -0.003641323884949088 -0.02414529398083687 
-0.04737977311015129 0.0006578465108759701 -0.06880462169647217 
0.06963596493005753 0.01499999966472387 -0.05454904958605766 
0.1705816388130188 0.0149999987334013 -0.05486059933900833 
0.08226434141397476 0.007193723693490028 -0.06770269572734833 
0.03923110291361809 -0.009324891492724419 -0.01222813688218594 
0.1402494460344315 -0.01336529385298491 -0.0453287661075592 
0.1084745153784752 0.01100460067391396 -0.04405844956636429 
0.1283284872770309 -0.0149999987334013 -0.0565912276506424 
0.08737511932849884 0.01099999994039536 -0.03877105563879013 
-0.09188727289438248 -0.007843638770282269 -0.05531610548496246 
0.1285356730222702 0.0110689727589488 -0.04435737803578377 
-0.05383460223674774 0.01099999994039536 -0.0358717180788517 
-0.06856229901313782 0.01499999966472387 -0.04891329631209373 
-0.001458441372960806 0.01099999994039536 -0.01509081199765205 
0.1255659759044647 -0.01499999966472387 -0.06250567734241486 
-0.0854388028383255 0.01497190818190575 -0.06735695153474808 
0.1211488544940948 0.01500000059604645 -0.05751501768827438 
0.09240709245204926 -0.01099999994039536 -0.03898045420646667 
0.002959344536066055 0.001504181418567896 0.01058428641408682 
-0.01904374919831753 0.001047584926709533 -0.06015169247984886 
0.1510479152202606 0.0149999987334013 -0.05268749222159386 
0.02307802811264992 -0.006170021835714579 -0.01778140105307102 
0.05435502156615257 0.01099999994039536 -0.0365469716489315 
0.07863813638687134 0.00684127165004611 -0.0303275790065527 
0.1211198568344116 -0.008558399975299835 -0.07000000774860382 
0.03954657167196274 -0.01099999994039536 -0.02470394782721996 
0.1138923913240433 -0.002568683587014675 -0.04010411351919174 
0.1062451303005219 0.01499999966472387 -0.05093893781304359 
0.09143176674842834 0.006776121910661459 -0.03454802185297012 
0.1022603288292885 0.0004496124747674912 -0.07000000774860382 
-0.02742418646812439 -0.01099999994039536 -0.02428598515689373 
0.1277043223381042 -0.01499999966472387 -0.0556333065032959 
0.1648002117872238 0.005847767926752567 -0.04500002786517143 
0.1910089701414108 -0.01499999966472387 -0.05881942063570023 
0.1259277611970901 0.0002935521770268679 -0.07000000774860382 
-0.03352376818656921 0.01496622897684574 -0.04756779968738556 
0.02981883659958839 0.01499281916767359 -0.04784207791090012 
-0.00501739839091897 0.002300000283867121 -0.003755940590053797 
-0.05037896335124969 -0.004079599399119616 -0.03135127946734428 
0.1275990009307861 -0.01467712596058846 -0.06833048164844513 
0.1155813038349152 0.01221411023288965 -0.06998126208782196 
0.09227451682090759 0.01499999966472387 -0.06481610238552094 
0.1636991500854492 0.005650362931191921 -0.07000000774860382 
0.06818524748086929 -0.01095324754714966 -0.0270641278475523 
-0.06837102025747299 -0.01499999966472387 -0.0507214330136776 
-0.05044272169470787 -0.01099999994039536 -0.0436890497803688 
0.08199463784694672 -0.01499999966472387 -0.05293431878089905 
0.009170707315206528 0.007322984747588634 -0.05542096123099327 
-0.04305367916822433 0.0149999987334013 -0.05468478053808212 
0.07567372918128967 -0.01500000059604645 -0.0487757995724678 
0.06244905292987823 -0.0004764329642057419 -0.02386436983942986 
-0.0006126700900495052 0.01099999994039536 -0.02696797251701355 
3 448 1167 3845 
3 1689 1719 3457 
3 1060 3364 816 
3 26 1060 816 
3 1060 26 1233 
3 3131 1719 3611 
3 3364 3131 3611 
3 3945 26 816 
3 3364 3945 816 
3 1471 3364 3611 
3 1471 2236 105 
3 1471 3945 3364 
3 3945 1471 105 
3 548 3131 1741 
3 2115 2584 1233 
3 83 448 3845 
3 3960 83 3845 
3 83 548 448 
3 3570 255 1842 
3 1320 2079 1647 
3 2896 1729 1842 
3 1729 1320 893 
3 1320 3603 893 
3 1729 3603 1842 
3 3603 1729 893 
3 1719 326 3457 
3 3131 326 1719 
3 1689 2601 2003 
3 1719 3916 3611 
3 1689 412 1719 
3 412 1689 2003 
3 137 1060 1233 
3 1939 3131 3364 
3 1939 3738 1741 
3 3131 1939 1741 
3 1902 105 2722 
3 1902 3945 105 
3 2236 1909 3611 
3 1909 1471 3611 
3 1471 1909 2236 
3 1939 3450 3738 
3 2584 662 1233 
3 662 137 1233 
3 662 3450 1748 
3 548 662 448 
3 675 2711 2492 
3 83 675 548 
3 548 675 3131 
3 1998 60 26 
3 1167 20 3845 
3 20 1435 3845 
3 1974 3960 3845 
3 1435 1974 3845 
3 1974 1435 3960 
3 1435 2638 3960 
3 2339 2115 1167 
3 2339 2584 2115 
3 2339 1167 448 
3 662 2339 448 
3 2339 662 2584 
3 1467 83 3960 
3 255 1877 700 
3 1877 3570 700 
3 3570 1877 255 
3 3675 2711 700 
3 1869 3675 700 
3 1320 2160 2079 
3 2160 1729 341 
3 1729 2160 1320 
3 1456 237 2896 
3 237 1729 2896 
3 237 1456 341 
3 1729 237 341 
3 1531 1320 1647 
3 3927 255 700 
3 602 3927 700 
3 2257 2612 3606 
3 2612 3251 3606 
3 255 2612 1842 
3 3927 2612 255 
3 2612 3927 602 
3 3698 2257 3606 
3 2926 2779 3611 
3 3916 2683 3611 
3 2683 3916 1719 
3 412 2683 1719 
3 2683 412 3794 
3 2779 1172 2355 
3 1172 2779 2926 
3 1921 3663 3330 
3 1723 1689 3457 
3 3659 1547 3794 
3 412 800 3794 
3 800 3659 3794 
3 973 1939 3364 
3 3822 2236 3611 
3 2967 3822 3611 
3 3822 2967 2236 
3 2967 3391 2236 
3 2236 3391 105 
3 2760 1902 2722 
3 1902 919 3945 
3 3738 1239 1741 
3 3450 1239 3738 
3 1239 548 1741 
3 1239 662 548 
3 662 1239 3450 
3 2972 675 2492 
3 675 2972 2370 
3 2370 2972 3457 
3 2972 1723 3457 
3 2972 2601 1689 
3 1723 2972 1689 
3 3966 326 3131 
3 675 3966 3131 
3 326 3966 3457 
3 3966 675 3457 
3 2554 2370 3457 
3 675 2554 3457 
3 2554 675 2370 
3 26 3669 1233 
3 3669 2115 1233 
3 20 359 1435 
3 359 20 1167 
3 522 1998 1987 
3 3669 522 2115 
3 3104 1026 3879 
3 2594 2373 476 
3 3570 1728 700 
3 1728 1869 700 
3 1869 1728 3570 
3 1456 702 341 
3 3519 3603 1320 
3 1531 3519 1320 
3 3519 1531 3603 
3 3084 3637 2469 
3 3084 2972 2492 
3 3637 3084 1343 
3 3084 3675 1343 
3 2711 3084 2492 
3 3675 3084 2711 
3 2952 3637 1343 
3 2952 1869 3570 
3 2952 3570 1842 
3 3675 2952 1343 
3 2952 3675 1869 
3 3603 2952 1842 
3 950 602 3606 
3 3251 950 3606 
3 950 2612 602 
3 2612 950 3251 
3 1157 675 83 
3 675 1157 2711 
3 2711 1157 700 
3 1381 1467 3960 
3 83 1381 3984 
3 1467 1381 83 
3 2638 3346 3960 
3 557 2896 2143 
3 3842 2896 1842 
3 2612 3842 1842 
3 2896 3842 2143 
3 3842 2612 2257 
3 3842 2490 2143 
3 3842 2257 2490 
3 3184 1187 2206 
3 3184 3002 293 
3 23 2355 3611 
3 2779 23 3611 
3 23 2779 2355 
3 2683 2593 3611 
3 1547 1928 3794 
3 1928 1547 3659 
3 1715 1928 3659 
3 1172 963 2355 
3 2355 963 3611 
3 2173 2226 24 
3 3402 318 479 
3 1715 2948 2079 
3 2595 2948 412 
3 2948 800 412 
3 2409 1715 2079 
3 2160 2409 2079 
3 1688 1715 3659 
3 800 1688 3659 
3 1688 800 1715 
3 3271 973 3364 
3 662 3271 137 
3 973 3271 1748 
3 1060 3271 3364 
3 137 3271 1060 
3 3694 3450 1939 
3 973 3694 1939 
3 3450 3694 1748 
3 3694 973 1748 
3 105 737 2722 
3 3391 737 105 
3 2760 2704 923 
3 3945 3421 26 
3 919 3421 3945 
3 3421 1998 26 
3 1998 3421 1987 
3 3421 919 1987 
3 2760 3760 1902 
3 3760 919 1902 
3 455 2891 2490 
3 3782 2891 455 
3 2490 2891 2143 
3 2891 2226 582 
3 2456 3759 909 
3 3759 2456 455 
3 1874 2403 3232 
3 2403 1874 2985 
3 60 642 26 
3 642 3669 26 
3 642 60 1998 
3 522 642 1998 
3 642 522 3669 
3 1587 2638 1435 
3 359 1587 1435 
3 845 3906 2115 
3 522 845 2115 
3 3104 925 2594 
3 925 3184 293 
3 925 3104 3184 
3 2764 1431 1026 
3 3104 2764 1026 
3 2764 3104 3232 
3 3702 3963 2257 
3 3963 2373 2257 
3 2373 3963 476 
3 3963 598 476 
3 3963 3702 598 
3 1874 1316 2985 
3 3104 1678 3232 
3 1678 1874 3232 
3 3084 280 3354 
3 3354 280 412 
3 3084 3207 2003 
3 3207 3084 3354 
3 3207 412 2003 
3 3207 3354 412 
3 859 3084 2003 
3 3084 859 2972 
3 2601 859 2003 
3 2972 859 2601 
3 3637 2757 2469 
3 3901 83 3984 
3 3901 1091 83 
3 1381 1128 3984 
3 1128 1381 2745 
3 1128 3901 3984 
3 3138 895 602 
3 895 3138 1091 
3 3138 602 700 
3 1157 3138 700 
3 1091 3138 83 
3 3138 1157 83 
3 3464 1381 3960 
3 1381 3464 2745 
3 3346 3464 3960 
3 3464 2677 2745 
3 2677 3464 3346 
3 3472 2313 2896 
3 2226 520 582 
3 2891 520 2143 
3 520 2891 582 
3 455 1393 3879 
3 2257 1393 2490 
3 1393 455 2490 
3 3104 690 3184 
3 690 1187 3184 
3 690 1393 1187 
3 3624 860 2257 
3 860 1393 2257 
3 1393 860 1187 
3 1187 860 2206 
3 157 2926 3611 
3 2593 157 3611 
3 93 2683 3794 
3 1928 93 3794 
3 3663 772 3330 
3 772 3402 3330 
3 3402 772 3663 
3 284 3402 479 
3 1428 1835 3309 
3 3402 1835 3330 
3 1835 3402 3309 
3 417 3782 455 
3 2456 417 455 
3 1597 1350 3187 
3 3922 48 479 
3 48 3922 923 
3 48 284 479 
3 3610 3402 3663 
3 3610 318 3402 
3 2079 2978 1647 
3 2978 2650 1647 
3 2757 61 2469 
3 61 280 2469 
3 61 2757 3637 
3 2978 61 2650 
3 1531 61 3603 
3 61 2952 3603 
3 2952 61 3637 
3 61 1531 1647 
3 2650 61 1647 
3 2734 2948 1715 
3 2948 2734 800 
3 939 2948 2595 
3 939 2595 412 
3 280 939 412 
3 2948 939 2079 
3 61 939 280 
3 939 2978 2079 
3 939 61 2978 
3 702 1462 341 
3 1462 702 1456 
3 2226 1462 2313 
3 1462 1456 2896 
3 2313 1462 2896 
3 2173 1462 2226 
3 2832 662 1748 
3 3271 2832 1748 
3 2832 3271 662 
3 2704 3351 923 
3 3351 3137 923 
3 3351 1428 3309 
3 929 3760 2760 
3 188 2173 24 
3 2226 2111 24 
3 2891 2111 2226 
3 2566 3265 455 
3 3265 3759 455 
3 1973 2566 455 
3 919 2558 1987 
3 2558 522 1987 
3 3760 3397 919 
3 2106 3313 1431 
3 2106 2764 3232 
3 2764 2106 1431 
3 2106 708 3313 
3 708 2106 455 
3 1973 2106 3232 
3 2106 1973 455 
3 1026 370 3879 
3 3313 370 1026 
3 708 370 3313 
3 370 455 3879 
3 370 708 455 
3 1431 2129 1026 
3 2129 3313 1026 
3 3313 2129 1431 
3 924 2919 2373 
3 172 2373 2594 
3 172 924 2373 
3 1602 2919 924 
3 172 1602 924 
3 2919 1602 2373 
3 1316 1950 2985 
3 1950 1608 2074 
3 1597 1950 2074 
3 2690 3397 3760 
3 3076 3104 2594 
3 3076 1678 3104 
3 3076 2690 1678 
3 3076 2594 3906 
3 3806 3084 2469 
3 280 3806 2469 
3 3806 280 3084 
3 895 1092 602 
3 2677 1092 2745 
3 602 1092 3606 
3 1092 1128 2745 
3 1128 1092 3901 
3 1092 895 1091 
3 3901 1092 1091 
3 557 1572 2896 
3 1572 3472 2896 
3 3472 1572 557 
3 2005 557 2143 
3 520 2005 2143 
3 2005 3472 557 
3 3472 2005 2313 
3 2005 2226 2313 
3 2005 520 2226 
3 3091 3104 3879 
3 1393 3091 3879 
3 3091 1393 3104 
3 1393 3699 3104 
3 3699 690 3104 
3 690 3699 1393 
3 860 3747 2206 
3 324 1577 2594 
3 1774 860 3624 
3 925 3060 2594 
3 3060 324 2594 
3 3060 925 293 
3 3002 3060 293 
3 3060 1774 3624 
3 1014 157 2280 
3 157 1014 2926 
3 2603 157 2593 
3 2603 2593 2683 
3 93 2603 2683 
3 157 2603 2280 
3 3402 1540 3309 
3 284 1540 3402 
3 2409 1255 2585 
3 1255 3610 3663 
3 3322 1978 3187 
3 506 3322 2827 
3 3322 506 3378 
3 3322 1350 2827 
3 1350 667 2074 
3 667 1597 2074 
3 1597 667 1350 
3 2721 3322 3378 
3 3322 2721 1978 
3 2721 2366 1978 
3 3610 2721 318 
3 188 2721 2173 
3 2721 1462 2173 
3 1462 2721 3610 
3 2721 188 3782 
3 2366 2721 3782 
3 2845 2246 318 
3 800 3095 1715 
3 3095 2734 1715 
3 2734 3095 800 
3 1462 2500 341 
3 2500 2160 341 
3 2500 2409 2160 
3 408 3351 2704 
3 3434 3351 3309 
3 3351 3434 3137 
3 1540 3434 3309 
3 3137 3434 923 
3 3434 48 923 
3 48 3434 284 
3 3434 1540 284 
3 1608 1632 2074 
3 1632 1350 2074 
3 1744 188 24 
3 188 1744 2891 
3 2111 1744 24 
3 1744 2111 2891 
3 188 3286 3782 
3 3759 361 909 
3 135 1973 3232 
3 598 1927 476 
3 1927 968 2420 
3 968 3702 2257 
3 3702 968 598 
3 968 1927 598 
3 1629 2558 919 
3 3397 1629 919 
3 1629 3397 1389 
3 3030 3624 2257 
3 1602 3030 2257 
3 3030 1602 172 
3 2373 627 2257 
3 627 1602 2257 
3 1602 627 2373 
3 2699 1950 1316 
3 3397 959 1389 
3 2690 959 3397 
3 3076 959 2690 
3 959 1629 1389 
3 1629 959 2558 
3 959 845 522 
3 2558 959 522 
3 845 959 3906 
3 959 3076 3906 
3 182 3184 2206 
3 182 3002 3184 
3 1861 3747 860 
3 980 1766 963 
3 2603 3111 2585 
3 3111 2603 93 
3 3111 93 1928 
3 3111 2409 2585 
3 3111 1928 1715 
3 2409 3111 1715 
3 1255 21 2585 
3 21 2603 2585 
3 1372 1766 2967 
3 1766 1372 963 
3 1372 2967 3611 
3 963 1372 3611 
3 1578 3391 2967 
3 1766 1578 2967 
3 1578 737 3391 
3 737 1578 2722 
3 1350 2294 3187 
3 2294 3322 3187 
3 3322 2294 1350 
3 2721 3509 318 
3 3509 2721 3378 
3 1707 2388 506 
3 2388 1707 3912 
3 506 2388 3378 
3 2388 3912 3378 
3 417 2543 3782 
3 2543 2366 3782 
3 1714 3922 479 
3 3386 1714 479 
3 1714 3386 3922 
3 3386 2395 3922 
3 2395 3386 1784 
3 3509 881 318 
3 881 3509 931 
3 2534 931 3569 
3 929 2534 1608 
3 2534 929 2760 
3 3386 2484 1784 
3 318 2484 479 
3 2484 3386 479 
3 2246 3752 318 
3 1356 3752 2246 
3 57 1356 2246 
3 3526 57 3922 
3 2845 57 2246 
3 2534 57 2845 
3 3922 57 923 
3 57 2760 923 
3 57 2534 2760 
3 2500 3452 2409 
3 1075 1462 3610 
3 1075 2500 1462 
3 1075 3452 2500 
3 1255 1075 3610 
3 1075 1255 2409 
3 3452 1075 2409 
3 408 3245 3351 
3 1350 877 2827 
3 877 1632 2827 
3 1632 877 1350 
3 2932 188 2891 
3 2932 3286 188 
3 2932 2891 3782 
3 3286 2932 3782 
3 1914 361 3759 
3 3265 1914 3759 
3 1914 3265 2566 
3 1973 1914 2566 
3 135 1914 1973 
3 1914 135 3232 
3 1927 3896 476 
3 3896 2594 476 
3 3896 1587 359 
3 3906 3896 2115 
3 2594 3896 3906 
3 2115 3896 1167 
3 3896 359 1167 
3 968 98 3606 
3 3698 98 2257 
3 98 3698 3606 
3 3030 2465 3624 
3 2465 172 2594 
3 2465 3030 172 
3 1950 3267 1608 
3 3267 1806 1608 
3 2699 3267 1950 
3 3461 929 1608 
3 1806 3461 1608 
3 929 3461 3760 
3 2214 1316 1874 
3 2214 2699 1316 
3 2214 3267 2699 
3 1678 2214 1874 
3 3060 1681 1774 
3 1774 1681 860 
3 1681 1861 860 
3 1681 3060 3002 
3 3600 980 963 
3 980 3600 1014 
3 1014 3600 2926 
3 3600 1172 2926 
3 3600 963 1172 
3 2110 1014 2280 
3 2110 980 1014 
3 1578 2431 2722 
3 2431 2760 2722 
3 2431 2704 2760 
3 931 1102 3569 
3 1102 3509 3569 
3 3509 1102 931 
3 3509 1545 3569 
3 2459 2456 909 
3 2459 417 2456 
3 2459 2403 2985 
3 1950 2459 2985 
3 361 2459 909 
3 2459 361 2403 
3 2756 2395 1784 
3 2484 2756 1784 
3 2756 3526 3922 
3 2395 2756 3922 
3 2756 57 3526 
3 1609 2845 318 
3 881 1609 318 
3 3494 881 931 
3 2534 3494 931 
3 2858 2534 2845 
3 3494 2858 881 
3 2858 3494 2534 
3 3752 1765 318 
3 1765 3752 1356 
3 1765 2484 318 
3 2484 1765 1356 
3 3608 3245 1835 
3 3245 3608 3351 
3 3608 1835 1428 
3 3351 3608 1428 
3 3245 3676 1835 
3 3676 3245 408 
3 1835 3676 3330 
3 3676 1921 3330 
3 3676 408 1921 
3 580 3730 1632 
3 3730 506 2827 
3 1632 3730 2827 
3 3730 1707 506 
3 1707 184 3912 
3 3730 184 1707 
3 184 3730 580 
3 1545 184 3569 
3 184 1545 3912 
3 184 2534 3569 
3 2534 184 1608 
3 184 1632 1608 
3 184 580 1632 
3 361 2856 2403 
3 1914 2856 361 
3 2403 2856 3232 
3 2856 1914 3232 
3 3896 224 1587 
3 224 3896 1927 
3 224 1927 2420 
3 98 886 2257 
3 886 98 968 
3 3495 2465 2594 
3 2465 3495 3624 
3 1577 3495 2594 
3 3495 1577 324 
3 3495 3060 3624 
3 3060 3495 324 
3 3267 1144 1806 
3 1754 2214 1678 
3 2214 1754 3267 
3 1144 1754 1678 
3 1754 1144 3267 
3 2636 1681 3002 
3 1861 114 3747 
3 1681 114 1861 
3 114 2636 3747 
3 2636 114 1681 
3 408 1160 1921 
3 1160 408 2704 
3 2431 1160 2704 
3 1545 977 3912 
3 977 1545 3509 
3 3912 977 3378 
3 977 3509 3378 
3 1305 2543 417 
3 2459 1305 417 
3 2543 1305 2366 
3 2366 1305 1978 
3 1978 1305 3187 
3 1305 1597 3187 
3 1305 1950 1597 
3 1305 2459 1950 
3 1782 2756 2484 
3 2756 1782 57 
3 1782 2484 1356 
3 57 1782 1356 
3 984 2858 2845 
3 2858 984 881 
3 1609 984 2845 
3 984 1609 881 
3 3099 968 2257 
3 886 3099 2257 
3 3099 886 968 
3 833 3461 1806 
3 1144 833 1806 
3 3461 833 3760 
3 1351 2636 3002 
3 2636 1351 3747 
3 182 1351 3002 
3 3747 1351 2206 
3 1351 182 2206 
3 136 833 1144 
3 2690 136 1678 
3 136 1144 1678 
3 136 2690 3760 
3 833 136 3760 
3 224 3346 2638 
3 1092 224 3606 
3 224 1092 2677 
3 1587 224 2638 
3 224 2677 3346 
3 224 968 3606 
3 968 224 2420 
3 2603 1160 2280 
3 1160 3663 1921 
3 1160 21 1255 
3 1160 1255 3663 
3 21 1160 2603 
3 1160 2110 2280 
3 980 1160 1766 
3 1160 1578 1766 
3 2110 1160 980 
3 1160 2431 1578 
Vertices and facets:
- p1167(v28): -0.091 0.015 -0.058
  neighbors: f119 f485 f461 f487 f750 f1819 f1820
- p448(v26): -0.0056 0.011 0.0086
  neighbors: f119 f277 f281 f447 f487 f488
- p3845(v8): -0.077 0.015 -0.049
  neighbors: f119 f278 f462 f277 f461 f465 f466
- p1689(v43):  0.18 -0.01 -0.046
  neighbors: f187 f377 f391 f387 f653 f729 f730
- p1719(v22): 0.0032 -0.01  0.01
  neighbors: f187 f205 f370 f372 f384 f387 f604 f605
- p3457(v9):  0.17 -0.0065 -0.045
  neighbors: f187 f370 f728 f653 f734 f723 f733 f735 f736
- p1060(v45): -0.099 -0.0088 -0.059
  neighbors: f198 f200 f201 f398 f995 f996
- p3364(v23): -0.0067 -0.008 0.0087
  neighbors: f198 f206 f219 f221 f224 f675 f402 f991 f995
- p816(v11): -0.098 -0.012 -0.059
  neighbors: f198 f200 f218 f219
- p26(v27): -0.099 -0.0078 -0.06
  neighbors: f200 f201 f460 f218 f1024 f738 f1022 f1056 f1057
- p1233(v14): -0.099 0.013 -0.06
  neighbors: f201 f398 f443 f441 f265 f738 f741
- p3131(v47): -1.7e-05 -0.0089 0.011
  neighbors: f205 f206 f243 f372 f406 f402 f452 f731 f732
- p3611(v12): 0.00086 -0.011 0.0094
  neighbors: f205 f206 f598 f221 f601 f426 f681 f384 f887 f425 f884 f680 f883 f1193 f904 f1192 f1716 f1717
- p3945(v49): -0.098 -0.013 -0.06
  neighbors: f225 f224 f219 f218 f420 f695 f1022 f1023
- p1471(v50): -0.0099 -0.011 0.0034
  neighbors: f221 f225 f223 f224 f426 f427
- p2236(v48): -0.09 -0.015 -0.056
  neighbors: f682 f223 f680 f427 f425 f683 f685
- p105(v24): -0.097 -0.014 -0.06
  neighbors: f420 f225 f223 f419 f685 f1001 f1002
- p548(v53): -6.9e-05 0.0082 0.011
  neighbors: f452 f447 f451 f243 f281 f718 f719
- p1741(v4): -0.00088 -0.0012 0.011
  neighbors: f406 f405 f243 f716 f718
- p2584(v57): -0.098 0.013 -0.059
  neighbors: f441 f265 f486 f489
- p2115(v56): -0.099 0.014 -0.064
  neighbors: f486 f265 f1075 f1074 f485 f741 f763 f1817 f1819
- p83(v60): -0.0033 0.011 0.0088
  neighbors: f508 f277 f278 f281 f846 f837 f451 f1134 f845 f1133 f1149 f1150
- p3960(v30): -0.069 0.015 -0.049
  neighbors: f508 f467 f472 f278 f465 f847 f842 f1151 f1153
- p3570(v61):  0.19 0.014 -0.058
  neighbors: f285 f514 f794 f792 f513 f813 f814
- p255(v35):   0.2 0.015 -0.06
  neighbors: f512 f285 f514 f552 f583 f584
- p1842(v10):   0.2 0.014 -0.061
  neighbors: f817 f583 f285 f304 f315 f814 f863 f864
- p1320(v64):   0.2 -0.0046 -0.06
  neighbors: f313 f298 f307 f532 f530 f537 f800 f801
- p2079(v40):   0.2 -0.012 -0.058
  neighbors: f984 f1288 f298 f530 f969 f979 f1317 f1319
- p1647(v19):   0.2 -0.0039 -0.059
  neighbors: f298 f537 f1289 f1288 f1306 f1307
- p1729(v66):   0.2  0.01 -0.062
  neighbors: f304 f532 f307 f531 f316 f315 f534 f536
- p2896(v32):   0.2 0.013 -0.066
  neighbors: f534 f1327 f304 f865 f533 f854 f863 f1160 f1326 f1471 f1472
- p893(v33):   0.2 0.0048 -0.06
  neighbors: f307 f313 f316
- p3603(v67):   0.2 0.0056 -0.06
  neighbors: f817 f313 f315 f316 f800 f802 f1303 f1304
- p326(v77): 0.0033 -0.0091  0.01
  neighbors: f372 f370 f731 f733
- p2601(v78):  0.18 0.0019 -0.046
  neighbors: f377 f729 f1125 f1126
- p2003(v34):  0.18 -0.0036 -0.046
  neighbors: f391 f377 f1121 f1119 f1123 f1125
- p3916(v80): 0.0057 -0.011 0.009
  neighbors: f384 f601 f604
- p412(v81):  0.18 -0.012 -0.046
  neighbors: f387 f971 f1122 f391 f606 f605 f671 f970 f1117 f1121 f1315 f1316
- p137(v83): -0.098 0.0095 -0.059
  neighbors: f398 f443 f992 f996
- p1939(v84): -0.0008 -0.0071 0.011
  neighbors: f402 f437 f406 f405 f675 f997 f998
- p3738(v46): -0.00088 -0.0035 0.011
  neighbors: f405 f437 f716 f717
- p1902(v87): -0.098 -0.015 -0.067
  neighbors: f688 f420 f419 f695 f1027 f1028
- p2722(v7): -0.095 -0.015 -0.063
  neighbors: f1721 f688 f419 f1001 f1865 f1867
- p1909(v88): -0.0023 -0.011 0.0076
  neighbors: f425 f426 f427
- p3450(v90): -0.003 0.0069 0.011
  neighbors: f720 f717 f437 f444 f997 f999
- p662(v91): -0.0067  0.01 0.0086
  neighbors: f441 f720 f443 f444 f489 f719 f447 f488 f992 f1330 f1332
- p1748(v52): -0.0047 0.0056  0.01
  neighbors: f444 f994 f1000 f999 f1330 f1331
- p675(v92): 0.0029 0.009 0.011
  neighbors: f449 f737 f451 f452 f722 f734 f721 f736 f732 f837 f839
- p2711(v62):  0.17 0.013 -0.046
  neighbors: f517 f449 f811 f810 f839 f841
- p2492(v17):  0.17 0.012 -0.046
  neighbors: f721 f449 f804 f810
- p60(v93):  -0.1 0.0086 -0.06
  neighbors: f460 f1056 f1058
- p1998(v54):  -0.1 0.0072 -0.061
  neighbors: f1025 f460 f758 f1024 f1058 f1059
- p20(v94): -0.088 0.015 -0.056
  neighbors: f461 f462 f749 f750
- p1435(v55): -0.085 0.015 -0.055
  neighbors: f472 f462 f466 f467 f749 f1065 f1066
- p1974(v95): -0.081 0.015 -0.053
  neighbors: f465 f466 f467
- p2638(v97): -0.068 0.015 -0.05
  neighbors: f472 f847 f1065 f2008 f2012
- p2339(v99): -0.093 0.014 -0.057
  neighbors: f485 f486 f487 f488 f489
- p1467(v103): -0.052 0.015 -0.048
  neighbors: f508 f842 f846
- p1877(v105):  0.19 0.015 -0.053
  neighbors: f512 f513 f514
- p700(v5):  0.18 0.014 -0.048
  neighbors: f553 f793 f513 f552 f518 f517 f512 f792 f841 f1147 f1148
- p3675(v106):  0.18 0.014 -0.047
  neighbors: f811 f518 f517 f807 f815 f816
- p1869(v104):  0.18 0.014 -0.05
  neighbors: f794 f793 f518 f813 f816
- p2160(v109):   0.2 -0.0088 -0.062
  neighbors: f532 f530 f531 f984 f1596 f1597
- p341(v2):   0.2 -0.0092 -0.062
  neighbors: f536 f535 f796 f531 f1321 f1595 f1596
- p237(v110):   0.2 0.0092 -0.064
  neighbors: f533 f534 f535 f536
- p1456(v63):   0.2 0.0038 -0.065
  neighbors: f535 f533 f796 f1324 f1326
- p1531(v111):   0.2 0.00089 -0.06
  neighbors: f537 f802 f801 f1303 f1306
- p3927(v114):  0.18 0.015 -0.052
  neighbors: f552 f553 f584 f586
- p602(v69):  0.18 0.015 -0.05
  neighbors: f1147 f553 f824 f822 f1145 f586 f1463 f1466
- p2612(v121):   0.2 0.015 -0.061
  neighbors: f581 f582 f583 f584 f825 f586 f824 f864 f866
- p2257(v71):  0.19 0.015 -0.067
  neighbors: f1668 f1663 f1174 f1096 f1181 f868 f591 f1095 f1667 f581 f866 f1180 f1655 f1662 f1828 f1942 f1990 f1991
- p3606(v20):  0.19 0.015 -0.061
  neighbors: f582 f1466 f591 f823 f581 f822 f1826 f1829 f2009 f2014
- p3251(v115):  0.18 0.015 -0.053
  neighbors: f582 f823 f825
- p3698(v122):  0.19 0.015 -0.063
  neighbors: f591 f1828 f1829
- p2779(v124): 0.039 -0.015 -0.048
  neighbors: f613 f598 f612 f884 f885
- p2926(v73):  0.16 -0.015 -0.048
  neighbors: f1512 f613 f598 f1192 f1859 f1860
- p2683(v125):  0.17 -0.014 -0.046
  neighbors: f606 f601 f887 f605 f604 f1200 f1514 f1515
- p3794(v44):  0.18 -0.014 -0.049
  neighbors: f663 f606 f672 f671 f891 f1200 f1201
- p1172(v127): -0.052 -0.015 -0.048
  neighbors: f613 f612 f899 f1860 f1861
- p2355(v38): -0.06 -0.015 -0.048
  neighbors: f612 f885 f883 f899 f904
- p3663(v129):   0.2 -0.015 -0.066
  neighbors: f1277 f624 f1207 f1205 f1529 f2018 f2020
- p1921(v128):  0.13 -0.015 -0.067
  neighbors: f1917 f624 f1916 f1967 f2018
- p3330(v75):  0.16 -0.015 -0.067
  neighbors: f624 f1206 f1205 f1232 f1915 f1916
- p1723(v134):  0.18 -0.0044 -0.046
  neighbors: f653 f728 f730
- p1547(v136):  0.18 -0.014 -0.051
  neighbors: f663 f891 f895
- p3659(v82):  0.19 -0.014 -0.052
  neighbors: f663 f896 f672 f895 f988 f989
- p800(v138):  0.18 -0.013 -0.05
  neighbors: f671 f672 f990 f971 f989 f1310 f1592 f1594
- p973(v139): -0.0055 -0.0018 0.0095
  neighbors: f675 f994 f991 f998 f1000
- p3822(v140): -0.083 -0.014 -0.052
  neighbors: f680 f681 f682
- p2967(v86): -0.076 -0.015 -0.05
  neighbors: f1716 f682 f683 f681 f1714 f1718 f1719
- p3391(v141): -0.092 -0.015 -0.06
  neighbors: f683 f1002 f685 f1718 f1720
- p2760(v142): -0.097 -0.015 -0.067
  neighbors: f688 f1778 f1777 f1008 f1027 f1344 f1760 f1867 f1868
- p919(v143):  -0.1 -0.011 -0.066
  neighbors: f1026 f695 f1023 f1392 f1028 f1396 f1658 f1660
- p1239(v147): -0.002 0.0071 0.011
  neighbors: f716 f717 f718 f719 f720
- p2972(v148):  0.17 0.009 -0.046
  neighbors: f721 f722 f723 f730 f729 f804 f728 f1124 f1126
- p2370(v42):  0.17 0.0036 -0.045
  neighbors: f723 f722 f735 f737
- p3966(v149): 0.003 0.0015 0.011
  neighbors: f731 f732 f733 f734
- p2554(v150):  0.17 0.00092 -0.045
  neighbors: f735 f736 f737
- p3669(v151): -0.099 0.012 -0.06
  neighbors: f738 f763 f741 f1057 f1060
- p359(v152): -0.092 0.015 -0.062
  neighbors: f749 f750 f1066 f1815 f1820
- p522(v154):  -0.1 0.011 -0.063
  neighbors: f758 f1075 f1060 f763 f1059 f1393 f1687 f1688
- p1987(v1):  -0.1 0.0018 -0.063
  neighbors: f1026 f758 f1025 f1392 f1393
- p3104(v157): -0.092 0.014 -0.069
  neighbors: f1451 f1086 f1090 f1088 f1084 f1482 f779 f1105 f1176 f1450 f1480 f1483 f1484
- p1026(v100): -0.069 0.013 -0.07
  neighbors: f779 f1413 f1088 f1087 f1412 f1417 f1418
- p3879(v6):  0.19 0.013 -0.07
  neighbors: f1171 f1415 f779 f1412 f1480 f1481
- p2373(v158): -0.088 0.015 -0.067
  neighbors: f782 f1422 f1097 f1096 f1424 f1423 f1432 f1667 f1669
- p2594(v101): -0.094 0.015 -0.068
  neighbors: f1818 f1814 f1491 f1423 f1498 f1084 f1499 f782 f1453 f1450 f1832 f1944 f1946
- p476(v15): -0.092 0.015 -0.067
  neighbors: f1097 f1646 f1098 f782 f1813 f1814
- p1728(v160):  0.18 0.014 -0.051
  neighbors: f792 f793 f794
- p702(v161):   0.2 -0.0062 -0.065
  neighbors: f796 f1321 f1324
- p3519(v162):   0.2 0.0047 -0.06
  neighbors: f800 f801 f802
- p3084(v163):  0.18 0.012 -0.046
  neighbors: f803 f804 f805 f811 f807 f1113 f1120 f810 f1124 f1119 f1123 f1458 f1460
- p3637(v113):  0.19 0.013 -0.056
  neighbors: f1129 f812 f805 f803 f1300 f1305
- p2469(v68):  0.18 0.012 -0.05
  neighbors: f1129 f803 f1297 f1296 f1458 f1459
- p1343(v31):  0.18 0.014 -0.05
  neighbors: f807 f805 f812 f815
- p2952(v164):   0.2 0.014 -0.059
  neighbors: f812 f813 f814 f815 f816 f817 f1304 f1305
- p950(v166):  0.18 0.015 -0.052
  neighbors: f822 f823 f824 f825
- p1157(v169): 0.0043 0.011 0.0087
  neighbors: f841 f837 f839 f1148 f1150
- p1381(v170): -0.037 0.015 -0.048
  neighbors: f842 f1137 f846 f845 f1136 f1151 f1152
- p3984(v16):  0.03 0.015 -0.048
  neighbors: f1133 f845 f1136 f1138
- p3346(v171): -0.014 0.015 -0.048
  neighbors: f847 f1153 f1157 f2008 f2013
- p557(v172):   0.2 0.0095 -0.068
  neighbors: f1473 f854 f1471 f1474 f1476
- p2143(v18):   0.2 0.013 -0.068
  neighbors: f1035 f867 f865 f854 f1168 f1474 f1475
- p3842(v174):   0.2 0.015 -0.066
  neighbors: f863 f864 f865 f866 f867 f868
- p2490(v70):   0.2 0.013 -0.069
  neighbors: f868 f1035 f867 f1033 f1174 f1175
- p1187(v175):  0.18 0.014 -0.069
  neighbors: f1179 f1177 f872 f1182 f1183
- p3184(v155): -0.073 0.014 -0.069
  neighbors: f1086 f1177 f872 f876 f1085 f1176 f1693 f1694
- p2206(v123):  0.16 0.014 -0.069
  neighbors: f1487 f872 f1183 f1693 f2001 f2002
- p3002(v176): -0.069 0.014 -0.069
  neighbors: f1694 f1501 f876 f1960 f1854 f1998 f2000
- p293(v58): -0.086 0.014 -0.069
  neighbors: f876 f1085 f1500 f1501
- p23(v178): -0.046 -0.015 -0.048
  neighbors: f883 f884 f885
- p2593(v179):  0.17 -0.015 -0.047
  neighbors: f1193 f887 f1513 f1514
- p1928(v180):  0.19 -0.015 -0.055
  neighbors: f1201 f891 f896 f895 f1706 f1708
- p1715(v137):   0.2 -0.013 -0.058
  neighbors: f896 f969 f990 f1593 f979 f988 f1309 f1592 f1708 f1709
- p963(v181): -0.063 -0.015 -0.048
  neighbors: f1703 f904 f899 f1717 f1715 f1857 f1861
- p2173(v183):   0.2 -0.0091 -0.07
  neighbors: f1352 f1328 f914 f1569 f1570
- p2226(v173):   0.2 -0.0035 -0.069
  neighbors: f1167 f1357 f1039 f1328 f914 f1325 f1355 f1478 f1479
- p24(v51):   0.2 -0.006 -0.07
  neighbors: f914 f1352 f1355 f1620 f1622
- p318(v190):  0.19 -0.014 -0.069
  neighbors: f1579 f949 f1568 f1278 f1750 f1765 f1896 f1731 f1895 f1767 f1905 f1907
- p3402(v182):  0.19 -0.015 -0.068
  neighbors: f1233 f1214 f1207 f1206 f949 f1278 f1232 f1277 f1520 f1521
- p479(v39):  0.18 -0.015 -0.068
  neighbors: f1214 f1260 f949 f1258 f1742 f1741 f1765 f1766
- p2948(v194):  0.18 -0.012 -0.051
  neighbors: f969 f970 f971 f1309 f1310 f1314 f1317
- p2595(v191):  0.18 -0.011 -0.051
  neighbors: f970 f1314 f1315
- p2409(v196):   0.2 -0.014 -0.063
  neighbors: f1709 f979 f1707 f1597 f1528 f984 f1779 f1787 f1788
- p1688(v197):  0.19 -0.013 -0.054
  neighbors: f988 f989 f990
- p3271(v198): -0.0062 -0.0035 0.0091
  neighbors: f991 f992 f996 f994 f995 f1331 f1332
- p3694(v199): -0.0043 0.0041  0.01
  neighbors: f997 f998 f999 f1000
- p737(v200): -0.094 -0.015 -0.061
  neighbors: f1001 f1002 f1720 f1721
- p2704(v202): -0.086 -0.015 -0.066
  neighbors: f1008 f1333 f1600 f1868 f1968 f1969
- p923(v74): -0.086 -0.015 -0.068
  neighbors: f1334 f1609 f1608 f1008 f1333 f1259 f1776 f1777
- p3421(v204):  -0.1 -0.0094 -0.064
  neighbors: f1022 f1023 f1024 f1025 f1026
- p3760(v205): -0.098 -0.012 -0.069
  neighbors: f1027 f1028 f1447 f1344 f1396 f1842 f1997 f2006 f2007
- p2891(v206):   0.2 0.011 -0.07
  neighbors: f1033 f1034 f1035 f1039 f1169 f1623 f1168 f1357 f1621 f1801 f1803
- p455(v89):  0.19 0.013 -0.07
  neighbors: f1366 f1250 f1175 f1371 f1171 f1411 f1034 f1048 f1033 f1248 f1365 f1409 f1415 f1416
- p3782(v144):   0.2 0.0019 -0.07
  neighbors: f1248 f1573 f1034 f1625 f1572 f1740 f1739 f1803 f1804
- p582(v120):   0.2 0.0053 -0.069
  neighbors: f1039 f1167 f1169
- p3759(v209):  0.18 0.012 -0.07
  neighbors: f1366 f1047 f1048 f1634 f1805 f1806
- p2456(v207):  0.18 0.012 -0.07
  neighbors: f1250 f1048 f1047 f1877 f1882
- p909(v59):  0.17 0.012 -0.07
  neighbors: f1047 f1634 f1877 f1885
- p2403(v210): -0.09 0.012 -0.07
  neighbors: f1886 f1055 f1054 f1883 f1932 f1934
- p1874(v159): -0.096 0.011 -0.07
  neighbors: f1055 f1106 f1054 f1101 f1846 f1849
- p3232(v29): -0.092 0.013 -0.07
  neighbors: f1410 f1054 f1106 f1090 f1105 f1406 f1637 f1812 f1934 f1935
- p2985(v102): -0.093 0.0081 -0.07
  neighbors: f1101 f1433 f1055 f1883 f1884
- p642(v211): -0.099 0.011 -0.06
  neighbors: f1056 f1057 f1058 f1059 f1060
- p1587(v213): -0.087 0.015 -0.058
  neighbors: f1065 f1066 f1815 f1937 f2012
- p845(v215): -0.099 0.014 -0.066
  neighbors: f1074 f1075 f1687 f1689
- p3906(v98): -0.099 0.014 -0.067
  neighbors: f1690 f1074 f1453 f1689 f1817 f1818
- p925(v217): -0.09 0.014 -0.069
  neighbors: f1086 f1084 f1085 f1498 f1500
- p2764(v218): -0.091 0.013 -0.07
  neighbors: f1087 f1088 f1090 f1406 f1407
- p1431(v156): -0.08 0.013 -0.07
  neighbors: f1407 f1087 f1405 f1417 f1419
- p3963(v220): -0.085 0.015 -0.067
  neighbors: f1095 f1096 f1097 f1098 f1099
- p3702(v153):  0.11 0.015 -0.067
  neighbors: f1099 f1095 f1655 f1656
- p598(v96): -0.067 0.015 -0.067
  neighbors: f1098 f1099 f1646 f1656 f1657
- p1316(v221): -0.095 0.0051 -0.07
  neighbors: f1101 f1433 f1678 f1846 f1847
- p1678(v222): -0.097 0.011 -0.07
  neighbors: f1105 f1106 f1452 f1451 f1957 f1849 f1955 f2004 f2005
- p280(v223):  0.18 0.0068 -0.047
  neighbors: f1318 f1113 f1297 f1117 f1316 f1459 f1460
- p3354(v133):  0.18 0.0045 -0.046
  neighbors: f1117 f1113 f1120 f1122
- p3207(v224):  0.18 0.0031 -0.046
  neighbors: f1119 f1120 f1121 f1122
- p859(v225):  0.18 0.0047 -0.046
  neighbors: f1123 f1124 f1125 f1126
- p2757(v226):  0.19  0.01 -0.053
  neighbors: f1129 f1296 f1300
- p3901(v227):  0.16 0.015 -0.048
  neighbors: f1134 f1138 f1133 f1468 f1470
- p1091(v118):  0.16 0.015 -0.048
  neighbors: f1134 f1149 f1146 f1469 f1470
- p1128(v228): 0.062 0.015 -0.048
  neighbors: f1138 f1136 f1137 f1467 f1468
- p2745(v119): -0.02 0.015 -0.048
  neighbors: f1152 f1137 f1156 f1464 f1467
- p3138(v230):  0.17 0.015 -0.048
  neighbors: f1145 f1146 f1147 f1148 f1149 f1150
- p895(v168):  0.16 0.015 -0.048
  neighbors: f1146 f1145 f1463 f1469
- p3464(v231): -0.027 0.015 -0.048
  neighbors: f1151 f1152 f1153 f1156 f1157
- p2677(v232): -0.0027 0.015 -0.048
  neighbors: f1156 f1157 f1464 f2010 f2013
- p3472(v233):   0.2 0.0063 -0.067
  neighbors: f1160 f1473 f1472 f1476 f1477
- p2313(v108):   0.2 0.00036 -0.067
  neighbors: f1160 f1327 f1325 f1477 f1478
- p520(v234):   0.2 0.0076 -0.068
  neighbors: f1169 f1168 f1167 f1475 f1479
- p1393(v235):  0.19 0.014 -0.069
  neighbors: f1179 f1171 f1182 f1175 f1174 f1482 f1181 f1481 f1483 f1485
- p690(v236):  0.15 0.014 -0.069
  neighbors: f1176 f1177 f1179 f1484 f1485
- p860(v237):  0.17 0.014 -0.069
  neighbors: f1180 f1181 f1182 f1183 f1487 f1493 f1695 f1852 f1853
- p3624(v177):  0.16 0.015 -0.068
  neighbors: f1831 f1505 f1180 f1662 f1493 f1945 f1948
- p157(v239):  0.17 -0.015 -0.049
  neighbors: f1192 f1193 f1512 f1510 f1513 f1519
- p93(v240):  0.18 -0.015 -0.054
  neighbors: f1515 f1200 f1201 f1705 f1706
- p772(v241):  0.19 -0.015 -0.066
  neighbors: f1205 f1206 f1207
- p284(v243):  0.16 -0.015 -0.068
  neighbors: f1214 f1260 f1521 f1610 f1611
- p1835(v247):  0.15 -0.015 -0.067
  neighbors: f1231 f1232 f1233 f1911 f1909 f1913 f1915
- p1428(v185):   0.1 -0.015 -0.067
  neighbors: f1231 f1337 f1911 f1912
- p3309(v130):  0.16 -0.015 -0.068
  neighbors: f1520 f1233 f1337 f1231 f1605 f1607
- p417(v250):  0.19 0.011 -0.07
  neighbors: f1739 f1250 f1248 f1882 f1974 f1975
- p1597(v252): -0.067 -0.012 -0.07
  neighbors: f1561 f1257 f1439 f1560 f1979 f1980
- p1350(v248):  0.13 -0.012 -0.07
  neighbors: f1257 f1561 f1545 f1727 f1559 f1618 f1725 f1798 f1800
- p3187(v131):  0.18 -0.012 -0.07
  neighbors: f1726 f1257 f1540 f1725 f1978 f1979
- p48(v253): -0.068 -0.015 -0.068
  neighbors: f1258 f1259 f1260 f1609 f1610
- p3922(v189): -0.075 -0.015 -0.068
  neighbors: f1743 f1258 f1259 f1744 f1741 f1776 f1771 f1891 f1892
- p3610(v257):   0.2 -0.015 -0.067
  neighbors: f1568 f1277 f1278 f1529 f1571 f1783 f1786
- p2978(v258):   0.2 -0.0029 -0.058
  neighbors: f1301 f1289 f1288 f1319 f1320
- p2650(v112):   0.2 0.0034 -0.058
  neighbors: f1289 f1301 f1307
- p61(v260):   0.2 0.0074 -0.058
  neighbors: f1296 f1297 f1307 f1306 f1300 f1301 f1305 f1303 f1304 f1318 f1320
- p2734(v261):  0.19 -0.013 -0.053
  neighbors: f1310 f1309 f1593 f1594
- p939(v263):  0.19 -0.011 -0.054
  neighbors: f1314 f1315 f1316 f1317 f1318 f1319 f1320
- p1462(v264):   0.2 -0.01 -0.066
  neighbors: f1321 f1571 f1570 f1324 f1325 f1326 f1327 f1328 f1595 f1783 f1784
- p2832(v265): -0.0051 0.0052 0.0097
  neighbors: f1330 f1331 f1332
- p3351(v266): -0.064 -0.015 -0.067
  neighbors: f1333 f1334 f1791 f1606 f1337 f1600 f1605 f1910 f1912
- p3137(v246):   0.1 -0.015 -0.068
  neighbors: f1334 f1606 f1608
- p929(v268): -0.096 -0.013 -0.07
  neighbors: f1760 f1756 f1344 f1840 f1842
- p188(v270):   0.2 -0.00077 -0.07
  neighbors: f1572 f1621 f1352 f1569 f1620 f1625 f1801 f1802
- p2111(v271):   0.2 -0.0031 -0.069
  neighbors: f1355 f1357 f1622 f1623
- p3265(v273):  0.14 0.012 -0.07
  neighbors: f1366 f1365 f1806 f1808
- p2566(v208):  0.11 0.013 -0.07
  neighbors: f1365 f1371 f1808 f1809
- p1973(v274): -0.062 0.013 -0.07
  neighbors: f1411 f1637 f1410 f1371 f1809 f1810
- p2558(v278):  -0.1 0.00086 -0.066
  neighbors: f1658 f1392 f1393 f1686 f1688
- p3397(v279):  -0.1 -0.0088 -0.068
  neighbors: f1396 f1447 f1661 f1660 f1682 f1683
- p2106(v281): -0.08 0.013 -0.07
  neighbors: f1405 f1406 f1407 f1408 f1409 f1410 f1411
- p3313(v216):  0.11 0.013 -0.07
  neighbors: f1414 f1408 f1405 f1413 f1418 f1419
- p708(v280):  0.18 0.013 -0.07
  neighbors: f1409 f1408 f1414 f1416
- p370(v282):  0.16 0.013 -0.07
  neighbors: f1412 f1413 f1414 f1415 f1416
- p2129(v283): -0.073 0.013 -0.07
  neighbors: f1417 f1418 f1419
- p2919(v284): -0.06 0.015 -0.068
  neighbors: f1422 f1428 f1432
- p924(v219): -0.067 0.015 -0.068
  neighbors: f1422 f1424 f1428 f1430
- p172(v285): -0.073 0.015 -0.068
  neighbors: f1423 f1424 f1430 f1664 f1832 f1833
- p1602(v286):  0.13 0.015 -0.068
  neighbors: f1432 f1428 f1664 f1430 f1663 f1668 f1669
- p1950(v287): -0.095 -0.011 -0.07
  neighbors: f1433 f1836 f1435 f1678 f1439 f1834 f1884 f1980 f1981
- p1608(v203): -0.095 -0.013 -0.07
  neighbors: f1835 f1756 f1841 f1613 f1435 f1840 f1834 f1929 f1930
- p2074(v13): -0.094 -0.012 -0.07
  neighbors: f1560 f1559 f1439 f1435 f1613 f1618
- p2690(v288): -0.099 0.011 -0.069
  neighbors: f1447 f1684 f1683 f1452 f2004 f2006
- p3076(v289): -0.099 0.014 -0.068
  neighbors: f1450 f1451 f1452 f1453 f1684 f1690
- p3806(v290):  0.18 0.0086 -0.048
  neighbors: f1458 f1459 f1460
- p1092(v291):  0.16 0.015 -0.048
  neighbors: f1470 f1463 f1464 f1469 f1466 f1467 f1468 f2009 f2010
- p1572(v292):   0.2 0.0091 -0.067
  neighbors: f1471 f1472 f1473
- p2005(v293):   0.2 0.0086 -0.068
  neighbors: f1474 f1475 f1476 f1477 f1478 f1479
- p3091(v294):  0.17 0.014 -0.07
  neighbors: f1480 f1481 f1482
- p3699(v295):  0.16 0.014 -0.069
  neighbors: f1483 f1484 f1485
- p3747(v296):  0.15 0.014 -0.069
  neighbors: f1964 f1487 f1962 f1695 f1999 f2001
- p1577(v297): -0.079 0.015 -0.068
  neighbors: f1491 f1946 f1947
- p324(v238): -0.08 0.015 -0.068
  neighbors: f1499 f1491 f1947 f1949
- p1774(v298):  0.15 0.015 -0.068
  neighbors: f1493 f1505 f1851 f1852
- p3060(v299): -0.091 0.015 -0.068
  neighbors: f1498 f1499 f1500 f1501 f1505 f1854 f1851 f1948 f1949
- p1014(v301): 0.094 -0.015 -0.048
  neighbors: f1512 f1510 f1859 f1858 f1863 f1864
- p2280(v184):  0.15 -0.015 -0.049
  neighbors: f1510 f1519 f1863 f2017 f2022
- p2603(v302):  0.17 -0.015 -0.05
  neighbors: f1513 f1514 f1515 f1519 f1705 f1704 f1713 f2017 f2021
- p1540(v303):  0.16 -0.015 -0.068
  neighbors: f1520 f1521 f1607 f1611
- p1255(v304):   0.2 -0.015 -0.064
  neighbors: f1711 f1528 f1529 f1786 f1787 f2019 f2020
- p2585(v21):  0.19 -0.015 -0.058
  neighbors: f1528 f1707 f1704 f1711 f1713
- p3322(v306):  0.19 -0.012 -0.07
  neighbors: f1540 f1541 f1545 f1543 f1566 f1565 f1726 f1727
- p1978(v187):  0.19 -0.011 -0.07
  neighbors: f1567 f1540 f1566 f1977 f1978
- p506(v249):  0.18 -0.013 -0.07
  neighbors: f1734 f1541 f1543 f1736 f1919 f1921
- p2827(v186):  0.17 -0.012 -0.07
  neighbors: f1545 f1541 f1799 f1798 f1919 f1920
- p3378(v76):  0.19 -0.013 -0.07
  neighbors: f1543 f1733 f1565 f1737 f1736 f1972 f1973
- p667(v310): -0.078 -0.012 -0.07
  neighbors: f1559 f1560 f1561
- p2721(v311):  0.19 -0.013 -0.07
  neighbors: f1573 f1572 f1571 f1565 f1566 f1567 f1568 f1569 f1570 f1731 f1733
- p2366(v309):  0.19 -0.0032 -0.07
  neighbors: f1740 f1573 f1567 f1976 f1977
- p2845(v313): -0.077 -0.014 -0.069
  neighbors: f1902 f1579 f1775 f1774 f1895 f1986 f1988
- p2246(v256): -0.067 -0.014 -0.069
  neighbors: f1769 f1767 f1579 f1770 f1774
- p3095(v316):  0.19 -0.013 -0.052
  neighbors: f1592 f1593 f1594
- p2500(v317):   0.2 -0.013 -0.065
  neighbors: f1595 f1596 f1597 f1779 f1784 f1785
- p408(v318): -0.059 -0.015 -0.067
  neighbors: f1600 f1917 f1791 f1914 f1967 f1968
- p3434(v319):  0.12 -0.015 -0.068
  neighbors: f1605 f1606 f1607 f1608 f1609 f1610 f1611
- p1632(v320): -0.078 -0.013 -0.07
  neighbors: f1920 f1613 f1800 f1618 f1799 f1918 f1930 f1931
- p1744(v321):   0.2 -0.00067 -0.07
  neighbors: f1620 f1621 f1622 f1623
- p3286(v322):   0.2 0.0011 -0.07
  neighbors: f1625 f1802 f1804
- p361(v324):  0.11 0.012 -0.07
  neighbors: f1886 f1634 f1805 f1885 f1932 f1933
- p135(v325): -0.078 0.013 -0.07
  neighbors: f1637 f1810 f1812
- p1927(v327): -0.091 0.015 -0.067
  neighbors: f1657 f1813 f1653 f1646 f1938 f1940
- p968(v328):  0.13 0.015 -0.067
  neighbors: f1657 f1656 f1653 f1655 f1826 f1943 f1990 f1992 f2014 f2015
- p2420(v277): -0.062 0.015 -0.067
  neighbors: f1653 f1940 f2015
- p1629(v329):  -0.1 -0.01 -0.066
  neighbors: f1658 f1661 f1660 f1685 f1686
- p1389(v214):  -0.1 -0.0067 -0.067
  neighbors: f1661 f1682 f1685
- p3030(v330):  0.13 0.015 -0.068
  neighbors: f1662 f1663 f1664 f1831 f1833
- p627(v331):  0.11 0.015 -0.068
  neighbors: f1667 f1668 f1669
- p2699(v333): -0.096 0.0013 -0.07
  neighbors: f1836 f1678 f1847 f1848
- p959(v334):  -0.1 0.012 -0.067
  neighbors: f1682 f1683 f1684 f1685 f1686 f1687 f1688 f1689 f1690
- p182(v335):   0.1 0.014 -0.069
  neighbors: f1694 f1693 f2000 f2002
- p1861(v336):  0.14 0.014 -0.069
  neighbors: f1695 f1853 f1962 f1963
- p980(v337): 0.014 -0.015 -0.048
  neighbors: f1703 f1858 f1857 f1864 f2023 f2025
- p1766(v305): -0.067 -0.015 -0.05
  neighbors: f1703 f1715 f1714 f1719 f2023 f2024
- p3111(v338):  0.19 -0.015 -0.057
  neighbors: f1704 f1705 f1706 f1707 f1708 f1709
- p21(v339):  0.19 -0.015 -0.062
  neighbors: f1711 f1713 f2019 f2021
- p1372(v340): -0.065 -0.015 -0.048
  neighbors: f1714 f1715 f1716 f1717
- p1578(v341): -0.091 -0.015 -0.063
  neighbors: f1718 f1719 f1720 f1721 f1865 f2024 f2026
- p2294(v342):  0.18 -0.012 -0.07
  neighbors: f1725 f1726 f1727
- p3509(v343):  0.18 -0.013 -0.07
  neighbors: f1751 f1873 f1733 f1731 f1875 f1750 f1872 f1971 f1973
- p2388(v344):  0.18 -0.013 -0.07
  neighbors: f1734 f1735 f1736 f1737
- p1707(v308):  0.16 -0.013 -0.07
  neighbors: f1735 f1734 f1921 f1923 f1924
- p3912(v307):  0.18 -0.013 -0.07
  neighbors: f1927 f1737 f1923 f1735 f1970 f1972
- p2543(v345):  0.19 0.0036 -0.07
  neighbors: f1740 f1739 f1974 f1976
- p1714(v346):  0.14 -0.015 -0.068
  neighbors: f1741 f1742 f1743
- p3386(v312):  0.17 -0.015 -0.068
  neighbors: f1745 f1743 f1744 f1742 f1762 f1766
- p2395(v347):  0.13 -0.015 -0.068
  neighbors: f1744 f1745 f1889 f1892
- p1784(v255):  0.17 -0.015 -0.069
  neighbors: f1762 f1745 f1889 f1890
- p881(v348):  0.17 -0.014 -0.069
  neighbors: f1898 f1751 f1750 f1903 f1896 f1987 f1989
- p931(v254):  0.16 -0.014 -0.07
  neighbors: f1751 f1873 f1752 f1871 f1898 f1899
- p2534(v349): -0.092 -0.014 -0.069
  neighbors: f1752 f1904 f1778 f1899 f1756 f1760 f1775 f1902 f1928 f1929
- p3569(v132): -0.063 -0.013 -0.07
  neighbors: f1872 f1875 f1871 f1752 f1926 f1928
- p2484(v350):  0.18 -0.014 -0.069
  neighbors: f1908 f1762 f1907 f1766 f1765 f1890 f1982 f1984
- p3752(v351):  0.11 -0.014 -0.069
  neighbors: f1767 f1769 f1905 f1906
- p1356(v315):  0.11 -0.014 -0.069
  neighbors: f1769 f1908 f1770 f1906 f1984 f1985
- p57(v352): -0.089 -0.014 -0.069
  neighbors: f1770 f1771 f1778 f1893 f1774 f1775 f1776 f1777 f1983 f1985
- p3526(v314):  0.13 -0.015 -0.069
  neighbors: f1771 f1891 f1893
- p3452(v353):   0.2 -0.014 -0.065
  neighbors: f1779 f1785 f1788
- p1075(v354):   0.2 -0.015 -0.066
  neighbors: f1783 f1784 f1785 f1786 f1787 f1788
- p3245(v355):   0.1 -0.015 -0.067
  neighbors: f1791 f1910 f1909 f1913 f1914
- p877(v357):  0.16 -0.012 -0.07
  neighbors: f1798 f1799 f1800
- p2932(v358):   0.2 0.0054 -0.07
  neighbors: f1801 f1802 f1803 f1804
- p1914(v359): -0.063 0.012 -0.07
  neighbors: f1805 f1806 f1812 f1808 f1809 f1810 f1933 f1935
- p3896(v360): -0.094 0.015 -0.065
  neighbors: f1813 f1814 f1815 f1820 f1817 f1818 f1819 f1937 f1938
- p98(v362):  0.18 0.015 -0.067
  neighbors: f1826 f1829 f1828 f1942 f1943
- p2465(v363):  0.12 0.015 -0.068
  neighbors: f1833 f1831 f1832 f1944 f1945
- p3267(v364): -0.097 -0.011 -0.07
  neighbors: f1834 f1835 f1836 f1951 f1848 f1956 f1958
- p1806(v332): -0.098 -0.011 -0.069
  neighbors: f1841 f1835 f1951 f1993 f1994
- p3461(v365): -0.098 -0.011 -0.069
  neighbors: f1840 f1841 f1842 f1993 f1997
- p2214(v366): -0.095 0.0098 -0.07
  neighbors: f1846 f1847 f1848 f1849 f1955 f1956
- p1681(v367):  0.12 0.015 -0.069
  neighbors: f1851 f1852 f1853 f1854 f1960 f1963 f1965
- p3600(v368): 0.047 -0.015 -0.048
  neighbors: f1857 f1858 f1859 f1860 f1861
- p2110(v369): 0.063 -0.015 -0.049
  neighbors: f1863 f1864 f2022 f2025
- p2431(v370): -0.092 -0.015 -0.065
  neighbors: f1865 f1867 f1868 f1969 f2026
- p1102(v371):  0.13 -0.013 -0.07
  neighbors: f1871 f1872 f1873
- p1545(v372):  0.16 -0.013 -0.07
  neighbors: f1927 f1875 f1926 f1970 f1971
- p2459(v373):  0.11 0.012 -0.07
  neighbors: f1877 f1886 f1885 f1884 f1883 f1882 f1975 f1981
- p2756(v374):  0.15 -0.015 -0.069
  neighbors: f1889 f1890 f1891 f1892 f1893 f1982 f1983
- p1609(v375):  0.17 -0.014 -0.069
  neighbors: f1895 f1896 f1988 f1989
- p3494(v376):  0.15 -0.014 -0.07
  neighbors: f1898 f1899 f1903 f1904
- p2858(v377): -0.078 -0.014 -0.069
  neighbors: f1904 f1902 f1903 f1986 f1987
- p1765(v378):  0.19 -0.014 -0.069
  neighbors: f1905 f1906 f1907 f1908
- p3608(v379):  0.11 -0.015 -0.067
  neighbors: f1909 f1910 f1911 f1912
- p3676(v380):   0.1 -0.015 -0.067
  neighbors: f1913 f1914 f1915 f1916 f1917
- p3730(v381):  0.13 -0.013 -0.07
  neighbors: f1918 f1919 f1920 f1921 f1924 f1925
- p580(v356): -0.072 -0.013 -0.07
  neighbors: f1918 f1925 f1931
- p184(v382): -0.079 -0.013 -0.07
  neighbors: f1923 f1924 f1925 f1926 f1927 f1928 f1929 f1930 f1931
- p2856(v383): -0.065 0.012 -0.07
  neighbors: f1932 f1933 f1934 f1935
- p224(v384): -0.084 0.015 -0.066
  neighbors: f1937 f1938 f1940 f2008 f2009 f2010 f2012 f2013 f2014 f2015
- p886(v385):  0.17 0.015 -0.067
  neighbors: f1943 f1942 f1991 f1992
- p3495(v386):   0.1 0.015 -0.068
  neighbors: f1944 f1945 f1946 f1947 f1948 f1949
- p1144(v387): -0.097 0.0093 -0.07
  neighbors: f1958 f1951 f1957 f1994 f2003 f2005
- p1754(v388): -0.096 0.009 -0.07
  neighbors: f1955 f1956 f1957 f1958
- p2636(v389):  0.12 0.014 -0.069
  neighbors: f1965 f1960 f1964 f1998 f1999
- p114(v390):  0.12 0.014 -0.069
  neighbors: f1962 f1963 f1964 f1965
- p1160(v391): -0.081 -0.015 -0.066
  neighbors: f1967 f1968 f1969 f2017 f2018 f2019 f2020 f2021 f2022 f2023 f2024 f2025 f2026
- p977(v392):  0.17 -0.013 -0.07
  neighbors: f1970 f1971 f1972 f1973
- p1305(v393):  0.19 -0.0089 -0.07
  neighbors: f1974 f1975 f1976 f1977 f1978 f1979 f1980 f1981
- p1782(v394):  0.17 -0.014 -0.069
  neighbors: f1982 f1983 f1984 f1985
- p984(v395):   0.1 -0.014 -0.069
  neighbors: f1986 f1987 f1988 f1989
- p3099(v396):  0.15 0.015 -0.067
  neighbors: f1990 f1991 f1992
- p833(v397): -0.098 -0.0023 -0.069
  neighbors: f1993 f1994 f1997 f2003 f2007
- p1351(v398):  0.13 0.014 -0.069
  neighbors: f1998 f1999 f2000 f2001 f2002
- p136(v399): -0.099 0.011 -0.069
  neighbors: f2003 f2004 f2005 f2006 f2007
- f119
    - flags: bottom simplicial
    - normal:   -0.1289   0.9659   0.2244
    - offset: -0.01323351
    - vertices: p1167(v28) p448(v26) p3845(v8)
    - neighboring facets: f277 f461 f487
- f187
    - flags: top simplicial
    - normal:    0.3109 -0.03588   0.9498
    - offset: -0.01130925
    - vertices: p1689(v43) p1719(v22) p3457(v9)
    - neighboring facets: f370 f653 f387
- f198
    - flags: top simplicial
    - normal:   -0.5938 -0.02556   0.8042
    - offset: -0.01116203
    - vertices: p1060(v45) p3364(v23) p816(v11)
    - neighboring facets: f219 f200 f995
- f200
    - flags: bottom simplicial
    - normal:   -0.6914 -0.05558   0.7203
    - offset: -0.02600152
    - vertices: p1060(v45) p26(v27) p816(v11)
    - neighboring facets: f218 f198 f201
- f201
    - flags: top simplicial
    - normal:    -0.649 0.001721   0.7608
    - offset: -0.01891903
    - vertices: p1060(v45) p26(v27) p1233(v14)
    - neighboring facets: f738 f398 f200
- f205
    - flags: top simplicial
    - normal:   -0.1321  -0.6184   0.7747
    - offset: -0.01397279
    - vertices: p3131(v47) p1719(v22) p3611(v12)
    - neighboring facets: f384 f206 f372
- f206
    - flags: bottom simplicial
    - normal:   -0.3243  -0.6404   0.6962
    - offset: -0.01331114
    - vertices: p3131(v47) p3364(v23) p3611(v12)
    - neighboring facets: f221 f205 f402
- f218
    - flags: top simplicial
    - normal:   -0.7311 -0.08108   0.6774
    - offset: -0.03271213
    - vertices: p3945(v49) p26(v27) p816(v11)
    - neighboring facets: f200 f219 f1022
- f219
    - flags: bottom simplicial
    - normal:   -0.5832  -0.1578   0.7969
    - offset: -0.01208048
    - vertices: p3945(v49) p3364(v23) p816(v11)
    - neighboring facets: f198 f218 f224
- f221
    - flags: top simplicial
    - normal:   -0.3446  -0.7124   0.6114
    - offset: -0.0132873
    - vertices: p1471(v50) p3364(v23) p3611(v12)
    - neighboring facets: f206 f426 f224
- f223
    - flags: top simplicial
    - normal:   -0.2236  -0.9066   0.3578
    - offset: -0.01332598
    - vertices: p1471(v50) p2236(v48) p105(v24)
    - neighboring facets: f685 f225 f427
- f224
    - flags: top simplicial
    - normal:    -0.428  -0.6502   0.6277
    - offset: -0.01349517
    - vertices: p1471(v50) p3945(v49) p3364(v23)
    - neighboring facets: f219 f221 f225
- f225
    - flags: bottom simplicial
    - normal:   -0.4265  -0.6531   0.6257
    - offset: -0.01350506
    - vertices: p1471(v50) p3945(v49) p105(v24)
    - neighboring facets: f420 f223 f224
- f243
    - flags: top simplicial
    - normal:  1.103e-06 3.348e-09        1
    - offset: -0.01095812
    - vertices: p548(v53) p3131(v47) p1741(v4)
    - neighboring facets: f406 f718 f452
- f265
    - flags: bottom simplicial
    - normal:   -0.3922   0.8603   0.3256
    - offset: -0.03025037
    - vertices: p2584(v57) p2115(v56) p1233(v14)
    - neighboring facets: f741 f441 f486
- f277
    - flags: top simplicial
    - normal:  -0.03156   0.9937   0.1073
    - offset: -0.01198135
    - vertices: p83(v60) p448(v26) p3845(v8)
    - neighboring facets: f119 f278 f281
- f278
    - flags: bottom simplicial
    - normal:  -0.01002   0.9967  0.08039
    - offset: -0.01170547
    - vertices: p83(v60) p3960(v30) p3845(v8)
    - neighboring facets: f465 f277 f508
- f281
    - flags: top simplicial
    - normal:  -0.07413   0.5575   0.8269
    - offset: -0.0136646
    - vertices: p83(v60) p548(v53) p448(v26)
    - neighboring facets: f447 f277 f451
- f285
    - flags: top simplicial
    - normal:    0.3186   0.7965   0.5139
    - offset: -0.04350437
    - vertices: p3570(v61) p255(v35) p1842(v10)
    - neighboring facets: f583 f814 f514
- f298
    - flags: top simplicial
    - normal:     0.686 -0.05023   0.7259
    - offset: -0.0934536
    - vertices: p1320(v64) p2079(v40) p1647(v19)
    - neighboring facets: f1288 f537 f530
- f304
    - flags: bottom simplicial
    - normal:    0.9425   0.2981   0.1511
    - offset: -0.1822496
    - vertices: p1729(v66) p2896(v32) p1842(v10)
    - neighboring facets: f863 f315 f534
- f307
    - flags: top simplicial
    - normal:    0.9512 0.007492   0.3085
    - offset: -0.1712144
    - vertices: p1729(v66) p1320(v64) p893(v33)
    - neighboring facets: f313 f316 f532
- f313
    - flags: bottom simplicial
    - normal:    0.8073 -0.0005196   0.5901
    - offset: -0.1256059
    - vertices: p3603(v67) p1320(v64) p893(v33)
    - neighboring facets: f307 f316 f800
- f315
    - flags: bottom simplicial
    - normal:    0.8279   0.1203   0.5478
    - offset:  -0.132919
    - vertices: p3603(v67) p1729(v66) p1842(v10)
    - neighboring facets: f304 f817 f316
- f316
    - flags: top simplicial
    - normal:    0.9081  0.04951   0.4157
    - offset: -0.1563978
    - vertices: p3603(v67) p1729(v66) p893(v33)
    - neighboring facets: f307 f313 f315
- f370
    - flags: bottom simplicial
    - normal:    0.3106  -0.0153   0.9504
    - offset: -0.01110552
    - vertices: p326(v77) p1719(v22) p3457(v9)
    - neighboring facets: f187 f733 f372
- f372
    - flags: bottom simplicial
    - normal:    0.1479 -0.007253    0.989
    - offset: -0.01089908
    - vertices: p326(v77) p3131(v47) p1719(v22)
    - neighboring facets: f205 f370 f731
- f377
    - flags: bottom simplicial
    - normal:    0.4343 -0.0004894   0.9008
    - offset: -0.03487727
    - vertices: p2601(v78) p1689(v43) p2003(v34)
    - neighboring facets: f391 f1125 f729
- f384
    - flags: bottom simplicial
    - normal:    0.0861   -0.873   0.4801
    - offset: -0.01419148
    - vertices: p3916(v80) p1719(v22) p3611(v12)
    - neighboring facets: f205 f601 f604
- f387
    - flags: bottom simplicial
    - normal:    0.3095 -0.09967   0.9456
    - offset: -0.01191137
    - vertices: p412(v81) p1689(v43) p1719(v22)
    - neighboring facets: f187 f605 f391
- f391
    - flags: top simplicial
    - normal:    0.4771 -0.001381   0.8788
    - offset: -0.04342054
    - vertices: p412(v81) p1689(v43) p2003(v34)
    - neighboring facets: f377 f1121 f387
- f398
    - flags: top simplicial
    - normal:    -0.616 0.003223   0.7877
    - offset: -0.01406564
    - vertices: p137(v83) p1060(v45) p1233(v14)
    - neighboring facets: f201 f443 f996
- f402
    - flags: top simplicial
    - normal:   -0.3386  -0.1481   0.9292
    - offset: -0.01150108
    - vertices: p1939(v84) p3131(v47) p3364(v23)
    - neighboring facets: f206 f675 f406
- f405
    - flags: top simplicial
    - normal:  -5.869e-06 -4.014e-07        1
    - offset: -0.01095813
    - vertices: p1939(v84) p3738(v46) p1741(v4)
    - neighboring facets: f716 f406 f437
- f406
    - flags: bottom simplicial
    - normal:  -1.979e-06 -3.462e-07        1
    - offset: -0.01095813
    - vertices: p1939(v84) p3131(v47) p1741(v4)
    - neighboring facets: f243 f405 f402
- f419
    - flags: top simplicial
    - normal:   -0.2331  -0.9665   0.1077
    - offset: -0.02999947
    - vertices: p1902(v87) p105(v24) p2722(v7)
    - neighboring facets: f1001 f688 f420
- f420
    - flags: top simplicial
    - normal:   -0.5668  -0.8136   0.1295
    - offset: -0.05900441
    - vertices: p1902(v87) p3945(v49) p105(v24)
    - neighboring facets: f225 f419 f695
- f425
    - flags: bottom simplicial
    - normal:   -0.1445  -0.9566   0.2531
    - offset: -0.01277773
    - vertices: p1909(v88) p2236(v48) p3611(v12)
    - neighboring facets: f680 f426 f427
- f426
    - flags: top simplicial
    - normal:   -0.2599  -0.8516   0.4552
    - offset: -0.01342353
    - vertices: p1909(v88) p1471(v50) p3611(v12)
    - neighboring facets: f221 f425 f427
- f427
    - flags: bottom simplicial
    - normal:   -0.1705  -0.9423   0.2882
    - offset: -0.01294626
    - vertices: p1909(v88) p1471(v50) p2236(v48)
    - neighboring facets: f223 f425 f426
- f437
    - flags: bottom simplicial
    - normal:   -0.2011 -0.004737   0.9795
    - offset: -0.01092869
    - vertices: p3450(v90) p1939(v84) p3738(v46)
    - neighboring facets: f405 f717 f997
- f441
    - flags: bottom simplicial
    - normal:   -0.5437   0.3805   0.7481
    - offset: -0.01401314
    - vertices: p662(v91) p2584(v57) p1233(v14)
    - neighboring facets: f265 f443 f489
- f443
    - flags: top simplicial
    - normal:    -0.594  0.01403   0.8044
    - offset: -0.0110255
    - vertices: p662(v91) p137(v83) p1233(v14)
    - neighboring facets: f398 f441 f992
- f444
    - flags: top simplicial
    - normal:   -0.4039  0.08883   0.9105
    - offset: -0.01144524
    - vertices: p662(v91) p3450(v90) p1748(v52)
    - neighboring facets: f999 f1330 f720
- f447
    - flags: bottom simplicial
    - normal:   -0.2169   0.3406   0.9148
    - offset: -0.01284958
    - vertices: p662(v91) p548(v53) p448(v26)
    - neighboring facets: f281 f488 f719
- f449
    - flags: top simplicial
    - normal:    0.2962   0.2548   0.9205
    - offset: -0.01292434
    - vertices: p675(v92) p2711(v62) p2492(v17)
    - neighboring facets: f810 f721 f839
- f451
    - flags: bottom simplicial
    - normal:  -0.05323   0.5744   0.8168
    - offset: -0.01369277
    - vertices: p675(v92) p83(v60) p548(v53)
    - neighboring facets: f281 f452 f837
- f452
    - flags: bottom simplicial
    - normal:    0.1197 0.0003631   0.9928
    - offset: -0.01087413
    - vertices: p675(v92) p548(v53) p3131(v47)
    - neighboring facets: f243 f732 f451
- f460
    - flags: bottom simplicial
    - normal:   -0.9427 -0.008224   0.3336
    - offset: -0.0737314
    - vertices: p60(v93) p1998(v54) p26(v27)
    - neighboring facets: f1024 f1056 f1058
- f461
    - flags: bottom simplicial
    - normal:  -0.07601   0.9885   0.1304
    - offset: -0.01416842
    - center: -0.08540117988983791 0.01495591302712758 -0.05449257542689642 
    - vertices: p20(v94) p1167(v28) p3845(v8)
    - neighboring facets: f119 f462 f750
- f462
    - flags: top simplicial
    - normal:  -0.02027   0.9991  0.03594
    - offset: -0.01472815
    - center: -0.08323776970307033 0.01498020502428214 -0.05360148598750433 
    - vertices: p20(v94) p1435(v55) p3845(v8)
    - neighboring facets: f466 f461 f749
- f465
    - flags: top simplicial
    - normal:  -0.005514   0.9998    0.017
    - offset: -0.01454418
    - vertices: p1974(v95) p3960(v30) p3845(v8)
    - neighboring facets: f278 f466 f467
- f466
    - flags: bottom simplicial
    - normal:  -0.01641   0.9994   0.0303
    - offset: -0.01471497
    - vertices: p1974(v95) p1435(v55) p3845(v8)
    - neighboring facets: f462 f465 f467
- f467
    - flags: top simplicial
    - normal:  -5.439e-07        1 1.444e-06
    - offset: -0.01499997
    - vertices: p1974(v95) p1435(v55) p3960(v30)
    - neighboring facets: f472 f465 f466
- f472
    - flags: bottom simplicial
    - normal:  -1.871e-07        1 4.965e-07
    - offset: -0.01499999
    - center: -0.0736423855026563 0.01499999997516473 -0.05145256593823433 
    - vertices: p2638(v97) p1435(v55) p3960(v30)
    - neighboring facets: f467 f847 f1065
- f485
    - flags: top simplicial
    - normal:   -0.2549   0.9463    0.199
    - offset: -0.02590552
    - center: -0.09462455908457439 0.01442751567810774 -0.05960706993937492 
    - vertices: p2339(v99) p2115(v56) p1167(v28)
    - neighboring facets: f1819 f487 f486
- f486
    - flags: top simplicial
    - normal:   -0.3887   0.8621    0.325
    - offset: -0.02996909
    - vertices: p2339(v99) p2584(v57) p2115(v56)
    - neighboring facets: f265 f485 f489
- f487
    - flags: top simplicial
    - normal:   -0.2261   0.9103   0.3466
    - offset: -0.01422525
    - vertices: p2339(v99) p1167(v28) p448(v26)
    - neighboring facets: f119 f488 f485
- f488
    - flags: bottom simplicial
    - normal:    -0.397   0.7238   0.5644
    - offset: -0.01502105
    - vertices: p2339(v99) p662(v91) p448(v26)
    - neighboring facets: f447 f487 f489
- f489
    - flags: top simplicial
    - normal:   -0.4195   0.6884   0.5918
    - offset: -0.01503855
    - vertices: p2339(v99) p662(v91) p2584(v57)
    - neighboring facets: f441 f486 f488
- f508
    - flags: top simplicial
    - normal:  -0.004216   0.9973  0.07387
    - offset: -0.01163474
    - vertices: p1467(v103) p83(v60) p3960(v30)
    - neighboring facets: f278 f842 f846
- f512
    - flags: bottom simplicial
    - normal:    0.2282   0.8891   0.3968
    - offset: -0.03411871
    - vertices: p1877(v105) p255(v35) p700(v5)
    - neighboring facets: f552 f513 f514
- f513
    - flags: top simplicial
    - normal:    0.2868   0.8191   0.4967
    - offset: -0.03865192
    - vertices: p1877(v105) p3570(v61) p700(v5)
    - neighboring facets: f792 f512 f514
- f514
    - flags: bottom simplicial
    - normal:    0.2623   0.8532   0.4509
    - offset: -0.03704154
    - vertices: p1877(v105) p3570(v61) p255(v35)
    - neighboring facets: f285 f512 f513
- f517
    - flags: top simplicial
    - normal:    0.2902   0.7004   0.6521
    - offset: -0.03010181
    - vertices: p3675(v106) p2711(v62) p700(v5)
    - neighboring facets: f841 f518 f811
- f518
    - flags: bottom simplicial
    - normal:    0.3445   0.7112   0.6128
    - offset: -0.04170782
    - vertices: p3675(v106) p1869(v104) p700(v5)
    - neighboring facets: f793 f517 f816
- f530
    - flags: bottom simplicial
    - normal:    0.8059  -0.1309   0.5774
    - offset: -0.1266754
    - vertices: p2160(v109) p1320(v64) p2079(v40)
    - neighboring facets: f298 f984 f532
- f531
    - flags: top simplicial
    - normal:         1 2.469e-07 2.536e-05
    - offset: -0.1999984
    - vertices: p2160(v109) p1729(v66) p341(v2)
    - neighboring facets: f536 f1596 f532
- f532
    - flags: bottom simplicial
    - normal:    0.9628 0.002632   0.2703
    - offset:   -0.17584
    - vertices: p2160(v109) p1729(v66) p1320(v64)
    - neighboring facets: f307 f530 f531
- f533
    - flags: bottom simplicial
    - normal:    0.9988 0.008113 -0.04793
    - offset: -0.2029125
    - vertices: p237(v110) p1456(v63) p2896(v32)
    - neighboring facets: f1326 f534 f535
- f534
    - flags: top simplicial
    - normal:    0.9996  0.02425 -0.01376
    - offset: -0.2010274
    - vertices: p237(v110) p1729(v66) p2896(v32)
    - neighboring facets: f304 f533 f536
- f535
    - flags: top simplicial
    - normal:         1 5.114e-07 -3.021e-06
    - offset: -0.2000002
    - vertices: p237(v110) p1456(v63) p341(v2)
    - neighboring facets: f796 f536 f533
- f536
    - flags: bottom simplicial
    - normal:         1 7.679e-07 -4.358e-07
    - offset:       -0.2
    - vertices: p237(v110) p1729(v66) p341(v2)
    - neighboring facets: f531 f535 f534
- f537
    - flags: top simplicial
    - normal:    0.6986 -0.01517   0.7154
    - offset: -0.0964306
    - vertices: p1531(v111) p1320(v64) p1647(v19)
    - neighboring facets: f298 f1306 f801
- f552
    - flags: top simplicial
    - normal:    0.2135   0.9031   0.3726
    - offset: -0.03287841
    - vertices: p3927(v114) p255(v35) p700(v5)
    - neighboring facets: f512 f553 f584
- f553
    - flags: bottom simplicial
    - normal:    0.1242   0.9582   0.2577
    - offset: -0.02343836
    - vertices: p3927(v114) p602(v69) p700(v5)
    - neighboring facets: f1147 f552 f586
- f581
    - flags: bottom simplicial
    - normal:  0.008634        1 0.0004171
    - offset: -0.01663509
    - vertices: p2612(v121) p2257(v71) p3606(v20)
    - neighboring facets: f591 f582 f866
- f582
    - flags: top simplicial
    - normal:   0.01062   0.9998  0.01475
    - offset: -0.01614586
    - vertices: p2612(v121) p3251(v115) p3606(v20)
    - neighboring facets: f823 f581 f825
- f583
    - flags: bottom simplicial
    - normal:    0.3128   0.9214   0.2307
    - offset: -0.06130781
    - vertices: p2612(v121) p255(v35) p1842(v10)
    - neighboring facets: f285 f864 f584
- f584
    - flags: bottom simplicial
    - normal:    0.1477   0.9562   0.2528
    - offset: -0.02792213
    - vertices: p2612(v121) p3927(v114) p255(v35)
    - neighboring facets: f552 f583 f586
- f586
    - flags: top simplicial
    - normal:   0.08079   0.9863   0.1436
    - offset: -0.02188284
    - vertices: p2612(v121) p3927(v114) p602(v69)
    - neighboring facets: f553 f824 f584
- f591
    - flags: top simplicial
    - normal:  0.003624        1 -0.001101
    - offset: -0.01576374
    - center: 0.19280606508255 0.01499517758687337 -0.06350910911957423 
    - vertices: p3698(v122) p2257(v71) p3606(v20)
    - neighboring facets: f581 f1829 f1828
- f598
    - flags: bottom simplicial
    - normal:  2.948e-05  -0.9976  0.06959
    - offset: -0.01162771
    - center: 0.06619123889443775 -0.0136633717144529 -0.02880462693671386 
    - vertices: p2779(v124) p2926(v73) p3611(v12)
    - neighboring facets: f1192 f884 f613
- f601
    - flags: bottom simplicial
    - normal:   0.07264  -0.9563   0.2831
    - offset: -0.01324427
    - vertices: p2683(v125) p3916(v80) p3611(v12)
    - neighboring facets: f384 f887 f604
- f604
    - flags: top simplicial
    - normal:    0.1814  -0.7801   0.5988
    - offset: -0.01479641
    - vertices: p2683(v125) p3916(v80) p1719(v22)
    - neighboring facets: f384 f605 f601
- f605
    - flags: bottom simplicial
    - normal:    0.2798  -0.4189   0.8639
    - offset: -0.01420982
    - vertices: p2683(v125) p412(v81) p1719(v22)
    - neighboring facets: f387 f604 f606
- f606
    - flags: top simplicial
    - normal:     0.341  -0.5142    0.787
    - offset: -0.02970227
    - vertices: p2683(v125) p412(v81) p3794(v44)
    - neighboring facets: f671 f1200 f605
- f612
    - flags: bottom simplicial tested
    - normal:  2.267e-09   -0.999  0.04496
    - offset: -0.0128267
    - center: -0.024177269389232 -0.01499607134610415 -0.04791270941495895 
    - vertices: p1172(v127) p2779(v124) p2355(v38)
    - neighboring facets: f885 f899 f613
- f613
    - flags: top simplicial tested
    - normal:  8.851e-06  -0.9993  0.03746
    - offset: -0.01319058
    - center: 0.04873633633057276 -0.01499634484450022 -0.04793099810679754 
    - vertices: p1172(v127) p2779(v124) p2926(v73)
    - neighboring facets: f598 f1860 f612
- f624
    - flags: bottom simplicial
    - normal:  4.446e-08       -1 -2.856e-06
    - offset: -0.0150002
    - center: 0.1619873245557149 -0.01499999997516473 -0.06653375923633575 
    - vertices: p3663(v129) p1921(v128) p3330(v75)
    - neighboring facets: f1916 f1205 f2018
    - ridges:
- f653
    - flags: top simplicial
    - normal:    0.3945 -0.002782   0.9189
    - offset: -0.0270951
    - vertices: p1723(v134) p1689(v43) p3457(v9)
    - neighboring facets: f187 f728 f730
- f663
    - flags: bottom simplicial
    - normal:     0.352   -0.709   0.6111
    - offset: -0.0431205
    - vertices: p1547(v136) p3659(v82) p3794(v44)
    - neighboring facets: f672 f891 f895
- f671
    - flags: bottom simplicial
    - normal:    0.3816  -0.4768   0.7918
    - offset: -0.0362063
    - vertices: p800(v138) p412(v81) p3794(v44)
    - neighboring facets: f606 f672 f971
- f672
    - flags: top simplicial
    - normal:    0.4069  -0.5319   0.7426
    - offset: -0.04395407
    - vertices: p800(v138) p3659(v82) p3794(v44)
    - neighboring facets: f663 f671 f989
- f675
    - flags: top simplicial
    - normal:   -0.3545 -0.05352   0.9335
    - offset: -0.01089198
    - vertices: p973(v139) p1939(v84) p3364(v23)
    - neighboring facets: f402 f991 f998
- f680
    - flags: top simplicial
    - normal:   -0.1262  -0.9655    0.228
    - offset:  -0.012655
    - vertices: p3822(v140) p2236(v48) p3611(v12)
    - neighboring facets: f425 f681 f682
- f681
    - flags: bottom simplicial
    - normal:     -0.12  -0.9682   0.2197
    - offset: -0.01261202
    - vertices: p3822(v140) p2967(v86) p3611(v12)
    - neighboring facets: f1716 f680 f682
- f682
    - flags: top simplicial
    - normal:   -0.1194  -0.9689   0.2167
    - offset: -0.01272837
    - vertices: p3822(v140) p2967(v86) p2236(v48)
    - neighboring facets: f683 f680 f681
- f683
    - flags: bottom simplicial
    - normal:   -0.1047  -0.9781   0.1798
    - offset: -0.01360032
    - center: -0.08607057233651479 -0.01484552584588528 -0.05523952469229698 
    - vertices: p3391(v141) p2967(v86) p2236(v48)
    - neighboring facets: f682 f685 f1718
- f685
    - flags: bottom simplicial
    - normal:   -0.1465  -0.9688   0.1998
    - offset: -0.01611407
    - vertices: p3391(v141) p2236(v48) p105(v24)
    - neighboring facets: f223 f1002 f683
- f688
    - flags: top simplicial
    - normal:  -0.09127  -0.9958  0.01199
    - offset: -0.02289588
    - center: -0.09694461772839229 -0.01489615781853596 -0.06547096868356068 
    - vertices: p2760(v142) p1902(v87) p2722(v7)
    - neighboring facets: f419 f1867 f1027
- f695
    - flags: bottom simplicial
    - normal:   -0.8902  -0.4534   0.0437
    - offset: -0.09109247
    - vertices: p919(v143) p1902(v87) p3945(v49)
    - neighboring facets: f420 f1023 f1028
- f716
    - flags: bottom simplicial
    - normal:   -0.1624 1.569e-05   0.9867
    - offset: -0.0109563
    - vertices: p1239(v147) p3738(v46) p1741(v4)
    - neighboring facets: f405 f718 f717
- f717
    - flags: bottom simplicial
    - normal:   -0.1957 -0.003607   0.9807
    - offset: -0.01093202
    - vertices: p1239(v147) p3450(v90) p3738(v46)
    - neighboring facets: f437 f716 f720
- f718
    - flags: top simplicial
    - normal:  -0.09996 0.008612    0.995
    - offset: -0.01098076
    - vertices: p1239(v147) p548(v53) p1741(v4)
    - neighboring facets: f243 f716 f719
- f719
    - flags: top simplicial
    - normal:   -0.2458   0.2694   0.9311
    - offset: -0.01244233
    - vertices: p1239(v147) p662(v91) p548(v53)
    - neighboring facets: f447 f718 f720
- f720
    - flags: bottom simplicial
    - normal:   -0.2486   0.2657   0.9315
    - offset: -0.01242514
    - vertices: p1239(v147) p662(v91) p3450(v90)
    - neighboring facets: f444 f717 f719
- f721
    - flags: top simplicial
    - normal:    0.3106 0.003049   0.9505
    - offset: -0.01100871
    - vertices: p2972(v148) p675(v92) p2492(v17)
    - neighboring facets: f449 f804 f722
- f722
    - flags: bottom simplicial
    - normal:    0.3106 0.002325   0.9505
    - offset: -0.01100219
    - vertices: p2972(v148) p675(v92) p2370(v42)
    - neighboring facets: f737 f723 f721
- f723
    - flags: bottom simplicial
    - normal:    0.3409 9.057e-05   0.9401
    - offset: -0.01675748
    - vertices: p2972(v148) p2370(v42) p3457(v9)
    - neighboring facets: f735 f728 f722
- f728
    - flags: top simplicial
    - normal:     0.393 -0.001991   0.9195
    - offset: -0.0267948
    - vertices: p2972(v148) p1723(v134) p3457(v9)
    - neighboring facets: f653 f723 f730
- f729
    - flags: top simplicial
    - normal:    0.4227 -0.0009483   0.9063
    - offset: -0.03259819
    - vertices: p2972(v148) p2601(v78) p1689(v43)
    - neighboring facets: f377 f730 f1126
- f730
    - flags: bottom simplicial
    - normal:    0.4227 -0.0009497   0.9063
    - offset: -0.03259185
    - vertices: p2972(v148) p1723(v134) p1689(v43)
    - neighboring facets: f653 f729 f728
- f731
    - flags: top simplicial
    - normal:    0.1479 -0.006808    0.989
    - offset: -0.01089513
    - vertices: p3966(v149) p326(v77) p3131(v47)
    - neighboring facets: f372 f732 f733
- f732
    - flags: bottom simplicial
    - normal:    0.1283 -0.001084   0.9917
    - offset: -0.01087492
    - vertices: p3966(v149) p675(v92) p3131(v47)
    - neighboring facets: f452 f731 f734
- f733
    - flags: bottom simplicial
    - normal:    0.3105 -0.001141   0.9506
    - offset: -0.01097832
    - vertices: p3966(v149) p326(v77) p3457(v9)
    - neighboring facets: f370 f734 f731
- f734
    - flags: top simplicial
    - normal:    0.3105 -0.0001653   0.9506
    - offset: -0.01097977
    - vertices: p3966(v149) p675(v92) p3457(v9)
    - neighboring facets: f736 f733 f732
- f735
    - flags: top simplicial
    - normal:    0.3127 0.0006755   0.9498
    - offset: -0.01139931
    - vertices: p2554(v150) p2370(v42) p3457(v9)
    - neighboring facets: f723 f736 f737
- f736
    - flags: bottom simplicial
    - normal:    0.3106 0.0005524   0.9506
    - offset: -0.01098623
    - vertices: p2554(v150) p675(v92) p3457(v9)
    - neighboring facets: f734 f735 f737
- f737
    - flags: top simplicial
    - normal:    0.3106 0.001179   0.9505
    - offset: -0.01099187
    - vertices: p2554(v150) p675(v92) p2370(v42)
    - neighboring facets: f722 f735 f736
- f738
    - flags: bottom simplicial
    - normal:   -0.6701 0.002106   0.7422
    - offset: -0.0221326
    - vertices: p3669(v151) p26(v27) p1233(v14)
    - neighboring facets: f201 f741 f1057
- f741
    - flags: top simplicial
    - normal:   -0.8173   0.5348   0.2146
    - offset: -0.07489813
    - vertices: p3669(v151) p2115(v56) p1233(v14)
    - neighboring facets: f265 f738 f763
- f749
    - flags: bottom simplicial tested
    - normal:  -0.01141   0.9999  0.01176
    - offset: -0.01531855
    - center: -0.08843680719534557 0.01499188629289468 -0.05787615850567818 
    - vertices: p359(v152) p20(v94) p1435(v55)
    - neighboring facets: f462 f1066 f750
- f750
    - flags: top simplicial tested
    - normal:  -0.02577   0.9994  0.02148
    - offset: -0.01603163
    - center: -0.09060021738211314 0.01496759429574013 -0.05876724794507027 
    - vertices: p359(v152) p20(v94) p1167(v28)
    - neighboring facets: f461 f1820 f749
- f758
    - flags: top simplicial
    - normal:   -0.9998 -5.772e-05  0.01893
    - offset: -0.09878257
    - vertices: p522(v154) p1998(v54) p1987(v1)
    - neighboring facets: f1025 f1393 f1059
- f763
    - flags: bottom simplicial
    - normal:   -0.9491   0.2997  0.09695
    - offset: -0.09215662
    - vertices: p522(v154) p3669(v151) p2115(v56)
    - neighboring facets: f741 f1075 f1060
- f779
    - flags: top simplicial
    - normal:  -1.356e-05   0.5036   -0.864
    - offset: -0.06692017
    - vertices: p3104(v157) p1026(v100) p3879(v6)
    - neighboring facets: f1412 f1480 f1088
- f782
    - flags: bottom simplicial
    - normal:  -0.007413   0.9849  -0.1732
    - offset: -0.02707108
    - vertices: p2373(v158) p2594(v101) p476(v15)
    - neighboring facets: f1814 f1097 f1423
- f792
    - flags: bottom simplicial
    - normal:    0.3187   0.7693   0.5538
    - offset: -0.04083478
    - vertices: p1728(v160) p3570(v61) p700(v5)
    - neighboring facets: f513 f793 f794
- f793
    - flags: top simplicial
    - normal:    0.3311   0.7437   0.5808
    - offset: -0.04135314
    - vertices: p1728(v160) p1869(v104) p700(v5)
    - neighboring facets: f518 f792 f794
- f794
    - flags: bottom simplicial
    - normal:    0.3645   0.6879   0.6277
    - offset: -0.04426807
    - vertices: p1728(v160) p1869(v104) p3570(v61)
    - neighboring facets: f813 f792 f793
- f796
    - flags: bottom simplicial
    - normal:         1 -1.46e-07 -6.14e-06
    - offset: -0.2000004
    - vertices: p702(v161) p1456(v63) p341(v2)
    - neighboring facets: f535 f1321 f1324
- f800
    - flags: top simplicial
    - normal:    0.7997 -0.001086   0.6004
    - offset: -0.1234533
    - vertices: p3519(v162) p3603(v67) p1320(v64)
    - neighboring facets: f313 f801 f802
- f801
    - flags: bottom simplicial
    - normal:    0.7505 -0.004907   0.6609
    - offset: -0.1100274
    - vertices: p3519(v162) p1531(v111) p1320(v64)
    - neighboring facets: f537 f800 f802
- f802
    - flags: top simplicial
    - normal:    0.7072 -6.324e-06    0.707
    - offset: -0.09865405
    - vertices: p3519(v162) p1531(v111) p3603(v67)
    - neighboring facets: f1303 f800 f801
- f803
    - flags: top simplicial
    - normal:    0.4991  0.07113   0.8636
    - offset: -0.04881154
    - vertices: p3084(v163) p3637(v113) p2469(v68)
    - neighboring facets: f1129 f1458 f805
- f804
    - flags: top simplicial
    - normal:    0.4022  0.00874   0.9155
    - offset: -0.02868843
    - vertices: p3084(v163) p2972(v148) p2492(v17)
    - neighboring facets: f721 f810 f1124
- f805
    - flags: bottom simplicial
    - normal:    0.4734   0.2824   0.8344
    - offset: -0.04816847
    - vertices: p3084(v163) p3637(v113) p1343(v31)
    - neighboring facets: f812 f807 f803
- f807
    - flags: top simplicial
    - normal:    0.4677   0.2977   0.8322
    - offset: -0.04746202
    - vertices: p3084(v163) p3675(v106) p1343(v31)
    - neighboring facets: f815 f805 f811
- f810
    - flags: bottom simplicial
    - normal:      0.45   0.2907   0.8444
    - offset: -0.04369509
    - vertices: p3084(v163) p2711(v62) p2492(v17)
    - neighboring facets: f449 f804 f811
- f811
    - flags: bottom simplicial
    - normal:    0.4627   0.3022   0.8334
    - offset: -0.04658289
    - vertices: p3084(v163) p3675(v106) p2711(v62)
    - neighboring facets: f517 f810 f807
- f812
    - flags: top simplicial
    - normal:    0.4632   0.3776   0.8018
    - offset: -0.04924213
    - vertices: p2952(v164) p3637(v113) p1343(v31)
    - neighboring facets: f805 f815 f1305
- f813
    - flags: top simplicial
    - normal:    0.3716   0.6735    0.639
    - offset: -0.0447873
    - vertices: p2952(v164) p1869(v104) p3570(v61)
    - neighboring facets: f794 f814 f816
- f814
    - flags: top simplicial
    - normal:    0.3639     0.72   0.5909
    - offset: -0.04673766
    - vertices: p2952(v164) p3570(v61) p1842(v10)
    - neighboring facets: f285 f817 f813
- f815
    - flags: bottom simplicial
    - normal:    0.4096   0.5736   0.7094
    - offset: -0.04676524
    - vertices: p2952(v164) p3675(v106) p1343(v31)
    - neighboring facets: f807 f812 f816
- f816
    - flags: top simplicial
    - normal:    0.3857   0.6375   0.6669
    - offset: -0.04542743
    - vertices: p2952(v164) p3675(v106) p1869(v104)
    - neighboring facets: f518 f813 f815
- f817
    - flags: bottom simplicial
    - normal:    0.7799   0.1226   0.6138
    - offset: -0.1194058
    - vertices: p2952(v164) p3603(v67) p1842(v10)
    - neighboring facets: f315 f814 f1304
- f822
    - flags: top simplicial
    - normal:  3.179e-07        1 5.616e-07
    - offset: -0.01500003
    - center: 0.1828085978825887 0.01499999997516473 -0.0540707583228747 
    - vertices: p950(v166) p602(v69) p3606(v20)
    - neighboring facets: f1466 f823 f824
- f823
    - flags: bottom simplicial
    - normal:  3.849e-06        1 5.593e-06
    - offset: -0.0150004
    - vertices: p950(v166) p3251(v115) p3606(v20)
    - neighboring facets: f582 f822 f825
- f824
    - flags: top simplicial
    - normal:   0.06437   0.9914   0.1137
    - offset: -0.02055403
    - vertices: p950(v166) p2612(v121) p602(v69)
    - neighboring facets: f586 f822 f825
- f825
    - flags: bottom simplicial
    - normal:   0.03651   0.9974  0.06259
    - offset: -0.01828247
    - vertices: p950(v166) p2612(v121) p3251(v115)
    - neighboring facets: f582 f823 f824
- f837
    - flags: top simplicial
    - normal:  0.008082   0.6873   0.7263
    - offset: -0.01393335
    - vertices: p1157(v169) p675(v92) p83(v60)
    - neighboring facets: f451 f1150 f839
- f839
    - flags: bottom simplicial
    - normal:    0.2431   0.5724   0.7831
    - offset: -0.01418371
    - vertices: p1157(v169) p675(v92) p2711(v62)
    - neighboring facets: f449 f841 f837
- f841
    - flags: bottom simplicial
    - normal:    0.1806   0.7815   0.5972
    - offset: -0.01459065
    - vertices: p1157(v169) p2711(v62) p700(v5)
    - neighboring facets: f517 f1148 f839
- f842
    - flags: top simplicial
    - normal:  -0.0006885   0.9996  0.02796
    - offset: -0.01367366
    - vertices: p1381(v170) p1467(v103) p3960(v30)
    - neighboring facets: f508 f1151 f846
- f845
    - flags: bottom simplicial
    - normal:  2.835e-05   0.9975  0.07032
    - offset: -0.01159228
    - vertices: p1381(v170) p83(v60) p3984(v16)
    - neighboring facets: f1133 f1136 f846
- f846
    - flags: bottom simplicial
    - normal:  -0.0003118   0.9975  0.07052
    - offset: -0.01159503
    - vertices: p1381(v170) p1467(v103) p83(v60)
    - neighboring facets: f508 f845 f842
- f847
    - flags: bottom simplicial tested
    - normal:  -2.26e-08        1 6.046e-07
    - offset: -0.01499997
    - center: -0.0499697836736838 0.01500000028560559 -0.04924519111712774 
    - vertices: p3346(v171) p2638(v97) p3960(v30)
    - neighboring facets: f472 f1153 f2008
    - ridges:
- f854
    - flags: top simplicial
    - normal:    0.8698   0.1408  -0.4729
    - offset: -0.2067934
    - vertices: p557(v172) p2896(v32) p2143(v18)
    - neighboring facets: f865 f1474 f1471
- f863
    - flags: top simplicial
    - normal:     0.808   0.5882  0.03236
    - offset: -0.1668949
    - vertices: p3842(v174) p2896(v32) p1842(v10)
    - neighboring facets: f304 f864 f865
- f864
    - flags: bottom simplicial
    - normal:    0.3891   0.9201  0.04548
    - offset: -0.08766451
    - vertices: p3842(v174) p2612(v121) p1842(v10)
    - neighboring facets: f583 f863 f866
- f865
    - flags: bottom simplicial
    - normal:    0.7401   0.5719  -0.3538
    - offset: -0.1785385
    - vertices: p3842(v174) p2896(v32) p2143(v18)
    - neighboring facets: f854 f867 f863
- f866
    - flags: top simplicial
    - normal:    0.1247   0.9908 -0.05256
    - offset: -0.04261968
    - vertices: p3842(v174) p2612(v121) p2257(v71)
    - neighboring facets: f581 f868 f864
- f867
    - flags: top simplicial
    - normal:    0.2767   0.8279  -0.4879
    - offset: -0.0990393
    - vertices: p3842(v174) p2490(v70) p2143(v18)
    - neighboring facets: f1035 f865 f868
- f868
    - flags: top simplicial
    - normal:    0.2579   0.8371  -0.4824
    - offset: -0.0950743
    - vertices: p3842(v174) p2257(v71) p2490(v70)
    - neighboring facets: f1174 f867 f866
- f872
    - flags: bottom simplicial
    - normal:  4.765e-05     0.71  -0.7042
    - offset: -0.0586979
    - vertices: p1187(v175) p3184(v155) p2206(v123)
    - neighboring facets: f1693 f1183 f1177
- f876
    - flags: bottom simplicial
    - normal:  1.245e-07   0.7373  -0.6756
    - offset:   -0.05711
    - vertices: p3002(v176) p3184(v155) p293(v58)
    - neighboring facets: f1085 f1501 f1694
- f883
    - flags: top simplicial
    - normal:  -4.852e-05  -0.9976  0.06961
    - offset: -0.01162784
    - vertices: p23(v178) p2355(v38) p3611(v12)
    - neighboring facets: f904 f884 f885
- f884
    - flags: bottom simplicial
    - normal:  1.194e-06  -0.9976  0.06957
    - offset: -0.01162753
    - vertices: p23(v178) p2779(v124) p3611(v12)
    - neighboring facets: f598 f883 f885
- f885
    - flags: top simplicial
    - normal:  -5.022e-06  -0.9978  0.06691
    - offset: -0.01175757
    - vertices: p23(v178) p2779(v124) p2355(v38)
    - neighboring facets: f612 f883 f884
- f887
    - flags: bottom simplicial
    - normal:   0.04197  -0.9808   0.1904
    - offset: -0.01261521
    - center: 0.1134620857580255 -0.01343816425651312 -0.02798584786554177 
    - vertices: p2593(v179) p2683(v125) p3611(v12)
    - neighboring facets: f601 f1193 f1514
- f891
    - flags: bottom simplicial
    - normal:    0.2541  -0.8615   0.4395
    - offset: -0.03622647
    - vertices: p1928(v180) p1547(v136) p3794(v44)
    - neighboring facets: f663 f1201 f895
- f895
    - flags: top simplicial
    - normal:    0.3325  -0.7819   0.5273
    - offset: -0.04491446
    - vertices: p1928(v180) p1547(v136) p3659(v82)
    - neighboring facets: f663 f896 f891
- f896
    - flags: bottom simplicial
    - normal:    0.3481  -0.7694   0.5356
    - offset: -0.04719838
    - vertices: p1928(v180) p1715(v137) p3659(v82)
    - neighboring facets: f988 f895 f1708
- f899
    - flags: bottom simplicial
    - normal:  -8.996e-05  -0.9993  0.03625
    - offset: -0.01325435
    - vertices: p963(v181) p1172(v127) p2355(v38)
    - neighboring facets: f612 f904 f1861
- f904
    - flags: bottom simplicial
    - normal:  -0.001763  -0.9974  0.07141
    - offset: -0.01164187
    - vertices: p963(v181) p2355(v38) p3611(v12)
    - neighboring facets: f883 f1717 f899
- f914
    - flags: top simplicial
    - normal:    0.3869 -1.038e-06  -0.9221
    - offset: -0.1399942
    - vertices: p2173(v183) p2226(v173) p24(v51)
    - neighboring facets: f1355 f1352 f1328
- f949
    - flags: bottom simplicial
    - normal:   0.01593  -0.8794  -0.4759
    - offset: -0.04833881
    - vertices: p318(v190) p3402(v182) p479(v39)
    - neighboring facets: f1214 f1765 f1278
- f969
    - flags: bottom simplicial
    - normal:    0.4982  -0.1206   0.8586
    - offset: -0.04952567
    - vertices: p2948(v194) p1715(v137) p2079(v40)
    - neighboring facets: f979 f1317 f1309
- f970
    - flags: bottom simplicial
    - normal:       0.5 -3.396e-06    0.866
    - offset: -0.04803843
    - vertices: p2948(v194) p2595(v191) p412(v81)
    - neighboring facets: f1315 f971 f1314
- f971
    - flags: top simplicial
    - normal:    0.4945  -0.1331   0.8589
    - offset: -0.0489649
    - vertices: p2948(v194) p800(v138) p412(v81)
    - neighboring facets: f671 f970 f1310
- f979
    - flags: top simplicial
    - normal:    0.7416  -0.3889   0.5466
    - offset: -0.1188047
    - vertices: p2409(v196) p1715(v137) p2079(v40)
    - neighboring facets: f969 f984 f1709
- f984
    - flags: bottom simplicial
    - normal:    0.8268  -0.2293   0.5136
    - offset: -0.1356728
    - vertices: p2409(v196) p2160(v109) p2079(v40)
    - neighboring facets: f530 f979 f1597
- f988
    - flags: top simplicial
    - normal:     0.435  -0.4974   0.7506
    - offset: -0.04825942
    - vertices: p1688(v197) p1715(v137) p3659(v82)
    - neighboring facets: f896 f989 f990
- f989
    - flags: bottom simplicial
    - normal:    0.4361  -0.4795   0.7615
    - offset: -0.04764474
    - vertices: p1688(v197) p800(v138) p3659(v82)
    - neighboring facets: f672 f988 f990
- f990
    - flags: top simplicial
    - normal:     0.483  -0.2589   0.8365
    - offset: -0.04959829
    - vertices: p1688(v197) p800(v138) p1715(v137)
    - neighboring facets: f1592 f988 f989
- f991
    - flags: top simplicial
    - normal:   -0.4426   -0.031   0.8962
    - offset: -0.01098282
    - vertices: p3271(v198) p973(v139) p3364(v23)
    - neighboring facets: f675 f995 f994
- f992
    - flags: bottom simplicial
    - normal:    -0.594 0.007428   0.8045
    - offset: -0.01095768
    - vertices: p3271(v198) p662(v91) p137(v83)
    - neighboring facets: f443 f996 f1332
- f994
    - flags: bottom simplicial
    - normal:      -0.5 -7.122e-08    0.866
    - offset: -0.01095814
    - vertices: p3271(v198) p973(v139) p1748(v52)
    - neighboring facets: f1000 f1331 f991
- f995
    - flags: bottom simplicial
    - normal:   -0.5941 -0.004834   0.8044
    - offset: -0.01100038
    - vertices: p3271(v198) p1060(v45) p3364(v23)
    - neighboring facets: f198 f991 f996
- f996
    - flags: bottom simplicial
    - normal:   -0.5944 0.002572   0.8042
    - offset: -0.01097461
    - vertices: p3271(v198) p137(v83) p1060(v45)
    - neighboring facets: f398 f995 f992
- f997
    - flags: top simplicial
    - normal:   -0.3028 -0.02125   0.9528
    - offset: -0.01083393
    - vertices: p3694(v199) p3450(v90) p1939(v84)
    - neighboring facets: f437 f998 f999
- f998
    - flags: bottom simplicial
    - normal:   -0.3323 -0.03135   0.9426
    - offset: -0.01081758
    - vertices: p3694(v199) p973(v139) p1939(v84)
    - neighboring facets: f675 f997 f1000
- f999
    - flags: bottom simplicial
    - normal:   -0.3466 0.002539    0.938
    - offset: -0.0109714
    - vertices: p3694(v199) p3450(v90) p1748(v52)
    - neighboring facets: f444 f1000 f997
- f1000
    - flags: top simplicial
    - normal:   -0.4052 -0.01376   0.9141
    - offset: -0.01091704
    - vertices: p3694(v199) p973(v139) p1748(v52)
    - neighboring facets: f994 f999 f998
- f1001
    - flags: bottom simplicial
    - normal:   -0.1634  -0.9747   0.1527
    - offset: -0.0206531
    - center: -0.09558370212713878 -0.01473581480483214 -0.06109222893913587 
    - vertices: p737(v200) p105(v24) p2722(v7)
    - neighboring facets: f419 f1721 f1002
- f1002
    - flags: bottom simplicial
    - normal:   -0.1469  -0.9713   0.1873
    - offset: -0.01692929
    - center: -0.09446666141351064 -0.01473581480483215 -0.06007926414410273 
    - vertices: p737(v200) p3391(v141) p105(v24)
    - neighboring facets: f685 f1001 f1720
- f1008
    - flags: bottom simplicial
    - normal:  -0.003611  -0.9954 -0.09558
    - offset: -0.02159081
    - center: -0.08985500037670135 -0.0149144334718585 -0.0671703393260638 
    - vertices: p2704(v202) p2760(v142) p923(v74)
    - neighboring facets: f1777 f1333 f1868
- f1022
    - flags: bottom simplicial
    - normal:   -0.9647  -0.1442   0.2204
    - offset: -0.08374167
    - vertices: p3421(v204) p3945(v49) p26(v27)
    - neighboring facets: f218 f1024 f1023
- f1023
    - flags: bottom simplicial
    - normal:   -0.9642  -0.2155   0.1546
    - offset: -0.08856584
    - vertices: p3421(v204) p919(v143) p3945(v49)
    - neighboring facets: f695 f1022 f1026
- f1024
    - flags: top simplicial
    - normal:   -0.9841 -0.02534    0.176
    - offset: -0.08739711
    - vertices: p3421(v204) p1998(v54) p26(v27)
    - neighboring facets: f460 f1022 f1025
- f1025
    - flags: bottom simplicial
    - normal:   -0.9998 -0.001001  0.02137
    - offset: -0.09862121
    - vertices: p3421(v204) p1998(v54) p1987(v1)
    - neighboring facets: f758 f1026 f1024
- f1026
    - flags: top simplicial
    - normal:        -1 -1.547e-06 4.661e-06
    - offset: -0.09999971
    - vertices: p3421(v204) p919(v143) p1987(v1)
    - neighboring facets: f1392 f1025 f1023
- f1027
    - flags: bottom simplicial
    - normal:    -0.625  -0.5255  -0.5772
    - offset: -0.1074796
    - vertices: p3760(v205) p2760(v142) p1902(v87)
    - neighboring facets: f688 f1028 f1344
- f1028
    - flags: top simplicial
    - normal:   -0.8516  -0.3753  -0.3659
    - offset: -0.1134085
    - vertices: p3760(v205) p919(v143) p1902(v87)
    - neighboring facets: f695 f1027 f1396
- f1033
    - flags: bottom simplicial
    - normal:    0.2102   0.2746  -0.9383
    - offset: -0.1096637
    - vertices: p2891(v206) p455(v89) p2490(v70)
    - neighboring facets: f1175 f1035 f1034
- f1034
    - flags: bottom simplicial
    - normal:   0.07181  0.01451  -0.9973
    - offset: -0.08376576
    - center: 0.1945959031581879 0.008641976164653897 -0.06985463698705037 
    - vertices: p2891(v206) p3782(v144) p455(v89)
    - neighboring facets: f1248 f1033 f1803
- f1035
    - flags: bottom simplicial
    - normal:    0.3788   0.1389   -0.915
    - offset:  -0.139496
    - vertices: p2891(v206) p2490(v70) p2143(v18)
    - neighboring facets: f867 f1168 f1033
- f1039
    - flags: top simplicial
    - normal:    0.3869 1.002e-06  -0.9221
    - offset: -0.1399951
    - vertices: p2891(v206) p2226(v173) p582(v120)
    - neighboring facets: f1167 f1169 f1357
- f1047
    - flags: bottom simplicial tested
    - normal:  0.0004984  0.04869  -0.9988
    - offset: -0.07058405
    - center: 0.1772600213686625 0.0119699677452445 -0.06999591241280238 
    - vertices: p3759(v209) p2456(v207) p909(v59)
    - neighboring facets: f1877 f1634 f1048
    - ridges:
- f1048
    - flags: top simplicial tested
    - normal:  0.002525    0.076  -0.9971
    - offset: -0.07115477
    - center: 0.1837001939614614 0.01223302601526181 -0.06996376067399979 
    - vertices: p3759(v209) p2456(v207) p455(v89)
    - neighboring facets: f1250 f1366 f1047
- f1054
    - flags: bottom simplicial tested
    - normal:  -0.02675  0.05232  -0.9983
    - offset: -0.07288601
    - center: -0.09232934067646663 0.0117733267446359 -0.06992068638404211 
    - vertices: p2403(v210) p1874(v159) p3232(v29)
    - neighboring facets: f1106 f1934 f1055
- f1055
    - flags: top simplicial tested
    - normal:  -0.02171  0.01918  -0.9996
    - offset: -0.07213787
    - center: -0.09258401145537694 0.01019352829704682 -0.06996211161216102 
    - vertices: p2403(v210) p1874(v159) p2985(v102)
    - neighboring facets: f1101 f1883 f1054
    - ridges:
- f1056
    - flags: bottom simplicial
    - normal:   -0.8291 -0.0002738   0.5591
    - offset: -0.04888965
    - vertices: p642(v211) p60(v93) p26(v27)
    - neighboring facets: f460 f1057 f1058
- f1057
    - flags: top simplicial
    - normal:   -0.7551 0.001625   0.6556
    - offset: -0.03576331
    - vertices: p642(v211) p3669(v151) p26(v27)
    - neighboring facets: f738 f1056 f1060
- f1058
    - flags: top simplicial
    - normal:   -0.9579   0.0305   0.2855
    - offset: -0.07847428
    - vertices: p642(v211) p60(v93) p1998(v54)
    - neighboring facets: f460 f1059 f1056
- f1059
    - flags: bottom simplicial
    - normal:   -0.9833  0.07376   0.1661
    - offset: -0.08864508
    - vertices: p642(v211) p522(v154) p1998(v54)
    - neighboring facets: f758 f1058 f1060
- f1060
    - flags: top simplicial
    - normal:   -0.9831   0.0767   0.1665
    - offset: -0.08862611
    - vertices: p642(v211) p522(v154) p3669(v151)
    - neighboring facets: f763 f1057 f1059
- f1065
    - flags: top simplicial tested
    - normal:  -1.652e-07        1 4.147e-07
    - offset: -0.01499999
    - center: -0.07971087594827016 0.01500000028560559 -0.05450166761875153 
    - vertices: p1587(v213) p2638(v97) p1435(v55)
    - neighboring facets: f472 f1066 f2012
    - ridges:
- f1066
    - flags: bottom simplicial tested
    - normal:  -8.11e-07        1 8.357e-07
    - offset: -0.01500002
    - center: -0.0879537637035052 0.01499999997516473 -0.05846864481767019 
    - vertices: p1587(v213) p359(v152) p1435(v55)
    - neighboring facets: f749 f1065 f1815
- f1074
    - flags: top simplicial
    - normal:    -0.801   0.5987 0.006959
    - offset: -0.08740368
    - vertices: p845(v215) p3906(v98) p2115(v56)
    - neighboring facets: f1817 f1075 f1689
- f1075
    - flags: bottom simplicial
    - normal:   -0.9516   0.2979  0.07628
    - offset: -0.09369141
    - vertices: p845(v215) p522(v154) p2115(v56)
    - neighboring facets: f763 f1074 f1687
- f1084
    - flags: bottom simplicial
    - normal:    -0.056    0.748  -0.6614
    - offset: -0.06133243
    - vertices: p925(v217) p3104(v157) p2594(v101)
    - neighboring facets: f1450 f1498 f1086
- f1085
    - flags: top simplicial
    - normal:  -2.154e-07   0.7372  -0.6756
    - offset: -0.05711145
    - vertices: p925(v217) p3184(v155) p293(v58)
    - neighboring facets: f876 f1500 f1086
- f1086
    - flags: top simplicial
    - normal:  -0.0005456    0.643  -0.7659
    - offset: -0.06205722
    - vertices: p925(v217) p3104(v157) p3184(v155)
    - neighboring facets: f1176 f1085 f1084
- f1087
    - flags: top simplicial
    - normal:  -5.686e-07   0.3988   -0.917
    - offset: -0.06922102
    - vertices: p2764(v218) p1431(v156) p1026(v100)
    - neighboring facets: f1417 f1088 f1407
- f1088
    - flags: bottom simplicial
    - normal:  -0.0008444   0.4593  -0.8883
    - offset: -0.06808274
    - vertices: p2764(v218) p3104(v157) p1026(v100)
    - neighboring facets: f779 f1087 f1090
- f1090
    - flags: top simplicial
    - normal:  -0.03573   0.4161  -0.9086
    - offset: -0.07211535
    - vertices: p2764(v218) p3104(v157) p3232(v29)
    - neighboring facets: f1105 f1406 f1088
- f1095
    - flags: bottom simplicial
    - normal:  7.555e-06   0.9966  -0.0819
    - offset: -0.02043768
    - center: 0.07327114790678024 0.014984465825061 -0.06718950221935908 
    - vertices: p3963(v220) p3702(v153) p2257(v71)
    - neighboring facets: f1655 f1096 f1099
- f1096
    - flags: top simplicial
    - normal:  1.154e-05   0.9961 -0.08768
    - offset: -0.02081926
    - vertices: p3963(v220) p2373(v158) p2257(v71)
    - neighboring facets: f1667 f1095 f1097
- f1097
    - flags: bottom simplicial
    - normal:  -0.0001956   0.9965 -0.08395
    - offset: -0.02059047
    - vertices: p3963(v220) p2373(v158) p476(v15)
    - neighboring facets: f782 f1098 f1096
- f1098
    - flags: top simplicial
    - normal:  6.882e-08   0.9969 -0.07845
    - offset: -0.02021014
    - center: -0.08163493871688843 0.01498682983219624 -0.06716733674208324 
    - vertices: p3963(v220) p598(v96) p476(v15)
    - neighboring facets: f1646 f1097 f1099
- f1099
    - flags: top simplicial
    - normal:  2.256e-06   0.9969 -0.07858
    - offset: -0.02021802
    - center: -0.01389903078476588 0.01498847051213185 -0.06714476644992828 
    - vertices: p3963(v220) p3702(v153) p598(v96)
    - neighboring facets: f1656 f1098 f1095
- f1101
    - flags: bottom simplicial
    - normal:  -0.02536  0.01528  -0.9996
    - offset: -0.07244348
    - center: -0.09438918779293697 0.007998161173115173 -0.06995845337708791 
    - vertices: p1316(v221) p1874(v159) p2985(v102)
    - neighboring facets: f1055 f1433 f1846
- f1105
    - flags: bottom simplicial
    - normal:   -0.1619   0.3959  -0.9039
    - offset: -0.08312605
    - vertices: p1678(v222) p3104(v157) p3232(v29)
    - neighboring facets: f1090 f1106 f1451
- f1106
    - flags: top simplicial
    - normal:   -0.1088    0.197  -0.9744
    - offset: -0.08061748
    - center: -0.094802126288414 0.01167479188491901 -0.06978946924209596 
    - vertices: p1678(v222) p1874(v159) p3232(v29)
    - neighboring facets: f1054 f1105 f1849
- f1113
    - flags: bottom simplicial
    - normal:     0.496 0.002776   0.8683
    - offset: -0.04723142
    - vertices: p280(v223) p3084(v163) p3354(v133)
    - neighboring facets: f1120 f1117 f1460
- f1117
    - flags: bottom simplicial
    - normal:       0.5 -4.081e-07    0.866
    - offset: -0.0480383
    - vertices: p280(v223) p3354(v133) p412(v81)
    - neighboring facets: f1122 f1316 f1113
- f1119
    - flags: bottom simplicial
    - normal:    0.4423 -3.947e-07   0.8969
    - offset: -0.03646553
    - vertices: p3207(v224) p3084(v163) p2003(v34)
    - neighboring facets: f1123 f1121 f1120
- f1120
    - flags: top simplicial
    - normal:    0.4929 0.002274   0.8701
    - offset: -0.0465997
    - vertices: p3207(v224) p3084(v163) p3354(v133)
    - neighboring facets: f1113 f1122 f1119
- f1121
    - flags: top simplicial
    - normal:    0.4824 -0.0007734    0.876
    - offset: -0.04447828
    - vertices: p3207(v224) p412(v81) p2003(v34)
    - neighboring facets: f391 f1119 f1122
- f1122
    - flags: top simplicial
    - normal:    0.4966 -1.416e-06    0.868
    - offset: -0.04733778
    - vertices: p3207(v224) p3354(v133) p412(v81)
    - neighboring facets: f1117 f1121 f1120
- f1123
    - flags: top simplicial
    - normal:    0.4423 -4.174e-07   0.8969
    - offset: -0.03646526
    - vertices: p859(v225) p3084(v163) p2003(v34)
    - neighboring facets: f1119 f1125 f1124
- f1124
    - flags: bottom simplicial
    - normal:    0.4381 7.093e-05   0.8989
    - offset: -0.03563424
    - vertices: p859(v225) p3084(v163) p2972(v148)
    - neighboring facets: f804 f1126 f1123
- f1125
    - flags: bottom simplicial
    - normal:    0.4361 -0.0002863   0.8999
    - offset: -0.03524006
    - vertices: p859(v225) p2601(v78) p2003(v34)
    - neighboring facets: f377 f1123 f1126
- f1126
    - flags: bottom simplicial
    - normal:    0.4357 -0.0002579   0.9001
    - offset: -0.03516971
    - vertices: p859(v225) p2972(v148) p2601(v78)
    - neighboring facets: f729 f1125 f1124
- f1129
    - flags: bottom simplicial
    - normal:    0.5047  0.02167    0.863
    - offset: -0.0493002
    - vertices: p2757(v226) p3637(v113) p2469(v68)
    - neighboring facets: f803 f1296 f1300
- f1133
    - flags: top simplicial
    - normal:  5.852e-05   0.9975  0.07034
    - offset: -0.01159232
    - vertices: p3901(v227) p83(v60) p3984(v16)
    - neighboring facets: f845 f1138 f1134
- f1134
    - flags: top simplicial
    - normal:  9.66e-05   0.9975  0.07045
    - offset: -0.01159307
    - center: 0.1072403609286994 0.01365197698275248 -0.02889171242713928 
    - vertices: p3901(v227) p1091(v118) p83(v60)
    - neighboring facets: f1149 f1133 f1470
- f1136
    - flags: bottom simplicial
    - normal:  2.323e-06   0.9989  0.04612
    - offset: -0.01277062
    - vertices: p1128(v228) p1381(v170) p3984(v16)
    - neighboring facets: f845 f1138 f1137
- f1137
    - flags: top simplicial
    - normal:  -1.702e-05   0.9993  0.03654
    - offset: -0.01323463
    - center: 0.001568702359994252 0.01499611015121142 -0.04792863751451174 
    - vertices: p1128(v228) p1381(v170) p2745(v119)
    - neighboring facets: f1152 f1467 f1136
- f1138
    - flags: top simplicial
    - normal:  6.462e-05   0.9981  0.06176
    - offset: -0.01201155
    - center: 0.08402003099521001 0.01499006741990646 -0.047854316731294 
    - vertices: p1128(v228) p3901(v227) p3984(v16)
    - neighboring facets: f1133 f1136 f1468
- f1145
    - flags: top simplicial
    - normal:  0.002287   0.9997  0.02334
    - offset: -0.01424001
    - center: 0.1692405094703039 0.01498823488752048 -0.04845797394712766 
    - vertices: p3138(v230) p895(v168) p602(v69)
    - neighboring facets: f1463 f1147 f1146
- f1146
    - flags: bottom simplicial
    - normal:  0.001114   0.9991   0.0433
    - offset: -0.01308019
    - center: 0.1655832578738531 0.01498064181456963 -0.04783130685488383 
    - vertices: p3138(v230) p895(v168) p1091(v118)
    - neighboring facets: f1469 f1149 f1145
- f1147
    - flags: top simplicial
    - normal:    0.0959     0.96   0.2631
    - offset: -0.01821429
    - vertices: p3138(v230) p602(v69) p700(v5)
    - neighboring facets: f553 f1148 f1145
- f1148
    - flags: bottom simplicial
    - normal:   0.09655   0.9315   0.3508
    - offset: -0.01372584
    - vertices: p3138(v230) p1157(v169) p700(v5)
    - neighboring facets: f841 f1147 f1150
- f1149
    - flags: bottom simplicial
    - normal:  0.0004298   0.9974  0.07143
    - offset: -0.01159988
    - vertices: p3138(v230) p1091(v118) p83(v60)
    - neighboring facets: f1134 f1150 f1146
- f1150
    - flags: top simplicial
    - normal:  0.0008079   0.9974  0.07259
    - offset: -0.01160793
    - vertices: p3138(v230) p1157(v169) p83(v60)
    - neighboring facets: f837 f1149 f1148
- f1151
    - flags: top simplicial
    - normal:  -0.0003611   0.9998  0.01897
    - offset: -0.0140944
    - vertices: p3464(v231) p1381(v170) p3960(v30)
    - neighboring facets: f842 f1153 f1152
- f1152
    - flags: bottom simplicial
    - normal:  -0.000259   0.9998  0.02171
    - offset: -0.01395884
    - center: -0.02830049333473047 0.01499655252943436 -0.04798212399085363 
    - vertices: p3464(v231) p1381(v170) p2745(v119)
    - neighboring facets: f1137 f1156 f1151
- f1153
    - flags: bottom simplicial
    - normal:  -3.312e-08        1 1.74e-06
    - offset: -0.01499992
    - center: -0.03660086231927077 0.01499999997516473 -0.04848326866825422 
    - vertices: p3464(v231) p3346(v171) p3960(v30)
    - neighboring facets: f847 f1151 f1157
- f1156
    - flags: bottom simplicial tested
    - normal:  -2.874e-08        1 2.409e-06
    - offset: -0.01499988
    - center: -0.01681613487501939 0.01499999997516473 -0.04813273747762045 
    - vertices: p2677(v232) p3464(v231) p2745(v119)
    - neighboring facets: f1152 f1464 f1157
- f1157
    - flags: top simplicial tested
    - normal:  -3.078e-08        1 1.857e-06
    - offset: -0.01499991
    - center: -0.01464794141550859 0.01500000028560559 -0.04825286194682121 
    - vertices: p2677(v232) p3464(v231) p3346(v171)
    - neighboring facets: f1153 f2013 f1156
    - ridges:
- f1160
    - flags: top simplicial
    - normal:    0.9772  0.01056   -0.212
    - offset: -0.2094285
    - vertices: p3472(v233) p2313(v108) p2896(v32)
    - neighboring facets: f1327 f1472 f1477
- f1167
    - flags: bottom simplicial
    - normal:    0.4548 0.002829  -0.8906
    - offset: -0.1512527
    - vertices: p520(v234) p2226(v173) p582(v120)
    - neighboring facets: f1039 f1169 f1479
- f1168
    - flags: bottom simplicial
    - normal:     0.438  0.02383  -0.8986
    - offset:   -0.14863
    - vertices: p520(v234) p2891(v206) p2143(v18)
    - neighboring facets: f1035 f1475 f1169
- f1169
    - flags: top simplicial
    - normal:    0.4324  0.01785  -0.9015
    - offset: -0.1476644
    - vertices: p520(v234) p2891(v206) p582(v120)
    - neighboring facets: f1039 f1167 f1168
- f1171
    - flags: bottom simplicial
    - normal:   0.02288   0.5098    -0.86
    - offset: -0.07101479
    - vertices: p1393(v235) p455(v89) p3879(v6)
    - neighboring facets: f1415 f1481 f1175
- f1174
    - flags: bottom simplicial
    - normal:   0.08578   0.7511  -0.6546
    - offset: -0.07189559
    - vertices: p1393(v235) p2257(v71) p2490(v70)
    - neighboring facets: f868 f1175 f1181
- f1175
    - flags: top simplicial
    - normal:   0.08584   0.7357  -0.6718
    - offset: -0.07288789
    - vertices: p1393(v235) p455(v89) p2490(v70)
    - neighboring facets: f1033 f1174 f1171
- f1176
    - flags: bottom simplicial
    - normal:  -7.065e-05    0.631  -0.7758
    - offset: -0.06253999
    - vertices: p690(v236) p3104(v157) p3184(v155)
    - neighboring facets: f1086 f1177 f1484
- f1177
    - flags: top simplicial
    - normal:  3.837e-05   0.6996  -0.7145
    - offset: -0.05926382
    - vertices: p690(v236) p1187(v175) p3184(v155)
    - neighboring facets: f872 f1176 f1179
- f1179
    - flags: top simplicial
    - normal:  0.000391   0.6268  -0.7792
    - offset: -0.06278635
    - vertices: p690(v236) p1393(v235) p1187(v175)
    - neighboring facets: f1182 f1177 f1485
- f1180
    - flags: bottom simplicial
    - normal:  0.005921   0.9094  -0.4159
    - offset: -0.04271425
    - vertices: p860(v237) p3624(v177) p2257(v71)
    - neighboring facets: f1662 f1181 f1493
- f1181
    - flags: top simplicial
    - normal:   0.01361   0.8597  -0.5106
    - offset: -0.04982573
    - vertices: p860(v237) p1393(v235) p2257(v71)
    - neighboring facets: f1174 f1180 f1182
- f1182
    - flags: bottom simplicial
    - normal:   0.01005   0.8227  -0.5684
    - offset: -0.0526572
    - vertices: p860(v237) p1393(v235) p1187(v175)
    - neighboring facets: f1179 f1183 f1181
- f1183
    - flags: bottom simplicial
    - normal:  0.0007127    0.749  -0.6626
    - offset: -0.05648259
    - vertices: p860(v237) p1187(v175) p2206(v123)
    - neighboring facets: f872 f1487 f1182
- f1192
    - flags: top simplicial
    - normal:  0.005915  -0.9963  0.08574
    - offset: -0.01177064
    - vertices: p157(v239) p2926(v73) p3611(v12)
    - neighboring facets: f598 f1193 f1512
- f1193
    - flags: bottom simplicial
    - normal:   0.01454  -0.9938   0.1103
    - offset: -0.01198164
    - center: 0.1117400926693032 -0.01360863198836645 -0.02871198020875454 
    - vertices: p157(v239) p2593(v179) p3611(v12)
    - neighboring facets: f887 f1192 f1513
- f1200
    - flags: top simplicial
    - normal:    0.1486  -0.9421   0.3007
    - offset: -0.02530916
    - center: 0.1787891834974289 -0.01456316032757362 -0.04981688037514687 
    - vertices: p93(v240) p2683(v125) p3794(v44)
    - neighboring facets: f606 f1201 f1515
- f1201
    - flags: bottom simplicial
    - normal:    0.1858  -0.9201   0.3448
    - offset: -0.02948605
    - vertices: p93(v240) p1928(v180) p3794(v44)
    - neighboring facets: f891 f1200 f1706
- f1205
    - flags: bottom simplicial
    - normal:  1.002e-06       -1 -2.98e-05
    - offset: -0.01500216
    - vertices: p772(v241) p3663(v129) p3330(v75)
    - neighboring facets: f624 f1206 f1207
- f1206
    - flags: top simplicial
    - normal:  0.001231  -0.9993  -0.0366
    - offset: -0.01764159
    - vertices: p772(v241) p3402(v182) p3330(v75)
    - neighboring facets: f1232 f1205 f1207
- f1207
    - flags: bottom simplicial
    - normal:  0.001832  -0.9993 -0.03699
    - offset: -0.01778261
    - vertices: p772(v241) p3402(v182) p3663(v129)
    - neighboring facets: f1277 f1205 f1206
- f1214
    - flags: top simplicial
    - normal:  7.123e-05   -0.964  -0.2659
    - offset: -0.03238576
    - vertices: p284(v243) p3402(v182) p479(v39)
    - neighboring facets: f949 f1260 f1521
- f1231
    - flags: bottom simplicial
    - normal:  4.142e-05  -0.9957 -0.09248
    - offset: -0.02113786
    - vertices: p1835(v247) p1428(v185) p3309(v130)
    - neighboring facets: f1337 f1233 f1911
- f1232
    - flags: bottom simplicial
    - normal:  0.0002988   -0.997 -0.07795
    - offset: -0.0202211
    - vertices: p1835(v247) p3402(v182) p3330(v75)
    - neighboring facets: f1206 f1915 f1233
- f1233
    - flags: top simplicial
    - normal:  0.0001255  -0.9958 -0.09109
    - offset: -0.02105922
    - vertices: p1835(v247) p3402(v182) p3309(v130)
    - neighboring facets: f1520 f1231 f1232
- f1248
    - flags: top simplicial tested
    - normal:   0.04489 0.009594  -0.9989
    - offset: -0.07862059
    - center: 0.1931735277175903 0.008469470699007312 -0.06994073092937468 
    - vertices: p417(v250) p3782(v144) p455(v89)
    - neighboring facets: f1034 f1250 f1739
- f1250
    - flags: bottom simplicial tested
    - normal:   0.00464  0.04651  -0.9989
    - offset: -0.07131428
    - center: 0.1884756286938985 0.01179048450042804 -0.06996785600980122 
    - vertices: p417(v250) p2456(v207) p455(v89)
    - neighboring facets: f1048 f1248 f1882
    - ridges:
- f1257
    - flags: top simplicial tested
    - normal:  6.764e-06 -0.05476  -0.9985
    - offset: -0.07055032
    - center: 0.08279906461636226 -0.0120012437303861 -0.06999762356281281 
    - vertices: p1597(v252) p1350(v248) p3187(v131)
    - neighboring facets: f1725 f1979 f1561
    - ridges:
- f1258
    - flags: bottom simplicial
    - normal:  -3.765e-05  -0.9258   -0.378
    - offset: -0.03942717
    - vertices: p48(v253) p3922(v189) p479(v39)
    - neighboring facets: f1741 f1260 f1259
- f1259
    - flags: top simplicial
    - normal:  -0.0005526  -0.9303  -0.3668
    - offset: -0.03876769
    - vertices: p48(v253) p3922(v189) p923(v74)
    - neighboring facets: f1776 f1609 f1258
- f1260
    - flags: top simplicial
    - normal:  6.119e-06  -0.9616  -0.2744
    - offset: -0.03291553
    - vertices: p48(v253) p284(v243) p479(v39)
    - neighboring facets: f1214 f1258 f1610
- f1277
    - flags: top simplicial
    - normal:   0.02761  -0.9937  -0.1088
    - offset: -0.02748043
    - center: 0.1949740995963415 -0.0149393134439985 -0.06667311737934749 
    - vertices: p3610(v257) p3402(v182) p3663(v129)
    - neighboring facets: f1207 f1529 f1278
- f1278
    - flags: top simplicial
    - normal:   0.08363  -0.8651  -0.4947
    - offset: -0.06234884
    - center: 0.1931161930163701 -0.01464508660137654 -0.06778213878472646 
    - vertices: p3610(v257) p318(v190) p3402(v182)
    - neighboring facets: f949 f1277 f1568
- f1288
    - flags: bottom simplicial
    - normal:    0.5023 6.911e-05   0.8647
    - offset: -0.04855894
    - vertices: p2978(v258) p2079(v40) p1647(v19)
    - neighboring facets: f298 f1289 f1319
- f1289
    - flags: top simplicial
    - normal:    0.5023 0.0001922   0.8647
    - offset: -0.04857147
    - vertices: p2978(v258) p2650(v112) p1647(v19)
    - neighboring facets: f1307 f1288 f1301
- f1296
    - flags: bottom simplicial
    - normal:       0.5 2.136e-05    0.866
    - offset: -0.04803985
    - vertices: p61(v260) p2757(v226) p2469(v68)
    - neighboring facets: f1129 f1297 f1300
- f1297
    - flags: top simplicial
    - normal:       0.5 4.648e-07    0.866
    - offset: -0.04803851
    - vertices: p61(v260) p280(v223) p2469(v68)
    - neighboring facets: f1459 f1296 f1318
- f1300
    - flags: top simplicial
    - normal:    0.5052  0.02032   0.8628
    - offset: -0.04939165
    - vertices: p61(v260) p2757(v226) p3637(v113)
    - neighboring facets: f1129 f1305 f1296
- f1301
    - flags: bottom simplicial
    - normal:       0.5 1.294e-06    0.866
    - offset: -0.04804176
    - vertices: p61(v260) p2978(v258) p2650(v112)
    - neighboring facets: f1289 f1307 f1320
- f1303
    - flags: bottom simplicial
    - normal:    0.5444  0.01325   0.8387
    - offset: -0.05841215
    - vertices: p61(v260) p1531(v111) p3603(v67)
    - neighboring facets: f802 f1304 f1306
- f1304
    - flags: top simplicial
    - normal:    0.5589  0.05275   0.8276
    - offset: -0.06219083
    - vertices: p61(v260) p2952(v164) p3603(v67)
    - neighboring facets: f817 f1303 f1305
- f1305
    - flags: bottom simplicial
    - normal:    0.5481  0.05665   0.8345
    - offset: -0.05971581
    - vertices: p61(v260) p2952(v164) p3637(v113)
    - neighboring facets: f812 f1300 f1304
- f1306
    - flags: top simplicial
    - normal:    0.5428  0.01226   0.8397
    - offset: -0.05804819
    - vertices: p61(v260) p1531(v111) p1647(v19)
    - neighboring facets: f537 f1307 f1303
- f1307
    - flags: bottom simplicial
    - normal:    0.5029 0.0004073   0.8643
    - offset: -0.04870501
    - vertices: p61(v260) p2650(v112) p1647(v19)
    - neighboring facets: f1289 f1306 f1301
- f1309
    - flags: top simplicial
    - normal:    0.4974  -0.1271   0.8582
    - offset: -0.04946337
    - vertices: p2734(v261) p2948(v194) p1715(v137)
    - neighboring facets: f969 f1593 f1310
- f1310
    - flags: bottom simplicial
    - normal:    0.4949  -0.1354   0.8583
    - offset: -0.04910016
    - vertices: p2734(v261) p2948(v194) p800(v138)
    - neighboring facets: f971 f1594 f1309
- f1314
    - flags: top simplicial
    - normal:       0.5 -2.888e-06    0.866
    - offset: -0.04803845
    - vertices: p939(v263) p2948(v194) p2595(v191)
    - neighboring facets: f970 f1315 f1317
- f1315
    - flags: top simplicial
    - normal:       0.5 -1.181e-06    0.866
    - offset: -0.04803839
    - vertices: p939(v263) p2595(v191) p412(v81)
    - neighboring facets: f970 f1316 f1314
- f1316
    - flags: bottom simplicial
    - normal:       0.5 -4.36e-07    0.866
    - offset: -0.04803837
    - vertices: p939(v263) p280(v223) p412(v81)
    - neighboring facets: f1117 f1315 f1318
- f1317
    - flags: bottom simplicial
    - normal:       0.5 -5.695e-06    0.866
    - offset: -0.04803861
    - vertices: p939(v263) p2948(v194) p2079(v40)
    - neighboring facets: f969 f1319 f1314
- f1318
    - flags: bottom simplicial
    - normal:       0.5 1.777e-07    0.866
    - offset: -0.04803851
    - vertices: p939(v263) p61(v260) p280(v223)
    - neighboring facets: f1297 f1316 f1320
- f1319
    - flags: top simplicial
    - normal:       0.5 -3.044e-07    0.866
    - offset: -0.04803869
    - vertices: p939(v263) p2978(v258) p2079(v40)
    - neighboring facets: f1288 f1317 f1320
- f1320
    - flags: top simplicial
    - normal:       0.5 -1.246e-07    0.866
    - offset: -0.04803865
    - vertices: p939(v263) p61(v260) p2978(v258)
    - neighboring facets: f1301 f1319 f1318
- f1321
    - flags: bottom simplicial
    - normal:         1 -0.005657 -0.00672
    - offset: -0.2004632
    - vertices: p1462(v264) p702(v161) p341(v2)
    - neighboring facets: f796 f1595 f1324
- f1324
    - flags: top simplicial
    - normal:    0.9998 -0.0004848 -0.02039
    - offset: -0.2012833
    - vertices: p1462(v264) p702(v161) p1456(v63)
    - neighboring facets: f796 f1326 f1321
- f1325
    - flags: bottom simplicial
    - normal:      0.72 -0.03687   -0.693
    - offset: -0.1902838
    - vertices: p1462(v264) p2226(v173) p2313(v108)
    - neighboring facets: f1478 f1327 f1328
- f1326
    - flags: top simplicial
    - normal:    0.9966 0.005049 -0.08282
    - offset: -0.2047175
    - vertices: p1462(v264) p1456(v63) p2896(v32)
    - neighboring facets: f533 f1327 f1324
- f1327
    - flags: bottom simplicial
    - normal:    0.9846 0.006813  -0.1749
    - offset:  -0.208405
    - vertices: p1462(v264) p2313(v108) p2896(v32)
    - neighboring facets: f1160 f1326 f1325
- f1328
    - flags: bottom simplicial
    - normal:    0.6282 -0.09569  -0.7722
    - offset: -0.1777699
    - center: 0.1980073948701223 -0.00759556672225396 -0.06819768995046617 
    - vertices: p1462(v264) p2173(v183) p2226(v173)
    - neighboring facets: f914 f1325 f1570
- f1330
    - flags: top simplicial
    - normal:   -0.5158  0.02719   0.8563
    - offset: -0.01108629
    - vertices: p2832(v265) p662(v91) p1748(v52)
    - neighboring facets: f444 f1331 f1332
- f1331
    - flags: bottom simplicial
    - normal:      -0.5 -4.89e-08    0.866
    - offset: -0.01095814
    - vertices: p2832(v265) p3271(v198) p1748(v52)
    - neighboring facets: f994 f1330 f1332
- f1332
    - flags: top simplicial
    - normal:   -0.5568 0.009575   0.8306
    - offset: -0.01095636
    - vertices: p2832(v265) p3271(v198) p662(v91)
    - neighboring facets: f992 f1330 f1331
- f1333
    - flags: bottom simplicial
    - normal:  -0.002663  -0.9955 -0.09512
    - offset: -0.02147858
    - vertices: p3351(v266) p2704(v202) p923(v74)
    - neighboring facets: f1008 f1334 f1600
- f1334
    - flags: top simplicial
    - normal:  -4.365e-05  -0.9728  -0.2315
    - offset: -0.03017254
    - vertices: p3351(v266) p3137(v246) p923(v74)
    - neighboring facets: f1608 f1333 f1606
- f1337
    - flags: top simplicial
    - normal:  8.114e-06  -0.9945  -0.1048
    - offset: -0.02194704
    - vertices: p3351(v266) p1428(v185) p3309(v130)
    - neighboring facets: f1231 f1605 f1912
- f1344
    - flags: top simplicial
    - normal:   -0.4186  -0.5491  -0.7234
    - offset: -0.09755949
    - vertices: p929(v268) p3760(v205) p2760(v142)
    - neighboring facets: f1027 f1760 f1842
- f1352
    - flags: top simplicial
    - normal:     0.323 -0.005277  -0.9464
    - offset: -0.1292048
    - center: 0.195831224322319 -0.005282107274979353 -0.06964994221925735 
    - vertices: p188(v270) p2173(v183) p24(v51)
    - neighboring facets: f914 f1620 f1569
- f1355
    - flags: bottom simplicial
    - normal:    0.3869 -8.781e-07  -0.9221
    - offset: -0.1399942
    - vertices: p2111(v271) p2226(v173) p24(v51)
    - neighboring facets: f914 f1622 f1357
- f1357
    - flags: bottom simplicial
    - normal:    0.3869 6.644e-08  -0.9221
    - offset: -0.1399942
    - vertices: p2111(v271) p2891(v206) p2226(v173)
    - neighboring facets: f1039 f1355 f1623
- f1365
    - flags: bottom simplicial
    - normal:  8.261e-05   0.1452  -0.9894
    - offset: -0.07102419
    - center: 0.1486632178227107 0.01252585804710785 -0.0699343979358673 
    - vertices: p3265(v273) p2566(v208) p455(v89)
    - neighboring facets: f1371 f1366 f1808
- f1366
    - flags: top simplicial
    - normal:  0.000101   0.1432  -0.9897
    - offset: -0.07102275
    - center: 0.1693895161151886 0.01235370462139447 -0.0699576362967491 
    - vertices: p3265(v273) p3759(v209) p455(v89)
    - neighboring facets: f1048 f1365 f1806
- f1371
    - flags: top simplicial
    - normal:  1.327e-05   0.2406  -0.9706
    - offset: -0.07091079
    - center: 0.0819864422082901 0.01270634774118662 -0.06990618010361989 
    - vertices: p1973(v274) p2566(v208) p455(v89)
    - neighboring facets: f1365 f1411 f1809
- f1392
    - flags: bottom simplicial
    - normal:        -1 -6.409e-07 2.677e-07
    - offset: -0.09999999
    - vertices: p2558(v278) p919(v143) p1987(v1)
    - neighboring facets: f1026 f1393 f1658
- f1393
    - flags: top simplicial
    - normal:        -1 7.849e-07 -3.278e-07
    - offset:       -0.1
    - vertices: p2558(v278) p522(v154) p1987(v1)
    - neighboring facets: f758 f1392 f1688
- f1396
    - flags: bottom simplicial
    - normal:   -0.8829  -0.2277  -0.4107
    - offset: -0.1178777
    - vertices: p3397(v279) p3760(v205) p919(v143)
    - neighboring facets: f1028 f1660 f1447
- f1405
    - flags: top simplicial
    - normal:  -6.948e-06   0.3158  -0.9488
    - offset: -0.07035853
    - vertices: p2106(v281) p3313(v216) p1431(v156)
    - neighboring facets: f1419 f1407 f1408
- f1406
    - flags: top simplicial
    - normal:  -0.0003225   0.3095  -0.9509
    - offset: -0.07044689
    - vertices: p2106(v281) p2764(v218) p3232(v29)
    - neighboring facets: f1090 f1410 f1407
- f1407
    - flags: bottom simplicial
    - normal:  -0.0002099   0.3156  -0.9489
    - offset: -0.07037658
    - vertices: p2106(v281) p2764(v218) p1431(v156)
    - neighboring facets: f1087 f1405 f1406
- f1408
    - flags: top simplicial
    - normal:  2.776e-05   0.2682  -0.9634
    - offset: -0.07075775
    - vertices: p2106(v281) p708(v280) p3313(v216)
    - neighboring facets: f1414 f1405 f1409
- f1409
    - flags: bottom simplicial
    - normal:  2.613e-05   0.2615  -0.9652
    - offset: -0.0707999
    - vertices: p2106(v281) p708(v280) p455(v89)
    - neighboring facets: f1416 f1411 f1408
- f1410
    - flags: bottom simplicial
    - normal:  -3.162e-08   0.2418  -0.9703
    - offset: -0.07090598
    - vertices: p2106(v281) p1973(v274) p3232(v29)
    - neighboring facets: f1637 f1406 f1411
- f1411
    - flags: top simplicial
    - normal:  1.376e-05   0.2436  -0.9699
    - offset: -0.07089693
    - vertices: p2106(v281) p1973(v274) p455(v89)
    - neighboring facets: f1371 f1409 f1410
- f1412
    - flags: bottom simplicial
    - normal:  3.486e-05   0.4207  -0.9072
    - offset: -0.06882537
    - vertices: p370(v282) p1026(v100) p3879(v6)
    - neighboring facets: f779 f1415 f1413
- f1413
    - flags: bottom simplicial
    - normal:  8.797e-06   0.3988   -0.917
    - offset: -0.06922141
    - vertices: p370(v282) p3313(v216) p1026(v100)
    - neighboring facets: f1418 f1412 f1414
- f1414
    - flags: bottom simplicial
    - normal:  0.000163   0.3138  -0.9495
    - offset: -0.07039744
    - vertices: p370(v282) p708(v280) p3313(v216)
    - neighboring facets: f1408 f1413 f1416
- f1415
    - flags: top simplicial
    - normal:  0.001053   0.3635  -0.9316
    - offset: -0.06994563
    - vertices: p370(v282) p455(v89) p3879(v6)
    - neighboring facets: f1171 f1412 f1416
- f1416
    - flags: top simplicial
    - normal:  0.0009201   0.3545  -0.9351
    - offset: -0.07004787
    - vertices: p370(v282) p708(v280) p455(v89)
    - neighboring facets: f1409 f1415 f1414
- f1417
    - flags: bottom simplicial
    - normal:  3.846e-07   0.3988   -0.917
    - offset: -0.06922152
    - vertices: p2129(v283) p1431(v156) p1026(v100)
    - neighboring facets: f1087 f1418 f1419
- f1418
    - flags: top simplicial
    - normal:  8.61e-06   0.3987  -0.9171
    - offset: -0.06922295
    - vertices: p2129(v283) p3313(v216) p1026(v100)
    - neighboring facets: f1413 f1417 f1419
- f1419
    - flags: bottom simplicial
    - normal:  8.036e-06   0.3972  -0.9177
    - offset: -0.06924849
    - vertices: p2129(v283) p3313(v216) p1431(v156)
    - neighboring facets: f1405 f1417 f1418
- f1422
    - flags: bottom simplicial
    - normal:  -1.957e-05   0.9718  -0.2358
    - offset: -0.03045156
    - vertices: p2919(v284) p924(v219) p2373(v158)
    - neighboring facets: f1424 f1432 f1428
- f1423
    - flags: top simplicial
    - normal:  -0.0004167   0.9687  -0.2483
    - offset: -0.03128561
    - vertices: p172(v285) p2373(v158) p2594(v101)
    - neighboring facets: f782 f1832 f1424
- f1424
    - flags: top simplicial
    - normal:  -2.079e-05   0.9718  -0.2358
    - offset: -0.03045538
    - vertices: p172(v285) p924(v219) p2373(v158)
    - neighboring facets: f1422 f1423 f1430
- f1428
    - flags: top simplicial
    - normal:  -8.242e-06   0.9717   -0.236
    - offset: -0.03046598
    - vertices: p1602(v286) p2919(v284) p924(v219)
    - neighboring facets: f1422 f1430 f1432
- f1430
    - flags: bottom simplicial
    - normal:  5.976e-06   0.9699  -0.2437
    - offset: -0.03095567
    - vertices: p1602(v286) p172(v285) p924(v219)
    - neighboring facets: f1424 f1428 f1664
- f1432
    - flags: bottom simplicial
    - normal:  -8.638e-06   0.9726  -0.2325
    - offset: -0.03024045
    - vertices: p1602(v286) p2919(v284) p2373(v158)
    - neighboring facets: f1422 f1669 f1428
- f1433
    - flags: bottom simplicial tested
    - normal:  -0.005688 0.0005682       -1
    - offset: -0.07053072
    - center: -0.09407929331064224 0.0006425137010713419 -0.06999634951353073 
    - vertices: p1950(v287) p1316(v221) p2985(v102)
    - neighboring facets: f1101 f1884 f1678
    - ridges:
- f1435
    - flags: top simplicial tested
    - normal:  -0.08806 -0.07716  -0.9931
    - offset: -0.07872249
    - center: -0.09459083527326584 -0.01206159312278032 -0.06994327157735825 
    - vertices: p1950(v287) p1608(v203) p2074(v13)
    - neighboring facets: f1613 f1439 f1834
- f1439
    - flags: bottom simplicial tested
    - normal:  -0.0001948 -0.007786       -1
    - offset: -0.07010421
    - center: -0.08526508510112762 -0.01177768191943566 -0.06999802589416504 
    - vertices: p1950(v287) p1597(v252) p2074(v13)
    - neighboring facets: f1560 f1435 f1980
    - ridges:
- f1447
    - flags: top simplicial
    - normal:   -0.7571 -0.006628  -0.6532
    - offset: -0.1197406
    - vertices: p2690(v288) p3397(v279) p3760(v205)
    - neighboring facets: f1396 f2006 f1683
- f1450
    - flags: top simplicial
    - normal:   -0.1753   0.6528   -0.737
    - offset: -0.07626773
    - vertices: p3076(v289) p3104(v157) p2594(v101)
    - neighboring facets: f1084 f1453 f1451
- f1451
    - flags: top simplicial
    - normal:   -0.1982   0.4722  -0.8589
    - offset: -0.08438003
    - vertices: p3076(v289) p1678(v222) p3104(v157)
    - neighboring facets: f1105 f1450 f1452
- f1452
    - flags: top simplicial
    - normal:   -0.3253   0.3514  -0.8779
    - offset: -0.09664063
    - vertices: p3076(v289) p2690(v288) p1678(v222)
    - neighboring facets: f2004 f1451 f1684
- f1453
    - flags: top simplicial
    - normal:   -0.2359   0.9286  -0.2866
    - offset: -0.05540228
    - vertices: p3076(v289) p2594(v101) p3906(v98)
    - neighboring facets: f1818 f1690 f1450
- f1458
    - flags: top simplicial
    - normal:    0.4977 0.004068   0.8673
    - offset: -0.04760225
    - vertices: p3806(v290) p3084(v163) p2469(v68)
    - neighboring facets: f803 f1459 f1460
- f1459
    - flags: bottom simplicial
    - normal:       0.5 1.707e-05    0.866
    - offset: -0.04803655
    - vertices: p3806(v290) p280(v223) p2469(v68)
    - neighboring facets: f1297 f1458 f1460
- f1460
    - flags: top simplicial
    - normal:    0.4974 0.003583   0.8675
    - offset: -0.04753533
    - vertices: p3806(v290) p280(v223) p3084(v163)
    - neighboring facets: f1113 f1458 f1459
- f1463
    - flags: bottom simplicial tested
    - normal:  1.92e-07        1 1.96e-06
    - offset: -0.01499994
    - center: 0.1642605463663737 0.01499999997516473 -0.04863224302728971 
    - vertices: p1092(v291) p895(v168) p602(v69)
    - neighboring facets: f1145 f1466 f1469
- f1464
    - flags: bottom simplicial tested
    - normal:  -3.223e-09        1 4.945e-06
    - offset: -0.01499976
    - center: 0.0442686527967453 0.01500000028560559 -0.04812867318590482 
    - vertices: p1092(v291) p2677(v232) p2745(v119)
    - neighboring facets: f1156 f1467 f2010
    - ridges:
- f1466
    - flags: bottom simplicial tested
    - normal:  5.918e-08        1 1.736e-07
    - offset:     -0.015
    - center: 0.1746888905763626 0.01500000028560559 -0.05277345329523087 
    - vertices: p1092(v291) p602(v69) p3606(v20)
    - neighboring facets: f822 f2009 f1463
    - ridges:
- f1467
    - flags: top simplicial tested
    - normal:  5.078e-06   0.9999  0.01216
    - offset: -0.01441435
    - center: 0.06588327139616013 0.01499955759694179 -0.04804481317599615 
    - vertices: p1092(v291) p1128(v228) p2745(v119)
    - neighboring facets: f1137 f1464 f1468
- f1468
    - flags: bottom simplicial tested
    - normal:  7.579e-05   0.9984  0.05681
    - offset: -0.01225387
    - center: 0.1260094506045183 0.01499246122936408 -0.04794654498497645 
    - vertices: p1092(v291) p1128(v228) p3901(v227)
    - neighboring facets: f1138 f1470 f1467
- f1469
    - flags: top simplicial tested
    - normal:  0.0004067   0.9988   0.0497
    - offset: -0.01265333
    - center: 0.1606032947699229 0.01499240690221389 -0.04800557593504588 
    - vertices: p1092(v291) p895(v168) p1091(v118)
    - neighboring facets: f1146 f1470 f1463
- f1470
    - flags: bottom simplicial tested
    - normal:  0.0001398   0.9984  0.05606
    - offset: -0.01230043
    - center: 0.1602775106827418 0.01498531053463618 -0.04786835238337517 
    - vertices: p1092(v291) p3901(v227) p1091(v118)
    - neighboring facets: f1134 f1469 f1468
- f1471
    - flags: bottom simplicial
    - normal:    0.9242  0.07996  -0.3736
    - offset: -0.2103446
    - vertices: p1572(v292) p557(v172) p2896(v32)
    - neighboring facets: f854 f1472 f1473
- f1472
    - flags: top simplicial
    - normal:    0.9689  0.01901  -0.2465
    - offset: -0.2101573
    - vertices: p1572(v292) p3472(v233) p2896(v32)
    - neighboring facets: f1160 f1471 f1473
- f1473
    - flags: bottom simplicial
    - normal:    0.8332 -0.0002143   -0.553
    - offset: -0.2035749
    - vertices: p1572(v292) p3472(v233) p557(v172)
    - neighboring facets: f1476 f1471 f1472
- f1474
    - flags: top simplicial
    - normal:    0.7086  0.05461  -0.7035
    - offset: -0.1894176
    - vertices: p2005(v293) p557(v172) p2143(v18)
    - neighboring facets: f854 f1475 f1476
- f1475
    - flags: bottom simplicial
    - normal:     0.592  0.03265  -0.8053
    - offset: -0.1729291
    - vertices: p2005(v293) p520(v234) p2143(v18)
    - neighboring facets: f1168 f1474 f1479
- f1476
    - flags: top simplicial
    - normal:    0.7785 -0.009562  -0.6276
    - offset: -0.1976138
    - vertices: p2005(v293) p3472(v233) p557(v172)
    - neighboring facets: f1473 f1474 f1477
- f1477
    - flags: bottom simplicial
    - normal:    0.7709 -0.01399  -0.6369
    - offset: -0.1966905
    - vertices: p2005(v293) p3472(v233) p2313(v108)
    - neighboring facets: f1160 f1478 f1476
- f1478
    - flags: top simplicial
    - normal:    0.7091 -0.02661  -0.7046
    - offset: -0.1888937
    - vertices: p2005(v293) p2226(v173) p2313(v108)
    - neighboring facets: f1325 f1477 f1479
- f1479
    - flags: top simplicial
    - normal:     0.706 -0.02611  -0.7077
    - offset: -0.1884986
    - vertices: p2005(v293) p520(v234) p2226(v173)
    - neighboring facets: f1167 f1478 f1475
- f1480
    - flags: top simplicial
    - normal:  1.903e-05   0.5345  -0.8452
    - offset: -0.06603361
    - vertices: p3091(v294) p3104(v157) p3879(v6)
    - neighboring facets: f779 f1481 f1482
- f1481
    - flags: bottom simplicial
    - normal:  0.0002413   0.5488  -0.8359
    - offset: -0.06562462
    - vertices: p3091(v294) p1393(v235) p3879(v6)
    - neighboring facets: f1171 f1480 f1482
- f1482
    - flags: top simplicial
    - normal:  2.496e-05    0.571  -0.8209
    - offset: -0.06484859
    - vertices: p3091(v294) p1393(v235) p3104(v157)
    - neighboring facets: f1483 f1480 f1481
- f1483
    - flags: bottom simplicial
    - normal:  2.218e-05   0.5771  -0.8167
    - offset: -0.06463536
    - vertices: p3699(v295) p1393(v235) p3104(v157)
    - neighboring facets: f1482 f1484 f1485
- f1484
    - flags: top simplicial
    - normal:  2.189e-05   0.5773  -0.8165
    - offset: -0.06462683
    - vertices: p3699(v295) p690(v236) p3104(v157)
    - neighboring facets: f1176 f1483 f1485
- f1485
    - flags: bottom simplicial
    - normal:  2.685e-05   0.5778  -0.8162
    - offset: -0.06461023
    - vertices: p3699(v295) p690(v236) p1393(v235)
    - neighboring facets: f1179 f1483 f1484
- f1487
    - flags: bottom simplicial
    - normal:  0.0001553   0.7621  -0.6475
    - offset: -0.05553447
    - vertices: p3747(v296) p860(v237) p2206(v123)
    - neighboring facets: f1183 f2001 f1695
- f1491
    - flags: bottom simplicial
    - normal:  2.035e-07    0.917  -0.3988
    - offset: -0.04071779
    - vertices: p1577(v297) p324(v238) p2594(v101)
    - neighboring facets: f1499 f1946 f1947
- f1493
    - flags: top simplicial
    - normal:   0.00108   0.8635  -0.5044
    - offset: -0.04731269
    - vertices: p1774(v298) p860(v237) p3624(v177)
    - neighboring facets: f1180 f1505 f1852
- f1498
    - flags: bottom simplicial
    - normal:  -0.02449   0.8081  -0.5885
    - offset: -0.05430885
    - vertices: p3060(v299) p925(v217) p2594(v101)
    - neighboring facets: f1084 f1499 f1500
- f1499
    - flags: top simplicial
    - normal:  -1.535e-07    0.917  -0.3988
    - offset: -0.0407187
    - vertices: p3060(v299) p324(v238) p2594(v101)
    - neighboring facets: f1491 f1498 f1949
- f1500
    - flags: top simplicial
    - normal:  -0.001807   0.8146    -0.58
    - offset: -0.05176688
    - vertices: p3060(v299) p925(v217) p293(v58)
    - neighboring facets: f1085 f1501 f1498
- f1501
    - flags: bottom simplicial
    - normal:  -0.000287   0.8195   -0.573
    - offset: -0.05122302
    - vertices: p3060(v299) p3002(v176) p293(v58)
    - neighboring facets: f876 f1500 f1854
- f1505
    - flags: top simplicial
    - normal:  3.836e-05   0.9049  -0.4256
    - offset: -0.04236979
    - vertices: p3060(v299) p1774(v298) p3624(v177)
    - neighboring facets: f1493 f1948 f1851
- f1510
    - flags: top simplicial
    - normal:  2.335e-08       -1 2.09e-06
    - offset: -0.0149999
    - center: 0.1368254621823629 -0.01499999966472387 -0.04865249122182528 
    - vertices: p1014(v301) p157(v239) p2280(v184)
    - neighboring facets: f1519 f1863 f1512
- f1512
    - flags: bottom simplicial
    - normal:  3.666e-05       -1 0.007221
    - offset: -0.01465519
    - vertices: p1014(v301) p157(v239) p2926(v73)
    - neighboring facets: f1192 f1859 f1510
- f1513
    - flags: top simplicial tested
    - normal:   0.01873  -0.9938     0.11
    - offset: -0.01269741
    - center: 0.1690477182467779 -0.01494196554025014 -0.04835004111131033 
    - vertices: p2603(v302) p157(v239) p2593(v179)
    - neighboring facets: f1193 f1514 f1519
- f1514
    - flags: top simplicial tested
    - normal:    0.0451  -0.9849   0.1674
    - offset: -0.01427527
    - center: 0.1707697113355001 -0.01477149780839682 -0.04762390876809756 
    - vertices: p2603(v302) p2593(v179) p2683(v125)
    - neighboring facets: f887 f1515 f1513
- f1515
    - flags: bottom simplicial tested
    - normal:   0.07081  -0.9827   0.1712
    - offset: -0.01849903
    - center: 0.1766753594080607 -0.01478972503294547 -0.04991284012794495 
    - vertices: p2603(v302) p93(v240) p2683(v125)
    - neighboring facets: f1200 f1514 f1705
- f1519
    - flags: bottom simplicial tested
    - normal:  2.411e-08       -1 2.07e-06
    - offset: -0.0149999
    - center: 0.1630773097276688 -0.01499999997516473 -0.04909805953502655 
    - vertices: p2603(v302) p157(v239) p2280(v184)
    - neighboring facets: f1510 f2017 f1513
    - ridges:
- f1520
    - flags: bottom simplicial
    - normal:  1.946e-07   -0.966  -0.2586
    - offset: -0.0319052
    - vertices: p1540(v303) p3402(v182) p3309(v130)
    - neighboring facets: f1233 f1607 f1521
- f1521
    - flags: bottom simplicial
    - normal:  9.614e-08  -0.9659  -0.2588
    - offset: -0.03191955
    - vertices: p1540(v303) p284(v243) p3402(v182)
    - neighboring facets: f1214 f1520 f1611
- f1528
    - flags: bottom simplicial tested
    - normal:    0.2853  -0.9098   0.3014
    - offset: -0.05045129
    - center: 0.1955465227365494 -0.01460208650678396 -0.06176848337054253 
    - vertices: p1255(v304) p2409(v196) p2585(v21)
    - neighboring facets: f1707 f1711 f1787
- f1529
    - flags: top simplicial tested
    - normal:    0.1083  -0.9939 -0.01903
    - offset: -0.03741602
    - center: 0.1967361619075139 -0.01495824878414472 -0.06547949214776357 
    - vertices: p1255(v304) p3610(v257) p3663(v129)
    - neighboring facets: f1277 f2020 f1786
    - ridges:
- f1540
    - flags: top simplicial tested
    - normal:  0.002746 -0.02137  -0.9998
    - offset: -0.07073529
    - center: 0.1861526072025299 -0.01161675279339155 -0.06999212503433229 
    - vertices: p3322(v306) p1978(v187) p3187(v131)
    - neighboring facets: f1978 f1726 f1566
    - ridges:
- f1541
    - flags: bottom simplicial tested
    - normal:  0.0005976  -0.1648  -0.9863
    - offset: -0.07115332
    - center: 0.1789898574352264 -0.01246398501098156 -0.06994871546824774 
    - vertices: p3322(v306) p506(v249) p2827(v186)
    - neighboring facets: f1919 f1545 f1543
- f1543
    - flags: top simplicial tested
    - normal:   0.00429   -0.193  -0.9812
    - offset: -0.07182961
    - center: 0.1860885967810949 -0.01264939860751232 -0.06990492592255275 
    - vertices: p3322(v306) p506(v249) p3378(v76)
    - neighboring facets: f1736 f1565 f1541
- f1545
    - flags: top simplicial tested
    - normal:  8.209e-08  -0.0872  -0.9962
    - offset: -0.07077976
    - center: 0.1627856989701589 -0.01225836761295796 -0.06997739523649217 
    - vertices: p3322(v306) p1350(v248) p2827(v186)
    - neighboring facets: f1798 f1541 f1727
- f1559
    - flags: bottom simplicial
    - normal:  -3.007e-08 -0.08718  -0.9962
    - offset: -0.07077965
    - vertices: p667(v310) p1350(v248) p2074(v13)
    - neighboring facets: f1618 f1560 f1561
- f1560
    - flags: top simplicial
    - normal:  -3.746e-05 -0.05383  -0.9986
    - offset: -0.07054569
    - vertices: p667(v310) p1597(v252) p2074(v13)
    - neighboring facets: f1439 f1559 f1561
- f1561
    - flags: bottom simplicial
    - normal:  4.099e-06 -0.05984  -0.9982
    - offset: -0.07059096
    - vertices: p667(v310) p1597(v252) p1350(v248)
    - neighboring facets: f1257 f1559 f1560
- f1565
    - flags: top simplicial tested
    - normal:   0.01083  -0.1822  -0.9832
    - offset: -0.07305912
    - center: 0.1898198475440343 -0.01282209406296412 -0.06984089811642964 
    - vertices: p2721(v311) p3322(v306) p3378(v76)
    - neighboring facets: f1543 f1733 f1566
- f1566
    - flags: bottom simplicial tested
    - normal:    0.0242 -0.07539  -0.9969
    - offset: -0.07520193
    - center: 0.1907905687888463 -0.01204043161123991 -0.06989703327417374 
    - vertices: p2721(v311) p3322(v306) p1978(v187)
    - neighboring facets: f1540 f1567 f1565
- f1567
    - flags: top simplicial tested
    - normal:   0.06455 -0.01756  -0.9978
    - offset: -0.08235421
    - center: 0.1928359021743139 -0.009028177708387375 -0.06990491598844528 
    - vertices: p2721(v311) p2366(v309) p1978(v187)
    - neighboring facets: f1977 f1566 f1573
    - ridges:
- f1568
    - flags: bottom simplicial tested
    - normal:    0.1067  -0.8307  -0.5463
    - offset: -0.06984257
    - center: 0.1942182381947835 -0.01406959071755409 -0.06849943846464157 
    - vertices: p2721(v311) p3610(v257) p318(v190)
    - neighboring facets: f1278 f1731 f1571
- f1569
    - flags: bottom simplicial tested
    - normal:    0.1787 -0.01923  -0.9837
    - offset:  -0.103622
    - center: 0.1954017678896586 -0.007702891249209642 -0.06968338539203008 
    - vertices: p2721(v311) p188(v270) p2173(v183)
    - neighboring facets: f1352 f1570 f1572
- f1570
    - flags: top simplicial tested
    - normal:    0.6055   -0.187  -0.7736
    - offset: -0.1742473
    - center: 0.1969180603822072 -0.01081955215583245 -0.06850799173116684 
    - vertices: p2721(v311) p1462(v264) p2173(v183)
    - neighboring facets: f1328 f1569 f1571
- f1571
    - flags: bottom simplicial tested
    - normal:    0.6323   -0.298  -0.7151
    - offset: -0.1768656
    - center: 0.1972989539305369 -0.01273764204233885 -0.06755954772233963 
    - vertices: p2721(v311) p1462(v264) p3610(v257)
    - neighboring facets: f1783 f1568 f1570
- f1572
    - flags: top simplicial tested
    - normal:    0.1563 -0.01785  -0.9875
    - offset: -0.09950895
    - center: 0.1950425704320272 -0.00403444926875333 -0.06981635838747023 
    - vertices: p2721(v311) p188(v270) p3782(v144)
    - neighboring facets: f1625 f1573 f1569
- f1573
    - flags: bottom simplicial tested
    - normal:   0.07571 -0.01565   -0.997
    - offset: -0.08444793
    - center: 0.1942170560359955 -0.004855090519413352 -0.06987779090801875 
    - vertices: p2721(v311) p2366(v309) p3782(v144)
    - neighboring facets: f1740 f1572 f1567
- f1579
    - flags: top simplicial
    - normal:  -1.435e-08  -0.7071  -0.7071
    - offset: -0.05884911
    - vertices: p2845(v313) p2246(v256) p318(v190)
    - neighboring facets: f1767 f1895 f1774
- f1592
    - flags: bottom simplicial
    - normal:     0.483  -0.2588   0.8365
    - offset: -0.04959838
    - vertices: p3095(v316) p800(v138) p1715(v137)
    - neighboring facets: f990 f1593 f1594
- f1593
    - flags: top simplicial
    - normal:     0.483  -0.2587   0.8365
    - offset: -0.04959859
    - vertices: p3095(v316) p2734(v261) p1715(v137)
    - neighboring facets: f1309 f1592 f1594
- f1594
    - flags: bottom simplicial
    - normal:    0.4834  -0.2555   0.8373
    - offset: -0.04959528
    - vertices: p3095(v316) p2734(v261) p800(v138)
    - neighboring facets: f1310 f1592 f1593
- f1595
    - flags: bottom simplicial
    - normal:    0.9968 -0.07898  0.01032
    - offset: -0.1994481
    - vertices: p2500(v317) p1462(v264) p341(v2)
    - neighboring facets: f1321 f1596 f1784
- f1596
    - flags: top simplicial
    - normal:    0.9867  -0.1304  0.09698
    - offset: -0.1924969
    - vertices: p2500(v317) p2160(v109) p341(v2)
    - neighboring facets: f531 f1595 f1597
- f1597
    - flags: top simplicial
    - normal:    0.9797  -0.1523   0.1302
    - offset: -0.1892401
    - vertices: p2500(v317) p2409(v196) p2160(v109)
    - neighboring facets: f984 f1596 f1779
- f1600
    - flags: top simplicial
    - normal:  -0.0005582  -0.9987 -0.05012
    - offset: -0.01835741
    - center: -0.06982728093862534 -0.01498660321036975 -0.0668594886859258 
    - vertices: p408(v318) p3351(v266) p2704(v202)
    - neighboring facets: f1333 f1968 f1791
- f1605
    - flags: top simplicial
    - normal:  -2.922e-05  -0.9784  -0.2069
    - offset: -0.02859358
    - vertices: p3434(v319) p3351(v266) p3309(v130)
    - neighboring facets: f1337 f1607 f1606
- f1606
    - flags: bottom simplicial
    - normal:  -3.969e-05  -0.9741  -0.2262
    - offset: -0.02983422
    - vertices: p3434(v319) p3351(v266) p3137(v246)
    - neighboring facets: f1334 f1608 f1605
- f1607
    - flags: bottom simplicial
    - normal:  1.697e-09   -0.966  -0.2586
    - offset: -0.03190969
    - vertices: p3434(v319) p1540(v303) p3309(v130)
    - neighboring facets: f1520 f1605 f1611
- f1608
    - flags: bottom simplicial
    - normal:  -4.592e-07   -0.966  -0.2585
    - offset: -0.0319012
    - vertices: p3434(v319) p3137(v246) p923(v74)
    - neighboring facets: f1334 f1609 f1606
- f1609
    - flags: top simplicial
    - normal:  -1.546e-08  -0.9659  -0.2588
    - offset: -0.03191923
    - vertices: p3434(v319) p48(v253) p923(v74)
    - neighboring facets: f1259 f1608 f1610
- f1610
    - flags: bottom simplicial
    - normal:  -1.82e-10  -0.9659  -0.2588
    - offset: -0.03191968
    - vertices: p3434(v319) p48(v253) p284(v243)
    - neighboring facets: f1260 f1611 f1609
- f1611
    - flags: top simplicial
    - normal:  2.711e-08  -0.9659  -0.2588
    - offset: -0.03191949
    - vertices: p3434(v319) p1540(v303) p284(v243)
    - neighboring facets: f1521 f1610 f1607
- f1613
    - flags: bottom simplicial
    - normal:  -0.003269  -0.1993  -0.9799
    - offset: -0.07130196
    - vertices: p1632(v320) p1608(v203) p2074(v13)
    - neighboring facets: f1435 f1618 f1930
- f1618
    - flags: top simplicial
    - normal:  -3.114e-08  -0.0872  -0.9962
    - offset: -0.07077975
    - vertices: p1632(v320) p1350(v248) p2074(v13)
    - neighboring facets: f1559 f1613 f1800
- f1620
    - flags: top simplicial
    - normal:    0.3489 -0.002394  -0.9371
    - offset: -0.1336201
    - vertices: p1744(v321) p188(v270) p24(v51)
    - neighboring facets: f1352 f1622 f1621
- f1621
    - flags: bottom simplicial
    - normal:     0.348 -6.659e-05  -0.9375
    - offset: -0.1334611
    - vertices: p1744(v321) p188(v270) p2891(v206)
    - neighboring facets: f1801 f1623 f1620
- f1622
    - flags: bottom simplicial
    - normal:    0.3869 -2.77e-07  -0.9221
    - offset: -0.1399938
    - vertices: p1744(v321) p2111(v271) p24(v51)
    - neighboring facets: f1355 f1620 f1623
- f1623
    - flags: top simplicial
    - normal:    0.3869 -9.281e-08  -0.9221
    - offset: -0.1399939
    - vertices: p1744(v321) p2111(v271) p2891(v206)
    - neighboring facets: f1357 f1621 f1622
- f1625
    - flags: bottom simplicial
    - normal:       0.2 -0.01185  -0.9797
    - offset: -0.1074867
    - vertices: p3286(v322) p188(v270) p3782(v144)
    - neighboring facets: f1572 f1804 f1802
- f1634
    - flags: bottom simplicial tested
    - normal:  6.315e-05  0.05515  -0.9985
    - offset: -0.0705619
    - center: 0.1536461214224497 0.01201884138087432 -0.06999591241280237 
    - vertices: p361(v324) p3759(v209) p909(v59)
    - neighboring facets: f1047 f1885 f1805
    - ridges:
- f1637
    - flags: top simplicial
    - normal:  -2.226e-06   0.2411  -0.9705
    - offset: -0.07090949
    - center: -0.07740599413712819 0.01279398923118909 -0.06988636404275894 
    - vertices: p135(v325) p1973(v274) p3232(v29)
    - neighboring facets: f1410 f1812 f1810
- f1646
    - flags: bottom simplicial tested
    - normal:  -0.0001023   0.9989 -0.04749
    - offset: -0.01817111
    - center: -0.08343501885732015 0.01499619365980228 -0.06702453394730885 
    - vertices: p1927(v327) p598(v96) p476(v15)
    - neighboring facets: f1098 f1813 f1657
- f1653
    - flags: bottom simplicial tested
    - normal:  -7.69e-09        1 -1.308e-05
    - offset: -0.01500088
    - center: -0.008064826329549154 0.01500000028560559 -0.06692974269390106 
    - vertices: p968(v328) p1927(v327) p2420(v277)
    - neighboring facets: f1940 f2015 f1657
    - ridges:
- f1655
    - flags: top simplicial tested
    - normal:     2e-05   0.9973 -0.07325
    - offset: -0.01986874
    - center: 0.1446003690361977 0.0149938299631079 -0.06706595917542775 
    - vertices: p968(v328) p3702(v153) p2257(v71)
    - neighboring facets: f1095 f1990 f1656
- f1656
    - flags: bottom simplicial tested
    - normal:  3.132e-06   0.9977  -0.0683
    - offset: -0.01954035
    - center: 0.05743019034465154 0.01499783465017875 -0.06702122340599696 
    - vertices: p968(v328) p3702(v153) p598(v96)
    - neighboring facets: f1099 f1657 f1655
- f1657
    - flags: top simplicial tested
    - normal:  -6.707e-06   0.9997 -0.02545
    - offset: -0.01669904
    - center: -0.009814659754435221 0.01499918227394422 -0.06698200354973476 
    - vertices: p968(v328) p1927(v327) p598(v96)
    - neighboring facets: f1646 f1656 f1653
- f1658
    - flags: top simplicial
    - normal:        -1 -5.522e-07 -2.541e-06
    - offset: -0.1000002
    - vertices: p1629(v329) p2558(v278) p919(v143)
    - neighboring facets: f1392 f1660 f1686
- f1660
    - flags: bottom simplicial
    - normal:   -0.9875 -0.03351  -0.1542
    - offset: -0.1092915
    - vertices: p1629(v329) p3397(v279) p919(v143)
    - neighboring facets: f1396 f1658 f1661
- f1661
    - flags: top simplicial
    - normal:   -0.9911 -0.01366  -0.1327
    - offset: -0.1080201
    - vertices: p1629(v329) p3397(v279) p1389(v214)
    - neighboring facets: f1682 f1685 f1660
- f1662
    - flags: top simplicial
    - normal:  0.001266   0.9566  -0.2914
    - offset: -0.03415329
    - vertices: p3030(v330) p3624(v177) p2257(v71)
    - neighboring facets: f1180 f1663 f1831
- f1663
    - flags: bottom simplicial
    - normal:  0.0009447   0.9663  -0.2576
    - offset: -0.03196316
    - vertices: p3030(v330) p1602(v286) p2257(v71)
    - neighboring facets: f1668 f1662 f1664
- f1664
    - flags: top simplicial
    - normal:  3.491e-05   0.9659  -0.2588
    - offset: -0.03192119
    - vertices: p3030(v330) p1602(v286) p172(v285)
    - neighboring facets: f1430 f1833 f1663
- f1667
    - flags: bottom simplicial
    - normal:  1.488e-05   0.9959 -0.09064
    - offset: -0.02101465
    - vertices: p627(v331) p2373(v158) p2257(v71)
    - neighboring facets: f1096 f1668 f1669
- f1668
    - flags: top simplicial
    - normal:  0.0002033   0.9909  -0.1347
    - offset: -0.0239361
    - vertices: p627(v331) p1602(v286) p2257(v71)
    - neighboring facets: f1663 f1667 f1669
- f1669
    - flags: bottom simplicial
    - normal:  -5.179e-06   0.9751   -0.222
    - offset: -0.02956801
    - vertices: p627(v331) p1602(v286) p2373(v158)
    - neighboring facets: f1432 f1667 f1668
- f1678
    - flags: top simplicial
    - normal:   -0.1432 -0.001871  -0.9897
    - offset: -0.08285084
    - vertices: p2699(v333) p1950(v287) p1316(v221)
    - neighboring facets: f1433 f1847 f1836
- f1682
    - flags: bottom simplicial
    - normal:   -0.9666 0.0003591  -0.2564
    - offset: -0.1138017
    - vertices: p959(v334) p3397(v279) p1389(v214)
    - neighboring facets: f1661 f1685 f1683
- f1683
    - flags: bottom simplicial
    - normal:   -0.8523 0.007531   -0.523
    - offset: -0.1203258
    - vertices: p959(v334) p2690(v288) p3397(v279)
    - neighboring facets: f1447 f1682 f1684
- f1684
    - flags: bottom simplicial
    - normal:   -0.8439  0.09366  -0.5282
    - offset: -0.1208384
    - vertices: p959(v334) p3076(v289) p2690(v288)
    - neighboring facets: f1452 f1683 f1690
- f1685
    - flags: top simplicial
    - normal:   -0.9953 -0.002078 -0.09651
    - offset: -0.1059349
    - vertices: p959(v334) p1629(v329) p1389(v214)
    - neighboring facets: f1661 f1682 f1686
- f1686
    - flags: bottom simplicial
    - normal:   -0.9998 0.0009579 -0.02201
    - offset: -0.1014211
    - vertices: p959(v334) p1629(v329) p2558(v278)
    - neighboring facets: f1658 f1688 f1685
- f1687
    - flags: top simplicial
    - normal:    -0.975   0.2221 0.007727
    - offset: -0.0995209
    - vertices: p959(v334) p845(v215) p522(v154)
    - neighboring facets: f1075 f1688 f1689
- f1688
    - flags: bottom simplicial
    - normal:   -0.9999 0.002385 -0.01092
    - offset: -0.1007126
    - vertices: p959(v334) p2558(v278) p522(v154)
    - neighboring facets: f1393 f1687 f1686
- f1689
    - flags: bottom simplicial
    - normal:    -0.939    0.294  -0.1786
    - offset: -0.1092384
    - vertices: p959(v334) p845(v215) p3906(v98)
    - neighboring facets: f1074 f1690 f1687
- f1690
    - flags: top simplicial
    - normal:   -0.9354   0.2957  -0.1939
    - offset: -0.1099257
    - vertices: p959(v334) p3076(v289) p3906(v98)
    - neighboring facets: f1453 f1689 f1684
- f1693
    - flags: top simplicial
    - normal:  3.579e-05   0.7338  -0.6794
    - offset: -0.0573176
    - vertices: p182(v335) p3184(v155) p2206(v123)
    - neighboring facets: f872 f2002 f1694
- f1694
    - flags: top simplicial
    - normal:  3.246e-05   0.7368  -0.6761
    - offset: -0.05713754
    - vertices: p182(v335) p3002(v176) p3184(v155)
    - neighboring facets: f876 f1693 f2000
- f1695
    - flags: top simplicial
    - normal:  -9.756e-09   0.8192  -0.5736
    - offset: -0.05124699
    - vertices: p1861(v336) p3747(v296) p860(v237)
    - neighboring facets: f1487 f1853 f1962
- f1703
    - flags: top simplicial tested
    - normal:  -9.915e-09       -1 5.835e-07
    - offset: -0.01499997
    - center: -0.03874798739949862 -0.01500000028560559 -0.04869226117928823 
    - vertices: p980(v337) p1766(v305) p963(v181)
    - neighboring facets: f1715 f1857 f2023
    - ridges:
- f1704
    - flags: bottom simplicial
    - normal:    0.0135  -0.9995  0.02735
    - offset: -0.01597211
    - center: 0.1842230806748072 -0.01499453963090976 -0.05495810632904371 
    - vertices: p3111(v338) p2603(v302) p2585(v21)
    - neighboring facets: f1713 f1707 f1705
- f1705
    - flags: top simplicial
    - normal:    0.0411  -0.9953   0.0877
    - offset: -0.01768874
    - vertices: p3111(v338) p2603(v302) p93(v240)
    - neighboring facets: f1515 f1706 f1704
- f1706
    - flags: top simplicial
    - normal:    0.1275  -0.9707   0.2034
    - offset: -0.02707337
    - vertices: p3111(v338) p93(v240) p1928(v180)
    - neighboring facets: f1201 f1708 f1705
- f1707
    - flags: top simplicial
    - normal:    0.3033  -0.8901   0.3401
    - offset: -0.05132983
    - vertices: p3111(v338) p2409(v196) p2585(v21)
    - neighboring facets: f1528 f1704 f1709
- f1708
    - flags: top simplicial
    - normal:    0.3082  -0.8837   0.3521
    - offset: -0.05147809
    - vertices: p3111(v338) p1928(v180) p1715(v137)
    - neighboring facets: f896 f1709 f1706
- f1709
    - flags: bottom simplicial
    - normal:    0.3082  -0.8848   0.3495
    - offset: -0.05164041
    - vertices: p3111(v338) p2409(v196) p1715(v137)
    - neighboring facets: f979 f1708 f1707
- f1711
    - flags: bottom simplicial tested
    - normal:  7.972e-07       -1 1.007e-06
    - offset: -0.01500009
    - center: 0.1936466197172801 -0.01500000028560559 -0.06132271389166514 
    - vertices: p21(v339) p1255(v304) p2585(v21)
    - neighboring facets: f1528 f1713 f2019
    - ridges:
- f1713
    - flags: top simplicial tested
    - normal:  3.459e-07       -1 5.95e-07
    - offset: -0.01500003
    - center: 0.185703232884407 -0.01500000028560559 -0.05649908011158308 
    - vertices: p21(v339) p2603(v302) p2585(v21)
    - neighboring facets: f1704 f1711 f2021
    - ridges:
- f1714
    - flags: top simplicial
    - normal:  -1.517e-07       -1 8.927e-07
    - offset: -0.01499997
    - center: -0.06927561014890671 -0.01499999997516473 -0.04936399683356285 
    - vertices: p1372(v340) p1766(v305) p2967(v86)
    - neighboring facets: f1719 f1716 f1715
- f1715
    - flags: bottom simplicial
    - normal:  -7.6e-08       -1 7.658e-07
    - offset: -0.01499997
    - vertices: p1372(v340) p1766(v305) p963(v181)
    - neighboring facets: f1703 f1717 f1714
- f1716
    - flags: top simplicial
    - normal:  -0.01456  -0.9962  0.08569
    - offset: -0.01175158
    - vertices: p1372(v340) p2967(v86) p3611(v12)
    - neighboring facets: f681 f1717 f1714
- f1717
    - flags: bottom simplicial
    - normal:  -0.007739  -0.9969  0.07798
    - offset: -0.01169273
    - vertices: p1372(v340) p963(v181) p3611(v12)
    - neighboring facets: f904 f1716 f1715
- f1718
    - flags: top simplicial tested
    - normal:  -1.333e-07       -1 2.289e-07
    - offset:     -0.015
    - center: -0.08647947013378143 -0.01499999997516473 -0.05767428254087766 
    - vertices: p1578(v341) p3391(v141) p2967(v86)
    - neighboring facets: f683 f1719 f1720
- f1719
    - flags: bottom simplicial tested
    - normal:  -1.18e-07       -1 2.108e-07
    - offset:     -0.015
    - center: -0.07818585882584254 -0.01500000028560559 -0.05438252910971642 
    - vertices: p1578(v341) p1766(v305) p2967(v86)
    - neighboring facets: f1714 f1718 f2024
    - ridges:
- f1720
    - flags: top simplicial tested
    - normal:  -1.743e-07       -1 2.224e-07
    - offset:     -0.015
    - center: -0.09252500037352245 -0.01499999997516473 -0.06132302929957708 
    - vertices: p1578(v341) p737(v200) p3391(v141)
    - neighboring facets: f1002 f1718 f1721
- f1721
    - flags: bottom simplicial tested
    - normal:  -2.031e-07       -1 1.898e-07
    - offset: -0.01500001
    - center: -0.09364204108715057 -0.01499999997516473 -0.06233599409461021 
    - vertices: p1578(v341) p737(v200) p2722(v7)
    - neighboring facets: f1001 f1865 f1720
- f1725
    - flags: bottom simplicial
    - normal:  4.174e-05 -0.06651  -0.9978
    - offset: -0.07064707
    - vertices: p2294(v342) p1350(v248) p3187(v131)
    - neighboring facets: f1257 f1726 f1727
- f1726
    - flags: top simplicial
    - normal:  0.0004163 -0.06491  -0.9979
    - offset: -0.07070304
    - vertices: p2294(v342) p3322(v306) p3187(v131)
    - neighboring facets: f1540 f1725 f1727
- f1727
    - flags: bottom simplicial
    - normal:  8.555e-08  -0.0872  -0.9962
    - offset: -0.07077975
    - vertices: p2294(v342) p3322(v306) p1350(v248)
    - neighboring facets: f1545 f1725 f1726
- f1731
    - flags: bottom simplicial
    - normal:   0.00333  -0.5679  -0.8231
    - offset: -0.06553626
    - vertices: p3509(v343) p2721(v311) p318(v190)
    - neighboring facets: f1568 f1750 f1733
- f1733
    - flags: top simplicial
    - normal:  0.0008242  -0.4232   -0.906
    - offset: -0.06891754
    - vertices: p3509(v343) p2721(v311) p3378(v76)
    - neighboring facets: f1565 f1973 f1731
- f1734
    - flags: bottom simplicial
    - normal:  6.964e-08  -0.2587  -0.9659
    - offset: -0.07081193
    - vertices: p2388(v344) p1707(v308) p506(v249)
    - neighboring facets: f1921 f1736 f1735
- f1735
    - flags: top simplicial
    - normal:  1.271e-08  -0.2588  -0.9659
    - offset: -0.07081185
    - vertices: p2388(v344) p1707(v308) p3912(v307)
    - neighboring facets: f1923 f1737 f1734
- f1736
    - flags: bottom simplicial
    - normal:  3.349e-07  -0.2587  -0.9659
    - offset: -0.07081193
    - vertices: p2388(v344) p506(v249) p3378(v76)
    - neighboring facets: f1543 f1737 f1734
- f1737
    - flags: top simplicial
    - normal:  3.03e-07  -0.2588  -0.9659
    - offset: -0.07081191
    - vertices: p2388(v344) p3912(v307) p3378(v76)
    - neighboring facets: f1972 f1736 f1735
- f1739
    - flags: bottom simplicial tested
    - normal:   0.03106 0.003825  -0.9995
    - offset: -0.07594966
    - center: 0.1928883691628774 0.005441333865746856 -0.06997288266817729 
    - vertices: p2543(v345) p417(v250) p3782(v144)
    - neighboring facets: f1248 f1740 f1974
    - ridges:
- f1740
    - flags: top simplicial tested
    - normal:   0.03064 0.003143  -0.9995
    - offset: -0.07586781
    - center: 0.193418025970459 0.0007592809852212667 -0.06997288266817728 
    - vertices: p2543(v345) p2366(v309) p3782(v144)
    - neighboring facets: f1573 f1739 f1976
    - ridges:
- f1741
    - flags: top simplicial
    - normal:  -1.571e-08  -0.9063  -0.4226
    - offset: -0.04218043
    - vertices: p1714(v346) p3922(v189) p479(v39)
    - neighboring facets: f1258 f1742 f1743
- f1742
    - flags: bottom simplicial
    - normal:  -9.244e-09  -0.9063  -0.4226
    - offset: -0.04218049
    - vertices: p1714(v346) p3386(v312) p479(v39)
    - neighboring facets: f1766 f1741 f1743
- f1743
    - flags: top simplicial
    - normal:  -1.667e-08  -0.9063  -0.4226
    - offset: -0.04218063
    - vertices: p1714(v346) p3386(v312) p3922(v189)
    - neighboring facets: f1744 f1741 f1742
- f1744
    - flags: bottom simplicial
    - normal:  -4.545e-08  -0.9063  -0.4227
    - offset: -0.04218327
    - vertices: p2395(v347) p3386(v312) p3922(v189)
    - neighboring facets: f1743 f1892 f1745
- f1745
    - flags: top simplicial
    - normal:  4.039e-05  -0.8788  -0.4771
    - offset: -0.0455084
    - vertices: p2395(v347) p3386(v312) p1784(v255)
    - neighboring facets: f1762 f1889 f1744
- f1750
    - flags: bottom simplicial
    - normal:  0.002664  -0.5766   -0.817
    - offset: -0.06511131
    - vertices: p881(v348) p3509(v343) p318(v190)
    - neighboring facets: f1731 f1896 f1751
- f1751
    - flags: top simplicial
    - normal:  0.0004717  -0.5625  -0.8268
    - offset: -0.06521475
    - vertices: p881(v348) p3509(v343) p931(v254)
    - neighboring facets: f1873 f1898 f1750
- f1752
    - flags: top simplicial
    - normal:  -8.593e-05  -0.4798  -0.8774
    - offset: -0.06752341
    - vertices: p2534(v349) p931(v254) p3569(v132)
    - neighboring facets: f1871 f1928 f1899
- f1756
    - flags: bottom simplicial
    - normal:  -0.08427    -0.61  -0.7879
    - offset: -0.07086778
    - vertices: p2534(v349) p929(v268) p1608(v203)
    - neighboring facets: f1840 f1929 f1760
- f1760
    - flags: top simplicial
    - normal:   -0.1223  -0.7343  -0.6677
    - offset: -0.06772882
    - vertices: p2534(v349) p929(v268) p2760(v142)
    - neighboring facets: f1344 f1778 f1756
- f1762
    - flags: bottom simplicial
    - normal:    0.0016  -0.8549  -0.5188
    - offset: -0.04827666
    - vertices: p2484(v350) p3386(v312) p1784(v255)
    - neighboring facets: f1745 f1890 f1766
- f1765
    - flags: bottom simplicial
    - normal:  0.005112   -0.852  -0.5235
    - offset: -0.04918153
    - vertices: p2484(v350) p318(v190) p479(v39)
    - neighboring facets: f949 f1766 f1907
- f1766
    - flags: top simplicial
    - normal:  0.003113  -0.8608   -0.509
    - offset: -0.04795459
    - vertices: p2484(v350) p3386(v312) p479(v39)
    - neighboring facets: f1742 f1765 f1762
- f1767
    - flags: bottom simplicial
    - normal:  -6.589e-09  -0.7071  -0.7071
    - offset: -0.05884847
    - vertices: p3752(v351) p2246(v256) p318(v190)
    - neighboring facets: f1579 f1905 f1769
- f1769
    - flags: bottom simplicial
    - normal:  8.435e-07  -0.7122   -0.702
    - offset: -0.05857086
    - vertices: p3752(v351) p1356(v315) p2246(v256)
    - neighboring facets: f1770 f1767 f1906
- f1770
    - flags: top simplicial
    - normal:  -7.32e-05   -0.773  -0.6344
    - offset: -0.05477257
    - vertices: p57(v352) p1356(v315) p2246(v256)
    - neighboring facets: f1769 f1774 f1985
- f1771
    - flags: bottom simplicial
    - normal:  -9.089e-05  -0.8653  -0.5013
    - offset: -0.04694852
    - vertices: p57(v352) p3526(v314) p3922(v189)
    - neighboring facets: f1891 f1776 f1893
- f1774
    - flags: bottom simplicial
    - normal:  -0.001065  -0.7298  -0.6836
    - offset: -0.05762409
    - vertices: p57(v352) p2845(v313) p2246(v256)
    - neighboring facets: f1579 f1770 f1775
- f1775
    - flags: bottom simplicial
    - normal:  -0.003136  -0.7023  -0.7119
    - offset: -0.05935375
    - vertices: p57(v352) p2534(v349) p2845(v313)
    - neighboring facets: f1902 f1774 f1778
- f1776
    - flags: bottom simplicial
    - normal:  -0.003349   -0.899  -0.4378
    - offset: -0.04336251
    - vertices: p57(v352) p3922(v189) p923(v74)
    - neighboring facets: f1259 f1777 f1771
- f1777
    - flags: top simplicial
    - normal:  -0.01957  -0.9201  -0.3912
    - offset: -0.0419033
    - vertices: p57(v352) p2760(v142) p923(v74)
    - neighboring facets: f1008 f1776 f1778
- f1778
    - flags: top simplicial
    - normal:  -0.05738  -0.8206  -0.5685
    - offset: -0.05602693
    - vertices: p57(v352) p2534(v349) p2760(v142)
    - neighboring facets: f1760 f1777 f1775
- f1779
    - flags: bottom simplicial
    - normal:    0.7986  -0.6008 -0.03592
    - offset: -0.1697836
    - vertices: p3452(v353) p2500(v317) p2409(v196)
    - neighboring facets: f1597 f1788 f1785
- f1783
    - flags: top simplicial
    - normal:    0.6878   -0.335   -0.644
    - offset: -0.1836178
    - vertices: p1075(v354) p1462(v264) p3610(v257)
    - neighboring facets: f1571 f1786 f1784
- f1784
    - flags: top simplicial
    - normal:    0.7315  -0.3438  -0.5888
    - offset: -0.1887862
    - vertices: p1075(v354) p2500(v317) p1462(v264)
    - neighboring facets: f1595 f1783 f1785
- f1785
    - flags: top simplicial
    - normal:    0.7658  -0.5806  -0.2765
    - offset:   -0.17855
    - vertices: p1075(v354) p3452(v353) p2500(v317)
    - neighboring facets: f1779 f1784 f1788
- f1786
    - flags: bottom simplicial
    - normal:    0.1788  -0.9839 -0.0008344
    - offset: -0.04996678
    - vertices: p1075(v354) p1255(v304) p3610(v257)
    - neighboring facets: f1529 f1783 f1787
- f1787
    - flags: top simplicial
    - normal:    0.3398  -0.9255   0.1672
    - offset: -0.0699858
    - vertices: p1075(v354) p1255(v304) p2409(v196)
    - neighboring facets: f1528 f1788 f1786
- f1788
    - flags: bottom simplicial
    - normal:    0.3657  -0.9179   0.1543
    - offset: -0.07586177
    - vertices: p1075(v354) p3452(v353) p2409(v196)
    - neighboring facets: f1779 f1787 f1785
- f1791
    - flags: bottom simplicial
    - normal:  -8.492e-05  -0.9986 -0.05315
    - offset: -0.01852948
    - vertices: p3245(v355) p408(v318) p3351(v266)
    - neighboring facets: f1600 f1910 f1914
- f1798
    - flags: bottom simplicial
    - normal:  -5.463e-10  -0.0872  -0.9962
    - offset: -0.07077979
    - vertices: p877(v357) p1350(v248) p2827(v186)
    - neighboring facets: f1545 f1799 f1800
- f1799
    - flags: top simplicial
    - normal:  -7.48e-09 -0.08722  -0.9962
    - offset: -0.07077992
    - vertices: p877(v357) p1632(v320) p2827(v186)
    - neighboring facets: f1920 f1798 f1800
- f1800
    - flags: bottom simplicial
    - normal:  -1.567e-08  -0.0872  -0.9962
    - offset: -0.0707798
    - vertices: p877(v357) p1632(v320) p1350(v248)
    - neighboring facets: f1618 f1798 f1799
- f1801
    - flags: top simplicial
    - normal:    0.3402 8.03e-05  -0.9403
    - offset: -0.1321411
    - vertices: p2932(v358) p188(v270) p2891(v206)
    - neighboring facets: f1621 f1803 f1802
- f1802
    - flags: top simplicial
    - normal:    0.3228 -5.209e-08  -0.9465
    - offset:  -0.129167
    - vertices: p2932(v358) p3286(v322) p188(v270)
    - neighboring facets: f1625 f1801 f1804
- f1803
    - flags: top simplicial
    - normal:    0.2347 0.004577  -0.9721
    - offset:  -0.113761
    - vertices: p2932(v358) p2891(v206) p3782(v144)
    - neighboring facets: f1034 f1804 f1801
- f1804
    - flags: bottom simplicial
    - normal:    0.2561 0.002486  -0.9666
    - offset: -0.1175526
    - vertices: p2932(v358) p3286(v322) p3782(v144)
    - neighboring facets: f1625 f1803 f1802
- f1805
    - flags: top simplicial tested
    - normal:  7.39e-06  0.08057  -0.9967
    - offset: -0.07073966
    - center: 0.07474177330732346 0.01217810716480017 -0.06998542944590251 
    - vertices: p1914(v359) p361(v324) p3759(v209)
    - neighboring facets: f1634 f1806 f1933
- f1806
    - flags: bottom simplicial tested
    - normal:  3.68e-05   0.1076  -0.9942
    - offset: -0.07089432
    - center: 0.08404499540726344 0.01224991213530302 -0.06997930506865183 
    - vertices: p1914(v359) p3265(v273) p3759(v209)
    - neighboring facets: f1366 f1805 f1808
- f1808
    - flags: top simplicial tested
    - normal:  7.199e-05   0.1446  -0.9895
    - offset: -0.07102167
    - center: 0.06331869711478551 0.0124220655610164 -0.06995606670777002 
    - vertices: p1914(v359) p3265(v273) p2566(v208)
    - neighboring facets: f1365 f1809 f1806
- f1809
    - flags: bottom simplicial tested
    - normal:  -9.922e-06   0.1993  -0.9799
    - offset: -0.07103669
    - center: -0.003358078499635061 0.01260255525509516 -0.06992784887552261 
    - vertices: p1914(v359) p1973(v274) p2566(v208)
    - neighboring facets: f1371 f1808 f1810
- f1810
    - flags: bottom simplicial tested
    - normal:  -0.0001165   0.1996  -0.9799
    - offset: -0.07104288
    - center: -0.06774323433637619 0.01264825277030468 -0.06991730630397798 
    - vertices: p1914(v359) p135(v325) p1973(v274)
    - neighboring facets: f1637 f1809 f1812
- f1812
    - flags: top simplicial tested
    - normal:  -0.0001431   0.1986  -0.9801
    - offset: -0.07104636
    - center: -0.07772451887528102 0.01267667052646478 -0.06991022328535716 
    - vertices: p1914(v359) p135(v325) p3232(v29)
    - neighboring facets: f1637 f1935 f1810
- f1813
    - flags: bottom simplicial
    - normal:  -0.004927   0.9999 -0.009201
    - offset: -0.01606258
    - center: -0.09235205749670665 0.01499701136102279 -0.06644304841756821 
    - vertices: p3896(v360) p1927(v327) p476(v15)
    - neighboring facets: f1646 f1814 f1938
- f1814
    - flags: top simplicial
    - normal:  -0.07025   0.9953 -0.06612
    - offset: -0.02584393
    - vertices: p3896(v360) p2594(v101) p476(v15)
    - neighboring facets: f782 f1813 f1818
- f1815
    - flags: top simplicial
    - normal:  -2.877e-07        1 1.552e-07
    - offset: -0.01500002
    - center: -0.09099179257949193 0.01499999997516473 -0.06188831478357315 
    - vertices: p3896(v360) p1587(v213) p359(v152)
    - neighboring facets: f1066 f1820 f1937
- f1817
    - flags: bottom simplicial
    - normal:   -0.1903   0.9804 -0.05058
    - offset: -0.03587424
    - vertices: p3896(v360) p3906(v98) p2115(v56)
    - neighboring facets: f1074 f1819 f1818
- f1818
    - flags: bottom simplicial
    - normal:   -0.1866   0.9803 -0.06544
    - offset: -0.03649999
    - vertices: p3896(v360) p2594(v101) p3906(v98)
    - neighboring facets: f1453 f1817 f1814
- f1819
    - flags: bottom simplicial
    - normal:   -0.1564   0.9856  0.06356
    - offset: -0.02532038
    - vertices: p3896(v360) p2115(v56) p1167(v28)
    - neighboring facets: f485 f1820 f1817
- f1820
    - flags: top simplicial
    - normal:  -0.04951   0.9984  0.02672
    - offset: -0.01788093
    - vertices: p3896(v360) p359(v152) p1167(v28)
    - neighboring facets: f750 f1819 f1815
- f1826
    - flags: bottom simplicial tested
    - normal:  1.716e-08        1 -1.71e-07
    - offset: -0.01500001
    - center: 0.1685366034507751 0.01500000028560559 -0.06479045748710632 
    - vertices: p98(v362) p968(v328) p3606(v20)
    - neighboring facets: f2014 f1829 f1943
    - ridges:
- f1828
    - flags: bottom simplicial tested
    - normal:  0.001405        1 -0.002445
    - offset: -0.01542279
    - center: 0.190250833829244 0.01499517727643251 -0.06558034072319667 
    - vertices: p98(v362) p3698(v122) p2257(v71)
    - neighboring facets: f591 f1942 f1829
- f1829
    - flags: top simplicial tested
    - normal:  2.96e-07        1 -5.15e-07
    - offset: -0.01500009
    - center: 0.1895863612492879 0.01499999997516473 -0.06338711579640706 
    - vertices: p98(v362) p3698(v122) p3606(v20)
    - neighboring facets: f591 f1826 f1828
- f1831
    - flags: bottom simplicial
    - normal:  0.001244   0.9563  -0.2924
    - offset: -0.0342165
    - vertices: p2465(v363) p3030(v330) p3624(v177)
    - neighboring facets: f1662 f1945 f1833
- f1832
    - flags: top simplicial
    - normal:  2.081e-05    0.947  -0.3211
    - offset: -0.03587747
    - vertices: p2465(v363) p172(v285) p2594(v101)
    - neighboring facets: f1423 f1944 f1833
- f1833
    - flags: top simplicial
    - normal:  3.575e-05   0.9657  -0.2598
    - offset: -0.03198537
    - vertices: p2465(v363) p3030(v330) p172(v285)
    - neighboring facets: f1664 f1832 f1831
- f1834
    - flags: bottom simplicial
    - normal:   -0.1814 -0.04545  -0.9824
    - offset: -0.08644601
    - vertices: p3267(v364) p1950(v287) p1608(v203)
    - neighboring facets: f1435 f1835 f1836
- f1835
    - flags: top simplicial
    - normal:   -0.1861 -0.04947  -0.9813
    - offset: -0.08687073
    - vertices: p3267(v364) p1806(v332) p1608(v203)
    - neighboring facets: f1841 f1834 f1951
- f1836
    - flags: bottom simplicial
    - normal:   -0.1704 -0.003804  -0.9854
    - offset: -0.08514596
    - vertices: p3267(v364) p2699(v333) p1950(v287)
    - neighboring facets: f1678 f1834 f1848
- f1840
    - flags: top simplicial
    - normal:   -0.2136 -0.09955  -0.9718
    - offset: -0.0894643
    - vertices: p3461(v365) p929(v268) p1608(v203)
    - neighboring facets: f1756 f1841 f1842
- f1841
    - flags: bottom simplicial
    - normal:   -0.1986 -0.06959  -0.9776
    - offset: -0.0880603
    - vertices: p3461(v365) p1806(v332) p1608(v203)
    - neighboring facets: f1835 f1840 f1993
- f1842
    - flags: bottom simplicial
    - normal:   -0.2903  -0.2188  -0.9316
    - offset: -0.09553535
    - vertices: p3461(v365) p929(v268) p3760(v205)
    - neighboring facets: f1344 f1997 f1840
- f1846
    - flags: top simplicial
    - normal:  -0.08417 0.008574  -0.9964
    - offset: -0.07777126
    - vertices: p2214(v366) p1316(v221) p1874(v159)
    - neighboring facets: f1101 f1849 f1847
- f1847
    - flags: top simplicial
    - normal:   -0.1543 -0.0001041   -0.988
    - offset: -0.08379544
    - vertices: p2214(v366) p2699(v333) p1316(v221)
    - neighboring facets: f1678 f1846 f1848
- f1848
    - flags: top simplicial
    - normal:   -0.2011 -9.325e-07  -0.9796
    - offset: -0.08767854
    - vertices: p2214(v366) p3267(v364) p2699(v333)
    - neighboring facets: f1836 f1847 f1956
- f1849
    - flags: bottom simplicial
    - normal:   -0.2011 6.314e-06  -0.9796
    - offset: -0.08767913
    - vertices: p2214(v366) p1678(v222) p1874(v159)
    - neighboring facets: f1106 f1846 f1955
- f1851
    - flags: bottom simplicial
    - normal:  -3.029e-05   0.8494  -0.5278
    - offset: -0.04854423
    - vertices: p1681(v367) p3060(v299) p1774(v298)
    - neighboring facets: f1505 f1852 f1854
- f1852
    - flags: bottom simplicial
    - normal:  7.408e-05   0.8271   -0.562
    - offset: -0.0505823
    - vertices: p1681(v367) p1774(v298) p860(v237)
    - neighboring facets: f1493 f1853 f1851
- f1853
    - flags: top simplicial
    - normal:  1.129e-08   0.8192  -0.5736
    - offset: -0.05124677
    - vertices: p1681(v367) p1861(v336) p860(v237)
    - neighboring facets: f1695 f1852 f1963
- f1854
    - flags: top simplicial
    - normal:  -8.048e-05   0.8229  -0.5681
    - offset: -0.05092048
    - vertices: p1681(v367) p3060(v299) p3002(v176)
    - neighboring facets: f1501 f1960 f1851
- f1857
    - flags: top simplicial
    - normal:  6.269e-10       -1 3.237e-06
    - offset: -0.01499984
    - vertices: p3600(v368) p980(v337) p963(v181)
    - neighboring facets: f1703 f1861 f1858
- f1858
    - flags: bottom simplicial
    - normal:  6.494e-09       -1 2.532e-06
    - offset: -0.01499988
    - center: 0.05163128798206647 -0.01499999997516473 -0.04818820456663767 
    - vertices: p3600(v368) p980(v337) p1014(v301)
    - neighboring facets: f1864 f1859 f1857
- f1859
    - flags: bottom simplicial
    - normal:  2.62e-05  -0.9999  0.01022
    - offset: -0.01450948
    - vertices: p3600(v368) p1014(v301) p2926(v73)
    - neighboring facets: f1512 f1860 f1858
- f1860
    - flags: top simplicial
    - normal:  1.033e-05  -0.9996  0.02673
    - offset: -0.01371052
    - vertices: p3600(v368) p1172(v127) p2926(v73)
    - neighboring facets: f613 f1859 f1861
- f1861
    - flags: top simplicial
    - normal:  3.52e-06  -0.9998  0.01818
    - offset: -0.01412429
    - vertices: p3600(v368) p963(v181) p1172(v127)
    - neighboring facets: f899 f1860 f1857
- f1863
    - flags: top simplicial tested
    - normal:  1.184e-08       -1 1.491e-06
    - offset: -0.01499993
    - center: 0.102042739590009 -0.01500000028560559 -0.04865425080060959 
    - vertices: p2110(v369) p1014(v301) p2280(v184)
    - neighboring facets: f1510 f2022 f1864
    - ridges:
- f1864
    - flags: top simplicial tested
    - normal:  7.93e-09       -1 1.817e-06
    - offset: -0.01499991
    - center: 0.05678176755706469 -0.01500000028560559 -0.04835353543361028 
    - vertices: p2110(v369) p980(v337) p1014(v301)
    - neighboring facets: f1858 f1863 f2025
    - ridges:
- f1865
    - flags: bottom simplicial tested
    - normal:  -2.318e-07       -1 2.391e-08
    - offset: -0.01500002
    - center: -0.09286846220493317 -0.01500000028560559 -0.06367988387743632 
    - vertices: p2431(v370) p1578(v341) p2722(v7)
    - neighboring facets: f1721 f1867 f2026
    - ridges:
- f1867
    - flags: top simplicial tested
    - normal:  -0.01345  -0.9997 -0.02031
    - offset: -0.0175513
    - center: -0.09482106814781825 -0.01496014899263779 -0.06499208261569341 
    - vertices: p2431(v370) p2760(v142) p2722(v7)
    - neighboring facets: f688 f1865 f1868
- f1868
    - flags: top simplicial tested
    - normal:  -0.008393  -0.9994 -0.03378
    - offset: -0.01795984
    - center: -0.09183155000209808 -0.01496014899263779 -0.06625381857156754 
    - vertices: p2431(v370) p2704(v202) p2760(v142)
    - neighboring facets: f1008 f1867 f1969
- f1871
    - flags: bottom simplicial
    - normal:  -7.464e-05  -0.4739  -0.8806
    - offset: -0.06766767
    - vertices: p1102(v371) p931(v254) p3569(v132)
    - neighboring facets: f1752 f1872 f1873
- f1872
    - flags: top simplicial
    - normal:  -1.51e-06  -0.4237  -0.9058
    - offset: -0.06876196
    - vertices: p1102(v371) p3509(v343) p3569(v132)
    - neighboring facets: f1875 f1871 f1873
- f1873
    - flags: bottom simplicial
    - normal:  -6.692e-05  -0.4721  -0.8815
    - offset: -0.06771275
    - vertices: p1102(v371) p3509(v343) p931(v254)
    - neighboring facets: f1751 f1871 f1872
- f1875
    - flags: bottom simplicial
    - normal:  -2.112e-08  -0.4226  -0.9063
    - offset: -0.06878229
    - vertices: p1545(v372) p3509(v343) p3569(v132)
    - neighboring facets: f1872 f1926 f1971
- f1877
    - flags: top simplicial
    - normal:  1.193e-07 1.165e-05       -1
    - offset: -0.07000017
    - vertices: p2459(v373) p2456(v207) p909(v59)
    - neighboring facets: f1047 f1885 f1882
- f1882
    - flags: top simplicial
    - normal:  1.023e-07 1.025e-06       -1
    - offset: -0.07000004
    - vertices: p2459(v373) p417(v250) p2456(v207)
    - neighboring facets: f1250 f1877 f1975
- f1883
    - flags: top simplicial
    - normal:  -3.797e-08 3.356e-08       -1
    - offset: -0.07000001
    - vertices: p2459(v373) p2403(v210) p2985(v102)
    - neighboring facets: f1055 f1884 f1886
- f1884
    - flags: bottom simplicial
    - normal:  -3.74e-08 3.736e-09       -1
    - offset: -0.07000001
    - vertices: p2459(v373) p1950(v287) p2985(v102)
    - neighboring facets: f1433 f1883 f1981
- f1885
    - flags: bottom simplicial
    - normal:  2.69e-07 0.0002349       -1
    - offset: -0.07000285
    - vertices: p2459(v373) p361(v324) p909(v59)
    - neighboring facets: f1634 f1877 f1886
- f1886
    - flags: top simplicial
    - normal:  -4.612e-07 0.0003183       -1
    - offset: -0.07000377
    - vertices: p2459(v373) p361(v324) p2403(v210)
    - neighboring facets: f1932 f1883 f1885
- f1889
    - flags: top simplicial
    - normal:  -3.63e-07  -0.8758  -0.4827
    - offset: -0.04584255
    - vertices: p2756(v374) p2395(v347) p1784(v255)
    - neighboring facets: f1745 f1890 f1892
- f1890
    - flags: bottom simplicial
    - normal:  2.26e-07  -0.8192  -0.5735
    - offset: -0.05124567
    - vertices: p2756(v374) p2484(v350) p1784(v255)
    - neighboring facets: f1762 f1889 f1982
- f1891
    - flags: top simplicial
    - normal:  -7.201e-05    -0.87   -0.493
    - offset: -0.0464553
    - vertices: p2756(v374) p3526(v314) p3922(v189)
    - neighboring facets: f1771 f1892 f1893
- f1892
    - flags: bottom simplicial
    - normal:  -6.201e-05  -0.8729  -0.4879
    - offset: -0.04614324
    - vertices: p2756(v374) p2395(v347) p3922(v189)
    - neighboring facets: f1744 f1891 f1889
- f1893
    - flags: top simplicial
    - normal:  -2.847e-07  -0.8193  -0.5733
    - offset: -0.05123368
    - vertices: p2756(v374) p57(v352) p3526(v314)
    - neighboring facets: f1771 f1891 f1983
- f1895
    - flags: top simplicial
    - normal:  -7.999e-09  -0.7071  -0.7071
    - offset: -0.05884946
    - vertices: p1609(v375) p2845(v313) p318(v190)
    - neighboring facets: f1579 f1896 f1988
- f1896
    - flags: bottom simplicial
    - normal:  0.001125  -0.6319  -0.7751
    - offset: -0.06269999
    - vertices: p1609(v375) p881(v348) p318(v190)
    - neighboring facets: f1750 f1895 f1989
- f1898
    - flags: top simplicial
    - normal:  2.234e-07  -0.5735  -0.8192
    - offset: -0.06475574
    - vertices: p3494(v376) p881(v348) p931(v254)
    - neighboring facets: f1751 f1899 f1903
- f1899
    - flags: bottom simplicial
    - normal:  -2.89e-08  -0.5735  -0.8192
    - offset: -0.0647564
    - vertices: p3494(v376) p2534(v349) p931(v254)
    - neighboring facets: f1752 f1898 f1904
- f1902
    - flags: top simplicial
    - normal:  -0.0006998  -0.6262  -0.7797
    - offset: -0.06279636
    - vertices: p2858(v377) p2534(v349) p2845(v313)
    - neighboring facets: f1775 f1986 f1904
- f1903
    - flags: bottom simplicial
    - normal:  -3.794e-09  -0.5736  -0.8192
    - offset: -0.06475518
    - vertices: p2858(v377) p3494(v376) p881(v348)
    - neighboring facets: f1898 f1987 f1904
- f1904
    - flags: top simplicial
    - normal:  -1.926e-08  -0.5736  -0.8192
    - offset: -0.06475561
    - vertices: p2858(v377) p3494(v376) p2534(v349)
    - neighboring facets: f1899 f1902 f1903
- f1905
    - flags: bottom simplicial
    - normal:  4.372e-08  -0.7072   -0.707
    - offset: -0.05884682
    - vertices: p1765(v378) p3752(v351) p318(v190)
    - neighboring facets: f1767 f1907 f1906
- f1906
    - flags: top simplicial
    - normal:  4.453e-06  -0.7121   -0.702
    - offset: -0.05857151
    - vertices: p1765(v378) p3752(v351) p1356(v315)
    - neighboring facets: f1769 f1908 f1905
- f1907
    - flags: top simplicial
    - normal:  0.003091  -0.8162  -0.5777
    - offset: -0.05203828
    - vertices: p1765(v378) p2484(v350) p318(v190)
    - neighboring facets: f1765 f1905 f1908
- f1908
    - flags: bottom simplicial
    - normal:  0.0002093  -0.7652  -0.6438
    - offset: -0.05533858
    - vertices: p1765(v378) p2484(v350) p1356(v315)
    - neighboring facets: f1984 f1906 f1907
- f1909
    - flags: top simplicial
    - normal:  -1.029e-08  -0.9962 -0.08714
    - offset: -0.02078152
    - vertices: p3608(v379) p3245(v355) p1835(v247)
    - neighboring facets: f1913 f1911 f1910
- f1910
    - flags: bottom simplicial
    - normal:  -2.15e-08  -0.9962 -0.08714
    - offset: -0.02078162
    - vertices: p3608(v379) p3245(v355) p3351(v266)
    - neighboring facets: f1791 f1912 f1909
- f1911
    - flags: top simplicial
    - normal:  1.467e-08  -0.9962 -0.08716
    - offset: -0.02078232
    - vertices: p3608(v379) p1835(v247) p1428(v185)
    - neighboring facets: f1231 f1912 f1909
- f1912
    - flags: bottom simplicial
    - normal:  5.73e-12  -0.9962 -0.08715
    - offset: -0.02078228
    - vertices: p3608(v379) p3351(v266) p1428(v185)
    - neighboring facets: f1337 f1911 f1910
- f1913
    - flags: bottom simplicial
    - normal:  -2.928e-05  -0.9988 -0.04944
    - offset: -0.01828977
    - vertices: p3676(v380) p3245(v355) p1835(v247)
    - neighboring facets: f1909 f1915 f1914
- f1914
    - flags: top simplicial
    - normal:  -8.153e-05  -0.9987 -0.05147
    - offset: -0.01841886
    - vertices: p3676(v380) p3245(v355) p408(v318)
    - neighboring facets: f1791 f1917 f1913
- f1915
    - flags: bottom simplicial
    - normal:  4.234e-06  -0.9999 -0.01112
    - offset: -0.01574424
    - vertices: p3676(v380) p1835(v247) p3330(v75)
    - neighboring facets: f1232 f1916 f1913
- f1916
    - flags: top simplicial
    - normal:  2.111e-08       -1 -1.63e-05
    - offset: -0.01500109
    - vertices: p3676(v380) p1921(v128) p3330(v75)
    - neighboring facets: f624 f1915 f1917
- f1917
    - flags: top simplicial
    - normal:  -1.15e-08       -1 -7.26e-06
    - offset: -0.01500048
    - center: 0.05605544894933701 -0.01499999997516473 -0.06685158361991246 
    - vertices: p3676(v380) p408(v318) p1921(v128)
    - neighboring facets: f1967 f1916 f1914
- f1918
    - flags: bottom simplicial
    - normal:  -2.027e-06  -0.2567  -0.9665
    - offset: -0.07082423
    - vertices: p3730(v381) p580(v356) p1632(v320)
    - neighboring facets: f1931 f1920 f1925
- f1919
    - flags: top simplicial
    - normal:  0.0001774  -0.1894  -0.9819
    - offset: -0.07107916
    - vertices: p3730(v381) p506(v249) p2827(v186)
    - neighboring facets: f1541 f1920 f1921
- f1920
    - flags: bottom simplicial
    - normal:  2.708e-05  -0.1566  -0.9877
    - offset: -0.07104982
    - vertices: p3730(v381) p1632(v320) p2827(v186)
    - neighboring facets: f1799 f1919 f1918
- f1921
    - flags: top simplicial
    - normal:  2.845e-08  -0.2587  -0.9659
    - offset: -0.07081197
    - vertices: p3730(v381) p1707(v308) p506(v249)
    - neighboring facets: f1734 f1919 f1924
- f1923
    - flags: bottom simplicial
    - normal:  -1.272e-09  -0.2588  -0.9659
    - offset: -0.07081185
    - vertices: p184(v382) p1707(v308) p3912(v307)
    - neighboring facets: f1735 f1927 f1924
- f1924
    - flags: bottom simplicial
    - normal:  -1.484e-08  -0.2587  -0.9659
    - offset: -0.07081194
    - vertices: p184(v382) p3730(v381) p1707(v308)
    - neighboring facets: f1921 f1923 f1925
- f1925
    - flags: top simplicial
    - normal:  -3.367e-08  -0.2587   -0.966
    - offset: -0.07081199
    - vertices: p184(v382) p3730(v381) p580(v356)
    - neighboring facets: f1918 f1931 f1924
- f1926
    - flags: bottom simplicial
    - normal:  -1.425e-05  -0.4002  -0.9164
    - offset: -0.06919394
    - vertices: p184(v382) p1545(v372) p3569(v132)
    - neighboring facets: f1875 f1928 f1927
- f1927
    - flags: top simplicial
    - normal:  -5.29e-06  -0.3726   -0.928
    - offset: -0.0696423
    - vertices: p184(v382) p1545(v372) p3912(v307)
    - neighboring facets: f1970 f1923 f1926
- f1928
    - flags: top simplicial
    - normal:  -0.0007183  -0.4515  -0.8923
    - offset: -0.06822888
    - vertices: p184(v382) p2534(v349) p3569(v132)
    - neighboring facets: f1752 f1926 f1929
- f1929
    - flags: bottom simplicial
    - normal:  -0.003759  -0.4045  -0.9145
    - offset: -0.06941264
    - vertices: p184(v382) p2534(v349) p1608(v203)
    - neighboring facets: f1756 f1930 f1928
- f1930
    - flags: top simplicial
    - normal:  -0.002148  -0.2548   -0.967
    - offset: -0.07100347
    - vertices: p184(v382) p1632(v320) p1608(v203)
    - neighboring facets: f1613 f1929 f1931
- f1931
    - flags: top simplicial
    - normal:  -4.199e-05  -0.2576  -0.9663
    - offset: -0.07082166
    - vertices: p184(v382) p580(v356) p1632(v320)
    - neighboring facets: f1918 f1930 f1925
- f1932
    - flags: bottom simplicial
    - normal:  -6.48e-05  0.04472   -0.999
    - offset: -0.07045927
    - vertices: p2856(v383) p361(v324) p2403(v210)
    - neighboring facets: f1886 f1934 f1933
- f1933
    - flags: bottom simplicial
    - normal:  2.067e-06  0.07831  -0.9969
    - offset: -0.07072456
    - vertices: p2856(v383) p1914(v359) p361(v324)
    - neighboring facets: f1805 f1932 f1935
- f1934
    - flags: bottom simplicial
    - normal:  -0.001685   0.1056  -0.9944
    - offset: -0.07099549
    - vertices: p2856(v383) p2403(v210) p3232(v29)
    - neighboring facets: f1054 f1935 f1932
- f1935
    - flags: top simplicial
    - normal:  -0.001195   0.1313  -0.9913
    - offset: -0.07106592
    - vertices: p2856(v383) p1914(v359) p3232(v29)
    - neighboring facets: f1812 f1934 f1933
- f1937
    - flags: bottom simplicial tested
    - normal:  -1.005e-07        1 -2.966e-08
    - offset: -0.01500001
    - center: -0.08836342891057332 0.01500000028560559 -0.06312241653601329 
    - vertices: p224(v384) p3896(v360) p1587(v213)
    - neighboring facets: f1815 f2012 f1938
    - ridges:
- f1938
    - flags: top simplicial tested
    - normal:  -1.147e-07        1 -2.142e-07
    - offset: -0.01500002
    - center: -0.08972051988045375 0.01499999997516473 -0.06607839713493983 
    - vertices: p224(v384) p3896(v360) p1927(v327)
    - neighboring facets: f1813 f1940 f1937
- f1940
    - flags: top simplicial tested
    - normal:  -3.067e-08        1 -8.082e-07
    - offset: -0.01500006
    - center: -0.07905364781618118 0.01500000028560559 -0.06660762180884679 
    - vertices: p224(v384) p1927(v327) p2420(v277)
    - neighboring facets: f1653 f2015 f1938
    - ridges:
- f1942
    - flags: bottom simplicial
    - normal:  0.0002988   0.9995 -0.03162
    - offset: -0.01716017
    - vertices: p886(v385) p98(v362) p2257(v71)
    - neighboring facets: f1828 f1991 f1943
- f1943
    - flags: top simplicial
    - normal:  2.561e-08        1 -2.711e-06
    - offset: -0.01500019
    - vertices: p886(v385) p98(v362) p968(v328)
    - neighboring facets: f1826 f1992 f1942
- f1944
    - flags: top simplicial
    - normal:  2.878e-05   0.9391  -0.3436
    - offset: -0.03728505
    - vertices: p3495(v386) p2465(v363) p2594(v101)
    - neighboring facets: f1832 f1946 f1945
- f1945
    - flags: bottom simplicial
    - normal:  0.0002585   0.9273  -0.3742
    - offset: -0.03922095
    - vertices: p3495(v386) p2465(v363) p3624(v177)
    - neighboring facets: f1831 f1948 f1944
- f1946
    - flags: bottom simplicial
    - normal:  9.455e-06   0.9176  -0.3974
    - offset: -0.04063234
    - vertices: p3495(v386) p1577(v297) p2594(v101)
    - neighboring facets: f1491 f1944 f1947
- f1947
    - flags: top simplicial
    - normal:  9.653e-06    0.917  -0.3988
    - offset: -0.04071931
    - vertices: p3495(v386) p1577(v297) p324(v238)
    - neighboring facets: f1491 f1949 f1946
- f1948
    - flags: top simplicial
    - normal:  3.737e-05   0.9095  -0.4157
    - offset: -0.04176004
    - vertices: p3495(v386) p3060(v299) p3624(v177)
    - neighboring facets: f1505 f1945 f1949
- f1949
    - flags: bottom simplicial
    - normal:  1.339e-05   0.9159  -0.4014
    - offset: -0.04087679
    - vertices: p3495(v386) p3060(v299) p324(v238)
    - neighboring facets: f1499 f1947 f1948
- f1951
    - flags: bottom simplicial
    - normal:   -0.2149 -0.0002565  -0.9766
    - offset: -0.0888101
    - vertices: p1144(v387) p3267(v364) p1806(v332)
    - neighboring facets: f1835 f1994 f1958
- f1955
    - flags: top simplicial
    - normal:   -0.2012 2.093e-06  -0.9796
    - offset: -0.08767945
    - vertices: p1754(v388) p2214(v366) p1678(v222)
    - neighboring facets: f1849 f1957 f1956
- f1956
    - flags: bottom simplicial
    - normal:   -0.2011 -8.66e-07  -0.9796
    - offset: -0.08767861
    - vertices: p1754(v388) p2214(v366) p3267(v364)
    - neighboring facets: f1848 f1958 f1955
- f1957
    - flags: bottom simplicial
    - normal:   -0.2012 2.644e-07  -0.9796
    - offset: -0.08767973
    - vertices: p1754(v388) p1144(v387) p1678(v222)
    - neighboring facets: f2005 f1955 f1958
- f1958
    - flags: top simplicial
    - normal:   -0.2012 1.029e-08  -0.9796
    - offset: -0.08767973
    - vertices: p1754(v388) p1144(v387) p3267(v364)
    - neighboring facets: f1951 f1956 f1957
- f1960
    - flags: top simplicial
    - normal:  -5.768e-05   0.8186  -0.5744
    - offset: -0.05129001
    - vertices: p2636(v389) p1681(v367) p3002(v176)
    - neighboring facets: f1854 f1998 f1965
- f1962
    - flags: bottom simplicial
    - normal:  -1.442e-08   0.8192  -0.5736
    - offset: -0.05124699
    - vertices: p114(v390) p1861(v336) p3747(v296)
    - neighboring facets: f1695 f1964 f1963
- f1963
    - flags: bottom simplicial
    - normal:  -1.262e-08   0.8192  -0.5736
    - offset: -0.05124696
    - vertices: p114(v390) p1681(v367) p1861(v336)
    - neighboring facets: f1853 f1962 f1965
- f1964
    - flags: top simplicial
    - normal:  -7.716e-08   0.8192  -0.5736
    - offset: -0.05124738
    - vertices: p114(v390) p2636(v389) p3747(v296)
    - neighboring facets: f1999 f1962 f1965
- f1965
    - flags: bottom simplicial
    - normal:  -1.763e-07   0.8192  -0.5736
    - offset: -0.05124736
    - vertices: p114(v390) p2636(v389) p1681(v367)
    - neighboring facets: f1960 f1963 f1964
- f1967
    - flags: bottom simplicial tested
    - normal:  -5.915e-09       -1 -9.921e-07
    - offset: -0.01500007
    - center: -0.004781839748223622 -0.01500000028560559 -0.06641000509262085 
    - vertices: p1160(v391) p408(v318) p1921(v128)
    - neighboring facets: f1917 f2018 f1968
    - ridges:
- f1968
    - flags: top simplicial tested
    - normal:  -1.258e-08       -1 -1.13e-06
    - offset: -0.01500008
    - center: -0.07560079048077266 -0.01499999997516473 -0.06625345100959142 
    - vertices: p1160(v391) p408(v318) p2704(v202)
    - neighboring facets: f1600 f1969 f1967
- f1969
    - flags: bottom simplicial tested
    - normal:  -4.567e-08       -1 -9.035e-07
    - offset: -0.01500006
    - center: -0.08645851413408916 -0.01500000028560559 -0.06572051594654719 
    - vertices: p1160(v391) p2431(v370) p2704(v202)
    - neighboring facets: f1868 f1968 f2026
    - ridges:
- f1970
    - flags: bottom simplicial
    - normal:  0.0001212  -0.4112  -0.9115
    - offset: -0.06901803
    - vertices: p977(v392) p1545(v372) p3912(v307)
    - neighboring facets: f1927 f1972 f1971
- f1971
    - flags: top simplicial
    - normal:  3.197e-07  -0.4226  -0.9063
    - offset: -0.06878261
    - vertices: p977(v392) p1545(v372) p3509(v343)
    - neighboring facets: f1875 f1973 f1970
- f1972
    - flags: bottom simplicial
    - normal:  0.0004973  -0.4163  -0.9092
    - offset: -0.06898887
    - vertices: p977(v392) p3912(v307) p3378(v76)
    - neighboring facets: f1737 f1973 f1970
- f1973
    - flags: top simplicial
    - normal:  0.0005262  -0.4178  -0.9086
    - offset: -0.06896725
    - vertices: p977(v392) p3509(v343) p3378(v76)
    - neighboring facets: f1733 f1972 f1971
- f1974
    - flags: top simplicial
    - normal:  2.275e-06 2.802e-07       -1
    - offset: -0.07000045
    - vertices: p1305(v393) p2543(v345) p417(v250)
    - neighboring facets: f1739 f1975 f1976
- f1975
    - flags: bottom simplicial
    - normal:  9.337e-08 3.743e-07       -1
    - offset: -0.07000003
    - vertices: p1305(v393) p2459(v373) p417(v250)
    - neighboring facets: f1882 f1974 f1981
- f1976
    - flags: bottom simplicial
    - normal:  2.469e-06 2.534e-07       -1
    - offset: -0.07000048
    - vertices: p1305(v393) p2543(v345) p2366(v309)
    - neighboring facets: f1740 f1977 f1974
- f1977
    - flags: bottom simplicial
    - normal:  8.275e-06 -2.252e-06       -1
    - offset: -0.07000161
    - vertices: p1305(v393) p2366(v309) p1978(v187)
    - neighboring facets: f1567 f1978 f1976
- f1978
    - flags: bottom simplicial
    - normal:  5.301e-07 -4.126e-06       -1
    - offset: -0.07000015
    - vertices: p1305(v393) p1978(v187) p3187(v131)
    - neighboring facets: f1540 f1979 f1977
- f1979
    - flags: top simplicial
    - normal:  3.007e-10 -2.434e-06       -1
    - offset: -0.07000004
    - vertices: p1305(v393) p1597(v252) p3187(v131)
    - neighboring facets: f1257 f1978 f1980
- f1980
    - flags: top simplicial
    - normal:  -1.954e-08 -7.81e-07       -1
    - offset: -0.07000002
    - vertices: p1305(v393) p1950(v287) p1597(v252)
    - neighboring facets: f1439 f1979 f1981
- f1981
    - flags: top simplicial
    - normal:  -2.528e-08 -1.013e-07       -1
    - offset: -0.07000001
    - vertices: p1305(v393) p2459(v373) p1950(v287)
    - neighboring facets: f1884 f1980 f1975
- f1982
    - flags: top simplicial
    - normal:  8.679e-08  -0.8192  -0.5735
    - offset: -0.05124624
    - vertices: p1782(v394) p2756(v374) p2484(v350)
    - neighboring facets: f1890 f1984 f1983
- f1983
    - flags: bottom simplicial
    - normal:  -1.077e-08  -0.8192  -0.5735
    - offset: -0.05124646
    - vertices: p1782(v394) p2756(v374) p57(v352)
    - neighboring facets: f1893 f1985 f1982
- f1984
    - flags: top simplicial
    - normal:  1.535e-07  -0.8191  -0.5736
    - offset:   -0.05125
    - vertices: p1782(v394) p2484(v350) p1356(v315)
    - neighboring facets: f1908 f1985 f1982
- f1985
    - flags: bottom simplicial
    - normal:  -1.176e-08  -0.8192  -0.5736
    - offset: -0.05124691
    - vertices: p1782(v394) p57(v352) p1356(v315)
    - neighboring facets: f1770 f1984 f1983
- f1986
    - flags: top simplicial
    - normal:  -3.877e-05  -0.6231  -0.7821
    - offset: -0.06287321
    - vertices: p984(v395) p2858(v377) p2845(v313)
    - neighboring facets: f1902 f1988 f1987
- f1987
    - flags: bottom simplicial
    - normal:  -2.778e-06  -0.5907  -0.8069
    - offset: -0.0641417
    - vertices: p984(v395) p2858(v377) p881(v348)
    - neighboring facets: f1903 f1989 f1986
- f1988
    - flags: bottom simplicial
    - normal:  -7.613e-09  -0.7071  -0.7071
    - offset: -0.05885132
    - vertices: p984(v395) p1609(v375) p2845(v313)
    - neighboring facets: f1895 f1986 f1989
- f1989
    - flags: top simplicial
    - normal:  9.114e-05  -0.6322  -0.7748
    - offset: -0.06250516
    - vertices: p984(v395) p1609(v375) p881(v348)
    - neighboring facets: f1896 f1987 f1988
- f1990
    - flags: top simplicial
    - normal:  4.95e-05    0.998 -0.06246
    - offset: -0.01916104
    - vertices: p3099(v396) p968(v328) p2257(v71)
    - neighboring facets: f1655 f1991 f1992
- f1991
    - flags: bottom simplicial
    - normal:  0.000111   0.9988 -0.04938
    - offset: -0.01830573
    - vertices: p3099(v396) p886(v385) p2257(v71)
    - neighboring facets: f1942 f1990 f1992
- f1992
    - flags: top simplicial
    - normal:  6.094e-08        1 -2.711e-05
    - offset: -0.01500182
    - vertices: p3099(v396) p886(v385) p968(v328)
    - neighboring facets: f1943 f1990 f1991
- f1993
    - flags: top simplicial
    - normal:   -0.2863 1.465e-07  -0.9581
    - offset: -0.09450251
    - vertices: p833(v397) p3461(v365) p1806(v332)
    - neighboring facets: f1841 f1994 f1997
- f1994
    - flags: bottom simplicial
    - normal:   -0.2654 0.0009015  -0.9641
    - offset: -0.09286707
    - vertices: p833(v397) p1144(v387) p1806(v332)
    - neighboring facets: f1951 f1993 f2003
- f1997
    - flags: bottom simplicial
    - normal:   -0.3781 -0.002081  -0.9258
    - offset: -0.1012663
    - vertices: p833(v397) p3461(v365) p3760(v205)
    - neighboring facets: f1842 f2007 f1993
- f1998
    - flags: top simplicial
    - normal:  -5.11e-05   0.8154  -0.5789
    - offset: -0.05155405
    - vertices: p1351(v398) p2636(v389) p3002(v176)
    - neighboring facets: f1960 f2000 f1999
- f1999
    - flags: bottom simplicial
    - normal:  -7.721e-08   0.8191  -0.5736
    - offset: -0.05124963
    - vertices: p1351(v398) p2636(v389) p3747(v296)
    - neighboring facets: f1964 f2001 f1998
- f2000
    - flags: bottom simplicial
    - normal:  4.056e-05    0.759  -0.6511
    - offset: -0.05572625
    - vertices: p1351(v398) p182(v335) p3002(v176)
    - neighboring facets: f1694 f1998 f2002
- f2001
    - flags: bottom simplicial
    - normal:  0.0001346   0.7618  -0.6478
    - offset: -0.05555346
    - vertices: p1351(v398) p3747(v296) p2206(v123)
    - neighboring facets: f1487 f2002 f1999
- f2002
    - flags: top simplicial
    - normal:  6.817e-05   0.7571  -0.6533
    - offset: -0.05585595
    - vertices: p1351(v398) p182(v335) p2206(v123)
    - neighboring facets: f1693 f2001 f2000
- f2003
    - flags: top simplicial
    - normal:   -0.3544 0.007508   -0.935
    - offset: -0.09956901
    - vertices: p136(v399) p833(v397) p1144(v387)
    - neighboring facets: f1994 f2005 f2007
- f2004
    - flags: bottom simplicial
    - normal:   -0.3426  0.04577  -0.9384
    - offset: -0.09904616
    - vertices: p136(v399) p2690(v288) p1678(v222)
    - neighboring facets: f1452 f2005 f2006
- f2005
    - flags: top simplicial
    - normal:   -0.3372  0.02588  -0.9411
    - offset: -0.09848363
    - vertices: p136(v399) p1144(v387) p1678(v222)
    - neighboring facets: f1957 f2004 f2003
- f2006
    - flags: top simplicial
    - normal:   -0.6003 -0.001993  -0.7998
    - offset: -0.1144037
    - vertices: p136(v399) p2690(v288) p3760(v205)
    - neighboring facets: f1447 f2007 f2004
- f2007
    - flags: bottom simplicial
    - normal:   -0.4659 0.000961  -0.8848
    - offset: -0.1070369
    - vertices: p136(v399) p833(v397) p3760(v205)
    - neighboring facets: f1997 f2006 f2003
- f2008
    - flags: top simplicial tricoplanar keepcentrum
    - owner of normal & centrum is facet f2008
    - normal:         0        1        0
    - offset:     -0.015
    - center: 0.00814034210311042 0.01500000059604645 -0.05536088347434998 
    - vertices: p224(v384) p3346(v171) p2638(v97)
    - neighboring facets: f847 f2012 f2013
- f2009
    - flags: bottom simplicial tricoplanar
    - owner of normal & centrum is facet f2008
    - normal:         0        1        0
    - offset:     -0.015
    - center: 0.00814034210311042 0.01500000059604645 -0.05536088347434998 
    - vertices: p224(v384) p1092(v291) p3606(v20)
    - neighboring facets: f1466 f2014 f2010
- f2010
    - flags: top simplicial tricoplanar
    - owner of normal & centrum is facet f2008
    - normal:         0        1        0
    - offset:     -0.015
    - center: 0.00814034210311042 0.01500000059604645 -0.05536088347434998 
    - vertices: p224(v384) p1092(v291) p2677(v232)
    - neighboring facets: f1464 f2013 f2009
- f2012
    - flags: bottom simplicial tricoplanar
    - owner of normal & centrum is facet f2008
    - normal:         0        1        0
    - offset:     -0.015
    - center: 0.00814034210311042 0.01500000059604645 -0.05536088347434998 
    - vertices: p224(v384) p1587(v213) p2638(v97)
    - neighboring facets: f1065 f2008 f1937
- f2013
    - flags: top simplicial tricoplanar
    - owner of normal & centrum is facet f2008
    - normal:         0        1        0
    - offset:     -0.015
    - center: 0.00814034210311042 0.01500000059604645 -0.05536088347434998 
    - vertices: p224(v384) p2677(v232) p3346(v171)
    - neighboring facets: f1157 f2008 f2010
- f2014
    - flags: top simplicial tricoplanar
    - owner of normal & centrum is facet f2008
    - normal:         0        1        0
    - offset:     -0.015
    - center: 0.00814034210311042 0.01500000059604645 -0.05536088347434998 
    - vertices: p224(v384) p968(v328) p3606(v20)
    - neighboring facets: f1826 f2009 f2015
- f2015
    - flags: bottom simplicial tricoplanar
    - owner of normal & centrum is facet f2008
    - normal:         0        1        0
    - offset:     -0.015
    - center: 0.00814034210311042 0.01500000059604645 -0.05536088347434998 
    - vertices: p224(v384) p968(v328) p2420(v277)
    - neighboring facets: f1653 f1940 f2014
- f2017
    - flags: bottom simplicial tricoplanar keepcentrum
    - owner of normal & centrum is facet f2017
    - normal:         0       -1       -0
    - offset:     -0.015
    - center: 0.09883961288465394 -0.01500000059604645 -0.05759982723328802 
    - vertices: p1160(v391) p2603(v302) p2280(v184)
    - neighboring facets: f1519 f2022 f2021
- f2018
    - flags: top simplicial tricoplanar
    - owner of normal & centrum is facet f2017
    - normal:         0       -1       -0
    - offset:     -0.015
    - center: 0.09883961288465394 -0.01500000059604645 -0.05759982723328802 
    - vertices: p1160(v391) p3663(v129) p1921(v128)
    - neighboring facets: f624 f1967 f2020
- f2019
    - flags: top simplicial tricoplanar
    - owner of normal & centrum is facet f2017
    - normal:         0       -1       -0
    - offset:     -0.015
    - center: 0.09883961288465394 -0.01500000059604645 -0.05759982723328802 
    - vertices: p1160(v391) p21(v339) p1255(v304)
    - neighboring facets: f1711 f2020 f2021
- f2020
    - flags: top simplicial tricoplanar
    - owner of normal & centrum is facet f2017
    - normal:         0       -1       -0
    - offset:     -0.015
    - center: 0.09883961288465394 -0.01500000059604645 -0.05759982723328802 
    - vertices: p1160(v391) p1255(v304) p3663(v129)
    - neighboring facets: f1529 f2018 f2019
- f2021
    - flags: bottom simplicial tricoplanar
    - owner of normal & centrum is facet f2017
    - normal:         0       -1       -0
    - offset:     -0.015
    - center: 0.09883961288465394 -0.01500000059604645 -0.05759982723328802 
    - vertices: p1160(v391) p21(v339) p2603(v302)
    - neighboring facets: f1713 f2017 f2019
- f2022
    - flags: top simplicial tricoplanar
    - owner of normal & centrum is facet f2017
    - normal:         0       -1       -0
    - offset:     -0.015
    - center: 0.09883961288465394 -0.01500000059604645 -0.05759982723328802 
    - vertices: p1160(v391) p2110(v369) p2280(v184)
    - neighboring facets: f1863 f2017 f2025
- f2023
    - flags: bottom simplicial tricoplanar
    - owner of normal & centrum is facet f2017
    - normal:         0       -1       -0
    - offset:     -0.015
    - center: 0.09883961288465394 -0.01500000059604645 -0.05759982723328802 
    - vertices: p1160(v391) p980(v337) p1766(v305)
    - neighboring facets: f1703 f2024 f2025
- f2024
    - flags: top simplicial tricoplanar
    - owner of normal & centrum is facet f2017
    - normal:         0       -1       -0
    - offset:     -0.015
    - center: 0.09883961288465394 -0.01500000059604645 -0.05759982723328802 
    - vertices: p1160(v391) p1578(v341) p1766(v305)
    - neighboring facets: f1719 f2023 f2026
- f2025
    - flags: bottom simplicial tricoplanar
    - owner of normal & centrum is facet f2017
    - normal:         0       -1       -0
    - offset:     -0.015
    - center: 0.09883961288465394 -0.01500000059604645 -0.05759982723328802 
    - vertices: p1160(v391) p2110(v369) p980(v337)
    - neighboring facets: f1864 f2023 f2022
- f2026
    - flags: top simplicial tricoplanar
    - owner of normal & centrum is facet f2017
    - normal:         0       -1       -0
    - offset:     -0.015
    - center: 0.09883961288465394 -0.01500000059604645 -0.05759982723328802 
    - vertices: p1160(v391) p2431(v370) p1578(v341)
    - neighboring facets: f1865 f2024 f1969
