3
4000 910 1365
0.001173974596895278 0.008421453647315502 0.0009578025201335549 
0.01005187723785639 0.01092581823468208 -0.004030178766697645 
-0.0009406901663169265 0.02151263318955898 0.0009536640718579292 
-0.002822048962116241 0.01136266067624092 -0.01009297557175159 
0.006562041118741035 -0.005552209913730621 -0.00494999997317791 
0.009095075540244579 0.03266329690814018 -0.004514766857028008 
0.005704681854695082 -0.001179965445771813 -9.137294546235353e-05 
0.002537424443289638 0.0131828086450696 0.0004107130225747824 
-2.9808419640176e-05 0.003230169648304582 -0.007671199273318052 
0.005953653249889612 -0.006028549745678902 -0.001507124747149646 
-0.006886387709528208 0.00687791034579277 -0.01020190864801407 
0.0012484947219491 -0.003050409723073244 -0.00494999997317791 
0.003774054814130068 0.01606251113116741 -0.01253271661698818 
-0.00497486675158143 -0.004596709739416838 -0.01050533540546894 
-0.005705313757061958 0.01866604760289192 -0.002265364630147815 
0.002314727753400803 0.02319028601050377 -0.002205520868301392 
-0.003060120390728116 0.001408589188940823 0.0009825454326346517 
0.005563758779317141 -0.008414377458393574 -0.0115387961268425 
0.006833524443209171 0.003857605624943972 -0.001691696234047413 
-0.006788434460759163 -0.003769295057281852 -0.01271874364465475 
-0.000971286790445447 0.03181618452072144 -0.01028021704405546 
0.003152452874928713 0.01350598875433207 -0.001950993086211383 
0.006332311779260635 0.03279287368059158 -0.005590972490608692 
0.00786292739212513 0.001166261965408921 -0.01149759162217379 
0.006203697994351387 0.01716097071766853 -0.00020086947188247 
0.008884618058800697 0.02362854033708572 -0.0090288445353508 
0.004581376444548368 0.01945929042994976 -0.01270739920437336 
0.006342466920614243 0.005334453191608191 -0.01200076099485159 
-0.003197166603058577 0.03411060944199562 -0.0003902287862729281 
-0.004387535154819489 0.02986219152808189 5.215407272718409e-11 
0.009319271892309189 0.01914052106440067 -0.003381421556696296 
-0.001187026500701904 -0.009381578303873539 -0.01258753053843975 
0.009884573519229889 0.0167967677116394 -0.005839081481099129 
-0.004426431376487017 0.02699730545282364 -0.008456145413219929 
0.006878599058836699 0.03316788747906685 -0.004585226997733116 
-0.002417526207864285 -0.005685681477189064 -0.01302856579422951 
0.0001976743515115231 -0.002557012485340238 -0.003949999809265137 
0.01018876396119595 0.009996918961405754 -0.007027145940810442 
-0.00449092872440815 -0.0003972564009018242 0.0009549573296681046 
0.002870336640626192 0.006589516066014767 -0.001770978095009923 
-0.007291259709745646 0.01923881843686104 -0.003154329257085919 
-0.001295620109885931 0.01950079202651978 -0.009883561171591282 
0.001366990734823048 0.0249172504991293 -0.009747488424181938 
0.008001064881682396 0.006222887896001339 -0.003894702531397343 
-0.001110473531298339 0.0308317206799984 -0.01099999994039536 
0.01018387544900179 -0.003254164010286331 -0.003857216564938426 
0.006064496468752623 0.008030213415622711 -0.0001647487806621939 
0.005474861245602369 -0.001060433103702962 -0.001566018792800605 
-0.009112370200455189 -0.0009194412850774825 -0.001599035458639264 
0.007622269913554192 0.03394933789968491 -0.008365809917449951 
0.009732537902891636 0.01908163726329803 -0.006364487111568451 
-0.002793942810967565 0.01299863774329424 -0.01288647018373013 
0.007585386745631695 0.01155350543558598 -0.006790242623537779 
0.007469601463526487 -0.001952999387867749 -0.000631466566119343 
0.009319908916950226 0.02236436121165752 -0.003842974081635475 
0.006962927058339119 0.01907532289624214 -0.002088754437863827 
-0.0006250588339753449 0.03101935423910618 -0.01155908033251762 
-0.004878564272075891 -0.007217895239591599 -0.001426027389243245 
0.003354970831423998 0.01963969320058823 0.000908565882127732 
0.0009555153083056211 0.01225057616829872 0.0008978618425317109 
0.004242199007421732 0.01791465282440186 0.0006702040554955602 
-0.0009884156752377748 0.02971531078219414 -0.0124151948839426 
-0.00791670847684145 0.007975404150784016 -0.004732663743197918 
-0.006637771148234606 0.02213134244084358 -0.008275460451841354 
-0.008681235834956169 -0.003865003352984786 -0.01166298799216747 
0.0003300790267530829 -0.002699748612940311 -0.01046645455062389 
-0.006449173204600811 0.01003303471952677 -0.01012041047215462 
-0.004329906310886145 -0.001379994326271117 -0.01298707257956266 
0.006025822833180428 0.002972983755171299 8.215641719289124e-05 
-0.005831382237374783 -0.004052127245813608 -0.001510690664872527 
0.006581067107617855 -0.0001367331424262375 -0.007050000596791506 
0.006099565885961056 0.00443684309720993 5.996066465741023e-05 
0.001038086833432317 0.03290346637368202 -0.01220484916120768 
0.007794664241373539 0.008870307356119156 -0.008921264670789242 
0.006439543329179287 0.0223301500082016 -0.01168627664446831 
0.004511038772761822 -0.006848033051937819 -0.007050000131130219 
-0.007589733693748713 0.01970446854829788 -0.005987538024783134 
0.003096655011177063 0.02972609736025333 -0.009625406935811043 
0.0015899573918432 -0.007947341538965702 -0.01060599274933338 
0.002862483263015747 0.007426198571920395 -0.001792838564142585 
0.008652877062559128 0.01934318616986275 -0.009890700690448284 
-0.007510358467698097 0.01996767707169056 -0.006317071616649628 
-0.0007570460438728333 -0.002056249417364597 -0.01290860585868359 
-0.002662288025021553 0.007165912073105574 0.001091088633984327 
-0.004382357001304626 0.02674936503171921 -0.009499064646661282 
-0.0004760894807986915 0.004329525399953127 0.000919987098313868 
0.002873048419132829 0.006730183959007263 -0.0127418115735054 
-0.007057997863739729 -0.005999210756272078 -0.01271083764731884 
-0.001137575949542224 0.01248946692794561 0.0009707689168862998 
0.003874852787703276 0.01319214608520269 -0.0123505350202322 
0.008879842236638069 0.0154960909858346 -0.009820361621677876 
0.005552738904953003 -0.001884893979877234 -0.00494999997317791 
0.00184665503911674 0.01825503818690777 0.0009290734305977821 
0.0008315801969729364 -0.002407811116427183 -0.005341892130672932 
0.004846422933042049 -0.005413138307631016 -0.001453635864891112 
0.008344619534909725 0.02206770330667496 -0.001863651210442185 
0.006358835380524397 0.01159291714429855 -0.001894609536975622 
0.00918140821158886 0.02654099836945534 -0.007601184770464897 
0.001780366757884622 0.03135290741920471 -0.009580289945006371 
-0.006455848924815655 0.002116691321134567 -0.001672916579991579 
-0.004016128368675709 0.02663996815681458 -0.005762680899351835 
0.0010812011314556 -0.002548687160015106 -0.008050000295042992 
0.007818678393959999 -0.005396408028900623 -0.005251902155578136 
0.007039322517812252 0.009435944259166718 -0.0005720356712117791 
-0.001240282319486141 0.02856491506099701 -0.01238190289586782 
0.006770205684006214 0.0001452621072530746 -0.005501871462911367 
0.006996340118348598 0.01910797134041786 -0.005704537034034729 
-0.006428577937185764 0.0151716461405158 -0.003014987800270319 
-0.006442826241254807 0.01502616424113512 -0.005174252204596996 
-0.003846199484542012 0.03504908457398415 -0.0001372135884594172 
0.006939070299267769 0.02447240985929966 -0.01181287039071321 
0.007549786008894444 -0.003138179890811443 -0.002258982975035906 
0.004706066567450762 0.01766032725572586 -0.01194368302822113 
-0.003518633544445038 0.01905040070414543 -0.009890859015285969 
0.008049394935369492 -0.002485874574631453 -0.003949999809265137 
-0.001139044645242393 0.03377728164196014 -0.01142452657222748 
-0.0003526738146319985 0.009671758860349655 0.001020871801301837 
-0.002371343784034252 -0.002152659930288792 -0.007663678843528032 
0.007130741141736507 0.01438762433826923 -0.01133356895297766 
0.007282235193997622 0.008347473107278347 -0.0006529419333674014 
0.009234108962118626 0.01295605767518282 -0.002576861763373017 
0.004063311498612165 -0.008948180824518204 -0.001363319694064558 
0.001866004895418882 0.0202195905148983 0.001045436249114573 
0.01035561785101891 0.003861911594867706 -0.00295167276635766 
0.0001484593376517296 0.01631978526711464 -0.00996951200067997 
0.001423444133251905 -0.0003354616637807339 -0.0067110201343894 
0.007667227182537317 0.01050402410328388 -0.004885025788098574 
-0.003793714102357626 0.0260133184492588 -0.001338456175290048 
-0.002601053565740585 0.01324974186718464 -0.01004414912313223 
0.00536876916885376 0.03006036952137947 -0.002378761302679777 
-0.003080938942730427 0.001244182232767344 -0.001643362455070019 
-0.003486513160169125 0.02943112514913082 -0.009600007906556129 
0.0009492047247476876 0.01421438343822956 -0.01002608891576529 
-0.0005977727705612779 0.0143846683204174 0.0009284890838898718 
-0.002997133880853653 -0.00223767920397222 -0.01302760653197765 
0.005324587691575289 -0.007899295538663864 -0.008050000295042992 
0.0005667778314091265 0.0245876107364893 0.001116294879466295 
0.006337687373161316 0.02562427520751953 0.0002015930076595396 
0.001198329729959369 0.0140284514054656 -0.001968556083738804 
0.00658386992290616 0.02510575950145721 7.524254033342004e-05 
-0.005753427743911743 0.03329408913850784 -0.01021098252385855 
-0.003531584283336997 0.03533140942454338 -0.01160883810371161 
0.006252477876842022 0.0132497763261199 -0.001938081695698202 
-0.003710351884365082 0.03118408843874931 -0.002400000113993883 
0.001718148705549538 0.007600993849337101 -0.01289772242307663 
0.01109433639794588 0.002324823755770922 -0.006037087645381689 
0.00220718327909708 0.02168378047645092 -0.01310624554753304 
-0.006091626361012459 0.01116671971976757 0.0002955049276351929 
0.005238104611635208 0.000326749577652663 -0.0103972889482975 
0.003751622745767236 0.005448290146887302 -0.001739412895403802 
0.00296568451449275 0.009974634274840355 -0.001859168289229274 
-0.008995352312922478 -6.776058580726385e-05 -0.01037902012467384 
0.001284891157411039 0.009622864425182343 -0.01014664210379124 
-0.0001779248705133796 -0.009457852691411972 -0.01225622184574604 
-0.004899470135569572 0.02133370749652386 -0.0007711831713095307 
0.005052916705608368 0.01907621510326862 -0.01253405027091503 
0.006798344664275646 0.01149014290422201 -0.01010895613580942 
-0.005754046142101288 0.01831269264221191 -0.005617318209260702 
0.002405072329565883 0.006863147020339966 -0.01281287521123886 
0.0006620880449190736 -0.001736741280183196 -0.001558020943775773 
0.00828928966075182 0.002526192693039775 -0.007656838279217482 
-0.006748544052243233 -0.006696802563965321 -0.01160778477787971 
0.004321310669183731 0.01720371656119823 0.000510883575771004 
0.006341216154396534 0.009988961741328239 -0.01014723256230354 
0.007128098979592323 0.03179322928190231 -0.001185248489491642 
-0.006303839851170778 0.003981092013418674 -0.01255116797983646 
0.005119467154145241 0.01598943769931793 -0.01214271411299706 
-0.004759622272104025 -0.001182635664008558 -0.01294900104403496 
-0.00415484793484211 0.02696115523576736 -0.003289257641881704 
0.003740435931831598 0.02635338343679905 -0.01294692885130644 
-0.004106371663510799 0.009700779803097248 -0.01013378705829382 
0.007726054638624191 0.009749285876750946 -0.005561193451285362 
0.005844227038323879 -0.002431142376735806 -0.008050000295042992 
-0.001731442986056209 -0.001796680153347552 -0.008050000295042992 
0.01010179240256548 0.00957439374178648 -0.00801138486713171 
-0.003031477564945817 -0.0001240523997694254 -0.01039245910942554 
0.004247076343744993 0.01629823446273804 -0.009978301823139191 
0.004751256667077541 0.007906530052423477 0.0004217589448671788 
0.001619397778995335 -0.006707712076604366 -0.01261389814317226 
-0.006096238270401955 0.02441125735640526 -0.006793387234210968 
-0.005906702950596809 0.032525934278965 -0.0007202098495326936 
0.005568523891270161 -0.003636256325989962 -0.01050142012536526 
-0.002841986017301679 -0.0003114718711003661 -0.003949999809265137 
-0.001666315481998026 -0.002925916109234095 -0.007384273689240217 
-0.002116523217409849 -0.002032723743468523 -0.001555883907712996 
0.009962345473468304 0.01233765762299299 -0.008016974665224552 
-0.002727546729147434 0.03348634019494057 -0.001600398914888501 
-0.007669821847230196 0.009142909198999405 -0.005185899324715137 
0.005677826702594757 0.01709728501737118 2.577228951849975e-05 
-0.001455413643270731 0.02612806297838688 -0.002289789961650968 
7.055414607748389e-05 0.02050779387354851 -0.00986001081764698 
1.596519723534584e-05 0.02083775214850903 -0.002148712519556284 
-0.0009175520390272141 0.001180859981104732 -0.005695967935025692 
0.006587946321815252 -0.007650577463209629 -0.008293027058243752 
-0.001364694209769368 -0.0009170828852802515 5.215407272718409e-11 
0.006381243467330933 0.02699679508805275 -0.005401899572461843 
-0.001068571698851883 0.003061520168557763 -0.004371700808405876 
0.005801067687571049 0.03045590594410896 -0.01207019668072462 
-0.007733181584626436 0.008893154561519623 -0.008326020091772079 
0.00114942854270339 0.01448938436806202 0.0008600496221333742 
0.001442849636077881 0.01963337510824203 -0.009885596111416817 
-0.007937188260257244 0.007947719655930996 -0.002759544644504786 
0.005565298721194267 0.02553180232644081 -0.01253995671868324 
-0.00748612591996789 -0.002174551598727703 -0.01245219260454178 
0.01053551957011223 -0.001576113747432828 -0.003942233975976706 
-0.00804748572409153 0.01225678436458111 -0.001294542104005814 
-0.003038479248061776 0.007148609030991793 -0.001797435106709599 
-0.005114187486469746 -0.003220032202079892 0.0009386258898302913 
0.01072382461279631 0.004129264503717422 -0.008074857294559479 
-0.003275019582360983 -0.008947337046265602 -0.0007101731607690454 
0.008943625725805759 0.02064841985702515 -0.009247985668480396 
0.003827475477010012 0.02937707863748074 -0.01265364605933428 
0.005031750071793795 0.006372389383614063 0.0003399354754947126 
-0.004372220020741224 -0.007048200815916061 -0.001429441501386464 
0.006792768370360136 0.02171921730041504 -0.007463946007192135 
-0.006793562788516283 -0.005962999537587166 0.0007710878853686154 
-0.005537682212889194 0.03374675661325455 -0.001618695445358753 
0.001402688911184669 0.0004258183180354536 -0.005402134731411934 
0.006702683866024017 0.001277134055271745 -0.0003867435734719038 
0.002593350131064653 0.01318646222352982 -0.01242212392389774 
0.007456902414560318 0.01320181600749493 -0.004103530198335648 
-0.008056049235165119 0.00732356496155262 -0.007721575442701578 
-0.006756522227078676 0.01685328595340252 -0.001197530073113739 
-0.006709063891321421 0.006908942479640245 -0.01244365144520998 
0.002574873389676213 0.01726160570979118 -0.009949792176485062 
-0.003944489639252424 0.01414493564516306 0.0006792140775360167 
0.00317888823337853 -0.004014378413558006 -0.008050000295042992 
0.005333047825843096 0.02968712896108627 -0.002369088120758533 
0.005797285586595535 0.03005407191812992 -0.01216037571430206 
0.001721708220429718 0.02879002876579762 -0.01271876879036427 
-0.004253549966961145 0.03116206079721451 -0.0002123035228578374 
0.006149970926344395 0.00915785226970911 -0.001831451896578074 
0.008772196248173714 0.01416577398777008 -0.01001840177923441 
-0.003204200882464647 0.003555594710633159 -0.01029604114592075 
-0.002502274699509144 0.01444598194211721 0.0008570842910557985 
-0.004586606752127409 0.02398725971579552 -0.008535447530448437 
0.001834712456911802 0.009840961545705795 -0.01286840718239546 
-0.002457300899550319 0.02720744535326958 -6.607112300116569e-05 
-0.00166764110326767 0.008556196466088295 -0.01016856543719769 
0.00627369387075305 0.02556872554123402 -0.00225967331789434 
1.155922655016184e-05 -0.002633798401802778 -0.005945727229118347 
0.007384802214801311 -0.004838705528527498 -0.008194233290851116 
-0.005375169217586517 0.01185224391520023 -0.001924931770190597 
-0.0003518929006531835 0.02627746574580669 -0.01295181922614574 
-0.003264565719291568 0.02080191858112812 -0.002154361689463258 
0.004714615643024445 0.01699249073863029 -0.002038886537775397 
-0.005976277869194746 0.007931536994874477 -0.01017622649669647 
0.004932466894388199 -0.006863242480903864 6.611773278564215e-05 
0.002732571680098772 0.01715387217700481 -0.01281537767499685 
-0.005167314782738686 -0.006041839253157377 -0.01054267957806587 
-0.007928915321826935 -0.001373821636661887 -0.01222261413931847 
-0.004799684975296259 0.01579875685274601 -0.01227306388318539 
0.00546621298417449 0.007154297083616257 -0.01226407289505005 
0.01084806676954031 0.001459683757275343 -0.008022206835448742 
-0.003359296126291156 -0.001192327355965972 -0.01041969377547503 
0.0009715110063552856 -0.002801063470542431 -0.008050000295042992 
0.001773234340362251 0.001611431478522718 -0.01035679131746292 
-0.003095674328505993 0.03075700998306274 -0.01032816059887409 
0.007955729030072689 0.006803822237998247 -0.005191272124648094 
-0.0006333058699965477 -0.005973980762064457 0.0009168622782453895 
0.008205266669392586 0.03188027068972588 -0.01015530154109001 
0.006100686732679605 -0.007654908113181591 -0.002074279822409153 
-0.003791948780417442 0.03150888532400131 -0.002088051754981279 
0.009016431868076324 -0.005111607257276773 -0.01018999516963959 
0.006748653948307037 0.0222856942564249 -0.004306912887841463 
0.009760430082678795 0.001556343864649534 -0.01018931809812784 
-0.001542633632197976 -0.002868496812880039 -0.008050000295042992 
0.00175246549770236 0.02735991403460503 -0.01301859691739082 
-0.006939520128071308 0.01916074194014072 -0.002385674510151148 
0.01080812141299248 0.002408663742244244 -0.008033184334635735 
-0.009175544604659081 0.01019665133208036 -0.002540923189371824 
-0.00797988660633564 0.003332933643832803 -0.01184491813182831 
0.006664538756012917 -0.006358690559864044 -0.01163073163479567 
0.006601776462048292 0.02416834607720375 -0.006373301148414612 
0.004422517027705908 0.02572569251060486 -0.00226748688146472 
-0.000556532118935138 0.009648257866501808 -0.01014228351414204 
0.007049958687275648 -0.004811619874089956 -0.004949999507516623 
-0.00956464558839798 0.006387816742062569 -0.009313827380537987 
0.004387313965708017 0.01426678523421288 -0.01226815115660429 
-0.005841191858053207 0.02357262000441551 -0.009033139795064926 
0.008376334793865681 0.03344636410474777 -0.008761927485466003 
0.007311128079891205 -0.007009659893810749 -0.006584470625966787 
0.001544481259770691 0.01506202947348356 0.000839628279209137 
0.006491814274340868 0.02346584759652615 0.0001425795926479623 
0.004995851777493954 -0.002389037050306797 -0.00153229187708348 
-0.006810043938457966 0.01332719810307026 -0.003448646049946547 
-0.004745636135339737 -0.007955866865813732 -0.01301085110753775 
0.01031910628080368 0.005734425969421864 -0.007810969371348619 
-0.003939072601497173 0.01773630268871784 -0.002075675642117858 
9.991757542593405e-05 0.00146250834222883 -0.007192079909145832 
-0.005803915206342936 0.004330120515078306 -0.01027060206979513 
-0.007908059284090996 0.007373552769422531 -0.01173296198248863 
-0.001198777346871793 0.009841203689575195 0.001030185259878635 
0.004905395209789276 -0.002093516523018479 -0.008050000295042992 
0.004434982314705849 0.01701490581035614 -0.009959966875612736 
0.003451406490057707 -0.0067631546407938 -0.01233961433172226 
0.00763255450874567 0.01205912139266729 -0.0008881008834578097 
0.005419145803898573 0.02575154229998589 -0.002266161376610398 
0.006214812863618135 -0.008231885731220245 -0.0110870860517025 
0.001444240217097104 0.02350804954767227 -0.009784435853362083 
0.0009941129246726632 -0.005257968325167894 0.0007166700670495629 
0.001322714844718575 0.03060812875628471 -0.002401183359324932 
0.008968368172645569 0.03288985043764114 -0.005299406591802835 
-0.001087707816623151 0.01475749257951975 -0.01292327605187893 
0.002869188785552979 0.03182777389883995 -0.01160181406885386 
-0.006704392842948437 0.01378713082522154 -0.004753102548420429 
0.009275638498365879 0.02974109351634979 -0.007900051772594452 
-0.002267294796183705 0.001081476453691721 -0.01299580559134483 
-0.006826582364737988 0.01486834511160851 -0.01130190305411816 
0.009536742232739925 0.02214822918176651 -0.006338026840239763 
-0.003813614370301366 0.03154540807008743 -0.002080349251627922 
0.004547933116555214 -0.002072296338155866 0.0001536280615255237 
0.008254890330135822 -0.004399274941533804 -0.0009286408894695342 
0.006655597127974033 0.01838025264441967 -0.009928777813911438 
0.00650462694466114 -0.007707122247666121 -0.01125392690300941 
-0.00611655181273818 0.01668470166623592 -0.009462514892220497 
-0.004278038628399372 0.02683372795581818 -0.002328957198187709 
0.005728050135076046 -0.008140147663652897 -0.007289900444447994 
0.006530024576932192 0.00217383960261941 -0.001691395067609847 
0.006507879588752985 0.006224322598427534 -3.587167884688824e-05 
-0.0002643255575094372 -0.008864253759384155 -0.01062621083110571 
0.006066910456866026 -0.0005401295493356884 -0.00494999997317791 
0.003517102682963014 0.02261707372963428 -0.002188141690567136 
0.007483592722564936 0.01285940408706665 -0.007783552631735802 
0.006827297154814005 -0.000934530224185437 -0.008050000295042992 
0.01092057395726442 0.0002351685834582895 -0.004062212072312832 
0.001548541244119406 -0.008551172912120819 -0.01260215323418379 
-0.007810497656464577 0.009438403882086277 -0.0004826279182452708 
-0.003671071492135525 0.03277740627527237 -0.002131829503923655 
-0.0007670458871871233 0.00298313656821847 -0.001684120390564203 
-0.003498753067106009 0.002937073819339275 -0.01031159982085228 
-0.0006236335029825568 0.01173730939626694 -0.01008760556578636 
-0.006084437482059002 0.01188858598470688 -0.0122160566970706 
6.831128848716617e-05 -0.008341655135154724 -0.01279433444142342 
-0.001211144495755434 0.005472945049405098 0.00112176185939461 
0.001955642364919186 0.01905961334705353 -0.01296335458755493 
0.007365741301327944 0.00188890693243593 -0.0103607727214694 
0.003410274861380458 -0.001775871147401631 0.0003841273137368262 
-0.0001741980668157339 0.02900953590869904 -0.002362450351938605 
0.007976002991199493 -0.002554692793637514 -0.00384916365146637 
0.003405507653951645 -0.001301418873481452 -0.003949999809265137 
0.008071143180131912 0.03251693397760391 -0.002402862533926964 
-0.001237472868524492 -0.003502817824482918 -0.001515777781605721 
0.003271772991865873 0.01518291048705578 -0.01000546291470528 
0.009035478346049786 0.03277744352817535 -0.004684053361415863 
0.01023883372545242 0.002261717803776264 -0.009409765712916851 
0.006883617024868727 0.02055405639111996 -0.00744096701964736 
0.003005756996572018 0.01051684468984604 0.0003157317405566573 
-0.00352582149207592 0.007969401776790619 -0.01018015667796135 
-0.006857448257505894 0.01303514372557402 -0.006738128140568733 
-0.002092302776873112 0.007503545377403498 -0.01019519753754139 
0.008117441087961197 0.004730802960693836 -0.009339769370853901 
0.00436073075979948 0.01509340759366751 0.000290135300019756 
0.007710304111242294 0.02344046719372272 -0.001181798754259944 
0.007513916585594416 -0.005144926719367504 -0.0006192813743837178 
-0.001729441457428038 0.02652894333004951 -0.01229512132704258 
0.004629113711416721 -0.00218281289562583 0.0001364764320896938 
-0.009916664101183414 0.007828484289348125 -0.004150815308094025 
-0.007958769798278809 0.007732431404292583 -0.006111208349466324 
0.002175686182454228 0.009953836910426617 -0.01013978850096464 
-0.002366685774177313 0.02665824815630913 -0.002305461559444666 
0.006582536734640598 0.008232205174863338 -0.01166197285056114 
0.000519578461535275 0.02719135768711567 -0.009686412289738655 
0.006337338592857122 0.007868498563766479 -0.01175189297646284 
-0.007148402743041515 0.01165513787418604 -0.004842252936214209 
0.005596496164798737 0.02120044454932213 -0.01250952575355768 
0.005486462730914354 0.0243191197514534 -0.01257864572107792 
0.008537055924534798 0.006003081798553467 -0.01107285916805267 
-0.007508079521358013 0.01794788427650928 -0.009186119772493839 
0.002979780547320843 0.02298597805202007 -0.009801147505640984 
-0.002436059061437845 0.0007681447314098477 -0.003949999809265137 
0.004412622191011906 0.02784298360347748 -0.002322786953300238 
-0.008419974707067013 0.01491233706474304 -0.008826677687466145 
0.0007539069629274309 0.001534192822873592 -0.01200000010430813 
0.00375235010869801 -0.006903019268065691 -0.01058306731283665 
0.00463549280539155 -0.007852333597838879 -0.00494999997317791 
-0.0009766118600964546 0.003698637010529637 -0.001703221932984889 
0.003482820466160774 -0.0005621978198178113 -0.008050000295042992 
-0.006557129789143801 0.0181458443403244 -0.001400348264724016 
-0.006581688299775124 0.01433952059596777 -0.00575829204171896 
-0.009808751754462719 0.008456382900476456 -0.004152107983827591 
-0.009551056660711765 0.008506418205797672 -0.002750510815531015 
0.001170879579149187 -0.003317587310448289 -0.01271859928965569 
0.0005679370369762182 0.02047672308981419 -0.002138178795576096 
-0.009654647670686245 0.005790324881672859 -0.002691046567633748 
0.00725269690155983 0.01582138240337372 -0.00960080511868 
-0.008114694617688656 0.01742991805076599 -0.006542764604091644 
0.00781327486038208 -0.001029565464705229 -0.007334975525736809 
0.01018779724836349 0.01026316173374653 -0.005305993836373091 
-0.004206146579235792 0.007467163726687431 -0.001808095956221223 
0.01096896268427372 0.000398016010876745 -0.007732197642326355 
0.00518678966909647 0.00532559584826231 0.0003022284945473075 
-0.004764252342283726 -0.0004996521165594459 -0.01293620374053717 
0.00013850221876055 0.02870788052678108 -0.01267752051353455 
0.003765728790313005 -0.00756507832556963 -0.0106003787368536 
-0.002678121905773878 0.02874825149774551 2.953767034341581e-05 
-0.004263940267264843 0.03301837295293808 -0.0009522488107904792 
-0.002037705853581429 0.000103635829873383 -0.01209921762347221 
0.009335210546851158 0.002988360356539488 -0.01055930461734533 
0.01009518746286631 -0.001379730296321213 -0.002992872381582856 
-0.003829563967883587 0.02531374618411064 -0.01107815839350224 
0.005094784311950207 0.02793626673519611 -0.01258023455739021 
0.005974857602268457 0.008851516991853714 -0.01017619483172894 
0.005517309531569481 0.008418252691626549 -0.001813411479815841 
-0.000948444358073175 -0.001877043512649834 -0.008050000295042992 
0.006389647722244263 0.02688892558217049 -0.006368154659867287 
0.004888993687927723 0.00208331155590713 -0.01022818125784397 
-0.004657020326703787 0.01009701378643513 -0.01281173527240753 
-0.004493888467550278 0.02443816140294075 -0.003277203300967813 
0.006658679340034723 0.03301519900560379 -0.009100806899368763 
0.007398610003292561 -0.0005137570551596582 -0.003939236514270306 
0.004029547329992056 0.03162465617060661 -0.01125077530741692 
0.0007126630516722798 0.02973031625151634 0.0006305914139375091 
-0.003149837255477905 0.02384883910417557 -0.009766316972672939 
0.003520591650158167 0.01584901101887226 -0.002011427888646722 
-0.004538754466921091 0.01499295979738235 -0.002005253685638309 
-0.0001853659632615745 0.03146971762180328 0.0002828167635016143 
0.004429604392498732 0.01028301287442446 -0.0122457854449749 
-0.0012553830165416 0.001865001395344734 -0.01296882703900337 
-0.001508129062131047 0.01307202875614166 -0.01005098223686218 
0.008038237690925598 -0.003163696266710758 -0.003929051570594311 
0.009027323685586452 0.02318807877600193 -0.008727503009140491 
-0.004118508193641901 0.01874876953661442 -0.01218690909445286 
-0.0009761230321601033 -0.001124580041505396 -0.0009264002437703311 
-0.003504174062982202 0.001734886318445206 -0.01034297607839108 
-0.009901475161314011 0.005347293801605701 -0.008577886968851089 
-0.00535805057734251 0.004707092419266701 -0.001738345483317971 
0.006326002068817616 0.03278781473636627 -0.004134421236813068 
0.009468402713537216 0.008609641343355179 -0.009344892576336861 
0.008807200938463211 0.02573107928037643 -0.003106846241280437 
0.005060920491814613 -0.002984597580507398 -0.00494999997317791 
0.007929852232336998 0.005858608987182379 -0.0005811082664877176 
0.00722922571003437 -0.005186264868825674 -0.008226055651903152 
0.001112713478505611 0.03302483633160591 -0.01149028073996305 
0.002019088249653578 -0.00268624653108418 -0.007050000131130219 
-0.007684913463890553 0.01860956847667694 -0.003815846052020788 
-0.008635060861706734 0.0148383304476738 -0.004459994845092297 
0.006261359434574842 0.02853506989777088 -0.008693662472069263 
0.00571881141513586 0.007968752644956112 -0.01019872911274433 
-0.008444443345069885 0.003205051179975271 -0.01150896213948727 
0.003633665619418025 0.01509691774845123 -0.01000843476504087 
0.006328382063657045 0.006240638438612223 1.792843613657169e-05 
0.003608358092606068 -0.006075434386730194 -0.004051763564348221 
0.0004071414878126234 0.03388036042451859 0.0001124763002735563 
0.00622904859483242 0.01355575677007437 -0.001946117612533271 
-0.00509154237806797 0.004451819695532322 -0.01278569642454386 
0.007187905721366405 0.01071771048009396 -0.01134794019162655 
0.006957374978810549 -0.001597327180206776 -0.01045097410678864 
-8.557125693187118e-05 0.006568125914782286 -0.001776352408342063 
0.007363853976130486 -0.002577723236754537 -0.01141748297959566 
-0.006169295404106379 0.005996524356305599 0.0004833604616578668 
0.008807609789073467 0.001672422979027033 -0.0009949168888852 
-0.006440503988415003 0.008691404014825821 -0.01015545520931482 
-0.004500845447182655 -0.008399589918553829 -0.01103739999234676 
0.002767718862742186 0.01216733455657959 -0.01008318550884724 
0.002416756469756365 -0.00424931850284338 -0.003949999809265137 
0.005970222409814596 0.02085734345018864 -4.119698496651836e-05 
0.006754179950803518 0.03047049790620804 -0.0003611662250477821 
-0.004578374326229095 -0.006957649253308773 -0.001432220451533794 
0.003990749828517437 0.0005334627348929644 -0.01038938760757446 
0.01005213055759668 0.008925659582018852 -0.003774997312575579 
0.01091840676963329 0.002255321014672518 -0.004401650745421648 
-0.003370991442352533 0.00789242796599865 -0.01018247753381729 
-0.004110030364245176 0.01025078445672989 -0.001880580093711615 
0.007323706056922674 -0.00696968287229538 -0.004749602638185024 
0.01051423233002424 -0.002241848269477487 -0.006967334076762199 
-0.006863564252853394 0.01311267353594303 -0.002271233825013041 
-0.007121490314602852 0.01407977938652039 -0.01123534608632326 
-0.006007245276123285 0.0002753711887635291 -0.01277570519596338 
0.006822648458182812 0.03312880918383598 -0.00693036150187254 
0.006728191394358873 0.02254810929298401 -0.009281010366976261 
-0.00269475718960166 0.0276456531137228 -0.01189815439283848 
0.004406917374581099 -0.009177559986710548 -0.001242538797669113 
0.006920402869582176 -0.0005872720503248274 -0.01155687589198351 
0.004652910865843296 0.008022531867027283 -0.01019518449902534 
0.01038227509707212 0.005607111845165491 -0.007174937520176172 
0.006627532187849283 0.000266911752987653 -0.008050000295042992 
-0.0007632982451468706 0.003491989802569151 0.0009337604278698564 
0.002998879179358482 0.0229659415781498 -0.009801710024476051 
0.005965315271168947 -0.002006330993026495 -0.001540338038466871 
-0.008477632887661457 0.01307488791644573 -0.002219324000179768 
-0.004677597898989916 -0.007696816697716713 -0.001413119956851006 
-0.002740876981988549 -0.001724728499539196 -0.01043483428657055 
-0.002061625942587852 0.03515604883432388 -3.430461947573349e-05 
-0.008494794368743896 0.01346215792000294 -0.009549016132950783 
-0.006277939770370722 0.024219810962677 -0.005426809191703796 
-0.004779834300279617 0.02308494597673416 -0.002777562476694584 
0.00736242113634944 0.01162652671337128 -0.001893472741357982 
-0.002322186250239611 -0.003267337568104267 -0.01047595031559467 
0.004011034965515137 -0.002233893610537052 -0.01046168059110641 
-0.005547191947698593 0.01939556561410427 -0.008932633325457573 
0.008778957650065422 -0.006013054400682449 -0.008997521363198757 
0.006576837971806526 0.01422928087413311 -0.0003854173410218209 
0.005440270528197289 0.02089499123394489 -0.01254849880933762 
-0.005232064984738827 0.02026291564106941 -0.0007552272290922701 
0.007086352445185184 0.0157071053981781 -0.002000566106289625 
-0.009190617129206657 -0.001528824679553509 -0.0006255409680306911 
-0.005163666792213917 0.02122161164879799 -0.008575370535254478 
0.001996400533244014 -0.001713805715553463 -0.00494999997317791 
-0.0040463344193995 0.01920818164944649 -0.01215489581227303 
0.001914472784847021 0.01322909537702799 -0.01005375105887651 
-0.004588599316775799 0.02470909990370274 -0.01036371849477291 
-0.009508736431598663 0.009995893575251102 -0.008277904242277145 
0.005566108506172895 0.0272572822868824 -0.002305179834365845 
0.0001678610133239999 0.01158843282610178 -0.0100930817425251 
-0.004725802689790726 0.016012292355299 -0.009967757388949394 
0.00666426308453083 0.002071335213258862 -0.006144324783235788 
-0.003462668741121888 0.0193793885409832 0.0003791463386733085 
-0.001961422618478537 0.001431321143172681 -0.01035399921238422 
0.005490651354193687 0.01377946138381958 -0.01200079265981913 
0.007817392237484455 -0.001053821528330445 -0.0007854512659832835 
-0.0006923241307958961 -0.004112390335649252 -0.001498825149610639 
7.985369302332401e-05 -0.006451367866247892 -0.01056390348821878 
-0.00205852510407567 0.0297820009291172 8.992401853902265e-05 
0.007876016199588776 0.0289926640689373 -0.01087125949561596 
0.002020453102886677 0.008359690196812153 -0.01285637822002172 
-0.0003150523407384753 0.03133578598499298 -0.0005960685666650534 
0.005880872718989849 0.009241127409040928 -0.01016583479940891 
-0.001259885262697935 0.01217953860759735 -0.01007478311657906 
0.007708515971899033 0.009974503889679909 -0.007185838185250759 
0.005654287990182638 0.01283531822264194 -5.834439434693195e-05 
-0.007479601074010134 0.01998304761946201 -0.0069035436026752 
0.002067795721814036 0.02772111259400845 0.001003966550342739 
-0.00237504206597805 0.01916962489485741 -0.01270585414022207 
0.008530925028026104 0.0232067983597517 -0.009799300692975521 
0.003723403206095099 -0.006790937390178442 -0.007050000131130219 
-0.0001111786405090243 0.01727550849318504 0.0009400742128491402 
-0.001703950460068882 0.007612742483615875 -0.001806874526664615 
0.006108878180384636 -0.004735850263386965 -0.007049999665468931 
0.007649369537830353 0.01073354296386242 -0.008424622006714344 
-0.007563597988337278 0.01670996099710464 -0.002209261525422335 
0.007560867816209793 0.0265380721539259 -0.001127991243265569 
0.008934805169701576 0.01918382570147514 -0.00254859309643507 
-0.00590794999152422 0.02160688862204552 -0.002004886977374554 
-0.003272167639806867 0.02186639979481697 -0.009817830286920071 
-0.004827507305890322 -0.003934887237846851 -0.01297715306282043 
-0.001233891001902521 -0.003549062879756093 -0.001514564151875675 
-0.007200344931334257 0.01793038658797741 -0.002195236040279269 
0.004677143413573503 -0.007428784854710102 -0.01059864927083254 
0.0004181454132776707 -0.001905391225591302 -0.001554107293486595 
-0.00885486975312233 0.01214660424739122 -0.002738716779276729 
0.003500673919916153 -0.0007302162703126669 -0.01237654127180576 
-0.005128140561282635 0.02140810526907444 -0.00297286338172853 
0.00617638137191534 0.02962405048310757 -0.006253707688301802 
0.01100592967122793 0.00449565751478076 -0.005907081998884678 
0.008134216070175171 0.002660699188709259 -0.01135845668613911 
-0.007794585078954697 0.007539552636444569 -0.01018281187862158 
0.001958763226866722 0.003759932471439242 0.0008786190301179886 
-0.006167815532535315 -0.0007993582985363901 0.000776620814576745 
-5.521861021406949e-05 0.01595205441117287 -0.009978704154491425 
-0.004774461034685373 0.01360523607581854 -0.001969494856894016 
0.005212007090449333 0.02159009128808975 0.0006473427638411522 
0.008709227666258812 0.004207570571452379 -0.0110118156298995 
0.006387546192854643 0.03283047303557396 -0.006263475865125656 
0.005260169971734285 0.005288592539727688 -0.001732215634547174 
0.004687864799052477 0.007670412305742502 -0.01243400573730469 
0.001145859248936176 0.01063136011362076 -0.001879967283457518 
0.005384988617151976 0.01299066841602325 3.019312680407893e-05 
0.002780509414151311 -0.002725825645029545 -0.00494999997317791 
0.001711039803922176 0.023954713717103 0.001137492596171796 
-0.003199469298124313 0.007692055776715279 -0.001811946975067258 
0.003662883769720793 0.01692141592502594 0.0006941441679373384 
-0.004184323363006115 0.002549094380810857 -0.01291733048856258 
0.001095755724236369 -0.003032053355127573 -0.00494999997317791 
-0.0007794206030666828 0.003005895763635635 -0.01031526084989309 
0.005744775291532278 0.000360106147127226 -0.01189948059618473 
-0.007819196209311485 0.01810245215892792 -0.003803730476647615 
-0.004608658142387867 0.02116459421813488 -0.002166528254747391 
-0.003647457808256149 0.03126530721783638 -0.01002482138574123 
-0.002516204724088311 0.02302973158657551 0.0004070190479978919 
-0.005146433599293232 -0.004877134691923857 -0.01051231287419796 
-0.004946995992213488 0.001508031971752644 -0.0128796249628067 
-0.006646912544965744 -0.004658040124922991 0.0007765929913148284 
0.001317469635978341 -0.005747078917920589 -0.003949999809265137 
-0.005138118751347065 0.02674148045480251 -0.007599072530865669 
-0.00103356852196157 -0.002392582828179002 -0.001544327940791845 
-0.008001234382390976 0.01582607440650463 -0.002694962779060006 
0.006608831696212292 -0.004536005668342113 -0.008050000295042992 
0.008707289583981037 -0.0004012638237327337 -0.01068888138979673 
0.00760661531239748 0.01128198858350515 -0.008746347390115261 
-0.005251156631857157 -0.004785641562193632 -0.001490356284193695 
0.003071153070777655 0.027266014367342 -0.002310415264219046 
0.007570003625005484 0.01800961792469025 -0.0009348193998448551 
0.002455194480717182 -0.007223510183393955 -0.0124924574047327 
-0.001263758982531726 -0.003196637146174908 -0.003949999809265137 
0.005999322514981031 0.03189575672149658 -0.003257577307522297 
0.003181930165737867 0.005361903924494982 -0.001738300896249712 
0.003404101124033332 0.01912153325974941 -0.009902896359562874 
-0.005216306541115046 -0.007894134148955345 -0.0125269154086709 
-0.003658601548522711 0.01477626990526915 0.0006869257194921374 
0.001944705843925476 0.0121797900646925 0.000838122854474932 
-0.003749811789020896 0.01547817513346672 0.0006189422565512359 
0.004713984206318855 0.006248513702303171 -0.00175837439019233 
0.01016313210129738 0.009239910170435905 -0.004208600148558617 
-0.006923585198819637 0.02047734335064888 -0.008858444169163704 
-0.002665723208338022 0.02884587831795216 -0.00963682122528553 
0.001837613293901086 -0.008618071675300598 -0.001376165309920907 
-0.003975085448473692 0.01605814881622791 0.000506990822032094 
0.007914344780147076 -0.001401405432261527 -0.008050000295042992 
-0.005021004937589169 0.03313716500997543 5.215407619663104e-11 
0.0001311155501753092 0.004868010524660349 0.001078440458513796 
0.001144826412200928 0.01634381525218487 -0.01289952918887138 
-0.007478430867195129 -0.005134346894919872 -0.01051434781402349 
-0.0007105232798494399 -0.006089659407734871 0.0009234458557330072 
-0.0005813835887238383 0.02569707296788692 -0.002276782877743244 
0.008147195912897587 -0.00400195550173521 -0.0008915658690966666 
0.008118802681565285 -0.001719754305668175 -0.007078355178236961 
-0.002876408630982041 0.01755334623157978 -0.009931234642863274 
-0.004290953278541565 0.01787375099956989 -0.01222778856754303 
0.006391620729118586 0.02058333903551102 -0.009870726615190506 
0.001091220765374601 0.01627865806221962 -0.01290147937834263 
0.007459752261638641 0.01702041178941727 -0.01114109344780445 
0.004465258214622736 -0.000164067285368219 -0.00494999997317791 
0.007117724977433681 0.01141458749771118 -0.0006336561636999249 
0.0004012337885797024 0.00224865204654634 -0.001662598922848701 
0.004169608931988478 0.02183547988533974 -0.009833574295043945 
0.0003348613099660724 0.006839347537606955 -0.01021740958094597 
0.003683638526126742 -0.003305137623101473 -0.01048899255692959 
0.00360845890827477 -0.002372882794588804 0.0003478096332401037 
-0.001457731705158949 0.02484139055013657 0.0006993790157139301 
0.007206073962152004 0.01641926541924477 -0.009458278305828571 
-0.00447120051831007 0.01750162616372108 0.0001959296496352181 
-0.002118604257702827 0.01281473878771067 0.0009449595818296075 
-0.008426940068602562 0.005501893814653158 -0.006506077013909817 
0.00757220946252346 0.001275302260182798 -0.0004003807553090155 
-0.008987387642264366 -0.0008902596309781075 -0.01147659681737423 
-0.007446700241416693 -0.005938715301454067 -0.0007929506246000528 
0.004476252943277359 -0.001803578459657729 -0.003949999809265137 
0.007023252546787262 -0.005549396853893995 -0.00751922745257616 
0.002337037585675716 0.007875703275203705 -0.001805629348382354 
0.005930643528699875 0.01758750155568123 -0.01195388101041317 
-0.0002278397441841662 0.02122139185667038 -0.00984078086912632 
0.009784485213458538 0.01848756335675716 -0.006033905316144228 
-0.001896624336950481 0.0346735492348671 -0.002400000113993883 
0.009698536247014999 0.01934501528739929 -0.006744300946593285 
0.00291888159699738 0.01072828285396099 0.0001582781260367483 
0.001628272118978202 -0.001451817224733531 -0.01200000010430813 
-0.002981801051646471 0.009275944903492928 0.001012183609418571 
-0.0012501603923738 0.01058346964418888 -0.01011647377163172 
0.002771633677184582 0.03177982568740845 -0.01213361136615276 
0.009762275032699108 -0.0007798675796948373 -0.002477344358339906 
-0.007602998055517673 0.01119508035480976 -0.01140657253563404 
0.004541642963886261 0.01945046149194241 -0.01271544769406319 
8.553198858862743e-05 0.03411474451422691 -0.01218104548752308 
0.008415337651968002 0.0009104181663133204 -0.002221375005319715 
0.003116518957540393 -5.906380829401314e-05 -0.01040310226380825 
0.001082385773770511 -0.0009884098544716835 -0.005475930869579315 
0.004194360226392746 -0.004853644408285618 -0.01222274824976921 
0.009989985264837742 0.0147942379117012 -0.005976161919534206 
0.0001256645482499152 -0.009495359845459461 -0.01159506198018789 
-0.003624993609264493 0.01192958280444145 0.0008751146378926933 
-0.004907481372356415 -0.003668596502393484 -0.0129669550806284 
-0.003694667015224695 -0.001561061362735927 0.0010158137883991 
0.002828880678862333 0.02068287692964077 -0.002139023039489985 
0.002385865896940231 -0.005166525486856699 -0.007050000131130219 
-0.0004050591960549355 -0.001412702607922256 -0.004195165820419788 
0.002482483629137278 -0.008875070139765739 -0.01247048191726208 
-0.008837884292006493 0.01397431641817093 -0.004755013156682253 
-0.00674043595790863 0.01369096431881189 -0.009391873143613338 
-0.008459437638521194 0.01578764244914055 -0.007110405713319778 
0.007121587172150612 0.01159235183149576 -0.0006358280079439282 
0.004404873121529818 0.008101183921098709 -0.01019263360649347 
0.001197809120640159 0.01130580715835094 -0.001897472189739347 
0.007445201277732849 0.002848299453034997 -0.0003600894997362047 
-0.003980142995715141 0.0253949798643589 -0.001351570012047887 
0.007822563871741295 0.008511952124536037 -0.007493992801755667 
-0.004596385639160872 0.01638560928404331 -0.009958269074559212 
-0.005291048437356949 -0.004858462139964104 -0.001488533453084528 
-0.007385106291621923 -0.004263103473931551 0.0005801083170808852 
0.006899230182170868 0.02035472542047501 -0.003865084145218134 
0.0003685212577693164 0.03377112001180649 0.0002050732728093863 
0.008029954507946968 0.005851970985531807 -0.007072131149470806 
0.002394179347902536 0.01598248817026615 -0.009982826188206673 
0.003687969408929348 0.02205146290361881 -0.009826968424022198 
0.002949740272015333 -0.004117636941373348 0.000440779491327703 
0.001257108408026397 -0.008771094493567944 -0.0126373115926981 
0.009816306643188 0.002260161098092794 -0.01006720401346684 
0.001271683722734451 0.02856598608195782 -0.01273554377257824 
0.007766074500977993 0.009237390011548996 -0.001929179998114705 
-0.009252147749066353 0.00610827561467886 -0.01008366886526346 
-0.001382707851007581 0.03362255543470383 -0.009599999524652958 
-0.003022988326847553 0.02646460942924023 -0.0005748640396632254 
0.006463461555540562 -0.008488625288009644 -0.009329105727374554 
0.006139796692878008 0.03009435907006264 -0.009305537678301334 
0.0107140801846981 0.005035846028476954 -0.007202258333563805 
-0.005268299020826817 0.03289318457245827 5.215408313552494e-11 
-0.009860480204224586 0.008373122662305832 -0.006104737985879183 
-0.00542068388313055 0.01993840932846069 -0.007149297744035721 
-0.005968993529677391 0.01539922226220369 -0.0002289902768097818 
-0.0006994565483182669 0.03088450990617275 0.0004078623023815453 
-0.002994222566485405 1.933207386173308e-06 -0.003949999809265137 
-0.001126448391005397 0.002399384509772062 -0.001669600605964661 
-0.005179018713533878 0.0210935864597559 -0.007051981985569 
0.003744183341041207 4.674633964896202e-05 -0.001598399830982089 
-0.004310850985348225 0.02294601872563362 -0.009787558577954769 
-0.001009810250252485 -0.002519911620765924 -0.004962905310094357 
0.01092340797185898 0.001853706780821085 -0.007673377636820078 
0.004739098250865936 0.02053496986627579 0.0007447625393979251 
0.003654271131381392 0.03143005818128586 -0.009582037106156349 
-0.0001087540877051651 0.03234679251909256 0.0003638628986664116 
0.0007406261283904314 -0.002198876813054085 -0.008050000295042992 
0.005213082768023014 0.02036239020526409 0.0006019278662279248 
0.007294411305338144 0.03201498091220856 -0.001357271801680326 
-0.008203942328691483 0.01677482202649117 -0.004307599272578955 
0.004104654770344496 0.0274417195469141 -0.002312928671017289 
-0.002562613692134619 0.01025933772325516 -0.01012230198830366 
-0.002537496853619814 0.01439128629863262 -0.01001447252929211 
0.007908380590379238 0.002651776187121868 -0.01146321278065443 
0.002721916418522596 -0.005438643973320723 -0.003949999809265137 
-0.0005768584087491035 0.001345415599644184 -0.006168663501739502 
-0.002269746968522668 0.01187257189303637 -0.01296950411051512 
-0.003443322144448757 0.02321450971066952 -0.009782290086150169 
0.003286083927378058 0.01013515330851078 0.0004253216902725399 
0.009684326127171516 0.01912331208586693 -0.007325852755457163 
0.009180433116853237 0.02862361259758472 -0.005579087883234024 
0.00476660393178463 0.01688763685524464 -0.01227600406855345 
0.0003092568949796259 -0.002836286555975676 -0.01046997867524624 
-0.009991057217121124 0.007250729948282242 -0.004063067957758904 
-0.00835728831589222 0.01590889319777489 -0.007828793488442898 
-0.005431968718767166 0.03014514222741127 -0.002362602623179555 
-0.009726310148835182 0.009113186039030552 -0.005784975364804268 
0.007005748338997364 0.01898820139467716 -0.008746763691306114 
-0.00315921101719141 0.02239200659096241 -0.01214674022048712 
0.008779324591159821 -0.0009075756534002721 -0.001341513823717833 
0.01066330820322037 -0.0007318804273381829 -0.007976849563419819 
-0.007658046670258045 0.009186247363686562 -0.006444747559726238 
0.006282900460064411 0.01017175056040287 -0.01174766011536121 
0.003606537124142051 -0.006410871632397175 -0.00494999997317791 
-0.007335289847105742 0.0107338298112154 -0.006450251210480928 
0.0001351420069113374 0.0198335163295269 -0.002122253878042102 
-0.004371081944555044 0.006149756722152233 -0.01301797851920128 
-0.003613976761698723 0.001588734798133373 -0.0129740945994854 
0.001080764224752784 -0.006156704388558865 -0.007674454245716333 
-0.009237147867679596 -0.002374603413045406 -0.001135458238422871 
-0.001796357450075448 0.02982008270919323 -0.01119193900376558 
-0.0001537620555609465 0.02292522788047791 -0.01307367905974388 
-0.005079977679997683 -0.001623788150027394 -0.001572685083374381 
-0.008107959292829037 0.007064719218760729 -0.004557335749268532 
0.008971655741333961 0.02873479761183262 -0.002893233206123114 
0.003003060817718506 0.01423895824700594 -0.01195950713008642 
-0.005288885906338692 0.02062772959470749 -0.00215387693606317 
0.00848972424864769 -0.004694026429206133 -0.001098880427889526 
0.001507609733380377 0.0161298681050539 -0.002022800967097282 
0.004614578559994698 -0.002504408592358232 -0.01046995539218187 
0.01050270907580853 0.003614926710724831 -0.003238378325477242 
0.004030065611004829 0.01383696682751179 -0.01232984103262424 
0.002920553321018815 0.006262678187340498 -0.01273416448384523 
0.004539817571640015 0.03141263127326965 -0.01204575970768929 
0.006632701028138399 0.005297482013702393 -0.01191367208957672 
-0.002013247925788164 0.03556401655077934 -0.001834229798987508 
-0.00900589395314455 0.002130536362528801 -0.000878738472238183 
0.009954895824193954 -0.001432654447853565 -0.009244900196790695 
0.009527694433927536 -0.004853330552577972 -0.008092634379863739 
0.0004606991424225271 -0.009297478944063187 -0.01063897740095854 
0.001250958302989602 -0.007173785008490086 0.0006561572081409395 
-0.004033142700791359 0.02762946672737598 -0.002652614144608378 
0.01027136389166117 0.008279381319880486 -0.004973774775862694 
0.001314308145083487 0.02698175050318241 -0.01304442808032036 
-0.002781929913908243 -0.001714908983558416 -0.01043449621647596 
0.001384075963869691 0.0005069365724921227 -0.004294916987419128 
-0.00427561579272151 0.01291199401021004 0.0007039935444481671 
0.006030524615198374 -0.0003868482890538871 -0.007050000131130219 
0.004477795213460922 0.00330186658538878 -0.01244846638292074 
-0.003300756448879838 0.02133293449878693 0.0002364437532378361 
0.004050015937536955 -0.008365685120224953 -0.007050000131130219 
-0.0006609117845073342 0.01490901969373226 -0.01291693560779095 
0.004061602056026459 0.02458646520972252 -0.01293569430708885 
-0.003635657019913197 0.02213533036410809 -0.01193013414740562 
-0.004030247684568167 0.02661402709782124 -0.007405905984342098 
0.0007291169604286551 -0.00392154511064291 -0.001500894664786756 
0.008274877443909645 0.002710921922698617 -0.007375557441264391 
-0.001067791134119034 -0.001752751297317445 -0.01208693627268076 
0.003816204378381371 0.01694519631564617 -0.002039454877376556 
-0.0006226633558981121 -0.001340791932307184 -0.007467293180525303 
-0.009973307140171528 0.00594587717205286 -0.006141773425042629 
0.006096129771322012 0.03065392002463341 -0.004021321889013052 
0.003572648158296943 0.0206780694425106 -0.00213740486651659 
-0.002196380635723472 -0.005508346483111382 -0.01053471397608519 
-0.006909549236297607 0.01089219190180302 -6.248426507227123e-05 
0.005107497796416283 -0.007388518657535315 -0.001401537097990513 
0.005070031154900789 0.0004344891931395978 -0.00494999997317791 
0.008072175085544586 -0.004590665921568871 -0.006125214975327253 
-0.001454318407922983 -0.0001813693525036797 -0.0003694810147862881 
-0.003389177145436406 -0.001459044753573835 -0.001573418849147856 
-0.005169220734387636 0.007742098532617092 -0.01284249871969223 
0.006295120809227228 0.007998103275895119 -0.001800881000235677 
0.007982941344380379 -0.001908303238451481 -0.0008486439473927021 
-0.0004492702428251505 -0.00592992827296257 -0.01288875006139278 
-0.007291474379599094 0.01351325958967209 -0.0112080629914999 
0.003615701105445623 0.02670325525105 -0.009705370292067528 
-0.005668031983077526 0.01875980570912361 -0.007353221531957388 
-0.004252126440405846 0.01134910620748997 -0.00190954131539911 
-0.007416677661240101 0.01035226974636316 -0.005307369399815798 
-0.003445065813139081 0.005357802845537663 -0.01298266835510731 
0.003443052992224693 -0.005784039385616779 -0.007176838349550962 
0.008775826543569565 0.02601872384548187 -0.00306406058371067 
0.007576325908303261 0.01078452169895172 -0.001871059648692608 
-0.001134320627897978 0.02517841011285782 -0.009735649451613426 
0.009568832814693451 0.002269636373966932 -0.01036461442708969 
0.005877030082046986 0.02313249185681343 0.0004327462520450354 
0.003721468150615692 -9.773970668902621e-05 -0.006599574349820614 
-0.004696079529821873 0.03393882513046265 -0.002400000113993883 
0.001701164408586919 -0.000880345469340682 5.215408313552494e-11 
-0.005802461877465248 0.01812631450593472 -0.007630787324160337 
0.009318867698311806 0.03047981671988964 -0.004601581487804651 
-0.006807087920606136 0.01847781613469124 -0.01012354716658592 
-0.007360333576798439 0.003099973546341062 0.0002008809242397547 
0.008031384088099003 0.01882179081439972 -0.0106489360332489 
-0.004661730490624905 0.01755252107977867 -0.009927671402692795 
0.003279487136751413 0.02875970676541328 -0.002348995767533779 
-0.00492083840072155 0.02240286953747272 -0.009051511064171791 
0.006434721406549215 0.02631107904016972 -0.005001788958907127 
0.005234041716903448 0.02028630487620831 -0.002123841783031821 
0.003773623611778021 0.03166499733924866 -0.001650717458687723 
-0.004871719051152468 0.02253158204257488 -0.005937599111348391 
-0.006559407338500023 0.002802115399390459 -0.01030898001044989 
0.005064884200692177 0.02114109322428703 -0.01267392933368683 
0.007638506591320038 -0.007564821280539036 -0.0049244100227952 
0.003119650529697537 -0.004506509285420179 -0.008050000295042992 
0.0001364913769066334 -0.002038958948105574 -0.01225564628839493 
0.005805746652185917 0.0007814330165274441 -0.004470959771424532 
-0.005429401528090239 0.0256882980465889 -0.007480992469936609 
-0.0009224257664754987 0.0188832376152277 -0.002099565928801894 
0.003856562543660402 0.008926637470722198 -0.0101699810475111 
-0.008925815112888813 0.01362621411681175 -0.006052978336811066 
0.006613532081246376 0.03298555687069893 -0.005440855398774147 
-0.003411524230614305 -0.008188014850020409 -0.01303969603031874 
-0.0009756747167557478 -0.003971357829868793 -0.01297686714679003 
0.008316672407090664 0.002175118075683713 -0.00796040054410696 
-0.0002012681216001511 0.01538880448788404 -0.009993117302656174 
-0.005643319804221392 0.03360806033015251 -0.01007857453078032 
-0.0053300391882658 -0.001445814501494169 -0.01290439255535603 
0.007797340396791697 0.008836301974952221 -0.009747613221406937 
-0.0005082945572212338 0.02450594305992126 0.0009840903803706169 
0.002325193956494331 0.007139698136597872 -0.01282421220093966 
0.0006282087415456772 0.02357064746320248 -0.0022188366856426 
-0.005790628958493471 0.01299745589494705 -0.01221181824803352 
0.001281372737139463 -0.002336568897590041 -0.01045888289809227 
0.006312797777354717 0.03277892991900444 -0.007233043666929007 
-0.00188806199003011 0.00396012281998992 -0.0129595547914505 
0.009897752664983273 0.01665168628096581 -0.005943743512034416 
0.001821824000217021 0.01545744854956865 0.0008324364898726344 
0.007224117405712605 -0.004392310045659542 -0.0114801786839962 
-0.004415027797222137 0.03286367654800415 -0.01143259182572365 
0.008748170919716358 0.01353177987039089 -0.001917392131872475 
-0.00129750173073262 0.03298363089561462 -0.01038875058293343 
0.006942636333405972 0.01979663223028183 -0.00606273440644145 
0.009842813946306705 0.00126553000882268 -0.001888379105366766 
0.008776524104177952 0.02598552033305168 -0.003060846123844385 
-0.004397273529320955 0.03401322662830353 -0.009599999524652958 
-0.00187452370300889 0.005660232622176409 -0.01312212832272053 
-0.00995135772973299 0.00566555093973875 -0.007370357401669025 
0.004788918886333704 0.007071203086525202 -0.01240814290940762 
-0.003695051185786724 0.02252031117677689 -0.01183812133967876 
0.001420778804458678 0.01066788751631975 -0.001880369149148464 
0.0008169806096702814 0.02237078361213207 -0.01312892697751522 
-0.004109337460249662 0.02623928524553776 -0.007530326023697853 
0.004692418966442347 0.01149494014680386 0.0001786535140126944 
0.008963307365775108 -0.00187739625107497 -0.0105567928403616 
-0.004943753127008677 0.02711627073585987 -0.006635574623942375 
0.006451721303164959 -0.006077324971556664 -0.003949999809265137 
0.006234774831682444 0.02887623384594917 -0.009241918101906776 
-0.0006297185900621116 0.03266045823693275 -0.002400000113993883 
-0.001016187015920877 0.02244570665061474 -0.002192766172811389 
-4.184197314316407e-05 -0.003648632206022739 0.000882043968886137 
-0.008193096145987511 0.01607316359877586 -0.003372226376086473 
0.00138940173201263 -0.006542808376252651 -0.00439902488142252 
-0.003574015107005835 0.02420279383659363 -0.0004164637357462198 
-0.004813006147742271 -0.002458323957398534 -0.001550198998302221 
0.01038572285324335 -0.002911335090175271 -0.005759811960160732 
-0.0008720200276002288 0.03520513698458672 -0.001237349701113999 
-0.009126618504524231 -0.0009689333965070546 -0.0006229979917407036 
-0.004394965711981058 0.03256499767303467 -0.009599999524652958 
-0.006046142429113388 0.009924128651618958 -0.01012406218796968 
-0.007963463664054871 0.01759294234216213 -0.008072908967733383 
0.004128975793719292 0.005082973279058933 -0.01253105700016022 
-0.007079325150698423 0.02082696557044983 -0.003904076293110847 
0.008368290960788727 0.0007701246649958193 -0.005761961918324232 
-0.004561557434499264 0.02702278643846512 -0.00824451819062233 
-0.004078837111592293 0.02499732002615929 -0.0108988219872117 
0.003744608256965876 0.01562325097620487 0.0003303263511043042 
0.006747450213879347 0.002007812960073352 -0.009927320294082165 
0.0038424301892519 0.02740330807864666 -0.009687548503279686 
-0.005185791291296482 0.03424956277012825 -0.00191784487105906 
0.006465759593993425 0.0150079857558012 -0.001983558526262641 
-0.005761563312262297 0.01008101832121611 -0.01012053713202477 
0.001219365512952209 0.01827407814562321 -0.009920637123286724 
-0.0005423708935268223 0.03152669966220856 -0.002400000113993883 
-0.004853994119912386 0.02609480172395706 -0.008729275315999985 
0.008998693898320198 0.02191419340670109 -0.008955315686762333 
0.004473614972084761 0.01300228573381901 -0.001935190404765308 
-0.002831441815942526 -0.009107650257647038 -0.001115388702601194 
0.007844558916985989 0.01929546520113945 -0.01080571301281452 
-0.003964868374168873 0.0284604374319315 -0.01061012968420982 
0.01014369167387486 0.01105925533920527 -0.006834020838141441 
-0.000393256195820868 -0.005377997644245625 -0.01053492911159992 
0.007708027493208647 0.009981719776988029 -0.009646140038967133 
-0.002961490303277969 0.004811028949916363 -0.01026375126093626 
-0.005209685303270817 -0.007037043105810881 -0.01056857779622078 
0.004791928455233574 0.02300729788839817 -0.0128095168620348 
0.005324556492269039 -0.005630153696984053 -0.007358414586633444 
-0.001277019735425711 0.03395234048366547 7.795044803060591e-05 
0.002472400898113847 0.01755513250827789 0.0008526936871930957 
0.003221294609829783 0.02714658156037331 -0.01294630579650402 
0.006787509191781282 0.02178830653429031 -0.003008001018315554 
0.0073990598320961 0.02287714369595051 -0.01113991811871529 
0.004471327643841505 -0.008351908996701241 -0.003949999809265137 
0.001667367061600089 0.02084231004118919 -0.01308569777756929 
-0.002478923182934523 0.01437496673315763 -0.01001501642167568 
0.008329128846526146 0.02597333304584026 -0.009890113957226276 
0.008190149441361427 0.02069474384188652 -0.001580186071805656 
0.005139297805726528 0.02747217193245888 -0.002311646938323975 
-0.0006731950561515987 -0.00255744531750679 -0.005243883933871984 
0.006038490682840347 0.006143584847450256 0.0001028172337100841 
-0.0006519207381643355 0.03045773319900036 -0.002400000113993883 
-0.0007578834192827344 0.01303418166935444 -0.001946523319929838 
0.005619184114038944 0.0139917116612196 -0.01195839419960976 
-0.0001317892601946369 -0.003200786653906107 -0.01047861017286777 
0.006861346773803234 0.02084150351583958 -0.002691115252673626 
0.003056653076782823 0.02706430852413177 0.0009600177872925997 
-0.004237423650920391 0.007346807047724724 -0.01298671402037144 
-0.002563759451732039 0.009432214312255383 -0.001856104703620076 
0.008171236142516136 -0.001748564885929227 -0.00383854703977704 
-0.009418964385986328 -0.0005025076679885387 -0.001610495615750551 
0.00623026117682457 -0.002390148583799601 -0.008050000295042992 
0.005225487984716892 0.0005573973176069558 -0.008050000295042992 
-0.0007795546553097665 0.004161160439252853 -0.01292625069618225 
-0.00796712189912796 0.004225151613354683 -0.001730999327264726 
0.0005960267735645175 0.01483314298093319 -0.01289782673120499 
0.004425361286848783 -0.002834192477166653 -0.001521814381703734 
0.003928831778466702 -0.004296993836760521 -0.007049999665468931 
0.00676098233088851 0.001997477374970913 -0.009112423285841942 
0.0008274689316749573 0.01867453567683697 -0.002090604742988944 
-0.0004888051771558821 0.02814659103751183 0.000634903903119266 
-0.004897259641438723 0.02657547034323215 -0.003599453251808882 
-0.009644495323300362 0.005494574550539255 -0.009478788822889328 
-0.008384495042264462 0.01575369201600552 -0.007933361455798149 
-0.004040788859128952 0.002565182046964765 -0.00167977879755199 
-0.002066694665700197 -0.002514361403882504 -0.00445640180259943 
-0.0002666419313754886 0.02996707707643509 0.0005497189704328775 
0.008061876520514488 0.005443348549306393 -0.002925744280219078 
0.00629634503275156 0.03288136050105095 -0.009585397318005562 
0.003814197843894362 0.01427715551108122 -0.01003020070493221 
-0.005838674027472734 0.03290876746177673 -0.01124992407858372 
-0.0008287646342068911 0.001223744475282729 -0.005460264161229134 
-0.008067820221185684 0.01693884283304214 -0.003638378111645579 
-0.003365607233718038 0.01417475752532482 -0.01001846231520176 
-0.00555782113224268 0.01942992769181728 -0.01119034178555012 
-0.006157658994197845 0.0130916154012084 -0.0100411381572485 
0.008069686591625214 0.006182792596518993 -0.0006542442133650184 
-0.007638216949999332 -0.005418595857918262 -0.01052144821733236 
0.006850425153970718 0.03314817696809769 -0.007810201030224562 
-0.007250661496073008 0.02086958475410938 -0.00654261838644743 
0.008056622929871082 0.005511339753866196 -0.00203138985671103 
0.005203862208873034 -0.001408670679666102 -0.007050000131130219 
0.006610599346458912 0.02405641600489616 -0.004274213686585426 
0.002944534411653876 0.01919175684452057 0.0009054600377567112 
-0.006175692193210125 -0.002403702819719911 -0.001554511487483978 
-0.001233747694641352 0.02032152190804482 0.0009079998126253486 
0.003959082532674074 0.02176359295845032 0.0009519432205706835 
0.005827070213854313 0.03069877997040749 -0.002394509501755238 
0.0005350176361389458 0.01705120503902435 -0.009951191022992134 
0.009547210298478603 0.02023735642433167 -0.004238450899720192 
0.007577500306069851 0.01165511459112167 -0.004071694333106279 
-0.003671831917017698 0.03460969775915146 -0.01200000010430813 
-0.006013540551066399 0.01314276084303856 9.232545562554151e-05 
0.006841110065579414 0.01763975247740746 -0.0004730311338789761 
-0.00495930528268218 0.02052650041878223 -0.01138344686478376 
0.0009647748665884137 0.01521237753331661 -0.01000006310641766 
-0.008353102020919323 0.005972327664494514 -0.009764084592461586 
0.006437199655920267 -0.006791982799768448 -0.008926042355597019 
-0.004462639335542917 0.004659435711801052 0.0008497025119140744 
0.008863337337970734 0.02498586662113667 -0.008874835446476936 
-0.008000275120139122 0.00481001939624548 -0.0003288426669314504 
0.004617228638380766 -0.007460116408765316 -0.001400652690790594 
0.006257417611777782 0.0294682439416647 -0.01202266570180655 
-0.006819161120802164 0.01319696195423603 -0.00587011594325304 
0.008191268891096115 0.0009053031681105494 -0.00915839709341526 
-0.001139342319220304 0.007537479978054762 -0.01308687217533588 
0.006022434681653976 0.007452692370861769 -0.01210541091859341 
0.008109564892947674 0.004831490106880665 -0.003532500239089131 
-0.007069547660648823 0.01901711337268353 -0.009429659694433212 
-0.004729759879410267 0.0177331268787384 -0.01204747520387173 
0.004785613156855106 0.02742302045226097 -0.002311073476448655 
0.006279431283473969 0.002365192398428917 -0.01000688970088959 
0.002927005756646395 -0.00354253314435482 0.0004494044405873865 
0.005812586285173893 0.01195475086569786 -0.01189268566668034 
0.005425150506198406 -0.00319727067835629 -0.01196846179664135 
0.005217274650931358 0.004965415690094233 -0.01230633817613125 
0.005499186925590038 -0.008703184314072132 -0.0006381910643540323 
0.004350857809185982 0.00682526919990778 0.0004944117972627282 
0.005610458552837372 0.0007163072586990893 -0.007724629249423742 
0.005725554190576077 0.02681856974959373 -0.009706594049930573 
-0.002816635416820645 0.0001311397791141644 -0.001613771659322083 
8.360829087905586e-05 0.02114742994308472 0.00105849327519536 
0.007955901324748993 0.001379427150823176 -0.01037525944411755 
0.01082411594688892 0.002118597971275449 -0.003985937684774399 
0.005730273202061653 -0.007015970069915056 -0.0001354777195956558 
-0.007699296344071627 0.002205738332122564 -0.01209203526377678 
0.004750367719680071 -0.001488690613768995 0.0001106473937397823 
0.007630346342921257 -0.002858365885913372 -0.002236746018752456 
-0.004479618277400732 0.02372841909527779 -0.002233207924291492 
0.008138179779052734 -0.007078366819769144 -0.005738125182688236 
0.00144567689858377 -0.00661320798099041 -0.007480603642761707 
-0.0008861807291395962 0.02355107292532921 -0.009778635576367378 
0.01039276923984289 0.001890412415377796 -0.002854531165212393 
0.007664639502763748 0.01053815800696611 -0.009613253176212311 
-0.001781367463991046 0.02936999127268791 -0.009624911472201347 
0.01015432178974152 0.009408194571733475 -0.00420299032703042 
0.002406090265139937 0.006525642238557339 -0.0128132039681077 
-0.003814815077930689 0.03530408814549446 -0.01070358604192734 
-0.0007384479977190495 0.02241166308522224 -0.002191320061683655 
0.00715724378824234 0.01704502105712891 -0.008152088150382042 
0.006527943536639214 0.02511564642190933 -0.007465572096407413 
0.007295211777091026 0.01527519710361958 -0.004916288424283266 
0.008887618780136108 0.008081475272774696 -0.001793458708561957 
0.007544892840087414 0.02034426480531693 -0.01105235982686281 
0.005875945091247559 0.01529074739664793 -0.01000787504017353 
0.007111345883458853 0.01763301715254784 -0.005649827420711517 
0.0005974435480311513 -0.002339142141863704 -0.01281441934406757 
0.007286700420081615 -0.001311663188971579 -0.0005766364629380405 
0.004728053230792284 0.004550725221633911 -0.001714018755592406 
0.002714040223509073 0.03143428266048431 -0.01236830931156874 
0.002467232523486018 0.005437330342829227 -0.01280350144952536 
0.004460738971829414 -0.002856519306078553 0.0001722715969663113 
0.009936557151377201 0.00237548490986228 -0.009893452748656273 
-0.002319203456863761 0.001933019608259201 -0.008050000295042992 
0.006057754624634981 0.01631602644920349 -0.002018528990447521 
-0.009154536761343479 0.0001841271005105227 -0.0007749884971417487 
0.005249847657978535 0.02842321433126926 -0.002336255740374327 
0.004369373433291912 0.01521765068173409 0.000292448909021914 
-0.001651026657782495 -0.009284368716180325 0.0009678181377239525 
0.004262939095497131 -0.005580542609095573 -0.01054956391453743 
-0.001300021540373564 0.02310912683606148 0.0008353344746865332 
-0.001664154464378953 0.007087825331836939 -0.01020691078156233 
-0.006358273327350616 0.005564659368246794 -0.01244061999022961 
-0.007055644877254963 0.01830797828733921 -0.002154153771698475 
0.007399691268801689 0.003787951776757836 -0.001688741613179445 
-0.00657176785171032 0.01448583789169788 -0.009005509316921234 
0.007267545443028212 0.01563188247382641 -0.002293129451572895 
-0.004655801691114902 0.02362937852740288 -0.007812680676579475 
-0.004566350486129522 0.02404463291168213 -0.004567178897559643 
0.008026002906262875 0.005902576260268688 -0.005129409953951836 
-0.007251232396811247 0.01115790475159883 -0.004960242658853531 
-0.004582502879202366 0.003688403172418475 -0.01286149956285954 
-0.009677252732217312 0.008757295086979866 -0.008664865046739578 
0.00911683589220047 -0.005576805211603642 -0.003700710833072662 
-0.003674574894830585 0.02839891612529755 -0.00236531300470233 
0.01031620148569345 0.007058219518512487 -0.004751159809529781 
-0.0008233491098508239 0.01126048620790243 -0.01299851201474667 
-0.004399521742016077 0.01539746019989252 -0.01244225725531578 
0.007030216511338949 0.02489255554974079 -0.0002326558023924008 
-0.008448530919849873 0.001229471061378717 -0.0002871892356779426 
-0.004813455976545811 0.01771914958953857 -0.009923016652464867 
0.003550637979060411 0.02700024098157883 -0.009697485715150833 
0.004131194204092026 0.02930487878620625 -0.002361520193517208 
0.001247764565050602 0.003240675199776888 0.0007658902904950082 
-5.088557372801006e-05 0.01038217172026634 0.0009918984724208713 
-0.001067515695467591 -0.003638159483671188 -0.001511921756900847 
-0.003261928213760257 0.03322788327932358 -0.001634633750654757 
0.005394742824137211 0.02827204577624798 -0.01247414480894804 
-0.008727272972464561 0.007808252703398466 -0.001090745558030903 
0.001200676430016756 0.01402101293206215 -0.001968357246369123 
-0.0004309928044676781 0.006651538889855146 -0.001779223559424281 
-0.001162348780781031 0.03132662549614906 -0.01000180002301931 
0.001018082490190864 0.02248076722025871 -0.009810401126742363 
0.003940162714570761 -0.009064932353794575 -0.01132738124579191 
0.01043685246258974 -0.002582812681794167 -0.00708088232204318 
0.00384007696993649 0.02228904142975807 -0.002178928814828396 
0.007317840587347746 0.01498683728277683 -0.002233191858977079 
-0.00798372458666563 0.01624439656734467 -0.002882459433749318 
-0.007121858652681112 -0.00633864663541317 -0.01105554029345512 
-0.008598902262747288 0.01127762347459793 -0.001815491588786244 
-0.00212091114372015 0.0050693079829216 -0.01310301665216684 
0.0002127486804965883 0.01860078610479832 -0.009910086169838905 
0.007728781551122665 -0.0008600239525549114 -0.009710767306387424 
4.909769995720126e-05 0.003043595002964139 -0.01290183514356613 
-0.004056253470480442 0.0196718368679285 -0.002126445528119802 
0.001593060442246497 -0.002210990060120821 -0.01045623049139977 
0.0006525830249302089 0.03209775686264038 0.0004330357478465885 
0.006984200794249773 0.01430064812302589 -0.01003594975918531 
-0.006608874537050724 -0.004651573486626148 0.0007825948414392769 
0.001164507120847702 0.0211744848638773 -0.01310436520725489 
0.01093819551169872 0.00315556675195694 -0.007284781895577908 
-0.004451144021004438 0.02460865303874016 -0.0042410041205585 
-0.009732391685247421 0.005168227478861809 -0.007078738883137703 
-0.008402508683502674 0.008875098079442978 -0.01107127033174038 
-0.004624726716428995 0.01914864033460617 -0.01188723742961884 
-0.007093834225088358 0.0126369958743453 -0.01152693759649992 
0.001285003498196602 -0.003817053511738777 -0.01269515417516232 
-0.008147363550961018 -0.004853520542383194 -0.01205138489603996 
0.007286067586392164 -0.00717987073585391 -0.004690044093877077 
-0.00508781848475337 0.002226375276222825 -0.01032696571201086 
0.002455819630995393 -0.003431624267250299 -0.00494999997317791 
-0.002125032246112823 0.01781665720045567 -0.002074132673442364 
0.002453105989843607 -0.005482958629727364 -0.01054338272660971 
-0.003280831966549158 0.008302090689539909 -0.01302639208734035 
0.003278608899563551 0.0214863121509552 -0.01302743796259165 
0.002848264528438449 0.00256687356159091 0.0005108193727210164 
0.009459445253014565 0.009386526420712471 -0.009298517368733883 
-0.0002873691846616566 -0.00444517470896244 -0.008034273982048035 
0.004575788509100676 0.00244721001945436 -0.01234341878443956 
0.0069325165823102 0.00186649477109313 -0.008453304879367352 
-0.006837530061602592 0.01066696923226118 -0.01201570592820644 
-0.0007860909099690616 0.02051307447254658 -0.01297306548804045 
0.003859258256852627 0.02444539591670036 -0.002235190244391561 
-0.008399964310228825 0.005644871853291988 -0.006887847557663918 
0.0001449554692953825 0.009549585171043873 -0.0129995122551918 
-0.000778226472903043 0.03305931761860847 -0.001000000163912773 
0.007784279994666576 0.02930653281509876 -0.0109401997178793 
0.007989692501723766 -0.004476265050470829 -0.01118211448192596 
-0.001512877061031759 0.02886175364255905 -0.009638721123337746 
0.001399782719090581 -0.002035131445154548 0.0007024321239441633 
-0.002851572819054127 0.0191982127726078 -0.01259588450193405 
0.007847553119063377 0.008192258886992931 -0.009586352854967117 
0.005571545567363501 -0.006160910706967115 -0.01193192787468433 
0.007465863134711981 -0.006517834030091763 -0.005469168070703745 
0.01039562374353409 -0.002785181626677513 -0.006770756095647812 
-0.003686520271003246 0.02659707516431808 -0.009693486616015434 
0.006495925132185221 -0.003478687489405274 -0.00494999997317791 
-0.001523631275631487 0.007867931388318539 -0.001813175273127854 
0.006105915643274784 -0.006535325199365616 -0.0001880352356238291 
0.009043235331773758 -0.005777651444077492 -0.007291310466825962 
-0.00132568518165499 0.03397922590374947 6.752889021299779e-05 
-0.008631175383925438 0.01359615381807089 -0.009106750600039959 
0.003415411803871393 0.01150419656187296 0.0004301111621316522 
-0.007310197688639164 0.01095304358750582 -0.009218542836606503 
0.003998463973402977 0.02203749120235443 -0.009827956557273865 
-0.003668176010251045 0.03278256207704544 -0.0105210654437542 
0.004714043345302343 -0.004484958481043577 -0.01052186451852322 
-0.005096868611872196 0.01180801726877689 -0.01258279103785753 
0.009793239645659924 0.004514563363045454 -0.009976949542760849 
0.004165464546531439 -0.0007321143057197332 -0.00494999997317791 
0.0004110961453989148 0.03250882029533386 -0.002400000113993883 
-0.009340981021523476 0.01053464040160179 -0.008708201348781586 
-0.006574263330549002 0.01374644041061401 -0.001976794097572565 
-0.004231562837958336 0.002178296912461519 -0.001670060679316521 
0.006531234830617905 0.02507409453392029 -0.009268462657928467 
0.001172655494883657 0.03122970461845398 -0.009599999524652958 
-0.00921718031167984 0.01195682212710381 -0.005663461051881313 
0.006991811096668243 0.0191674679517746 -0.003614707617089152 
-0.005030388012528419 0.002147816587239504 -0.01032913196831942 
0.009273289702832699 0.008412593975663185 -0.002285929396748543 
0.0005931984633207321 0.005047010257840157 -0.01304931472986937 
0.0005147593910805881 0.02378127165138721 0.001126844203099608 
0.005474386736750603 0.01375995669513941 -0.01200617663562298 
0.006945355329662561 -0.003076640889048576 -0.007050000131130219 
0.0004664766893256456 0.004665006417781115 -0.01306532602757215 
0.003480526618659496 0.0121097806841135 0.000415629765484482 
0.003784558735787868 0.02871987596154213 -0.009653057903051376 
0.007367223501205444 0.01435225456953049 -0.003825601655989885 
0.0003426553448662162 -0.006861087866127491 -0.01277894712984562 
0.001979788998141885 -0.004286506678909063 -0.007049999665468931 
-0.009554516524076462 0.008608823642134666 -0.002809355035424232 
-0.008790053427219391 0.01076330244541168 -0.001958250999450684 
-0.004340100102126598 0.02163245342671871 -0.002178204711526632 
-0.00341601250693202 0.002594413235783577 -0.01296222023665905 
-0.0004236921085976064 0.009696965105831623 0.001023776479996741 
-0.007122320588678122 0.01011890266090631 -9.278058132622391e-05 
-0.004565336275845766 0.01634268276393414 0.0003052418178413063 
-0.007024193182587624 0.0123147452250123 -0.003048901911824942 
0.006243529263883829 0.02876314520835876 -0.007007547654211521 
0.006222518160939217 0.01174074783921242 -0.01010125689208508 
0.003956603817641735 -0.006350412033498287 -0.004701718222349882 
-0.001236828393302858 0.03028988093137741 -0.0123246256262064 
-0.000570533040445298 -0.006491505075246096 -0.01289528235793114 
-0.004989299923181534 0.01613262481987476 -0.01214339025318623 
-0.002339764498174191 0.03529070317745209 -0.01193140167742968 
-0.002287658397108316 0.008611466735601425 0.001058326452039182 
0.0004889127449132502 -0.009436597116291523 -0.01064266636967659 
-0.005262537859380245 -0.002209731610491872 -0.01044243667274714 
0.005329881329089403 -0.006941861938685179 -0.01199235580861568 
0.006863302551209927 4.762681783176959e-05 -0.003230764297768474 
0.009777686558663845 0.003459821688011289 -0.01005841046571732 
0.009365353733301163 0.01153474301099777 -0.009304664097726345 
-0.005578721407800913 0.008613440208137035 0.0006872476078569889 
-0.006402005907148123 0.01912513189017773 -0.00158235477283597 
-0.003800388425588608 0.01893923804163933 0.0003007929190061986 
-0.001919394009746611 0.008991102688014507 0.001049632439389825 
0.008472735062241554 0.03291554003953934 -0.008581548929214478 
0.008683996275067329 0.02963891252875328 -0.00965358130633831 
0.00736729521304369 0.01435154210776091 -0.009343268349766731 
-0.007362531032413244 0.009111624211072922 -0.01187827717512846 
0.01049213949590921 0.003971944563090801 -0.003246736014261842 
0.002014308236539364 0.008866848424077034 -0.01016784459352493 
-0.007594405207782984 0.008448566310107708 -0.0001932122104335576 
0.001155283069238067 -0.006720790639519691 -0.01267371326684952 
0.008008718490600586 -0.002160507254302502 -0.003949999809265137 
0.007281417027115822 -0.00114418612793088 -0.00494999997317791 
-0.003271324094384909 0.02289452217519283 -0.01200857385993004 
-0.005083603784441948 0.01438352651894093 -0.001990435644984245 
0.006711623631417751 0.003411203855648637 -0.01031971350312233 
0.002810372039675713 0.015266970731318 -0.001997657120227814 
0.006478411145508289 0.02245605923235416 -0.0002629155642352998 
-0.00141403847374022 -0.001152292359620333 -0.01042255293577909 
-0.003771960968151689 -0.007210433483123779 -0.0130366925150156 
-0.008538522757589817 0.0113096721470356 -0.0102946050465107 
0.008406581357121468 0.001022623851895332 -0.009524463675916195 
-0.005002121441066265 0.02203796803951263 -0.002253877930343151 
0.006837567314505577 0.02968219667673111 -0.0003280400997027755 
-0.004698033444583416 0.02161798626184464 -0.0006906978087499738 
-0.001276745926588774 0.00173746480140835 0.0009744074777700007 
-0.002994307782500982 0.001376198837533593 0.0009837249526754022 
-0.0007096323533914983 0.008479900658130646 -0.001827519270591438 
0.005279087461531162 0.0230521522462368 -0.01266711112111807 
0.0004977152566425502 0.01678499765694141 -0.01292949356138706 
0.009603505954146385 0.009590325877070427 -0.002963630948215723 
-0.007470405660569668 -0.005893761292099953 -0.0005848367582075298 
-0.009362246841192245 0.01113316975533962 -0.006414665374904871 
0.007554832380264997 0.004775495268404484 -0.0004089104477316141 
0.004532478749752045 0.02831167541444302 -0.00233478331938386 
-0.001300380099564791 0.01318002585321665 -0.01004858035594225 
0.000323171290801838 0.01985319331288338 -0.01301939226686954 
0.003808923065662384 0.008717627264559269 -0.01259786356240511 
0.0001325856428593397 0.01934293657541275 -0.009890548884868622 
-0.004649933893233538 0.0336797833442688 -0.009599999524652958 
-0.00611230731010437 0.01447915472090244 -0.0001408703828928992 
-0.004603866953402758 0.01580212078988552 -0.01234383508563042 
-0.00375267188064754 0.004125544801354408 -0.001719939871691167 
-0.007733498699963093 0.002057068515568972 -0.01208520215004683 
-0.006870674900710583 0.02233956754207611 -0.005720519460737705 
-0.002012255601584911 0.02789904922246933 -0.009662853553891182 
0.00204993155784905 0.02271550707519054 -0.002193656284362078 
-0.0009608444524928927 0.03524261340498924 -0.01108469534665346 
-0.007338907103985548 0.01766744069755077 -0.00972309336066246 
-0.009779760614037514 0.008451662957668304 -0.008317844942212105 
0.00667199119925499 0.0002482612617313862 -0.005899684969335794 
-0.005041426047682762 -0.00262514129281044 0.0009388886392116547 
0.002902346197515726 -0.006201057229191065 -0.00494999997317791 
0.005425567738711834 0.002039247192442417 -0.01213423535227776 
0.01018713600933552 -0.003558782860636711 -0.006291830446571112 
0.001179209910333157 0.006380543578416109 -0.01297041587531567 
0.002848112024366856 0.006315613631159067 -0.01274537201970816 
-0.00273595517501235 0.03562243282794952 -0.002096765907481313 
0.005256246775388718 -0.006448417436331511 -0.0105742160230875 
0.0009240622166544199 -0.00393718620762229 -0.008050000295042992 
-0.001015414018183947 0.01374111324548721 -0.001965497387573123 
0.00735376263037324 0.01484473794698715 -0.0007962386589497328 
0.001325380872003734 0.004542512819170952 0.0009651512373238802 
-0.007048568688333035 -0.0006690523005090654 0.000544720096513629 
-0.008063154295086861 0.005457479506731033 -0.01154395565390587 
0.007491651922464371 0.01275597419589758 -0.00449300417676568 
-0.004355915356427431 0.01368962228298187 -0.001970857847481966 
0.004286827985197306 0.002059124410152435 -0.001649851561523974 
-0.004919581115245819 0.02502098307013512 -0.00922815315425396 
-0.004221144132316113 -0.005677704233676195 -0.01053507160395384 
0.0002234250423498452 0.001832821406424046 -0.01034790091216564 
0.007526933681219816 0.02428235113620758 -0.01099062338471413 
-0.006280542351305485 0.01239450182765722 -0.001940906746312976 
0.008767848834395409 0.03204956650733948 -0.0029199852142483 
-0.0003669705474749207 0.03389174491167068 -0.009600000455975533 
0.006643209606409073 0.02363800071179867 -0.009246212430298328 
0.008517044596374035 -0.006589964963495731 -0.00531151844188571 
-0.001553118228912354 0.005349245853722095 0.001133423065766692 
-0.006668442860245705 0.0140456510707736 -0.002342118881642818 
-0.002456369576975703 0.02886009775102139 -0.0023631292860955 
0.002110050525516272 0.03062991984188557 0.0004979975637979805 
-0.001976816914975643 0.01323056500405073 -0.01004590280354023 
-0.00100118457339704 0.001083926414139569 -0.007558161392807961 
-0.0007620625547133386 0.02983203157782555 -0.009614894166588783 
0.001228086184710264 0.001813038485124707 0.0007607493316754699 
0.009890565648674965 0.01537790987640619 -0.00745184812694788 
-0.0007596653304062784 0.02873889543116093 -0.01253415830433369 
-0.001383277704007924 0.01396205928176641 0.0009364744182676077 
0.005279079079627991 0.02688503265380859 -0.002296036807820201 
-0.008867963217198849 0.009839221835136414 -0.01023908145725727 
0.003145742230117321 0.02807536534965038 -0.002331397030502558 
0.009594396688044071 0.02054548263549805 -0.00734076090157032 
0.007926679216325283 0.0341901108622551 -0.007614596746861935 
0.01010680571198463 -0.003380275797098875 -0.008541219867765903 
0.003921002615243196 6.176120950840414e-05 -0.006127218250185251 
0.008774638175964355 0.009281250648200512 -0.00174417532980442 
0.004440230783075094 0.006989330518990755 0.000477395806228742 
0.007237245328724384 -0.004404073115438223 -0.008050000295042992 
0.007692243903875351 0.02163230255246162 -0.001117406529374421 
0.01033330708742142 0.006353556178510189 -0.00450093625113368 
0.007371535524725914 0.02700064703822136 -0.0114946523681283 
-0.0008988248882815242 0.001356300548650324 5.215407272718409e-11 
-0.003302520606666803 0.003273140639066696 0.0009537346777506173 
0.0003556118754204363 -0.001977466745302081 -0.0122828371822834 
-0.006035361904650927 0.0170286763459444 -0.008194930851459503 
0.01032030954957008 -0.002970945555716753 -0.004887881223112345 
-0.007787524722516537 0.005741924047470093 -0.01171430852264166 
0.006039975211024284 0.0005595069960691035 -0.007050000131130219 
0.000234218139667064 -0.006116511300206184 -0.01055547036230564 
0.006327326409518719 0.005882177501916885 -0.01025442779064178 
0.003459768602624536 0.0150536336004734 0.0003621734213083982 
-0.007531381212174892 -0.002044939668849111 -0.01242819987237453 
-0.005266459658741951 0.02076423354446888 -0.009567789733409882 
-0.00399512518197298 -0.006093932315707207 0.001031596795655787 
-0.004029740113765001 0.01224544830620289 0.0007923442171886563 
0.006223216652870178 0.02902373299002647 -0.007229394745081663 
0.001039333990775049 -0.009199010208249092 -0.01063756737858057 
0.007833735086023808 0.003705507144331932 -0.001685717725194991 
-0.008194580674171448 -0.001322657219134271 -0.01041339058429003 
0.007644556928426027 0.005247151013463736 -0.01153611019253731 
0.006841872818768024 0.02108954638242722 -0.00499817868694663 
-0.002604532986879349 0.01688061095774174 -0.009949344210326672 
0.007811807561665773 0.008650727570056915 -0.002858221530914307 
0.005366528406739235 -0.002101314021274447 -0.00494999997317791 
-0.004987741820514202 0.0335814468562603 5.215407272718409e-11 
-0.009528083726763725 0.00613790936768055 -0.009537734091281891 
0.001101878937333822 0.008617619052529335 -0.01296433247625828 
0.007921437732875347 0.0305740050971508 -0.001344664953649044 
0.007773682940751314 0.009138774126768112 -0.007293436676263809 
0.007823435589671135 0.01169582549482584 -0.01098650600761175 
0.0009073507972061634 0.02860102429986 -0.009650385938584805 
0.0006590434350073338 0.02496813982725143 -0.002255261642858386 
0.001198510639369488 0.00084277568385005 -0.006135356612503529 
-0.008657208643853664 0.005000738427042961 -0.00208764779381454 
0.005952951963990927 -0.007982796989381313 -0.007713003549724817 
-0.0009924013866111636 -0.002521852729842067 -0.006505857221782207 
0.002924572210758924 0.02163449116051197 -0.00983632355928421 
-0.004355614073574543 -0.008440135978162289 -0.01173519156873226 
-0.002118385629728436 0.01864382438361645 -0.00209571560844779 
0.00123906834051013 0.01670092716813087 -0.01290301606059074 
-0.0003189939307048917 0.02603308670222759 0.0009667212143540382 
-0.007660313975065947 0.01922225952148438 -0.007053519133478403 
0.005610047839581966 -0.005763298831880093 -0.01055703870952129 
0.006138005293905735 0.006363194435834885 -0.01024148985743523 
-0.003586517181247473 0.02807741984724998 -0.01095758564770222 
0.0003271077002864331 0.01477015670388937 0.0009116125293076038 
0.003573596943169832 -0.004452681634575129 -0.008050000295042992 
0.00926128588616848 -0.00125075236428529 -0.0102377999573946 
-0.002511439844965935 0.007615460082888603 0.00108161149546504 
-0.0003089932142756879 0.01374570839107037 -0.012932064011693 
-0.004012094810605049 0.009267093613743782 0.000941093428991735 
-0.004871974233537912 0.01119019649922848 -0.01009336300194263 
-0.004998890683054924 0.02201882191002369 -0.003224283223971725 
0.009066801518201828 0.03031846135854721 -0.008557342924177647 
-0.001482515363022685 -0.0002210187958553433 -0.007567481603473425 
-0.006317736580967903 0.02355878800153732 -0.007844456471502781 
0.01097141299396753 0.00203523226082325 -0.004636546596884727 
-0.002982426900416613 0.0343516506254673 5.215407272718409e-11 
-0.007286250125616789 -0.002490048296749592 -0.01044569350779057 
0.009003179147839546 -0.001558574382215738 -0.01051455922424793 
0.001552577712573111 0.003227649955078959 -0.01271932758390903 
0.00706286309286952 0.002702156081795692 -0.0002205058990512043 
0.008564544841647148 0.03236262500286102 -0.002712444635108113 
0.0047495705075562 -0.003122193738818169 -0.00151364435441792 
0.002133382949978113 -0.002377966651692986 -0.008050000295042992 
-0.002602027263492346 0.002626611385494471 -0.001678494736552238 
0.005087455734610558 0.0005336530739441514 -0.003964016679674387 
-0.0002361340302741155 0.00231190724298358 -0.008050000295042992 
-0.0009850014466792345 -0.001833610236644745 -0.01231893710792065 
-0.009003669023513794 0.002487174933776259 -0.0110758887603879 
-0.005737750791013241 0.0327407605946064 -0.01180301327258348 
0.005813817493617535 -0.008911087177693844 -0.01065598521381617 
0.007920179516077042 0.002607159316539764 -0.01034313347190619 
0.003652627812698483 -0.002086764201521873 -0.00494999997317791 
0.007091090548783541 0.001745406654663384 -0.004260909277945757 
0.00566516537219286 -0.004814316518604755 -0.003949999809265137 
-0.0003257418284192681 -0.002919267863035202 -0.001529189059510827 
-0.00361360632814467 0.007451362442225218 0.00102756975684315 
0.009440336376428604 0.001762465573847294 -0.001475754426792264 
0.0009798031533136964 0.01590190827846527 -0.009982091374695301 
0.006301510147750378 0.001609313301742077 -0.005910093896090984 
0.004558228421956301 0.01781748980283737 -0.009939258918166161 
0.005852512083947659 0.02085167914628983 0.0003081303439103067 
-0.005903182551264763 0.005602569319307804 -0.0125757921487093 
-0.006371788680553436 0.01537425722926855 -0.007034969516098499 
0.0001523156388429925 -0.009521028958261013 -0.0008778040064498782 
0.006749188061803579 0.02227768488228321 -0.006164579652249813 
-0.006149278488010168 0.01040758565068245 -0.01235754881054163 
0.0007543879910372198 0.004825014621019363 -0.001729155774228275 
-0.005724380724132061 0.01847138069570065 -0.006843151524662971 
0.003686787560582161 -0.0009582533966749907 0.0003445942711550742 
0.001169929513707757 0.02655933238565922 -0.002295780461281538 
0.009948300197720528 0.007845629006624222 -0.008553849533200264 
-0.0006863762391731143 0.01443708129227161 -0.0019830078817904 
0.006657673511654139 0.0006436847033910453 -0.0003663096867967397 
0.0004697854164987803 0.002582991495728493 -0.001671190490014851 
0.007168433628976345 0.01690088957548141 -0.005561176687479019 
-0.00819181464612484 -0.003697295673191547 0.0002187982463510707 
-0.006864958442747593 0.02146029099822044 -0.008234667591750622 
-0.002061089035123587 0.0286333542317152 -0.002356416080147028 
-0.006813989952206612 0.01054410077631474 4.075245306012221e-05 
-0.008575759828090668 0.01151132211089134 -0.01016025897115469 
-0.007340883836150169 0.01418866962194443 -0.01097838208079338 
-0.008745777420699596 0.01440635789185762 -0.007275445386767387 
0.007565579377114773 -0.001966277603060007 -0.001791959395632148 
-0.00374729186296463 0.03264171630144119 -0.01023402996361256 
0.006575180217623711 0.02367918752133846 8.838182111503556e-05 
-0.007347767241299152 -0.003056708490476012 -0.01254795491695404 
0.005550522357225418 0.0213492289185524 -0.01252975687384605 
0.008817280642688274 0.01438392698764801 -0.009954356588423252 
0.009537685662508011 0.02203091979026794 -0.005504169501364231 
0.005855325609445572 -0.002466291887685657 -0.00494999997317791 
0.009591696783900261 0.01536048576235771 -0.008497104980051517 
0.003886058926582336 0.02869036048650742 0.0007725667092017829 
0.004536503925919533 0.005476315040141344 0.0004381320904940367 
0.006062456406652927 0.0009175522718578577 -0.008371869102120399 
0.00344288838095963 -0.007567292544990778 -0.00494999997317791 
-0.002236085245385766 -0.002287190174683928 -0.003949999809265137 
0.005532924085855484 -0.002585833426564932 -5.468235758598894e-05 
-0.003835537703707814 0.006050926633179188 -0.01305860001593828 
0.005795451812446117 0.02641873434185982 0.0004181198601145297 
-0.00820343941450119 0.00656538549810648 -0.006279775872826576 
0.001140038832090795 0.0009159226901829243 -0.007548992522060871 
0.007504767738282681 -0.005118090193718672 -0.0006183056393638253 
0.003766013542190194 0.02534963190555573 -0.009741013869643211 
0.003443081397563219 0.004874578677117825 0.0006450065993703902 
0.004461312666535378 0.02078472636640072 -0.009861594066023827 
-0.004173838533461094 0.004507886245846748 -0.01287619955837727 
0.007991235703229904 0.01796825788915157 -0.01067788526415825 
0.007439153734594584 0.01342888921499252 -0.00545754749327898 
-0.003735940670594573 0.006523690186440945 0.001051180530339479 
-0.009586580097675323 0.009684535674750805 -0.00405667582526803 
0.003163311863318086 -0.008168327622115612 -0.004041571170091629 
0.001610741019248962 0.004632498137652874 0.0009313521441072226 
-0.007497266866266727 0.01413734629750252 -0.001170310890302062 
-0.004084753338247538 0.03056057915091515 -0.01173442229628563 
0.005708710756152868 0.02970452047884464 -0.009631211869418621 
0.002942462684586644 -0.005776793695986271 0.0004277389089111239 
-0.006184972357004881 0.01633928902447224 -0.01143918000161648 
0.006688554305583239 0.003827639622613788 -0.01190232485532761 
0.007515288423746824 -0.002743691671639681 -0.01001396775245667 
0.009939080104231834 0.005652603693306446 -0.008769579231739044 
-0.005912328138947487 0.005164312198758125 -0.01024860423058271 
-0.001489400514401495 0.00647131958976388 0.001109051052480936 
0.00515183387324214 0.0005561365396715701 -0.004526085685938597 
-0.00830359198153019 0.01457011327147484 -0.009389773942530155 
0.004670079797506332 0.02615602500736713 -0.0127914734184742 
0.003282451769337058 0.01634466089308262 -0.01271684654057026 
-0.006375578232109547 -0.001635840861126781 -0.01042521931231022 
-0.00050621252739802 0.02154042012989521 -0.01302310358732939 
0.002554676495492458 0.01166296750307083 0.0001885060482891276 
0.0006335344514809549 0.00313656241632998 -0.005409986712038517 
0.005336946807801723 -0.002280851826071739 -0.001534431823529303 
-0.002246223855763674 0.02329729311168194 -0.00978253036737442 
0.008811118081212044 0.03115101158618927 -0.009131590835750103 
-0.001972568919882178 0.001534602837637067 -0.008050000295042992 
0.004886000882834196 0.02951286546885967 0.0004866947128903121 
-0.008613184094429016 0.01518010068684816 -0.005929271690547466 
-0.001203537685796618 -0.001620170543901622 -0.01223287172615528 
0.003096178872510791 0.01313338615000248 -0.01005862187594175 
-0.007487079128623009 0.0004535764164756984 -0.001631564227864146 
0.001251435256563127 -0.0007786556961946189 -0.01045610662549734 
-0.001305959303863347 0.03381989896297455 -0.0112906014546752 
-0.001315657515078783 -0.006208336912095547 -0.01055475696921349 
0.001873321947641671 0.001094381907023489 -0.001629507169127464 
0.01044654101133347 0.005225157365202904 -0.004089093767106533 
0.005112337879836559 -0.0076207360252738 -0.001395464409142733 
0.00709118414670229 0.03171840310096741 -0.01087885163724422 
0.00394123699516058 0.01134492643177509 -0.01234621088951826 
0.004662999417632818 -0.004528452642261982 -0.007967635057866573 
0.006127262022346258 0.00685560330748558 -0.012079868465662 
-0.005618676543235779 0.01895433478057384 -0.006175736896693707 
-0.001460271188989282 -0.0001527596323285252 -0.0006472824607044458 
-0.001987983006983995 0.02563941106200218 -0.009721898473799229 
-0.001796678989194334 0.008676253259181976 -0.01016517169773579 
0.004162909463047981 0.02387207746505737 0.0009378350805491209 
-0.005346457008272409 0.02490219660103321 -0.008413589559495449 
-0.003392861224710941 0.01474281866103411 -0.01273852959275246 
0.008231985382735729 0.03315871581435204 -0.009192519821226597 
-0.005947027821093798 0.01255048904567957 0.0001901515352074057 
0.00767921656370163 0.03264150768518448 -0.001836427953094244 
0.009557869285345078 0.01947435550391674 -0.007902254350483418 
0.001363180461339653 0.01817310601472855 -0.009923562407493591 
0.002739108866080642 0.01238173618912697 -0.001922469818964601 
-0.002937497571110725 0.02822723612189293 -0.01198155619204044 
0.007162098307162523 0.01698250137269497 -0.007467478513717651 
0.007873161695897579 0.01682563312351704 -0.00116851506754756 
0.00476188724860549 0.01881817728281021 -0.009913541376590729 
0.006930696777999401 0.02011490613222122 -0.01150497142225504 
-0.008092512376606464 0.01404171250760555 -0.01006944477558136 
0.004098600707948208 0.01096485089510679 0.0003044678887818009 
-0.0004519284120760858 0.001421918626874685 -0.01181989163160324 
-9.381778363604099e-05 0.0302095077931881 -0.0125402919948101 
-0.007557498756796122 0.006079609971493483 -0.01022140402346849 
-0.006396139040589333 0.02313533425331116 -0.003943640273064375 
-0.001205809647217393 0.01822352409362793 -0.002082910388708115 
-0.008506575599312782 0.01386566273868084 -0.009297067299485207 
0.008411094546318054 0.002457960275933146 -0.0007839605677872896 
0.008205641061067581 0.003599907038733363 -0.001835810951888561 
0.005150082055479288 0.01101231854408979 -0.0120898075401783 
0.002157059498131275 0.02120649442076683 -0.002154042711481452 
0.004716972820460796 -0.0008289373945444822 0.0001190865878015757 
-0.003918355796486139 -0.001061439048498869 -0.01041515357792377 
-0.00950968824326992 0.01035396009683609 -0.005992734804749489 
-0.001289817038923502 0.01196105964481831 -0.001919573056511581 
0.009745743125677109 0.0174068808555603 -0.004296173341572285 
0.01047668233513832 0.003366778139024973 -0.003161368425935507 
0.005495882593095303 0.01737399771809578 -0.009952721185982227 
0.007831781171262264 0.005766842514276505 -0.00173954083584249 
0.003208602545782924 0.006141615100204945 -0.01024139486253262 
-0.008644700050354004 0.01493176631629467 -0.00503340270370245 
0.005073194392025471 0.009415565058588982 -0.01210977602750063 
-0.005327772349119186 0.02046362869441509 -0.002615206176415086 
0.002999764401465654 0.03173734247684479 -0.0119765754789114 
0.0004177774826530367 0.002194507047533989 -0.0124182403087616 
0.0002459687239024788 0.005399527028203011 -0.0130633469671011 
0.001652721199207008 -0.002224612515419722 -0.003949999809265137 
0.00787330511957407 0.007861028425395489 -0.007100408896803856 
0.004450424108654261 0.01254882011562586 -0.0122413719072938 
0.004028167575597763 0.008671863004565239 0.0005596716655418277 
0.006203672848641872 0.004796779714524746 -0.01028251834213734 
0.01104544568806887 0.002994090784341097 -0.006428347434848547 
-0.008071291260421276 0.007334169000387192 -0.001936939777806401 
0.004067638423293829 0.03163732215762138 -0.0009803947759792209 
-0.00545971654355526 0.03386050462722778 -0.01071776822209358 
-0.001896229106932878 -0.007498596329241991 0.00100094685330987 
-0.003871068125590682 0.03196854889392853 -0.001752791227772832 
-0.006706273183226585 0.02108568511903286 -0.008945129811763763 
0.003993610851466656 -0.001597440103068948 -0.01228177268058062 
0.006092320661991835 0.01562129240483046 -0.002000320935621858 
-0.004676421638578176 -0.008216951042413712 -0.0125600527971983 
-0.009234112687408924 0.001689916825853288 -0.001058063819073141 
0.004818618763238192 -0.002536930609494448 -0.01047121360898018 
-0.006642448715865612 0.003824310610070825 -0.01244364865124226 
0.01030091382563114 0.004527805373072624 -0.009099515154957771 
-0.002213706495240331 0.0005773117882199585 0.001003709039650857 
0.004012356512248516 0.004300127271562815 -0.01029108744114637 
0.006818818859755993 0.02138525247573853 -0.007861210964620113 
0.001467305002734065 0.02991313859820366 0.0006046412163414061 
-0.008798348717391491 -0.000167131656780839 -0.01038200967013836 
-0.000698076852131635 0.02556609734892845 -0.009726402349770069 
-0.003747369162738323 0.02366199344396591 -0.01153162494301796 
-0.004071382340043783 -0.00858154334127903 -0.001388862379826605 
0.005890214815735817 -0.001326569821685553 -0.01044176332652569 
0.007855495437979698 0.008090047165751457 -0.003382982220500708 
-0.007374173495918512 0.005542444996535778 -9.634415619075298e-06 
0.003808395005762577 -0.003415019484236836 -0.007050000131130219 
0.006895469035953283 0.006065208930522203 -0.01025079004466534 
0.00339963473379612 -0.0001927940757013857 0.0003965438227169216 
0.007772203534841537 0.009158806875348091 -0.01012993603944778 
0.00828341580927372 -0.003919235896319151 -0.006778286769986153 
0.00933458749204874 0.02463900484144688 -0.004690341185778379 
0.007376435212790966 -0.007697171531617641 -0.00322831585071981 
-0.0001985752896871418 0.003205240471288562 -0.005099293775856495 
-0.0002159255091100931 0.02124722674489021 -0.002159868832677603 
-0.00183380872476846 0.02666030824184418 -0.01223786175251007 
0.003923981450498104 -0.004608922637999058 -0.007078918628394604 
0.007877498865127563 0.01879715546965599 -0.01079105865210295 
0.008840004913508892 0.01363726146519184 -0.002028167014941573 
-0.004619690589606762 0.01903663761913776 -0.009889007546007633 
-0.007036412134766579 0.01216302346438169 -0.006344699300825596 
0.004829195328056812 0.03192407637834549 -0.002116310875862837 
0.009517100639641285 0.02205757051706314 -0.005052169784903526 
-0.002582831075415015 -0.009183811955153942 -0.001155127654783428 
0.006623568013310432 -0.002581419888883829 -0.001524001942016184 
-0.00918642058968544 0.005376242101192474 -0.001637637265957892 
0.004764774348586798 0.002478600945323706 -0.01020256243646145 
-0.009073654189705849 0.01269896142184734 -0.006870674900710583 
0.0004300070577301085 0.03416961058974266 -0.01052098069339991 
0.007936707697808743 0.001099688117392361 -0.009162692353129387 
0.003537493525072932 0.01526593044400215 -0.01201272197067738 
0.001063727657310665 -0.002222241135314107 -0.005894996225833893 
-0.0009226230904459953 0.02408852800726891 -0.00223547057248652 
-0.00015548913506791 -0.008059171959757805 -0.001394828082993627 
0.003633432788774371 -0.006106803193688393 -0.004582986701279879 
0.003698216285556555 -0.006141597405076027 -0.01230264827609062 
-0.007658493705093861 0.01678391918540001 -0.009576410055160522 
-0.006623432040214539 0.01415117457509041 -0.006571791134774685 
0.004777109250426292 0.03186722472310066 -0.01044688560068607 
-0.008366216905415058 0.01595523580908775 -0.004134072456508875 
0.003048733342438936 -0.002430715132504702 -0.00494999997317791 
0.009745525196194649 0.01876992732286453 -0.005481458734720945 
-0.009032341651618481 -0.0002231677062809467 -0.01138636749237776 
0.004408256616443396 0.005867710337042809 -0.00174904556479305 
-0.004787679295986891 0.0131925018504262 -0.01004125457257032 
0.007866033352911472 0.01441474352031946 -0.001135661848820746 
-0.005408904980868101 0.01996372640132904 -0.006277692969888449 
0.008373511955142021 0.001446411246433854 -0.003349944017827511 
0.0003015146648976952 0.02068658545613289 -0.009855806827545166 
0.0003853654488921165 0.01056158356368542 -0.001879672054201365 
-0.00169056688901037 0.002876529470086098 -0.001683190581388772 
0.001618468668311834 0.008062286302447319 -0.001811943016946316 
0.009657068178057671 0.01942635513842106 -0.007494885474443436 
0.009083015844225883 0.01952086202800274 -0.002908919006586075 
0.004505932331085205 0.008952169679105282 0.000240852139540948 
-0.004720894619822502 0.02955445274710655 -0.01178880780935287 
0.005387434735894203 0.0138462632894516 2.642360050231218e-05 
0.003178183455020189 -0.00587456626817584 -0.00494999997317791 
-0.007132545113563538 0.008299826644361019 -0.001835709437727928 
0.009876481257379055 0.01561933569610119 -0.004534686915576458 
0.007723019924014807 -0.003629149403423071 -0.008149951696395874 
0.005198441445827484 -0.003537005744874477 -0.008050000295042992 
-0.007102274335920811 0.0119121540337801 -0.003838885109871626 
0.007805181201547384 0.007316484116017818 -0.0009098848095163703 
0.006034585647284985 -0.008071708492934704 -0.009110056795179844 
-0.006171044893562794 0.005053560249507427 -0.01253597997128963 
-0.006963951513171196 -0.0003435808466747403 -0.01256113499403 
-0.0006291354075074196 0.006620635744184256 -0.01308345049619675 
-0.005459163337945938 0.00929732620716095 0.0006692539318464696 
0.006732734385877848 -0.001531596528366208 -0.007050000596791506 
-0.002927033230662346 -0.00321951019577682 -0.01303418353199959 
0.001910723047330976 0.00457987654954195 -0.01027956418693066 
-0.006793450564146042 0.02231399714946747 -0.004653872922062874 
0.006859130226075649 0.01320168096572161 -0.01148582343012094 
-0.006562091410160065 0.005227184388786554 -0.01238581538200378 
0.006829045712947845 0.006860740948468447 -0.001770114060491323 
-0.007411085534840822 0.007363558281213045 6.230422877706587e-05 
-0.001593173481523991 0.008438698947429657 -0.01017178222537041 
1.679838169366121e-05 0.01422107964754105 -0.0129206720739603 
0.002367370529100299 0.009757340885698795 -0.01280531100928783 
0.004291284829378128 0.01109904050827026 -0.001885864650830626 
-0.004493109881877899 0.02438496053218842 -0.01060342043638229 
0.007690906524658203 0.01020098105072975 -0.008841807954013348 
0.008393428288400173 0.02953445166349411 -0.001846475526690483 
0.004367250017821789 0.01553854439407587 -0.01230919640511274 
-0.001004541059955955 -0.006646027788519859 0.0009467082563787699 
0.0009572989074513316 -0.004030901473015547 -0.003950000274926424 
0.001774435164406896 0.01747065410017967 -0.009942728094756603 
-0.001091920770704746 -0.001023211516439915 -0.0008292226702906191 
0.009225117042660713 -0.001849994179792702 -0.01031324733048677 
0.002624129643663764 0.0005731561104767025 -0.001614391920156777 
0.004394193645566702 -0.008338933810591698 -0.007050000131130219 
0.0003646510886028409 0.003055030945688486 -0.001683726091869175 
0.006645726040005684 0.002085488755255938 -0.01027349103242159 
-0.001282852608710527 0.002944887382909656 -0.007044772617518902 
0.00690784677863121 -0.004165477119386196 -0.01158416550606489 
0.0008465480641461909 0.01611841097474098 -0.00997617095708847 
0.007875833660364151 0.007829330861568451 -0.003117912914603949 
0.002717475639656186 0.02150612697005272 -0.01306490041315556 
0.003122527385130525 0.01167778484523296 -0.01247507147490978 
0.0100615480914712 0.004935894627124071 -0.002443763893097639 
0.01018733438104391 0.01034002937376499 -0.005397101398557425 
-0.002284856978803873 -0.009153896011412144 0.0009537455625832081 
0.005188487470149994 -0.008309279568493366 -0.004163477104157209 
0.008136440999805927 0.004486992955207825 -0.008997021242976189 
-0.006416802294552326 0.01524260267615318 -0.0026094033382833 
-0.000748146791011095 0.01572209224104881 -0.002016682177782059 
0.006659976206719875 0.02342384867370129 -0.003277417737990618 
0.004945397842675447 0.03144941851496696 -0.01196869648993015 
0.006895973812788725 0.004626172129064798 -0.001711637247353792 
0.007444087415933609 0.02622347883880138 -0.01121991034597158 
0.005713884718716145 0.01488278061151505 -0.01001820154488087 
0.006841289810836315 0.02109714969992638 -0.004831800702959299 
0.004201561212539673 0.0253607239574194 0.0008998234989121556 
0.006685897707939148 0.02309078723192215 -0.004068946000188589 
0.0003488867077976465 0.03019538894295692 -0.01257756911218166 
-0.005373611114919186 -0.004725626669824123 -0.001492183422669768 
-0.004690677858889103 0.02449636906385422 -0.001685032853856683 
-0.003555221483111382 0.003171128686517477 -0.01030537486076355 
0.007830401882529259 -0.005359144881367683 -0.005339936818927526 
-0.0002640074235387146 0.02585465461015701 -0.01298312842845917 
0.0001048676203936338 -0.005836991127580404 -0.01054791361093521 
-0.00510727521032095 0.03413550928235054 -0.0002125314495060593 
0.008972873911261559 0.01014159899204969 -0.01001416705548763 
-0.006644919514656067 0.02200289070606232 -0.003619594499468803 
0.00556680653244257 0.0322231762111187 -0.0007092301966622472 
0.008938348852097988 0.007700150832533836 -0.01018392760306597 
-0.008937218226492405 0.002000574488192797 -0.000787688244599849 
-0.004504681099206209 0.001141067477874458 0.0009211276192218065 
-0.001062994822859764 0.03278918191790581 -0.002400000113993883 
0.001914990367367864 0.008931513875722885 -0.01016595680266619 
-0.003986247815191746 0.02758957073092461 -0.01011512987315655 
0.001475658384151757 0.03140818327665329 -0.0124744325876236 
-0.008527428843080997 0.007105465047061443 -0.000731609994545579 
0.008468919433653355 0.02257904410362244 -0.009940808638930321 
0.006901573855429888 0.02032453194260597 -0.00947054848074913 
0.006737940013408661 -0.008259649388492107 -0.008300380781292915 
-0.003039527218788862 0.003433005884289742 -0.01295457594096661 
0.004374109208583832 -0.009177910163998604 -0.01064370945096016 
-0.007952189072966576 0.01167410332709551 -0.01094784121960402 
-0.001603310229256749 0.02780355140566826 0.0002861131215468049 
0.006685217842459679 0.004652555100619793 -0.01028725132346153 
-0.002977879950776696 0.005173536948859692 0.0009513810509815812 
0.00516139343380928 0.01551517006009817 -0.001999418716877699 
-0.002472337335348129 0.02669334970414639 -0.0023065903224051 
0.01009994931519032 0.000868896662723273 -0.00222818017937243 
0.002844825387001038 0.01920066587626934 0.0009122022893279791 
0.00742334546521306 -0.006949748378247023 -0.00110449141357094 
0.004277834668755531 0.00609213300049305 -0.0102448333054781 
0.006491837091743946 -0.006908032111823559 -0.007720207795500755 
-0.003167047630995512 0.00541273457929492 0.001090618432499468 
0.004661338869482279 0.01528973132371902 -0.001994536258280277 
-0.00130937248468399 0.01868892088532448 -0.01291764155030251 
0.001092959428206086 0.02977088838815689 0.0006226125406101346 
-0.007967349141836166 0.01299296505749226 -0.001376304775476456 
0.009136425331234932 0.01392637751996517 -0.002483931370079517 
-0.001612154883332551 0.01383602432906628 -0.001969173084944487 
-0.0006820069393143058 0.01109479926526546 -0.00189573597162962 
-0.003304305952042341 0.0027284761890769 0.0009613504516892135 
0.006464971229434013 0.01000484637916088 -0.001852933783084154 
0.007462945766746998 0.01312468573451042 -0.009024474769830704 
0.006226290483027697 -0.007462366484105587 -0.002426519989967346 
0.001457489910535514 0.02225527539849281 0.001132789300754666 
0.006215563043951988 0.02912155352532864 -0.006304434966295958 
-0.003111447440460324 -0.00515295984223485 -0.01052359864115715 
0.006136863492429256 -0.005359005648642778 -0.003949999809265137 
0.002367802429944277 0.02510133758187294 -0.002255309838801622 
0.007674545980989933 0.01207718998193741 -0.0009192619472742081 
0.00718653155490756 -0.001453494187444448 -0.007050000131130219 
0.001365334377624094 0.004754687659442425 -0.001726093469187617 
0.002874054247513413 -0.003850022563710809 -0.008050000295042992 
0.006326301023364067 0.027702571824193 -0.009648114442825317 
0.0027267811819911 -0.0008928561001084745 -0.00558624230325222 
0.008775733411312103 0.03353512287139893 -0.006369947921484709 
0.004628715571016073 0.01289527863264084 -0.01220140140503645 
0.006345865782350302 0.02745312638580799 -0.002633715979754925 
-0.002106799045577645 0.01881123520433903 -0.002100063255056739 
0.002099692588672042 0.002213707659393549 -0.01034172251820564 
-0.005867999978363514 0.01778632216155529 -0.006941583007574081 
-0.001850287662819028 0.002234129700809717 -0.01033326145261526 
0.003953613340854645 0.02021129801869392 -0.0021244534291327 
0.001739893574267626 0.01310910563915968 -0.01005653385072947 
-0.007119379006326199 0.003257731208577752 -0.001704039634205401 
-0.001017906586639583 0.02213745191693306 0.0009370526531711221 
-0.001641012844629586 0.001616735942661762 -0.01237207464873791 
0.01057579927146435 -0.001772638177499175 -0.004388411063700914 
0.003879418363794684 -0.00884154811501503 -0.01220778003334999 
0.01007743738591671 0.01266837120056152 -0.006485908757895231 
-0.0008969116024672985 0.007030285429209471 0.001089315861463547 
0.005980480927973986 0.01667160168290138 -0.002027967711910605 
0.004822261165827513 0.02587900683283806 -0.01276659220457077 
0.007294452749192715 0.001590116648003459 -0.006449952255934477 
0.00123750907368958 0.008093458600342274 -0.001813521608710289 
-0.003527764463797212 0.01536856684833765 -0.01266807876527309 
0.007770015392452478 0.009185749106109142 -0.007133299019187689 
-0.002597090788185596 0.001338710193522274 -0.003949999809265137 
-0.001276346622034907 0.0006964880158193409 -0.01174714509397745 
0.007333927787840366 0.006249276921153069 -0.001753135933540761 
0.005490152165293694 -0.002056150231510401 -0.001539991004392505 
0.003812348237261176 -2.509328624000773e-05 -0.006034353282302618 
0.001769904862158 0.01574222184717655 -0.009987846948206425 
-0.006384735926985741 -0.00318423961289227 -0.001534413429908454 
0.007414977997541428 0.01373917423188686 -0.007202540524303913 
-0.002241102047264576 0.02213090471923351 -0.002187005709856749 
0.004685634281486273 0.01768715120851994 -0.01223741099238396 
0.001414773869328201 0.01336260605603456 -0.01004926301538944 
0.001218191115185618 0.03089705482125282 0.0005264178616926074 
0.008771738037467003 0.03352526947855949 -0.006459048017859459 
-0.002404202008619905 0.01665498130023479 -0.009955637156963348 
0.007778428494930267 -0.001363798510283232 -0.01122030150145292 
0.007709257304668427 0.01008258294314146 -0.0009068476501852274 
0.002425276208668947 0.02709875255823135 -0.009692655876278877 
0.002612850163131952 -0.006094881799072027 -0.008050000295042992 
-0.002741115633398294 0.02686476707458496 -0.0003458486753515899 
-0.004229834768921137 0.002460690215229988 0.0009146203519776464 
-0.006277850829064846 0.01587218977510929 -0.003633799497038126 
-0.00232018786482513 0.009041966870427132 0.001048557693138719 
-0.001767146517522633 0.01781448535621166 -0.00207335758022964 
0.00854770839214325 0.01299540512263775 -0.01034418866038322 
-8.352648001164198e-05 0.02090336009860039 0.001038567861542106 
0.009941737167537212 0.01392739452421665 -0.007681450806558132 
-0.003745381021872163 0.009661559015512466 -0.001864464255049825 
0.003774984972551465 0.006958568934351206 -0.01259872410446405 
-0.002851581666618586 0.001498993020504713 -0.007525968365371227 
-0.003269306849688292 -0.00146246375516057 -0.01302005164325237 
-0.005712342914193869 0.0001982070971280336 0.000824181770440191 
-0.002165195997804403 0.02467489615082741 0.000432859844295308 
0.007990537211298943 0.001527525135315955 -0.001628538360819221 
0.006875201128423214 0.01684310473501682 -0.0005148120690137148 
0.004507260397076607 0.02055592089891434 0.0007994306506589055 
-0.005764929577708244 -0.002694210968911648 -0.01287333853542805 
0.006142770871520042 0.01260491088032722 -0.0002201862371293828 
-0.008725087158381939 -0.000920141872484237 -0.0003053071268368512 
0.005992555059492588 0.02827243506908417 -0.002330828458070755 
-0.005687778815627098 0.01874049939215183 -0.009463656693696976 
0.0002663793857209384 -0.0026449179276824 -0.01285362523049116 
-0.002513574901968241 0.03463098779320717 -0.009599998593330383 
-0.009445108473300934 0.0106487637385726 -0.006576318759471178 
0.001851120148785412 0.02111602760851383 0.001095565385185182 
0.008244867436587811 0.003096428234130144 -0.009011408314108849 
0.002104951534420252 0.0001596954243723303 -0.01243679225444794 
-0.001525628147646785 0.001649117330089211 -0.01233199425041676 
-0.007236344274133444 0.01972972601652145 -0.008557673543691635 
0.003371070139110088 0.01534152962267399 -0.001998478313907981 
-0.002000429201871157 -0.00492043886333704 -0.001480317441746593 
-0.003186094108968973 0.02761663496494293 -0.000680002907756716 
0.007791639305651188 0.008909999392926693 -0.002061502542346716 
-0.001408229116350412 0.02044350281357765 0.0008759363554418087 
0.005253216251730919 0.003237036289647222 -0.01032133400440216 
0.005423117429018021 0.003019077237695456 -0.0100654736161232 
-0.005324987694621086 0.01024057064205408 -0.01011724770069122 
0.007572948932647705 0.01477308012545109 -0.01109135523438454 
0.001164454384706914 0.01261403784155846 -0.01287864986807108 
0.007786230649799109 0.008978268131613731 -0.008410045877099037 
0.008713789284229279 0.01466177962720394 -0.001938231056556106 
0.01002032216638327 0.01393457781523466 -0.006349277682602406 
0.000519521243404597 0.03288973122835159 -0.01237240899354219 
-0.007686606608331203 0.003154818899929523 1.811215770430863e-05 
0.005829708185046911 -0.006531827617436647 -0.003949999809265137 
-0.001356953755021095 0.01243664789944887 0.0009716312633827329 
0.007913484238088131 0.00606667622923851 -0.0005752631695941091 
0.003552731592208147 -0.002911672461777925 -0.008050000295042992 
-0.003841173835098743 -0.008189697749912739 -0.01303517259657383 
0.004229396115988493 -0.008372372016310692 -0.003949999809265137 
0.007377076894044876 0.01422516722232103 -0.005141018889844418 
-0.007759057451039553 0.008689630776643753 -0.006102127954363823 
0.004213557578623295 0.001568425563164055 -0.001637187087908387 
-0.007196187973022461 0.01194287836551666 -0.01156874187290668 
0.00367437582463026 0.002478270092979074 -0.001662023947574198 
0.001389000914059579 0.02004335448145866 -0.01303780730813742 
-0.001576436450704932 -0.0004335932317189872 -0.003949999809265137 
-0.007343163248151541 0.01070764847099781 -0.006772099528461695 
0.004752218723297119 0.02625150792300701 0.000769763020798564 
-0.00125762983225286 0.01307606045156717 -0.001948619959875941 
0.007412602659314871 -0.006680604536086321 -0.003969841171056032 
-0.002521177986636758 0.01386979222297668 -0.01287280395627022 
0.005951437167823315 -0.0006184609374031425 -0.00494999997317791 
0.004997029900550842 -0.002914289245381951 5.879995296709239e-05 
0.006932432763278484 0.03321362286806107 -0.009169353172183037 
-0.00820548553019762 0.0008474194910377264 -0.0103567112237215 
0.01033791899681091 0.00702578853815794 -0.006860592402517796 
0.008151852525770664 0.004288625903427601 -0.0070740538649261 
0.0006251656450331211 0.007038167677819729 -0.00178719824180007 
0.005699740722775459 0.01552977692335844 -0.01196369901299477 
0.007141519337892532 0.01724689826369286 -0.008713355287909508 
-0.009357639588415623 0.00141125381924212 -0.00149832502938807 
-0.001575524569489062 -0.008330682292580605 0.0009745777351781726 
-0.008528630249202251 0.005001182202249765 -0.006137729156762362 
-0.003907692618668079 -0.001384517992846668 -0.001576500711962581 
-0.005639234557747841 0.01887242868542671 -0.006642016116529703 
0.0004907838883809745 0.02417645789682865 0.001121906097978354 
0.001117126783356071 0.003785343375056982 -0.01284044794738293 
-0.008611110039055347 0.003547162981703877 -0.001714590238407254 
0.003539237193763256 0.01201917603611946 -0.0100886020809412 
-0.009387550875544548 0.006902521476149559 -0.009782221168279648 
0.009360047057271004 0.01189702562987804 -0.002712666057050228 
0.006368746981024742 0.02663120068609715 -0.01214830577373505 
-0.00404367595911026 0.01290326565504074 -0.001949700294062495 
0.001955559477210045 0.009844039566814899 -0.01285394094884396 
0.008260804228484631 -0.001603156677447259 -0.01099535916000605 
-0.0001805806532502174 0.01931801810860634 -0.009890571236610413 
0.00416587246581912 -0.006442942190915346 -0.004023628775030375 
0.00465388223528862 0.01420454680919647 -0.01003378164023161 
-0.001502152998000383 0.0101755615323782 0.001022653887048364 
-0.005213117226958275 -0.006039586383849382 -0.01296405866742134 
0.000199874717509374 0.01613333076238632 0.0009238154161721468 
-0.002211394254118204 -0.002378356643021107 -0.00489745894446969 
0.0002498574322089553 0.00534463208168745 0.001065285876393318 
0.004174828063696623 0.02348189614713192 -0.002209400990977883 
0.005998511333018541 -0.002339839702472091 -0.001531563815660775 
0.003309729043394327 0.000988914049230516 -0.004802957642823458 
0.006538739427924156 -0.008397400379180908 -0.009665656834840775 
0.003901345189660788 -0.004618830047547817 -0.007476507686078548 
0.001155890407972038 0.007986107841134071 -0.0129622183740139 
0.001338977832347155 -0.007330778054893017 0.0006430469220504165 
-0.004100000485777855 0.02348998747766018 -0.009773778729140759 
0.0006688496796414256 0.02928491309285164 -0.00963205099105835 
-0.003176870988681912 -0.0006121565820649266 -0.006933534983545542 
0.008889293298125267 -0.006108762696385384 -0.005802324507385492 
0.002379777608439326 -0.003325676778331399 -0.001513088238425553 
-0.005162467248737812 0.02984548173844814 -0.009600000455975533 
0.009850645437836647 0.01694313809275627 -0.006622101180255413 
-0.001910646562464535 0.03066020086407661 -0.001147915376350284 
0.009171108715236187 0.02786563336849213 -0.005713890306651592 
-0.004164532292634249 0.01168896071612835 -0.01008176151663065 
-0.00128038227558136 0.03443159908056259 -0.002400000113993883 
0.006851828657090664 -0.002051732502877712 -0.008050000295042992 
0.006756321527063847 0.03308252617716789 -0.009147528558969498 
0.01028174813836813 0.0041786078363657 -0.002826519310474396 
-0.005139045882970095 0.01458006631582975 -0.001995678292587399 
-0.00839589536190033 0.005665676202625036 -0.006924213375896215 
-0.004882366396486759 0.01842817850410938 -0.01187186315655708 
0.005672615952789783 -0.007762319408357143 -0.001581273623742163 
0.007075116969645023 0.02045005187392235 -0.0006050909869372845 
-0.002720389515161514 -0.007233468815684319 0.001030641607940197 
0.005432340316474438 0.01846791245043278 -0.01217303890734911 
-0.003593296045437455 0.01141505781561136 -0.01289814151823521 
0.002554699080064893 0.01520581543445587 -0.01000342704355717 
-0.006244063843041658 0.02421199530363083 -0.004850235767662525 
-0.004756505135446787 0.002445615828037262 -0.01032190583646297 
-0.008039670996367931 0.007425098679959774 -0.008365503512322903 
-0.006999071221798658 0.01240764744579792 -0.003819725476205349 
-0.009651569649577141 0.007146164309233427 -0.002455170964822173 
-0.001790112350136042 -0.001047274097800255 9.489715012023225e-05 
0.001633564475923777 -0.009224950335919857 -0.01258352864533663 
0.005853509064763784 -0.005803268868476152 -0.003949999809265137 
-0.005795595236122608 0.0181603878736496 -0.007665172219276428 
0.003555911593139172 -0.004926038905978203 -0.007872328162193298 
0.0001967711141332984 0.0283727515488863 -0.002345080254599452 
-0.006650802679359913 -0.006821906194090843 -0.0009487043134868145 
0.003396065905690193 -0.007485846988856792 -0.001402487978339195 
-0.0006519420421682298 0.01961456798017025 0.000979949370957911 
0.000282599707134068 -0.004727607592940331 -0.008050000295042992 
0.001917879213578999 -0.005345296114683151 -0.008050000295042992 
0.01076729595661163 0.002186494180932641 -0.003793061943724751 
0.002329695038497448 -0.004972055554389954 -0.01052979659289122 
0.009333860129117966 0.01411429699510336 -0.009143173694610596 
0.007966182194650173 0.006670526228845119 -0.00322445435449481 
0.0008222737815231085 0.02216691710054874 0.001114540849812329 
0.007171522825956345 0.02387768402695656 -0.01131666451692581 
-0.001961748581379652 -0.004705662839114666 -0.001485837157815695 
0.002491548657417297 -0.004699940793216228 -0.008050000295042992 
0.007108590099960566 0.003004752099514008 -0.01033112313598394 
0.006017850711941719 0.02486076578497887 -0.009758296422660351 
-0.009801062755286694 0.008482511155307293 -0.004054428078234196 
-0.00348312733694911 0.02194308489561081 -0.009815405122935772 
0.004687042441219091 0.01684281788766384 -0.0020350341219455 
0.001457649283111095 0.002122618956491351 -0.001657187938690186 
0.007040840573608875 0.01853938587009907 -0.002591825323179364 
0.008210107684135437 0.02902713045477867 -0.01047706697136164 
0.005208029877394438 -0.004160128533840179 -0.01201525051146746 
0.001464386004954576 -9.56435760599561e-05 -0.001294848741963506 
0.005587732885032892 0.0123599823564291 -0.01196672022342682 
0.01035242062062025 -0.002517580986022949 -0.008256674744188786 
-0.008218889124691486 0.00132491032127291 -0.01187714003026485 
0.007319016382098198 0.0149695873260498 -0.006359419785439968 
0.004295114427804947 0.02057037875056267 -0.00213314313441515 
-0.005301326513290405 0.0267716683447361 -0.006057769525796175 
0.003334093606099486 0.0230640284717083 -0.01305572781711817 
-0.003741159336641431 -0.001185108441859484 -0.01041873916983604 
-0.00869915634393692 0.004968910478055477 -0.008088758215308189 
0.008219711482524872 0.02271745353937149 -0.01025783270597458 
-0.000317466096021235 -0.005557251628488302 -0.001460394007153809 
0.001593176741153002 0.002396211260929704 -0.01270819548517466 
-0.0007778525468893349 0.03367370739579201 -0.01219699159264565 
0.002433798974379897 0.0173333790153265 -0.009947635233402252 
0.004981910809874535 0.002742724493145943 -0.001843692269176245 
-0.001209730631671846 0.02835469320416451 0.0004005283699370921 
0.009868607856333256 0.002749362727627158 -0.002012696117162704 
-0.006962470710277557 0.006795420311391354 -0.001796089694835246 
-0.002355224452912807 0.01266540586948395 -0.01293215155601501 
0.003042187308892608 0.009544564411044121 -0.01015221327543259 
-0.007663475349545479 0.007405160926282406 -0.0001058590278262272 
-0.003522497601807117 -0.002940994687378407 0.001024045515805483 
-0.001618841895833611 0.0300021655857563 -0.01215871702879667 
-0.008087418042123318 0.007163699716329575 -0.004543434362858534 
-0.005487428046762943 0.03326551616191864 -0.009599998593330383 
0.0005792413139715791 0.01795070618391037 -0.002072204602882266 
0.004345403052866459 -0.007899727672338486 -0.008050000295042992 
-0.003534392220899463 -0.0009157956810668111 -0.01300988905131817 
-0.004579757805913687 0.02632629498839378 -0.002743031131103635 
-0.004612782504409552 0.02920487150549889 -0.01046350225806236 
-0.002521489514037967 0.003353486768901348 0.0009614269947633147 
0.009224677458405495 0.01427832432091236 -0.009325792081654072 
-0.009724168106913567 0.009048552252352238 -0.006911188829690218 
-0.0014786726096645 0.01687511056661606 -0.002048252383247018 
0.0008325164671987295 0.0073670269921422 -0.001795368269085884 
-0.001328649697825313 0.02658318728208542 -0.01259833853691816 
-0.005558644887059927 0.0003956272266805172 -0.01037381961941719 
0.006948608905076981 0.01972008310258389 -0.006190797314047813 
-0.0005348411505110562 0.001365709933452308 -0.006087123416364193 
0.002567411866039038 0.01515661180019379 -0.01000473648309708 
0.0008905422873795033 -0.00236067920923233 -0.006744894199073315 
-0.003642414463683963 0.003013995010405779 -0.001690697157755494 
0.007917183451354504 0.01941949874162674 -0.01073663122951984 
0.00774549413472414 0.009500518441200256 -0.004176461137831211 
0.0003056354471482337 0.03422471135854721 -0.01169863436371088 
-0.004015006124973297 0.01329090166836977 0.0007240604027174413 
-0.008639915846288204 0.01437970157712698 -0.008426327258348465 
-0.0008280289475806057 0.0302459541708231 -0.009599999524652958 
0.0004409284447319806 0.002478011418133974 0.0008669646922498941 
-0.009345902130007744 0.007864882238209248 -0.009992143139243126 
0.006847486365586519 -0.003504205495119095 -0.01159544475376606 
-0.005898924078792334 -0.001413659541867673 0.0008341235807165504 
0.008550737984478474 0.002704897662624717 -0.01113055739551783 
0.007374001201242208 -0.007455969229340553 -0.008049936965107918 
0.009649869054555893 0.02017145417630672 -0.006668494082987309 
-0.001787731307558715 0.01651200279593468 -0.01287975441664457 
0.01039800234138966 -0.002592158038169146 -0.007759931031614542 
0.001686038449406624 0.02461506240069866 -0.002243981929495931 
0.003909584600478411 0.01607426069676876 -0.002016528509557247 
-0.006351487711071968 0.01552204973995686 -0.008448008447885513 
-0.00989642646163702 0.006342657841742039 -0.005561242811381817 
-0.002690484747290611 -0.001775473821908236 -0.006348936352878809 
-0.00122626859229058 0.02305655181407928 -0.01285221800208092 
0.007468896452337503 0.01304861903190613 -0.009689858183264732 
0.004296767059713602 0.02647265046834946 -0.01283982954919338 
0.002032175427302718 0.0007833573035895824 -0.01037893164902925 
0.008878600783646107 0.02253844775259495 -0.009177755564451218 
-0.001019726507365704 0.007341889198869467 -0.01308950502425432 
0.007335892878472805 0.008228521794080734 -0.001804807921871543 
-0.003978812601417303 0.02684013545513153 -0.005167652852833271 
0.006175493355840445 0.02963545545935631 -0.006311378441751003 
0.002388125751167536 0.003665590193122625 0.0008145905449055135 
-0.003916064742952585 0.03297299891710281 -0.002400000113993883 
0.003859049640595913 -0.004019503016024828 -0.007049999665468931 
-0.007848403416574001 -0.005284156184643507 0.0003011730732396245 
0.002562481909990311 -0.007549149915575981 -0.01247305236756802 
0.003425694070756435 -0.005708390381187201 -0.004567170981317759 
0.001850219559855759 0.008480935357511044 -0.01017759088426828 
2.849558950401843e-05 0.005682645831257105 -0.001753004617057741 
-0.004597349092364311 0.008938202634453773 -0.01015271153301001 
0.004304973874241114 0.01005064975470304 -0.001858464907854795 
-0.00204299995675683 0.02496211044490337 -0.01246904674917459 
0.00072314782300964 -0.003746107686311007 -0.007050000131130219 
-0.001944257179275155 0.006341956555843353 0.001110873650759459 
0.003926888108253479 0.01089293044060469 0.0003422890731599182 
0.004189392551779747 -0.008133772760629654 -0.008050000295042992 
0.003988985437899828 0.006373705342411995 -0.0102369012311101 
-0.003474601544439793 -0.0055111488327384 0.001039195922203362 
0.001942669507116079 0.0203736387193203 -0.002132727997377515 
-0.007242136634886265 0.01124881207942963 -0.003636598819866776 
0.003192944917827845 0.01242007780820131 -0.01246059965342283 
-0.006813352927565575 0.004001056775450706 -0.01236825436353683 
0.001778762671165168 0.02094499208033085 0.001086943899281323 
5.246512591838837e-05 0.002539158798754215 -0.001670883735641837 
0.01004038192331791 0.001751003554090858 -0.009797903709113598 
0.007070666179060936 0.01815605163574219 -0.002121520694345236 
-0.00245279585942626 -0.002075336873531342 -0.006415151059627533 
-0.007437433116137981 0.0103070056065917 -0.0037892060354352 
-0.003202608786523342 -0.0002047069283435121 -0.003990752622485161 
0.004041784908622503 0.02480932325124741 0.000938881654292345 
0.009427584707736969 0.02977030910551548 -0.005348103120923042 
-0.00159494555555284 0.03389369696378708 -0.0001078418863471597 
-0.007569112814962864 0.0137646496295929 -0.001137334504164755 
-0.005725537426769733 0.00585105549544096 -0.01260869950056076 
0.006257833912968636 0.02466969564557076 -0.002236232161521912 
0.006365732755511999 0.02719685435295105 -0.002326932502910495 
0.001417765626683831 -0.003658033208921552 -0.007050000131130219 
-0.005970702972263098 0.01729186251759529 -0.005115505773574114 
0.004634926095604897 0.02158770523965359 -0.009840976446866989 
0.0007462114444933832 -0.005731469485908747 -0.008050000295042992 
0.003212974639609456 0.02199418283998966 0.001044284785166383 
-0.008174693211913109 0.01027204841375351 -0.0009672340238466859 
0.007263360545039177 0.01568416878581047 -0.008462541736662388 
-0.005900591611862183 -0.007493528071790934 -0.001119609922170639 
-0.003998320084065199 0.01461358927190304 0.0006345647852867842 
-0.004999621771275997 0.02713707648217678 -0.006055746227502823 
0.01042798161506653 0.002266186056658626 -0.002962186234071851 
0.005839717574417591 0.0137490052729845 -0.0001243779552169144 
0.007791298441588879 -0.005063429474830627 -0.008126463741064072 
0.00725548854097724 0.002445210237056017 -0.01170622836798429 
0.006652285344898701 0.02341172657907009 -0.0119880773127079 
-0.004358609672635794 0.01150002330541611 0.0007846775697544217 
-0.008626573719084263 0.01219244860112667 -0.009835207834839821 
-0.003615156281739473 0.002384765539318323 0.0009627422550693154 
-0.00437214644625783 0.02493106573820114 -0.005817714612931013 
0.0001187810266856104 0.004497741814702749 -0.01308287773281336 
-0.005326789803802967 0.01700753718614578 -0.002059433842077851 
0.00626665772870183 0.02846637740731239 -0.005370377562940121 
-0.005607472732663155 0.002794134896248579 -0.01276100799441338 
0.008264544419944286 -0.0002143628080375493 -0.01095711998641491 
-0.006654415279626846 0.01214072480797768 -9.633569425204769e-05 
-0.009065298363566399 0.01273499056696892 -0.006962073966860771 
-0.004433995112776756 -0.001057329471223056 -0.01297345664352179 
0.001113531645387411 0.01817519031465054 0.0009645927930250764 
0.008374442346394062 -0.003629906103014946 -0.004244355019181967 
-0.005929174367338419 0.02344886027276516 -0.008949012495577335 
0.006056358106434345 0.01035382319241762 -0.0001835400762502104 
-0.009031560271978378 0.00504774134606123 -0.007081457879394293 
-0.006857652682811022 0.01304023247212172 -0.006899050436913967 
0.006285135634243488 -0.005152049474418163 -0.00494999997317791 
-0.002119538141414523 -0.0007255310192704201 8.755869930610061e-05 
0.003255243180319667 0.003236925229430199 -0.001682673348113894 
-0.007296162191778421 -0.006003498565405607 0.0005806011031381786 
-0.002462729346007109 0.001788749010302126 -0.001656339620240033 
0.001395235187374055 0.006065416149795055 -0.01023974549025297 
-0.006905102636665106 0.0001253450755029917 -0.01256011985242367 
0.003017409704625607 0.01763979345560074 -0.01281495951116085 
0.005961490329355001 0.03021944873034954 -0.002381725236773491 
-0.001864359364844859 -0.005313896108418703 -0.001469797571189702 
-0.005983425304293633 0.01730590313673019 -0.003016120521351695 
-0.000577906786929816 0.003149207681417465 -0.005878261756151915 
-0.001050927210599184 0.02997976168990135 -0.009599998593330383 
0.0006879338761791587 0.002123750280588865 -0.01227164547890425 
0.004326287191361189 0.01054965890944004 -0.01012854930013418 
-0.005591900553554296 0.03323401510715485 -0.000207394317840226 
0.009384362027049065 0.02148959599435329 -0.008127255365252495 
0.007300221361219883 0.02435079403221607 -0.0008244297932833433 
0.00576413981616497 -0.007929409854114056 -0.00494999997317791 
-0.001155201112851501 0.01718714088201523 -0.00205574999563396 
-0.008664459921419621 0.004960522521287203 -0.005010575521737337 
0.004605518188327551 -0.009161302819848061 -0.0003805038868449628 
-0.001186240930110216 0.03357410803437233 -0.001000000163912773 
-0.005344931036233902 0.01283679436892271 -0.01004942320287228 
0.0002977799449581653 -0.009044211357831955 -0.01275705546140671 
-0.004768077284097672 0.02308459393680096 -0.007631716318428516 
0.005097630433738232 0.003719851840287447 -0.01232386101037264 
-0.007387058343738317 0.004964782856404781 -0.001749146147631109 
0.006323830224573612 -0.005502907559275627 -0.01174587570130825 
0.01058356743305922 0.003849778324365616 -0.008527521975338459 
0.001014246488921344 0.01480655651539564 -0.01001075934618711 
0.007107323966920376 0.02823308855295181 -0.01161734946072102 
-0.003198739374056458 7.638080569449812e-05 -0.006139303557574749 
0.004972846247255802 -0.008191170170903206 -0.007050000131130219 
0.00656704418361187 0.02276215702295303 -0.0003390513593330979 
0.005485560279339552 0.01457563135772943 -0.001974237617105246 
0.002410365967079997 -0.006048138253390789 -0.001441996777430177 
0.008816510438919067 -0.0007334151305258274 -0.01062055118381977 
-0.002163516357541084 0.0298679880797863 6.696923082927242e-05 
0.006012509111315012 0.01760502345860004 -0.01192199811339378 
-0.00653637433424592 0.01466384623199701 -0.009238196536898613 
0.006003911606967449 0.03183691948652267 -0.008773221634328365 
0.009203800931572914 -0.004473007284104824 -0.001742290798574686 
-0.004203955642879009 0.03123383224010468 -0.002400000113993883 
0.009055391885340214 -0.005705138668417931 -0.004120916128158569 
0.0006780409021303058 0.02966937050223351 0.0006369793554767966 
-0.004589184653013945 0.02393971383571625 -0.00443962262943387 
-0.006567935459315777 -0.005139317829161882 -0.001483850879594684 
-8.656218415126204e-05 0.0039555374532938 -0.01029185764491558 
0.006720876786857843 0.02264175750315189 -0.008858975023031235 
0.0009254340548068285 0.03301981836557388 -0.002400000113993883 
0.002387303160503507 -0.002333552809432149 -0.008050000295042992 
-0.003694289596751332 0.02556466683745384 -0.001133420271798968 
-0.002520212205126882 0.004861902445554733 -0.001736691338010132 
-0.006858775857836008 0.0217677541077137 -0.007837967947125435 
0.008932832628488541 0.0314476378262043 -0.00324126030318439 
0.005296287592500448 0.0106988251209259 -0.01205466873943806 
-0.003159668296575546 -0.0006608949042856693 -0.006769659928977489 
-0.008244364522397518 0.00647958368062973 -0.009369790554046631 
0.005982357542961836 0.03211349993944168 -0.002823957242071629 
0.005600992124527693 0.01056737173348665 -3.173638833686709e-05 
-0.00286643230356276 0.01890183426439762 -0.01260824222117662 
0.00690340856090188 0.004341355990618467 -0.001704186201095581 
-0.004289737902581692 0.004955634474754333 -0.01285737287253141 
-0.007109773345291615 0.02144390717148781 -0.005608228966593742 
0.00514922896400094 -0.002075950382277369 -0.00494999997317791 
0.00103277969174087 0.001084041432477534 -0.01140477508306503 
0.009242651984095573 0.007053989451378584 -0.009848425164818764 
-0.005215512588620186 0.02088255807757378 -0.006042715162038803 
-0.007161791902035475 0.001260894816368818 -0.01034800987690687 
0.003465602872893214 0.005206466652452946 0.0006412403890863061 
0.008102619089186192 -0.001252070534974337 -0.006270460318773985 
-0.003198325634002686 0.0001064181269612163 -0.005267578177154064 
0.009318184107542038 0.02872460708022118 -0.006322728935629129 
0.001083554467186332 0.004768114071339369 -0.001727009424939752 
-0.006165479309856892 0.01043238490819931 0.0003479298902675509 
-0.001235203118994832 0.02303753979504108 0.0008568599005229771 
-0.0007940859068185091 0.02499734796583652 -0.01290745008736849 
0.01064517721533775 0.0001072104059858248 -0.008768841624259949 
0.005029432941228151 -0.007386393845081329 -0.008050000295042992 
-0.0005202361498959363 -0.003317251335829496 -0.008050000295042992 
-0.005462450440973043 0.01969846524298191 -0.005961325950920582 
0.007329424843192101 -0.001084397896192968 -0.0005935065564699471 
0.007968905381858349 0.006635198369622231 -0.004230024758726358 
0.007431335747241974 0.01895688474178314 -0.0008433586335740983 
-0.0005133176455274224 0.03281917050480843 -0.009599999524652958 
0.002472182502970099 -0.003096173051744699 -0.008049999363720417 
-0.003704696893692017 0.02190446294844151 -0.00218403129838407 
-0.001215052790939808 0.03284464031457901 -0.01012123189866543 
-0.003333460539579391 0.0016757866833359 -0.01297587994486094 
0.003475000848993659 0.0008487447630614042 -0.004321392625570297 
0.003431848948821425 -0.005735212936997414 -0.004188585560768843 
0.008418730460107327 0.0008657661965116858 -0.006773625034838915 
0.003013028996065259 0.0179649293422699 -0.01283536851406097 
-0.004377720411866903 0.02708839252591133 -0.009429694153368473 
-0.00109659880399704 0.0009543314226903021 -0.006473073735833168 
-0.0007512144511565566 -0.004024158231914043 0.0009554665302857757 
0.002553939586505294 0.01967420801520348 -0.0129685802385211 
0.004924309439957142 0.001957368105649948 -0.001747438334859908 
-0.002326275454834104 0.01148817501962185 -0.001909306738525629 
0.00520629296079278 0.003443647176027298 0.0002991235232912004 
0.004639057908207178 0.01213318295776844 -0.01219882722944021 
-0.001680211978964508 0.001706887851469219 -0.008050000295042992 
-0.002107580192387104 0.03360799700021744 -0.002400000113993883 
-0.009951305575668812 0.005935678724199533 -0.006586478557437658 
0.008491396903991699 0.03423178195953369 -0.007013498805463314 
0.005372526124119759 0.0106024956330657 -0.0120362900197506 
0.003368451958522201 0.02879707515239716 -0.009650207124650478 
-0.001820269739255309 0.01093535590916872 -0.01300555560737848 
-0.005017750896513462 0.02103678323328495 -0.002164012519642711 
-0.001858046045526862 0.01172185596078634 -0.00191446824464947 
-0.0009679350769147277 0.03452104330062866 9.424455492990091e-05 
-0.009163427166640759 0.001583764445967972 -0.01103265397250652 
-0.001555875292979181 0.00606983108446002 0.001117675215937197 
0.005805736873298883 -0.005832689348608255 -0.008050000295042992 
0.002272263169288635 0.02492010965943336 -0.009749229997396469 
0.002133602276444435 0.001908896258100867 -0.003949999809265137 
-0.002304933732375503 0.03505441546440125 -0.009600000455975533 
0.0009833760559558868 0.0298429112881422 -0.002381885657086968 
-0.006190352141857147 -0.006206975318491459 -0.01054493896663189 
-0.006835419684648514 0.02089808508753777 -0.00323294778354466 
0.007325143553316593 0.01489142794162035 -0.007490688934922218 
-0.008835199289023876 0.00443089846521616 -0.001018616487272084 
-0.001928986632265151 0.0138150742277503 -0.01291935797780752 
-0.006837103981524706 0.01749452017247677 -0.01052349992096424 
-0.004304028116166592 0.01764057949185371 -0.002073908923193812 
-0.002071572234854102 0.0006772553315386176 -0.01037346571683884 
0.004398913122713566 0.02539585717022419 -0.002258922904729843 
-0.001984812552109361 0.02436449378728867 0.0005445749848149717 
-0.005834557116031647 -0.00678756320849061 0.0009144655778072774 
-0.004334278404712677 0.01694687455892563 -0.01232178322970867 
0.009732449427247047 0.01870064437389374 -0.005121116060763597 
-0.004626058507710695 0.007858055643737316 -0.00181914446875453 
0.002858043182641268 0.0131616173312068 0.0005059117684140801 
0.000874033838044852 0.001941991271451116 0.0006943625630810857 
0.004113389179110527 0.0005262031918391585 -0.004318214487284422 
-0.001167326117865741 -0.0009397844551131129 -0.005135152954608202 
0.009552447125315666 0.02125689387321472 -0.007285444065928459 
-0.00357718882150948 0.02245859429240227 -0.002198243048042059 
0.005038769915699959 -0.001128526171669364 4.952966264681891e-05 
0.003706733928993344 -0.009051570668816566 -0.0006451217923313379 
0.006177156232297421 0.02878418006002903 -0.002343819011002779 
0.005969092715531588 0.03228256851434708 -0.005684846080839634 
-0.004222850315272808 0.02565084770321846 -0.005706466268748045 
0.009154388681054115 0.02761315368115902 -0.005071406252682209 
0.005355676636099815 0.0109082255512476 4.001674460596405e-05 
0.007287940941751003 0.01660002395510674 -0.0007662198622711003 
0.00125149404630065 -0.009424949064850807 -0.01158606261014938 
-0.0006412984803318977 0.03361960500478745 -0.009599999524652958 
0.004777705762535334 0.02734625525772572 -0.009690914303064346 
-0.007335321977734566 0.003196210134774446 -0.001702866749837995 
-0.006447705440223217 0.02381464652717113 -0.00582715030759573 
-0.004833715967833996 0.01119893416762352 -0.01009321119636297 
-0.006840449292212725 -0.005349304527044296 -0.01275006122887135 
-0.009274974465370178 0.01165659911930561 -0.006133090704679489 
0.006964535918086767 -0.005115823820233345 -0.009083174169063568 
-0.004067617934197187 0.02639316394925117 -0.005760896950960159 
-0.007194272708147764 -0.00360298715531826 -0.01261258870363235 
-0.002404419239610434 0.03402455896139145 -0.009599999524652958 
0.003803702536970377 -0.0008621598244644701 -0.00494999997317791 
0.001395934144966304 0.03282675892114639 -0.01045683957636356 
-0.005749293603003025 -0.007520349230617285 0.0001432483841199428 
-0.009807715192437172 0.005179868079721928 -0.003696856321766973 
-0.001120439148508012 0.03140123188495636 -0.001406967174261808 
-0.001769353286363184 0.01636435277760029 -0.009964499622583389 
-0.001431934302672744 0.0014439991209656 -0.0103547303006053 
-0.008521810173988342 0.01503088045865297 -0.008241373114287853 
-0.0001782135514076799 0.03082755953073502 -0.01248340401798487 
0.006346170790493488 0.027446448802948 -0.00618342449888587 
0.00388508103787899 0.02305462583899498 -0.009801172651350498 
-0.0001135500933742151 -0.008416030555963516 -0.01281594205647707 
-0.005057819187641144 0.0271424911916256 -0.007629465777426958 
0.003081344533711672 0.01814145781099796 0.0008371239528059959 
0.008187883533537388 0.00382714462466538 -0.003282124642282724 
-0.006360277533531189 0.01315716095268726 -6.336320075206459e-05 
0.006712138187140226 0.02275414951145649 -0.004165827762335539 
0.008635221049189568 0.01306186802685261 -0.01023861393332481 
0.007833646610379219 0.00117838685400784 -0.002603701315820217 
0.002856835722923279 -0.001776128774508834 0.0004742939781863242 
0.006273230537772179 -0.00304927327670157 -0.003949999809265137 
0.01064907573163509 -0.001134314574301243 -0.005308180116117001 
-0.008394100703299046 0.005731646437197924 -0.008529527112841606 
0.00778144970536232 0.009039245545864105 -0.007508833426982164 
-0.00574481301009655 0.01846840232610703 -0.009501630440354347 
0.008200507611036301 0.003664777847006917 -0.00450741546228528 
0.008336208760738373 0.001925182063132524 -0.009597632102668285 
0.009657434187829494 0.01941265165805817 -0.004502759780734777 
-1.408060779795051e-05 0.02172107994556427 0.00106614432297647 
-0.005261492915451527 0.02072283998131752 -0.004257351160049438 
-9.388294711243361e-05 0.02644465863704681 -0.01298225205391645 
-0.008384821936488152 0.005775694735348225 -0.003482780884951353 
-0.0009388061007484794 0.02942424267530441 -0.002374812727794051 
-0.0016541926888749 0.006269666366279125 -0.01022829208523035 
-0.005072850733995438 0.01054931059479713 0.0006967384833842516 
-0.0003555386210791767 0.03489650413393974 -0.0009716111235320568 
0.0015710040461272 -0.007601822260767221 -0.0105969337746501 
-0.00437201838940382 -0.001997564919292927 0.0009892561938613653 
-0.0001325239427387714 -0.003303719451650977 -0.007050000131130219 
-0.0003337620582897216 0.006168482825160027 0.001078258035704494 
0.007911581546068192 0.01292835921049118 -0.001116319093853235 
0.009551422670483589 0.02079374715685844 -0.007577401585876942 
-0.007576094474643469 0.004273498430848122 -1.077288470696658e-05 
-0.003141190391033888 0.002814834238961339 -0.01296208892017603 
-0.0004097878700122237 -0.003288782434538007 -0.001519725657999516 
0.006771666929125786 0.02199065312743187 -0.009584848769009113 
-0.0009711590828374028 -0.006777725648134947 -0.01294292882084846 
-0.00656622601673007 0.01452249009162188 -0.009287604130804539 
-0.004776929505169392 -0.001556352246552706 0.0009506673086434603 
-0.005849624983966351 0.002924411091953516 -0.01271251030266285 
0.00674741342663765 0.0001691645884420723 -0.005801640450954437 
-0.009135100990533829 0.003262633224949241 -0.01049632206559181 
0.0007072269800119102 0.002440499374642968 0.0008417228236794472 
-0.0007292119553312659 -0.002596447477117181 0.0009669953142292798 
-0.001109273522160947 0.03447334468364716 -0.01207210775464773 
0.0008047031587921083 0.009789136238396168 -0.001858662581071258 
0.006877805106341839 0.01872419752180576 -0.01152506563812494 
-0.001644033705815673 0.03374525532126427 -0.002400000113993883 
0.00767901074141264 -0.006907810922712088 -0.001405543414875865 
0.005651322659105062 0.02735488303005695 0.0004329273942857981 
-0.005395876243710518 -0.007319053169339895 -0.001424422487616539 
0.00938023254275322 -0.003249221947044134 -0.001796984346583486 
-0.005021694581955671 0.03064335137605667 -0.009599999524652958 
-0.00569676561281085 -0.007536730729043484 0.0005278366152197123 
0.006103955674916506 0.0009586751111783087 -0.00625592190772295 
-0.009079979732632637 0.01215173117816448 -0.003596797352656722 
0.005120747722685337 0.008127073757350445 -0.01019339449703693 
0.001731811207719147 0.01972425729036331 -0.002116196556016803 
0.002580718835815787 -0.003871398512274027 -0.001498436788097024 
-0.006857843603938818 0.0131459329277277 -0.00989215262234211 
-0.00325207132846117 0.006094824522733688 -0.01022964902222157 
0.006855786312371492 -0.0006084064953029156 -0.003949999809265137 
-0.007384259719401598 0.004149244166910648 -0.001727847615256906 
-0.001588532119058073 0.03496767953038216 -0.009600000455975533 
0.008454352617263794 0.009340253658592701 -0.01058877352625132 
0.0003893949324265122 0.01154398731887341 -0.01294228807091713 
0.008045187219977379 0.001016851048916578 -0.007879690267145634 
0.0002981554716825485 0.03168127685785294 -0.009599998593330383 
0.003841578029096127 -0.0002829609147738665 -0.001589595922268927 
0.007393496576696634 0.01401629950851202 -0.002444777870550752 
0.001694153645075858 0.002991508226841688 -0.00167939905077219 
-0.003452081466093659 -0.003405260620638728 0.001026975107379258 
0.006541737355291843 0.02493936941027641 -0.004632141441106796 
0.00215426622889936 0.01795710436999798 -0.002069210400804877 
0.008345090784132481 0.001811199355870485 -0.009395266883075237 
0.002087905537337065 0.01101208291947842 0.0008386987610720098 
0.006085687316954136 0.00495317205786705 -0.01027819886803627 
-0.001926764030940831 0.02475583553314209 -0.01253950502723455 
0.005955928936600685 0.004919842816889286 -0.001721191452816129 
-0.007395795546472073 0.0180208645761013 -0.00262017035856843 
-0.001404429785907269 -0.0004832742852158844 -0.0002093861985486001 
0.00226323283277452 0.01299576461315155 -0.001939456444233656 
-0.0006891987286508083 0.004536437802016735 -0.001724518719129264 
-0.009893372654914856 0.005193194374442101 -0.003688266966491938 
-0.003135052509605885 0.01523924805223942 -0.009991133585572243 
-0.007880841381847858 0.01403050124645233 -0.01041590329259634 
0.008575540035963058 0.01749255880713463 -0.01010134071111679 
0.004796639550477266 0.0124716954305768 -0.001920688897371292 
0.002892784774303436 0.01791627332568169 0.0008427547290921211 
-0.006965756416320801 0.01255087926983833 -0.004281317815184593 
0.002371454145759344 -0.007006485015153885 -0.01250720489770174 
0.007511552888900042 -0.001157993101514876 -0.0006541910697706044 
-0.003076161257922649 0.01562532968819141 -0.00201882841065526 
0.0061867437325418 0.02949375845491886 -0.002999620512127876 
-0.008181928656995296 0.01710563153028488 -0.006960787810385227 
0.006789643317461014 0.03093238919973373 -0.0004267083713784814 
0.007371244952082634 0.01430092006921768 -0.009434402920305729 
-0.004572414793074131 0.02287537604570389 -0.0009550643735565245 
0.007106094155460596 0.001733948825858533 -0.002823160029947758 
0.009543432854115963 -0.003711466677486897 -0.002014079829677939 
-0.00643595727160573 0.02388672903180122 -0.005979163106530905 
-0.005975342821329832 -0.0006452659144997597 -0.01040015928447247 
0.005798914469778538 0.02837201580405235 -0.01231690496206284 
0.003158655716106296 0.03088134713470936 -0.002404632046818733 
-0.005114206112921238 0.008123971521854401 -0.001827067113481462 
0.008569534868001938 0.03400097042322159 -0.007904215715825558 
0.002196165733039379 -0.002511059865355492 -0.01046527456492186 
-0.009376788511872292 0.01104949787259102 -0.005568262189626694 
0.00705865491181612 0.01237624697387218 -0.01139518152922392 
0.007900120690464973 0.004483649041503668 -0.001705900998786092 
0.002015933627262712 -0.007326597347855568 -0.007823570631444454 
0.009515692479908466 0.02189676091074944 -0.007215480785816908 
-0.002206095727160573 -0.004679324105381966 0.001023443881422281 
0.001377889420837164 0.0005338990013115108 -0.007310655899345875 
0.007874191738665104 0.007849929854273796 -0.007804311811923981 
-0.0009179030312225223 0.01310758851468563 -0.0100512383505702 
-0.004928956273943186 0.02361502312123775 -0.001597735099494457 
0.003488121554255486 0.01420023199170828 0.0004187781596556306 
0.006653616204857826 -0.00025148008717224 -0.01164741162210703 
0.005900983233004808 -0.006604851223528385 -0.00494999997317791 
-0.002582148881629109 0.03510560095310211 -1.664916999288835e-05 
0.007125002332031727 0.01424244418740273 -0.00196224800311029 
-0.005232001654803753 0.03417477384209633 -0.01022212486714125 
0.0105108916759491 0.0003710370801854879 -0.009039724245667458 
0.0089288130402565 0.004535578656941652 -0.001158588216640055 
-0.002746205078437924 0.008375457488000393 -0.01017112005501986 
0.008327729068696499 0.002032898832112551 -0.005138592328876257 
-0.001339713227935135 -0.009445786476135254 -0.01083940640091896 
-0.003870685119181871 0.03193607553839684 -0.001307019498199224 
0.007438879925757647 -0.003608003025874496 -0.002503581112250686 
-0.003847125684842467 0.02267952263355255 -0.009795446880161762 
0.007415973115712404 0.01372612360864878 -0.006439098156988621 
-0.007665050681680441 0.01882402412593365 -0.007798925973474979 
0.005706795025616884 -0.008146810345351696 -0.007123816292732954 
0.001070999423973262 -0.002313745906576514 -0.001542135258205235 
0.009270409122109413 0.02572470903396606 -0.007139999885112047 
0.007652175612747669 0.001075103413313627 -0.01151681877672672 
0.0007332847453653812 0.03245174139738083 -0.01240543182939291 
-0.005733541678637266 -0.007471771910786629 0.0009330666507594287 
0.004004986956715584 0.01139720343053341 0.0003288648149464279 
-0.002126337960362434 0.01597096584737301 -0.002025946276262403 
-0.003012961708009243 0.01901945844292641 -0.0125555656850338 
0.01074013113975525 0.0001646799792069942 -0.008510640822350979 
0.0007611008477397263 0.03369776904582977 -0.002153838519006968 
-0.000733149703592062 0.01554911769926548 -0.01292238477617502 
-0.00742888730019331 0.003223291831091046 0.0001528522407170385 
0.007212525699287653 0.03120529651641846 -0.0007594193448312581 
0.004604000132530928 0.01262322720140219 0.0002047385205514729 
0.0003349714388605207 0.02992286905646324 -0.00238527450710535 
0.0002143546444131061 0.005013529676944017 -0.01307117287069559 
-0.007552735507488251 0.0003145523369312286 -0.01037193369120359 
0.006040274165570736 0.01382764335721731 -0.001953595085069537 
0.005574033595621586 0.001001113560050726 -0.01032266486436129 
-0.006806408986449242 0.01334626320749521 -0.00340285524725914 
0.007939367555081844 0.007014336064457893 -0.003453752957284451 
0.009505614638328552 0.02912095561623573 -0.005819416604936123 
0.005798893049359322 0.00043414969695732 -0.007050000131130219 
-0.004560399334877729 0.02698461525142193 -0.00431120116263628 
0.01032665278762579 0.007887333631515503 -0.005923109129071236 
0.006594452075660229 0.0003295774222351611 -0.003939667716622353 
-0.006834776140749454 0.01321390457451344 -0.003300714772194624 
0.006066191010177135 0.01122933533042669 -0.0001899158669402823 
0.004135230556130409 -0.001351365121081471 -0.01225318573415279 
-3.718910738825798e-05 -0.002683924976736307 -0.008050000295042992 
-0.006819647736847401 0.003739678300917149 -0.001716020982712507 
-4.068239650223404e-05 -0.002839397871866822 -0.001530689536593854 
0.005475529935210943 0.0163153875619173 -0.009980319067835808 
-0.001450521405786276 0.0016049969708547 -0.0103504890576005 
0.008263949304819107 0.002851903671398759 -0.00954897329211235 
-0.001330144237726927 0.01506593637168407 -0.009999280795454979 
0.008453240618109703 0.02108238264918327 -0.01005779951810837 
-0.005891738459467888 0.03132754936814308 -0.001748095499351621 
-0.002650775946676731 0.009492924436926842 -0.01303076557815075 
0.01086068712174892 0.003824617713689804 -0.007569393143057823 
0.006474711000919342 0.0329178124666214 -0.01055771019309759 
0.004322920925915241 0.02331397123634815 -0.01291951723396778 
0.009835576638579369 0.01666241139173508 -0.004832451231777668 
0.00541969807818532 -0.002754993038251996 -0.008050000295042992 
0.006060249172151089 0.03111451491713524 -0.00915815681219101 
0.002915907185524702 0.02784165553748608 -0.002325756242498755 
-0.006379483267664909 0.0153801403939724 -0.008232953026890755 
-0.00927412323653698 0.01107506640255451 -0.00348977860994637 
0.002493753097951412 0.0248870849609375 -0.01308693829923868 
-0.0042463643476367 -0.005230885930359364 0.001027251244522631 
0.003621096955612302 0.0228605754673481 -0.002194290515035391 
0.003226497443392873 0.0002896289515774697 -0.008050000295042992 
0.00934839341789484 0.02437401190400124 -0.004613529425114393 
0.007905369624495506 0.007451109122484922 -0.002312460448592901 
0.006939521990716457 0.01983755454421043 -0.008742698468267918 
0.003085053525865078 0.01613551191985607 -0.0099802166223526 
-0.008445522747933865 0.01580854877829552 -0.007303100079298019 
0.0007862463826313615 0.03350014984607697 -0.0006636115140281618 
0.006595246493816376 0.00212403666228056 -0.005827103741466999 
-0.004238196648657322 0.01492587849497795 -0.002002898836508393 
0.0007331760716624558 -0.009211102500557899 -0.01063726842403412 
0.007394059095531702 0.02624966204166412 -0.01143922843039036 
0.006337713450193405 0.02755658887326717 -0.0040932921692729 
-0.0009500327287241817 -0.004771870095282793 -0.01296494528651237 
-0.007095225621014833 0.01188932359218597 -0.006576156243681908 
0.002104534301906824 -0.0005327817052602768 -0.001586559927091002 
0.005993036553263664 0.03197601065039635 -0.007744825910776854 
0.005624711513519287 0.003011969616636634 -0.01220344286412001 
-0.006029833573848009 -0.005952035542577505 -0.01053860411047935 
0.007390353828668594 0.01405483484268188 -0.005241179373115301 
-0.007663364987820387 0.01933031342923641 -0.005555010866373777 
-0.008201421238481998 0.006694791838526726 -0.002369501860812306 
-0.003590237349271774 0.007419983390718699 -0.00180562783498317 
0.009123560972511768 0.02954315952956676 -0.003445564536377788 
0.008740505203604698 -0.00466816034168005 -0.001277802628464997 
0.001980895642191172 0.006708750501275063 -0.0102241225540638 
0.006801002658903599 -0.006134781986474991 -0.008367212489247322 
-0.006368509028106928 0.00564257800579071 -0.01023520156741142 
-0.003768140450119972 0.02794559113681316 -0.002496255561709404 
0.00756905460730195 -0.0006925126072019339 -0.009616313502192497 
-0.001147717819549143 0.0009633067529648542 -0.01048236154019833 
0.007200345396995544 -0.001900865696370602 -0.00494999997317791 
-0.000686329323798418 0.0315910317003727 -0.009599999524652958 
-0.002054622862488031 0.001552749890834093 0.000991898006759584 
0.002829171251505613 0.01243218034505844 -0.01251674816012383 
0.00747967604547739 -0.00188974617049098 -0.007050000131130219 
0.005468184128403664 0.02452844753861427 0.0005835149204358459 
-0.002863387111574411 0.02429007366299629 7.90577323641628e-05 
0.003371064085513353 0.01911423355340958 -0.01286523789167404 
-0.003091522725299001 0.03391794860363007 -0.01099999994039536 
0.000208559722523205 0.01514015067368746 -0.0100004319101572 
0.001633469481021166 0.03262423723936081 -0.001041416893713176 
-0.004086269997060299 0.02795569598674774 -0.002607200760394335 
0.006602426990866661 0.02416156977415085 -0.003824570681899786 
0.006368276663124561 0.02716357074677944 -0.007920119911432266 
0.0005428880103863776 -0.00810564961284399 0.0007404634961858392 
0.001297713024541736 -0.002255473053082824 -0.01271510776132345 
-0.006324197631329298 0.01565999537706375 -0.008646735921502113 
0.006528006400913 -0.00291562220081687 -0.00494999997317791 
0.002765216864645481 -0.002146984916180372 -0.003949999809265137 
0.002579144667834044 -0.001600584364496171 -0.003949999809265137 
-0.008101311512291431 0.007173642050474882 -0.002401106990873814 
-0.003619959577918053 0.02942122519016266 5.215407272718409e-11 
0.001940613146871328 -0.008215325884521008 0.0005532975192181766 
-0.008860048837959766 0.004564814735203981 -0.01093756966292858 
0.008065257221460342 -0.002884732559323311 -0.007832832634449005 
2.677702286746353e-05 0.004981322679668665 -0.01026530191302299 
-0.008788048289716244 0.004376780707389116 -0.01026339363306761 
0.006273726467043161 0.0006621284410357475 -0.004212126135826111 
0.001537005882710218 0.0172426663339138 -0.01289968565106392 
-0.005828123539686203 0.01124658063054085 -0.01240823976695538 
-0.001278127077966928 0.01596314646303654 0.0009218016639351845 
-0.0007649257313460112 0.008063904009759426 0.001066494733095169 
-0.0001747262431308627 0.01463843882083893 -0.00198723841458559 
-0.007831567898392677 0.0164717324078083 -0.009372971951961517 
-0.004341624677181244 0.02231232263147831 -0.01140419952571392 
0.001809619599953294 0.01855378970503807 -0.009914519265294075 
-0.006922458298504353 0.01984405145049095 -0.009231799282133579 
-0.004143842495977879 0.0265481136739254 -0.01001713424921036 
0.005716952029615641 0.0302834827452898 0.0001293714303756133 
-0.005123022943735123 0.01381485164165497 -0.01002433244138956 
-0.005079967901110649 0.01428095623850822 -0.001987750409170985 
0.005683367606252432 -0.00390335451811552 -0.00149137491825968 
0.005483224987983704 0.006426219828426838 -0.0102385301142931 
-0.001430099597200751 -0.002303445478901267 -0.01299298461526632 
-0.005166282411664724 -0.007893634960055351 -0.01298018265515566 
0.01012159325182438 0.01101986039429903 -0.004526023287326097 
0.01106511987745762 0.001656479900702834 -0.006906605791300535 
0.006403708830475807 -0.004571433179080486 -0.007050000131130219 
0.003495179116725922 0.0098389508202672 -0.01207832433283329 
-0.007125228643417358 0.02019257843494415 -0.003462409600615501 
-0.004355116281658411 0.02505432814359665 -0.004653119947761297 
0.007687630131840706 -0.007501201704144478 -0.004754442721605301 
0.007006420288234949 -0.005120746791362762 -0.003507149871438742 
-0.007237826939672232 0.01125908643007278 -0.008072779513895512 
0.001345821656286716 -0.005659211426973343 -0.003949999809265137 
0.006181352306157351 0.02620049938559532 0.0002693462593015283 
-0.00865927804261446 0.0008817373309284449 -0.01035490445792675 
0.001598224742338061 -0.009158605709671974 -0.01063763443380594 
0.001669969409704208 0.03125200420618057 -0.01247774343937635 
0.003046178258955479 0.01760880276560783 -0.01280952990055084 
-0.003851915011182427 0.03248139843344688 -0.01099999994039536 
0.001709788455627859 0.004951172973960638 -0.001730532036162913 
-0.004044919740408659 -0.0063082380220294 -0.01303211133927107 
0.00400413665920496 0.01949651353061199 0.0008148419437929988 
-0.002093371236696839 0.01616441644728184 -0.009969069622457027 
-0.006482455879449844 0.01486928481608629 -0.004247302189469337 
0.007899865508079529 0.007521019317209721 -0.003327123820781708 
0.0002387338900007308 -0.00823468342423439 -0.01061078254133463 
0.003350326791405678 0.03028770349919796 -0.009611252695322037 
-0.00717589259147644 0.001558308955281973 0.0003798251273110509 
0.005255786702036858 0.01548197213560343 -0.01209279149770737 
-0.005387688521295786 -0.005329689010977745 -0.01294043008238077 
0.005843968596309423 0.03253627195954323 -0.002031411277130246 
0.002198067028075457 0.001222088350914419 -0.001632189843803644 
-0.002886210102587938 0.001408865908160806 -0.0054529276676476 
0.006302241235971451 0.0006360244005918503 -0.005237487610429525 
0.003665175288915634 -0.002476375084370375 0.000337870791554451 
-0.002546691335737705 0.008775101974606514 -0.001838913885876536 
0.008522557094693184 -0.00637086620554328 -0.009194160811603069 
0.00545748695731163 -0.007043707184493542 -0.003949999809265137 
0.01019063219428062 0.007927143014967442 -0.007973560132086277 
0.002114727627485991 0.0006098953308537602 -0.008050000295042992 
-0.007457858882844448 -0.004371205344796181 0.0005560417775996029 
0.00130605895537883 -0.009407874196767807 -0.01175490953028202 
0.005517300218343735 0.02475251816213131 -0.002239881083369255 
0.007154973223805428 0.01826436631381512 -0.000659799319691956 
-0.004283872898668051 0.02966393902897835 -0.002400000113993883 
0.00962333008646965 0.02001003921031952 -0.007437005173414946 
0.009222404100000858 0.02144670113921165 -0.003452848177403212 
0.006738262251019478 0.000178764239535667 -0.008896462619304657 
-0.004659094847738743 0.01452965289354324 -0.01245313510298729 
0.0007641393458470702 0.002586907707154751 -0.01283469330519438 
-0.006818721070885658 0.007349933497607708 -0.01235158927738667 
-0.005141334608197212 0.02390208095312119 -0.009985768236219883 
-0.001443237066268921 0.0008067677263170481 -0.01037134416401386 
-0.002469602972269058 0.01904591359198093 -0.00210691848769784 
0.007144543342292309 0.02569597773253918 -0.01170380134135485 
0.006680814083665609 0.02755260467529297 -0.0119375130161643 
-0.0001108521682908759 0.03470466285943985 -0.001381543697789311 
0.01022366806864738 0.00249796686694026 -0.009423189796507359 
0.007039075717329979 0.01855998858809471 -0.005429541692137718 
0.003205442801117897 0.03108283877372742 -0.009590201079845428 
-0.001426641829311848 0.001657957094721496 -0.00165084539912641 
0.007760443724691868 0.009309936314821243 -0.002294576494023204 
-0.007390241138637066 0.009980573318898678 -0.01174304820597172 
0.001010969863273203 0.01983204111456871 -0.01302244048565626 
0.009888648986816406 0.01572332717478275 -0.004854257218539715 
-0.007003042846918106 0.01237331610172987 -0.007752532605081797 
0.006090238690376282 -0.000935406656935811 -0.007050000131130219 
0.008191333152353764 0.0120856948196888 -0.001298694987781346 
-0.00397328520193696 0.02860201150178909 -0.002417203970253468 
-0.007424865383654833 0.02012322470545769 -0.004774821456521749 
-0.009714686311781406 0.006970545742660761 -0.003206172725185752 
-0.0004160592216067016 -0.002885575871914625 -0.001530249021016061 
0.007824054919183254 0.004412734881043434 -0.001704202149994671 
-0.002972552087157965 0.03066465444862843 -0.009599999524652958 
-0.009389569982886314 0.005114822182804346 -0.002473367378115654 
0.0008279490284621716 -0.009411171078681946 -0.01267145294696093 
0.003700393717736006 0.007495079189538956 0.0006116582080721855 
0.0006699213408865035 0.01590494252741337 0.0009178852778859437 
-0.001564910053275526 0.001387943280860782 -0.00164407305419445 
-0.0002929423935711384 0.003191300900653005 -0.007773776538670063 
0.008392234332859516 -0.006656053941696882 -0.007791593670845032 
-0.003122840542346239 -0.004244395531713963 -0.001500141574069858 
0.002551531419157982 0.01879867166280746 -0.01290947198867798 
0.003758467268198729 0.01987808756530285 -0.002116145333275199 
-0.003893673652783036 -0.002286191564053297 -0.00155284465290606 
0.001598460832610726 0.001523812185041606 -0.01035872846841812 
0.008298908360302448 -0.003869990818202496 -0.007636484690010548 
-0.008132405579090118 0.007618956733494997 -0.000477431109175086 
-0.003025188110768795 0.02431492321193218 -0.002245601732283831 
0.002993224654346704 0.02463878318667412 -0.009758021682500839 
0.00926765613257885 0.02645499631762505 -0.006159723270684481 
0.002121856668964028 0.004351944196969271 -0.001714059733785689 
0.002794136060401797 0.02970309369266033 -0.009625399485230446 
-0.000611534807831049 0.006654693279415369 -0.01022033113986254 
0.0010300223948434 -0.005484723951667547 0.0007083086529746652 
0.003233190625905991 0.004549838602542877 -0.01028300356119871 
0.001514595234766603 0.02294312603771687 -0.002200673799961805 
-0.0003138654283247888 0.02278264425694942 -0.01305570267140865 
-0.009230046533048153 0.01151925418525934 -0.008070801384747028 
0.007673199288547039 -0.005590424872934818 -0.003870174754410982 
0.0003770804614759982 -0.008443617261946201 0.0007562414975836873 
0.007486958056688309 0.03380333259701729 -0.008968842215836048 
0.00606828136369586 0.008159896358847618 -0.01183291338384151 
-0.006441009230911732 -0.005532368086278439 -0.001473296200856566 
0.007478887680917978 0.006362809333950281 -0.01024419069290161 
0.002456602873280644 0.02670110017061234 0.001037815352901816 
-0.001915117376483977 0.01807273738086224 0.000835959508549422 
0.00185687595512718 -0.003138294210657477 -0.007049999665468931 
-0.003373578656464815 -0.005888688378036022 0.001040538656525314 
0.002763408701866865 0.02814057841897011 -0.002333867130801082 
0.003773355856537819 0.02865720354020596 -0.009654671885073185 
0.0005785055691376328 -0.003824631683528423 -0.00150373054202646 
0.01027786731719971 0.008713680319488049 -0.005694959778338671 
0.001372459810227156 -0.005099419970065355 -0.003949999809265137 
0.00332983722910285 0.000801354181021452 -0.0124147729948163 
0.007167887408286333 0.01375183463096619 -0.01005064696073532 
-0.0008001205860637128 -0.00254329270683229 -0.005399911664426327 
0.006348516792058945 -0.004302000626921654 -0.01049209106713533 
0.008571124635636806 -0.006533776875585318 -0.005428079050034285 
0.003489859635010362 0.01981389708817005 -0.01290709152817726 
-0.007844604551792145 0.01428186055272818 -0.01036839094012976 
0.002618890954181552 -0.0009790996555238962 -0.006109164096415043 
0.01069913432002068 0.001305448357015848 -0.008496928960084915 
-0.01000097114592791 0.005797472316771746 -0.005948716308921576 
0.006120647303760052 0.03033904545009136 -0.005197098944336176 
0.006014293059706688 0.02240511775016785 -0.01237497292459011 
0.001194724114611745 -0.008429828099906445 -0.01061779726296663 
0.003494039410725236 0.03059434704482555 -0.01235991902649403 
-0.003829858032986522 0.02320419438183308 -0.0004076577897649258 
0.003862595651298761 -0.004635789897292852 -0.004845786839723587 
0.007550705224275589 0.006030026823282242 -0.01158024184405804 
-0.0006996757001616061 0.03515438735485077 -0.002174897817894816 
0.005349081475287676 0.007542398292571306 -0.001790881622582674 
-0.004524030722677708 0.01181426271796227 0.0007351042586378753 
0.007077750284224749 -0.004516978282481432 -0.00983236450701952 
-0.00195648055523634 0.03063301183283329 -0.009893934242427349 
0.001714820507913828 -0.004001141060143709 -0.00494999997317791 
-0.005577277392148972 0.01921124570071697 -0.004189216066151857 
-0.002110192785039544 0.02100922539830208 0.0006885345792397857 
-0.002718804636970162 0.02780606225132942 -4.400825127959251e-05 
0.005669191014021635 0.00204640650190413 -0.01214578002691269 
0.006020616739988327 -0.001350763719528913 -0.008050000295042992 
-0.0001178965903818607 0.02905536256730556 0.0006323507404886186 
0.006798448506742716 -0.001364990370348096 -0.0004039522027596831 
0.0003420579887460917 0.01250595320016146 -0.01292976550757885 
-0.00215111393481493 0.02650278806686401 6.461537850555032e-05 
0.004520895890891552 -0.007795147132128477 -0.00494999997317791 
-0.008120780810713768 0.0134121784940362 -0.001751487143337727 
0.006942893378436565 0.03297219797968864 -0.01064197905361652 
-0.0008584606694057584 0.009091988205909729 -0.01304921507835388 
0.002926525427028537 0.02163946442306042 -0.002163802739232779 
0.001196385826915503 -0.003602561773732305 -0.00494999997317791 
0.001207207445986569 0.01792710646986961 0.0009554029675200582 
0.002073475392535329 -0.00069558119866997 -0.01041762810200453 
-0.002489793114364147 -0.007280922029167414 0.001023148302920163 
0.0020806142129004 -0.00352473184466362 -0.001508491579443216 
-0.004805563949048519 0.01728644594550133 -0.002065669512376189 
-0.004548256285488605 -0.0008655237033963203 -0.01040877401828766 
-0.001193587202578783 0.001650410587899387 -0.01034981943666935 
0.003203059080988169 -0.006320285610854626 -0.008050000295042992 
-0.003798198886215687 0.01657202839851379 -0.009955004788935184 
-0.003887769533321261 0.02845531888306141 -0.002594527555629611 
-0.00662118848413229 0.01423654705286026 -0.003340057330206037 
-0.003029823768883944 0.001035087741911411 -0.006592105608433485 
0.007981486618518829 0.005149465519934893 -0.01140481233596802 
-0.000748863210901618 -0.007615518756210804 -0.00140761339571327 
-0.002700514858588576 0.003008628264069557 -0.01296409964561462 
0.006422453094273806 0.002255980856716633 -0.01000368408858776 
0.0008017370710149407 0.03182224184274673 -0.009599999524652958 
-0.00372039177455008 -0.008531448431313038 -0.01061058416962624 
0.001833384158089757 0.0102148475125432 0.0008709292160347104 
-0.009312973357737064 0.008103134110569954 -0.002045613946393132 
0.003329873085021973 -0.004864529706537724 -0.01052899565547705 
-0.002226748736575246 0.02888750657439232 -0.009636616334319115 
0.005672863684594631 0.01285744924098253 -0.001929002115502954 
-0.003988262265920639 0.0288967601954937 -0.000299303064821288 
-0.001772406045347452 -0.001064562820829451 0.0005964560550637543 
-0.00181179924402386 0.02982072159647942 -0.0003197004552930593 
0.0001228803303092718 0.01549732871353626 -0.009990934282541275 
0.009445473551750183 0.01650229655206203 -0.003334897104650736 
0.005852975882589817 -0.003707258496433496 -0.00494999997317791 
0.009671246632933617 0.01910149864852428 -0.007521535269916058 
0.000831898651085794 0.01056466531008482 0.000944785657338798 
0.005386856384575367 -0.004966752603650093 -0.003949999809265137 
0.006826306227594614 -0.006527871824800968 -0.003714671824127436 
-0.00697734672576189 0.003975905478000641 -0.01027749385684729 
0.004292759113013744 -0.002063778229057789 -0.003949999809265137 
0.003344944678246975 0.02927309274673462 -0.002362268511205912 
-0.0005742129287682474 0.01813675463199615 -0.00992062222212553 
3.57894241460599e-05 0.009807882830500603 0.001000383403152227 
-0.001851098844781518 0.01801495440304279 -0.0099212396889925 
-0.002146630315110087 -0.006101622711867094 0.001018262235447764 
0.003937280736863613 0.0006018520798534155 -0.005927382968366146 
0.004691461566835642 0.02726747654378414 -0.002307201502844691 
0.008374659344553947 0.001431293436326087 -0.004421400371938944 
-0.00832798145711422 0.006005765404552221 -0.00732935406267643 
0.006423815153539181 -0.006834525149315596 -0.008800075389444828 
-0.004712509922683239 0.02530552260577679 -0.002565540373325348 
0.003565054386854172 0.0156760960817337 -0.01255290675908327 
-0.007050734013319016 0.01958871446549892 -0.002873465418815613 
0.004363774321973324 -0.006480112206190825 0.0001864955993369222 
0.005525940097868443 0.00110811775084585 -0.001695221522822976 
-0.009629767388105392 0.005152241792529821 -0.005150292534381151 
0.004975344054400921 0.03032051399350166 -0.002386342966929078 
0.009341932833194733 -0.00541528919711709 -0.005931123159825802 
-0.001305129029788077 -0.0007998557412065566 -0.001586430938914418 
-0.006757115479558706 0.02008741348981857 -0.002586492104455829 
0.002298400504514575 0.01899081282317638 -0.01293639838695526 
0.001108311698772013 0.02880561724305153 -0.002354552270844579 
0.001129737705923617 -0.003864388912916183 -0.01271682791411877 
0.005362391006201506 0.02072656899690628 -0.009864920750260353 
-0.005102923139929771 0.01410584151744843 0.000369160930858925 
-0.003920228686183691 0.0008783801458775997 -0.01036450266838074 
0.001771136419847608 0.02879200130701065 -0.01271552592515945 
0.008709708228707314 0.03342360258102417 -0.007568927016109228 
-0.004554712679237127 0.0108969435095787 -0.001898343209177256 
-0.002794712083414197 -0.002936061006039381 0.001033354783430696 
0.007731780875474215 0.009676333516836166 -0.007715392392128706 
0.002206551842391491 0.03218653053045273 -0.01150018163025379 
0.0103363087400794 0.006727080326527357 -0.007135896012187004 
0.006442606449127197 -0.007033896632492542 -0.004935681354254484 
-0.00314591359347105 0.03530154749751091 -0.009599999524652958 
0.006484489422291517 0.002191024832427502 -0.006137748714536428 
-0.007261901628226042 -0.002422361169010401 -0.01255143061280251 
-0.006096863187849522 -0.001257697818800807 -0.01041590515524149 
-3.992114216089249e-06 -0.00950331799685955 -0.01140768267214298 
0.007844716310501099 0.01165011059492826 -0.001036037690937519 
-0.007809099275618792 0.005951539613306522 -0.01022424269467592 
0.001037392416037619 0.03195314109325409 -0.002400000113993883 
0.004687282722443342 0.01928892731666565 -0.002098898636177182 
0.006363148801028728 -0.001656350330449641 -0.003949999809265137 
-0.009490981698036194 0.006067455746233463 -0.002368163550272584 
0.004739538300782442 0.01457324158400297 -0.01002432778477669 
0.01013179682195187 -0.00341943372040987 -0.008187291212379932 
-0.009762683883309364 0.008453674614429474 -0.008465329185128212 
-0.004293875768780708 0.02142024785280228 -0.01165695302188396 
0.002453138818964362 0.02538340538740158 -0.009737497195601463 
0.0007894771406427026 0.02537684887647629 0.001092570833861828 
0.001995806349441409 0.03238927572965622 -0.01050262711942196 
0.003789488226175308 0.008410409092903137 -0.01018332503736019 
0.0004732835805043578 -0.005396747961640358 -0.007947880774736404 
0.008154528215527534 0.01510067656636238 -0.01061969250440598 
0.007068715058267117 0.01818052306771278 -0.008432598784565926 
0.0106757003813982 0.005087336525321007 -0.005351759027689695 
-0.003390354104340076 -0.003935430664569139 0.001031216699630022 
0.003455974860116839 0.01868489384651184 -0.002085599582642317 
-0.000590394833125174 0.02357065305113792 0.0009933027904480696 
-0.001066674944013357 0.011490847915411 -0.001906848279759288 
0.002068018540740013 0.01207810640335083 -0.01282345876097679 
0.008635648526251316 0.02498430758714676 -0.002565110335126519 
0.005311793647706509 0.009833011776208878 -0.01014923769980669 
-0.008082292042672634 0.00717958202585578 -0.004786722362041473 
-0.008857432752847672 0.005006601568311453 -0.00344099709764123 
0.001494805095717311 0.0141680184751749 0.0008382463711313903 
0.007920082658529282 -0.001167084439657629 -0.002818153239786625 
-0.007134518586099148 0.02044977806508541 -0.008307782933115959 
0.01097271591424942 0.004691844806075096 -0.00626423629000783 
-0.004738423973321915 0.02934132143855095 -0.001445259433239698 
0.003273786976933479 0.0009294180199503899 -0.008050000295042992 
-0.004210600629448891 0.0310090184211731 -0.0003672136226668954 
-0.003137457184493542 -0.0007238221587613225 -0.007702677976340055 
0.001116832834668458 -0.005150080658495426 -0.0105320094153285 
-0.001398358959704638 0.02998876944184303 0.0002799014619085938 
-0.006297278217971325 0.01831679232418537 -0.01080414094030857 
-0.007512029726058245 0.01957657933235168 -0.00437526311725378 
-0.0005828037392348051 -0.001364492112770677 -0.01105484180152416 
0.008720975369215012 -0.001366363605484366 -0.01071390509605408 
0.006357095204293728 0.020916398614645 -0.01184908393770456 
0.005885123275220394 0.001540808007121086 -0.002857825253158808 
-0.005907202605158091 0.01759881898760796 -0.00504546333104372 
-0.006805966142565012 0.004524232819676399 -0.001736477483063936 
0.00983415637165308 0.00952561292797327 -0.008605572395026684 
0.009785485453903675 0.01806147210299969 -0.006611167918890715 
-0.0006370673654600978 0.01540530472993851 -0.002008188283070922 
-0.003825522027909756 0.01846218854188919 -0.01233848463743925 
0.007372871041297913 -0.006573057733476162 -0.003829660592600703 
0.001843281905166805 -0.000865077250637114 -0.01233724877238274 
-0.002409047214314342 0.02997322380542755 -0.01185244135558605 
-0.003246546722948551 0.01733181066811085 -0.002063724678009748 
0.005958226509392262 0.0007947498233988881 -0.007915947586297989 
-0.006374781019985676 0.02045835182070732 -0.009881124831736088 
0.00186578999273479 -0.001581101329065859 -0.005011298693716526 
0.01115774177014828 0.0004524409305304289 -0.006215355359017849 
0.001390097895637155 -0.0004823420022148639 -0.004949249792844057 
-0.002189129358157516 0.02160535380244255 -0.01264023687690496 
-0.003597604110836983 0.005045718047767878 -0.01291023660451174 
0.009874108247458935 -0.004333737771958113 -0.006310596130788326 
-0.009549723006784916 0.007297030184417963 -0.009782293811440468 
-0.005001932382583618 0.009084029123187065 0.0008035472128540277 
-0.003872600384056568 0.00956745445728302 0.0009413243387825787 
-0.0004716297553386539 0.001420012675225735 -0.01108720619231462 
0.003470773575827479 -0.006782758980989456 -0.007050000131130219 
-0.0004169790772721171 -0.005878883879631758 -0.01054796017706394 
0.01074915006756783 -0.0002642867329996079 -0.003460404928773642 
-0.005112869199365377 0.008919952437281609 -0.01279250625520945 
-0.002388750435784459 0.03461766242980957 -0.009599999524652958 
-0.001252282061614096 0.006454301066696644 -0.01310873683542013 
0.008231977000832558 0.01104022562503815 -0.010706452652812 
0.006264903116971254 0.0193759985268116 -0.009901994839310646 
0.00639344984665513 0.0268402174115181 -0.006525699980556965 
-0.007689169142395258 -0.005668702069669962 -0.01052977610379457 
-0.002967625856399536 0.004727537743747234 -0.01026591844856739 
-0.005424375180155039 -0.001845747465267777 0.0008988094632513821 
0.003102804068475962 0.002264894312247634 -0.001657600281760097 
0.004291310906410217 0.03067293018102646 -0.0122214313596487 
0.007011627312749624 0.008291700854897499 -0.001807108288630843 
0.001304397941567004 0.03116304613649845 -0.002415708499029279 
0.005427654832601547 0.00186388916336 -0.002241707406938076 
-0.007177194580435753 0.01264545693993568 -0.01146730780601501 
0.007252457551658154 0.01582415588200092 -0.008835011161863804 
0.007247753441333771 0.01588467136025429 -0.009311269968748093 
-0.001788146095350385 0.001166105619631708 -0.008050000295042992 
0.007673040963709354 0.01043051108717918 -0.002912544878199697 
0.006747400388121605 0.02230252139270306 -0.003306257305666804 
-0.001343660056591034 0.01664763689041138 -0.01291459798812866 
-0.002948450157418847 -0.0003021888551302254 0.00100775936152786 
-0.00215095141902566 0.02187139354646206 -0.00981995090842247 
0.001436254591681063 -0.001475736848078668 -0.001563281752169132 
0.00763240922242403 0.009870462119579315 -0.0008464189595542848 
0.006468907464295626 0.02587255276739597 -0.005224580876529217 
0.006827075965702534 0.03313194215297699 -0.005501339212059975 
0.001156124519184232 0.02656549029052258 -0.002295969286933541 
-0.007605476770550013 0.009562518447637558 -0.002076964825391769 
0.007220437750220299 0.01623421907424927 -0.004813786596059799 
-0.007918433286249638 -0.005307153332978487 -0.001016524387523532 
-0.0007118849898688495 -0.002553131431341171 -0.006881724111735821 
0.007319652941077948 -0.000430953863542527 -0.003918216563761234 
0.003465467132627964 -0.005051710642874241 -0.007786761503666639 
0.008826012723147869 -0.002194583415985107 -0.007137418258935213 
0.004767402075231075 0.0108561934903264 -0.01217278838157654 
0.00878559798002243 0.01643871888518333 -0.009893154725432396 
0.002204055897891521 0.0158227477222681 -0.002013384830206633 
0.006715727504342794 -0.005705517716705799 -0.00979997031390667 
0.002123307669535279 0.03120401129126549 0.0004460191121324897 
-0.006468773353844881 0.01495853159576654 -0.003585577011108398 
-0.0044511160813272 0.02594642341136932 -0.009651081636548042 
0.005591732449829578 -0.006635700352489948 -0.007050000131130219 
-0.0044675562530756 0.02459493651986122 -0.009577701799571514 
-0.005846215412020683 0.01794722676277161 -0.003478367114439607 
-0.00266943546012044 -0.005807847715914249 -0.01054158341139555 
-0.005915233865380287 0.02420467883348465 -0.003580079879611731 
-0.002441144781187177 0.02853270806372166 -0.009645448997616768 
-0.001928820740431547 0.03551580384373665 -0.01079826429486275 
0.001716229133307934 0.0236172042787075 -0.009782131761312485 
0.008197842165827751 -0.004602657165378332 -0.01108241081237793 
0.006070401053875685 0.03098421357572079 -0.008859256282448769 
0.008406361564993858 0.001025234931148589 -0.009002542123198509 
0.009881891310214996 0.01371665485203266 -0.008026871830224991 
0.005182495340704918 0.000977325951680541 -0.01204927079379559 
-0.002879908308386803 -0.00705658970400691 -0.001426342176273465 
0.0007039066404104233 0.001737683429382741 -0.001648650504648685 
0.003006384940817952 -0.008684417232871056 -0.01062807999551296 
0.01037647109478712 0.006332954857498407 -0.005308479536324739 
0.004416142124682665 0.006770598236471415 -0.01248455233871937 
-0.008554245345294476 0.01185101922601461 -0.001939254347234964 
-0.005442624446004629 0.0169434379786253 -0.009942007251083851 
-0.005900613497942686 0.0144674414768815 -0.01000573299825191 
0.007747256197035313 0.02805132418870926 -0.01108790747821331 
0.008199055679142475 0.00161029736045748 -0.01133868284523487 
0.009256760589778423 0.02343538217246532 -0.003854981157928705 
0.00601873267441988 -0.006486713420599699 -0.01042068470269442 
-0.00273783877491951 0.01670046150684357 0.0007561064558103681 
0.0005998463020659983 0.02954619005322456 -0.009625091217458248 
-0.001281154109165072 0.01723824813961983 -0.009942661970853806 
0.004616951569914818 -0.008433173410594463 3.374008883838542e-05 
-0.004365225322544575 -0.004451109562069178 -0.01302187796682119 
0.000614645192399621 -0.004212653730064631 -0.008050000295042992 
0.0008528678445145488 0.02098017558455467 -0.009849248453974724 
0.007512148469686508 0.02658351883292198 -0.01121523696929216 
-0.001409695949405432 0.02974442765116692 0.0002833949401974678 
0.008103014901280403 -0.006964970380067825 -0.003695550607517362 
0.002988889347761869 -0.00803724117577076 -0.01061114855110645 
-0.00643156049773097 0.01161863561719656 -0.01007904671132565 
0.002495929831638932 0.01815062388777733 -0.002073577139526606 
0.007912665605545044 0.001118046115152538 -0.003690877696499228 
-0.007764359004795551 0.00731927901506424 -0.0118370158597827 
0.000188596430234611 0.02971716411411762 0.0006100383470766246 
-0.001333334133960307 0.007452656049281359 -0.01019804924726486 
-0.001933441730216146 -0.009294130839407444 -0.01195101998746395 
-0.008750684559345245 0.0004098882782272995 -0.0004445315571501851 
-0.0002788231067825109 0.003193386364728212 -0.005646436475217342 
0.007796894293278456 0.00120645051356405 -0.008977210149168968 
-0.006637835409492254 0.009370200335979462 -0.01013733725994825 
0.006209046579897404 -0.003634061198681593 -0.007050000131130219 
0.000826123112346977 -0.004598929546773434 -0.00494999997317791 
0.007727649994194508 -0.007238803897053003 -0.00986095704138279 
0.007275760639458895 0.02912342362105846 -0.0005931685445830226 
0.006131733302026987 0.03019791096448898 -0.002388155553489923 
0.003578472416847944 0.002007441828027368 -0.01035007461905479 
0.006507731508463621 0.02537557110190392 -0.00457801204174757 
0.001280850381590426 -0.0008463924168609083 -0.008050000295042992 
0.008492075838148594 -0.00320749101229012 -0.007913911715149879 
-0.004539490677416325 -0.005703550297766924 -0.00146488391328603 
0.004260886926203966 0.01948649995028973 -0.002104913117364049 
0.006131859496235847 0.02056985348463058 -0.009870557114481926 
0.01023436151444912 0.008987847715616226 -0.007100328803062439 
0.005326005630195141 0.004735049325972795 -0.01028236839920282 
-0.0093047134578228 0.01114467810839415 -0.00785816740244627 
-0.005059808026999235 0.009909123182296753 -0.01012643426656723 
0.00475378381088376 -0.006365461740642786 -0.004064390901476145 
0.005791041534394026 -0.008104458451271057 -0.007954224944114685 
0.004377827979624271 0.004906393121927977 -0.01247853506356478 
0.0007024432998150587 0.03369412571191788 -0.01090326905250549 
0.004380425438284874 -0.007557848002761602 -0.008050000295042992 
0.006918310187757015 0.008182822726666927 -0.001804452855139971 
-0.005063910968601704 -0.005672159604728222 -0.001466775545850396 
0.001861000433564186 -0.002781011862680316 -0.0104716494679451 
0.007240599952638149 -0.004993720445781946 -0.007325935177505016 
-0.005646217614412308 0.006063131615519524 0.0007604857673868537 
0.003909179009497166 0.003491864074021578 -0.01031198352575302 
-0.002580135595053434 0.02491642534732819 -0.01218877267092466 
-0.007452873978763819 -0.004030616022646427 -0.01254647225141525 
-0.0009264902328141034 0.006787499412894249 -0.01309351809322834 
-0.001750911702401936 -0.007709305267781019 -0.0129930954426527 
0.006221410818397999 0.02904733642935753 -0.008438221178948879 
0.0003393547085579485 0.02065384387969971 -0.01306665223091841 
-0.007217812351882458 0.01489901728928089 -0.01090056449174881 
0.006092450115829706 -0.001590072410181165 -0.007050000131130219 
0.006450960878282785 0.02610369771718979 -0.009461295790970325 
0.005509521346539259 0.002659149002283812 0.0002233239356428385 
0.004789010621607304 0.009741596877574921 -0.01217662263661623 
-0.002087010536342859 -0.001178377424366772 -0.001578123774379492 
-0.0005148402415215969 0.02314773015677929 -0.009789910167455673 
0.005969767458736897 8.882960537448525e-05 -0.001595031470060349 
0.004650953691452742 -0.002242242218926549 0.0001318693248322234 
0.005607393104583025 0.008520661853253841 -2.702799793041777e-05 
-0.00506514823064208 0.03358432650566101 -0.002400000113993883 
-0.004243932664394379 -0.005636494141072035 -0.010533950291574 
0.005408197641372681 0.007868260145187378 -0.001799270743504167 
-0.002961320336908102 0.03484171628952026 -0.002400000113993883 
-0.0001187101297546178 0.0336264930665493 0.0002810708829201758 
0.003616661997511983 0.01126503571867943 -0.01240008138120174 
-0.001552136265672743 0.0257598590105772 -0.01262269914150238 
-0.007959428243339062 -0.0008156080730259418 -0.01040062494575977 
-0.005867596715688705 0.004302052315324545 0.0006457677809521556 
0.007595018018037081 0.03107909671962261 -0.01092641428112984 
0.008535426110029221 0.02199850045144558 -0.002117824973538518 
-5.370497819967568e-05 0.02867112681269646 0.0006628279807046056 
0.005605753511190414 0.01799729466438293 8.351488213520497e-05 
0.007809955161064863 0.003752707503736019 -0.001686997944489121 
0.002204710152000189 0.02596721611917019 -0.00227824435569346 
-0.005097083281725645 0.02988728322088718 -0.002400000113993883 
0.009439519606530666 0.02192327007651329 -0.004224302712827921 
0.004759677220135927 -5.52244673599489e-05 -0.008050000295042992 
-0.001839577802456915 0.0342947244644165 -0.002399999881163239 
-0.008151406422257423 0.006951963994652033 -0.01011645793914795 
0.009268038906157017 0.006802481133490801 -0.002172063570469618 
0.01000236161053181 0.01112389005720615 -0.003926783334463835 
-0.003872013185173273 0.03204863145947456 -0.01019651349633932 
-0.007215044461190701 0.01021284051239491 -0.001885821693576872 
0.007782444357872009 0.001466265646740794 -0.01037264429032803 
-9.984635835280642e-05 -0.004679765086621046 -0.007414790336042643 
0.002161428797990084 0.00242360052652657 -0.006066947244107723 
0.003661713097244501 0.008892744779586792 -0.01262185256928205 
0.004486279562115669 0.01100972481071949 0.0002244706265628338 
0.007255316711962223 0.006006753072142601 -0.01170853991061449 
-0.002533265855163336 0.01308269891887903 -0.01004864647984505 
-0.006135267205536366 -0.006676679011434317 -0.01288357935845852 
0.007243925705552101 0.004808505997061729 -0.001715699676424265 
-0.002862722612917423 -0.0009336615912616253 0.001017556758597493 
0.007109649479389191 0.02528643794357777 -0.01170812360942364 
0.006617115810513496 0.00808190181851387 -0.01019757799804211 
-0.008128122426569462 0.01736178249120712 -0.00525721674785018 
-0.009024512954056263 0.0130680687725544 -0.00591272721067071 
-0.003188666421920061 0.01154796406626701 -0.01291847787797451 
0.001602497417479753 0.02414332702755928 -0.002231833059340715 
0.004405688494443893 -0.001511058770120144 -0.008050000295042992 
0.001580207957886159 -0.001402417081408203 5.215408313552494e-11 
0.002491539809852839 -0.001446333015337586 -0.008050000295042992 
-0.002694569760933518 0.02369245514273643 -0.009771314449608326 
-0.004786154720932245 -0.007273547817021608 0.00100820860825479 
-0.0003348957106936723 0.0251782238483429 -0.0129927434027195 
0.008936706930398941 -0.003738390747457743 -0.01064625661820173 
0.00824926421046257 -0.001405863324180245 -0.00649410393089056 
-0.001925549004226923 0.03002752177417278 -0.01099999994039536 
0.005716701969504356 -0.004313723649829626 -9.544445492792875e-05 
0.007140341214835644 0.01726192235946655 -0.008479572832584381 
0.005893153604120016 -0.0001399611937813461 -0.01185892801731825 
0.002717829775065184 0.02296725288033485 -0.01309804990887642 
0.004871957004070282 0.01691471040248871 0.0002489541075192392 
0.003395441919565201 0.001901306328363717 -0.01241206750273705 
-0.0008980934508144855 0.005023528821766376 -0.01311734598129988 
-0.008493143133819103 0.01505141519010067 -0.003577983705326915 
0.01099911518394947 0.004631876014173031 -0.006118861027061939 
-0.0006361613632179797 0.007101538591086864 -0.01307583600282669 
-0.0007755773840472102 0.03383239358663559 0.0001850551925599575 
0.005905373021960258 0.01797494478523731 -0.01198114082217216 
-0.002262661699205637 -0.001892053638584912 -0.0130237340927124 
0.01005234103649855 0.01168310549110174 -0.004240714013576508 
0.008330371230840683 0.001999193336814642 -0.007331026252359152 
-0.004479050170630217 0.03494509682059288 -0.009672414511442184 
-0.001116907689720392 0.02581968903541565 -0.00971894059330225 
0.006088098511099815 0.01877017505466938 -0.01193179190158844 
0.00614507682621479 0.001902731950394809 -0.01205425523221493 
0.0038917635101825 0.01182839833199978 -0.001905709272250533 
-0.003861731383949518 0.02614646218717098 -0.001453962409868836 
0.01100959070026875 -0.0006817310932092369 -0.004734226036816835 
0.007391819264739752 0.02019332908093929 -0.01116818748414516 
0.005481502506881952 0.0117357550188899 4.421857738634571e-06 
-0.0008555754902772605 0.002722510835155845 -0.008050001226365566 
0.002040425315499306 0.0004731942899525166 -0.001612953492440283 
-0.003974583465605974 0.02685731649398804 -0.006745742168277502 
-0.005877019371837378 0.02015122398734093 -0.00135094637516886 
-0.002055654069408774 0.02440563589334488 0.000507134129293263 
0.003408889286220074 -0.005300920456647873 -0.0080196438357234 
0.005981883965432644 0.03211914002895355 -0.004004667978733778 
0.008880048058927059 0.01883681863546371 -0.009581899270415306 
-0.005021188873797655 -0.008067932911217213 -0.01059587299823761 
0.009056456387042999 -0.004304899834096432 -0.01047213096171618 
0.008520566858351231 -0.005548421293497086 -0.01060970686376095 
0.00974878016859293 0.01045977137982845 -0.003298420691862702 
0.002290933858603239 -0.008926987648010254 -0.01249647699296474 
-0.006198716349899769 0.002238695742562413 -0.01265598647296429 
0.002877705730497837 0.008855491876602173 -0.01274065114557743 
-0.008503426797688007 0.005227348767220974 -0.002914562355726957 
0.0004429073887877166 0.02675702609121799 -0.01303325034677982 
-0.0002548125921748579 -0.008700921200215816 -0.001378299202769995 
-0.003535793395712972 0.01782075688242912 0.0004933069576509297 
-0.007285885978490114 0.01106228120625019 -0.009013517759740353 
0.008740182965993881 0.03351715952157974 -0.007070450577884912 
-0.004543180577456951 0.02413129061460495 -0.005250953603535891 
-0.000404450052883476 -0.005998088978230953 -0.001449078321456909 
-0.007090006954967976 -0.00633546058088541 -0.01159519329667091 
-0.005791681818664074 0.00382067752070725 0.0006864453898742795 
-0.004761045798659325 0.02180605754256248 -0.009816417470574379 
-0.003873038804158568 0.02676232159137726 -0.01037314813584089 
0.009013257920742035 0.01905973628163338 -0.00928348395973444 
0.007995257154107094 -0.001969324192032218 -0.00494999997317791 
0.007776803802698851 0.03381119668483734 -0.006508683320134878 
-0.006174053531140089 0.01634127646684647 -0.00443323515355587 
-0.0001172722404589877 0.001479248749092221 -0.001383951399475336 
0.001870264066383243 0.02827680483460426 -0.01292104925960302 
0.002317828126251698 0.02615292556583881 -0.01306701358407736 
0.002329179784283042 0.02485093288123608 -0.009751150384545326 
-0.005392365157604218 0.001537002855911851 0.0008307835087180138 
-0.006958549376577139 -0.003976402338594198 -0.0104851583018899 
-0.005133503582328558 0.01102202199399471 0.0006418685079552233 
-0.003701037727296352 0.01051344256848097 -0.001886617043055594 
0.001715270103886724 -0.005061093717813492 -0.003949999809265137 
-0.006080601830035448 0.0233573243021965 -0.008684988133609295 
0.00456285523250699 0.02831045351922512 -0.002334690652787685 
-0.006922470405697823 0.01434742100536823 -0.01134141255170107 
-0.0005661054165102541 -0.00245112250559032 0.0009572967537678778 
0.004137171898037195 -0.005469403229653835 -0.01222782675176859 
-0.004703053738921881 0.02143476530909538 -0.01135070808231831 
-0.002967150416225195 0.00539062125608325 -0.001751392730511725 
0.006321700289845467 0.001631004270166159 -8.327120303874835e-05 
0.004581572022289038 -0.003859652439132333 -0.007050000131130219 
-0.009254850447177887 0.005093839019536972 -0.005203151144087315 
-0.002836187835782766 -0.001470498507842422 -0.008050000295042992 
0.001737348502501845 -0.003354862565174699 -0.007049999665468931 
0.00915856845676899 0.02807798236608505 -0.005747290328145027 
-0.007491854950785637 0.01000260468572378 -0.005005921237170696 
0.004373889416456223 0.0005079664406366646 -0.007638037204742432 
0.001222033984959126 -0.0008128782501444221 -0.007373834028840065 
0.008364694193005562 0.009097745642066002 -0.001335442066192627 
0.000552120734937489 -0.004321199841797352 -0.00494999997317791 
-0.009307311847805977 0.0107905175536871 -0.003385761985555291 
0.001822250662371516 -0.002529943594709039 -0.001534982933662832 
2.603043685667217e-05 -0.00264393538236618 -0.007050000131130219 
-0.005793736781924963 0.03095590882003307 -0.001304244273342192 
0.007459600456058979 -0.003444251837208867 -0.008050000295042992 
-0.005713776219636202 0.02508021891117096 -0.005161757580935955 
0.002004404785111547 0.01128272339701653 -0.01010474935173988 
0.009051569737493992 0.00704063568264246 -0.001914611551910639 
-0.001696481718681753 0.02516573294997215 0.0006061551393941045 
-0.001520506106317043 0.02318759076297283 -0.002213148167356849 
0.001224659383296967 0.002710220636799932 -0.001672997372224927 
-0.00533289834856987 0.004047745373100042 0.0007638108218088746 
0.004399111028760672 -0.0009332734625786543 -0.007050000131130219 
-0.008437487296760082 0.01383292302489281 -0.002499064663425088 
0.002473305212333798 0.02613033354282379 -0.009718036279082298 
0.009062335826456547 -0.00557277724146843 -0.009165160357952118 
-0.002924059983342886 -0.00901116244494915 0.0001669947523623705 
0.006582038011401892 0.02442141994833946 -0.005821713246405125 
0.0001723308814689517 -0.005360279232263565 -0.001464524539187551 
0.005800207611173391 0.01029606442898512 -0.01190237887203693 
0.0002283284557051957 -0.004353678319603205 -0.003949999809265137 
0.001067365054041147 0.001753168879076838 -0.0124092074111104 
0.004048516042530537 0.03058494441211224 -0.009604893624782562 
-0.006177531555294991 0.01628593541681767 -0.005515390075743198 
0.004142432473599911 0.01643060334026814 0.0001311848172917962 
0.006863393820822239 0.02081430330872536 -0.003950582817196846 
0.009861028753221035 0.005679276771843433 -0.008906513452529907 
0.004253612831234932 -0.004227557685226202 -0.007050000131130219 
0.003121959511190653 0.02479123696684837 -0.01304005924612284 
-0.0008333713049069047 0.00311555084772408 -0.001687710755504668 
-0.002428192179650068 0.02054627984762192 0.0006321176188066602 
0.003524347674101591 0.005266305990517139 -0.01026488188654184 
0.003209009300917387 -0.006446730345487595 0.0003786769229918718 
0.002821861300617456 0.009306349791586399 -0.0101579912006855 
-0.006150687113404274 0.01146088261157274 -0.01008372940123081 
0.009286543354392052 0.01780095882713795 -0.008857784792780876 
0.006732827052474022 0.002018979284912348 -0.005029350984841585 
0.0003582501085475087 0.03407473862171173 -1.45728199640871e-05 
0.006030472926795483 0.02107456885278225 -0.0001084784889826551 
0.004732697736471891 -0.003382687689736485 -0.007050000131130219 
0.003580706194043159 -0.004894874058663845 -0.004158441442996264 
0.002632683143019676 -0.007877174764871597 -0.007140216417610645 
0.008199391886591911 0.02750840783119202 -0.002035005716606975 
-0.003359526861459017 0.03381128236651421 -0.001000000163912773 
0.009294415824115276 0.004054996185004711 -0.01056211721152067 
0.0003184256493113935 0.01145349070429802 -0.001903092954307795 
0.006902956403791904 0.02030805125832558 -0.0022921331692487 
-0.008793412707746029 0.0002964266459457576 -0.001630083192139864 
0.009380904957652092 0.00647392263635993 -0.009662311524152756 
0.008144030347466469 -0.004709359258413315 -0.01109966263175011 
0.005626107100397348 -0.0009015547693707049 -0.008050000295042992 
0.0003811120404861867 0.01156087219715118 0.0009433506056666374 
-0.003197568468749523 0.0001614293578313664 -0.005888244137167931 
-0.008422891609370708 0.01607956737279892 -0.006190711632370949 
0.009372489526867867 0.02486408874392509 -0.005904564633965492 
-0.008106127381324768 0.007881192490458488 -0.000492063001729548 
0.002681558486074209 0.003746295347809792 -0.01030287519097328 
-0.004576858598738909 0.008058296516537666 -0.001824273727834225 
-0.004204082768410444 0.01139466091990471 0.0008175397524610162 
0.008201961405575275 -0.003941522911190987 -0.00804054643958807 
0.008726636879146099 -0.002510450780391693 -0.006292335689067841 
-0.001206783577799797 0.005955048836767673 0.001115266233682632 
0.002747157122939825 0.0131256990134716 0.0005216777208261192 
0.007977062836289406 0.01013194676488638 -0.001104328432120383 
0.008390923961997032 0.003043929347768426 -0.0007833132985979319 
-0.0007544196560047567 0.03022433444857597 -0.009604667313396931 
-0.002698814263567328 0.03348667547106743 -0.01039120089262724 
0.007516908459365368 0.01243222877383232 -0.008038910105824471 
0.006495822686702013 0.01651749201118946 -0.0116785941645503 
-0.001878149574622512 0.01698198541998863 -0.01286946423351765 
0.007167330943048 0.01691577583551407 -0.008489830419421196 
0.0009261912782676518 0.0104291969910264 -0.01294388901442289 
0.001729921204969287 0.009458852000534534 -0.001848182175308466 
-0.0004072375595569611 0.033098965883255 0.0002748288097791374 
-0.004738211631774902 0.02703972905874252 -0.005556568503379822 
0.002186584984883666 -0.006524780765175819 -0.001430028351023793 
-0.0009973844280466437 0.01806769706308842 -0.0129343681037426 
0.007382215466350317 -0.007468007504940033 -0.00769332330673933 
-0.004275578074157238 0.02550985105335712 -0.009423145093023777 
-0.005496272817254066 -0.00766371376812458 0.0009366677841171622 
0.007240998093038797 0.02316337823867798 -0.0007499451749026775 
-0.002024105051532388 -0.002548095304518938 -0.003949999809265137 
0.008468744345009327 0.003246091306209564 -0.000826741976197809 
-0.003685044124722481 0.002738561248406768 -0.01295204274356365 
0.006344100926071405 0.0274752676486969 -0.003289865097030997 
0.004117527976632118 0.000218856381252408 -0.006883381400257349 
-0.005785267800092697 0.009535868652164936 -0.01256371568888426 
-0.0005654519191011786 0.005438124295324087 -0.01025218702852726 
0.009468736127018929 0.02297408878803253 -0.005303227342665195 
0.00576165784150362 -0.001226156251505017 -0.0104388827458024 
0.002036780817434192 0.0008063600398600101 -0.01212843973189592 
0.00664451764896512 0.0002770717546809465 -0.009881719015538692 
0.004018843639642 0.02789235673844814 -0.009675133973360062 
-0.009051683358848095 0.01249425485730171 -0.007985283620655537 
-0.001853708643466234 0.000508100027218461 -0.008050000295042992 
0.0001698915148153901 0.01512069720774889 -0.01291077118366957 
0.006220448296517134 0.0006967551889829338 -0.004318687133491039 
0.003881072858348489 -0.00631414633244276 -0.004526169970631599 
0.006509395316243172 0.02535344287753105 -0.007221991196274757 
0.001994887134060264 -0.001599888084456325 -0.00494999997317791 
-0.002276016166433692 0.003430323675274849 -0.01296276692301035 
0.003064326476305723 0.001286794198676944 -0.004301974549889565 
0.008865891024470329 0.0243092980235815 -0.008983414620161057 
-0.003785885637626052 0.002932771574705839 0.0009400630369782448 
-0.006003302522003651 -0.007324567530304193 0.0002442562836222351 
0.01111122593283653 -0.0004485935205593705 -0.004822260700166225 
0.0002980384742841125 0.01741962321102619 -0.00205890298821032 
-0.001973637146875262 0.02064724266529083 -0.009852267801761627 
0.004285835195332766 -0.0008414977928623557 0.000225288764340803 
-0.0009264184627681971 0.003567202016711235 -0.0129344966262579 
-0.009193895384669304 0.0004627689777407795 -0.01114456821233034 
0.005716901272535324 0.001236089854501188 -0.002067437395453453 
-0.003501464379951358 0.01494397222995758 -0.002001892775297165 
0.005932405591011047 0.009314150549471378 -0.0001354329288005829 
-0.0009065154008567333 0.02795765362679958 -0.01251832954585552 
-0.008055225014686584 0.01729555800557137 -0.007860679179430008 
0.00650420505553484 0.02017982304096222 -0.01176047511398792 
0.009227731265127659 0.02122033573687077 -0.008513964712619781 
0.003674357663840055 0.02490337379276752 -0.002247518626973033 
-0.007475534453988075 0.007572125643491745 -3.324166755191982e-07 
-0.006027005612850189 0.02416594140231609 -0.008187450468540192 
-0.006620886735618114 -0.002172710141167045 0.0007150819292291999 
-0.006049757823348045 0.02349896170198917 -0.003359175752848387 
0.007533661089837551 -0.003306834260001779 -0.00889887847006321 
-0.005454381927847862 0.02538346499204636 -0.00771128386259079 
0.007632958702743053 0.01094378065317869 -0.007812360767275095 
0.01041038893163204 -0.002475071232765913 -0.004011661279946566 
0.003655631328001618 -0.001758569036610425 -0.00155144277960062 
0.007289293222129345 -0.007217084523290396 -0.005739607848227024 
-0.0001393392740283161 0.01329213473945856 0.0009396428940817714 
0.001704462454654276 -0.004766826517879963 -0.007050000131130219 
0.009142711758613586 0.01006530970335007 -0.009803125634789467 
-0.005421179346740246 0.020030677318573 -0.009798484854400158 
0.007120527327060699 0.02672284469008446 -0.0003064126649405807 
0.005413557402789593 0.03000299446284771 0.0002784618991427124 
0.001326926285400987 0.01222308725118637 -0.01007883809506893 
-0.008610807359218597 0.004584456793963909 -0.0102583272382617 
-0.005170975811779499 0.01282900664955378 -0.01246893126517534 
0.01032804511487484 0.007744668517261744 -0.00576869398355484 
0.004464187193661928 -0.002065536798909307 -0.01045819371938705 
-0.003616683417931199 -0.004311086609959602 -0.01050060335546732 
-0.00485744746401906 -0.006946323439478874 -0.01300397142767906 
-0.002524445531889796 0.000922901788726449 -0.003949999809265137 
-0.009106483310461044 -0.002836104948073626 -0.01093070767819881 
0.007011637557297945 0.01891198940575123 -0.005194712430238724 
-0.00123143196105957 0.01418237574398518 -0.01293480489403009 
-0.0006598228355869651 -0.003403680864721537 -0.001517234602943063 
0.001133252517320216 -0.009440302848815918 -0.01157466322183609 
0.005796241108328104 -0.004316579550504684 -0.004950000438839197 
-0.009420684538781643 0.006161286029964685 -0.009739702567458153 
0.006424557417631149 0.002000494627282023 -0.004974361043423414 
0.008911770768463612 0.02153836004436016 -0.009217998944222927 
0.001249419525265694 0.02939501404762268 0.000659764395095408 
-0.006772298365831375 -0.006666251923888922 -0.01168584171682596 
-0.004801672883331776 0.001534507377073169 0.0008898117812350392 
0.006611505523324013 0.0240459255874157 -0.002756528556346893 
0.006241820752620697 -0.003428039373829961 -0.01049733534455299 
-0.003237392287701368 0.02175657078623772 -0.01220451854169369 
0.01102921180427074 8.148326014634222e-05 -0.004500271286815405 
0.009352166205644608 -0.005180192179977894 -0.003991658333688974 
0.002675824798643589 0.03118664026260376 -0.002413572045043111 
0.00930024404078722 0.02498428709805012 -0.007510433904826641 
-0.000816291372757405 -0.003799666184931993 -0.007735217455774546 
0.006506533361971378 -0.002638969337567687 -0.003949999809265137 
0.003990368917584419 0.0005734990700148046 -0.00517768319696188 
-0.003811818780377507 0.03261856362223625 -0.001000000163912773 
-0.006169590167701244 0.008490774780511856 -0.001838762080296874 
0.008656498976051807 0.01356354635208845 -0.01018522493541241 
0.004548368509858847 0.02736888267099857 -0.002310136333107948 
0.008826213888823986 0.01510422397404909 -0.002095644129440188 
-9.49358509387821e-05 0.01938781142234802 0.001002867938950658 
0.007110203616321087 -0.005327095277607441 -0.007649888750165701 
0.001107079209759831 -0.006189623847603798 -0.004013632889837027 
0.007952570915222168 0.006844743154942989 -0.007897368632256985 
-0.002314507029950619 -0.001046690624207258 -0.008050000295042992 
-0.002821986097842455 9.020906873047352e-05 -0.01300361379981041 
-0.002930368762463331 0.003155585145577788 -0.001692964811809361 
0.005773144774138927 0.0143294632434845 -0.0119019690901041 
-0.001298869494348764 0.02892802469432354 -0.002362579572945833 
0.007548483088612556 0.007878994569182396 -0.01123437378555536 
-0.00336845126003027 -0.008414243347942829 -0.01060823164880276 
0.002943613566458225 0.03154292330145836 -0.002422336721792817 
-0.007074934430420399 -0.003625750774517655 -0.01264316961169243 
0.008679762482643127 -0.0005773600423708558 -0.010715551674366 
0.006964908447116613 0.005709060002118349 -0.01026022806763649 
0.002054579323157668 -3.757583908736706e-05 -0.01243506744503975 
-0.008732721209526062 0.01204434689134359 -0.00967816635966301 
-0.005288507789373398 0.02058292552828789 -0.007450929842889309 
-0.002971561392769217 0.007739768363535404 0.00106603535823524 
4.470639396458864e-05 0.01525688730180264 -0.002002944704145193 
0.003774320939555764 0.001084944000467658 0.0003436374827288091 
0.004445236176252365 -0.002265954157337546 -0.01218101009726524 
-0.00758084561675787 0.01964328065514565 -0.005425568670034409 
0.008158376440405846 -0.002386002568528056 -0.007817573845386505 
-0.00595184788107872 -0.001495175063610077 -0.01042239647358656 
0.001981296576559544 -0.006895705591887236 0.0005629764636978507 
-0.003925004974007607 0.02405646257102489 -0.00975933950394392 
-0.004930920898914337 0.02711149305105209 -0.005698204971849918 
-0.008460430428385735 0.01578722149133682 -0.007068077102303505 
0.009388482198119164 0.03039189055562019 -0.006604009307920933 
-0.002923982916399837 -0.008995096199214458 -0.01214329246431589 
0.000111411587568 -0.008640142157673836 0.0007864340441301465 
-0.002018782077357173 -0.009295834228396416 -0.0006560139590874314 
0.001776024466380477 0.02876795642077923 -0.002352228853851557 
0.001182993175461888 0.01873179525136948 0.0009838994592428207 
0.001899455557577312 0.01726881228387356 0.0008763892110437155 
-0.004752499982714653 0.02318616956472397 -0.008358754217624664 
0.002852414036169648 0.01159623451530933 0.0005181474843993783 
0.006101767532527447 0.006790734827518463 -0.001769745722413063 
0.006437232717871666 -0.005062330048531294 -0.001592304091900587 
-0.004155796952545643 0.01673833467066288 -0.002050054725259542 
-0.004994668997824192 -0.002948629437014461 -0.01046226546168327 
-0.005060963332653046 0.03442540019750595 -0.001702640554867685 
0.002410309854894876 0.006837074179202318 0.0008157619740813971 
-0.009256774559617043 0.001313784741796553 -0.001657575368881226 
0.006852515041828156 0.03068346157670021 -0.0004356541903689504 
-0.001027739723213017 -0.006909772288054228 -0.01057364884763956 
-0.003318939590826631 0.01882419921457767 -0.00989716500043869 
4.534143954515457e-05 0.01569919660687447 0.0009191707940772176 
-0.003801816841587424 0.02778949774801731 -0.002347333589568734 
-0.007169384974986315 0.007813266478478909 -0.001823079888708889 
-0.005413378588855267 0.0199548564851284 -0.006629761308431625 
0.005067630670964718 -0.007166871801018715 -0.008050000295042992 
-0.005744709633290768 0.03319399058818817 -0.01104092597961426 
-0.0002963791484944522 0.01148680411279202 -0.01009480282664299 
-0.007205922156572342 0.01855193451046944 -0.009440241381525993 
-0.006529826205223799 -0.005845000501722097 -0.001465297536924481 
-0.002562647685408592 -0.00464526005089283 -0.01051144395023584 
-0.008916581049561501 0.009231813251972198 -0.01033677812665701 
-0.009369908832013607 0.0008917158702388406 -0.001646782737225294 
0.002398648299276829 -0.0068229497410357 -0.01057825889438391 
-0.005385565105825663 0.01915313117206097 -0.01138478424400091 
0.008583457209169865 0.03396052122116089 -0.00790375005453825 
-0.0001827130909077823 0.01995960436761379 -0.009873815812170506 
0.009047521278262138 0.02537405863404274 -0.008346591144800186 
0.005210022907704115 -0.002748222090303898 -0.001522484235465527 
-0.003872574307024479 -0.00657949224114418 0.001033218344673514 
0.003399462206289172 0.01517963968217373 -0.01245690323412418 
-0.008886191993951797 0.01339185424149036 -0.008032473735511303 
-0.004528888966888189 -0.002428677398711443 -0.01298367604613304 
0.006565555464476347 -0.003564749378710985 -0.01167930942028761 
-0.007867646403610706 -0.003583955811336637 -0.01047308743000031 
0.004429961554706097 0.02894996851682663 -0.002351654227823019 
-0.002867232542484999 0.01597652025520802 -0.002027578419074416 
0.005472238641232252 -0.0009825089946389198 -0.007049999665468931 
-0.001049666898325086 0.01625431142747402 0.0009328810265287757 
-0.001069038291461766 0.01586864702403545 -0.002021152526140213 
0.009649287909269333 0.01148341968655586 -0.003203592263162136 
0.008715447969734669 0.02262253314256668 -0.009516796097159386 
0.005462708417326212 -0.008977013640105724 -0.01111179031431675 
-0.005967145785689354 0.02087567746639252 -0.01025164499878883 
0.005921762436628342 -0.008015253581106663 -0.007985439151525497 
-0.005485534202307463 0.01391206588596106 -0.01002106722444296 
0.004395416937768459 -0.00442437082529068 -0.00148035679012537 
-0.004894137382507324 0.02252190746366978 -0.008800181560218334 
0.004613767378032207 -0.007370029576122761 -0.003949999809265137 
0.009238468483090401 0.005944689735770226 -0.01016832701861858 
0.0001476587058277801 0.02205999940633774 0.001089506549760699 
0.005113990511745214 0.01937374472618103 -0.002100256737321615 
0.008628709241747856 0.020145233720541 -0.009871290065348148 
0.006778711453080177 0.03312036022543907 -0.009461690671741962 
-0.008127347566187382 0.005749975796788931 -0.000530078134033829 
0.002638321369886398 0.01983735896646976 0.0009680852526798844 
-0.0006091395625844598 -0.006034491118043661 -0.001448549330234528 
-0.003450863994657993 0.01910874433815479 -0.01240362506359816 
-0.002261499641463161 0.01213151216506958 -0.001925973687320948 
0.007411129307001829 -0.003937602508813143 -0.00835499819368124 
0.008244642056524754 0.0222751796245575 -0.001746262423694134 
-0.002438685856759548 0.03410913795232773 -0.0006344427820295095 
0.00544764706864953 0.009782107546925545 -0.01015083957463503 
0.006103914696723223 0.0009727063588798046 -0.007801409810781479 
-0.008324151858687401 -0.003461842425167561 -0.01046898309141397 
-0.004089377820491791 0.02637383341789246 -0.00338221900165081 
-0.004805841017514467 0.001919099595397711 -0.01288194395601749 
0.009947376325726509 -0.003759697778150439 -0.008796590380370617 
0.008743774145841599 0.02655977755784988 -0.003058759029954672 
0.004892289638519287 0.01686666905879974 0.0002405552077107131 
-0.005920014344155788 0.0004282892332412302 -0.001627758843824267 
-0.005216971039772034 0.02100988291203976 -0.00980205275118351 
-0.00424672057852149 -0.002429048530757427 -0.001549826003611088 
-0.00164465035777539 -0.002791167935356498 0.001002062228508294 
-0.005646232515573502 0.01888593100011349 -0.00404109712690115 
0.003332320600748062 0.02942174859344959 0.0005129622877575457 
0.007941796444356441 0.01694084145128727 -0.01074384991079569 
-0.001074491534382105 0.003058298025280237 -0.006228717043995857 
0.003132042707875371 0.01708054542541504 -0.009955638088285923 
-0.00389498402364552 0.01838096231222153 -0.01232410036027431 
0.008975164033472538 0.03060556948184967 -0.003194593591615558 
0.002449645660817623 0.01152795366942883 0.0006718243821524084 
0.008314002305269241 0.01762745343148708 -0.01041073258966208 
0.002541495254263282 -0.006967051886022091 -0.001417768420651555 
0.001033611479215324 0.02736509405076504 -0.009682907722890377 
0.002252569189295173 -0.004123025573790073 -0.00494999997317791 
0.01030793413519859 -0.003102155402302742 -0.006614671554416418 
0.009283513762056828 0.02543916553258896 -0.007256543729454279 
-0.007776171434670687 0.01555364392697811 -0.002075211144983768 
-0.001321896910667419 0.001706291805021465 -0.01276125013828278 
-0.002514357911422849 0.03000009432435036 -0.0002232117403764278 
-0.002772339154034853 0.007780874148011208 -0.001813408569432795 
0.004761364310979843 -0.002883277600631118 -0.00151985848788172 
-0.003758003236725926 -0.007872363552451134 -0.01303630322217941 
0.003545952960848808 0.02015785686671734 -0.01292397268116474 
-0.004203113727271557 0.0257689580321312 -0.006950962357223034 
0.002389838453382254 -0.004545510746538639 -0.003949999809265137 
-0.002723968587815762 0.007959023118019104 -0.0130730802193284 
0.004320567939430475 0.03174680843949318 -0.009938914328813553 
0.004134214017540216 0.02589885331690311 -0.00227258657105267 
0.001301768352277577 -0.004072684794664383 -0.00494999997317791 
-0.001647597295232117 -0.004091637674719095 0.001004699151962996 
0.005187111906707287 0.01900986954569817 -0.002090609865263104 
0.009261574596166611 0.02660384587943554 -0.005923525430262089 
-0.007779170759022236 -0.002714914735406637 -0.01236552558839321 
0.007515203207731247 0.001421551569364965 -0.003274886403232813 
-0.0008387136622332036 -0.001190699636936188 -0.0112449424341321 
-0.004428831394761801 0.02622205764055252 -0.0024082544259727 
-0.003345912788063288 0.00594036653637886 -0.01309635397046804 
0.006918404251337051 -0.003218887140974402 -0.00494999997317791 
-0.002030381467193365 0.02548800408840179 0.0004286892362870276 
0.007785229943692684 0.008990809321403503 -0.004416372627019882 
0.00775332935154438 -0.007477703504264355 -0.00534505769610405 
-0.002683167112991214 0.01139200292527676 -0.001907512196339667 
0.01002436503767967 0.009691627696156502 -0.008187261410057545 
-0.006616817787289619 0.01256045699119568 -0.01186206191778183 
0.004221823532134295 -0.003350942162796855 -0.007049999665468931 
-0.001654093735851347 0.00942206010222435 -0.01014598645269871 
-0.007308541797101498 0.01087738946080208 -0.006880424451082945 
-0.001702569425106049 0.01626773551106453 0.0008822788950055838 
0.001835771254263818 -0.002969644730910659 -0.001523475628346205 
0.007585537619888783 0.01155222952365875 -0.008513016626238823 
0.003257692325860262 0.00543384300544858 -0.01268002763390541 
0.01021680887788534 0.007939056493341923 -0.007827122695744038 
0.01029501855373383 0.001188611029647291 -0.009383781813085079 
0.0006352647906169295 -0.003918805159628391 -0.00494999997317791 
0.004800189286470413 0.000477741239592433 -0.001607532845810056 
0.007687447126954794 0.01024436857551336 -0.005726717878133059 
0.007759407162666321 0.009322255849838257 -0.00832364521920681 
-0.005645419005304575 -0.003084189724177122 -0.01046449970453978 
-0.00138427980709821 -0.002809839323163033 -0.01299223210662603 
-0.008507423102855682 0.005122387316077948 -0.005315727088600397 
-0.009304238483309746 -0.002002811059355736 -0.01042892225086689 
0.002281079767271876 -0.009112308733165264 -0.01063779648393393 
-0.008046921342611313 -0.001724586938507855 -0.001576064038090408 
0.001504328101873398 0.02531193755567074 -0.009737459011375904 
0.001072328421287239 0.01957011036574841 -0.01301189884543419 
0.001039739232510328 0.03019851259887218 -0.01258348487317562 
0.01029498968273401 0.008239660412073135 -0.005526409484446049 
0.005968291312456131 0.003441296517848969 -0.01031743548810482 
-0.004054005723446608 0.02888032607734203 -0.01132835447788239 
0.004145381040871143 -0.008651345036923885 -0.01062950305640697 
0.0005111856153234839 -0.001357855508103967 -0.004071928560733795 
-0.00156980031169951 0.02426483668386936 -0.01268726214766502 
0.009084957651793957 0.01663713157176971 -0.002612921176478267 
0.003533523995429277 0.03095157071948051 -0.009594287723302841 
0.002281745430082083 -0.004077217541635036 -0.001493662944994867 
-0.005115509033203125 0.002903431421145797 0.000829676107969135 
0.008518100716173649 0.02299939841032028 -0.002161153359338641 
0.0007757446728646755 0.01592620462179184 -0.002018952742218971 
0.0001162783009931445 0.02279132790863514 -0.01310231629759073 
0.007550737820565701 0.01960768364369869 -0.01105882506817579 
-0.005600064527243376 0.02391546964645386 -0.00925437081605196 
0.007864490151405334 0.0007516899495385587 -0.0007751247030682862 
0.0006003656308166683 0.002850828226655722 0.0008452982292510569 
-0.0006286220159381628 -0.004018269013613462 -0.004584726877510548 
0.0008396367775276303 0.02787597663700581 -0.01280167140066624 
0.003213966265320778 0.01417686138302088 -0.001968385418877006 
0.0003884411416947842 0.01737310364842415 -0.009942492470145226 
-0.002705381950363517 0.00711281131953001 0.001091745099984109 
0.003433413803577423 -0.001243656035512686 0.0003839489654637873 
0.008402647450566292 0.0007438904140144587 -0.005046088714152575 
-0.008880727924406528 0.00499426294118166 -0.001752913580276072 
0.0002809362194966525 0.03432608395814896 -0.01061981916427612 
-0.00139408151153475 -0.002141423057764769 -0.01299130544066429 
0.002662803744897246 0.0159163698554039 -0.01277765166014433 
0.007222831249237061 0.002129583153873682 -0.0002759498020168394 
0.003867576131597161 0.003386746626347303 -0.01257260702550411 
-0.002767332596704364 0.01155251171439886 -0.01008812803775072 
0.003270309651270509 -0.0009363605640828609 -0.001573682995513082 
-0.008060232736170292 0.002382063074037433 -0.0118792112916708 
0.002773839049041271 0.02842771075665951 -0.01290994323790073 
-0.006395857781171799 0.00596724497154355 -0.001773329684510827 
0.003766653826460242 0.004837026353925467 0.0005924311699345708 
-0.006646890193223953 0.01407322473824024 -0.00446219788864255 
-0.002351741539314389 -0.008839164860546589 0.001009946572594345 
-0.006361165083944798 0.02393103390932083 -0.005070221610367298 
-0.005498690996319056 0.01964964717626572 -0.002461226191371679 
0.003293786663562059 0.007419574074447155 -0.01267779059708118 
0.008565310388803482 0.02319604530930519 -0.002262840513139963 
0.00430492265149951 0.02894322387874126 0.0006665639812126756 
-0.007945958524942398 0.0003939644084312022 -0.001630928833037615 
0.007883663289248943 -0.001644150237552822 -0.002017555292695761 
-0.003077874192968011 0.005936038680374622 0.001110975397750735 
-0.005935227498412132 -0.007394176907837391 -0.01207595597952604 
0.004917614627629519 -0.004076487850397825 -0.001488391542807221 
0.01005641371011734 0.01291318517178297 -0.006734631024301052 
0.001789397560060024 0.02208373509347439 -0.002177684335038066 
-0.007044569123536348 0.002005619229748845 -0.01032880134880543 
-0.004063006490468979 0.0221321526914835 -0.002190695144236088 
0.008884155191481113 0.03181469440460205 -0.008824203163385391 
-0.006802709307521582 -0.005872150883078575 -0.001465157372877002 
0.003742966102436185 0.0007240272825583816 0.0003467938222456723 
0.006807991303503513 0.01750253327190876 -0.002048001624643803 
0.008133338764309883 0.004525947384536266 -0.006777443923056126 
0.0008661753963679075 0.001466224435716867 -0.01200000010430813 
-6.941970787011087e-05 -0.007818294689059258 0.0008205908816307783 
-0.0004636040539480746 -0.004703281447291374 -0.00148295983672142 
-0.003944284282624722 -0.008566094562411308 -0.01288389042019844 
0.00828509870916605 0.0233700443059206 -0.01013161987066269 
0.01030154153704643 0.007686694618314505 -0.005016894079744816 
-0.009975890628993511 0.007621636614203453 -0.007065979763865471 
0.01071571186184883 0.003304468467831612 -0.008201263844966888 
-0.004532609134912491 0.02920016460120678 -0.01088568009436131 
0.003759954590350389 0.02713778242468834 0.0008949898183345795 
0.002585973590612411 -0.004235570318996906 -0.008050000295042992 
0.004532102029770613 0.03171317651867867 -0.0114153828471899 
0.003711222670972347 0.03039191104471684 -0.002390744164586067 
-0.007874539121985435 0.01847162842750549 -0.006228913553059101 
-0.006965641397982836 0.009964600205421448 -0.001878839801065624 
0.005373589228838682 0.02493403106927872 -0.009755090810358524 
0.007769388146698475 -0.002941187936812639 -0.003747559618204832 
-0.005428430624306202 0.006489904597401619 -0.01285882294178009 
0.006600677501410246 -0.006912241689860821 -0.008355928584933281 
0.002939948113635182 0.02814437821507454 -0.009666388854384422 
-0.001601697644218802 0.03064058534801006 -0.001000000163912773 
0.002544747665524483 -0.003405067138373852 -0.003949999809265137 
0.00581056997179985 -0.003244521096348763 -0.001508320914581418 
-0.004360049031674862 -0.001321475952863693 -0.01298384368419647 
0.005582050420343876 0.0172473918646574 -0.002043800661340356 
0.009927148930728436 0.001113132573664188 -0.001999780768528581 
0.0066038453951478 -0.006368044763803482 -0.00341702438890934 
0.003956282511353493 0.01066923141479492 -0.00187531509436667 
-0.001796984346583486 0.01797285862267017 -0.01285410951822996 
-0.0008022150141187012 0.02547396533191204 -0.009728598408401012 
-0.009639890864491463 0.006899789907038212 -0.003236951539292932 
0.003338877577334642 0.01490086875855923 8.682831685291603e-05 
-0.008867905475199223 -0.003579470794647932 -0.0104862479493022 
-0.006500178016722202 0.01760062575340271 -0.01082494016736746 
-0.004300889559090137 -0.007160209584981203 0.001028900151140988 
0.007549318019300699 0.01201718952506781 -0.00965176522731781 
-0.006490232422947884 0.01574631966650486 -0.0006475617410615087 
0.003855567891150713 -0.002136073540896177 -0.01230664271861315 
-0.008329655975103378 -0.002168678445741534 5.072484782431275e-05 
0.006808132398873568 0.005808208137750626 -0.01025732420384884 
0.007310531567782164 -0.0004213920328766108 -0.008948966860771179 
0.00271339644677937 0.02824117988348007 -0.009663405828177929 
-0.002979645971208811 -0.003186803078278899 -0.01047252863645554 
0.005892220884561539 -0.004493760876357555 -0.008050000295042992 
-0.004905741661787033 0.003818799275904894 -0.01283229701220989 
0.006384591106325388 0.03267750889062881 -0.01096663251519203 
0.001968180295079947 0.004291928373277187 -0.01287966873496771 
0.006465367507189512 0.03250795975327492 -0.0008763636578805745 
-0.008383526466786861 0.005807108245790005 -0.009222608059644699 
0.0003800889826379716 0.0242738351225853 0.001109070028178394 
-0.0004842437629122287 0.001415412407368422 -0.01122142001986504 
0.001762103522196412 0.01517193764448166 -0.01282700337469578 
-0.003538184333592653 0.001001528697088361 -0.01036205515265465 
-0.006122867576777935 0.01665361411869526 -0.002560497261583805 
0.007887182757258415 0.003611250780522823 -0.0005350803839974105 
0.001894306507892907 0.009050045162439346 0.0008689165697433054 
-0.007415622472763062 0.01973542012274265 -0.007961333729326725 
0.001475510653108358 0.03264469280838966 4.433854337548837e-05 
0.006744633428752422 0.02233607321977615 -0.006087599787861109 
0.003681697882711887 -0.007301078643649817 -0.00494999997317791 
0.004311820957809687 0.01414572075009346 0.0002814002800732851 
0.001694302307441831 0.03146174550056458 0.0004570666351355612 
-0.004174479749053717 0.03081478551030159 5.215407272718409e-11 
0.001715489313937724 0.01676741801202297 -0.002039029728621244 
0.009383292868733406 0.02437455207109451 -0.005410487297922373 
-0.006851715967059135 0.0209044162184 -0.008719481527805328 
0.003024356439709663 -0.008408582769334316 0.0003930499951820821 
-0.0018358388915658 0.03044725954532623 -0.001000000163912773 
-0.002032294403761625 0.03540174663066864 -0.009599999524652958 
0.006055759731680155 0.005208251066505909 -0.001728521194308996 
-0.002360730431973934 0.02253549173474312 -0.009802191518247128 
0.007205499801784754 0.02527467906475067 -0.0115094780921936 
-0.001458712154999375 0.0002373842871747911 -0.001229205168783665 
-0.006834147963672876 -0.006528710946440697 -0.01273711957037449 
0.002467235783115029 0.01606839150190353 0.0008022334077395499 
-0.0002417588839307427 0.0159465279430151 -0.00997847318649292 
0.002887357724830508 0.001531667890958488 -0.01036111079156399 
-3.625266253948212e-05 0.01950626075267792 -0.002114053582772613 
-0.006697211414575577 -0.006694342009723186 -0.01235334761440754 
-0.00124278839211911 0.0258251391351223 0.0007262170547619462 
0.001739958301186562 0.01861412450671196 0.0009545566863380373 
0.004396892618387938 0.02386732213199139 -0.01289929263293743 
0.006925052031874657 0.00187219341751188 -0.002702557248994708 
0.007656825240701437 -0.003383547998964787 -0.003949999809265137 
0.001956746447831392 0.026408351957798 -0.002290259581059217 
0.008601125329732895 -0.00290939281694591 -0.006556675769388676 
-0.006668607238680124 0.01195541676133871 -0.0119268037378788 
-0.0009231467265635729 0.02597662433981895 -0.009715232066810131 
0.002998100826516747 0.02078024856746197 -0.009858774021267891 
-0.0006428845226764679 0.001397312618792057 -0.003949999809265137 
0.007031095214188099 0.01866341382265091 -0.009502541273832321 
0.001335804583504796 0.003907126840204 -0.01029597595334053 
-0.008255167864263058 0.01130847726017237 -0.01070674881339073 
0.0002387233544141054 0.003021618817001581 0.0008876225911080837 
0.009137281216681004 0.01121371611952782 -0.00973817240446806 
4.875118611380458e-05 -0.001461323816329241 -0.001083836425095797 
0.008282791823148727 0.03372760117053986 -0.003194540273398161 
0.008263879455626011 0.0008498557726852596 -0.008185973390936852 
-0.005545584484934807 0.01847471483051777 -0.01142285764217377 
0.001553617650642991 -0.002072936622425914 -0.00494999997317791 
-0.001327793928794563 -0.000579868967179209 -0.006390791386365891 
0.004910130985081196 -0.00533601175993681 7.354650733759627e-05 
0.006220183335244656 -0.007602550555020571 -0.007812559604644775 
0.004134902264922857 0.0278901644051075 -0.01278229430317879 
0.01022319681942463 0.008990556932985783 -0.004631903953850269 
-0.00294532673433423 0.0156452152878046 -0.002019084990024567 
0.002790330676361918 0.01982173696160316 -0.012966712936759 
-0.003492912976071239 0.02709255181252956 -0.0108497254550457 
0.009138831868767738 0.01822791062295437 -0.009122991934418678 
-0.004248445853590965 0.01589376851916313 0.0004395319847390056 
-0.003464687149971724 0.0214518066495657 -0.01213342975825071 
0.007988490164279938 -0.00132839847356081 -0.009616630151867867 
-0.007930703461170197 0.008010531775653362 -0.001871766871772707 
0.008908543735742569 0.02053889818489552 -0.009348823688924313 
0.003958347253501415 0.002054610522463918 -0.001650392892770469 
-0.00434315949678421 0.02111453376710415 -0.009835311211645603 
-0.00472742784768343 0.0233282744884491 -0.003002098295837641 
0.008529824204742908 -0.006136978510767221 -0.00199563056230545 
-0.001862407894805074 0.01580733060836792 -0.01287727989256382 
-0.00385490944609046 0.03161502629518509 -0.002389532746747136 
0.003284959821030498 0.01828848384320736 -0.002075592987239361 
-0.0006996012525632977 -0.001803661696612835 -0.01044099312275648 
0.005543675739318132 0.004133564885705709 0.0002283789217472076 
-0.009086852893233299 0.01241723820567131 -0.007701418362557888 
-0.005095887463539839 0.003879023483023047 -0.01280238851904869 
0.002290000440552831 -0.00351988710463047 -0.01255366764962673 
-0.008341038599610329 0.01590321026742458 -0.003786597633734345 
0.0041917460039258 -0.005280975718051195 -0.01221945136785507 
0.008309184573590755 0.0008152603404596448 -0.004645263310521841 
0.003344951663166285 0.01995068788528442 -0.009881129488348961 
0.008688513189554214 0.0282643735408783 -0.00914754718542099 
-0.00894959457218647 0.01306746155023575 -0.007967466488480568 
0.003762992564588785 -0.003244312247261405 -0.007050000131130219 
0.002935928292572498 0.02887091785669327 0.0008094243239611387 
0.007899378426373005 -0.00169873668346554 -0.003949999809265137 
-0.002695162314921618 -0.008458985015749931 0.001022526528686285 
-0.007316610775887966 0.01141538564115763 -0.01157071907073259 
-0.005282609257847071 0.01148226484656334 -0.01255725231021643 
0.007740719243884087 0.01754723861813545 -0.001071559032425284 
0.006255978252738714 -0.004453580360859632 -0.00149895902723074 
-0.003065231489017606 0.03061063215136528 -0.009599999524652958 
0.002901504281908274 0.008269397541880608 0.000739587121643126 
0.001312485430389643 -0.004887158051133156 -0.01052553858608007 
-0.001234234776347876 0.02122022025287151 -0.009838792495429516 
-0.009632042609155178 0.009656318463385105 -0.005902114324271679 
0.001469661481678486 3.627700789365917e-05 -0.00158238410949707 
0.010014982894063 0.01401601731777191 -0.006386400200426579 
0.007194355130195618 0.03104032203555107 -0.01128006726503372 
0.001415306935086846 -0.0006115203141234815 -0.01041411235928535 
-0.009379197843372822 0.005113209132105112 -0.004283418413251638 
0.002434961032122374 0.01669075898826122 -0.01281780283898115 
0.01044705417007208 -0.00233223126269877 -0.004137011244893074 
-0.000723126984667033 -0.009499082341790199 -0.01124069187790155 
0.008476728573441505 -0.001652488950639963 -0.008124540559947491 
0.002823262941092253 0.0003414766397327185 0.0004952168092131615 
0.008083382621407509 0.03151915967464447 -0.001646212884224951 
0.004583456553518772 0.008811098523437977 -0.01199154276400805 
-0.005472730845212936 -0.005778134800493717 -0.001464850269258022 
0.002290307311341166 -0.005143908783793449 -0.008050000295042992 
-0.0006991589907556772 0.02140466123819351 -0.002164949430152774 
-0.005777338985353708 0.006939920596778393 -0.01274712849408388 
-0.002773907268419862 0.0299876481294632 6.111453330959193e-06 
0.001431005541235209 0.01527652703225613 -0.01285132579505444 
0.006876118946820498 0.02720853686332703 -0.0001603385753696784 
0.0006086978246457875 0.002123384503647685 -0.001658911933191121 
-0.005263920873403549 0.0207394827157259 -0.00346626783721149 
-0.002589556155726314 0.01489784102886915 -0.01282877754420042 
0.004839001223444939 0.01725288853049278 -0.009954564273357391 
-0.00773577531799674 -0.001834839349612594 -0.01233852468430996 
0.001169568742625415 -0.005006353370845318 -0.007050000131130219 
-0.006999301258474588 0.01936530321836472 -0.002646634355187416 
-0.005574518814682961 0.02236142940819263 -0.01010185573250055 
0.007346674799919128 0.01461624726653099 -0.009865397587418556 
0.006030705291777849 0.02707789093255997 -0.002299563493579626 
0.007005590014159679 -0.00334310601465404 -0.000459864444565028 
0.006306499242782593 0.01834427192807198 -0.002070984803140163 
0.008906181901693344 0.00701803807169199 -0.001753130345605314 
0.005911481566727161 0.0254422090947628 -0.01240295916795731 
0.004919890314340591 0.02490882761776447 -0.002245161216706038 
-0.007055130787193775 0.01284712739288807 -0.01151932962238789 
-0.007182373199611902 0.01157632004469633 -0.00951012596487999 
-0.007534625940024853 0.01272840145975351 -0.01113904640078545 
-0.001032134052366018 0.03442589566111565 -0.002400000113993883 
0.00754213985055685 0.014956871047616 -0.0008955441880971193 
0.00675481790676713 0.02220582589507103 -0.007149340119212866 
0.008018762804567814 0.00378223042935133 -0.0006024193717166781 
0.008075062185525894 0.005273960996419191 -0.008415664546191692 
0.002580875065177679 0.009927738457918167 -0.00185871624853462 
0.007397948764264584 0.01395773980766535 -0.004472861997783184 
0.002236831234768033 0.01424871198832989 0.0007875268929637969 
0.01009428314864635 0.0124403852969408 -0.005670352838933468 
-0.003237389028072357 0.02728636749088764 -0.01118349190801382 
-0.00555738341063261 0.02494663000106812 -0.004131932742893696 
0.00536179868504405 0.01951778307557106 0.0004192178603261709 
-0.007723985705524683 -0.002924986882135272 -0.01045617088675499 
-0.00166836753487587 0.01111495774239302 -0.01300155371427536 
0.003650282975286245 -0.005360335111618042 -0.001457415521144867 
0.00659690098837018 -0.001853712135925889 -0.007050000131130219 
0.004972514230757952 0.002425169805064797 -0.01011963654309511 
-0.003629543818533421 -0.002752151805907488 0.001022011740133166 
0.007868046872317791 0.007929595187306404 -0.01009136252105236 
0.006701226346194744 0.02289319038391113 -0.007271977607160807 
0.004202400334179401 0.01665912941098213 0.0003153267316520214 
0.007335265167057514 0.01476193591952324 -0.008333614096045494 
0.0002601995365694165 0.003102325368672609 -0.01288404036313295 
0.01014051400125027 0.007326753810048103 -0.003802862018346786 
0.002050564158707857 0.0007511236472055316 5.215408660497189e-11 
0.009884804487228394 0.01672770269215107 -0.005775160621851683 
-0.003556246869266033 0.03538999333977699 -0.001191726070828736 
-0.001425715629011393 -0.002029103459790349 -0.008050000295042992 
0.003167463000863791 -0.002406368963420391 -0.00494999997317791 
0.004961368627846241 -0.008622361347079277 -0.001369683770462871 
0.005785558372735977 -0.006589126773178577 -0.003949999809265137 
0.009068671613931656 0.03075649589300156 -0.008447901345789433 
-0.006023064255714417 0.01701666042208672 -0.005791546776890755 
0.001225583837367594 0.005699389614164829 0.0009693325264379382 
-0.009357874281704426 0.01112213172018528 -0.005286420695483685 
0.009063424542546272 0.006056986283510923 -0.0101503562182188 
-0.003751410637050867 0.003257115371525288 -0.01293605007231236 
0.004198625683784485 -0.003426556009799242 -0.0104931965470314 
0.006488846614956856 0.02104759588837624 -0.01177164446562529 
0.003382676048204303 -0.001882388372905552 -0.00494999997317791 
0.006043512374162674 -0.004279093816876411 -0.01181626319885254 
-0.005392396822571754 0.007458290550857782 -0.01018975488841534 
0.004276995547115803 -0.006101286038756371 -0.01056318730115891 
0.001736113801598549 0.001999811735004187 -0.008050000295042992 
0.005728301126509905 0.0006458797724917531 -9.681843221187592e-05 
0.001877652597613633 0.01474686712026596 -0.0128102982416749 
-0.0008098164689727128 0.02801886200904846 -0.009662139229476452 
0.005420479457825422 0.01747599616646767 -0.002050093607977033 
0.0004644854925572872 0.006272386759519577 -0.01303888484835625 
-0.002301714848726988 0.005462502129375935 -0.01312417816370726 
0.006925401277840137 0.0137418108060956 -0.01005042251199484 
-0.003026076126843691 0.01291197910904884 0.00087606196757406 
0.006059173028916121 0.03112805262207985 -0.003594070905819535 
-0.003104377537965775 0.0008410483133047819 -0.004880905151367188 
0.002507741330191493 0.03204132243990898 -0.0007397555746138096 
0.00548673328012228 0.0002468791790306568 -0.007050000131130219 
-0.005823607556521893 0.0107800206169486 0.0004601996624842286 
0.005968389101326466 0.03229203820228577 -0.00752096576616168 
-7.275701500475407e-05 0.02172806300222874 -0.002172135747969151 
0.0005633109249174595 0.007808307651430368 -0.01300898566842079 
-0.007376615889370441 0.002829064847901464 -0.010306634940207 
0.009170785546302795 0.008645951747894287 -0.00215215515345335 
-0.004157477058470249 0.01636896282434464 -0.00204041413962841 
-8.891129982657731e-05 0.007925679907202721 -0.0130370557308197 
-0.001696932013146579 -0.004701472353190184 0.001007042126730084 
0.003381327260285616 -0.0003696357598528266 -0.006502474192529917 
-0.0005860348464921117 0.009763328358530998 -0.00186078017577529 
0.008708653971552849 0.03000286221504211 -0.009561526589095592 
0.008319882676005363 0.00213465909473598 -0.002185755409300327 
0.003174938960000873 0.01198295690119267 -0.001911183353513479 
-0.00628797709941864 0.01518411934375763 -0.009986244142055511 
-0.006303114350885153 0.02127788960933685 -0.002421558136120439 
0.006668306887149811 -0.006257116794586182 -0.008050000295042992 
-0.005881838500499725 0.03272029757499695 -0.01081511005759239 
0.001393516431562603 0.007716152351349592 -0.01019664201885462 
-0.003620945382863283 0.03539781644940376 -0.002061859937384725 
-0.003954777494072914 0.02704926580190659 -0.002537084743380547 
0.003387090750038624 -0.003632548497989774 -0.001503054285421968 
0.01099270489066839 0.001814359566196799 -0.00730913644656539 
-0.003556303912773728 0.01862070150673389 -0.01240929029881954 
-0.0006853020167909563 0.001293037203140557 -0.007528235204517841 
-0.001036674482747912 0.002831463702023029 -0.008050000295042992 
-0.006384585984051228 0.0112081952393055 -0.001910142484121025 
-0.00703609362244606 0.01219073217362165 -0.007078805938363075 
0.006673158146440983 0.02325353212654591 -0.008259858004748821 
-0.0003492333344183862 0.0325070284307003 -0.009599999524652958 
0.00802375003695488 0.01847698912024498 -0.01064656488597393 
0.005990820936858654 -0.007752768229693174 -0.007050000131130219 
-0.001415904145687819 0.000376334588509053 -0.006279903929680586 
-0.0004884855588898063 0.03076142445206642 0.0004566893330775201 
-0.006894468329846859 -0.006595166400074959 -0.01083172112703323 
-0.0004924568929709494 0.02740632556378841 -0.002321231178939342 
0.002531304955482483 0.01203931588679552 -0.01252332702279091 
0.001153239863924682 -0.0008993494557216763 -0.006289830431342125 
-0.003102008951827884 0.02790294028818607 -0.0003660558431874961 
-0.004629333503544331 0.02182719483971596 -0.01130889914929867 
0.0104737151414156 -0.002413340145722032 -0.00494401203468442 
0.001189177390187979 0.02730986475944519 -0.009684663265943527 
0.00327078765258193 1.578795490786433e-05 0.0004189436440356076 
0.0082109235227108 0.00353113585151732 -0.007371213287115097 
-0.007795470301061869 0.000643317645881325 0.0001574970519868657 
0.006482568569481373 0.003031768836081028 -0.001670839032158256 
0.00984466727823019 0.000744957011193037 -0.01012670900672674 
0.008258648216724396 0.02595800533890724 -0.001994979102164507 
0.005495842546224594 -0.002953996881842613 -0.01048346236348152 
-0.001712462631985545 -0.001806242042221129 -0.003949999809265137 
-0.005402118898928165 0.02002885192632675 -0.004810233600437641 
0.003801252925768495 -0.004163891077041626 -0.01051164977252483 
0.006465187296271324 -0.0008018621010705829 -0.003949999809265137 
0.007273033261299133 0.02831811830401421 -0.000529021373949945 
0.008291454985737801 0.0148116322234273 -0.001471048919484019 
0.007002824451774359 0.001750638941302896 -0.01180758140981197 
-0.005967126693576574 0.006976050324738026 0.0006955893477424979 
-0.009259451180696487 -0.001601059688255191 -0.0006759903626516461 
0.0003983542555943131 0.03421540185809135 -0.001519954996183515 
0.007689822930842638 0.01021504774689674 -0.009271196089684963 
0.00906220730394125 -0.005457635968923569 -0.00236124312505126 
-0.009697126224637032 0.00685594230890274 -0.008403349667787552 
0.01000828761607409 0.01372665353119373 -0.005038019735366106 
-0.0021954495459795 0.00939975306391716 -0.01014548167586327 
0.002843168098479509 0.02337971515953541 -0.0130937285721302 
-0.004715048242360353 0.01643407344818115 0.0002264235226903111 
-0.004617529455572367 -0.0005272896960377693 -0.01039980351924896 
-0.00154815788846463 -0.009365007281303406 -0.01190170273184776 
-0.002823096234351397 0.03491960093379021 -0.009599999524652958 
-0.007946474477648735 0.01594281755387783 -0.00942305289208889 
0.007330642081797123 0.02556990087032318 -0.01112616714090109 
0.0007581226527690887 0.03371408209204674 -0.009718270972371101 
-0.006458156742155552 0.01159877143800259 -0.001920487731695175 
-0.0083144661039114 0.005030394997447729 -0.01024727988988161 
0.0002141264849342406 -0.007280543446540833 -0.001414370955899358 
0.003548667300492525 0.01193191297352314 -0.01240621507167816 
-0.004356396850198507 0.01886198855936527 -0.002105903811752796 
-0.002952962182462215 0.009472695179283619 -0.01014205813407898 
-0.007136878557503223 0.0102882981300354 -0.01011236477643251 
-0.0008059856481850147 0.001235374249517918 -0.01036792527884245 
0.007321934681385756 0.001569131389260292 -0.005076775792986155 
0.001127146766521037 0.03311442956328392 -0.00959999393671751 
0.009796736761927605 -0.003259065095335245 -0.002419156488031149 
0.00898946076631546 0.02975794859230518 -0.008933590725064278 
0.006319570355117321 0.02765457704663277 -0.009685959666967392 
-0.00278845289722085 0.01267692819237709 0.0009039701544679701 
-0.005391573067754507 0.01246257685124874 0.0004354641132522374 
0.00519346259534359 0.02323655039072037 -0.002200950868427753 
-0.00600497517734766 0.001098620821721852 0.0007546409615315497 
-0.006910311989486217 0.01041523553431034 -0.01201128121465445 
-0.002425409853458405 -0.0009178542532026768 -0.01041440200060606 
0.001957090571522713 -0.003729069139808416 -0.01260310970246792 
-0.001012929831631482 0.02593829110264778 -0.009716052561998367 
-0.006356601603329182 0.02398093603551388 -0.005220603197813034 
-0.00243475055322051 -0.002098102355375886 -0.007320560049265623 
0.007215644232928753 0.01629601046442986 -0.008108049631118774 
-0.002797180321067572 0.001640581293031573 -0.006938676349818707 
0.006240821443498135 -0.004219028167426586 -0.003949999809265137 
0.00291020143777132 -0.003680444322526455 0.0004509531427174807 
0.002975943498313427 0.0211138129234314 -0.01303018070757389 
0.00703978119418025 0.01598533615469933 -0.002007924020290375 
0.01005208306014538 0.01256060693413019 -0.004669570829719305 
0.00622325437143445 0.001360529218800366 -0.007739844731986523 
0.009554080665111542 -0.005016440525650978 -0.005887015722692013 
-0.002374352188780904 -0.001545560080558062 -0.01302729360759258 
0.009234268218278885 -0.005454272031784058 -0.004486694931983948 
0.0006217279587872326 0.006441404111683369 -0.001771624200046062 
-0.007888217456638813 0.001773278927430511 2.112577567459084e-05 
0.003258681856095791 -0.005345248151570559 -0.00494999997317791 
0.002654393669217825 -0.005759394727647305 -0.003949999809265137 
-0.0005931724444963038 0.0245358943939209 0.0009667766862548888 
-0.0008723842911422253 0.03520656749606133 -0.001058124587871134 
0.009496984072029591 -0.003813735442236066 -0.01005807146430016 
-0.003819807199761271 -0.0006584388902410865 -0.0130031555891037 
0.007721352856606245 0.009809861890971661 -0.007165091577917337 
0.003798200748860836 0.006074125878512859 -0.01259220764040947 
0.002923788735643029 -0.00146413198672235 -0.01043939962983131 
0.0007857077871449292 0.03135781735181808 -0.01249362155795097 
0.007795035839080811 -0.003576229559257627 -0.004360520280897617 
-0.008221443742513657 0.01597012765705585 -0.003386453725397587 
0.004660625942051411 0.01313113234937191 -0.01219647936522961 
0.009326023980975151 0.02497695758938789 -0.007034730166196823 
0.007452068850398064 0.0095648393034935 -0.0007526401896029711 
0.01103584095835686 -0.0001890472922241315 -0.004474988207221031 
0.007675260305404663 0.0104014091193676 -0.003868211060762405 
0.004348891787230968 -0.00412371288985014 -0.01051169913262129 
-0.003200408769771457 -4.489440470933914e-05 -0.004802703857421875 
0.001552687841467559 -0.002298262668773532 -0.00494999997317791 
0.00454958900809288 0.01421236991882324 -0.01003336720168591 
0.005638392176479101 0.030679602175951 -0.002394387731328607 
0.008070996031165123 -0.001598882488906384 -0.008544301614165306 
-0.001288703642785549 0.008215500973165035 -0.001821778365410864 
0.009629344567656517 0.01511446572840214 -0.003557445481419563 
0.007760046049952507 -0.002587256021797657 -0.003392230253666639 
-0.001441575819626451 0.03035813197493553 -0.01099999994039536 
0.003516693832352757 -0.008310321718454361 -0.004760642535984516 
0.005112851038575172 0.02642861753702164 0.0006562829366885126 
-0.005394802428781986 0.02012379467487335 -0.003135614097118378 
-0.004676906857639551 0.02355126664042473 -0.008441499434411526 
0.009775392711162567 0.006700517144054174 -0.008973946794867516 
0.0008727071690373123 0.009840192273259163 0.0009606240782886744 
0.006551952101290226 0.005791978444904089 -0.00174276577308774 
0.007016918621957302 0.006597485393285751 -0.00176286359783262 
0.003267809981480241 -0.007101393304765224 0.0003652134328149259 
0.001488255686126649 -0.001882888609543443 -0.005892378278076649 
0.007174275815486908 0.02507507242262363 -0.01145350374281406 
0.002084226347506046 0.03111825697124004 -0.01245702616870403 
0.001371592632494867 0.003680171677842736 -0.001698026666417718 
0.0005779949715360999 0.03215643763542175 -0.009599999524652958 
-0.003444831119850278 -0.005255726631730795 -0.001474382122978568 
0.003316913265734911 0.02509209327399731 -0.002253163373097777 
0.005309549160301685 0.03217115998268127 -0.009566009044647217 
0.003385390620678663 -0.002107614185661077 -0.00494999997317791 
-0.00240448908880353 -0.002136279596015811 -0.007194368168711662 
0.004624810535460711 0.03177835792303085 -0.01089822873473167 
0.008909520693123341 0.03081098571419716 -0.003051561303436756 
0.001836718525737524 0.02920770458877087 -0.0126672051846981 
0.004913403652608395 -0.004749451763927937 -0.0105291698127985 
-0.00110554089769721 -0.002735270652920008 -0.008050000295042992 
-0.0008126642787829041 0.001850674510933459 -0.01034535560756922 
-0.007571129128336906 0.009670156054198742 -0.003672943683341146 
0.007492691278457642 0.03360459953546524 -0.004394100978970528 
-0.005615450441837311 0.007042669225484133 -0.01278261374682188 
0.004127399995923042 -0.0006637984188273549 -0.001579079078510404 
-0.004163775593042374 0.0232735350728035 -0.002220697700977325 
0.00843217596411705 0.02562279440462589 -0.002252988517284393 
-0.003953132778406143 0.02244425192475319 -0.009801377542316914 
0.0059404824860394 0.02385633252561092 -0.00221563340164721 
0.003716103034093976 0.01123579032719135 -0.001890589483082294 
0.0009921565651893616 0.001544929458759725 -0.0103569608181715 
0.007806885521858931 0.02568343468010426 -0.001371497754007578 
0.006228487938642502 0.02532023005187511 0.0002686697989702225 
0.006298033986240625 0.0006404364248737693 -0.005851440597325563 
0.003131971228867769 0.02455465868115425 -0.01304461155086756 
-0.00465096440166235 0.01552955061197281 -0.002019488718360662 
0.002862942405045033 0.0002387386048212647 -0.001605181023478508 
0.004393669776618481 -0.007464409805834293 -0.01059901155531406 
0.005662043113261461 0.005999945104122162 0.0002048315946012735 
0.006198844872415066 -0.007643550168722868 -0.007525630760937929 
0.0004544505500234663 0.011838398873806 0.0009344997233711183 
0.0009093822445720434 -0.001183575950562954 -0.00549621693789959 
-0.009689919650554657 0.00802387110888958 -0.002910626819357276 
0.003281581215560436 0.00809784047305584 -0.001809533219784498 
0.001405382063239813 0.004055649973452091 -0.001707761897705495 
-4.905551031697541e-05 0.01673180237412453 0.0009329335298389196 
0.00559669267386198 0.003251185640692711 0.0002030566975008696 
-0.007425519172102213 -0.005882089026272297 0.0001609079336049035 
-0.003864413825795054 0.03342743590474129 -0.01176371891051531 
0.004268371034413576 0.01109357550740242 0.000267535971943289 
-0.007783173583447933 0.001448840601369739 -0.01210690569132566 
0.008562454953789711 -0.00629351194947958 -0.009476576000452042 
0.005183700937777758 0.007646473590284586 -0.0123291639611125 
-0.001487873611040413 -0.001030953018926084 -0.008050000295042992 
0.007437366060912609 0.01345300488173962 -0.009698974899947643 
0.0004407005617395043 0.02067326195538044 -0.002143565565347672 
-0.004941651597619057 0.03422949835658073 -0.01184691302478313 
0.007587241008877754 -0.004107487387955189 -0.007715059444308281 
0.002429391024634242 0.02877725847065449 -0.002351160394027829 
-0.005304248537868261 0.02049107849597931 -0.00500648794695735 
0.008443728089332581 -0.001609805389307439 -0.006773636676371098 
0.004546821117401123 -0.001745593152008951 -0.0121633829548955 
0.004202522803097963 0.01874076575040817 -0.009914440102875233 
-0.004473822191357613 0.02960331924259663 -0.002400000113993883 
0.003022755030542612 0.01423102617263794 0.0003228794084861875 
0.004700488410890102 -0.007475764490664005 -0.01059992332011461 
0.006908103823661804 0.03318857401609421 -0.005952339619398117 
0.007973739877343178 -0.004903543740510941 -0.004752636421471834 
0.008655686862766743 0.03279943764209747 -0.003816511947661638 
0.002513334155082703 0.03100589290261269 0.0004281126603018492 
0.007858447730541229 0.01794084534049034 -0.001190842129290104 
0.006368472240865231 0.006273274309933186 -0.0120004853233695 
-0.0004822271584998816 0.0120630320161581 -0.01297600939869881 
0.008120061829686165 0.02127939276397228 -0.001523683429695666 
0.004631481599062681 -0.007078438531607389 0.0001295031688641757 
-0.003526449669152498 -0.007136344909667969 0.001038017217069864 
-0.009950077161192894 0.005602694116532803 -0.004422856029123068 
0.006577065214514732 0.02448651194572449 -0.009750762954354286 
-0.00185455335304141 0.0008209130028262734 -0.0126460874453187 
0.0008565874304622412 -0.003972399979829788 -0.007050000596791506 
-0.0004865795199293643 -0.005130382254719734 -0.01052827667444944 
0.008095480501651764 -0.00159973674453795 -0.004152415320277214 
-0.00378324300982058 0.02547964081168175 -0.01092640776187181 
-0.007108635269105434 -0.004882247187197208 0.0006685262196697295 
0.001626891549676657 0.001479645725339651 0.0006975744618102908 
-0.002738592913374305 -0.008355508558452129 -0.01302242279052734 
-0.00214697839692235 -0.002066939137876034 -0.01044496148824692 
0.005003240890800953 0.02619380131363869 -0.01269801706075668 
0.009981429204344749 0.002619434148073196 -0.009817064739763737 
0.005545563064515591 0.0005996738909743726 -5.813750613015145e-05 
-0.0008355822064913809 0.002049923874437809 -0.003949999809265137 
0.005775043275207281 -0.0002415644557913765 -0.007050000131130219 
0.007676778361201286 0.01038216706365347 -0.008811631239950657 
-0.008364154025912285 0.01635648868978024 -0.006238590925931931 
0.003931641578674316 0.007943281903862953 -0.001804193132556975 
0.009135433472692966 0.02849884890019894 -0.006153719034045935 
-0.008152568712830544 0.001873112516477704 -0.01033003721386194 
-0.006790454965084791 -0.005361408460885286 -0.01276193745434284 
0.0009187603718601167 0.0276743657886982 -0.009674602188169956 
0.006008398253470659 -0.008267879486083984 -0.009134233929216862 
-0.0005023519624955952 0.01991498097777367 -0.009874339215457439 
-0.005977064371109009 0.03171446546912193 -0.001913333311676979 
0.007254916708916426 0.01579188741743565 -0.006951284594833851 
0.0004505054384935647 0.01758863776922226 -0.009936990216374397 
-0.001005103345960379 0.008975636214017868 -0.01305203419178724 
-0.000797421729657799 -0.001212126342579722 -0.006142254918813705 
-0.004796650260686874 0.01569782011210918 -0.01228842418640852 
0.004263558425009251 0.01669954881072044 -0.009967856109142303 
0.0003181449719704688 0.00146276003215462 -0.007397239562124014 
0.007865481078624725 0.00796122569590807 -0.006692854221910238 
-0.00496963132172823 0.02598343789577484 -0.008523703552782536 
-0.003927160054445267 0.03526756167411804 -0.01052200235426426 
0.001450425945222378 -0.0001216584205394611 -0.01143627986311913 
-0.005640888120979071 0.03354249522089958 -0.01056325994431973 
0.001348686986602843 -0.005708683282136917 -0.007050000131130219 
-0.001261795405298471 0.01615675166249275 -0.01292324997484684 
0.003405922092497349 0.01283908635377884 0.0004246345488354564 
-0.002878373954445124 0.03345540165901184 -0.01047415472567081 
0.001398156047798693 -0.0008599478751420975 -0.003949999809265137 
0.01007871143519878 -0.003420839551836252 -0.003243136685341597 
-0.001547670923173428 0.01005269680172205 0.001025452744215727 
-0.0001470693096052855 0.007658823858946562 -0.01304413564503193 
-0.005975102540105581 0.03220184147357941 -0.002400000113993883 
0.007049024105072021 0.001777528086677194 -0.006331048905849457 
0.01010719873011112 0.01138086803257465 -0.004596528597176075 
0.007601620629429817 0.01134501118212938 -0.006038262974470854 
0.007925419136881828 0.01848884299397469 -0.01074683200567961 
0.002454619621858001 0.004116500727832317 -0.001707244664430618 
-0.003411420853808522 -0.003543177153915167 -0.01303082704544067 
0.001264334190636873 0.0162972416728735 -0.01288971491158009 
-0.001272131106816232 0.01457892917096615 -0.01292914152145386 
0.007767179049551487 0.01933477446436882 -0.001127362949773669 
0.01061484403908253 0.003658424131572247 -0.003529783105477691 
-0.005680765490978956 -0.0007066631224006414 -0.001597685972228646 
0.009428192861378193 -0.002417725278064609 -0.001888487255200744 
0.002128943568095565 0.03188114240765572 -0.01236043591052294 
-0.006857123225927353 0.01304794475436211 -0.007039099000394344 
0.002370173344388604 0.003325365716591477 -0.01269694417715073 
0.0006629967829212546 -0.002162093296647072 -0.008050000295042992 
0.002943010535091162 0.002231088932603598 -0.01034296117722988 
0.0002013683551922441 0.007454570382833481 -0.01020107977092266 
0.0008033239282667637 0.02739953435957432 -0.002318453043699265 
0.006484840530902147 0.02566851861774921 -0.007647228427231312 
-0.007829122245311737 0.008476739749312401 -0.009545380249619484 
0.00349865248426795 5.54847065359354e-06 -0.01238186657428741 
-0.007123904302716255 -0.003850449807941914 -0.01263597421348095 
-0.007330256514251232 0.0108132679015398 -0.007998223416507244 
0.009505186229944229 0.02265326492488384 -0.005682847462594509 
0.00895004253834486 0.02630333974957466 -0.008433305658400059 
-0.005938313435763121 0.01406295038759708 -0.001983781112357974 
-0.004886656533926725 0.006896934472024441 0.0009236133191734552 
-0.006406913511455059 0.01519158110022545 -0.005363678559660912 
-0.006854641251266003 0.0120334317907691 -0.01178852934390306 
-0.005642646923661232 0.03049606643617153 -0.002146373502910137 
0.009281404316425323 0.007083839736878872 -0.009790908545255661 
-0.00240413611754775 0.01967721618711948 -0.009876729920506477 
0.005727543495595455 0.002603372093290091 -0.009682796895503998 
0.005883775185793638 0.01931631937623024 -0.009902787394821644 
0.0008207667851820588 0.00122813752386719 -0.007799025624990463 
-0.004769190214574337 0.01738390512764454 -0.01207820791751146 
0.005931789986789227 0.01874586939811707 -0.009917777962982655 
0.001092028920538723 0.01303646620362997 -0.01005712989717722 
0.008548074401915073 0.01912624575197697 -0.00194013339933008 
-0.002360224258154631 0.03444014489650726 -0.002400000113993883 
0.001114897429943085 -0.001221168553456664 -0.01200000010430813 
0.003751314477995038 0.005263186991214752 -0.001734580611810088 
0.005996841471642256 0.03192701563239098 -0.004800912458449602 
-0.001277799485251307 0.0213254801928997 0.000892750802449882 
0.005686071701347828 0.02967952191829681 -0.01224348787218332 
-0.003156325779855251 0.01212336495518684 -0.001927557052113116 
-0.002308221068233252 0.01099870726466179 -0.01300079934298992 
-0.005343559663742781 0.009381480515003204 -0.01013964042067528 
-0.000222555041546002 0.005192471202462912 -0.01308710314333439 
-0.002202558796852827 0.008421914651989937 -0.001829001936130226 
0.006306442432105541 -0.0008493181085214019 -0.008050000295042992 
0.003587370039895177 0.01858875714242458 -0.009917173534631729 
-0.003903442760929465 0.01838791742920876 0.0003209195856470615 
0.00171266554389149 -0.003735440317541361 -0.0126355467364192 
0.007623425219208002 0.01106583327054977 -0.007246884517371655 
0.001792587339878082 -0.002308845054358244 -0.01045918557792902 
-0.0009569007670506835 -0.002642560284584761 -0.0129757123067975 
-0.008723094128072262 0.01436449401080608 -0.007611867040395737 
0.002252392936497927 0.002315320773050189 -0.007435290142893791 
0.005479218438267708 0.01520517095923424 -0.01202397793531418 
-0.002548892982304096 0.0126504935324192 0.0009226811234839261 
-0.001168898423202336 -0.006702780723571777 0.0009613188449293375 
0.006851801648736 0.003824673127382994 -0.01030920073390007 
-0.005876027978956699 0.03122986853122711 -0.001941037364304066 
0.006126198917627335 0.01786293834447861 -0.01187637075781822 
-0.008462380617856979 0.01071823015809059 -0.001379302004352212 
0.007078179158270359 0.0180586576461792 -0.005013002548366785 
0.004900150001049042 0.03165147081017494 -0.0001400672044837847 
-0.0006754074711352587 0.0229345764964819 -0.002204846125096083 
0.009887197054922581 0.01254313345998526 -0.003818102646619081 
-0.0007138320943340659 0.001299995929002762 -0.01069685816764832 
0.0006399721605703235 0.001348799443803728 -0.01066497433930635 
-0.008237816393375397 0.003239030484110117 -0.001705796108581126 
0.004725314676761627 0.02569454908370972 0.0007937207701615989 
0.003210923634469509 -0.002677601529285312 -0.001528340508230031 
0.003574045840650797 -0.008281203918159008 -0.003949999809265137 
0.005986235104501247 0.01063965912908316 -0.01012953091412783 
0.009258465841412544 0.00802947860211134 -0.009760776534676552 
-0.001858360134065151 0.01736000366508961 -0.01286525838077068 
0.008239123970270157 0.003169933333992958 -0.003409598954021931 
-0.002803765702992678 0.01928167231380939 0.0006047862698324025 
-0.002629414666444063 0.01533145178109407 -0.009989741258323193 
-0.006064075045287609 0.01685348898172379 -0.007143992930650711 
-0.006261585745960474 0.008764538913965225 -0.01015390548855066 
0.007467807270586491 0.01306271739304066 -0.00309287803247571 
0.001233176793903112 -0.0007988721481524408 -0.004372501280158758 
-0.001089925179257989 0.01225636806339025 -0.01297600474208593 
3 733 3707 1962 
3 64 3321 625 
3 1500 3222 830 
3 1010 141 1233 
3 141 1010 3900 
3 208 306 1329 
3 2528 3415 31 
3 2132 5 3508 
3 141 2795 1233 
3 2132 2795 2301 
3 3707 1373 1962 
3 1373 685 2493 
3 1373 2030 1962 
3 2030 1373 2493 
3 685 2042 1300 
3 1373 2042 685 
3 1045 2740 1346 
3 943 1045 1346 
3 425 851 2576 
3 1558 625 1346 
3 3120 1558 1346 
3 1558 3120 625 
3 2740 1937 1346 
3 1937 3120 1346 
3 3120 1937 2740 
3 425 935 2740 
3 935 3120 2740 
3 3120 935 425 
3 2968 1636 735 
3 3429 1636 1346 
3 2968 3367 855 
3 3367 2968 735 
3 3367 3325 855 
3 1090 3321 64 
3 3120 3153 625 
3 3153 64 625 
3 3886 2910 3429 
3 2910 3886 87 
3 2910 730 3429 
3 730 1636 3429 
3 3367 730 3325 
3 730 3151 3325 
3 730 3367 735 
3 250 3321 1346 
3 3321 250 625 
3 3321 223 1346 
3 3902 1500 830 
3 3902 3233 1500 
3 3325 3643 855 
3 3643 2934 855 
3 2013 2866 1147 
3 3874 2051 2866 
3 3874 2528 2051 
3 2013 3874 2866 
3 3874 2013 2934 
3 3415 3874 1778 
3 2528 3874 3415 
3 2866 2232 1147 
3 3485 2910 87 
3 1090 3485 87 
3 1889 390 2338 
3 2319 3696 3762 
3 3696 2319 1982 
3 2319 3341 1982 
3 153 2528 31 
3 2528 1860 2051 
3 2746 3115 3908 
3 5 1249 3508 
3 1689 2132 2301 
3 1689 5 2132 
3 2795 1223 2301 
3 3669 1010 1233 
3 1010 3669 3900 
3 3669 2943 3900 
3 2943 3669 3222 
3 1456 3459 3508 
3 2342 1456 3567 
3 1456 2342 3459 
3 1316 685 1300 
3 522 1316 1300 
3 1316 522 2690 
3 3114 3089 2001 
3 1865 3114 2001 
3 3114 1865 2030 
3 215 2030 2493 
3 733 923 3707 
3 923 2279 3707 
3 923 3865 2279 
3 3865 923 2576 
3 685 668 2493 
3 3706 668 685 
3 668 215 2493 
3 109 1638 3222 
3 1638 109 1300 
3 2042 1638 1300 
3 1638 216 3222 
3 216 1638 2042 
3 1858 2042 2624 
3 2042 1061 2624 
3 1045 2687 2740 
3 2687 425 2740 
3 2687 943 1225 
3 2687 1045 943 
3 1772 964 2968 
3 1636 243 1346 
3 2777 733 1962 
3 2777 2753 1090 
3 3349 3120 425 
3 3349 3153 3120 
3 3349 425 2576 
3 923 3349 2576 
3 3153 3349 733 
3 3349 923 733 
3 3444 3153 733 
3 3153 3444 64 
3 2777 3444 733 
3 3444 1090 64 
3 3444 2777 1090 
3 87 2180 3429 
3 2180 3886 3429 
3 3886 2180 87 
3 1636 2924 735 
3 2924 730 735 
3 730 2924 1636 
3 625 1890 1346 
3 1890 250 1346 
3 250 1890 625 
3 3572 3429 1346 
3 223 3572 1346 
3 2864 223 3321 
3 2864 1090 87 
3 1090 2864 3321 
3 2864 3572 223 
3 3458 1894 1147 
3 3458 1860 656 
3 2051 3458 1147 
3 1860 3458 2051 
3 2013 2931 2934 
3 2931 2013 1147 
3 1500 2318 3222 
3 2318 2943 3222 
3 3874 826 1778 
3 826 3874 2934 
3 826 3643 1778 
3 3643 826 2934 
3 2051 2197 2866 
3 2197 2232 2866 
3 2197 2051 1147 
3 2232 2197 1147 
3 3089 1518 2001 
3 2369 306 208 
3 306 3625 1329 
3 3625 3407 1329 
3 3407 3625 306 
3 1689 2972 5 
3 3209 3407 306 
3 2936 3209 306 
3 2972 3209 5 
3 390 253 2338 
3 3696 2961 3762 
3 2925 2961 3696 
3 2961 2925 2797 
3 2925 2811 2797 
3 2105 2319 3762 
3 2105 1889 2338 
3 3212 2323 1539 
3 3212 1618 1031 
3 1618 3212 1539 
3 3415 3210 31 
3 153 3564 2678 
3 2323 3564 31 
3 3564 153 31 
3 1654 3259 2528 
3 3157 1654 2528 
3 3025 263 3840 
3 2961 263 3762 
3 2489 2838 2533 
3 2838 2489 3840 
3 1827 2838 1347 
3 1238 547 1031 
3 2872 1121 3863 
3 959 1959 547 
3 3710 2069 3908 
3 2069 3710 3529 
3 2069 2295 3908 
3 1361 3157 2678 
3 3564 1361 2678 
3 1361 3212 1031 
3 3212 1361 2323 
3 1361 3564 2323 
3 3157 472 1654 
3 1361 472 3157 
3 145 2936 2735 
3 3115 145 2735 
3 145 544 2936 
3 544 145 3115 
3 1249 1338 3508 
3 1338 1249 3567 
3 1338 1456 3508 
3 1456 1338 3567 
3 2082 1249 5 
3 1249 1599 3567 
3 1904 1599 1616 
3 2795 749 1233 
3 749 2795 2132 
3 749 2132 3508 
3 3620 3669 1233 
3 3620 109 3222 
3 3669 3620 3222 
3 3459 483 3508 
3 3620 483 109 
3 749 483 1233 
3 483 3620 1233 
3 2839 3575 1199 
3 1432 1788 3397 
3 2342 2291 3459 
3 2245 1432 3144 
3 3939 3706 685 
3 1316 3939 685 
3 3939 215 3706 
3 3114 2334 3089 
3 2334 3114 2030 
3 215 2334 2030 
3 215 3872 3706 
3 3872 668 3706 
3 668 3872 215 
3 3222 883 830 
3 883 216 830 
3 216 883 3222 
3 216 140 830 
3 3233 140 943 
3 140 3902 830 
3 140 3233 3902 
3 180 1858 3831 
3 1858 180 2042 
3 180 216 2042 
3 180 140 216 
3 943 3418 1225 
3 851 3418 2576 
3 3418 851 425 
3 3418 2687 1225 
3 2687 3418 425 
3 1507 1061 3707 
3 1061 1507 2624 
3 1858 1507 3707 
3 1507 1858 2624 
3 1649 2042 3707 
3 1061 1649 3707 
3 1649 1061 2042 
3 496 1373 3707 
3 2042 496 3707 
3 1748 496 2042 
3 3450 2042 1373 
3 3450 1748 2042 
3 496 3450 1373 
3 3450 496 1748 
3 1772 643 964 
3 243 3845 1346 
3 3845 964 141 
3 3233 3845 1500 
3 3845 141 3900 
3 3845 943 1346 
3 3845 3233 943 
3 3845 2318 1500 
3 2943 3845 3900 
3 2318 3845 2943 
3 2216 1636 2968 
3 2216 243 1636 
3 964 2216 2968 
3 3845 2216 964 
3 2216 3845 243 
3 2975 3485 1090 
3 2753 2975 1090 
3 3485 2975 1071 
3 2975 2753 1071 
3 2030 3836 1962 
3 2777 626 2753 
3 2753 626 1071 
3 1865 626 2030 
3 2184 2864 87 
3 2864 2184 3572 
3 2184 87 3429 
3 3572 2184 3429 
3 1702 1171 656 
3 1860 1702 656 
3 272 1702 17 
3 1702 272 1171 
3 1702 3259 17 
3 1702 1860 2528 
3 3259 1702 2528 
3 3458 2371 1894 
3 2934 146 855 
3 146 2931 855 
3 2931 146 2934 
3 2931 3714 855 
3 1894 3714 1147 
3 3714 2931 1147 
3 626 3684 1071 
3 3684 626 1865 
3 3684 3485 1071 
3 3684 161 3485 
3 3684 1865 2001 
3 3401 3684 2001 
3 161 3684 3401 
3 3485 3490 3401 
3 3490 161 3401 
3 161 3490 3485 
3 2455 3485 3401 
3 588 2455 3401 
3 3485 2455 2910 
3 2455 730 2910 
3 730 2455 3151 
3 2960 3401 2001 
3 2960 588 3401 
3 3026 1618 1539 
3 1618 3026 3089 
3 696 2369 208 
3 2936 1497 2735 
3 3242 1689 2301 
3 3242 2972 1689 
3 3242 3209 2972 
3 3209 3242 3407 
3 280 3242 2301 
3 3407 3242 280 
3 1131 3696 1982 
3 2601 280 2301 
3 2554 2601 2301 
3 1131 1180 1885 
3 253 269 2338 
3 269 253 390 
3 269 696 208 
3 696 269 390 
3 2578 2811 1812 
3 2323 2831 1539 
3 2831 3210 1539 
3 3210 2831 31 
3 209 1518 3089 
3 3026 209 3089 
3 314 272 17 
3 3157 649 2678 
3 649 3157 2528 
3 649 153 2678 
3 153 649 2528 
3 3115 45 3908 
3 1122 2657 3025 
3 1122 3025 3840 
3 2962 2838 3840 
3 263 2962 3840 
3 2962 314 2838 
3 2962 2961 2797 
3 2962 263 2961 
3 314 2962 272 
3 682 1827 1347 
3 989 682 1347 
3 1528 682 989 
3 682 1528 817 
3 547 3211 1031 
3 2433 3211 547 
3 3478 2872 3863 
3 3478 2433 547 
3 1959 3478 547 
3 3211 3478 1031 
3 3478 3211 2433 
3 1663 354 741 
3 354 1663 1121 
3 3986 551 1451 
3 624 354 1121 
3 697 551 2872 
3 959 697 2872 
3 551 697 1451 
3 697 959 1451 
3 2127 959 2872 
3 3478 2127 2872 
3 2127 3478 1959 
3 3169 3710 3908 
3 3732 2746 3908 
3 2295 3732 3908 
3 3732 2295 2746 
3 1663 2244 989 
3 2244 1528 989 
3 1528 2244 3529 
3 2244 2069 3529 
3 2244 1663 2069 
3 2082 804 2403 
3 804 2082 5 
3 1183 3921 2746 
3 996 3921 2403 
3 2082 3805 1249 
3 847 1599 1904 
3 483 3761 3508 
3 3761 749 3508 
3 3761 483 749 
3 109 2316 1300 
3 483 2316 109 
3 3980 670 3459 
3 1432 670 3144 
3 670 2449 3144 
3 2449 670 3980 
3 2449 2245 3144 
3 2449 3980 3459 
3 2291 2449 3459 
3 3225 2291 2342 
3 3225 2839 1199 
3 2839 3225 2342 
3 522 2558 2690 
3 2558 559 2690 
3 3421 2558 522 
3 1238 1998 547 
3 1998 959 547 
3 959 1998 1451 
3 1788 1389 3397 
3 3421 1389 1788 
3 3545 1389 522 
3 1389 3421 522 
3 1389 1432 3397 
3 1389 670 1432 
3 3461 3939 1316 
3 2334 2923 3089 
3 3939 2156 215 
3 2156 2334 215 
3 2334 2156 3939 
3 717 180 3831 
3 180 717 357 
3 1858 717 3831 
3 2279 717 3707 
3 717 1858 3707 
3 3865 717 2279 
3 717 3865 2576 
3 3418 717 2576 
3 717 3418 357 
3 3667 3418 943 
3 140 3667 943 
3 180 3667 140 
3 757 1772 2968 
3 757 2968 855 
3 643 3924 1022 
3 1207 626 2777 
3 1207 2777 1962 
3 3836 1207 1962 
3 1207 3836 2030 
3 626 1207 2030 
3 1171 3705 2946 
3 272 3705 1171 
3 3705 899 2946 
3 3384 3458 656 
3 3384 2371 3458 
3 1171 3384 656 
3 899 2397 2946 
3 2371 2397 899 
3 2397 1171 2946 
3 286 3415 1778 
3 286 2455 3415 
3 2455 286 3151 
3 3151 286 3325 
3 3643 286 1778 
3 286 3643 3325 
3 2455 1506 3415 
3 1506 2455 588 
3 2457 1497 2936 
3 2457 390 2735 
3 1497 2457 2735 
3 1131 1173 3696 
3 1173 1131 1885 
3 2507 398 1276 
3 2601 1167 643 
3 1167 2601 2554 
3 643 1167 964 
3 1167 2554 2301 
3 1223 1167 2301 
3 1167 2795 141 
3 1167 1223 2795 
3 964 1167 141 
3 2105 1510 2319 
3 3717 2323 31 
3 2831 3717 31 
3 3717 2831 2323 
3 3210 891 1539 
3 209 891 3210 
3 891 3026 1539 
3 891 209 3026 
3 453 209 3210 
3 209 453 1518 
3 1518 453 2001 
3 453 2960 2001 
3 2960 453 588 
3 453 1506 588 
3 2838 298 1347 
3 314 298 2838 
3 298 3259 1347 
3 3259 298 17 
3 298 314 17 
3 2657 752 3025 
3 1269 2105 3762 
3 2105 1269 1889 
3 2823 1528 3529 
3 3169 1046 3710 
3 2823 1046 2571 
3 3710 1046 3529 
3 1046 2823 3529 
3 3059 2962 2797 
3 2962 3059 272 
3 1110 3059 2797 
3 3059 1110 272 
3 2817 1663 989 
3 1663 2817 1121 
3 3478 2817 1031 
3 1121 2817 3863 
3 2817 3478 3863 
3 624 1473 451 
3 139 3575 3143 
3 451 139 3143 
3 312 451 741 
3 354 312 741 
3 312 624 451 
3 624 312 354 
3 1629 3421 1788 
3 3986 1629 1788 
3 1629 3986 1451 
3 3986 2416 551 
3 624 3383 551 
3 3383 1121 2872 
3 3383 624 1121 
3 3390 1959 959 
3 2127 3390 959 
3 3390 2127 1959 
3 3773 3115 2746 
3 325 3773 2746 
3 2351 3209 2936 
3 544 2351 2936 
3 1332 544 3115 
3 1332 804 544 
3 744 1183 2746 
3 1183 1844 1616 
3 1844 1005 1616 
3 3921 1870 2746 
3 1870 3921 996 
3 1870 325 2746 
3 325 1870 996 
3 738 1599 1249 
3 3805 738 1249 
3 1599 738 1616 
3 738 1183 1616 
3 738 3921 1183 
3 3297 2082 2403 
3 3297 3805 2082 
3 3297 738 3805 
3 3921 3297 2403 
3 738 3297 3921 
3 847 3437 2295 
3 2247 847 2295 
3 451 2404 741 
3 2247 2404 847 
3 2404 1663 741 
3 1663 2404 2069 
3 2404 2295 2069 
3 2404 2247 2295 
3 1354 451 3143 
3 1354 2404 451 
3 2404 1354 847 
3 847 1303 1599 
3 1599 1303 3567 
3 1354 1303 847 
3 1303 2342 3567 
3 1303 2839 2342 
3 2883 522 1300 
3 2316 2883 1300 
3 2883 3545 522 
3 2883 1389 3545 
3 1389 2883 670 
3 2245 457 1199 
3 2449 457 2245 
3 457 2449 2291 
3 457 3225 1199 
3 3225 457 2291 
3 136 1316 2690 
3 136 3461 1316 
3 559 136 2690 
3 3400 2923 2334 
3 3400 1253 3446 
3 2923 3400 3446 
3 3547 2923 3446 
3 3667 686 3418 
3 686 180 357 
3 3418 686 357 
3 267 2984 1772 
3 757 267 1772 
3 3457 2601 643 
3 1624 3457 643 
3 2578 23 2811 
3 23 3705 272 
3 1110 23 272 
3 2811 23 2797 
3 23 1110 2797 
3 2371 766 1894 
3 766 169 1894 
3 3823 3714 1894 
3 169 3823 1894 
3 3924 211 1022 
3 211 643 1772 
3 211 3924 643 
3 3384 762 2371 
3 762 2397 2371 
3 762 3384 1171 
3 2397 762 1171 
3 696 3672 2369 
3 3672 696 390 
3 2457 3672 390 
3 798 398 3696 
3 2811 1940 1812 
3 1940 2507 1812 
3 398 1940 3696 
3 1940 2925 3696 
3 1940 2811 2925 
3 1180 260 1885 
3 260 1430 3407 
3 260 3407 280 
3 3559 260 2601 
3 2507 2508 1812 
3 2508 2507 1276 
3 2319 2510 3341 
3 1510 2510 2319 
3 3341 2510 1982 
3 2510 1510 1180 
3 2510 1131 1982 
3 2510 1180 1131 
3 2056 1510 2105 
3 3589 2578 1812 
3 3705 1204 899 
3 1204 23 2578 
3 23 1204 3705 
3 1313 3210 3415 
3 1313 453 3210 
3 1506 1313 3415 
3 453 1313 1506 
3 1269 3284 2686 
3 752 3284 3025 
3 3284 263 3025 
3 263 3284 3762 
3 3284 1269 3762 
3 869 1230 45 
3 869 45 3115 
3 2739 1230 2686 
3 3284 2739 2686 
3 2739 3284 752 
3 45 2739 3908 
3 1230 2739 45 
3 2838 1002 2533 
3 1834 1046 2657 
3 1046 1834 2571 
3 1122 1834 2657 
3 1002 1834 2533 
3 1834 1002 2571 
3 1834 2489 2533 
3 2489 1834 3840 
3 1834 1122 3840 
3 3755 3169 2657 
3 1046 3755 2657 
3 3755 1046 3169 
3 2817 2048 1031 
3 2048 2817 989 
3 2048 1361 1031 
3 2048 472 1361 
3 2048 989 1347 
3 3259 2048 1347 
3 2048 3259 1654 
3 472 2048 1654 
3 1473 283 451 
3 139 283 3821 
3 283 139 451 
3 3466 1473 624 
3 3466 283 1473 
3 137 139 3821 
3 139 137 3575 
3 1987 2558 3421 
3 1629 1987 3421 
3 1987 1629 1451 
3 1998 1987 1451 
3 2558 1987 559 
3 1987 1998 559 
3 799 624 551 
3 2416 799 551 
3 799 2416 3821 
3 799 3466 624 
3 283 799 3821 
3 3466 799 283 
3 2466 137 3821 
3 137 2466 3575 
3 3575 2466 1199 
3 2466 2245 1199 
3 2466 1396 2245 
3 2416 1396 3821 
3 1396 2466 3821 
3 3786 3986 1788 
3 3786 2416 3986 
3 3786 1396 2416 
3 1396 3786 2245 
3 1432 3786 1788 
3 2245 3786 1432 
3 551 68 2872 
3 68 3383 2872 
3 3383 68 551 
3 804 1988 544 
3 1988 2351 544 
3 1988 804 5 
3 3209 1988 5 
3 2351 1988 3209 
3 3773 3168 3115 
3 3168 1332 3115 
3 804 461 2403 
3 1332 461 804 
3 461 996 2403 
3 461 325 996 
3 461 3773 325 
3 461 3168 3773 
3 3168 461 1332 
3 2004 1005 1183 
3 744 2004 1183 
3 1005 2004 2746 
3 2004 744 2746 
3 1005 123 1183 
3 123 1844 1183 
3 1844 123 1005 
3 1005 1661 1616 
3 1661 1904 1616 
3 1661 1005 2746 
3 1661 847 1904 
3 1661 3437 847 
3 2295 1661 2746 
3 3437 1661 2295 
3 3703 1354 3143 
3 3703 1303 1354 
3 1303 3703 2839 
3 3575 3703 3143 
3 2839 3703 3575 
3 2138 2316 483 
3 2138 2883 2316 
3 2883 2138 670 
3 2138 483 3459 
3 3047 2138 3459 
3 670 443 3459 
3 443 3047 3459 
3 2138 443 670 
3 443 2138 3047 
3 3461 1406 3939 
3 1406 2334 3939 
3 1406 3400 2334 
3 1253 1144 559 
3 3400 1144 1253 
3 1253 3864 3446 
3 3864 3547 3446 
3 3547 3864 1253 
3 1618 3392 1031 
3 3392 1618 3089 
3 3392 3547 1253 
3 2923 3392 3089 
3 3547 3392 2923 
3 600 1238 1031 
3 3392 600 1031 
3 600 1998 1238 
3 600 3392 1253 
3 1998 600 559 
3 600 1253 559 
3 3911 3667 180 
3 686 3911 180 
3 3911 686 3667 
3 1204 1706 899 
3 1706 1204 202 
3 2985 267 757 
3 2985 757 855 
3 2985 3388 267 
3 267 3388 2984 
3 2984 3388 1772 
3 3388 211 1772 
3 3672 1083 2369 
3 1083 3672 2457 
3 1083 2457 2936 
3 1083 2936 306 
3 2369 1083 306 
3 398 3054 1276 
3 798 3054 398 
3 265 1173 1885 
3 1173 265 3696 
3 265 798 3696 
3 2507 552 398 
3 552 1940 398 
3 1940 552 2507 
3 3054 2810 1276 
3 2810 3054 798 
3 265 2810 798 
3 2810 265 1885 
3 1109 2888 3559 
3 2888 260 3559 
3 260 2888 1109 
3 2601 1454 280 
3 1454 260 280 
3 260 1454 2601 
3 2058 2508 1276 
3 2810 2058 1276 
3 2058 1109 3559 
3 2058 2810 1109 
3 2056 3419 208 
3 3419 269 208 
3 2575 2105 2338 
3 2575 2056 2105 
3 2575 3419 2056 
3 269 2575 2338 
3 3419 2575 269 
3 1510 3661 1180 
3 2056 3661 1510 
3 260 3661 1430 
3 3661 260 1180 
3 366 3589 202 
3 1204 366 202 
3 3589 366 2578 
3 366 1204 2578 
3 3169 3753 2657 
3 3753 752 2657 
3 3753 2739 752 
3 3753 3169 3908 
3 2739 3753 3908 
3 1230 1117 2686 
3 1067 1117 3115 
3 1117 869 3115 
3 869 1117 1230 
3 1269 1944 1889 
3 1944 1269 2686 
3 1944 1067 3115 
3 1117 1944 2686 
3 1944 1117 1067 
3 1944 3115 2735 
3 390 1944 2735 
3 1944 390 1889 
3 1002 3329 2823 
3 3329 682 817 
3 682 3329 1827 
3 1827 3329 2838 
3 3329 1002 2838 
3 1252 2823 2571 
3 1002 1252 2571 
3 1252 1002 2823 
3 1806 136 559 
3 1144 1806 559 
3 136 1806 3461 
3 1806 1406 3461 
3 1406 1806 3400 
3 1806 1144 3400 
3 3038 3823 169 
3 2985 3038 169 
3 3823 3038 3714 
3 903 2985 169 
3 3388 903 169 
3 903 3388 2985 
3 514 2810 1885 
3 2810 514 1109 
3 260 514 1885 
3 514 260 1109 
3 3661 3733 1430 
3 3733 3661 2056 
3 3407 3733 1329 
3 1430 3733 3407 
3 3733 208 1329 
3 3733 2056 208 
3 2462 3329 817 
3 3329 2462 2823 
3 1528 2462 817 
3 2823 2462 1528 
3 766 3493 169 
3 3493 1422 169 
3 3493 766 2371 
3 1422 3493 1706 
3 3493 2371 899 
3 1706 3493 899 
3 3515 3388 169 
3 3388 3515 211 
3 3515 3957 211 
3 2298 3589 1812 
3 3589 2298 202 
3 2508 2298 1812 
3 3957 228 211 
3 3038 2378 3714 
3 2378 3038 2985 
3 3714 2378 855 
3 2378 2985 855 
3 1422 1952 169 
3 1952 3515 169 
3 3515 1952 1422 
3 401 3515 1422 
3 3515 401 3957 
3 401 1422 1706 
3 2298 975 3957 
3 975 228 3957 
3 975 2298 2508 
3 228 975 3559 
3 975 2058 3559 
3 2058 975 2508 
3 211 197 1022 
3 228 197 211 
3 197 643 1022 
3 197 1624 643 
3 197 228 3559 
3 197 3457 1624 
3 197 3559 2601 
3 3457 197 2601 
3 1060 2298 3957 
3 401 1060 3957 
3 2298 1060 202 
3 3876 401 1706 
3 3876 1060 401 
3 3876 1706 202 
3 1060 3876 202 
Vertices and facets:
- p733(v52): -0.0092 -0.0024 -0.0011
- p3707(v26): -0.0093 -0.0016 -0.00068
- p1962(v12): -0.0078 -0.0053 0.0003
- p3321(v62): -0.0078 -0.0027 -0.012
- p64(v60): -0.0087 -0.0039 -0.012
- p625(v14): -0.009 -0.00089 -0.011
- p1500(v66): -0.0055 0.034 -0.011
- p3222(v46): -0.0051 0.034 -0.0017
- p830(v33): -0.0056 0.034 -0.01
- p1010(v68): -0.0038 0.035 -0.011
- p141(v35): -0.0035 0.035 -0.012
- p1233(v3): -0.0027 0.036 -0.0021
- p3900(v16): -0.0039 0.035 -0.011
- p306(v74): 0.0093  0.03 -0.0079
- p208(v73): 0.011 0.0041 -0.0081
- p1329(v38): 0.0091  0.03 -0.0086
- p2528(v79): 0.00083 -0.0094 -0.013
- p3415(v72): -0.0039 -0.0086 -0.013
- p31(v37): -0.0012 -0.0094 -0.013
- p5(v88): 0.0091 0.033 -0.0045
- p2132(v43): 0.0085 0.034 -0.007
- p3508(v23): 0.0083 0.034 -0.0032
- p2795(v90): -0.0019 0.036 -0.011
- p2301(v8): 0.0086 0.034 -0.0079
- p1373(v96): -0.0082 -0.0037 0.00022
- p685(v51): -0.0053 0.033 5.2e-11
- p2493(v48): -0.0075 -0.0044 0.00056
- p2030(v97): -0.0073 -0.006 0.00058
- p2042(v101): -0.0056 0.033 -0.00021
- p1300(v24): -0.005 0.034 5.2e-11
- p1045(v102): -0.0097 0.0088 -0.0087
- p2740(v27): -0.0095 0.0073 -0.0098
- p1346(v7): -0.0057 0.033 -0.012
- p943(v65): -0.0058 0.033 -0.011
- p851(v103): -0.01 0.0057 -0.0074
- p425(v54): -0.0099 0.0053 -0.0086
- p2576(v1): -0.01 0.0058 -0.0059
- p1558(v104): -0.009 -0.00022 -0.011
- p3120(v55): -0.0092 0.00046 -0.011
- p1937(v105): -0.0093 0.0079 -0.01
- p935(v106): -0.0096 0.0055 -0.0095
- p1636(v108): -0.00026 0.026 -0.013
- p2968(v58): 0.00044 0.027 -0.013
- p735(v30): -0.00015 0.023 -0.013
- p3429(v15): -0.0054 0.0065 -0.013
- p3367(v109): 0.00012 0.023 -0.013
- p855(v4): 0.00082 0.022 -0.013
- p3325(v29): -0.0033 0.0059 -0.013
- p1090(v110): -0.0081 -0.0049 -0.012
- p3153(v111): -0.0091 -0.0028 -0.011
- p3886(v113): -0.0068 -0.0054 -0.013
- p2910(v61): -0.0061 -0.0067 -0.013
- p87(v31): -0.0071 -0.006 -0.013
- p730(v114): -0.0044 0.0061 -0.013
- p3151(v112): -0.0049 -0.0069 -0.013
- p250(v115): -0.0079 -0.0014 -0.012
- p223(v116): -0.0067 0.0069 -0.012
- p3902(v120): -0.0056 0.034 -0.011
- p3233(v121): -0.0057 0.033 -0.011
- p3643(v122): -0.0023 0.0055 -0.013
- p2934(v70): -0.0009 0.005 -0.013
- p2013(v123): 0.00012 0.0045 -0.013
- p2866(v69): -0.0018 -0.0077 -0.013
- p1147(v36): 0.00047 0.0047 -0.013
- p3874(v124): -0.0027 -0.0084 -0.013
- p2051(v71): 0.0003 -0.009 -0.013
- p1778(v5): -0.0038 -0.0082 -0.013
- p2232(v126): -0.00097 -0.0068 -0.013
- p3485(v129): -0.0068 -0.0065 -0.013
- p390(v134): 0.011 0.0004 -0.0077
- p1889(v133):  0.01 -0.0025 -0.0083
- p2338(v76): 0.011 0.00016 -0.0085
- p2319(v138): 0.011 0.00037 -0.009
- p3696(v77): 0.0098 0.00074 -0.01
- p3762(v39): 0.0095 -0.0038 -0.01
- p1982(v19):  0.01 0.0018 -0.0098
- p3341(v137):  0.01 0.0012 -0.0094
- p153(v142): -0.00018 -0.0095 -0.012
- p1860(v144): 0.0016 -0.0092 -0.013
- p3115(v153): 0.011 -0.00045 -0.0048
- p2746(v87): 0.011 -0.00026 -0.0035
- p3908(v42):  0.01 -0.0034 -0.0032
- p1249(v155): 0.0088 0.032 -0.0029
- p1689(v156): 0.0088 0.034 -0.0064
- p1223(v157): -0.00096 0.035 -0.011
- p3669(v160): -0.0036 0.035 -0.0021
- p2943(v119): -0.0045 0.035 -0.0097
- p1456(v161): 0.0077 0.033 -0.0018
- p3459(v92): 0.0065 0.033 -0.00088
- p2342(v163): 0.0072 0.031 -0.00076
- p3567(v44): 0.0081 0.032 -0.0016
- p1316(v167): -0.00032 0.026 0.00097
- p522(v166): 0.0021 0.028 0.001
- p2690(v94): 0.00079 0.025 0.0011
- p3114(v169): -0.006 -0.0073 0.00024
- p3089(v49): -0.0055 -0.0077 0.00094
- p2001(v25): -0.0059 -0.0075 -0.0011
- p1865(v170): -0.0067 -0.0068 -0.00095
- p215(v171): -0.0068 -0.006 0.00077
- p923(v173): -0.0094 -0.0005 -0.0016
- p2279(v98): -0.0099 0.0052 -0.0037
- p3865(v172): -0.01 0.0056 -0.0044
- p668(v174): -0.0074 -0.0043 0.00058
- p3706(v100): -0.006 0.007 0.0007
- p1638(v175): -0.0051 0.034 -0.00021
- p109(v91): -0.0038 0.035 -0.00014
- p216(v176): -0.0055 0.034 -0.0016
- p1858(v177): -0.0097 0.0071 -0.0025
- p2624(v99): -0.0093 0.0081 -0.002
- p1061(v179): -0.0087 0.0078 -0.0011
- p2687(v181): -0.0098 0.0085 -0.0085
- p1225(v53): -0.0098 0.0085 -0.0083
- p1772(v182): 0.00052 0.033 -0.012
- p964(v107): -0.0037 0.035 -0.012
- p243(v183): -0.00035 0.026 -0.013
- p2777(v185): -0.0079 -0.0053 -0.001
- p2753(v184): -0.0077 -0.0057 -0.011
- p3349(v186): -0.0093 -0.002 -0.01
- p3444(v187): -0.0089 -0.0036 -0.01
- p2180(v188): -0.0068 -0.0053 -0.013
- p2924(v189): -0.00033 0.025 -0.013
- p1890(v190): -0.0082 0.0013 -0.012
- p3572(v192): -0.0058 0.0069 -0.013
- p2864(v193): -0.0075 -0.004 -0.013
- p3458(v195): 0.002 0.0043 -0.013
- p1894(v118): 0.0033 0.023 -0.013
- p656(v18): 0.0025 -0.0089 -0.012
- p2931(v197): 0.0027 0.023 -0.013
- p2318(v199): -0.0052 0.034 -0.01
- p826(v200): -0.0034 -0.0082 -0.013
- p2197(v201): -0.00011 -0.0084 -0.013
- p1518(v205): -0.0041 -0.0086 -0.0014
- p2369(v206): 0.011 0.0038 -0.0076
- p3625(v207): 0.0091 0.031 -0.0084
- p3407(v131): 0.0089 0.032 -0.0088
- p2972(v208): 0.0087 0.034 -0.0071
- p3209(v209): 0.0094  0.03 -0.0066
- p2936(v130): 0.011 0.0046 -0.0061
- p253(v212): 0.011 0.0015 -0.008
- p2961(v213): 0.0091 -0.0043 -0.01
- p2925(v135): 0.0089 -0.0037 -0.011
- p2797(v9): 0.0082 -0.0046 -0.011
- p2811(v214): 0.0082 0.0016 -0.011
- p2105(v215): 0.011 0.00011 -0.0088
- p3212(v216): -0.002 -0.0093 -0.00066
- p2323(v139): -0.0013 -0.0094 -0.011
- p1539(v128): -0.0026 -0.0092 -0.0012
- p1618(v204): -0.0023 -0.0092 0.00095
- p1031(v6): -0.0017 -0.0093 0.00097
- p3210(v217): -0.0029 -0.009 -0.012
- p3564(v218): -0.00072 -0.0095 -0.011
- p2678(v78): -4e-06 -0.0095 -0.011
- p3259(v219): 0.0055 -0.009 -0.011
- p1654(v143): 0.0044 -0.0092 -0.011
- p3157(v220): 0.0011 -0.0094 -0.012
- p263(v223): 0.009 -0.0051 -0.01
- p3025(v145): 0.0091 -0.0056 -0.0092
- p3840(v82): 0.0086 -0.0063 -0.0095
- p2489(v224): 0.0085 -0.0064 -0.0092
- p2838(v146): 0.0077 -0.0072 -0.0099
- p2533(v20): 0.0084 -0.0067 -0.0078
- p1827(v225): 0.0065 -0.0084 -0.0097
- p1347(v40): 0.0058 -0.0089 -0.011
- p1238(v226): 0.0013 0.0045 0.00097
- p547(v147): 0.002 0.0038 0.00088
- p1121(v228): 0.0061 -0.0065 -0.00019
- p2872(v148): 0.0055 0.0027 0.00022
- p3863(v83): 0.0046 -0.0071 0.00013
- p1959(v232): 0.0024 0.0037 0.00081
- p959(v231): 0.004 0.022 0.00095
- p3710(v234): 0.0091 -0.0055 -0.0024
- p2069(v150): 0.0092 -0.0045 -0.0017
- p3529(v85): 0.0085 -0.0061 -0.002
- p2295(v235): 0.0095 -0.0037 -0.002
- p1361(v238): 0.00015 -0.0095 -0.00088
- p472(v239): 0.0044 -0.0092 -0.0012
- p145(v240): 0.011 0.0023 -0.006
- p2735(v2): 0.011 0.00045 -0.0062
- p544(v242): 0.011 0.0045 -0.0059
- p1338(v245): 0.0086 0.032 -0.0027
- p2082(v246): 0.0089 0.031 -0.0032
- p1599(v247): 0.0084  0.03 -0.0018
- p1904(v244): 0.0099 0.0027 -0.002
- p1616(v154):  0.01 0.0049 -0.0024
- p749(v248): -0.002 0.036 -0.0018
- p3620(v249): -0.0036 0.035 -0.0012
- p483(v250): -0.0021 0.035 -3.4e-05
- p2839(v251): 0.0073 0.029 -0.00059
- p3575(v233): 0.0069 0.027 -0.00016
- p1199(v11): 0.0068  0.03 -0.00033
- p1432(v252): 0.0049  0.03 0.00049
- p1788(v164): 0.0048 0.026 0.00077
- p3397(v93): 0.0043 0.029 0.00067
- p2291(v254): 0.0068 0.031 -0.00043
- p2245(v255): 0.0057 0.027 0.00043
- p3144(v165): 0.0054  0.03 0.00028
- p3939(v259): -0.0049 0.0069 0.00092
- p2334(v261): -0.0057 -0.0075 0.00093
- p3872(v262): -0.0071 -0.0049 0.00067
- p883(v263): -0.0052 0.034 -0.0019
- p140(v264): -0.0058 0.033 -0.01
- p180(v265): -0.0059 0.033 -0.00072
- p3831(v50): -0.0097 0.008 -0.0029
- p3418(v266): -0.01 0.0076 -0.0071
- p1507(v267): -0.0092 0.0017 -0.0011
- p1649(v268): -0.0085 0.0071 -0.00073
- p496(v269): -0.0092 -0.0015 -0.00063
- p1748(v180): -0.0087 -0.00092 -0.00031
- p3450(v270): -0.0083 -0.0022 5.1e-05
- p643(v272): 8.6e-05 0.034 -0.012
- p3845(v273): -0.0049 0.034 -0.012
- p2216(v274): -9.4e-05 0.026 -0.013
- p2975(v275): -0.0071 -0.0063 -0.012
- p1071(v56): -0.0071 -0.0063 -0.011
- p3836(v276): -0.0074 -0.0059 0.00016
- p626(v277): -0.0074 -0.0059 -0.00079
- p2184(v278): -0.0072 -0.0036 -0.013
- p1702(v280): 0.0039 -0.0088 -0.012
- p1171(v194): 0.0053 -0.0069 -0.012
- p272(v279): 0.0067 -0.0064 -0.012
- p17(v81): 0.0056 -0.0084 -0.012
- p2371(v281): 0.0043 0.023 -0.013
- p146(v282): 0.0022 0.022 -0.013
- p3714(v283): 0.0028 0.023 -0.013
- p3684(v284): -0.0069 -0.0066 -0.011
- p161(v202): -0.0067 -0.0067 -0.012
- p3401(v127): -0.0059 -0.0074 -0.012
- p3490(v285): -0.0067 -0.0067 -0.012
- p2455(v286): -0.0052 -0.0079 -0.013
- p588(v203): -0.0052 -0.0079 -0.013
- p2960(v287): -0.005 -0.0081 -0.011
- p3026(v288): -0.0029 -0.009 0.00017
- p696(v289): 0.011 0.0019 -0.0077
- p1497(v290): 0.011 0.003 -0.0064
- p3242(v291): 0.0086 0.034 -0.0079
- p280(v75): 0.0084 0.033 -0.0088
- p1131(v292): 0.0098 0.0045 -0.01
- p2601(v294): 0.0069 0.033 -0.011
- p2554(v132): 0.0075 0.034 -0.009
- p1180(v295): 0.0087  0.03 -0.0097
- p1885(v210): 0.0082 0.029 -0.01
- p269(v296): 0.011 0.0024 -0.008
- p2578(v298): 0.006 0.022 -0.012
- p1812(v136): 0.0064 0.027 -0.012
- p2831(v299): -0.0019 -0.0093 -0.012
- p209(v300): -0.0033 -0.0089 -0.00071
- p314(v301): 0.0065 -0.0077 -0.011
- p649(v302): 0.00013 -0.0095 -0.012
- p45(v303):  0.01 -0.0033 -0.0039
- p1122(v307): 0.009 -0.0058 -0.0073
- p2657(v222): 0.0093 -0.0054 -0.0059
- p2962(v308): 0.0085 -0.0055 -0.011
- p682(v309): 0.0065 -0.0085 -0.0093
- p989(v152): 0.0055 -0.0087 -0.00064
- p1528(v237): 0.0074 -0.0077 -0.0032
- p817(v151): 0.0076 -0.0076 -0.0049
- p3211(v310): 0.00011 -0.0086 0.00079
- p2433(v227): 0.0019 -0.0082 0.00055
- p3478(v311): 0.003 -0.0084 0.00039
- p354(v313): 0.0075 -0.0051 -0.00062
- p1663(v236): 0.0074 -0.0069 -0.0011
- p741(v21): 0.0085 -0.0047 -0.0011
- p3986(v314): 0.0047 0.026 0.00079
- p551(v230): 0.0052 0.022 0.00065
- p1451(v41): 0.0042 0.024 0.00094
- p624(v315): 0.0076 0.0013 -0.0004
- p697(v316): 0.0047 0.021 0.00074
- p2127(v317): 0.0052 0.0034 0.0003
- p3169(v318): 0.0094 -0.0052 -0.004
- p3732(v319): 0.0098 -0.0033 -0.0024
- p2244(v320): 0.0077 -0.0069 -0.0014
- p804(v323): 0.0093  0.03 -0.0046
- p2403(v22): 0.0091  0.03 -0.0034
- p3921(v325): 0.011 0.0037 -0.0035
- p1183(v243):  0.01 0.004 -0.0032
- p996(v241): 0.011 0.0021 -0.004
- p3805(v326): 0.0089 0.031 -0.0031
- p847(v327): 0.0098 0.0013 -0.0019
- p3761(v328): -0.00087 0.035 -0.0011
- p2316(v329): -0.0026 0.035 -1.7e-05
- p670(v331): 0.00037 0.034 0.00021
- p3980(v253): 0.0049 0.032 -0.00014
- p2449(v332): 0.0057  0.03 0.00013
- p3225(v333): 0.0069 0.031 -0.00044
- p2558(v334): 0.0025 0.027 0.001
- p559(v257): 0.0017 0.024 0.0011
- p3421(v258): 0.0038 0.027 0.00089
- p1998(v335): 0.0032 0.022 0.001
- p1389(v337): 0.0039 0.029 0.00077
- p3545(v256): 0.0029 0.029 0.00081
- p3461(v338): 0.00038 0.024 0.0011
- p2923(v340): -0.0048 -0.0073 0.001
- p2156(v341): -0.0058 -0.0068 0.00091
- p717(v342): -0.01 0.0073 -0.0041
- p357(v178): -0.0099 0.0078 -0.0042
- p3667(v343): -0.0059 0.033 -0.011
- p757(v345): 0.0013 0.027 -0.013
- p3924(v347): 0.0021 0.032 -0.012
- p1022(v17): 0.0027 0.031 -0.012
- p1207(v349): -0.0075 -0.0059 -0.00058
- p3705(v351): 0.007 0.0018 -0.012
- p2946(v117): 0.0061 0.0019 -0.012
- p899(v196): 0.0048 0.023 -0.013
- p3384(v353): 0.0039 0.0034 -0.013
- p2397(v354): 0.0056 0.003 -0.012
- p286(v355): -0.0047 -0.008 -0.013
- p1506(v356): -0.0047 -0.0082 -0.013
- p2457(v357): 0.011 0.0017 -0.0069
- p1173(v358): 0.0098 0.0035 -0.01
- p2507(v360): 0.0071 0.026 -0.012
- p398(v359): 0.0093 0.003 -0.011
- p1276(v293): 0.0074 0.027 -0.011
- p1167(v362): -0.0023 0.035 -0.012
- p1510(v363):  0.01 0.0045 -0.0091
- p3717(v365): -0.0015 -0.0094 -0.012
- p891(v366): -0.0028 -0.0091 -0.0011
- p453(v367): -0.0045 -0.0084 -0.011
- p298(v368): 0.0062 -0.0082 -0.011
- p752(v369): 0.0095 -0.0049 -0.0081
- p1269(v370):  0.01 -0.0034 -0.0085
- p2823(v373): 0.0081 -0.007 -0.0037
- p1046(v374): 0.0091 -0.0056 -0.0037
- p2571(v306): 0.0086 -0.0065 -0.0054
- p3059(v375): 0.0081 -0.0047 -0.011
- p1110(v350): 0.008 -0.0045 -0.011
- p2817(v376): 0.0046 -0.0084 3.4e-05
- p1473(v377): 0.0084 0.0025 -0.00078
- p451(v312): 0.0088 0.0017 -0.00099
- p139(v378): 0.0066 0.025 7.5e-05
- p3143(v149): 0.0071 0.027 -0.00031
- p312(v379): 0.0083 -0.0044 -0.00093
- p1629(v380): 0.0042 0.025 0.0009
- p2416(v381): 0.0055 0.025 0.00058
- p3383(v382): 0.0072 0.0021 -0.00028
- p3390(v383): 0.0038 0.0048 0.00059
- p3773(v384): 0.011 -0.00019 -0.0045
- p325(v322): 0.011 0.00024 -0.0041
- p2351(v385): 0.0095 0.029 -0.0058
- p1332(v386): 0.011 0.002 -0.0046
- p744(v387): 0.011 0.0036 -0.0032
- p1844(v388):  0.01 0.0042 -0.0028
- p1005(v324):  0.01 0.0019 -0.0029
- p1870(v389): 0.011 0.0022 -0.0038
- p738(v390): 0.009 0.029 -0.0029
- p3297(v391): 0.009 0.031 -0.0032
- p3437(v392): 0.0099 0.0011 -0.002
- p2247(v393): 0.0094 -0.0032 -0.0018
- p2404(v395): 0.0087 -0.0047 -0.0013
- p1354(v396): 0.0094 0.0018 -0.0015
- p1303(v397): 0.0079 0.031 -0.0013
- p2883(v398): -0.00012 0.034 0.00028
- p457(v400): 0.0068  0.03 -0.00036
- p136(v401): 0.00057 0.025 0.0011
- p3400(v402): -0.0031 0.0059 0.0011
- p1253(v339): -0.0016 0.0053 0.0011
- p3446(v260): -0.0043 -0.0072 0.001
- p3547(v403): -0.0027 -0.0085 0.001
- p686(v405): -0.0099 0.0084 -0.0061
- p267(v406): 0.0018 0.027 -0.013
- p2984(v271): 0.0019 0.028 -0.013
- p3457(v407): 0.0064 0.033 -0.011
- p1624(v346): 0.0049 0.031 -0.012
- p23(v408): 0.0079 0.0012 -0.011
- p766(v410): 0.0041 0.025 -0.013
- p169(v352): 0.0037 0.026 -0.013
- p3823(v411): 0.0031 0.025 -0.013
- p211(v412): 0.0038 0.029 -0.013
- p762(v413): 0.0045 0.0033 -0.012
- p3672(v414): 0.011 0.0018 -0.0073
- p798(v415): 0.0096 0.0023 -0.01
- p1940(v416): 0.0086 0.0027 -0.011
- p260(v418): 0.0082 0.032 -0.01
- p1430(v211): 0.0088 0.031 -0.0091
- p3559(v361): 0.0072 0.031 -0.011
- p2508(v419): 0.0067 0.028 -0.012
- p2510(v420):  0.01 0.0025 -0.0094
- p2056(v421): 0.011 0.0038 -0.0085
- p3589(v422): 0.0059 0.025 -0.012
- p1204(v423): 0.0053 0.023 -0.013
- p1313(v424): -0.0044 -0.0084 -0.012
- p3284(v425): 0.0099 -0.0038 -0.0088
- p2686(v305):  0.01 -0.0034 -0.0082
- p869(v426):  0.01 -0.0029 -0.0058
- p1230(v371):  0.01 -0.0036 -0.0063
- p2739(v427): 0.0099 -0.0043 -0.0063
- p1002(v429): 0.0081 -0.0071 -0.0057
- p1834(v430): 0.0089 -0.0061 -0.0058
- p3755(v431): 0.0092 -0.0055 -0.0045
- p2048(v432): 0.0046 -0.0092 -0.00038
- p283(v433): 0.0065 0.023 0.00014
- p3821(v84): 0.0062 0.025 0.00027
- p3466(v434): 0.0079 0.0036 -0.00054
- p137(v435): 0.0063 0.026 0.0002
- p1987(v436): 0.004 0.025 0.00094
- p799(v437): 0.0059 0.023 0.00043
- p2466(v438): 0.0062 0.026 0.00027
- p1396(v439): 0.0058 0.026 0.00042
- p3786(v440): 0.0051 0.026 0.00066
- p68(v441): 0.006 0.003 8.2e-05
- p1988(v442): 0.0094  0.03 -0.0053
- p3168(v443): 0.011 8.1e-05 -0.0045
- p461(v444): 0.011 0.0023 -0.0044
- p2004(v445):  0.01 0.0023 -0.003
- p123(v446):  0.01 0.0039 -0.003
- p1661(v447):  0.01 0.00087 -0.0022
- p3703(v448): 0.0073 0.028 -0.00053
- p2138(v449): -0.00097 0.035 9.4e-05
- p3047(v399): 0.00036 0.034 -1.5e-05
- p443(v450): 0.00041 0.034 0.00011
- p1406(v451): -0.0037 0.0065 0.0011
- p1144(v452): 0.00051 0.024 0.0011
- p3864(v453): -0.0035 -0.0071 0.001
- p3392(v454): -0.0024 -0.0088 0.001
- p600(v455): 0.00013 0.0049 0.0011
- p3911(v456): -0.006 0.032 -0.0024
- p1706(v457): 0.0048 0.026 -0.013
- p202(v364): 0.0056 0.026 -0.013
- p2985(v458): 0.0023 0.026 -0.013
- p3388(v459): 0.0028 0.028 -0.013
- p1083(v460): 0.011 0.0032 -0.0073
- p3054(v461): 0.0093 0.0041 -0.011
- p265(v462): 0.0098 0.0016 -0.01
- p552(v463): 0.0087 0.0042 -0.011
- p2810(v464): 0.0077 0.028 -0.011
- p2888(v465): 0.0076 0.031 -0.011
- p1109(v417): 0.0078 0.029 -0.011
- p1454(v466): 0.0082 0.033 -0.0092
- p2058(v467): 0.0071 0.028 -0.012
- p3419(v468): 0.011 0.0033 -0.0082
- p2575(v469): 0.011 0.0013 -0.0085
- p3661(v470): 0.0087  0.03 -0.0096
- p366(v471): 0.0055 0.024 -0.013
- p3753(v472): 0.0096 -0.005 -0.0059
- p1117(v473):  0.01 -0.0028 -0.0068
- p1067(v428):  0.01 -0.0026 -0.0071
- p1944(v474):  0.01 -0.0026 -0.0078
- p3329(v475): 0.0078 -0.0075 -0.0053
- p1252(v476): 0.0085 -0.0066 -0.0053
- p1806(v477): 0.00049 0.024 0.0011
- p3038(v480): 0.0031 0.025 -0.013
- p903(v481): 0.0032 0.027 -0.013
- p514(v482): 0.0079 0.029 -0.011
- p3733(v483): 0.009  0.03 -0.0089
- p2462(v484): 0.0077 -0.0075 -0.0048
- p3493(v485): 0.0044 0.024 -0.013
- p1422(v478): 0.0047 0.026 -0.013
- p3515(v486): 0.0041 0.028 -0.013
- p3957(v479): 0.0057  0.03 -0.012
- p2298(v487): 0.0058 0.028 -0.012
- p228(v488): 0.0058  0.03 -0.012
- p2378(v489): 0.0025 0.025 -0.013
- p1952(v490): 0.0043 0.026 -0.013
- p401(v491): 0.0051 0.028 -0.013
- p975(v492): 0.0063 0.029 -0.012
- p197(v493): 0.0058  0.03 -0.012
- p1060(v494): 0.0054 0.028 -0.012
- p3876(v495): 0.005 0.026 -0.013
- f233
    - flags: top simplicial
    - normal:   -0.8963  -0.2453   0.3695
    - offset: -0.008441793
    - vertices: p733(v52) p3707(v26) p1962(v12)
    - neighboring facets: f456 f905 f844
- f284
    - flags: bottom simplicial
    - normal:   -0.6046 -0.01232  -0.7964
    - offset: -0.01458509
    - vertices: p3321(v62) p64(v60) p625(v14)
    - neighboring facets: f526 f546 f522
- f308
    - flags: top simplicial
    - normal:   -0.8099   0.5866 -0.0009379
    - offset: -0.0242953
    - vertices: p1500(v66) p3222(v46) p830(v33)
    - neighboring facets: f1306 f568 f969
- f316
    - flags: top simplicial
    - normal:   -0.1515   0.9883 -0.01757
    - offset: -0.03565707
    - vertices: p1010(v68) p141(v35) p1233(v3)
    - neighboring facets: f424 f779 f317
- f317
    - flags: bottom simplicial
    - normal:   -0.4841    0.866  -0.1253
    - offset: -0.03376072
    - vertices: p1010(v68) p141(v35) p3900(v16)
    - neighboring facets: f1362 f780 f316
- f345
    - flags: bottom simplicial
    - normal:    0.9648  0.05631  -0.2571
    - offset: -0.0126541
    - vertices: p306(v74) p208(v73) p1329(v38)
    - neighboring facets: f2469 f1004 f999
- f371
    - flags: top simplicial
    - normal:  -0.04363  -0.4683  -0.8825
    - offset: -0.01555344
    - vertices: p2528(v79) p3415(v72) p31(v37)
    - neighboring facets: f1062 f682 f589
- f414
    - flags: bottom simplicial
    - normal:    0.8528   0.5096   0.1139
    - offset: -0.02388873
    - vertices: p5(v88) p2132(v43) p3508(v23)
    - neighboring facets: f1226 f758 f764
- f424
    - flags: bottom simplicial
    - normal:   -0.1034   0.9944 -0.02178
    - offset: -0.03575156
    - vertices: p2795(v90) p141(v35) p1233(v3)
    - neighboring facets: f316 f1224 f1848
- f426
    - flags: bottom simplicial
    - normal:    0.2006   0.9525  -0.2292
    - offset: -0.03591612
    - vertices: p2795(v90) p2132(v43) p2301(v8)
    - neighboring facets: f762 f768 f1225
- f456
    - flags: bottom simplicial
    - normal:   -0.7806  -0.1373   0.6098
    - offset: -0.007035387
    - vertices: p1373(v96) p3707(v26) p1962(v12)
    - neighboring facets: f233 f464 f1336
- f459
    - flags: top simplicial
    - normal:   -0.3893  0.03661   0.9204
    - offset: -0.00325505
    - vertices: p1373(v96) p685(v51) p2493(v48)
    - neighboring facets: f850 f465 f487
- f464
    - flags: bottom simplicial
    - normal:   -0.5198 -0.06829   0.8515
    - offset: -0.004697112
    - vertices: p2030(v97) p1373(v96) p1962(v12)
    - neighboring facets: f456 f1379 f465
- f465
    - flags: top simplicial
    - normal:     -0.44 -0.03008   0.8975
    - offset: -0.003912065
    - vertices: p2030(v97) p1373(v96) p2493(v48)
    - neighboring facets: f459 f835 f464
- f477
    - flags: bottom simplicial
    - normal:   -0.4036   0.1645      0.9
    - offset: -0.007537235
    - vertices: p2042(v101) p685(v51) p1300(v24)
    - neighboring facets: f817 f857 f487
- f487
    - flags: bottom simplicial
    - normal:   -0.5046  0.04548   0.8621
    - offset: -0.004154409
    - vertices: p2042(v101) p1373(v96) p685(v51)
    - neighboring facets: f459 f477 f1340
- f488
    - flags: top simplicial
    - normal:   -0.9556   0.1219  -0.2683
    - offset: -0.01263952
    - vertices: p1045(v102) p2740(v27) p1346(v7)
    - neighboring facets: f498 f490 f884
- f490
    - flags: bottom simplicial
    - normal:   -0.9676   0.1306  -0.2162
    - offset: -0.01238102
    - vertices: p1045(v102) p943(v65) p1346(v7)
    - neighboring facets: f1363 f488 f888
- f493
    - flags: bottom simplicial
    - normal:   -0.9988  -0.0375 -0.03138
    - offset: -0.009958275
    - vertices: p851(v103) p425(v54) p2576(v1)
    - neighboring facets: f913 f1325 f1326
- f495
    - flags: top simplicial
    - normal:   -0.6612  0.05663  -0.7481
    - offset: -0.01447735
    - vertices: p1558(v104) p625(v14) p1346(v7)
    - neighboring facets: f928 f496 f497
- f496
    - flags: bottom simplicial
    - normal:   -0.7348  0.06491  -0.6751
    - offset: -0.01431006
    - vertices: p1558(v104) p3120(v55) p1346(v7)
    - neighboring facets: f499 f495 f497
- f497
    - flags: top simplicial
    - normal:   -0.7905  0.02948  -0.6118
    - offset: -0.0140992
    - vertices: p1558(v104) p3120(v55) p625(v14)
    - neighboring facets: f525 f495 f496
- f498
    - flags: bottom simplicial
    - normal:    -0.809  0.07489  -0.5831
    - offset: -0.01397561
    - vertices: p1937(v105) p2740(v27) p1346(v7)
    - neighboring facets: f488 f499 f500
- f499
    - flags: top simplicial
    - normal:   -0.8075  0.07452  -0.5852
    - offset: -0.01397985
    - vertices: p1937(v105) p3120(v55) p1346(v7)
    - neighboring facets: f496 f498 f500
- f500
    - flags: bottom simplicial
    - normal:   -0.8083  0.07432   -0.584
    - offset: -0.01397467
    - vertices: p1937(v105) p3120(v55) p2740(v27)
    - neighboring facets: f502 f498 f499
- f501
    - flags: bottom simplicial
    - normal:   -0.9618 0.004499  -0.2736
    - offset: -0.01189466
    - vertices: p935(v106) p425(v54) p2740(v27)
    - neighboring facets: f885 f502 f503
- f502
    - flags: top simplicial
    - normal:   -0.9618 0.004482  -0.2737
    - offset: -0.01189517
    - vertices: p935(v106) p3120(v55) p2740(v27)
    - neighboring facets: f500 f501 f503
- f503
    - flags: bottom simplicial
    - normal:   -0.9618 0.004453  -0.2736
    - offset: -0.01189446
    - vertices: p935(v106) p3120(v55) p425(v54)
    - neighboring facets: f911 f501 f502
- f509
    - flags: bottom simplicial
    - normal:   -0.1047  0.02679  -0.9941
    - offset: -0.01362739
    - vertices: p1636(v108) p2968(v58) p735(v30)
    - neighboring facets: f516 f925 f1368
- f512
    - flags: bottom simplicial
    - normal:   -0.1651  0.03769  -0.9856
    - offset: -0.01381384
    - vertices: p1636(v108) p3429(v15) p1346(v7)
    - neighboring facets: f936 f895 f538
- f515
    - flags: bottom simplicial
    - normal:  -0.02621  0.01957  -0.9995
    - offset: -0.01353818
    - vertices: p3367(v109) p2968(v58) p855(v4)
    - neighboring facets: f1761 f517 f516
- f516
    - flags: top simplicial
    - normal:  -0.09315  0.02501  -0.9953
    - offset: -0.01360034
    - vertices: p3367(v109) p2968(v58) p735(v30)
    - neighboring facets: f509 f543 f515
- f517
    - flags: top simplicial
    - normal:  -0.03398 0.006627  -0.9994
    - offset: -0.01324156
    - vertices: p3367(v109) p3325(v29) p855(v4)
    - neighboring facets: f577 f515 f540
- f522
    - flags: top simplicial
    - normal:    -0.604 -0.01308  -0.7969
    - offset: -0.01458798
    - vertices: p1090(v110) p3321(v62) p64(v60)
    - neighboring facets: f284 f920 f940
- f525
    - flags: bottom simplicial
    - normal:   -0.9253  -0.0489  -0.3762
    - offset: -0.01267645
    - vertices: p3153(v111) p3120(v55) p625(v14)
    - neighboring facets: f497 f526 f912
- f526
    - flags: top simplicial
    - normal:   -0.9002 -0.06567  -0.4305
    - offset: -0.01308949
    - vertices: p3153(v111) p64(v60) p625(v14)
    - neighboring facets: f284 f525 f918
- f535
    - flags: top simplicial
    - normal:    -0.162  0.01055  -0.9867
    - offset: -0.01363617
    - vertices: p3886(v113) p2910(v61) p3429(v15)
    - neighboring facets: f537 f923 f536
- f536
    - flags: bottom simplicial
    - normal:   -0.1849 -0.001194  -0.9828
    - offset: -0.01380365
    - vertices: p3886(v113) p2910(v61) p87(v31)
    - neighboring facets: f607 f924 f535
- f537
    - flags: bottom simplicial
    - normal:   -0.1458 0.009687  -0.9893
    - offset: -0.01357511
    - vertices: p730(v114) p2910(v61) p3429(v15)
    - neighboring facets: f535 f538 f1437
- f538
    - flags: top simplicial
    - normal:   -0.1391  0.03074  -0.9898
    - offset: -0.01368228
    - vertices: p730(v114) p1636(v108) p3429(v15)
    - neighboring facets: f512 f537 f927
- f540
    - flags: bottom simplicial
    - normal:  -0.07324  0.01469  -0.9972
    - offset: -0.0133921
    - vertices: p730(v114) p3367(v109) p3325(v29)
    - neighboring facets: f517 f541 f543
- f541
    - flags: top simplicial
    - normal:  -0.07587 0.001751  -0.9971
    - offset: -0.01332285
    - vertices: p730(v114) p3151(v112) p3325(v29)
    - neighboring facets: f1812 f540 f1438
- f543
    - flags: top simplicial
    - normal:   -0.0953  0.02065  -0.9952
    - offset: -0.01349952
    - vertices: p730(v114) p3367(v109) p735(v30)
    - neighboring facets: f516 f926 f540
- f545
    - flags: top simplicial
    - normal:    -0.472  0.04115  -0.8807
    - offset: -0.01444957
    - vertices: p250(v115) p3321(v62) p1346(v7)
    - neighboring facets: f548 f929 f546
- f546
    - flags: bottom simplicial
    - normal:   -0.5685  0.02415  -0.8223
    - offset: -0.01452541
    - vertices: p250(v115) p3321(v62) p625(v14)
    - neighboring facets: f284 f930 f545
- f548
    - flags: bottom simplicial
    - normal:    -0.408  0.03796  -0.9122
    - offset: -0.01435063
    - vertices: p223(v116) p3321(v62) p1346(v7)
    - neighboring facets: f545 f937 f938
- f568
    - flags: top simplicial
    - normal:   -0.8807   0.4688 -0.06783
    - offset: -0.02140869
    - vertices: p3902(v120) p1500(v66) p830(v33)
    - neighboring facets: f308 f1312 f572
- f572
    - flags: bottom simplicial
    - normal:   -0.8874   0.4424  -0.1299
    - offset: -0.0212173
    - vertices: p3233(v121) p3902(v120) p1500(v66)
    - neighboring facets: f568 f1361 f1313
- f577
    - flags: bottom simplicial
    - normal:  -0.02468 0.004272  -0.9997
    - offset: -0.01320021
    - vertices: p3643(v122) p3325(v29) p855(v4)
    - neighboring facets: f517 f578 f1814
- f578
    - flags: top simplicial
    - normal:  0.004519 -0.001114       -1
    - offset: -0.01310755
    - vertices: p3643(v122) p2934(v70) p855(v4)
    - neighboring facets: f1412 f577 f976
- f579
    - flags: top simplicial
    - normal:   0.05821 -0.01626  -0.9982
    - offset: -0.01299276
    - vertices: p2013(v123) p2866(v69) p1147(v36)
    - neighboring facets: f593 f965 f586
- f583
    - flags: top simplicial
    - normal:    0.0722 -0.06518  -0.9953
    - offset: -0.01330757
    - vertices: p3874(v124) p2051(v71) p2866(v69)
    - neighboring facets: f977 f586 f585
- f585
    - flags: top simplicial
    - normal:   0.05059   -0.157  -0.9863
    - offset: -0.01401722
    - vertices: p3874(v124) p2528(v79) p2051(v71)
    - neighboring facets: f694 f583 f589
- f586
    - flags: bottom simplicial
    - normal:   0.03832 -0.01322  -0.9992
    - offset: -0.01301723
    - vertices: p3874(v124) p2013(v123) p2866(v69)
    - neighboring facets: f579 f583 f587
- f587
    - flags: top simplicial
    - normal:   0.02821 -0.01097  -0.9995
    - offset: -0.01303089
    - vertices: p3874(v124) p2013(v123) p2934(v70)
    - neighboring facets: f963 f974 f586
- f588
    - flags: bottom simplicial
    - normal:  -0.04371  -0.3622  -0.9311
    - offset: -0.01527105
    - vertices: p3874(v124) p3415(v72) p1778(v5)
    - neighboring facets: f1809 f973 f589
- f589
    - flags: bottom simplicial
    - normal:  -0.03254  -0.4126  -0.9103
    - offset: -0.01539125
    - vertices: p3874(v124) p2528(v79) p3415(v72)
    - neighboring facets: f371 f588 f585
- f593
    - flags: bottom simplicial
    - normal:   0.09034   -0.022  -0.9957
    - offset: -0.01294823
    - vertices: p2232(v126) p2866(v69) p1147(v36)
    - neighboring facets: f579 f980 f978
- f607
    - flags: top simplicial
    - normal:   -0.2134 -0.04177  -0.9761
    - offset: -0.01416339
    - vertices: p3485(v129) p2910(v61) p87(v31)
    - neighboring facets: f536 f610 f1435
- f610
    - flags: bottom simplicial
    - normal:   -0.6824  -0.2545  -0.6852
    - offset: -0.01505295
    - vertices: p3485(v129) p1090(v110) p87(v31)
    - neighboring facets: f939 f607 f1373
- f645
    - flags: bottom simplicial
    - normal:    0.9589  -0.1607  -0.2337
    - offset: -0.01226154
    - vertices: p390(v134) p1889(v133) p2338(v76)
    - neighboring facets: f1050 f1033 f2423
- f663
    - flags: top simplicial
    - normal:    0.8391 -0.07212  -0.5391
    - offset: -0.01366681
    - vertices: p2319(v138) p3696(v77) p3762(v39)
    - neighboring facets: f1034 f1048 f665
- f665
    - flags: bottom simplicial
    - normal:    0.8533 0.004432  -0.5215
    - offset: -0.01368405
    - vertices: p2319(v138) p3696(v77) p1982(v19)
    - neighboring facets: f1463 f666 f663
- f666
    - flags: top simplicial
    - normal:    0.8581  0.01058  -0.5133
    - offset: -0.01366386
    - vertices: p2319(v138) p3341(v137) p1982(v19)
    - neighboring facets: f2145 f665 f2143
- f682
    - flags: top simplicial
    - normal:  -0.02125  -0.9865  -0.1624
    - offset: -0.01132417
    - vertices: p153(v142) p2528(v79) p31(v37)
    - neighboring facets: f371 f1067 f1521
- f694
    - flags: bottom simplicial
    - normal:    0.1211 -0.05616   -0.991
    - offset: -0.01318683
    - vertices: p1860(v144) p2528(v79) p2051(v71)
    - neighboring facets: f585 f952 f1402
- f744
    - flags: bottom simplicial
    - normal:     0.944  -0.1815   0.2755
    - offset: -0.00924158
    - vertices: p3115(v153) p2746(v87) p3908(v42)
    - neighboring facets: f1614 f1524 f1957
- f758
    - flags: bottom simplicial
    - normal:    0.9007   0.3101   0.3042
    - offset: -0.01694883
    - vertices: p1249(v155) p5(v88) p3508(v23)
    - neighboring facets: f414 f1209 f1214
- f762
    - flags: top simplicial
    - normal:    0.9301   0.3671 -0.01354
    - offset: -0.0205592
    - vertices: p1689(v156) p2132(v43) p2301(v8)
    - neighboring facets: f426 f1457 f764
- f764
    - flags: top simplicial
    - normal:    0.9148   0.4027  0.03179
    - offset: -0.02133071
    - vertices: p1689(v156) p5(v88) p2132(v43)
    - neighboring facets: f414 f762 f1010
- f768
    - flags: bottom simplicial
    - normal:    0.2008   0.9523  -0.2298
    - offset: -0.03591615
    - vertices: p1223(v157) p2795(v90) p2301(v8)
    - neighboring facets: f426 f1847 f1849
- f779
    - flags: top simplicial
    - normal:   -0.2462   0.9692 -0.004989
    - offset: -0.03520961
    - vertices: p3669(v160) p1010(v68) p1233(v3)
    - neighboring facets: f316 f1228 f780
- f780
    - flags: bottom simplicial
    - normal:   -0.3139   0.9494 -0.003254
    - offset: -0.03475141
    - vertices: p3669(v160) p1010(v68) p3900(v16)
    - neighboring facets: f317 f781 f779
- f781
    - flags: top simplicial
    - normal:   -0.4991   0.8666 0.004721
    - offset: -0.03247157
    - vertices: p3669(v160) p2943(v119) p3900(v16)
    - neighboring facets: f1366 f780 f783
- f783
    - flags: bottom simplicial
    - normal:   -0.5573   0.8302  0.01345
    - offset: -0.03137806
    - vertices: p3669(v160) p2943(v119) p3222(v46)
    - neighboring facets: f970 f1232 f781
- f785
    - flags: top simplicial
    - normal:     0.466   0.5784   0.6696
    - offset: -0.02122702
    - vertices: p1456(v161) p3459(v92) p3508(v23)
    - neighboring facets: f1234 f1211 f797
- f796
    - flags: top simplicial
    - normal:    0.6078   0.3405   0.7174
    - offset: -0.01446327
    - vertices: p2342(v163) p1456(v161) p3567(v44)
    - neighboring facets: f1212 f2020 f797
- f797
    - flags: bottom simplicial
    - normal:    0.5474   0.3809   0.7451
    - offset: -0.01526825
    - vertices: p2342(v163) p1456(v161) p3459(v92)
    - neighboring facets: f785 f1257 f796
- f817
    - flags: top simplicial
    - normal:   -0.1237  0.05042    0.991
    - offset: -0.002310092
    - vertices: p1316(v167) p685(v51) p1300(v24)
    - neighboring facets: f477 f818 f1286
- f818
    - flags: bottom simplicial
    - normal:  -0.07342  0.08188   0.9939
    - offset: -0.003115924
    - vertices: p1316(v167) p522(v166) p1300(v24)
    - neighboring facets: f2026 f817 f819
- f819
    - flags: top simplicial
    - normal:  -0.06856  0.07498   0.9948
    - offset: -0.00293564
    - vertices: p1316(v167) p522(v166) p2690(v94)
    - neighboring facets: f1696 f2039 f818
- f828
    - flags: top simplicial
    - normal:   -0.6042  -0.7951    0.053
    - offset: -0.009463668
    - vertices: p3114(v169) p3089(v49) p2001(v25)
    - neighboring facets: f996 f833 f1297
- f833
    - flags: top simplicial
    - normal:   -0.6609  -0.7492  0.04304
    - offset: -0.009465933
    - vertices: p1865(v170) p3114(v169) p2001(v25)
    - neighboring facets: f828 f1425 f834
- f834
    - flags: bottom simplicial
    - normal:   -0.7017  -0.7077  0.08264
    - offset: -0.009416093
    - vertices: p1865(v170) p3114(v169) p2030(v97)
    - neighboring facets: f1298 f1385 f833
- f835
    - flags: top simplicial
    - normal:   -0.3529 -0.02088   0.9354
    - offset: -0.003242953
    - vertices: p215(v171) p2030(v97) p2493(v48)
    - neighboring facets: f465 f852 f1299
- f844
    - flags: bottom simplicial
    - normal:   -0.9939 -0.07621  0.08006
    - offset: -0.009270611
    - vertices: p923(v173) p733(v52) p3707(v26)
    - neighboring facets: f233 f845 f916
- f845
    - flags: top simplicial
    - normal:   -0.9913 -0.03649   0.1263
    - offset: -0.009152102
    - vertices: p923(v173) p2279(v98) p3707(v26)
    - neighboring facets: f1745 f844 f846
- f846
    - flags: top simplicial
    - normal:   -0.9969 -0.06899  0.03849
    - offset: -0.009362202
    - vertices: p923(v173) p3865(v172) p2279(v98)
    - neighboring facets: f1747 f845 f847
- f847
    - flags: bottom simplicial
    - normal:   -0.9968 -0.07586  0.02356
    - offset: -0.009389369
    - vertices: p923(v173) p3865(v172) p2576(v1)
    - neighboring facets: f1748 f914 f846
- f850
    - flags: bottom simplicial
    - normal:   -0.3605  0.03509   0.9321
    - offset: -0.003053312
    - vertices: p668(v174) p685(v51) p2493(v48)
    - neighboring facets: f459 f852 f851
- f851
    - flags: bottom simplicial
    - normal:   -0.3502  0.03457    0.936
    - offset: -0.002981912
    - vertices: p668(v174) p3706(v100) p685(v51)
    - neighboring facets: f1285 f850 f1304
- f852
    - flags: top simplicial
    - normal:   -0.3117 -0.001733   0.9502
    - offset: -0.002860819
    - vertices: p668(v174) p215(v171) p2493(v48)
    - neighboring facets: f835 f850 f1305
- f854
    - flags: bottom simplicial
    - normal:   -0.5865   0.7983   0.1371
    - offset: -0.03021573
    - vertices: p1638(v175) p109(v91) p3222(v46)
    - neighboring facets: f1231 f860 f856
- f856
    - flags: top simplicial
    - normal:   -0.2679   0.2941   0.9175
    - offset: -0.01121353
    - vertices: p1638(v175) p109(v91) p1300(v24)
    - neighboring facets: f1664 f857 f854
- f857
    - flags: bottom simplicial
    - normal:   -0.4354    0.239   0.8679
    - offset: -0.01019758
    - vertices: p1638(v175) p2042(v101) p1300(v24)
    - neighboring facets: f477 f856 f861
- f860
    - flags: bottom simplicial
    - normal:     -0.81   0.5798  0.08763
    - offset: -0.02391129
    - vertices: p216(v176) p1638(v175) p3222(v46)
    - neighboring facets: f854 f1308 f861
- f861
    - flags: top simplicial
    - normal:   -0.8721   0.4696   0.1371
    - offset: -0.02045628
    - vertices: p216(v176) p1638(v175) p2042(v101)
    - neighboring facets: f857 f1317 f860
- f865
    - flags: top simplicial
    - normal:   -0.8615  0.09102   0.4996
    - offset: -0.007738671
    - vertices: p1858(v177) p2042(v101) p2624(v99)
    - neighboring facets: f880 f1332 f1315
- f880
    - flags: bottom simplicial
    - normal:   -0.8375  0.08452   0.5398
    - offset: -0.007380464
    - vertices: p1061(v179) p2042(v101) p2624(v99)
    - neighboring facets: f865 f1330 f1335
- f884
    - flags: bottom simplicial
    - normal:   -0.9625   0.1069  -0.2495
    - offset: -0.01241153
    - vertices: p2687(v181) p1045(v102) p2740(v27)
    - neighboring facets: f488 f885 f888
- f885
    - flags: top simplicial
    - normal:   -0.9779  0.05104   -0.203
    - offset: -0.0116961
    - vertices: p2687(v181) p425(v54) p2740(v27)
    - neighboring facets: f501 f884 f1328
- f887
    - flags: top simplicial
    - normal:   -0.9831    0.145  -0.1119
    - offset: -0.01177028
    - vertices: p2687(v181) p943(v65) p1225(v53)
    - neighboring facets: f1321 f1327 f888
- f888
    - flags: top simplicial
    - normal:   -0.9677   0.1308  -0.2154
    - offset: -0.0123763
    - vertices: p2687(v181) p1045(v102) p943(v65)
    - neighboring facets: f490 f887 f884
- f890
    - flags: top simplicial
    - normal:   -0.0441   0.1076  -0.9932
    - offset: -0.01580377
    - vertices: p1772(v182) p964(v107) p2968(v58)
    - neighboring facets: f1370 f1758 f1357
- f895
    - flags: bottom simplicial
    - normal:   -0.1634  0.03903  -0.9858
    - offset: -0.01385068
    - vertices: p243(v183) p1636(v108) p1346(v7)
    - neighboring facets: f512 f1358 f1369
- f905
    - flags: top simplicial
    - normal:   -0.9115  -0.4076  0.05555
    - offset: -0.009324158
    - vertices: p2777(v185) p733(v52) p1962(v12)
    - neighboring facets: f233 f1777 f919
- f907
    - flags: top simplicial
    - normal:     -0.87  -0.4931 -0.002224
    - offset: -0.009508041
    - vertices: p2777(v185) p2753(v184) p1090(v110)
    - neighboring facets: f1374 f921 f1381
- f911
    - flags: top simplicial
    - normal:   -0.9738 -0.02212  -0.2264
    - offset: -0.01146537
    - vertices: p3349(v186) p3120(v55) p425(v54)
    - neighboring facets: f503 f913 f912
- f912
    - flags: top simplicial
    - normal:   -0.9525 -0.04476  -0.3011
    - offset: -0.01209227
    - vertices: p3349(v186) p3153(v111) p3120(v55)
    - neighboring facets: f525 f911 f915
- f913
    - flags: top simplicial
    - normal:   -0.9969 -0.07472 -0.02493
    - offset: -0.009684987
    - vertices: p3349(v186) p425(v54) p2576(v1)
    - neighboring facets: f493 f914 f911
- f914
    - flags: bottom simplicial
    - normal:   -0.9959 -0.09034 0.002414
    - offset: -0.009421931
    - vertices: p3349(v186) p923(v173) p2576(v1)
    - neighboring facets: f847 f913 f916
- f915
    - flags: bottom simplicial
    - normal:   -0.9733  -0.2297 -0.002162
    - offset: -0.009538034
    - vertices: p3349(v186) p3153(v111) p733(v52)
    - neighboring facets: f917 f916 f912
- f916
    - flags: top simplicial
    - normal:   -0.9954 -0.09582 0.003352
    - offset: -0.009418322
    - vertices: p3349(v186) p923(v173) p733(v52)
    - neighboring facets: f844 f915 f914
- f917
    - flags: top simplicial
    - normal:   -0.9524  -0.3047  0.00165
    - offset: -0.009519564
    - vertices: p3444(v187) p3153(v111) p733(v52)
    - neighboring facets: f915 f919 f918
- f918
    - flags: bottom simplicial
    - normal:   -0.9379  -0.3406 -0.06615
    - offset: -0.01022979
    - vertices: p3444(v187) p3153(v111) p64(v60)
    - neighboring facets: f526 f920 f917
- f919
    - flags: bottom simplicial
    - normal:   -0.9122  -0.4095  0.01675
    - offset: -0.009379108
    - vertices: p3444(v187) p2777(v185) p733(v52)
    - neighboring facets: f905 f917 f921
- f920
    - flags: top simplicial
    - normal:   -0.8839  -0.4668 -0.02695
    - offset: -0.009792338
    - vertices: p3444(v187) p1090(v110) p64(v60)
    - neighboring facets: f522 f918 f921
- f921
    - flags: top simplicial
    - normal:   -0.8715  -0.4903 -0.002077
    - offset: -0.009505566
    - vertices: p3444(v187) p2777(v185) p1090(v110)
    - neighboring facets: f907 f920 f919
- f922
    - flags: bottom simplicial
    - normal:    -0.231  0.01861  -0.9728
    - offset: -0.01388351
    - vertices: p2180(v188) p87(v31) p3429(v15)
    - neighboring facets: f1389 f923 f924
- f923
    - flags: top simplicial
    - normal:   -0.2269  0.01812  -0.9737
    - offset: -0.01387064
    - vertices: p2180(v188) p3886(v113) p3429(v15)
    - neighboring facets: f535 f922 f924
- f924
    - flags: bottom simplicial
    - normal:   -0.2271  0.01726  -0.9737
    - offset: -0.0138762
    - vertices: p2180(v188) p3886(v113) p87(v31)
    - neighboring facets: f536 f922 f923
- f925
    - flags: bottom simplicial
    - normal:   -0.1164  0.02631  -0.9929
    - offset: -0.01360133
    - vertices: p2924(v189) p1636(v108) p735(v30)
    - neighboring facets: f509 f926 f927
- f926
    - flags: top simplicial
    - normal:   -0.1174  0.02622  -0.9927
    - offset: -0.01359793
    - vertices: p2924(v189) p730(v114) p735(v30)
    - neighboring facets: f543 f925 f927
- f927
    - flags: bottom simplicial
    - normal:   -0.1192   0.0266  -0.9925
    - offset: -0.01360513
    - vertices: p2924(v189) p730(v114) p1636(v108)
    - neighboring facets: f538 f925 f926
- f928
    - flags: bottom simplicial
    - normal:   -0.5637  0.04647  -0.8246
    - offset: -0.0144893
    - vertices: p1890(v190) p625(v14) p1346(v7)
    - neighboring facets: f495 f929 f930
- f929
    - flags: top simplicial
    - normal:   -0.5583  0.04605  -0.8283
    - offset: -0.01448817
    - vertices: p1890(v190) p250(v115) p1346(v7)
    - neighboring facets: f545 f928 f930
- f930
    - flags: bottom simplicial
    - normal:   -0.5616  0.04543  -0.8262
    - offset: -0.01448834
    - vertices: p1890(v190) p250(v115) p625(v14)
    - neighboring facets: f546 f928 f929
- f936
    - flags: top simplicial
    - normal:   -0.2626  0.03569  -0.9642
    - offset: -0.01405625
    - vertices: p3572(v192) p3429(v15) p1346(v7)
    - neighboring facets: f512 f937 f1390
- f937
    - flags: bottom simplicial
    - normal:   -0.3106  0.03524  -0.9499
    - offset: -0.01414726
    - vertices: p3572(v192) p223(v116) p1346(v7)
    - neighboring facets: f548 f936 f942
- f938
    - flags: top simplicial
    - normal:   -0.3755  0.03424  -0.9262
    - offset: -0.01428107
    - vertices: p2864(v193) p223(v116) p3321(v62)
    - neighboring facets: f548 f940 f942
- f939
    - flags: top simplicial
    - normal:    -0.548 -0.04017  -0.8355
    - offset: -0.0147288
    - vertices: p2864(v193) p1090(v110) p87(v31)
    - neighboring facets: f610 f1387 f940
- f940
    - flags: bottom simplicial
    - normal:   -0.5604 -0.02512  -0.8278
    - offset: -0.01466435
    - vertices: p2864(v193) p1090(v110) p3321(v62)
    - neighboring facets: f522 f938 f939
- f942
    - flags: top simplicial
    - normal:   -0.3105  0.03004  -0.9501
    - offset: -0.01411331
    - vertices: p2864(v193) p3572(v192) p223(v116)
    - neighboring facets: f937 f938 f1388
- f947
    - flags: top simplicial
    - normal:    0.1183 -0.01792  -0.9928
    - offset: -0.01294307
    - vertices: p3458(v195) p1894(v118) p1147(v36)
    - neighboring facets: f1419 f951 f1404
- f948
    - flags: top simplicial
    - normal:    0.1422  -0.0252  -0.9895
    - offset: -0.01291637
    - vertices: p3458(v195) p1860(v144) p656(v18)
    - neighboring facets: f1398 f1799 f952
- f951
    - flags: bottom simplicial
    - normal:    0.1168 -0.02376  -0.9929
    - offset: -0.01291576
    - vertices: p3458(v195) p2051(v71) p1147(v36)
    - neighboring facets: f979 f947 f952
- f952
    - flags: bottom simplicial
    - normal:    0.1255 -0.02484  -0.9918
    - offset: -0.01291424
    - vertices: p3458(v195) p1860(v144) p2051(v71)
    - neighboring facets: f694 f951 f948
- f963
    - flags: bottom simplicial
    - normal:   0.03119 -0.00521  -0.9995
    - offset: -0.01305661
    - vertices: p2931(v197) p2013(v123) p2934(v70)
    - neighboring facets: f587 f1414 f965
- f965
    - flags: top simplicial
    - normal:   0.05449 -0.008488  -0.9985
    - offset: -0.01303127
    - vertices: p2931(v197) p2013(v123) p1147(v36)
    - neighboring facets: f579 f1420 f963
- f969
    - flags: bottom simplicial
    - normal:    -0.809   0.5878 -0.001052
    - offset: -0.02433244
    - vertices: p2318(v199) p1500(v66) p3222(v46)
    - neighboring facets: f308 f970 f1365
- f970
    - flags: top simplicial
    - normal:   -0.7129   0.7013 -0.006319
    - offset: -0.02776053
    - vertices: p2318(v199) p2943(v119) p3222(v46)
    - neighboring facets: f783 f969 f1367
- f973
    - flags: bottom simplicial
    - normal:  -0.009866  -0.1417  -0.9899
    - offset: -0.01410151
    - vertices: p826(v200) p3874(v124) p1778(v5)
    - neighboring facets: f588 f975 f974
- f974
    - flags: top simplicial
    - normal:    0.0231 -0.01027  -0.9997
    - offset: -0.01304081
    - vertices: p826(v200) p3874(v124) p2934(v70)
    - neighboring facets: f587 f976 f973
- f975
    - flags: top simplicial
    - normal:  -0.01051 -0.005334  -0.9999
    - offset: -0.01311831
    - vertices: p826(v200) p3643(v122) p1778(v5)
    - neighboring facets: f1813 f973 f976
- f976
    - flags: bottom simplicial
    - normal:  0.002859 -0.006421       -1
    - offset: -0.0130822
    - vertices: p826(v200) p3643(v122) p2934(v70)
    - neighboring facets: f578 f974 f975
- f977
    - flags: bottom simplicial
    - normal:   0.09395 -0.03176  -0.9951
    - offset: -0.01300938
    - vertices: p2197(v201) p2051(v71) p2866(v69)
    - neighboring facets: f583 f978 f979
- f978
    - flags: top simplicial
    - normal:   0.09607 -0.02683   -0.995
    - offset: -0.01296694
    - vertices: p2197(v201) p2232(v126) p2866(v69)
    - neighboring facets: f593 f977 f980
- f979
    - flags: top simplicial
    - normal:    0.1062 -0.02366  -0.9941
    - offset: -0.01292695
    - vertices: p2197(v201) p2051(v71) p1147(v36)
    - neighboring facets: f951 f980 f977
- f980
    - flags: bottom simplicial
    - normal:    0.1024  -0.0235  -0.9945
    - offset: -0.0129312
    - vertices: p2197(v201) p2232(v126) p1147(v36)
    - neighboring facets: f593 f979 f978
- f996
    - flags: bottom simplicial
    - normal:   -0.5079   -0.861  0.02861
    - offset: -0.009416341
    - vertices: p1518(v205) p3089(v49) p2001(v25)
    - neighboring facets: f828 f1875 f1509
- f999
    - flags: top simplicial
    - normal:    0.9718  0.05651  -0.2291
    - offset: -0.01250409
    - vertices: p2369(v206) p306(v74) p208(v73)
    - neighboring facets: f345 f1449 f2358
- f1004
    - flags: bottom simplicial
    - normal:    0.9653  0.05945  -0.2545
    - offset: -0.01273184
    - vertices: p3625(v207) p306(v74) p1329(v38)
    - neighboring facets: f345 f1005 f1006
- f1005
    - flags: top simplicial
    - normal:     0.957  0.06646  -0.2824
    - offset: -0.01310823
    - vertices: p3625(v207) p3407(v131) p1329(v38)
    - neighboring facets: f2467 f1004 f1006
- f1006
    - flags: bottom simplicial
    - normal:    0.9808   0.1152  -0.1571
    - offset: -0.01376416
    - vertices: p3625(v207) p3407(v131) p306(v74)
    - neighboring facets: f1011 f1004 f1005
- f1010
    - flags: bottom simplicial
    - normal:    0.9698   0.2375 -0.05531
    - offset: -0.01682888
    - vertices: p2972(v208) p1689(v156) p5(v88)
    - neighboring facets: f764 f1014 f1458
- f1011
    - flags: top simplicial
    - normal:    0.9819   0.1203  -0.1459
    - offset: -0.01384035
    - vertices: p3209(v209) p3407(v131) p306(v74)
    - neighboring facets: f1006 f1012 f1460
- f1012
    - flags: bottom simplicial
    - normal:    0.9914   0.0598  -0.1163
    - offset: -0.01189347
    - vertices: p3209(v209) p2936(v130) p306(v74)
    - neighboring facets: f2357 f1011 f1960
- f1014
    - flags: bottom simplicial
    - normal:    0.9787   0.1923 -0.07165
    - offset: -0.01550701
    - vertices: p3209(v209) p2972(v208) p5(v88)
    - neighboring facets: f1010 f2263 f1459
- f1033
    - flags: bottom simplicial
    - normal:    0.9565  0.02968  -0.2901
    - offset: -0.01274706
    - vertices: p253(v212) p390(v134) p2338(v76)
    - neighboring facets: f645 f1490 f1491
- f1034
    - flags: bottom simplicial
    - normal:    0.7211 -0.06538  -0.6897
    - offset: -0.01403503
    - vertices: p2961(v213) p3696(v77) p3762(v39)
    - neighboring facets: f663 f1095 f1035
- f1035
    - flags: bottom simplicial
    - normal:    0.7135 -0.06364  -0.6977
    - offset: -0.01404276
    - vertices: p2961(v213) p2925(v135) p3696(v77)
    - neighboring facets: f2124 f1034 f1036
- f1036
    - flags: top simplicial
    - normal:    0.6018  -0.1157  -0.7902
    - offset: -0.0142235
    - vertices: p2961(v213) p2925(v135) p2797(v9)
    - neighboring facets: f1042 f1552 f1035
- f1042
    - flags: bottom simplicial
    - normal:    0.5379 -0.03485  -0.8423
    - offset: -0.01390464
    - vertices: p2811(v214) p2925(v135) p2797(v9)
    - neighboring facets: f1036 f2082 f2125
- f1048
    - flags: top simplicial
    - normal:    0.8576 -0.08434  -0.5073
    - offset: -0.01356904
    - vertices: p2105(v215) p2319(v138) p3762(v39)
    - neighboring facets: f663 f1892 f1854
- f1050
    - flags: top simplicial
    - normal:     0.937  -0.1646   -0.308
    - offset: -0.01265791
    - vertices: p2105(v215) p1889(v133) p2338(v76)
    - neighboring facets: f645 f2392 f1893
- f1054
    - flags: top simplicial
    - normal:    -0.196  -0.9806 0.001372
    - offset: -0.009510298
    - vertices: p3212(v216) p2323(v139) p1539(v128)
    - neighboring facets: f1501 f1056 f1175
- f1055
    - flags: top simplicial
    - normal:   -0.2025  -0.9779  0.05276
    - offset: -0.009464216
    - vertices: p3212(v216) p1618(v204) p1031(v6)
    - neighboring facets: f2317 f1174 f1056
- f1056
    - flags: bottom simplicial
    - normal:   -0.2343   -0.971  0.04689
    - offset: -0.009468798
    - vertices: p3212(v216) p1618(v204) p1539(v128)
    - neighboring facets: f1444 f1054 f1055
- f1062
    - flags: bottom simplicial
    - normal:   -0.2595  -0.9467  -0.1909
    - offset: -0.01159263
    - vertices: p3210(v217) p3415(v72) p31(v37)
    - neighboring facets: f371 f1504 f2165
- f1064
    - flags: bottom simplicial
    - normal:  -0.01747  -0.9986 -0.04992
    - offset: -0.0100596
    - vertices: p3564(v218) p153(v142) p2678(v78)
    - neighboring facets: f1520 f1173 f1067
- f1066
    - flags: bottom simplicial
    - normal:   -0.1161  -0.9921 -0.04658
    - offset: -0.01003202
    - vertices: p3564(v218) p2323(v139) p31(v37)
    - neighboring facets: f1864 f1067 f1176
- f1067
    - flags: top simplicial
    - normal:  -0.05273  -0.9962 -0.06875
    - offset: -0.01027434
    - vertices: p3564(v218) p153(v142) p31(v37)
    - neighboring facets: f682 f1066 f1064
- f1071
    - flags: bottom simplicial
    - normal:    0.1315  -0.9844  -0.1167
    - offset: -0.0108523
    - vertices: p3259(v219) p1654(v143) p2528(v79)
    - neighboring facets: f1077 f1403 f2214
- f1077
    - flags: top simplicial
    - normal:   0.09572   -0.994 -0.05304
    - offset: -0.01010605
    - vertices: p3157(v220) p1654(v143) p2528(v79)
    - neighboring facets: f1071 f1519 f1180
- f1094
    - flags: bottom simplicial
    - normal:    0.8428  -0.4757  -0.2518
    - offset: -0.01259661
    - vertices: p263(v223) p3025(v145) p3840(v82)
    - neighboring facets: f1544 f1550 f2172
- f1095
    - flags: bottom simplicial
    - normal:    0.7922  -0.2361  -0.5627
    - offset: -0.01408404
    - vertices: p263(v223) p2961(v213) p3762(v39)
    - neighboring facets: f1034 f2173 f1553
- f1100
    - flags: top simplicial
    - normal:    0.7591  -0.6481 -0.06126
    - offset: -0.0111615
    - vertices: p2489(v224) p2838(v146) p2533(v20)
    - neighboring facets: f2193 f2202 f1101
- f1101
    - flags: bottom simplicial
    - normal:    0.7615  -0.6445 -0.06894
    - offset: -0.01122974
    - vertices: p2489(v224) p2838(v146) p3840(v82)
    - neighboring facets: f1549 f2203 f1100
- f1105
    - flags: top simplicial
    - normal:    0.6818  -0.7207  -0.1252
    - offset: -0.01172084
    - vertices: p1827(v225) p2838(v146) p1347(v40)
    - neighboring facets: f1879 f1556 f2428
- f1108
    - flags: top simplicial
    - normal:    0.1075 -0.02294   0.9939
    - offset: -0.0009975231
    - vertices: p1238(v226) p547(v147) p1031(v6)
    - neighboring facets: f1562 f2324 f1702
- f1118
    - flags: bottom simplicial
    - normal:    0.2207  -0.0293   0.9749
    - offset: -0.001356021
    - vertices: p1121(v228) p2872(v148) p3863(v83)
    - neighboring facets: f1568 f1924 f1950
- f1143
    - flags: bottom simplicial
    - normal:    0.1432 -0.01994   0.9895
    - offset: -0.001074876
    - vertices: p1959(v232) p959(v231) p547(v147)
    - neighboring facets: f1703 f1571 f1952
- f1148
    - flags: top simplicial
    - normal:     0.899  -0.3184   0.3008
    - offset: -0.009173828
    - vertices: p3710(v234) p2069(v150) p3908(v42)
    - neighboring facets: f1153 f1610 f1149
- f1149
    - flags: bottom simplicial
    - normal:     0.806  -0.3937    0.442
    - offset: -0.008409221
    - vertices: p3710(v234) p2069(v150) p3529(v85)
    - neighboring facets: f1620 f1914 f1148
- f1153
    - flags: bottom simplicial
    - normal:    0.9014   -0.286    0.325
    - offset: -0.009009949
    - vertices: p2295(v235) p2069(v150) p3908(v42)
    - neighboring facets: f1148 f1615 f2010
- f1172
    - flags: top simplicial
    - normal:   0.05496  -0.9985 -0.002495
    - offset: -0.00951717
    - vertices: p1361(v238) p3157(v220) p2678(v78)
    - neighboring facets: f1518 f1173 f1181
- f1173
    - flags: bottom simplicial
    - normal:  -0.006259       -1 -0.001589
    - offset: -0.009521272
    - vertices: p1361(v238) p3564(v218) p2678(v78)
    - neighboring facets: f1064 f1172 f1176
- f1174
    - flags: top simplicial
    - normal:   -0.1001  -0.9945   0.0297
    - offset: -0.009427647
    - vertices: p1361(v238) p3212(v216) p1031(v6)
    - neighboring facets: f1055 f2210 f1175
- f1175
    - flags: bottom simplicial
    - normal:   -0.1024  -0.9947  0.00782
    - offset: -0.009448251
    - vertices: p1361(v238) p3212(v216) p2323(v139)
    - neighboring facets: f1054 f1176 f1174
- f1176
    - flags: top simplicial
    - normal:  -0.08295  -0.9965 0.004897
    - offset: -0.009471168
    - vertices: p1361(v238) p3564(v218) p2323(v139)
    - neighboring facets: f1066 f1175 f1173
- f1180
    - flags: bottom simplicial
    - normal:   0.08077  -0.9967 -0.0002447
    - offset: -0.009503824
    - vertices: p472(v239) p3157(v220) p1654(v143)
    - neighboring facets: f1077 f2215 f1181
- f1181
    - flags: bottom simplicial
    - normal:   0.08045  -0.9968 -0.0001443
    - offset: -0.009502545
    - vertices: p472(v239) p1361(v238) p3157(v220)
    - neighboring facets: f1172 f1180 f2211
- f1184
    - flags: top simplicial
    - normal:    0.9976  0.03917 -0.05658
    - offset: -0.0115007
    - vertices: p145(v240) p2936(v130) p2735(v2)
    - neighboring facets: f1452 f1185 f1195
- f1185
    - flags: bottom simplicial
    - normal:    0.9982  0.02885  0.05199
    - offset: -0.0108279
    - vertices: p145(v240) p3115(v153) p2735(v2)
    - neighboring facets: f2421 f1184 f1196
- f1195
    - flags: bottom simplicial
    - normal:    0.9991  0.04103 -0.005756
    - offset: -0.01121495
    - vertices: p544(v242) p145(v240) p2936(v130)
    - neighboring facets: f1184 f1961 f1196
- f1196
    - flags: top simplicial
    - normal:    0.9969  0.03645  0.06935
    - offset: -0.01072632
    - vertices: p544(v242) p145(v240) p3115(v153)
    - neighboring facets: f1185 f1964 f1195
- f1209
    - flags: bottom simplicial
    - normal:    0.8704   0.3137   0.3795
    - offset: -0.01657714
    - vertices: p1338(v245) p1249(v155) p3508(v23)
    - neighboring facets: f758 f1211 f1210
- f1210
    - flags: top simplicial
    - normal:    0.8295   0.1906   0.5251
    - offset: -0.01184698
    - vertices: p1338(v245) p1249(v155) p3567(v44)
    - neighboring facets: f1217 f1212 f1209
- f1211
    - flags: top simplicial
    - normal:     0.711   0.3601    0.604
    - offset: -0.01610469
    - vertices: p1338(v245) p1456(v161) p3508(v23)
    - neighboring facets: f785 f1209 f1212
- f1212
    - flags: bottom simplicial
    - normal:    0.7112   0.3586   0.6046
    - offset: -0.01605619
    - vertices: p1338(v245) p1456(v161) p3567(v44)
    - neighboring facets: f796 f1210 f1211
- f1214
    - flags: top simplicial
    - normal:      0.96   0.1311   0.2474
    - offset: -0.01189544
    - vertices: p2082(v246) p1249(v155) p5(v88)
    - neighboring facets: f758 f1629 f1646
- f1217
    - flags: bottom simplicial
    - normal:    0.8626  0.08444   0.4987
    - offset: -0.008813588
    - vertices: p1599(v247) p1249(v155) p3567(v44)
    - neighboring facets: f1210 f2018 f1980
- f1219
    - flags: bottom simplicial
    - normal:    0.8167  0.04141   0.5756
    - offset: -0.007015058
    - vertices: p1599(v247) p1904(v244) p1616(v154)
    - neighboring facets: f2283 f1982 f1659
- f1224
    - flags: bottom simplicial
    - normal:   0.08222   0.9966 -0.004586
    - offset: -0.03528611
    - vertices: p749(v248) p2795(v90) p1233(v3)
    - neighboring facets: f424 f1240 f1225
- f1225
    - flags: top simplicial
    - normal:    0.1238   0.9923 -0.004171
    - offset: -0.03504859
    - vertices: p749(v248) p2795(v90) p2132(v43)
    - neighboring facets: f426 f1226 f1224
- f1226
    - flags: top simplicial
    - normal:    0.1916   0.9716   0.1387
    - offset: -0.03391415
    - vertices: p749(v248) p2132(v43) p3508(v23)
    - neighboring facets: f414 f1662 f1225
- f1228
    - flags: top simplicial
    - normal:   -0.2449   0.9692  0.02692
    - offset: -0.03513781
    - vertices: p3620(v249) p3669(v160) p1233(v3)
    - neighboring facets: f779 f1241 f1232
- f1231
    - flags: top simplicial
    - normal:   -0.5626   0.8193   0.1102
    - offset: -0.03086566
    - vertices: p3620(v249) p109(v91) p3222(v46)
    - neighboring facets: f854 f1232 f1239
- f1232
    - flags: bottom simplicial
    - normal:   -0.5506   0.8333  0.04844
    - offset: -0.03139208
    - vertices: p3620(v249) p3669(v160) p3222(v46)
    - neighboring facets: f783 f1231 f1228
- f1234
    - flags: bottom simplicial
    - normal:    0.2889   0.7352   0.6133
    - offset: -0.02522899
    - vertices: p483(v250) p3459(v92) p3508(v23)
    - neighboring facets: f785 f1661 f2298
- f1239
    - flags: bottom simplicial
    - normal:  -0.07385   0.9547   0.2883
    - offset: -0.03370512
    - vertices: p483(v250) p3620(v249) p109(v91)
    - neighboring facets: f1231 f1665 f1241
- f1240
    - flags: bottom simplicial
    - normal:  -0.001456   0.9753    0.221
    - offset: -0.03428205
    - vertices: p483(v250) p749(v248) p1233(v3)
    - neighboring facets: f1224 f1241 f1663
- f1241
    - flags: top simplicial
    - normal:  -0.02423   0.9734    0.228
    - offset: -0.03426139
    - vertices: p483(v250) p3620(v249) p1233(v3)
    - neighboring facets: f1228 f1240 f1239
- f1247
    - flags: top simplicial
    - normal:    0.5753  0.06425   0.8154
    - offset: -0.005573123
    - vertices: p2839(v251) p3575(v233) p1199(v11)
    - neighboring facets: f2244 f1694 f2293
- f1251
    - flags: top simplicial
    - normal:    0.2271  0.07496    0.971
    - offset: -0.003794408
    - vertices: p1432(v252) p1788(v164) p3397(v93)
    - neighboring facets: f1712 f1717 f2255
- f1257
    - flags: bottom simplicial
    - normal:    0.4435   0.3292   0.8337
    - offset: -0.01283775
    - vertices: p2291(v254) p2342(v163) p3459(v92)
    - neighboring facets: f797 f1689 f1693
- f1264
    - flags: top simplicial
    - normal:    0.2988  0.08229   0.9508
    - offset: -0.004351342
    - vertices: p2245(v255) p1432(v252) p3144(v165)
    - neighboring facets: f1681 f1687 f2256
- f1285
    - flags: top simplicial
    - normal:   -0.2042  0.03176   0.9784
    - offset: -0.002120431
    - vertices: p3939(v259) p3706(v100) p685(v51)
    - neighboring facets: f851 f1286 f1287
- f1286
    - flags: bottom simplicial
    - normal:   -0.1474  0.03296   0.9885
    - offset: -0.001860627
    - vertices: p3939(v259) p1316(v167) p685(v51)
    - neighboring facets: f817 f1285 f1720
- f1287
    - flags: top simplicial
    - normal:   -0.2051  0.01881   0.9786
    - offset: -0.002035988
    - vertices: p3939(v259) p215(v171) p3706(v100)
    - neighboring facets: f1303 f1285 f1739
- f1297
    - flags: bottom simplicial
    - normal:   -0.6276  -0.7743  0.08032
    - offset: -0.009459305
    - vertices: p2334(v261) p3114(v169) p3089(v49)
    - neighboring facets: f828 f1734 f1298
- f1298
    - flags: top simplicial
    - normal:   -0.6941  -0.7098   0.1201
    - offset: -0.009395152
    - vertices: p2334(v261) p3114(v169) p2030(v97)
    - neighboring facets: f834 f1299 f1297
- f1299
    - flags: bottom simplicial
    - normal:   -0.3411  -0.1398   0.9296
    - offset: -0.003867459
    - vertices: p2334(v261) p215(v171) p2030(v97)
    - neighboring facets: f835 f1298 f1740
- f1303
    - flags: bottom simplicial
    - normal:    -0.243  0.02118   0.9698
    - offset: -0.002272514
    - vertices: p3872(v262) p215(v171) p3706(v100)
    - neighboring facets: f1287 f1304 f1305
- f1304
    - flags: top simplicial
    - normal:   -0.2582  0.02265   0.9658
    - offset: -0.002370318
    - vertices: p3872(v262) p668(v174) p3706(v100)
    - neighboring facets: f851 f1303 f1305
- f1305
    - flags: bottom simplicial
    - normal:   -0.2953 0.004581   0.9554
    - offset: -0.002715431
    - vertices: p3872(v262) p668(v174) p215(v171)
    - neighboring facets: f852 f1303 f1304
- f1306
    - flags: bottom simplicial
    - normal:   -0.8156   0.5787 0.0002347
    - offset: -0.02404837
    - vertices: p883(v263) p3222(v46) p830(v33)
    - neighboring facets: f308 f1307 f1308
- f1307
    - flags: top simplicial
    - normal:   -0.8191   0.5737 0.0008217
    - offset: -0.02389521
    - vertices: p883(v263) p216(v176) p830(v33)
    - neighboring facets: f1309 f1306 f1308
- f1308
    - flags: bottom simplicial
    - normal:    -0.818   0.5752 0.004521
    - offset: -0.02393305
    - vertices: p883(v263) p216(v176) p3222(v46)
    - neighboring facets: f860 f1306 f1307
- f1309
    - flags: bottom simplicial
    - normal:   -0.9445   0.3285 0.006408
    - offset: -0.01630632
    - vertices: p140(v264) p216(v176) p830(v33)
    - neighboring facets: f1307 f1312 f1320
- f1311
    - flags: bottom simplicial
    - normal:   -0.9367   0.3464 -0.05162
    - offset: -0.01744918
    - vertices: p140(v264) p3233(v121) p943(v65)
    - neighboring facets: f1364 f1753 f1313
- f1312
    - flags: top simplicial
    - normal:   -0.9353     0.35 -0.05203
    - offset: -0.01756402
    - vertices: p140(v264) p3902(v120) p830(v33)
    - neighboring facets: f568 f1309 f1313
- f1313
    - flags: top simplicial
    - normal:   -0.9353     0.35 -0.05203
    - offset: -0.01756401
    - vertices: p140(v264) p3233(v121) p3902(v120)
    - neighboring facets: f572 f1312 f1311
- f1314
    - flags: top simplicial
    - normal:   -0.9442   0.1183   0.3075
    - offset: -0.009203253
    - vertices: p180(v265) p1858(v177) p3831(v50)
    - neighboring facets: f1744 f1742 f1315
- f1315
    - flags: bottom simplicial
    - normal:   -0.9058   0.1056   0.4102
    - offset: -0.008490342
    - vertices: p180(v265) p1858(v177) p2042(v101)
    - neighboring facets: f865 f1317 f1314
- f1317
    - flags: top simplicial
    - normal:   -0.9328   0.3489  0.09091
    - offset: -0.0167908
    - vertices: p180(v265) p216(v176) p2042(v101)
    - neighboring facets: f861 f1315 f1320
- f1320
    - flags: top simplicial
    - normal:   -0.9555    0.295 0.008448
    - offset: -0.01523343
    - vertices: p180(v265) p140(v264) p216(v176)
    - neighboring facets: f1309 f1317 f1754
- f1321
    - flags: bottom simplicial
    - normal:   -0.9868   0.1526 -0.05342
    - offset: -0.01138526
    - vertices: p3418(v266) p943(v65) p1225(v53)
    - neighboring facets: f887 f1327 f1751
- f1325
    - flags: bottom simplicial
    - normal:   -0.9994 -0.007211 -0.03421
    - offset: -0.01015655
    - vertices: p3418(v266) p851(v103) p2576(v1)
    - neighboring facets: f493 f1749 f1326
- f1326
    - flags: top simplicial
    - normal:   -0.9992 -0.00637  -0.0396
    - offset: -0.01019911
    - vertices: p3418(v266) p851(v103) p425(v54)
    - neighboring facets: f493 f1328 f1325
- f1327
    - flags: top simplicial
    - normal:   -0.9915  0.06242   -0.114
    - offset: -0.01117228
    - vertices: p3418(v266) p2687(v181) p1225(v53)
    - neighboring facets: f887 f1321 f1328
- f1328
    - flags: bottom simplicial
    - normal:   -0.9913  0.04872  -0.1221
    - offset: -0.01112321
    - vertices: p3418(v266) p2687(v181) p425(v54)
    - neighboring facets: f885 f1326 f1327
- f1329
    - flags: top simplicial
    - normal:   -0.8254  0.07137     0.56
    - offset: -0.007150119
    - vertices: p1507(v267) p1061(v179) p3707(v26)
    - neighboring facets: f1334 f1331 f1330
- f1330
    - flags: bottom simplicial
    - normal:     -0.84  0.07246   0.5376
    - offset: -0.007310693
    - vertices: p1507(v267) p1061(v179) p2624(v99)
    - neighboring facets: f880 f1332 f1329
- f1331
    - flags: bottom simplicial
    - normal:    -0.855   0.0663   0.5144
    - offset: -0.007462704
    - vertices: p1507(v267) p1858(v177) p3707(v26)
    - neighboring facets: f1746 f1329 f1332
- f1332
    - flags: top simplicial
    - normal:   -0.8443  0.07141   0.5311
    - offset: -0.007354771
    - vertices: p1507(v267) p1858(v177) p2624(v99)
    - neighboring facets: f865 f1330 f1331
- f1333
    - flags: top simplicial
    - normal:   -0.6819  0.06199   0.7288
    - offset: -0.005721979
    - vertices: p1649(v268) p2042(v101) p3707(v26)
    - neighboring facets: f1338 f1334 f1335
- f1334
    - flags: bottom simplicial
    - normal:   -0.8056  0.07149   0.5882
    - offset: -0.006947141
    - vertices: p1649(v268) p1061(v179) p3707(v26)
    - neighboring facets: f1329 f1333 f1335
- f1335
    - flags: top simplicial
    - normal:   -0.7987  0.07777   0.5966
    - offset: -0.006927182
    - vertices: p1649(v268) p1061(v179) p2042(v101)
    - neighboring facets: f880 f1333 f1334
- f1336
    - flags: top simplicial
    - normal:   -0.6096  0.02766   0.7922
    - offset: -0.005065106
    - vertices: p496(v269) p1373(v96) p3707(v26)
    - neighboring facets: f456 f1338 f1342
- f1338
    - flags: bottom simplicial
    - normal:   -0.6275  0.05562   0.7766
    - offset: -0.005196701
    - vertices: p496(v269) p2042(v101) p3707(v26)
    - neighboring facets: f1333 f1336 f1339
- f1339
    - flags: bottom simplicial
    - normal:   -0.6129  0.05396   0.7884
    - offset: -0.005056865
    - vertices: p496(v269) p1748(v180) p2042(v101)
    - neighboring facets: f1341 f1338 f1343
- f1340
    - flags: top simplicial
    - normal:    -0.522  0.04658   0.8517
    - offset: -0.004290096
    - vertices: p3450(v270) p2042(v101) p1373(v96)
    - neighboring facets: f487 f1342 f1341
- f1341
    - flags: top simplicial
    - normal:   -0.5756  0.05046   0.8162
    - offset: -0.004726167
    - vertices: p3450(v270) p1748(v180) p2042(v101)
    - neighboring facets: f1339 f1340 f1343
- f1342
    - flags: bottom simplicial
    - normal:   -0.6019  0.03346   0.7979
    - offset: -0.004981244
    - vertices: p3450(v270) p496(v269) p1373(v96)
    - neighboring facets: f1336 f1340 f1343
- f1343
    - flags: top simplicial
    - normal:   -0.5996  0.03804   0.7994
    - offset: -0.004952703
    - vertices: p3450(v270) p496(v269) p1748(v180)
    - neighboring facets: f1339 f1341 f1342
- f1357
    - flags: bottom simplicial
    - normal:  -0.02864   0.1444  -0.9891
    - offset: -0.01697092
    - vertices: p643(v272) p1772(v182) p964(v107)
    - neighboring facets: f890 f1845 f2102
- f1358
    - flags: bottom simplicial
    - normal:   -0.1496  0.05087  -0.9874
    - offset: -0.01417848
    - vertices: p3845(v273) p243(v183) p1346(v7)
    - neighboring facets: f895 f1363 f1372
- f1360
    - flags: top simplicial
    - normal:   -0.2493   0.4985  -0.8303
    - offset: -0.02813045
    - vertices: p3845(v273) p964(v107) p141(v35)
    - neighboring facets: f1850 f1362 f1371
- f1361
    - flags: bottom simplicial
    - normal:    -0.848   0.4758  -0.2336
    - offset: -0.02324445
    - vertices: p3845(v273) p3233(v121) p1500(v66)
    - neighboring facets: f572 f1365 f1364
- f1362
    - flags: top simplicial
    - normal:   -0.5892   0.7903   -0.168
    - offset: -0.03195415
    - vertices: p3845(v273) p141(v35) p3900(v16)
    - neighboring facets: f317 f1366 f1360
- f1363
    - flags: top simplicial
    - normal:   -0.8475   0.4447  -0.2897
    - offset: -0.02284164
    - vertices: p3845(v273) p943(v65) p1346(v7)
    - neighboring facets: f490 f1358 f1364
- f1364
    - flags: top simplicial
    - normal:   -0.8497   0.4637  -0.2508
    - offset: -0.02304418
    - vertices: p3845(v273) p3233(v121) p943(v65)
    - neighboring facets: f1311 f1363 f1361
- f1365
    - flags: top simplicial
    - normal:   -0.7189   0.6871  -0.1053
    - offset: -0.02831803
    - vertices: p3845(v273) p2318(v199) p1500(v66)
    - neighboring facets: f969 f1361 f1367
- f1366
    - flags: bottom simplicial
    - normal:   -0.6304   0.7672  -0.1183
    - offset: -0.0307772
    - vertices: p3845(v273) p2943(v119) p3900(v16)
    - neighboring facets: f781 f1362 f1367
- f1367
    - flags: bottom simplicial
    - normal:   -0.6766     0.73 -0.09632
    - offset: -0.02947362
    - vertices: p3845(v273) p2318(v199) p2943(v119)
    - neighboring facets: f970 f1366 f1365
- f1368
    - flags: top simplicial
    - normal:   -0.1144  0.03445  -0.9928
    - offset: -0.01381117
    - vertices: p2216(v274) p1636(v108) p2968(v58)
    - neighboring facets: f509 f1370 f1369
- f1369
    - flags: top simplicial
    - normal:   -0.1446  0.04315  -0.9886
    - offset: -0.0139884
    - vertices: p2216(v274) p243(v183) p1636(v108)
    - neighboring facets: f895 f1368 f1372
- f1370
    - flags: bottom simplicial
    - normal:   -0.1301  0.06203  -0.9896
    - offset: -0.01449923
    - vertices: p2216(v274) p964(v107) p2968(v58)
    - neighboring facets: f890 f1368 f1371
- f1371
    - flags: bottom simplicial
    - normal:   -0.1369  0.05898  -0.9888
    - offset: -0.01440979
    - vertices: p2216(v274) p3845(v273) p964(v107)
    - neighboring facets: f1360 f1370 f1372
- f1372
    - flags: top simplicial
    - normal:   -0.1495  0.05093  -0.9875
    - offset: -0.0141802
    - vertices: p2216(v274) p3845(v273) p243(v183)
    - neighboring facets: f1358 f1369 f1371
- f1373
    - flags: top simplicial
    - normal:   -0.7999  -0.5949 -0.07855
    - offset: -0.01035148
    - vertices: p2975(v275) p3485(v129) p1090(v110)
    - neighboring facets: f610 f1374 f1375
- f1374
    - flags: bottom simplicial
    - normal:   -0.8001  -0.5948 -0.07772
    - offset: -0.01034231
    - vertices: p2975(v275) p2753(v184) p1090(v110)
    - neighboring facets: f907 f1373 f1376
- f1375
    - flags: bottom simplicial
    - normal:    -0.727  -0.6851 -0.04695
    - offset: -0.01003883
    - vertices: p2975(v275) p3485(v129) p1071(v56)
    - neighboring facets: f1423 f1376 f1373
- f1376
    - flags: top simplicial
    - normal:   -0.7811  -0.6224 -0.04978
    - offset: -0.01005848
    - vertices: p2975(v275) p2753(v184) p1071(v56)
    - neighboring facets: f1383 f1375 f1374
- f1379
    - flags: bottom simplicial
    - normal:   -0.8052  -0.5878  0.07814
    - offset: -0.009449277
    - vertices: p3836(v276) p2030(v97) p1962(v12)
    - neighboring facets: f464 f1778 f1779
- f1381
    - flags: bottom simplicial
    - normal:   -0.8017  -0.5977 0.003392
    - offset: -0.009516975
    - vertices: p626(v277) p2777(v185) p2753(v184)
    - neighboring facets: f907 f1383 f1776
- f1383
    - flags: bottom simplicial
    - normal:   -0.7627  -0.6467  0.00106
    - offset: -0.009519645
    - vertices: p626(v277) p2753(v184) p1071(v56)
    - neighboring facets: f1376 f1421 f1381
- f1385
    - flags: bottom simplicial
    - normal:   -0.7376  -0.6734  0.04908
    - offset: -0.009453249
    - vertices: p626(v277) p1865(v170) p2030(v97)
    - neighboring facets: f834 f1780 f1422
- f1387
    - flags: top simplicial
    - normal:   -0.2835  0.02319  -0.9587
    - offset: -0.01404746
    - vertices: p2184(v278) p2864(v193) p87(v31)
    - neighboring facets: f939 f1389 f1388
- f1388
    - flags: bottom simplicial
    - normal:   -0.2886  0.02658  -0.9571
    - offset: -0.01405192
    - vertices: p2184(v278) p2864(v193) p3572(v192)
    - neighboring facets: f942 f1390 f1387
- f1389
    - flags: top simplicial
    - normal:   -0.2714  0.02401  -0.9622
    - offset: -0.0140015
    - vertices: p2184(v278) p87(v31) p3429(v15)
    - neighboring facets: f922 f1390 f1387
- f1390
    - flags: bottom simplicial
    - normal:   -0.2757  0.02478  -0.9609
    - offset: -0.01401374
    - vertices: p2184(v278) p3572(v192) p3429(v15)
    - neighboring facets: f936 f1389 f1388
- f1397
    - flags: top simplicial
    - normal:    0.1854  -0.0302  -0.9822
    - offset: -0.01297679
    - vertices: p1702(v280) p1171(v194) p656(v18)
    - neighboring facets: f1801 f1398 f1400
- f1398
    - flags: bottom simplicial
    - normal:    0.1862  -0.1376  -0.9728
    - offset: -0.0138149
    - vertices: p1702(v280) p1860(v144) p656(v18)
    - neighboring facets: f948 f1397 f1402
- f1399
    - flags: bottom simplicial
    - normal:    0.4127    -0.26   -0.873
    - offset: -0.01455703
    - vertices: p1702(v280) p272(v279) p17(v81)
    - neighboring facets: f1515 f1401 f1400
- f1400
    - flags: top simplicial
    - normal:    0.3125   -0.132  -0.9407
    - offset: -0.01386297
    - vertices: p1702(v280) p272(v279) p1171(v194)
    - neighboring facets: f1786 f1397 f1399
- f1401
    - flags: top simplicial
    - normal:    0.4225  -0.5949  -0.6838
    - offset: -0.01524676
    - vertices: p1702(v280) p3259(v219) p17(v81)
    - neighboring facets: f1882 f1399 f1403
- f1402
    - flags: top simplicial
    - normal:    0.2324  -0.6745  -0.7008
    - offset: -0.01541981
    - vertices: p1702(v280) p1860(v144) p2528(v79)
    - neighboring facets: f694 f1403 f1398
- f1403
    - flags: bottom simplicial
    - normal:    0.2288  -0.8693   -0.438
    - offset: -0.01392159
    - vertices: p1702(v280) p3259(v219) p2528(v79)
    - neighboring facets: f1071 f1402 f1401
- f1404
    - flags: bottom simplicial
    - normal:    0.1413 -0.01956  -0.9898
    - offset: -0.01294209
    - vertices: p2371(v281) p3458(v195) p1894(v118)
    - neighboring facets: f947 f2088 f1800
- f1412
    - flags: bottom simplicial
    - normal:   0.01524 -0.002174  -0.9999
    - offset: -0.01309118
    - vertices: p146(v282) p2934(v70) p855(v4)
    - neighboring facets: f578 f1413 f1414
- f1413
    - flags: top simplicial
    - normal:   0.01627 -8.832e-05  -0.9999
    - offset: -0.01313851
    - vertices: p146(v282) p2931(v197) p855(v4)
    - neighboring facets: f1416 f1412 f1414
- f1414
    - flags: bottom simplicial
    - normal:   0.02703 -0.004373  -0.9996
    - offset: -0.01306618
    - vertices: p146(v282) p2931(v197) p2934(v70)
    - neighboring facets: f963 f1412 f1413
- f1416
    - flags: bottom simplicial
    - normal:   0.01432 0.006124  -0.9999
    - offset: -0.01327603
    - vertices: p3714(v283) p2931(v197) p855(v4)
    - neighboring facets: f1413 f2503 f1420
- f1419
    - flags: bottom simplicial
    - normal:   0.07048 -0.01046  -0.9975
    - offset: -0.01301618
    - vertices: p3714(v283) p1894(v118) p1147(v36)
    - neighboring facets: f947 f1420 f2092
- f1420
    - flags: top simplicial
    - normal:   0.06765 -0.01011  -0.9977
    - offset: -0.01301914
    - vertices: p3714(v283) p2931(v197) p1147(v36)
    - neighboring facets: f965 f1419 f1416
- f1421
    - flags: bottom simplicial
    - normal:   -0.7492  -0.6623 0.002095
    - offset: -0.009510875
    - vertices: p3684(v284) p626(v277) p1071(v56)
    - neighboring facets: f1383 f1423 f1422
- f1422
    - flags: top simplicial
    - normal:   -0.7426  -0.6697 0.002944
    - offset: -0.009504917
    - vertices: p3684(v284) p626(v277) p1865(v170)
    - neighboring facets: f1385 f1425 f1421
- f1423
    - flags: top simplicial
    - normal:   -0.7268  -0.6852 -0.04691
    - offset: -0.0100383
    - vertices: p3684(v284) p3485(v129) p1071(v56)
    - neighboring facets: f1375 f1421 f1424
- f1424
    - flags: top simplicial
    - normal:   -0.7268  -0.6853 -0.04691
    - offset: -0.01003831
    - vertices: p3684(v284) p161(v202) p3485(v129)
    - neighboring facets: f1430 f1423 f1427
- f1425
    - flags: top simplicial
    - normal:   -0.6671   -0.745 -0.0006446
    - offset: -0.009519456
    - vertices: p3684(v284) p1865(v170) p2001(v25)
    - neighboring facets: f833 f1426 f1422
- f1426
    - flags: bottom simplicial
    - normal:   -0.6438  -0.7652 -0.004904
    - offset: -0.009538193
    - vertices: p3684(v284) p3401(v127) p2001(v25)
    - neighboring facets: f1442 f1425 f1427
- f1427
    - flags: bottom simplicial
    - normal:   -0.6591  -0.7516 -0.02551
    - offset: -0.009777532
    - vertices: p3684(v284) p161(v202) p3401(v127)
    - neighboring facets: f1429 f1426 f1424
- f1428
    - flags: bottom simplicial
    - normal:   -0.6559  -0.7496 -0.08948
    - offset: -0.01051565
    - vertices: p3490(v285) p3485(v129) p3401(v127)
    - neighboring facets: f1433 f1429 f1430
- f1429
    - flags: top simplicial
    - normal:    -0.666  -0.7443 -0.04831
    - offset: -0.01004039
    - vertices: p3490(v285) p161(v202) p3401(v127)
    - neighboring facets: f1427 f1428 f1430
- f1430
    - flags: bottom simplicial
    - normal:   -0.7083   -0.704 -0.05109
    - offset: -0.01008803
    - vertices: p3490(v285) p161(v202) p3485(v129)
    - neighboring facets: f1424 f1428 f1429
- f1433
    - flags: top simplicial
    - normal:   -0.6392  -0.7589  -0.1244
    - offset: -0.01090727
    - vertices: p2455(v286) p3485(v129) p3401(v127)
    - neighboring facets: f1428 f1434 f1435
- f1434
    - flags: bottom simplicial
    - normal:   -0.5976   -0.799 -0.06683
    - offset: -0.01026191
    - vertices: p2455(v286) p588(v203) p3401(v127)
    - neighboring facets: f1443 f1433 f1818
- f1435
    - flags: bottom simplicial
    - normal:   -0.2247   -0.102  -0.9691
    - offset: -0.0145445
    - vertices: p2455(v286) p3485(v129) p2910(v61)
    - neighboring facets: f607 f1437 f1433
- f1437
    - flags: top simplicial
    - normal:  -0.09579 0.002745  -0.9954
    - offset: -0.01339365
    - vertices: p2455(v286) p730(v114) p2910(v61)
    - neighboring facets: f537 f1435 f1438
- f1438
    - flags: bottom simplicial
    - normal:  -0.08294 0.002014  -0.9966
    - offset: -0.01334803
    - vertices: p2455(v286) p730(v114) p3151(v112)
    - neighboring facets: f541 f1811 f1437
- f1442
    - flags: top simplicial
    - normal:   -0.5876  -0.8092 -0.00548
    - offset: -0.00953657
    - vertices: p2960(v287) p3401(v127) p2001(v25)
    - neighboring facets: f1426 f1876 f1443
- f1443
    - flags: top simplicial
    - normal:   -0.5773  -0.8164 -0.01515
    - offset: -0.009645893
    - vertices: p2960(v287) p588(v203) p3401(v127)
    - neighboring facets: f1434 f1442 f1877
- f1444
    - flags: top simplicial
    - normal:   -0.2794  -0.9587  0.05308
    - offset: -0.00946491
    - vertices: p3026(v288) p1618(v204) p1539(v128)
    - neighboring facets: f1056 f1869 f1446
- f1446
    - flags: bottom simplicial
    - normal:   -0.4152  -0.8927   0.1754
    - offset: -0.0092874
    - vertices: p3026(v288) p1618(v204) p3089(v49)
    - neighboring facets: f2319 f1510 f1444
- f1449
    - flags: top simplicial
    - normal:    0.9706  0.04337  -0.2367
    - offset: -0.01249895
    - vertices: p696(v289) p2369(v206) p208(v73)
    - neighboring facets: f999 f1492 f2111
- f1452
    - flags: bottom simplicial
    - normal:    0.9975   0.0392 -0.05813
    - offset: -0.01150929
    - vertices: p1497(v290) p2936(v130) p2735(v2)
    - neighboring facets: f1184 f1824 f1821
- f1457
    - flags: top simplicial
    - normal:    0.9453    0.325 -0.02835
    - offset: -0.01937609
    - vertices: p3242(v291) p1689(v156) p2301(v8)
    - neighboring facets: f762 f1461 f1458
- f1458
    - flags: top simplicial
    - normal:    0.9695   0.2387 -0.05532
    - offset: -0.0168665
    - vertices: p3242(v291) p2972(v208) p1689(v156)
    - neighboring facets: f1010 f1457 f1459
- f1459
    - flags: top simplicial
    - normal:    0.9782   0.1906 -0.08257
    - offset: -0.01552143
    - vertices: p3242(v291) p3209(v209) p2972(v208)
    - neighboring facets: f1014 f1458 f1460
- f1460
    - flags: bottom simplicial
    - normal:    0.9776   0.1822  -0.1053
    - offset: -0.01541039
    - vertices: p3242(v291) p3209(v209) p3407(v131)
    - neighboring facets: f1011 f1462 f1459
- f1461
    - flags: bottom simplicial
    - normal:    0.8729    0.296   -0.388
    - offset: -0.02060972
    - vertices: p3242(v291) p280(v75) p2301(v8)
    - neighboring facets: f1477 f1457 f1462
- f1462
    - flags: bottom simplicial
    - normal:    0.8773   0.2877  -0.3841
    - offset: -0.02033695
    - vertices: p3242(v291) p3407(v131) p280(v75)
    - neighboring facets: f2135 f1461 f1460
- f1463
    - flags: top simplicial
    - normal:    0.8091  0.03435  -0.5867
    - offset: -0.01393195
    - vertices: p1131(v292) p3696(v77) p1982(v19)
    - neighboring facets: f665 f2147 f1826
- f1477
    - flags: top simplicial
    - normal:    0.4952   0.6745  -0.5476
    - offset: -0.03150417
    - vertices: p2601(v294) p280(v75) p2301(v8)
    - neighboring facets: f1461 f1478 f2380
- f1478
    - flags: bottom simplicial
    - normal:    0.3538   0.7867  -0.5059
    - offset: -0.03377932
    - vertices: p2601(v294) p2554(v132) p2301(v8)
    - neighboring facets: f1846 f1477 f1844
- f1488
    - flags: bottom simplicial
    - normal:    0.8513  0.04431  -0.5228
    - offset: -0.01375307
    - vertices: p1180(v295) p1131(v292) p1885(v210)
    - neighboring facets: f1827 f2130 f2148
- f1490
    - flags: bottom simplicial
    - normal:     0.951  0.03648  -0.3069
    - offset: -0.0128322
    - vertices: p269(v296) p253(v212) p2338(v76)
    - neighboring facets: f1033 f2395 f1491
- f1491
    - flags: top simplicial
    - normal:    0.9637  0.03751  -0.2644
    - offset: -0.01263006
    - vertices: p269(v296) p253(v212) p390(v134)
    - neighboring facets: f1033 f1493 f1490
- f1492
    - flags: top simplicial
    - normal:    0.9683  0.04147  -0.2463
    - offset: -0.01254398
    - vertices: p269(v296) p696(v289) p208(v73)
    - neighboring facets: f1449 f2390 f1493
- f1493
    - flags: bottom simplicial
    - normal:    0.9679  0.04031   -0.248
    - offset: -0.01255054
    - vertices: p269(v296) p696(v289) p390(v134)
    - neighboring facets: f2113 f1491 f1492
- f1498
    - flags: top simplicial
    - normal:    0.4803 0.006756  -0.8771
    - offset: -0.01389384
    - vertices: p2578(v298) p2811(v214) p1812(v136)
    - neighboring facets: f2120 f2156 f2078
- f1501
    - flags: bottom simplicial
    - normal:   -0.2396  -0.9709 -0.00449
    - offset: -0.009540235
    - vertices: p2831(v299) p2323(v139) p1539(v128)
    - neighboring facets: f1054 f1502 f1866
- f1502
    - flags: top simplicial
    - normal:   -0.2877  -0.9577 -0.007517
    - offset: -0.009547025
    - vertices: p2831(v299) p3210(v217) p1539(v128)
    - neighboring facets: f1867 f1501 f1504
- f1504
    - flags: bottom simplicial
    - normal:   -0.2549  -0.9523   -0.168
    - offset: -0.01135148
    - vertices: p2831(v299) p3210(v217) p31(v37)
    - neighboring facets: f1062 f1865 f1502
- f1509
    - flags: top simplicial
    - normal:   -0.4623  -0.8843  0.06578
    - offset: -0.009379342
    - vertices: p209(v300) p1518(v205) p3089(v49)
    - neighboring facets: f996 f1510 f1873
- f1510
    - flags: bottom simplicial
    - normal:   -0.4354  -0.8936   0.1092
    - offset: -0.009343619
    - vertices: p209(v300) p3026(v288) p3089(v49)
    - neighboring facets: f1446 f1509 f1870
- f1515
    - flags: top simplicial
    - normal:    0.4697  -0.2888  -0.8342
    - offset: -0.01466974
    - vertices: p314(v301) p272(v279) p17(v81)
    - neighboring facets: f1399 f1883 f1555
- f1518
    - flags: bottom simplicial
    - normal:   0.05465  -0.9985 -0.00459
    - offset: -0.009541155
    - vertices: p649(v302) p3157(v220) p2678(v78)
    - neighboring facets: f1172 f1520 f1519
- f1519
    - flags: top simplicial
    - normal:   0.05536  -0.9976 -0.04191
    - offset: -0.009965311
    - vertices: p649(v302) p3157(v220) p2528(v79)
    - neighboring facets: f1077 f1521 f1518
- f1520
    - flags: top simplicial
    - normal:  -0.01237  -0.9986 -0.05097
    - offset: -0.01007175
    - vertices: p649(v302) p153(v142) p2678(v78)
    - neighboring facets: f1064 f1518 f1521
- f1521
    - flags: bottom simplicial
    - normal:   0.01928  -0.9977 -0.06545
    - offset: -0.01023456
    - vertices: p649(v302) p153(v142) p2528(v79)
    - neighboring facets: f682 f1519 f1520
- f1524
    - flags: bottom simplicial
    - normal:    0.9544  -0.2859  0.08583
    - offset: -0.01031886
    - vertices: p45(v303) p3115(v153) p3908(v42)
    - neighboring facets: f744 f2184 f2176
- f1543
    - flags: top simplicial
    - normal:    0.8521  -0.5211 -0.04829
    - offset: -0.01106885
    - vertices: p1122(v307) p2657(v222) p3025(v145)
    - neighboring facets: f1884 f1544 f2199
- f1544
    - flags: top simplicial
    - normal:     0.831  -0.5538 -0.05208
    - offset: -0.01109451
    - vertices: p1122(v307) p3025(v145) p3840(v82)
    - neighboring facets: f1094 f2204 f1543
- f1549
    - flags: top simplicial
    - normal:    0.7655  -0.5243  -0.3731
    - offset: -0.01338924
    - vertices: p2962(v308) p2838(v146) p3840(v82)
    - neighboring facets: f1101 f1550 f1551
- f1550
    - flags: bottom simplicial
    - normal:    0.7705  -0.5192  -0.3699
    - offset: -0.01336992
    - vertices: p2962(v308) p263(v223) p3840(v82)
    - neighboring facets: f1094 f1549 f1553
- f1551
    - flags: top simplicial
    - normal:     0.716  -0.5347  -0.4489
    - offset: -0.01382961
    - vertices: p2962(v308) p314(v301) p2838(v146)
    - neighboring facets: f1880 f1549 f1555
- f1552
    - flags: top simplicial
    - normal:    0.6103  -0.1776   -0.772
    - offset: -0.01437625
    - vertices: p2962(v308) p2961(v213) p2797(v9)
    - neighboring facets: f1036 f1916 f1553
- f1553
    - flags: top simplicial
    - normal:    0.7451  -0.2528  -0.6172
    - offset: -0.01429949
    - vertices: p2962(v308) p263(v223) p2961(v213)
    - neighboring facets: f1095 f1552 f1550
- f1555
    - flags: bottom simplicial
    - normal:    0.5544  -0.2843  -0.7822
    - offset: -0.01460001
    - vertices: p2962(v308) p314(v301) p272(v279)
    - neighboring facets: f1515 f1917 f1551
- f1556
    - flags: top simplicial
    - normal:    0.6356  -0.7692 -0.06631
    - offset: -0.01125596
    - vertices: p682(v309) p1827(v225) p1347(v40)
    - neighboring facets: f1105 f1557 f2427
- f1557
    - flags: bottom simplicial
    - normal:    0.4958  -0.8678  0.03358
    - offset: -0.01025755
    - vertices: p682(v309) p989(v152) p1347(v40)
    - neighboring facets: f2212 f1556 f1558
- f1558
    - flags: bottom simplicial
    - normal:    0.5095  -0.8598   0.0353
    - offset: -0.01026182
    - vertices: p682(v309) p1528(v237) p989(v152)
    - neighboring facets: f1618 f1557 f1559
- f1559
    - flags: top simplicial
    - normal:    0.5639  -0.8255  0.02271
    - offset: -0.01044049
    - vertices: p682(v309) p1528(v237) p817(v151)
    - neighboring facets: f2473 f2426 f1558
- f1562
    - flags: bottom simplicial
    - normal:     0.111 -0.02392   0.9935
    - offset: -0.001000405
    - vertices: p3211(v310) p547(v147) p1031(v6)
    - neighboring facets: f1108 f1572 f1564
- f1564
    - flags: bottom simplicial
    - normal:    0.1326 -0.02712   0.9908
    - offset: -0.001028267
    - vertices: p3211(v310) p2433(v227) p547(v147)
    - neighboring facets: f1570 f1562 f1573
- f1568
    - flags: top simplicial
    - normal:    0.1826 -0.02594   0.9828
    - offset: -0.001156776
    - vertices: p3478(v311) p2872(v148) p3863(v83)
    - neighboring facets: f1118 f1925 f1608
- f1570
    - flags: top simplicial
    - normal:    0.1415  -0.0271   0.9896
    - offset: -0.001044716
    - vertices: p3478(v311) p2433(v227) p547(v147)
    - neighboring facets: f1564 f1571 f1573
- f1571
    - flags: bottom simplicial
    - normal:    0.1416 -0.02709   0.9896
    - offset: -0.001044989
    - vertices: p3478(v311) p1959(v232) p547(v147)
    - neighboring facets: f1143 f1570 f1609
- f1572
    - flags: bottom simplicial
    - normal:    0.1416  -0.1105   0.9837
    - offset: -0.001744168
    - vertices: p3478(v311) p3211(v310) p1031(v6)
    - neighboring facets: f1562 f1923 f1573
- f1573
    - flags: top simplicial
    - normal:    0.1375 -0.04918   0.9893
    - offset: -0.001218282
    - vertices: p3478(v311) p3211(v310) p2433(v227)
    - neighboring facets: f1564 f1570 f1572
- f1587
    - flags: bottom simplicial
    - normal:    0.5168  -0.2464   0.8199
    - offset: -0.004642957
    - vertices: p354(v313) p1663(v236) p741(v21)
    - neighboring facets: f2008 f1934 f1588
- f1588
    - flags: top simplicial
    - normal:    0.4994  -0.2482   0.8301
    - offset: -0.004515121
    - vertices: p354(v313) p1663(v236) p1121(v228)
    - neighboring facets: f1921 f1599 f1587
- f1589
    - flags: top simplicial
    - normal:    0.2594 -0.003683   0.9658
    - offset: -0.001897698
    - vertices: p3986(v314) p551(v230) p1451(v41)
    - neighboring facets: f1604 f1939 f1942
- f1599
    - flags: top simplicial
    - normal:    0.3243 -0.03518   0.9453
    - offset: -0.002032079
    - vertices: p624(v315) p354(v313) p1121(v228)
    - neighboring facets: f1588 f1951 f1936
- f1602
    - flags: top simplicial
    - normal:      0.24 -0.01797   0.9706
    - offset: -0.001491441
    - vertices: p697(v316) p551(v230) p2872(v148)
    - neighboring facets: f2257 f1603 f1604
- f1603
    - flags: bottom simplicial
    - normal:    0.2293  -0.0185   0.9732
    - offset: -0.001431682
    - vertices: p697(v316) p959(v231) p2872(v148)
    - neighboring facets: f1606 f1602 f1605
- f1604
    - flags: bottom simplicial
    - normal:    0.2351 -0.01564   0.9718
    - offset: -0.001516808
    - vertices: p697(v316) p551(v230) p1451(v41)
    - neighboring facets: f1589 f1605 f1602
- f1605
    - flags: top simplicial
    - normal:     0.233 -0.01602   0.9723
    - offset: -0.00149952
    - vertices: p697(v316) p959(v231) p1451(v41)
    - neighboring facets: f1704 f1604 f1603
- f1606
    - flags: top simplicial
    - normal:    0.1881 -0.02219   0.9819
    - offset: -0.001196355
    - vertices: p2127(v317) p959(v231) p2872(v148)
    - neighboring facets: f1603 f1608 f1953
- f1608
    - flags: bottom simplicial
    - normal:    0.1802 -0.02537   0.9833
    - offset: -0.001144708
    - vertices: p2127(v317) p3478(v311) p2872(v148)
    - neighboring facets: f1568 f1606 f1609
- f1609
    - flags: top simplicial
    - normal:     0.178 -0.02497   0.9837
    - offset: -0.001134814
    - vertices: p2127(v317) p3478(v311) p1959(v232)
    - neighboring facets: f1571 f1954 f1608
- f1610
    - flags: top simplicial
    - normal:    0.9062  -0.4129   0.0909
    - offset: -0.01025126
    - vertices: p3169(v318) p3710(v234) p3908(v42)
    - neighboring facets: f1148 f2409 f1912
- f1614
    - flags: top simplicial
    - normal:    0.9213  -0.1717    0.349
    - offset: -0.008740732
    - vertices: p3732(v319) p2746(v87) p3908(v42)
    - neighboring facets: f744 f1615 f1616
- f1615
    - flags: bottom simplicial
    - normal:     0.915  -0.1973   0.3519
    - offset:  -0.008756
    - vertices: p3732(v319) p2295(v235) p3908(v42)
    - neighboring facets: f1153 f1614 f1616
- f1616
    - flags: top simplicial
    - normal:    0.9046  -0.1488   0.3995
    - offset: -0.008380396
    - vertices: p3732(v319) p2295(v235) p2746(v87)
    - neighboring facets: f2287 f1614 f1615
- f1617
    - flags: bottom simplicial
    - normal:    0.6534  -0.5914   0.4725
    - offset: -0.008438713
    - vertices: p2244(v320) p1663(v236) p989(v152)
    - neighboring facets: f1920 f1618 f1621
- f1618
    - flags: top simplicial
    - normal:     0.664    -0.72   0.2016
    - offset: -0.009789467
    - vertices: p2244(v320) p1528(v237) p989(v152)
    - neighboring facets: f1558 f1617 f1619
- f1619
    - flags: bottom simplicial
    - normal:    0.7237   -0.669   0.1696
    - offset: -0.009939993
    - vertices: p2244(v320) p1528(v237) p3529(v85)
    - neighboring facets: f1905 f1620 f1618
- f1620
    - flags: top simplicial
    - normal:     0.735  -0.3829   0.5596
    - offset: -0.007502729
    - vertices: p2244(v320) p2069(v150) p3529(v85)
    - neighboring facets: f1149 f1619 f1621
- f1621
    - flags: top simplicial
    - normal:    0.7307  -0.3791   0.5677
    - offset: -0.007431894
    - vertices: p2244(v320) p1663(v236) p2069(v150)
    - neighboring facets: f2009 f1620 f1617
- f1628
    - flags: bottom simplicial
    - normal:    0.9719  0.07334   0.2236
    - offset: -0.01026358
    - vertices: p804(v323) p2082(v246) p2403(v22)
    - neighboring facets: f1987 f2268 f1629
- f1629
    - flags: top simplicial
    - normal:    0.9732  0.09135   0.2112
    - offset: -0.01088133
    - vertices: p804(v323) p2082(v246) p5(v88)
    - neighboring facets: f1214 f2262 f1628
- f1640
    - flags: bottom simplicial
    - normal:    0.9316  0.03829   0.3615
    - offset: -0.00875307
    - vertices: p3921(v325) p1183(v243) p2746(v87)
    - neighboring facets: f1970 f1976 f1984
- f1641
    - flags: bottom simplicial
    - normal:    0.9647  0.05474   0.2578
    - offset: -0.009529959
    - vertices: p3921(v325) p996(v241) p2403(v22)
    - neighboring facets: f2270 f1990 f1977
- f1646
    - flags: bottom simplicial
    - normal:    0.9345   0.0698   0.3491
    - offset: -0.009411153
    - vertices: p3805(v326) p2082(v246) p1249(v155)
    - neighboring facets: f1214 f1981 f1988
- f1659
    - flags: top simplicial
    - normal:    0.7783  0.03898   0.6267
    - offset: -0.006526509
    - vertices: p847(v327) p1599(v247) p1904(v244)
    - neighboring facets: f1219 f2285 f2017
- f1661
    - flags: bottom simplicial
    - normal:    0.2202   0.9277   0.3016
    - offset: -0.03214819
    - vertices: p3761(v328) p483(v250) p3508(v23)
    - neighboring facets: f1234 f1662 f1663
- f1662
    - flags: top simplicial
    - normal:    0.1939   0.9678   0.1608
    - offset: -0.0337326
    - vertices: p3761(v328) p749(v248) p3508(v23)
    - neighboring facets: f1226 f1661 f1663
- f1663
    - flags: top simplicial
    - normal:    0.1505   0.9633   0.2224
    - offset: -0.03354681
    - vertices: p3761(v328) p483(v250) p749(v248)
    - neighboring facets: f1240 f1662 f1661
- f1664
    - flags: bottom simplicial
    - normal:   -0.1011   0.1703   0.9802
    - offset: -0.006222552
    - vertices: p2316(v329) p109(v91) p1300(v24)
    - neighboring facets: f856 f2027 f1665
- f1665
    - flags: bottom simplicial
    - normal:  -0.07694   0.9245   0.3733
    - offset: -0.03264816
    - vertices: p2316(v329) p483(v250) p109(v91)
    - neighboring facets: f1239 f1664 f2294
- f1679
    - flags: bottom simplicial
    - normal:    0.2337   0.3521   0.9063
    - offset: -0.0121614
    - vertices: p670(v331) p3980(v253) p3459(v92)
    - neighboring facets: f1688 f2300 f1686
- f1681
    - flags: bottom simplicial
    - normal:    0.1609   0.2341   0.9588
    - offset: -0.008162834
    - vertices: p670(v331) p1432(v252) p3144(v165)
    - neighboring facets: f1264 f1685 f1718
- f1685
    - flags: bottom simplicial
    - normal:    0.1984    0.284   0.9381
    - offset: -0.009855398
    - vertices: p2449(v332) p670(v331) p3144(v165)
    - neighboring facets: f1681 f1687 f1686
- f1686
    - flags: top simplicial
    - normal:    0.2161   0.3113   0.9254
    - offset: -0.01078213
    - vertices: p2449(v332) p670(v331) p3980(v253)
    - neighboring facets: f1679 f1688 f1685
- f1687
    - flags: top simplicial
    - normal:    0.3731  0.08738   0.9237
    - offset: -0.004898685
    - vertices: p2449(v332) p2245(v255) p3144(v165)
    - neighboring facets: f1264 f1685 f2035
- f1688
    - flags: top simplicial
    - normal:    0.2491   0.3282   0.9112
    - offset: -0.01148004
    - vertices: p2449(v332) p3980(v253) p3459(v92)
    - neighboring facets: f1679 f1689 f1686
- f1689
    - flags: bottom simplicial
    - normal:    0.2788   0.3162   0.9068
    - offset: -0.0112863
    - vertices: p2449(v332) p2291(v254) p3459(v92)
    - neighboring facets: f1257 f1688 f2036
- f1693
    - flags: top simplicial
    - normal:    0.5678   0.1141   0.8152
    - offset: -0.007036595
    - vertices: p3225(v333) p2291(v254) p2342(v163)
    - neighboring facets: f1257 f1695 f2038
- f1694
    - flags: top simplicial
    - normal:    0.5869  0.07786   0.8059
    - offset: -0.006059507
    - vertices: p3225(v333) p2839(v251) p1199(v11)
    - neighboring facets: f1247 f2037 f1695
- f1695
    - flags: bottom simplicial
    - normal:    0.5983  0.08183   0.7971
    - offset: -0.006263005
    - vertices: p3225(v333) p2839(v251) p2342(v163)
    - neighboring facets: f2021 f1693 f1694
- f1696
    - flags: bottom simplicial
    - normal:  0.004974  0.03506   0.9994
    - offset: -0.001985525
    - vertices: p2558(v334) p522(v166) p2690(v94)
    - neighboring facets: f819 f1697 f1698
- f1697
    - flags: top simplicial
    - normal:  0.005115  0.03488   0.9994
    - offset: -0.001981144
    - vertices: p2558(v334) p559(v257) p2690(v94)
    - neighboring facets: f2041 f1696 f2232
- f1698
    - flags: bottom simplicial
    - normal:   0.08679  0.06607    0.994
    - offset: -0.003008987
    - vertices: p2558(v334) p3421(v258) p522(v166)
    - neighboring facets: f1716 f1696 f2228
- f1702
    - flags: bottom simplicial
    - normal:    0.1148 -0.01692   0.9932
    - offset: -0.001033916
    - vertices: p1998(v335) p1238(v226) p547(v147)
    - neighboring facets: f1108 f1703 f2326
- f1703
    - flags: top simplicial
    - normal:    0.1176 -0.01711   0.9929
    - offset: -0.00103841
    - vertices: p1998(v335) p959(v231) p547(v147)
    - neighboring facets: f1143 f1702 f1704
- f1704
    - flags: bottom simplicial
    - normal:    0.1213 -0.005082   0.9926
    - offset: -0.001314446
    - vertices: p1998(v335) p959(v231) p1451(v41)
    - neighboring facets: f1605 f2231 f1703
- f1712
    - flags: bottom simplicial
    - normal:     0.204  0.07134   0.9764
    - offset: -0.003593846
    - vertices: p1389(v337) p1788(v164) p3397(v93)
    - neighboring facets: f1251 f1717 f1713
- f1713
    - flags: bottom simplicial
    - normal:      0.18  0.06279   0.9817
    - offset: -0.003259194
    - vertices: p1389(v337) p3421(v258) p1788(v164)
    - neighboring facets: f1937 f1712 f1716
- f1715
    - flags: bottom simplicial
    - normal:   0.06147   0.1212   0.9907
    - offset: -0.004482005
    - vertices: p1389(v337) p3545(v256) p522(v166)
    - neighboring facets: f2028 f1716 f2029
- f1716
    - flags: top simplicial
    - normal:   0.08851  0.07115   0.9935
    - offset: -0.003152914
    - vertices: p1389(v337) p3421(v258) p522(v166)
    - neighboring facets: f1698 f1715 f1713
- f1717
    - flags: top simplicial
    - normal:    0.1587   0.1464   0.9764
    - offset: -0.005571489
    - vertices: p1389(v337) p1432(v252) p3397(v93)
    - neighboring facets: f1251 f1712 f1718
- f1718
    - flags: top simplicial
    - normal:    0.1204   0.1921    0.974
    - offset: -0.006732871
    - vertices: p1389(v337) p670(v331) p1432(v252)
    - neighboring facets: f1681 f1717 f2030
- f1720
    - flags: top simplicial
    - normal:   -0.1296   0.0287   0.9912
    - offset: -0.001746673
    - vertices: p3461(v338) p3939(v259) p1316(v167)
    - neighboring facets: f1286 f2040 f2304
- f1734
    - flags: bottom simplicial
    - normal:  -0.06586 -0.06273   0.9959
    - offset: -0.001775522
    - vertices: p2923(v340) p2334(v261) p3089(v49)
    - neighboring facets: f1297 f2322 f2048
- f1739
    - flags: bottom simplicial
    - normal:   -0.1402 0.009052   0.9901
    - offset: -0.001662184
    - vertices: p2156(v341) p3939(v259) p215(v171)
    - neighboring facets: f1287 f1740 f1741
- f1740
    - flags: top simplicial
    - normal:    -0.143 0.005797   0.9897
    - offset: -0.001699958
    - vertices: p2156(v341) p2334(v261) p215(v171)
    - neighboring facets: f1299 f1739 f1741
- f1741
    - flags: bottom simplicial
    - normal:   -0.1274  0.00816   0.9918
    - offset: -0.001594739
    - vertices: p2156(v341) p2334(v261) p3939(v259)
    - neighboring facets: f2306 f1739 f1740
- f1742
    - flags: top simplicial
    - normal:    -0.977   0.1362   0.1639
    - offset: -0.01008303
    - vertices: p717(v342) p180(v265) p3831(v50)
    - neighboring facets: f1314 f1744 f1743
- f1743
    - flags: bottom simplicial
    - normal:   -0.9831   0.1438   0.1136
    - offset: -0.01040317
    - vertices: p717(v342) p180(v265) p357(v178)
    - neighboring facets: f2067 f1750 f1742
- f1744
    - flags: bottom simplicial
    - normal:   -0.9754  0.06649   0.2103
    - offset: -0.009372883
    - vertices: p717(v342) p1858(v177) p3831(v50)
    - neighboring facets: f1314 f1742 f1746
- f1745
    - flags: bottom simplicial
    - normal:   -0.9848 -0.01528   0.1728
    - offset: -0.009026748
    - vertices: p717(v342) p2279(v98) p3707(v26)
    - neighboring facets: f845 f1746 f1747
- f1746
    - flags: top simplicial
    - normal:   -0.9785 -0.001867   0.2065
    - offset: -0.008923346
    - vertices: p717(v342) p1858(v177) p3707(v26)
    - neighboring facets: f1331 f1745 f1744
- f1747
    - flags: bottom simplicial
    - normal:   -0.9977 -0.03711  0.05633
    - offset: -0.009470372
    - vertices: p717(v342) p3865(v172) p2279(v98)
    - neighboring facets: f846 f1745 f1748
- f1748
    - flags: top simplicial
    - normal:   -0.9991 -0.03125  0.02933
    - offset: -0.009636121
    - vertices: p717(v342) p3865(v172) p2576(v1)
    - neighboring facets: f847 f1749 f1747
- f1749
    - flags: bottom simplicial
    - normal:   -0.9999  0.01153 -0.003627
    - offset: -0.01008864
    - vertices: p717(v342) p3418(v266) p2576(v1)
    - neighboring facets: f1325 f1748 f1750
- f1750
    - flags: top simplicial
    - normal:   -0.9915   0.1293  0.01097
    - offset: -0.01079977
    - vertices: p717(v342) p3418(v266) p357(v178)
    - neighboring facets: f2068 f1743 f1749
- f1751
    - flags: top simplicial
    - normal:   -0.9872   0.1565 -0.03015
    - offset: -0.0112544
    - vertices: p3667(v343) p3418(v266) p943(v65)
    - neighboring facets: f1321 f1753 f2066
- f1753
    - flags: bottom simplicial
    - normal:   -0.9755   0.2199 -0.001519
    - offset: -0.01294992
    - vertices: p3667(v343) p140(v264) p943(v65)
    - neighboring facets: f1311 f1751 f1754
- f1754
    - flags: bottom simplicial
    - normal:   -0.9763   0.2166 0.001766
    - offset: -0.01281093
    - vertices: p3667(v343) p180(v265) p140(v264)
    - neighboring facets: f1320 f1753 f2330
- f1758
    - flags: top simplicial
    - normal:  -0.04048   0.1075  -0.9934
    - offset: -0.01580667
    - vertices: p757(v345) p1772(v182) p2968(v58)
    - neighboring facets: f890 f1761 f2070
- f1761
    - flags: top simplicial
    - normal:  -0.01805  0.02027  -0.9996
    - offset: -0.0135627
    - vertices: p757(v345) p2968(v58) p855(v4)
    - neighboring facets: f515 f2347 f1758
- f1770
    - flags: bottom simplicial
    - normal:    0.1532   0.2176  -0.9639
    - offset: -0.01917725
    - vertices: p3924(v347) p643(v272) p1022(v17)
    - neighboring facets: f2522 f2100 f2103
- f1776
    - flags: top simplicial
    - normal:   -0.8067  -0.5899  0.03555
    - offset: -0.009482285
    - vertices: p1207(v349) p626(v277) p2777(v185)
    - neighboring facets: f1381 f1777 f1780
- f1777
    - flags: top simplicial
    - normal:   -0.8121   -0.581   0.0533
    - offset: -0.009460264
    - vertices: p1207(v349) p2777(v185) p1962(v12)
    - neighboring facets: f905 f1778 f1776
- f1778
    - flags: bottom simplicial
    - normal:   -0.8086  -0.5855  0.05784
    - offset: -0.009457577
    - vertices: p1207(v349) p3836(v276) p1962(v12)
    - neighboring facets: f1379 f1777 f1779
- f1779
    - flags: top simplicial
    - normal:   -0.7745    -0.63  0.05648
    - offset: -0.009466155
    - vertices: p1207(v349) p3836(v276) p2030(v97)
    - neighboring facets: f1379 f1780 f1778
- f1780
    - flags: bottom simplicial
    - normal:   -0.7611  -0.6464  0.05293
    - offset: -0.009464941
    - vertices: p1207(v349) p626(v277) p2030(v97)
    - neighboring facets: f1385 f1779 f1776
- f1785
    - flags: bottom simplicial
    - normal:     0.271 -0.03171   -0.962
    - offset: -0.01320197
    - vertices: p3705(v351) p1171(v194) p2946(v117)
    - neighboring facets: f1807 f1787 f1786
- f1786
    - flags: bottom simplicial
    - normal:    0.2746 -0.03241   -0.961
    - offset: -0.01321329
    - vertices: p3705(v351) p272(v279) p1171(v194)
    - neighboring facets: f1400 f1785 f2080
- f1787
    - flags: top simplicial
    - normal:    0.2736 -0.01688  -0.9617
    - offset: -0.01324164
    - vertices: p3705(v351) p899(v196) p2946(v117)
    - neighboring facets: f1804 f1785 f2162
- f1799
    - flags: top simplicial
    - normal:    0.1479 -0.02495  -0.9887
    - offset:  -0.012918
    - vertices: p3384(v353) p3458(v195) p656(v18)
    - neighboring facets: f948 f1801 f1800
- f1800
    - flags: top simplicial
    - normal:      0.15 -0.02064  -0.9885
    - offset: -0.01293784
    - vertices: p3384(v353) p2371(v281) p3458(v195)
    - neighboring facets: f1404 f1799 f2107
- f1801
    - flags: bottom simplicial
    - normal:    0.1847 -0.02904  -0.9824
    - offset: -0.01296684
    - vertices: p3384(v353) p1171(v194) p656(v18)
    - neighboring facets: f1397 f1799 f2109
- f1804
    - flags: bottom simplicial
    - normal:    0.2367 -0.01958  -0.9714
    - offset: -0.01312676
    - vertices: p2397(v354) p899(v196) p2946(v117)
    - neighboring facets: f1787 f1807 f1805
- f1805
    - flags: bottom simplicial
    - normal:    0.2155 -0.02062  -0.9763
    - offset: -0.01306407
    - vertices: p2397(v354) p2371(v281) p899(v196)
    - neighboring facets: f2479 f1804 f2108
- f1807
    - flags: top simplicial
    - normal:    0.2214 -0.02723  -0.9748
    - offset: -0.01305932
    - vertices: p2397(v354) p1171(v194) p2946(v117)
    - neighboring facets: f1785 f1804 f2110
- f1809
    - flags: top simplicial
    - normal:   -0.1139  -0.3435  -0.9322
    - offset: -0.01540222
    - vertices: p286(v355) p3415(v72) p1778(v5)
    - neighboring facets: f588 f1813 f1810
- f1810
    - flags: top simplicial
    - normal:   -0.1196  -0.3503   -0.929
    - offset: -0.01544099
    - vertices: p286(v355) p2455(v286) p3415(v72)
    - neighboring facets: f1817 f1809 f1811
- f1811
    - flags: bottom simplicial
    - normal:   -0.0729 -0.001278  -0.9973
    - offset: -0.01333236
    - vertices: p286(v355) p2455(v286) p3151(v112)
    - neighboring facets: f1438 f1812 f1810
- f1812
    - flags: bottom simplicial
    - normal:   -0.0612 2.337e-05  -0.9981
    - offset: -0.01327672
    - vertices: p286(v355) p3151(v112) p3325(v29)
    - neighboring facets: f541 f1814 f1811
- f1813
    - flags: bottom simplicial
    - normal:  -0.02776 -0.003387  -0.9996
    - offset: -0.01316443
    - vertices: p286(v355) p3643(v122) p1778(v5)
    - neighboring facets: f975 f1809 f1814
- f1814
    - flags: top simplicial
    - normal:  -0.02815 -0.003315  -0.9996
    - offset: -0.0131656
    - vertices: p286(v355) p3643(v122) p3325(v29)
    - neighboring facets: f577 f1812 f1813
- f1817
    - flags: bottom simplicial
    - normal:    -0.471  -0.8735  -0.1231
    - offset: -0.01092576
    - vertices: p1506(v356) p2455(v286) p3415(v72)
    - neighboring facets: f1810 f2167 f1818
- f1818
    - flags: top simplicial
    - normal:   -0.5149  -0.8553 -0.05777
    - offset: -0.01016148
    - vertices: p1506(v356) p2455(v286) p588(v203)
    - neighboring facets: f1434 f1878 f1817
- f1821
    - flags: top simplicial
    - normal:    0.9958  0.04333 -0.08022
    - offset: -0.01164486
    - vertices: p2457(v357) p1497(v290) p2936(v130)
    - neighboring facets: f1452 f2356 f1824
- f1823
    - flags: top simplicial
    - normal:    0.9923 0.005323  -0.1237
    - offset: -0.01184308
    - vertices: p2457(v357) p390(v134) p2735(v2)
    - neighboring facets: f2422 f1824 f2114
- f1824
    - flags: bottom simplicial
    - normal:     0.997  0.03847 -0.06658
    - offset: -0.01155595
    - vertices: p2457(v357) p1497(v290) p2735(v2)
    - neighboring facets: f1452 f1823 f1821
- f1826
    - flags: bottom simplicial
    - normal:    0.7969  0.03483  -0.6032
    - offset: -0.0139788
    - vertices: p1173(v358) p1131(v292) p3696(v77)
    - neighboring facets: f1463 f2365 f1827
- f1827
    - flags: top simplicial
    - normal:    0.7756  0.03723  -0.6302
    - offset: -0.01405053
    - vertices: p1173(v358) p1131(v292) p1885(v210)
    - neighboring facets: f1488 f2362 f1826
- f1834
    - flags: top simplicial
    - normal:    0.6145  0.01953  -0.7887
    - offset: -0.01412267
    - vertices: p2507(v360) p398(v359) p1276(v293)
    - neighboring facets: f2359 f2140 f2367
- f1843
    - flags: bottom simplicial
    - normal:     0.266   0.6912  -0.6719
    - offset: -0.03178762
    - vertices: p1167(v362) p2601(v294) p643(v272)
    - neighboring facets: f2074 f1845 f1844
- f1844
    - flags: top simplicial
    - normal:    0.2746   0.8226  -0.4979
    - offset: -0.03432817
    - vertices: p1167(v362) p2601(v294) p2554(v132)
    - neighboring facets: f1478 f1846 f1843
- f1845
    - flags: bottom simplicial
    - normal:  -0.02742   0.1531  -0.9878
    - offset: -0.01725491
    - vertices: p1167(v362) p643(v272) p964(v107)
    - neighboring facets: f1357 f1850 f1843
- f1846
    - flags: top simplicial
    - normal:    0.2593   0.8674  -0.4247
    - offset: -0.03507136
    - vertices: p1167(v362) p2554(v132) p2301(v8)
    - neighboring facets: f1478 f1847 f1844
- f1847
    - flags: bottom simplicial
    - normal:    0.2249   0.9224  -0.3139
    - offset: -0.03577195
    - vertices: p1167(v362) p1223(v157) p2301(v8)
    - neighboring facets: f768 f1846 f1849
- f1848
    - flags: top simplicial
    - normal:  -0.01753   0.9819  -0.1887
    - offset: -0.03694362
    - vertices: p1167(v362) p2795(v90) p141(v35)
    - neighboring facets: f424 f1850 f1849
- f1849
    - flags: top simplicial
    - normal:    0.1911   0.9472  -0.2575
    - offset: -0.03605194
    - vertices: p1167(v362) p1223(v157) p2795(v90)
    - neighboring facets: f768 f1848 f1847
- f1850
    - flags: bottom simplicial
    - normal:   -0.2108   0.4971  -0.8417
    - offset: -0.0280801
    - vertices: p1167(v362) p964(v107) p141(v35)
    - neighboring facets: f1360 f1848 f1845
- f1854
    - flags: bottom simplicial
    - normal:    0.9102  0.04005  -0.4122
    - offset: -0.01330824
    - vertices: p1510(v363) p2105(v215) p2319(v138)
    - neighboring facets: f1048 f2144 f2149
- f1864
    - flags: top simplicial
    - normal:   -0.1372  -0.9894 -0.04832
    - offset: -0.01005288
    - vertices: p3717(v365) p2323(v139) p31(v37)
    - neighboring facets: f1066 f1865 f1866
- f1865
    - flags: bottom simplicial
    - normal:   -0.1722  -0.9828 -0.06694
    - offset: -0.01026708
    - vertices: p3717(v365) p2831(v299) p31(v37)
    - neighboring facets: f1504 f1864 f1866
- f1866
    - flags: top simplicial
    - normal:   -0.1758  -0.9836  -0.0403
    - offset: -0.009963266
    - vertices: p3717(v365) p2831(v299) p2323(v139)
    - neighboring facets: f1501 f1864 f1865
- f1867
    - flags: bottom simplicial
    - normal:    -0.294  -0.9558 -0.007288
    - offset: -0.009545461
    - vertices: p891(v366) p3210(v217) p1539(v128)
    - neighboring facets: f1502 f1869 f1868
- f1868
    - flags: bottom simplicial
    - normal:   -0.3453  -0.9385 -0.006681
    - offset: -0.009532404
    - vertices: p891(v366) p209(v300) p3210(v217)
    - neighboring facets: f1872 f1867 f1870
- f1869
    - flags: top simplicial
    - normal:    -0.285  -0.9571  0.05143
    - offset: -0.00946695
    - vertices: p891(v366) p3026(v288) p1539(v128)
    - neighboring facets: f1444 f1867 f1870
- f1870
    - flags: top simplicial
    - normal:   -0.2986   -0.953  0.05014
    - offset: -0.009469683
    - vertices: p891(v366) p209(v300) p3026(v288)
    - neighboring facets: f1510 f1869 f1868
- f1872
    - flags: top simplicial
    - normal:   -0.3576  -0.9338 -0.00708
    - offset: -0.009531623
    - vertices: p453(v367) p209(v300) p3210(v217)
    - neighboring facets: f1868 f2166 f1873
- f1873
    - flags: bottom simplicial
    - normal:   -0.4185  -0.9082 0.001498
    - offset: -0.009495679
    - vertices: p453(v367) p209(v300) p1518(v205)
    - neighboring facets: f1509 f1875 f1872
- f1875
    - flags: bottom simplicial
    - normal:   -0.5105  -0.8599 0.006507
    - offset: -0.009448283
    - vertices: p453(v367) p1518(v205) p2001(v25)
    - neighboring facets: f996 f1876 f1873
- f1876
    - flags: top simplicial
    - normal:   -0.5367  -0.8438 0.001343
    - offset: -0.009488146
    - vertices: p453(v367) p2960(v287) p2001(v25)
    - neighboring facets: f1442 f1875 f1877
- f1877
    - flags: bottom simplicial
    - normal:   -0.5492  -0.8354  -0.0197
    - offset: -0.009706781
    - vertices: p453(v367) p2960(v287) p588(v203)
    - neighboring facets: f1443 f1878 f1876
- f1878
    - flags: top simplicial
    - normal:   -0.5147  -0.8563 -0.04336
    - offset: -0.00998757
    - vertices: p453(v367) p1506(v356) p588(v203)
    - neighboring facets: f1818 f1877 f2168
- f1879
    - flags: bottom simplicial
    - normal:    0.6947  -0.6302  -0.3467
    - offset: -0.01334941
    - vertices: p298(v368) p2838(v146) p1347(v40)
    - neighboring facets: f1105 f1881 f1880
- f1880
    - flags: bottom simplicial
    - normal:    0.7151  -0.5372  -0.4473
    - offset: -0.01382523
    - vertices: p298(v368) p314(v301) p2838(v146)
    - neighboring facets: f1551 f1879 f1883
- f1881
    - flags: top simplicial
    - normal:    0.6495   -0.642  -0.4074
    - offset: -0.01383855
    - vertices: p298(v368) p3259(v219) p1347(v40)
    - neighboring facets: f2213 f1879 f1882
- f1882
    - flags: bottom simplicial
    - normal:    0.5729  -0.5583  -0.6001
    - offset: -0.01480954
    - vertices: p298(v368) p3259(v219) p17(v81)
    - neighboring facets: f1401 f1883 f1881
- f1883
    - flags: top simplicial
    - normal:    0.5805  -0.5199  -0.6267
    - offset: -0.01483542
    - vertices: p298(v368) p314(v301) p17(v81)
    - neighboring facets: f1515 f1882 f1880
- f1884
    - flags: bottom simplicial
    - normal:    0.8719  -0.4869 -0.05167
    - offset: -0.01108865
    - vertices: p752(v369) p2657(v222) p3025(v145)
    - neighboring facets: f1543 f2171 f2407
- f1892
    - flags: top simplicial
    - normal:    0.9305   -0.165   -0.327
    - offset: -0.01275494
    - vertices: p1269(v370) p2105(v215) p3762(v39)
    - neighboring facets: f1048 f2174 f1893
- f1893
    - flags: bottom simplicial
    - normal:    0.9367  -0.1648   -0.309
    - offset: -0.01266299
    - vertices: p1269(v370) p2105(v215) p1889(v133)
    - neighboring facets: f1050 f2416 f1892
- f1905
    - flags: top simplicial
    - normal:    0.7444  -0.6545   0.1319
    - offset: -0.01010353
    - vertices: p2823(v373) p1528(v237) p3529(v85)
    - neighboring facets: f1619 f1915 f2474
- f1912
    - flags: bottom simplicial
    - normal:    0.8813  -0.4661  0.07741
    - offset: -0.01034791
    - vertices: p1046(v374) p3169(v318) p3710(v234)
    - neighboring facets: f1610 f1914 f2207
- f1913
    - flags: bottom simplicial
    - normal:    0.8056  -0.5881   0.0713
    - offset: -0.01036072
    - vertices: p1046(v374) p2823(v373) p2571(v306)
    - neighboring facets: f2430 f2198 f1915
- f1914
    - flags: bottom simplicial
    - normal:    0.8059  -0.5859  0.08499
    - offset: -0.01030035
    - vertices: p1046(v374) p3710(v234) p3529(v85)
    - neighboring facets: f1149 f1915 f1912
- f1915
    - flags: top simplicial
    - normal:    0.8048  -0.5875  0.08408
    - offset: -0.01030287
    - vertices: p1046(v374) p2823(v373) p3529(v85)
    - neighboring facets: f1905 f1914 f1913
- f1916
    - flags: top simplicial
    - normal:    0.6061  -0.1804  -0.7747
    - offset: -0.01438414
    - vertices: p3059(v375) p2962(v308) p2797(v9)
    - neighboring facets: f1552 f1918 f1917
- f1917
    - flags: bottom simplicial
    - normal:    0.5438  -0.2277  -0.8078
    - offset: -0.01446654
    - vertices: p3059(v375) p2962(v308) p272(v279)
    - neighboring facets: f1555 f1919 f1916
- f1918
    - flags: bottom simplicial
    - normal:    0.4035 -0.05585  -0.9133
    - offset: -0.01368629
    - vertices: p3059(v375) p1110(v350) p2797(v9)
    - neighboring facets: f2083 f1916 f1919
- f1919
    - flags: top simplicial
    - normal:    0.3969 -0.06115  -0.9158
    - offset: -0.01368568
    - vertices: p3059(v375) p1110(v350) p272(v279)
    - neighboring facets: f2081 f1917 f1918
- f1920
    - flags: top simplicial
    - normal:     0.502  -0.3393   0.7955
    - offset: -0.005206368
    - vertices: p2817(v376) p1663(v236) p989(v152)
    - neighboring facets: f1617 f2209 f1921
- f1921
    - flags: bottom simplicial
    - normal:    0.4856  -0.2844   0.8266
    - offset: -0.004667997
    - vertices: p2817(v376) p1663(v236) p1121(v228)
    - neighboring facets: f1588 f1924 f1920
- f1923
    - flags: bottom simplicial
    - normal:    0.1907  -0.4435   0.8758
    - offset: -0.004650131
    - vertices: p2817(v376) p3478(v311) p1031(v6)
    - neighboring facets: f1572 f2208 f1925
- f1924
    - flags: bottom simplicial
    - normal:    0.2349 -0.07105   0.9694
    - offset: -0.001716571
    - vertices: p2817(v376) p1121(v228) p3863(v83)
    - neighboring facets: f1118 f1925 f1921
- f1925
    - flags: top simplicial
    - normal:    0.2185 -0.07114   0.9732
    - offset: -0.001641474
    - vertices: p2817(v376) p3478(v311) p3863(v83)
    - neighboring facets: f1568 f1924 f1923
- f1928
    - flags: bottom simplicial
    - normal:    0.4387 -0.01981   0.8984
    - offset: -0.002937147
    - vertices: p1473(v377) p624(v315) p451(v312)
    - neighboring facets: f1935 f2217 f2221
- f1931
    - flags: top simplicial
    - normal:    0.5406  0.01909   0.8411
    - offset: -0.004101884
    - vertices: p139(v378) p3575(v233) p3143(v149)
    - neighboring facets: f2292 f1932 f2225
- f1932
    - flags: bottom simplicial
    - normal:    0.5508  0.01416   0.8345
    - offset: -0.004044754
    - vertices: p139(v378) p451(v312) p3143(v149)
    - neighboring facets: f2014 f1931 f2219
- f1933
    - flags: top simplicial
    - normal:    0.5521 -0.04116   0.8328
    - offset: -0.00396487
    - vertices: p312(v379) p451(v312) p741(v21)
    - neighboring facets: f2005 f1934 f1935
- f1934
    - flags: bottom simplicial
    - normal:    0.4814  -0.1181   0.8685
    - offset: -0.003686927
    - vertices: p312(v379) p354(v313) p741(v21)
    - neighboring facets: f1587 f1933 f1936
- f1935
    - flags: top simplicial
    - normal:    0.4414 -0.03039   0.8968
    - offset: -0.002944252
    - vertices: p312(v379) p624(v315) p451(v312)
    - neighboring facets: f1928 f1933 f1936
- f1936
    - flags: bottom simplicial
    - normal:    0.4146 -0.03477   0.9093
    - offset: -0.002731282
    - vertices: p312(v379) p624(v315) p354(v313)
    - neighboring facets: f1599 f1934 f1935
- f1937
    - flags: top simplicial
    - normal:     0.163  0.04318   0.9857
    - offset: -0.002666668
    - vertices: p1629(v380) p3421(v258) p1788(v164)
    - neighboring facets: f1713 f1938 f2229
- f1938
    - flags: bottom simplicial
    - normal:    0.1777  0.03372   0.9835
    - offset: -0.002486937
    - vertices: p1629(v380) p3986(v314) p1788(v164)
    - neighboring facets: f2251 f1937 f1939
- f1939
    - flags: top simplicial
    - normal:    0.1861  0.02025   0.9823
    - offset: -0.002179383
    - vertices: p1629(v380) p3986(v314) p1451(v41)
    - neighboring facets: f1589 f2230 f1938
- f1942
    - flags: bottom simplicial
    - normal:    0.2686 -0.002497   0.9632
    - offset: -0.001969786
    - vertices: p2416(v381) p3986(v314) p551(v230)
    - neighboring facets: f1589 f2235 f2252
- f1949
    - flags: bottom simplicial
    - normal:    0.3059 -0.01356    0.952
    - offset: -0.001917834
    - vertices: p3383(v382) p624(v315) p551(v230)
    - neighboring facets: f2234 f2259 f1951
- f1950
    - flags: top simplicial
    - normal:    0.2724 -0.02536   0.9618
    - offset: -0.001648428
    - vertices: p3383(v382) p1121(v228) p2872(v148)
    - neighboring facets: f1118 f2258 f1951
- f1951
    - flags: top simplicial
    - normal:    0.2781 -0.02611   0.9602
    - offset: -0.001688322
    - vertices: p3383(v382) p624(v315) p1121(v228)
    - neighboring facets: f1599 f1950 f1949
- f1952
    - flags: top simplicial
    - normal:     0.178 -0.02292   0.9838
    - offset: -0.001142476
    - vertices: p3390(v383) p1959(v232) p959(v231)
    - neighboring facets: f1143 f1953 f1954
- f1953
    - flags: bottom simplicial
    - normal:    0.1782 -0.02292   0.9837
    - offset: -0.001143278
    - vertices: p3390(v383) p2127(v317) p959(v231)
    - neighboring facets: f1606 f1952 f1954
- f1954
    - flags: top simplicial
    - normal:    0.1781 -0.02305   0.9837
    - offset: -0.001142242
    - vertices: p3390(v383) p2127(v317) p1959(v232)
    - neighboring facets: f1609 f1952 f1953
- f1957
    - flags: top simplicial
    - normal:     0.961 -0.07661   0.2659
    - offset: -0.009429808
    - vertices: p3773(v384) p3115(v153) p2746(v87)
    - neighboring facets: f744 f1958 f2265
- f1958
    - flags: bottom simplicial
    - normal:    0.9624 -0.002901   0.2717
    - offset: -0.009405172
    - vertices: p3773(v384) p325(v322) p2746(v87)
    - neighboring facets: f1978 f1957 f2272
- f1960
    - flags: top simplicial
    - normal:    0.9969   0.0614 -0.04937
    - offset: -0.01155139
    - vertices: p2351(v385) p3209(v209) p2936(v130)
    - neighboring facets: f1012 f1961 f2264
- f1961
    - flags: bottom simplicial
    - normal:    0.9981  0.06079 0.006982
    - offset: -0.01121734
    - vertices: p2351(v385) p544(v242) p2936(v130)
    - neighboring facets: f1195 f1960 f2261
- f1964
    - flags: top simplicial
    - normal:    0.9919  0.04701    0.118
    - offset: -0.01043119
    - vertices: p1332(v386) p544(v242) p3115(v153)
    - neighboring facets: f1196 f2266 f1965
- f1965
    - flags: top simplicial
    - normal:    0.9888  0.05728   0.1378
    - offset: -0.01032633
    - vertices: p1332(v386) p804(v323) p544(v242)
    - neighboring facets: f2260 f1964 f2269
- f1970
    - flags: top simplicial
    - normal:    0.9212  0.03634   0.3875
    - offset: -0.008551198
    - vertices: p744(v387) p1183(v243) p2746(v87)
    - neighboring facets: f1640 f2278 f2276
- f1973
    - flags: bottom simplicial
    - normal:     0.902  0.04528   0.4293
    - offset: -0.008249853
    - vertices: p1844(v388) p1183(v243) p1616(v154)
    - neighboring facets: f1983 f1974 f2280
- f1974
    - flags: top simplicial
    - normal:    0.8969  0.03812   0.4406
    - offset: -0.008135843
    - vertices: p1844(v388) p1005(v324) p1616(v154)
    - neighboring facets: f2282 f1973 f2281
- f1976
    - flags: bottom simplicial
    - normal:    0.9424  0.03814   0.3324
    - offset: -0.008969171
    - vertices: p1870(v389) p3921(v325) p2746(v87)
    - neighboring facets: f1640 f1978 f1977
- f1977
    - flags: top simplicial
    - normal:    0.9628  0.05228   0.2652
    - offset: -0.009474713
    - vertices: p1870(v389) p3921(v325) p996(v241)
    - neighboring facets: f1641 f1979 f1976
- f1978
    - flags: top simplicial
    - normal:    0.9535  0.03359   0.2995
    - offset: -0.00920421
    - vertices: p1870(v389) p325(v322) p2746(v87)
    - neighboring facets: f1958 f1976 f1979
- f1979
    - flags: bottom simplicial
    - normal:    0.9621  0.03834   0.2699
    - offset: -0.009419324
    - vertices: p1870(v389) p325(v322) p996(v241)
    - neighboring facets: f2271 f1977 f1978
- f1980
    - flags: top simplicial
    - normal:    0.8921  0.05846   0.4481
    - offset: -0.008386766
    - vertices: p738(v390) p1599(v247) p1249(v155)
    - neighboring facets: f1217 f1981 f1982
- f1981
    - flags: bottom simplicial
    - normal:    0.9059  0.05908   0.4193
    - offset: -0.008612563
    - vertices: p738(v390) p3805(v326) p1249(v155)
    - neighboring facets: f1646 f1980 f1989
- f1982
    - flags: bottom simplicial
    - normal:    0.8897  0.04932   0.4538
    - offset: -0.008086493
    - vertices: p738(v390) p1599(v247) p1616(v154)
    - neighboring facets: f1219 f1983 f1980
- f1983
    - flags: top simplicial
    - normal:    0.9037  0.04942   0.4253
    - offset: -0.008297336
    - vertices: p738(v390) p1183(v243) p1616(v154)
    - neighboring facets: f1973 f1982 f1984
- f1984
    - flags: top simplicial
    - normal:    0.9361  0.05252   0.3477
    - offset: -0.008902041
    - vertices: p738(v390) p3921(v325) p1183(v243)
    - neighboring facets: f1640 f1983 f1991
- f1987
    - flags: top simplicial
    - normal:    0.9541  0.06417   0.2925
    - offset: -0.009592967
    - vertices: p3297(v391) p2082(v246) p2403(v22)
    - neighboring facets: f1628 f1990 f1988
- f1988
    - flags: top simplicial
    - normal:    0.9394  0.06587   0.3365
    - offset: -0.00937205
    - vertices: p3297(v391) p3805(v326) p2082(v246)
    - neighboring facets: f1646 f1987 f1989
- f1989
    - flags: top simplicial
    - normal:     0.935  0.05471   0.3505
    - offset: -0.008946095
    - vertices: p3297(v391) p738(v390) p3805(v326)
    - neighboring facets: f1981 f1988 f1991
- f1990
    - flags: bottom simplicial
    - normal:    0.9419  0.05318   0.3318
    - offset: -0.009021137
    - vertices: p3297(v391) p3921(v325) p2403(v22)
    - neighboring facets: f1641 f1987 f1991
- f1991
    - flags: bottom simplicial
    - normal:    0.9391  0.05292   0.3395
    - offset: -0.008964125
    - vertices: p3297(v391) p738(v390) p3921(v325)
    - neighboring facets: f1984 f1990 f1989
- f1997
    - flags: bottom simplicial
    - normal:    0.7532 -0.06185   0.6548
    - offset: -0.006099123
    - vertices: p3437(v392) p847(v327) p2295(v235)
    - neighboring facets: f1999 f2288 f2286
- f1999
    - flags: top simplicial
    - normal:     0.731 -0.06114   0.6797
    - offset: -0.00583391
    - vertices: p2247(v393) p847(v327) p2295(v235)
    - neighboring facets: f1997 f2011 f2007
- f2005
    - flags: bottom simplicial
    - normal:    0.5832 -0.04237   0.8112
    - offset: -0.004258299
    - vertices: p2404(v395) p451(v312) p741(v21)
    - neighboring facets: f1933 f2008 f2015
- f2007
    - flags: bottom simplicial
    - normal:    0.7031  -0.0577   0.7087
    - offset: -0.00550953
    - vertices: p2404(v395) p2247(v393) p847(v327)
    - neighboring facets: f1999 f2016 f2011
- f2008
    - flags: top simplicial
    - normal:    0.5771  -0.2747   0.7691
    - offset: -0.005343476
    - vertices: p2404(v395) p1663(v236) p741(v21)
    - neighboring facets: f1587 f2005 f2009
- f2009
    - flags: bottom simplicial
    - normal:      0.73  -0.3782   0.5692
    - offset: -0.007418834
    - vertices: p2404(v395) p1663(v236) p2069(v150)
    - neighboring facets: f1621 f2010 f2008
- f2010
    - flags: top simplicial
    - normal:    0.7218 -0.07643   0.6879
    - offset: -0.005786857
    - vertices: p2404(v395) p2295(v235) p2069(v150)
    - neighboring facets: f1153 f2009 f2011
- f2011
    - flags: top simplicial
    - normal:    0.7188 -0.07102   0.6916
    - offset: -0.005730518
    - vertices: p2404(v395) p2247(v393) p2295(v235)
    - neighboring facets: f1999 f2010 f2007
- f2014
    - flags: top simplicial
    - normal:    0.6033  0.01871   0.7973
    - offset: -0.004551305
    - vertices: p1354(v396) p451(v312) p3143(v149)
    - neighboring facets: f1932 f2289 f2015
- f2015
    - flags: top simplicial
    - normal:    0.6083  -0.0418   0.7926
    - offset: -0.004499097
    - vertices: p1354(v396) p2404(v395) p451(v312)
    - neighboring facets: f2005 f2014 f2016
- f2016
    - flags: bottom simplicial
    - normal:    0.6829 -0.05189   0.7286
    - offset: -0.005280376
    - vertices: p1354(v396) p2404(v395) p847(v327)
    - neighboring facets: f2007 f2019 f2015
- f2017
    - flags: bottom simplicial
    - normal:    0.7663  0.03834   0.6413
    - offset: -0.006379964
    - vertices: p1303(v397) p847(v327) p1599(v247)
    - neighboring facets: f1659 f2018 f2019
- f2018
    - flags: bottom simplicial
    - normal:     0.787  0.06101   0.6139
    - offset: -0.007274158
    - vertices: p1303(v397) p1599(v247) p3567(v44)
    - neighboring facets: f1217 f2020 f2017
- f2019
    - flags: bottom simplicial
    - normal:    0.7366  0.03576   0.6754
    - offset: -0.006019871
    - vertices: p1303(v397) p1354(v396) p847(v327)
    - neighboring facets: f2016 f2017 f2290
- f2020
    - flags: top simplicial
    - normal:    0.6893   0.1103    0.716
    - offset: -0.00787076
    - vertices: p1303(v397) p2342(v163) p3567(v44)
    - neighboring facets: f796 f2018 f2021
- f2021
    - flags: top simplicial
    - normal:    0.6756  0.07906    0.733
    - offset: -0.006782911
    - vertices: p1303(v397) p2839(v251) p2342(v163)
    - neighboring facets: f1695 f2020 f2291
- f2026
    - flags: top simplicial
    - normal:  -0.05826      0.1   0.9933
    - offset: -0.003649345
    - vertices: p2883(v398) p522(v166) p1300(v24)
    - neighboring facets: f818 f2027 f2028
- f2027
    - flags: bottom simplicial
    - normal:  -0.05827   0.1028    0.993
    - offset: -0.003743493
    - vertices: p2883(v398) p2316(v329) p1300(v24)
    - neighboring facets: f1664 f2026 f2295
- f2028
    - flags: top simplicial
    - normal:   0.04115   0.1364   0.9898
    - offset: -0.004859986
    - vertices: p2883(v398) p3545(v256) p522(v166)
    - neighboring facets: f1715 f2026 f2029
- f2029
    - flags: top simplicial
    - normal:   0.06728   0.1528    0.986
    - offset: -0.00540583
    - vertices: p2883(v398) p1389(v337) p3545(v256)
    - neighboring facets: f1715 f2028 f2030
- f2030
    - flags: bottom simplicial
    - normal:   0.09974   0.1784   0.9789
    - offset: -0.0062618
    - vertices: p2883(v398) p1389(v337) p670(v331)
    - neighboring facets: f1718 f2296 f2029
- f2034
    - flags: bottom simplicial
    - normal:    0.4187   0.0823   0.9044
    - offset: -0.005008925
    - vertices: p457(v400) p2245(v255) p1199(v11)
    - neighboring facets: f2245 f2037 f2035
- f2035
    - flags: bottom simplicial
    - normal:    0.4135   0.0847   0.9066
    - offset: -0.005046159
    - vertices: p457(v400) p2449(v332) p2245(v255)
    - neighboring facets: f1687 f2034 f2036
- f2036
    - flags: top simplicial
    - normal:    0.4112  0.09705   0.9064
    - offset: -0.00540676
    - vertices: p457(v400) p2449(v332) p2291(v254)
    - neighboring facets: f1689 f2038 f2035
- f2037
    - flags: top simplicial
    - normal:    0.4749  0.08703   0.8757
    - offset: -0.005543064
    - vertices: p457(v400) p3225(v333) p1199(v11)
    - neighboring facets: f1694 f2034 f2038
- f2038
    - flags: bottom simplicial
    - normal:    0.4733  0.08804   0.8765
    - offset: -0.0055626
    - vertices: p457(v400) p3225(v333) p2291(v254)
    - neighboring facets: f1693 f2036 f2037
- f2039
    - flags: top simplicial
    - normal:  -0.08165  0.05295   0.9953
    - offset: -0.002366749
    - vertices: p136(v401) p1316(v167) p2690(v94)
    - neighboring facets: f819 f2041 f2040
- f2040
    - flags: top simplicial
    - normal:   -0.1041  0.03905   0.9938
    - offset: -0.002010507
    - vertices: p136(v401) p3461(v338) p1316(v167)
    - neighboring facets: f1720 f2039 f2435
- f2041
    - flags: bottom simplicial
    - normal:  -0.001642  0.03051   0.9995
    - offset: -0.00186498
    - vertices: p136(v401) p559(v257) p2690(v94)
    - neighboring facets: f1697 f2039 f2433
- f2048
    - flags: top simplicial
    - normal:  -0.07959 0.002538   0.9968
    - offset: -0.001367495
    - vertices: p3400(v402) p2923(v340) p2334(v261)
    - neighboring facets: f1734 f2307 f2050
- f2049
    - flags: top simplicial
    - normal:  -0.01654 -0.004722   0.9999
    - offset: -0.001133681
    - vertices: p3400(v402) p1253(v339) p3446(v260)
    - neighboring facets: f2314 f2050 f2313
- f2050
    - flags: bottom simplicial
    - normal:  -0.04206 -0.002334   0.9991
    - offset: -0.00122558
    - vertices: p3400(v402) p2923(v340) p3446(v260)
    - neighboring facets: f2055 f2049 f2048
- f2055
    - flags: top simplicial
    - normal:  -0.03215 -0.04465   0.9985
    - offset: -0.001485277
    - vertices: p3547(v403) p2923(v340) p3446(v260)
    - neighboring facets: f2050 f2315 f2323
- f2066
    - flags: bottom simplicial
    - normal:   -0.9871     0.16 -0.006594
    - offset: -0.01111337
    - vertices: p686(v405) p3667(v343) p3418(v266)
    - neighboring facets: f1751 f2068 f2332
- f2067
    - flags: top simplicial
    - normal:   -0.9873   0.1581  0.01569
    - offset: -0.01096342
    - vertices: p686(v405) p180(v265) p357(v178)
    - neighboring facets: f1743 f2068 f2331
- f2068
    - flags: bottom simplicial
    - normal:   -0.9902    0.139  0.01026
    - offset: -0.01086516
    - vertices: p686(v405) p3418(v266) p357(v178)
    - neighboring facets: f1750 f2067 f2066
- f2069
    - flags: top simplicial
    - normal:  -0.02959   0.1095  -0.9935
    - offset: -0.01587875
    - vertices: p267(v406) p2984(v271) p1772(v182)
    - neighboring facets: f2352 f2070 f2351
- f2070
    - flags: bottom simplicial
    - normal:  -0.03491   0.1083  -0.9935
    - offset: -0.01583626
    - vertices: p267(v406) p757(v345) p1772(v182)
    - neighboring facets: f1758 f2069 f2345
- f2074
    - flags: top simplicial
    - normal:    0.2659   0.4408  -0.8573
    - offset: -0.02550388
    - vertices: p3457(v407) p2601(v294) p643(v272)
    - neighboring facets: f1843 f2075 f2527
- f2075
    - flags: bottom simplicial
    - normal:    0.2616   0.4073   -0.875
    - offset: -0.02457722
    - vertices: p3457(v407) p1624(v346) p643(v272)
    - neighboring facets: f2523 f2074 f2525
- f2078
    - flags: bottom simplicial
    - normal:    0.4275 -0.0001304   -0.904
    - offset: -0.01375536
    - vertices: p23(v408) p2578(v298) p2811(v214)
    - neighboring facets: f1498 f2082 f2163
- f2080
    - flags: top simplicial
    - normal:    0.3184 -0.03394  -0.9474
    - offset: -0.0133561
    - vertices: p23(v408) p3705(v351) p272(v279)
    - neighboring facets: f1786 f2081 f2164
- f2081
    - flags: bottom simplicial
    - normal:    0.3751 -0.04335   -0.926
    - offset: -0.01354513
    - vertices: p23(v408) p1110(v350) p272(v279)
    - neighboring facets: f1919 f2080 f2083
- f2082
    - flags: bottom simplicial
    - normal:    0.4662 -0.03655  -0.8839
    - offset: -0.01378602
    - vertices: p23(v408) p2811(v214) p2797(v9)
    - neighboring facets: f1042 f2083 f2078
- f2083
    - flags: top simplicial
    - normal:    0.4109 -0.04169  -0.9107
    - offset: -0.01365348
    - vertices: p23(v408) p1110(v350) p2797(v9)
    - neighboring facets: f1918 f2082 f2081
- f2088
    - flags: bottom simplicial
    - normal:    0.1328  0.01467   -0.991
    - offset: -0.01371989
    - vertices: p766(v410) p2371(v281) p1894(v118)
    - neighboring facets: f1404 f2089 f2477
- f2089
    - flags: top simplicial
    - normal:    0.1281  0.01698  -0.9916
    - offset: -0.01376488
    - vertices: p766(v410) p169(v352) p1894(v118)
    - neighboring facets: f2093 f2088 f2475
- f2092
    - flags: top simplicial
    - normal:   0.08967  0.01959  -0.9958
    - offset: -0.01375131
    - vertices: p3823(v411) p3714(v283) p1894(v118)
    - neighboring facets: f1419 f2093 f2456
- f2093
    - flags: bottom simplicial
    - normal:   0.09836  0.02076  -0.9949
    - offset: -0.01379629
    - vertices: p3823(v411) p169(v352) p1894(v118)
    - neighboring facets: f2089 f2092 f2454
- f2100
    - flags: bottom simplicial
    - normal:     0.152   0.2161  -0.9645
    - offset: -0.01913319
    - vertices: p211(v412) p3924(v347) p1022(v17)
    - neighboring facets: f1770 f2520 f2103
- f2102
    - flags: top simplicial
    - normal:     0.126   0.1965  -0.9724
    - offset: -0.01856035
    - vertices: p211(v412) p643(v272) p1772(v182)
    - neighboring facets: f1357 f2353 f2103
- f2103
    - flags: top simplicial
    - normal:    0.1501   0.2148  -0.9651
    - offset: -0.01909576
    - vertices: p211(v412) p3924(v347) p643(v272)
    - neighboring facets: f1770 f2102 f2100
- f2107
    - flags: bottom simplicial
    - normal:    0.1964 -0.02155  -0.9803
    - offset: -0.01301139
    - vertices: p762(v413) p3384(v353) p2371(v281)
    - neighboring facets: f1800 f2108 f2109
- f2108
    - flags: top simplicial
    - normal:    0.2037 -0.02146  -0.9788
    - offset: -0.01302576
    - vertices: p762(v413) p2397(v354) p2371(v281)
    - neighboring facets: f1805 f2107 f2110
- f2109
    - flags: top simplicial
    - normal:    0.1956 -0.02738  -0.9803
    - offset: -0.01298875
    - vertices: p762(v413) p3384(v353) p1171(v194)
    - neighboring facets: f1801 f2110 f2107
- f2110
    - flags: bottom simplicial
    - normal:    0.2024 -0.02675  -0.9789
    - offset: -0.01300419
    - vertices: p762(v413) p2397(v354) p1171(v194)
    - neighboring facets: f1807 f2109 f2108
- f2111
    - flags: bottom simplicial
    - normal:    0.9824  0.04089  -0.1825
    - offset: -0.01220672
    - vertices: p3672(v414) p696(v289) p2369(v206)
    - neighboring facets: f1449 f2354 f2113
- f2113
    - flags: top simplicial
    - normal:    0.9824  0.03813  -0.1828
    - offset: -0.01220456
    - vertices: p3672(v414) p696(v289) p390(v134)
    - neighboring facets: f1493 f2114 f2111
- f2114
    - flags: bottom simplicial
    - normal:    0.9858  0.03263  -0.1646
    - offset: -0.01209886
    - vertices: p3672(v414) p2457(v357) p390(v134)
    - neighboring facets: f1823 f2113 f2355
- f2115
    - flags: top simplicial
    - normal:    0.6231 -0.009297  -0.7821
    - offset: -0.01404731
    - vertices: p798(v415) p398(v359) p3696(v77)
    - neighboring facets: f2123 f2366 f2361
- f2120
    - flags: bottom simplicial
    - normal:    0.4913 0.007756   -0.871
    - offset: -0.01391617
    - vertices: p1940(v416) p2811(v214) p1812(v136)
    - neighboring facets: f1498 f2121 f2125
- f2121
    - flags: top simplicial
    - normal:    0.5056 0.009417  -0.8627
    - offset: -0.01395133
    - vertices: p1940(v416) p2507(v360) p1812(v136)
    - neighboring facets: f2139 f2120 f2369
- f2123
    - flags: bottom simplicial
    - normal:    0.5934 -0.02042  -0.8047
    - offset: -0.01397494
    - vertices: p1940(v416) p398(v359) p3696(v77)
    - neighboring facets: f2115 f2124 f2368
- f2124
    - flags: top simplicial
    - normal:    0.5884  -0.0255  -0.8082
    - offset: -0.01395762
    - vertices: p1940(v416) p2925(v135) p3696(v77)
    - neighboring facets: f1035 f2123 f2125
- f2125
    - flags: top simplicial
    - normal:     0.571 -0.02746  -0.8205
    - offset: -0.01394073
    - vertices: p1940(v416) p2811(v214) p2925(v135)
    - neighboring facets: f1042 f2124 f2120
- f2130
    - flags: bottom simplicial
    - normal:    0.8447   0.0614  -0.5317
    - offset:  -0.014288
    - vertices: p260(v418) p1180(v295) p1885(v210)
    - neighboring facets: f1488 f2463 f2401
- f2134
    - flags: top simplicial
    - normal:    0.8876   0.1095  -0.4473
    - offset: -0.01531683
    - vertices: p260(v418) p1430(v211) p3407(v131)
    - neighboring facets: f2468 f2135 f2400
- f2135
    - flags: top simplicial
    - normal:    0.8598   0.2838  -0.4245
    - offset: -0.02041341
    - vertices: p260(v418) p3407(v131) p280(v75)
    - neighboring facets: f1462 f2381 f2134
- f2137
    - flags: bottom simplicial
    - normal:    0.5708   0.3236  -0.7546
    - offset: -0.0226623
    - vertices: p260(v418) p3559(v361) p2601(v294)
    - neighboring facets: f2526 f2382 f2378
- f2139
    - flags: bottom simplicial
    - normal:    0.5161  0.02111  -0.8563
    - offset: -0.01425132
    - vertices: p2508(v419) p2507(v360) p1812(v136)
    - neighboring facets: f2121 f2491 f2140
- f2140
    - flags: top simplicial
    - normal:    0.5593  0.03545  -0.8282
    - offset: -0.01460004
    - vertices: p2508(v419) p2507(v360) p1276(v293)
    - neighboring facets: f1834 f2383 f2139
- f2143
    - flags: bottom simplicial
    - normal:    0.8808  0.03378  -0.4724
    - offset: -0.01354006
    - vertices: p2510(v420) p2319(v138) p3341(v137)
    - neighboring facets: f666 f2145 f2144
- f2144
    - flags: bottom simplicial
    - normal:    0.8904  0.03845  -0.4536
    - offset: -0.01347342
    - vertices: p2510(v420) p1510(v363) p2319(v138)
    - neighboring facets: f1854 f2143 f2146
- f2145
    - flags: bottom simplicial
    - normal:    0.8706  0.03266  -0.4909
    - offset: -0.01360836
    - vertices: p2510(v420) p3341(v137) p1982(v19)
    - neighboring facets: f666 f2147 f2143
- f2146
    - flags: top simplicial
    - normal:      0.87  0.04519   -0.491
    - offset: -0.0136341
    - vertices: p2510(v420) p1510(v363) p1180(v295)
    - neighboring facets: f2397 f2148 f2144
- f2147
    - flags: top simplicial
    - normal:      0.86  0.04398  -0.5083
    - offset: -0.01369273
    - vertices: p2510(v420) p1131(v292) p1982(v19)
    - neighboring facets: f1463 f2145 f2148
- f2148
    - flags: top simplicial
    - normal:    0.8608  0.04453  -0.5069
    - offset: -0.01368908
    - vertices: p2510(v420) p1180(v295) p1131(v292)
    - neighboring facets: f1488 f2147 f2146
- f2149
    - flags: top simplicial
    - normal:    0.9142  0.04104  -0.4031
    - offset: -0.01327139
    - vertices: p2056(v421) p1510(v363) p2105(v215)
    - neighboring facets: f1854 f2393 f2398
- f2156
    - flags: top simplicial
    - normal:    0.4709 0.007814  -0.8821
    - offset: -0.01392378
    - vertices: p3589(v422) p2578(v298) p1812(v136)
    - neighboring facets: f1498 f2489 f2404
- f2162
    - flags: bottom simplicial
    - normal:    0.2819  -0.0159  -0.9593
    - offset: -0.01327338
    - vertices: p1204(v423) p3705(v351) p899(v196)
    - neighboring facets: f1787 f2340 f2164
- f2163
    - flags: top simplicial
    - normal:    0.3641 -0.006782  -0.9313
    - offset: -0.0135631
    - vertices: p1204(v423) p23(v408) p2578(v298)
    - neighboring facets: f2078 f2405 f2164
- f2164
    - flags: bottom simplicial
    - normal:    0.3323 -0.01116  -0.9431
    - offset: -0.01344337
    - vertices: p1204(v423) p23(v408) p3705(v351)
    - neighboring facets: f2080 f2162 f2163
- f2165
    - flags: top simplicial
    - normal:   -0.3687   -0.929 -0.03017
    - offset: -0.009801329
    - vertices: p1313(v424) p3210(v217) p3415(v72)
    - neighboring facets: f1062 f2167 f2166
- f2166
    - flags: top simplicial
    - normal:   -0.3669    -0.93 -0.02232
    - offset: -0.009709211
    - vertices: p1313(v424) p453(v367) p3210(v217)
    - neighboring facets: f1872 f2165 f2168
- f2167
    - flags: bottom simplicial
    - normal:   -0.4527  -0.8893 -0.06458
    - offset: -0.01023559
    - vertices: p1313(v424) p1506(v356) p3415(v72)
    - neighboring facets: f1817 f2165 f2168
- f2168
    - flags: bottom simplicial
    - normal:   -0.4817   -0.875 -0.04941
    - offset: -0.01006256
    - vertices: p1313(v424) p453(v367) p1506(v356)
    - neighboring facets: f1878 f2167 f2166
- f2170
    - flags: bottom simplicial
    - normal:    0.9398   -0.326  -0.1024
    - offset: -0.01147523
    - vertices: p3284(v425) p1269(v370) p2686(v305)
    - neighboring facets: f2417 f2179 f2174
- f2171
    - flags: bottom simplicial
    - normal:    0.9018  -0.4176  -0.1112
    - offset: -0.01151839
    - vertices: p3284(v425) p752(v369) p3025(v145)
    - neighboring facets: f1884 f2172 f2180
- f2172
    - flags: top simplicial
    - normal:     0.894  -0.3923  -0.2166
    - offset: -0.01227288
    - vertices: p3284(v425) p263(v223) p3025(v145)
    - neighboring facets: f1094 f2171 f2173
- f2173
    - flags: bottom simplicial
    - normal:    0.9017  -0.3025   -0.309
    - offset: -0.0128246
    - vertices: p3284(v425) p263(v223) p3762(v39)
    - neighboring facets: f1095 f2174 f2172
- f2174
    - flags: top simplicial
    - normal:      0.93  -0.1723  -0.3247
    - offset: -0.01275477
    - vertices: p3284(v425) p1269(v370) p3762(v39)
    - neighboring facets: f1892 f2173 f2170
- f2175
    - flags: top simplicial
    - normal:     0.945  -0.3242  0.04184
    - offset: -0.01051803
    - vertices: p869(v426) p1230(v371) p45(v303)
    - neighboring facets: f2185 f2176 f2415
- f2176
    - flags: top simplicial
    - normal:    0.9531  -0.2988  0.04728
    - offset: -0.01049667
    - vertices: p869(v426) p45(v303) p3115(v153)
    - neighboring facets: f1524 f2414 f2175
- f2178
    - flags: top simplicial
    - normal:    0.9263  -0.3728 -0.05445
    - offset: -0.01110578
    - vertices: p2739(v427) p1230(v371) p2686(v305)
    - neighboring facets: f2411 f2179 f2185
- f2179
    - flags: bottom simplicial
    - normal:    0.9199  -0.3871 -0.06227
    - offset: -0.01115407
    - vertices: p2739(v427) p3284(v425) p2686(v305)
    - neighboring facets: f2170 f2178 f2180
- f2180
    - flags: top simplicial
    - normal:    0.9173   -0.393 -0.06372
    - offset: -0.01116307
    - vertices: p2739(v427) p3284(v425) p752(v369)
    - neighboring facets: f2171 f2408 f2179
- f2184
    - flags: bottom simplicial
    - normal:    0.9213  -0.3853   0.0532
    - offset: -0.01043061
    - vertices: p2739(v427) p45(v303) p3908(v42)
    - neighboring facets: f1524 f2410 f2185
- f2185
    - flags: bottom simplicial
    - normal:    0.9257  -0.3751  0.04817
    - offset: -0.01046237
    - vertices: p2739(v427) p1230(v371) p45(v303)
    - neighboring facets: f2175 f2184 f2178
- f2193
    - flags: bottom simplicial
    - normal:    0.7377  -0.6735 -0.04725
    - offset: -0.01104172
    - vertices: p1002(v429) p2838(v146) p2533(v20)
    - neighboring facets: f1100 f2200 f2429
- f2197
    - flags: top simplicial
    - normal:    0.8404    -0.54  0.04571
    - offset: -0.01050432
    - vertices: p1834(v430) p1046(v374) p2657(v222)
    - neighboring facets: f2206 f2199 f2198
- f2198
    - flags: bottom simplicial
    - normal:    0.8218  -0.5671  0.05458
    - offset: -0.01045316
    - vertices: p1834(v430) p1046(v374) p2571(v306)
    - neighboring facets: f1913 f2201 f2197
- f2199
    - flags: bottom simplicial
    - normal:    0.8338  -0.5509 -0.03632
    - offset: -0.01098777
    - vertices: p1834(v430) p1122(v307) p2657(v222)
    - neighboring facets: f1543 f2197 f2204
- f2200
    - flags: bottom simplicial
    - normal:    0.7893  -0.6133 -0.02848
    - offset: -0.01092839
    - vertices: p1834(v430) p1002(v429) p2533(v20)
    - neighboring facets: f2193 f2202 f2201
- f2201
    - flags: top simplicial
    - normal:    0.7895  -0.6133 -0.02526
    - offset: -0.01091071
    - vertices: p1834(v430) p1002(v429) p2571(v306)
    - neighboring facets: f2431 f2198 f2200
- f2202
    - flags: top simplicial
    - normal:    0.8122  -0.5819 -0.04285
    - offset: -0.01102259
    - vertices: p1834(v430) p2489(v224) p2533(v20)
    - neighboring facets: f1100 f2200 f2203
- f2203
    - flags: bottom simplicial
    - normal:    0.8145  -0.5785 -0.04337
    - offset: -0.01102616
    - vertices: p1834(v430) p2489(v224) p3840(v82)
    - neighboring facets: f1101 f2204 f2202
- f2204
    - flags: top simplicial
    - normal:    0.8164  -0.5759 -0.04366
    - offset: -0.01102818
    - vertices: p1834(v430) p1122(v307) p3840(v82)
    - neighboring facets: f1544 f2203 f2199
- f2205
    - flags: top simplicial
    - normal:    0.8792  -0.4735  0.05276
    - offset: -0.01046478
    - vertices: p3755(v431) p3169(v318) p2657(v222)
    - neighboring facets: f2406 f2206 f2207
- f2206
    - flags: bottom simplicial
    - normal:    0.8636  -0.5016  0.05083
    - offset: -0.01048254
    - vertices: p3755(v431) p1046(v374) p2657(v222)
    - neighboring facets: f2197 f2205 f2207
- f2207
    - flags: top simplicial
    - normal:    0.8762  -0.4786   0.0563
    - offset: -0.01044912
    - vertices: p3755(v431) p1046(v374) p3169(v318)
    - neighboring facets: f1912 f2205 f2206
- f2208
    - flags: bottom simplicial
    - normal:    0.1931  -0.4875   0.8515
    - offset: -0.005031195
    - vertices: p2048(v432) p2817(v376) p1031(v6)
    - neighboring facets: f1923 f2210 f2209
- f2209
    - flags: top simplicial
    - normal:    0.4516  -0.4465   0.7724
    - offset: -0.005876925
    - vertices: p2048(v432) p2817(v376) p989(v152)
    - neighboring facets: f1920 f2212 f2208
- f2210
    - flags: top simplicial
    - normal:    0.0588  -0.9813   0.1833
    - offset: -0.009191054
    - vertices: p2048(v432) p1361(v238) p1031(v6)
    - neighboring facets: f1174 f2208 f2211
- f2211
    - flags: top simplicial
    - normal:   0.08049  -0.9968 0.0002544
    - offset: -0.009502174
    - vertices: p2048(v432) p472(v239) p1361(v238)
    - neighboring facets: f1181 f2210 f2215
- f2212
    - flags: top simplicial
    - normal:    0.4634  -0.8855  0.03293
    - offset: -0.01023433
    - vertices: p2048(v432) p989(v152) p1347(v40)
    - neighboring facets: f1557 f2213 f2209
- f2213
    - flags: bottom simplicial
    - normal:     0.187  -0.9824 -0.001936
    - offset: -0.009861555
    - vertices: p2048(v432) p3259(v219) p1347(v40)
    - neighboring facets: f1881 f2212 f2214
- f2214
    - flags: top simplicial
    - normal:    0.1805  -0.9836 -0.002477
    - offset: -0.009842894
    - vertices: p2048(v432) p3259(v219) p1654(v143)
    - neighboring facets: f1071 f2215 f2213
- f2215
    - flags: bottom simplicial
    - normal:   0.08267  -0.9966 -0.0002514
    - offset: -0.009510775
    - vertices: p2048(v432) p472(v239) p1654(v143)
    - neighboring facets: f1180 f2214 f2211
- f2217
    - flags: bottom simplicial
    - normal:    0.4771  0.00483   0.8788
    - offset: -0.003336056
    - vertices: p283(v433) p1473(v377) p451(v312)
    - neighboring facets: f1928 f2219 f2223
- f2218
    - flags: bottom simplicial
    - normal:    0.4822 0.008904    0.876
    - offset: -0.003464056
    - vertices: p283(v433) p139(v378) p3821(v84)
    - neighboring facets: f2224 f2238 f2219
- f2219
    - flags: top simplicial
    - normal:     0.498 0.007654   0.8672
    - offset: -0.003535956
    - vertices: p283(v433) p139(v378) p451(v312)
    - neighboring facets: f1932 f2217 f2218
- f2221
    - flags: top simplicial
    - normal:     0.421 -0.004469    0.907
    - offset: -0.002819346
    - vertices: p3466(v434) p1473(v377) p624(v315)
    - neighboring facets: f1928 f2237 f2223
- f2223
    - flags: top simplicial
    - normal:    0.4277 -0.0007972   0.9039
    - offset: -0.002886436
    - vertices: p3466(v434) p283(v433) p1473(v377)
    - neighboring facets: f2217 f2221 f2239
- f2224
    - flags: top simplicial
    - normal:    0.4864  0.01804   0.8736
    - offset: -0.003720878
    - vertices: p137(v435) p139(v378) p3821(v84)
    - neighboring facets: f2218 f2242 f2225
- f2225
    - flags: bottom simplicial
    - normal:    0.5012  0.02723   0.8649
    - offset: -0.004048855
    - vertices: p137(v435) p139(v378) p3575(v233)
    - neighboring facets: f1931 f2243 f2224
- f2228
    - flags: top simplicial
    - normal:   0.09871   0.0307   0.9946
    - offset: -0.002094391
    - vertices: p1987(v436) p2558(v334) p3421(v258)
    - neighboring facets: f1698 f2229 f2232
- f2229
    - flags: bottom simplicial
    - normal:    0.1255  0.03388   0.9915
    - offset: -0.002278505
    - vertices: p1987(v436) p1629(v380) p3421(v258)
    - neighboring facets: f1937 f2228 f2230
- f2230
    - flags: top simplicial
    - normal:    0.1692  0.02077   0.9854
    - offset: -0.002124258
    - vertices: p1987(v436) p1629(v380) p1451(v41)
    - neighboring facets: f1939 f2231 f2229
- f2231
    - flags: bottom simplicial
    - normal:   0.09064   0.0106   0.9958
    - offset: -0.001564302
    - vertices: p1987(v436) p1998(v335) p1451(v41)
    - neighboring facets: f1704 f2230 f2233
- f2232
    - flags: bottom simplicial
    - normal:   0.07959  0.01457   0.9967
    - offset: -0.001618919
    - vertices: p1987(v436) p2558(v334) p559(v257)
    - neighboring facets: f1697 f2233 f2228
- f2233
    - flags: top simplicial
    - normal:   0.07987   0.0138   0.9967
    - offset: -0.001601063
    - vertices: p1987(v436) p1998(v335) p559(v257)
    - neighboring facets: f2328 f2232 f2231
- f2234
    - flags: top simplicial
    - normal:     0.329 -0.01048   0.9443
    - offset: -0.002099861
    - vertices: p799(v437) p624(v315) p551(v230)
    - neighboring facets: f1949 f2235 f2237
- f2235
    - flags: bottom simplicial
    - normal:     0.323 -0.007605   0.9464
    - offset: -0.002132011
    - vertices: p799(v437) p2416(v381) p551(v230)
    - neighboring facets: f1942 f2234 f2236
- f2236
    - flags: top simplicial
    - normal:    0.3742 0.009435   0.9273
    - offset: -0.002818603
    - vertices: p799(v437) p2416(v381) p3821(v84)
    - neighboring facets: f2249 f2238 f2235
- f2237
    - flags: top simplicial
    - normal:    0.4111 -0.002864   0.9116
    - offset: -0.002744206
    - vertices: p799(v437) p3466(v434) p624(v315)
    - neighboring facets: f2221 f2234 f2239
- f2238
    - flags: bottom simplicial
    - normal:    0.4272 -0.0008172   0.9042
    - offset: -0.002882979
    - vertices: p799(v437) p283(v433) p3821(v84)
    - neighboring facets: f2218 f2236 f2239
- f2239
    - flags: bottom simplicial
    - normal:    0.4272 -0.0008366   0.9042
    - offset: -0.002882578
    - vertices: p799(v437) p3466(v434) p283(v433)
    - neighboring facets: f2223 f2238 f2237
- f2242
    - flags: top simplicial
    - normal:    0.4726  0.02463    0.881
    - offset: -0.00380361
    - vertices: p2466(v438) p137(v435) p3821(v84)
    - neighboring facets: f2224 f2250 f2243
- f2243
    - flags: bottom simplicial
    - normal:    0.4925  0.03134   0.8698
    - offset: -0.004099355
    - vertices: p2466(v438) p137(v435) p3575(v233)
    - neighboring facets: f2225 f2244 f2242
- f2244
    - flags: bottom simplicial
    - normal:    0.4523  0.06734   0.8893
    - offset: -0.004799729
    - vertices: p2466(v438) p3575(v233) p1199(v11)
    - neighboring facets: f1247 f2245 f2243
- f2245
    - flags: top simplicial
    - normal:    0.4343  0.07219   0.8979
    - offset: -0.004818063
    - vertices: p2466(v438) p2245(v255) p1199(v11)
    - neighboring facets: f2034 f2244 f2248
- f2248
    - flags: bottom simplicial
    - normal:     0.381  0.04404   0.9235
    - offset: -0.003757535
    - vertices: p1396(v439) p2466(v438) p2245(v255)
    - neighboring facets: f2245 f2254 f2250
- f2249
    - flags: bottom simplicial
    - normal:    0.3665  0.01793   0.9302
    - offset: -0.002986981
    - vertices: p1396(v439) p2416(v381) p3821(v84)
    - neighboring facets: f2236 f2250 f2253
- f2250
    - flags: top simplicial
    - normal:     0.369  0.01905   0.9292
    - offset: -0.003030262
    - vertices: p1396(v439) p2466(v438) p3821(v84)
    - neighboring facets: f2242 f2249 f2248
- f2251
    - flags: top simplicial
    - normal:    0.2878  0.02727   0.9573
    - offset: -0.002820735
    - vertices: p3786(v440) p3986(v314) p1788(v164)
    - neighboring facets: f1938 f2255 f2252
- f2252
    - flags: top simplicial
    - normal:    0.3008  0.01973   0.9535
    - offset: -0.002685047
    - vertices: p3786(v440) p2416(v381) p3986(v314)
    - neighboring facets: f1942 f2251 f2253
- f2253
    - flags: top simplicial
    - normal:    0.3297   0.0255   0.9438
    - offset: -0.00297885
    - vertices: p3786(v440) p1396(v439) p2416(v381)
    - neighboring facets: f2249 f2252 f2254
- f2254
    - flags: bottom simplicial
    - normal:    0.3297  0.03584   0.9434
    - offset: -0.003251824
    - vertices: p3786(v440) p1396(v439) p2245(v255)
    - neighboring facets: f2248 f2256 f2253
- f2255
    - flags: bottom simplicial
    - normal:    0.2668  0.07247    0.961
    - offset: -0.003910074
    - vertices: p3786(v440) p1432(v252) p1788(v164)
    - neighboring facets: f1251 f2251 f2256
- f2256
    - flags: bottom simplicial
    - normal:    0.2727  0.07281   0.9593
    - offset: -0.003948004
    - vertices: p3786(v440) p2245(v255) p1432(v252)
    - neighboring facets: f1264 f2255 f2254
- f2257
    - flags: bottom simplicial
    - normal:    0.2734 -0.01724   0.9617
    - offset: -0.001675447
    - vertices: p68(v441) p551(v230) p2872(v148)
    - neighboring facets: f1602 f2258 f2259
- f2258
    - flags: top simplicial
    - normal:    0.2743 -0.01886   0.9614
    - offset: -0.001676065
    - vertices: p68(v441) p3383(v382) p2872(v148)
    - neighboring facets: f1950 f2257 f2259
- f2259
    - flags: bottom simplicial
    - normal:    0.2755 -0.01714   0.9612
    - offset: -0.001687962
    - vertices: p68(v441) p3383(v382) p551(v230)
    - neighboring facets: f1949 f2257 f2258
- f2260
    - flags: bottom simplicial
    - normal:    0.9943  0.06016  0.08763
    - offset: -0.01069636
    - vertices: p1988(v442) p804(v323) p544(v242)
    - neighboring facets: f1965 f2261 f2262
- f2261
    - flags: top simplicial
    - normal:    0.9948  0.06032   0.0816
    - offset: -0.0107383
    - vertices: p1988(v442) p2351(v385) p544(v242)
    - neighboring facets: f1961 f2260 f2264
- f2262
    - flags: top simplicial
    - normal:    0.9938  0.09987   0.0498
    - offset: -0.0120756
    - vertices: p1988(v442) p804(v323) p5(v88)
    - neighboring facets: f1629 f2263 f2260
- f2263
    - flags: bottom simplicial
    - normal:    0.9939   0.1078   0.0224
    - offset: -0.01245928
    - vertices: p1988(v442) p3209(v209) p5(v88)
    - neighboring facets: f1014 f2262 f2264
- f2264
    - flags: bottom simplicial
    - normal:    0.9943   0.1044  0.02073
    - offset: -0.01237222
    - vertices: p1988(v442) p2351(v385) p3209(v209)
    - neighboring facets: f1960 f2263 f2261
- f2265
    - flags: bottom simplicial
    - normal:    0.9823  0.04113   0.1825
    - offset: -0.01001651
    - vertices: p3168(v443) p3773(v384) p3115(v153)
    - neighboring facets: f1957 f2266 f2273
- f2266
    - flags: top simplicial
    - normal:    0.9825  0.04173   0.1816
    - offset: -0.0100225
    - vertices: p3168(v443) p1332(v386) p3115(v153)
    - neighboring facets: f1964 f2265 f2274
- f2268
    - flags: bottom simplicial
    - normal:    0.9759   0.0568   0.2109
    - offset: -0.009854655
    - vertices: p461(v444) p804(v323) p2403(v22)
    - neighboring facets: f1628 f2270 f2269
- f2269
    - flags: bottom simplicial
    - normal:     0.984  0.05696   0.1687
    - offset: -0.01012995
    - vertices: p461(v444) p1332(v386) p804(v323)
    - neighboring facets: f1965 f2268 f2274
- f2270
    - flags: top simplicial
    - normal:    0.9696  0.05543   0.2382
    - offset: -0.009663657
    - vertices: p461(v444) p996(v241) p2403(v22)
    - neighboring facets: f1641 f2268 f2271
- f2271
    - flags: top simplicial
    - normal:    0.9715  0.04029   0.2336
    - offset: -0.009669826
    - vertices: p461(v444) p325(v322) p996(v241)
    - neighboring facets: f1979 f2270 f2272
- f2272
    - flags: top simplicial
    - normal:    0.9722  0.03979   0.2306
    - offset: -0.009689961
    - vertices: p461(v444) p3773(v384) p325(v322)
    - neighboring facets: f1958 f2271 f2273
- f2273
    - flags: top simplicial
    - normal:    0.9815  0.04154   0.1871
    - offset: -0.009985996
    - vertices: p461(v444) p3168(v443) p3773(v384)
    - neighboring facets: f2265 f2272 f2274
- f2274
    - flags: bottom simplicial
    - normal:    0.9823  0.04179   0.1825
    - offset: -0.01001622
    - vertices: p461(v444) p3168(v443) p1332(v386)
    - neighboring facets: f2266 f2269 f2273
- f2275
    - flags: top simplicial
    - normal:    0.9049  0.03672   0.4241
    - offset: -0.008262667
    - vertices: p2004(v445) p1005(v324) p1183(v243)
    - neighboring facets: f2279 f2276 f2277
- f2276
    - flags: bottom simplicial
    - normal:    0.9049  0.03672   0.4241
    - offset: -0.00826273
    - vertices: p2004(v445) p744(v387) p1183(v243)
    - neighboring facets: f1970 f2275 f2278
- f2277
    - flags: bottom simplicial
    - normal:    0.9092  0.03369    0.415
    - offset: -0.008328244
    - vertices: p2004(v445) p1005(v324) p2746(v87)
    - neighboring facets: f2284 f2278 f2275
- f2278
    - flags: top simplicial
    - normal:      0.91  0.03417   0.4131
    - offset: -0.008343739
    - vertices: p2004(v445) p744(v387) p2746(v87)
    - neighboring facets: f1970 f2277 f2276
- f2279
    - flags: bottom simplicial
    - normal:    0.9014  0.03824   0.4313
    - offset: -0.008208995
    - vertices: p123(v446) p1005(v324) p1183(v243)
    - neighboring facets: f2275 f2280 f2281
- f2280
    - flags: top simplicial
    - normal:    0.9011  0.03959   0.4317
    - offset: -0.008210519
    - vertices: p123(v446) p1844(v388) p1183(v243)
    - neighboring facets: f1973 f2279 f2281
- f2281
    - flags: bottom simplicial
    - normal:       0.9  0.03835   0.4342
    - offset: -0.008186805
    - vertices: p123(v446) p1844(v388) p1005(v324)
    - neighboring facets: f1974 f2279 f2280
- f2282
    - flags: bottom simplicial
    - normal:    0.8836   0.0331   0.4671
    - offset: -0.007912368
    - vertices: p1661(v447) p1005(v324) p1616(v154)
    - neighboring facets: f1974 f2283 f2284
- f2283
    - flags: top simplicial
    - normal:    0.8272  0.03753   0.5606
    - offset: -0.007138433
    - vertices: p1661(v447) p1904(v244) p1616(v154)
    - neighboring facets: f1219 f2282 f2285
- f2284
    - flags: top simplicial
    - normal:    0.8923  0.02076    0.451
    - offset: -0.008025101
    - vertices: p1661(v447) p1005(v324) p2746(v87)
    - neighboring facets: f2277 f2287 f2282
- f2285
    - flags: top simplicial
    - normal:    0.8158  0.03419   0.5774
    - offset: -0.006982261
    - vertices: p1661(v447) p847(v327) p1904(v244)
    - neighboring facets: f1659 f2283 f2286
- f2286
    - flags: top simplicial
    - normal:    0.7981  0.00124   0.6025
    - offset: -0.006719509
    - vertices: p1661(v447) p3437(v392) p847(v327)
    - neighboring facets: f1997 f2285 f2288
- f2287
    - flags: bottom simplicial
    - normal:    0.8502 -0.07897   0.5205
    - offset: -0.007358302
    - vertices: p1661(v447) p2295(v235) p2746(v87)
    - neighboring facets: f1616 f2284 f2288
- f2288
    - flags: bottom simplicial
    - normal:    0.7626 -0.06256   0.6439
    - offset: -0.006213144
    - vertices: p1661(v447) p3437(v392) p2295(v235)
    - neighboring facets: f1997 f2287 f2286
- f2289
    - flags: top simplicial
    - normal:    0.7027  0.03201   0.7108
    - offset: -0.005641054
    - vertices: p3703(v448) p1354(v396) p3143(v149)
    - neighboring facets: f2014 f2292 f2290
- f2290
    - flags: top simplicial
    - normal:    0.7321   0.0355   0.6802
    - offset: -0.005970449
    - vertices: p3703(v448) p1303(v397) p1354(v396)
    - neighboring facets: f2019 f2289 f2291
- f2291
    - flags: bottom simplicial
    - normal:    0.7034  0.05407   0.7087
    - offset: -0.006272172
    - vertices: p3703(v448) p1303(v397) p2839(v251)
    - neighboring facets: f2021 f2293 f2290
- f2292
    - flags: bottom simplicial
    - normal:    0.5915  0.05571   0.8044
    - offset: -0.005453668
    - vertices: p3703(v448) p3575(v233) p3143(v149)
    - neighboring facets: f1931 f2289 f2293
- f2293
    - flags: bottom simplicial
    - normal:    0.5794  0.06277   0.8126
    - offset: -0.005561384
    - vertices: p3703(v448) p2839(v251) p3575(v233)
    - neighboring facets: f1247 f2292 f2291
- f2294
    - flags: top simplicial
    - normal:   0.01196   0.2181   0.9758
    - offset: -0.007610899
    - vertices: p2138(v449) p2316(v329) p483(v250)
    - neighboring facets: f1665 f2298 f2295
- f2295
    - flags: top simplicial
    - normal:   0.01032   0.2138   0.9768
    - offset: -0.007462862
    - vertices: p2138(v449) p2883(v398) p2316(v329)
    - neighboring facets: f2027 f2294 f2296
- f2296
    - flags: bottom simplicial
    - normal:   0.07046   0.2676    0.961
    - offset: -0.009259668
    - vertices: p2138(v449) p2883(v398) p670(v331)
    - neighboring facets: f2030 f2302 f2295
- f2298
    - flags: top simplicial
    - normal:    0.2618   0.6033   0.7533
    - offset: -0.02064529
    - vertices: p2138(v449) p483(v250) p3459(v92)
    - neighboring facets: f1234 f2299 f2294
- f2299
    - flags: bottom simplicial
    - normal:     0.257   0.5741   0.7774
    - offset: -0.01964177
    - vertices: p2138(v449) p3047(v399) p3459(v92)
    - neighboring facets: f2301 f2298 f2303
- f2300
    - flags: bottom simplicial
    - normal:    0.2566   0.5706   0.7801
    - offset: -0.01952321
    - vertices: p443(v450) p670(v331) p3459(v92)
    - neighboring facets: f1679 f2301 f2302
- f2301
    - flags: top simplicial
    - normal:    0.2569   0.5732   0.7781
    - offset: -0.01961227
    - vertices: p443(v450) p3047(v399) p3459(v92)
    - neighboring facets: f2299 f2300 f2303
- f2302
    - flags: bottom simplicial
    - normal:    0.2557   0.5709   0.7802
    - offset: -0.01953505
    - vertices: p443(v450) p2138(v449) p670(v331)
    - neighboring facets: f2296 f2300 f2303
- f2303
    - flags: top simplicial
    - normal:    0.2567   0.5732   0.7782
    - offset: -0.01961215
    - vertices: p443(v450) p2138(v449) p3047(v399)
    - neighboring facets: f2299 f2301 f2302
- f2304
    - flags: bottom simplicial
    - normal:   -0.1035  0.02076   0.9944
    - offset: -0.001567423
    - vertices: p1406(v451) p3461(v338) p3939(v259)
    - neighboring facets: f1720 f2306 f2436
- f2306
    - flags: top simplicial
    - normal:   -0.1079 0.007016   0.9941
    - offset: -0.001494013
    - vertices: p1406(v451) p2334(v261) p3939(v259)
    - neighboring facets: f1741 f2304 f2307
- f2307
    - flags: top simplicial
    - normal:  -0.08695 0.004002   0.9962
    - offset: -0.001398125
    - vertices: p1406(v451) p3400(v402) p2334(v261)
    - neighboring facets: f2048 f2306 f2437
- f2312
    - flags: bottom simplicial
    - normal:  -0.009101 0.001378        1
    - offset: -0.00115488
    - vertices: p1144(v452) p1253(v339) p559(v257)
    - neighboring facets: f2329 f2434 f2313
- f2313
    - flags: bottom simplicial
    - normal:  -0.01398 0.001925   0.9999
    - offset: -0.001165321
    - vertices: p1144(v452) p3400(v402) p1253(v339)
    - neighboring facets: f2049 f2312 f2438
- f2314
    - flags: bottom simplicial
    - normal:  -0.01159 -0.005808   0.9999
    - offset: -0.001120261
    - vertices: p3864(v453) p1253(v339) p3446(v260)
    - neighboring facets: f2049 f2315 f2316
- f2315
    - flags: top simplicial
    - normal:  -0.01119 -0.01874   0.9998
    - offset: -0.001210998
    - vertices: p3864(v453) p3547(v403) p3446(v260)
    - neighboring facets: f2055 f2314 f2316
- f2316
    - flags: bottom simplicial
    - normal:  0.005175 -0.008459        1
    - offset: -0.001080082
    - vertices: p3864(v453) p3547(v403) p1253(v339)
    - neighboring facets: f2320 f2314 f2315
- f2317
    - flags: bottom simplicial
    - normal:  -0.06044  -0.1879   0.9803
    - offset: -0.002793111
    - vertices: p3392(v454) p1618(v204) p1031(v6)
    - neighboring facets: f1055 f2325 f2319
- f2319
    - flags: top simplicial
    - normal:   -0.0955  -0.1946   0.9762
    - offset: -0.002930766
    - vertices: p3392(v454) p1618(v204) p3089(v49)
    - neighboring facets: f1446 f2322 f2317
- f2320
    - flags: top simplicial
    - normal:    0.0254 -0.01013   0.9996
    - offset: -0.001039359
    - vertices: p3392(v454) p3547(v403) p1253(v339)
    - neighboring facets: f2316 f2327 f2323
- f2322
    - flags: bottom simplicial
    - normal:  -0.05439 -0.08346    0.995
    - offset: -0.001870562
    - vertices: p3392(v454) p2923(v340) p3089(v49)
    - neighboring facets: f1734 f2319 f2323
- f2323
    - flags: bottom simplicial
    - normal:  -0.05224 -0.08013   0.9954
    - offset: -0.001836465
    - vertices: p3392(v454) p3547(v403) p2923(v340)
    - neighboring facets: f2055 f2322 f2320
- f2324
    - flags: top simplicial
    - normal:   0.08928 -0.01903   0.9958
    - offset: -0.000993023
    - vertices: p600(v455) p1238(v226) p1031(v6)
    - neighboring facets: f1108 f2325 f2326
- f2325
    - flags: bottom simplicial
    - normal:     0.051 -0.01423   0.9986
    - offset: -0.001014355
    - vertices: p600(v455) p3392(v454) p1031(v6)
    - neighboring facets: f2317 f2324 f2327
- f2326
    - flags: top simplicial
    - normal:   0.09056 -0.01431   0.9958
    - offset: -0.001016108
    - vertices: p600(v455) p1998(v335) p1238(v226)
    - neighboring facets: f1702 f2324 f2328
- f2327
    - flags: top simplicial
    - normal:   0.02967 -0.01037   0.9995
    - offset: -0.001031325
    - vertices: p600(v455) p3392(v454) p1253(v339)
    - neighboring facets: f2320 f2329 f2325
- f2328
    - flags: bottom simplicial
    - normal:   0.05229 -0.007418   0.9986
    - offset: -0.001047681
    - vertices: p600(v455) p1998(v335) p559(v257)
    - neighboring facets: f2233 f2329 f2326
- f2329
    - flags: top simplicial
    - normal:   0.03101 -0.005659   0.9995
    - offset: -0.001054421
    - vertices: p600(v455) p1253(v339) p559(v257)
    - neighboring facets: f2312 f2328 f2327
- f2330
    - flags: top simplicial
    - normal:   -0.9799   0.1994 0.001426
    - offset: -0.01227333
    - vertices: p3911(v456) p3667(v343) p180(v265)
    - neighboring facets: f1754 f2331 f2332
- f2331
    - flags: bottom simplicial
    - normal:   -0.9872   0.1595 0.009424
    - offset: -0.01101175
    - vertices: p3911(v456) p686(v405) p180(v265)
    - neighboring facets: f2067 f2330 f2332
- f2332
    - flags: top simplicial
    - normal:   -0.9869   0.1611 -0.001014
    - offset: -0.01108666
    - vertices: p3911(v456) p686(v405) p3667(v343)
    - neighboring facets: f2066 f2330 f2331
- f2340
    - flags: bottom simplicial
    - normal:    0.2796   0.0114  -0.9601
    - offset: -0.01389979
    - vertices: p1706(v457) p1204(v423) p899(v196)
    - neighboring facets: f2162 f2480 f2341
- f2341
    - flags: top simplicial
    - normal:    0.2979  0.01456  -0.9545
    - offset: -0.01399882
    - vertices: p1706(v457) p1204(v423) p202(v364)
    - neighboring facets: f2403 f2535 f2340
- f2345
    - flags: top simplicial
    - normal:   0.01731  0.04817  -0.9987
    - offset: -0.0143497
    - vertices: p2985(v458) p267(v406) p757(v345)
    - neighboring facets: f2070 f2347 f2350
- f2347
    - flags: top simplicial
    - normal:  -0.006767  0.01905  -0.9998
    - offset: -0.01354692
    - vertices: p2985(v458) p757(v345) p855(v4)
    - neighboring facets: f1761 f2504 f2345
- f2350
    - flags: bottom simplicial
    - normal:   0.04314  0.06021  -0.9973
    - offset: -0.0147058
    - vertices: p3388(v459) p2985(v458) p267(v406)
    - neighboring facets: f2345 f2351 f2460
- f2351
    - flags: bottom simplicial
    - normal:  -0.005565   0.1065  -0.9943
    - offset: -0.01584838
    - vertices: p3388(v459) p267(v406) p2984(v271)
    - neighboring facets: f2069 f2352 f2350
- f2352
    - flags: bottom simplicial
    - normal:  -0.00717    0.116  -0.9932
    - offset: -0.01610098
    - vertices: p3388(v459) p2984(v271) p1772(v182)
    - neighboring facets: f2069 f2353 f2351
- f2353
    - flags: top simplicial
    - normal:   0.09092   0.1643  -0.9822
    - offset: -0.01760214
    - vertices: p3388(v459) p211(v412) p1772(v182)
    - neighboring facets: f2102 f2352 f2483
- f2354
    - flags: bottom simplicial
    - normal:     0.985  0.04307   -0.167
    - offset: -0.01212682
    - vertices: p1083(v460) p3672(v414) p2369(v206)
    - neighboring facets: f2111 f2358 f2355
- f2355
    - flags: top simplicial
    - normal:    0.9861  0.04299  -0.1605
    - offset: -0.01209121
    - vertices: p1083(v460) p3672(v414) p2457(v357)
    - neighboring facets: f2114 f2356 f2354
- f2356
    - flags: top simplicial
    - normal:    0.9913  0.05371  -0.1198
    - offset: -0.01188577
    - vertices: p1083(v460) p2457(v357) p2936(v130)
    - neighboring facets: f1821 f2357 f2355
- f2357
    - flags: top simplicial
    - normal:    0.9902    0.059  -0.1264
    - offset: -0.01193848
    - vertices: p1083(v460) p2936(v130) p306(v74)
    - neighboring facets: f1012 f2358 f2356
- f2358
    - flags: bottom simplicial
    - normal:    0.9896  0.05885  -0.1312
    - offset: -0.01196574
    - vertices: p1083(v460) p2369(v206) p306(v74)
    - neighboring facets: f999 f2357 f2354
- f2359
    - flags: bottom simplicial
    - normal:    0.6404  0.02247  -0.7677
    - offset: -0.01415195
    - vertices: p3054(v461) p398(v359) p1276(v293)
    - neighboring facets: f1834 f2372 f2361
- f2361
    - flags: bottom simplicial
    - normal:    0.6829  0.02419  -0.7301
    - offset: -0.01415679
    - vertices: p3054(v461) p798(v415) p398(v359)
    - neighboring facets: f2115 f2359 f2373
- f2362
    - flags: top simplicial
    - normal:    0.7703   0.0368  -0.6367
    - offset: -0.01406253
    - vertices: p265(v462) p1173(v358) p1885(v210)
    - neighboring facets: f1827 f2376 f2365
- f2365
    - flags: bottom simplicial
    - normal:    0.7905  0.03489  -0.6115
    - offset: -0.01400035
    - vertices: p265(v462) p1173(v358) p3696(v77)
    - neighboring facets: f1826 f2366 f2362
- f2366
    - flags: top simplicial
    - normal:     0.715   0.0203  -0.6989
    - offset: -0.01413092
    - vertices: p265(v462) p798(v415) p3696(v77)
    - neighboring facets: f2115 f2365 f2374
- f2367
    - flags: bottom simplicial
    - normal:    0.6096  0.01887  -0.7925
    - offset: -0.01411524
    - vertices: p552(v463) p2507(v360) p398(v359)
    - neighboring facets: f1834 f2368 f2369
- f2368
    - flags: top simplicial
    - normal:    0.5882 0.001863  -0.8087
    - offset: -0.01403602
    - vertices: p552(v463) p1940(v416) p398(v359)
    - neighboring facets: f2123 f2367 f2369
- f2369
    - flags: bottom simplicial
    - normal:    0.5293  0.01122  -0.8484
    - offset: -0.01399891
    - vertices: p552(v463) p1940(v416) p2507(v360)
    - neighboring facets: f2121 f2367 f2368
- f2372
    - flags: bottom simplicial
    - normal:    0.6956  0.02912  -0.7178
    - offset: -0.01416515
    - vertices: p2810(v464) p3054(v461) p1276(v293)
    - neighboring facets: f2359 f2385 f2373
- f2373
    - flags: top simplicial
    - normal:    0.7047  0.02991  -0.7088
    - offset: -0.01415822
    - vertices: p2810(v464) p3054(v461) p798(v415)
    - neighboring facets: f2361 f2374 f2372
- f2374
    - flags: bottom simplicial
    - normal:    0.7395  0.03338  -0.6724
    - offset: -0.01412043
    - vertices: p2810(v464) p265(v462) p798(v415)
    - neighboring facets: f2366 f2373 f2376
- f2376
    - flags: top simplicial
    - normal:    0.7675  0.03661    -0.64
    - offset: -0.01406934
    - vertices: p2810(v464) p265(v462) p1885(v210)
    - neighboring facets: f2362 f2461 f2374
- f2377
    - flags: bottom simplicial
    - normal:    0.6557  0.07585  -0.7512
    - offset: -0.01554546
    - vertices: p2888(v465) p1109(v417) p3559(v361)
    - neighboring facets: f2386 f2378 f2379
- f2378
    - flags: top simplicial
    - normal:     0.631   0.2319  -0.7403
    - offset: -0.02008859
    - vertices: p2888(v465) p260(v418) p3559(v361)
    - neighboring facets: f2137 f2377 f2379
- f2379
    - flags: bottom simplicial
    - normal:    0.7371  0.08392  -0.6705
    - offset: -0.01553308
    - vertices: p2888(v465) p260(v418) p1109(v417)
    - neighboring facets: f2464 f2377 f2378
- f2380
    - flags: bottom simplicial
    - normal:     0.568   0.5836  -0.5803
    - offset: -0.02936198
    - vertices: p1454(v466) p2601(v294) p280(v75)
    - neighboring facets: f1477 f2381 f2382
- f2381
    - flags: top simplicial
    - normal:     0.782   0.3644  -0.5056
    - offset: -0.02316914
    - vertices: p1454(v466) p260(v418) p280(v75)
    - neighboring facets: f2135 f2380 f2382
- f2382
    - flags: bottom simplicial
    - normal:     0.635   0.4562  -0.6234
    - offset: -0.02608588
    - vertices: p1454(v466) p260(v418) p2601(v294)
    - neighboring facets: f2137 f2380 f2381
- f2383
    - flags: top simplicial
    - normal:    0.5606  0.03783  -0.8272
    - offset: -0.0146625
    - vertices: p2058(v467) p2508(v419) p1276(v293)
    - neighboring facets: f2140 f2385 f2519
- f2385
    - flags: bottom simplicial
    - normal:    0.6467  0.06298  -0.7601
    - offset: -0.01520504
    - vertices: p2058(v467) p2810(v464) p1276(v293)
    - neighboring facets: f2372 f2383 f2387
- f2386
    - flags: top simplicial
    - normal:    0.6467  0.07119  -0.7594
    - offset: -0.01542851
    - vertices: p2058(v467) p1109(v417) p3559(v361)
    - neighboring facets: f2377 f2518 f2387
- f2387
    - flags: top simplicial
    - normal:    0.6476  0.07018  -0.7587
    - offset: -0.01539851
    - vertices: p2058(v467) p2810(v464) p1109(v417)
    - neighboring facets: f2462 f2386 f2385
- f2388
    - flags: bottom simplicial
    - normal:    0.9473  0.03939  -0.3178
    - offset: -0.01288818
    - vertices: p3419(v468) p2056(v421) p208(v73)
    - neighboring facets: f2470 f2390 f2394
- f2390
    - flags: top simplicial
    - normal:    0.9485  0.03885  -0.3144
    - offset: -0.01287066
    - vertices: p3419(v468) p269(v296) p208(v73)
    - neighboring facets: f1492 f2388 f2396
- f2392
    - flags: top simplicial
    - normal:    0.9351  0.03784  -0.3523
    - offset: -0.01304792
    - vertices: p2575(v469) p2105(v215) p2338(v76)
    - neighboring facets: f1050 f2395 f2393
- f2393
    - flags: top simplicial
    - normal:    0.9346   0.0382  -0.3538
    - offset: -0.01305469
    - vertices: p2575(v469) p2056(v421) p2105(v215)
    - neighboring facets: f2149 f2392 f2394
- f2394
    - flags: top simplicial
    - normal:    0.9472   0.0392  -0.3181
    - offset: -0.01288896
    - vertices: p2575(v469) p3419(v468) p2056(v421)
    - neighboring facets: f2388 f2393 f2396
- f2395
    - flags: bottom simplicial
    - normal:     0.949  0.03787  -0.3131
    - offset: -0.01286295
    - vertices: p2575(v469) p269(v296) p2338(v76)
    - neighboring facets: f1490 f2392 f2396
- f2396
    - flags: bottom simplicial
    - normal:    0.9483  0.03872   -0.315
    - offset: -0.01287303
    - vertices: p2575(v469) p3419(v468) p269(v296)
    - neighboring facets: f2390 f2395 f2394
- f2397
    - flags: bottom simplicial
    - normal:    0.9003  0.04842  -0.4326
    - offset: -0.01342947
    - vertices: p3661(v470) p1510(v363) p1180(v295)
    - neighboring facets: f2146 f2401 f2398
- f2398
    - flags: bottom simplicial
    - normal:    0.9177  0.05022   -0.394
    - offset: -0.01326604
    - vertices: p3661(v470) p2056(v421) p1510(v363)
    - neighboring facets: f2149 f2397 f2466
- f2400
    - flags: bottom simplicial
    - normal:    0.8844  0.09241  -0.4576
    - offset: -0.01484918
    - vertices: p3661(v470) p260(v418) p1430(v211)
    - neighboring facets: f2134 f2465 f2401
- f2401
    - flags: top simplicial
    - normal:    0.8591  0.07002   -0.507
    - offset: -0.01442986
    - vertices: p3661(v470) p260(v418) p1180(v295)
    - neighboring facets: f2130 f2397 f2400
- f2402
    - flags: top simplicial
    - normal:    0.3692 0.005645  -0.9293
    - offset: -0.01385265
    - vertices: p366(v471) p3589(v422) p202(v364)
    - neighboring facets: f2490 f2403 f2404
- f2403
    - flags: bottom simplicial
    - normal:    0.3587 0.006458  -0.9334
    - offset: -0.01386637
    - vertices: p366(v471) p1204(v423) p202(v364)
    - neighboring facets: f2341 f2402 f2405
- f2404
    - flags: bottom simplicial
    - normal:    0.3728  0.00407  -0.9279
    - offset: -0.01381609
    - vertices: p366(v471) p3589(v422) p2578(v298)
    - neighboring facets: f2156 f2405 f2402
- f2405
    - flags: top simplicial
    - normal:    0.3722 0.003883  -0.9281
    - offset: -0.01381129
    - vertices: p366(v471) p1204(v423) p2578(v298)
    - neighboring facets: f2163 f2404 f2403
- f2406
    - flags: bottom simplicial
    - normal:    0.8792  -0.4735  0.05276
    - offset: -0.01046478
    - vertices: p3753(v472) p3169(v318) p2657(v222)
    - neighboring facets: f2205 f2407 f2409
- f2407
    - flags: top simplicial
    - normal:     0.884  -0.4652 -0.04498
    - offset: -0.01104486
    - vertices: p3753(v472) p752(v369) p2657(v222)
    - neighboring facets: f1884 f2406 f2408
- f2408
    - flags: top simplicial
    - normal:    0.8939  -0.4461 -0.04369
    - offset: -0.01103557
    - vertices: p3753(v472) p2739(v427) p752(v369)
    - neighboring facets: f2180 f2407 f2410
- f2409
    - flags: top simplicial
    - normal:    0.9128  -0.4035  0.06238
    - offset: -0.01037833
    - vertices: p3753(v472) p3169(v318) p3908(v42)
    - neighboring facets: f1610 f2410 f2406
- f2410
    - flags: bottom simplicial
    - normal:     0.917  -0.3949  0.05636
    - offset: -0.01041024
    - vertices: p3753(v472) p2739(v427) p3908(v42)
    - neighboring facets: f2184 f2409 f2408
- f2411
    - flags: bottom simplicial
    - normal:    0.9563  -0.2881  -0.0491
    - offset: -0.01107662
    - vertices: p1117(v473) p1230(v371) p2686(v305)
    - neighboring facets: f2178 f2419 f2415
- f2413
    - flags: bottom simplicial
    - normal:    0.9646  -0.2606 -0.04179
    - offset: -0.01103579
    - vertices: p1117(v473) p1067(v428) p3115(v153)
    - neighboring facets: f2418 f2414 f2420
- f2414
    - flags: top simplicial
    - normal:    0.9615  -0.2738 -0.02475
    - offset: -0.01092523
    - vertices: p1117(v473) p869(v426) p3115(v153)
    - neighboring facets: f2176 f2413 f2415
- f2415
    - flags: bottom simplicial
    - normal:    0.9613  -0.2744 -0.02483
    - offset: -0.01092564
    - vertices: p1117(v473) p869(v426) p1230(v371)
    - neighboring facets: f2175 f2411 f2414
- f2416
    - flags: bottom simplicial
    - normal:    0.9644  -0.2338  -0.1236
    - offset: -0.01159294
    - vertices: p1944(v474) p1269(v370) p1889(v133)
    - neighboring facets: f1893 f2423 f2417
- f2417
    - flags: top simplicial
    - normal:    0.9609  -0.2593 -0.09655
    - offset: -0.01141338
    - vertices: p1944(v474) p1269(v370) p2686(v305)
    - neighboring facets: f2170 f2419 f2416
- f2418
    - flags: top simplicial
    - normal:    0.9667  -0.2506 -0.05186
    - offset: -0.01110378
    - vertices: p1944(v474) p1067(v428) p3115(v153)
    - neighboring facets: f2413 f2421 f2420
- f2419
    - flags: bottom simplicial
    - normal:    0.9582  -0.2812 -0.05257
    - offset: -0.01110028
    - vertices: p1944(v474) p1117(v473) p2686(v305)
    - neighboring facets: f2411 f2417 f2420
- f2420
    - flags: top simplicial
    - normal:    0.9603  -0.2741 -0.05117
    - offset: -0.01109322
    - vertices: p1944(v474) p1117(v473) p1067(v428)
    - neighboring facets: f2413 f2418 f2419
- f2421
    - flags: top simplicial
    - normal:    0.9761  -0.1958 -0.09408
    - offset: -0.01138732
    - vertices: p1944(v474) p3115(v153) p2735(v2)
    - neighboring facets: f1185 f2422 f2418
- f2422
    - flags: bottom simplicial
    - normal:     0.976  -0.1853  -0.1148
    - offset: -0.01151922
    - vertices: p1944(v474) p390(v134) p2735(v2)
    - neighboring facets: f1823 f2421 f2423
- f2423
    - flags: top simplicial
    - normal:    0.9757  -0.1852  -0.1173
    - offset: -0.01153561
    - vertices: p1944(v474) p390(v134) p1889(v133)
    - neighboring facets: f645 f2416 f2422
- f2425
    - flags: bottom simplicial
    - normal:    0.7432  -0.6672  0.04984
    - offset: -0.0104851
    - vertices: p3329(v475) p1002(v429) p2823(v373)
    - neighboring facets: f2432 f2472 f2429
- f2426
    - flags: top simplicial
    - normal:    0.6112  -0.7914 0.002933
    - offset: -0.0106416
    - vertices: p3329(v475) p682(v309) p817(v151)
    - neighboring facets: f1559 f2471 f2427
- f2427
    - flags: bottom simplicial
    - normal:    0.6914  -0.7213 -0.04085
    - offset: -0.0109728
    - vertices: p3329(v475) p682(v309) p1827(v225)
    - neighboring facets: f1556 f2428 f2426
- f2428
    - flags: bottom simplicial
    - normal:    0.6938   -0.719 -0.04198
    - offset: -0.01097967
    - vertices: p3329(v475) p1827(v225) p2838(v146)
    - neighboring facets: f1105 f2429 f2427
- f2429
    - flags: top simplicial
    - normal:    0.6986  -0.7143 -0.04176
    - offset: -0.01098095
    - vertices: p3329(v475) p1002(v429) p2838(v146)
    - neighboring facets: f2193 f2428 f2425
- f2430
    - flags: top simplicial
    - normal:    0.7682  -0.6384  0.04867
    - offset: -0.01049103
    - vertices: p1252(v476) p2823(v373) p2571(v306)
    - neighboring facets: f1913 f2431 f2432
- f2431
    - flags: bottom simplicial
    - normal:    0.7682  -0.6384  0.04867
    - offset: -0.01049104
    - vertices: p1252(v476) p1002(v429) p2571(v306)
    - neighboring facets: f2201 f2430 f2432
- f2432
    - flags: top simplicial
    - normal:    0.7682  -0.6384  0.04867
    - offset: -0.01049104
    - vertices: p1252(v476) p1002(v429) p2823(v373)
    - neighboring facets: f2425 f2430 f2431
- f2433
    - flags: top simplicial
    - normal:  -0.009957  0.01549   0.9998
    - offset: -0.001491215
    - vertices: p1806(v477) p136(v401) p559(v257)
    - neighboring facets: f2041 f2434 f2435
- f2434
    - flags: bottom simplicial
    - normal:  -0.01062  0.01185   0.9999
    - offset: -0.001403041
    - vertices: p1806(v477) p1144(v452) p559(v257)
    - neighboring facets: f2312 f2433 f2438
- f2435
    - flags: bottom simplicial
    - normal:  -0.08902  0.03004   0.9956
    - offset: -0.001799533
    - vertices: p1806(v477) p136(v401) p3461(v338)
    - neighboring facets: f2040 f2436 f2433
- f2436
    - flags: top simplicial
    - normal:   -0.0982  0.01953    0.995
    - offset: -0.001540148
    - vertices: p1806(v477) p1406(v451) p3461(v338)
    - neighboring facets: f2304 f2435 f2437
- f2437
    - flags: bottom simplicial
    - normal:  -0.07756  0.01458   0.9969
    - offset: -0.001432773
    - vertices: p1806(v477) p1406(v451) p3400(v402)
    - neighboring facets: f2307 f2438 f2436
- f2438
    - flags: top simplicial
    - normal:  -0.05102 0.009383   0.9987
    - offset: -0.001322214
    - vertices: p1806(v477) p1144(v452) p3400(v402)
    - neighboring facets: f2313 f2437 f2434
- f2454
    - flags: top simplicial
    - normal:   0.09172  0.02304  -0.9955
    - offset: -0.01383909
    - vertices: p3038(v480) p3823(v411) p169(v352)
    - neighboring facets: f2093 f2455 f2456
- f2455
    - flags: bottom simplicial
    - normal:   0.08021  0.02764  -0.9964
    - offset: -0.01392881
    - vertices: p3038(v480) p2985(v458) p169(v352)
    - neighboring facets: f2458 f2454 f2502
- f2456
    - flags: bottom simplicial
    - normal:   0.07805  0.02248  -0.9967
    - offset: -0.01379798
    - vertices: p3038(v480) p3823(v411) p3714(v283)
    - neighboring facets: f2092 f2501 f2454
- f2458
    - flags: top simplicial
    - normal:   0.07685  0.05108  -0.9957
    - offset: -0.01452534
    - vertices: p903(v481) p2985(v458) p169(v352)
    - neighboring facets: f2455 f2459 f2460
- f2459
    - flags: bottom simplicial
    - normal:   0.08989  0.05961  -0.9942
    - offset: -0.01477864
    - vertices: p903(v481) p3388(v459) p169(v352)
    - neighboring facets: f2482 f2458 f2460
- f2460
    - flags: top simplicial
    - normal:   0.07366  0.05399  -0.9958
    - offset: -0.01459521
    - vertices: p903(v481) p3388(v459) p2985(v458)
    - neighboring facets: f2350 f2458 f2459
- f2461
    - flags: top simplicial
    - normal:    0.7601  0.04521  -0.6482
    - offset: -0.01434414
    - vertices: p514(v482) p2810(v464) p1885(v210)
    - neighboring facets: f2376 f2463 f2462
- f2462
    - flags: bottom simplicial
    - normal:    0.7223  0.05977   -0.689
    - offset: -0.01491206
    - vertices: p514(v482) p2810(v464) p1109(v417)
    - neighboring facets: f2387 f2464 f2461
- f2463
    - flags: bottom simplicial
    - normal:    0.7575  0.07443  -0.6485
    - offset: -0.01517458
    - vertices: p514(v482) p260(v418) p1885(v210)
    - neighboring facets: f2130 f2461 f2464
- f2464
    - flags: top simplicial
    - normal:    0.7526  0.07633   -0.654
    - offset: -0.01525061
    - vertices: p514(v482) p260(v418) p1109(v417)
    - neighboring facets: f2379 f2462 f2463
- f2465
    - flags: bottom simplicial
    - normal:      0.92  0.06278  -0.3869
    - offset: -0.01359494
    - vertices: p3733(v483) p3661(v470) p1430(v211)
    - neighboring facets: f2400 f2468 f2466
- f2466
    - flags: top simplicial
    - normal:    0.9189  0.05041  -0.3913
    - offset: -0.01325577
    - vertices: p3733(v483) p3661(v470) p2056(v421)
    - neighboring facets: f2398 f2470 f2465
- f2467
    - flags: bottom simplicial
    - normal:    0.9542  0.06439  -0.2921
    - offset: -0.01310337
    - vertices: p3733(v483) p3407(v131) p1329(v38)
    - neighboring facets: f1005 f2469 f2468
- f2468
    - flags: bottom simplicial
    - normal:    0.9285  0.06696  -0.3652
    - offset: -0.01360212
    - vertices: p3733(v483) p1430(v211) p3407(v131)
    - neighboring facets: f2134 f2467 f2465
- f2469
    - flags: top simplicial
    - normal:    0.9585  0.05549  -0.2797
    - offset: -0.01276624
    - vertices: p3733(v483) p208(v73) p1329(v38)
    - neighboring facets: f345 f2467 f2470
- f2470
    - flags: top simplicial
    - normal:    0.9441  0.05299  -0.3253
    - offset: -0.01297003
    - vertices: p3733(v483) p2056(v421) p208(v73)
    - neighboring facets: f2388 f2469 f2466
- f2471
    - flags: top simplicial
    - normal:     0.718   -0.694  0.05226
    - offset: -0.01047767
    - vertices: p2462(v484) p3329(v475) p817(v151)
    - neighboring facets: f2426 f2473 f2472
- f2472
    - flags: bottom simplicial
    - normal:    0.7341  -0.6768  0.05474
    - offset: -0.01046027
    - vertices: p2462(v484) p3329(v475) p2823(v373)
    - neighboring facets: f2425 f2474 f2471
- f2473
    - flags: bottom simplicial
    - normal:    0.7129   -0.699  0.05561
    - offset: -0.0104599
    - vertices: p2462(v484) p1528(v237) p817(v151)
    - neighboring facets: f1559 f2471 f2474
- f2474
    - flags: bottom simplicial
    - normal:    0.7276  -0.6833  0.06062
    - offset: -0.01043102
    - vertices: p2462(v484) p2823(v373) p1528(v237)
    - neighboring facets: f1905 f2473 f2472
- f2475
    - flags: bottom simplicial
    - normal:    0.1537  0.02166  -0.9879
    - offset: -0.01393564
    - vertices: p3493(v485) p766(v410) p169(v352)
    - neighboring facets: f2089 f2476 f2477
- f2476
    - flags: top simplicial
    - normal:    0.1703  0.02608  -0.9851
    - offset: -0.01407763
    - vertices: p3493(v485) p1422(v478) p169(v352)
    - neighboring facets: f2505 f2475 f2478
- f2477
    - flags: top simplicial
    - normal:    0.1438  0.01695  -0.9895
    - offset: -0.01379999
    - vertices: p3493(v485) p766(v410) p2371(v281)
    - neighboring facets: f2088 f2479 f2475
- f2478
    - flags: bottom simplicial
    - normal:    0.2005   0.0222  -0.9794
    - offset: -0.01404568
    - vertices: p3493(v485) p1422(v478) p1706(v457)
    - neighboring facets: f2511 f2480 f2476
- f2479
    - flags: top simplicial
    - normal:    0.2312 0.004649  -0.9729
    - offset: -0.01367721
    - vertices: p3493(v485) p2371(v281) p899(v196)
    - neighboring facets: f1805 f2480 f2477
- f2480
    - flags: bottom simplicial
    - normal:    0.2461  0.01189  -0.9692
    - offset: -0.01386744
    - vertices: p3493(v485) p1706(v457) p899(v196)
    - neighboring facets: f2340 f2479 f2478
- f2482
    - flags: top simplicial
    - normal:    0.1223  0.07463  -0.9897
    - offset: -0.01523764
    - vertices: p3515(v486) p3388(v459) p169(v352)
    - neighboring facets: f2459 f2506 f2483
- f2483
    - flags: bottom simplicial
    - normal:    0.1371   0.1135   -0.984
    - offset: -0.01631031
    - vertices: p3515(v486) p3388(v459) p211(v412)
    - neighboring facets: f2353 f2484 f2482
- f2484
    - flags: top simplicial
    - normal:    0.1945   0.1244   -0.973
    - offset: -0.01671049
    - vertices: p3515(v486) p3957(v479) p211(v412)
    - neighboring facets: f2497 f2483 f2509
- f2489
    - flags: top simplicial
    - normal:       0.4  0.04226  -0.9155
    - offset: -0.01479517
    - vertices: p2298(v487) p3589(v422) p1812(v136)
    - neighboring facets: f2156 f2491 f2490
- f2490
    - flags: bottom simplicial
    - normal:     0.377  0.04166  -0.9253
    - offset: -0.01476469
    - vertices: p2298(v487) p3589(v422) p202(v364)
    - neighboring facets: f2402 f2530 f2489
- f2491
    - flags: bottom simplicial
    - normal:    0.4385  0.05667  -0.8969
    - offset: -0.01519834
    - vertices: p2298(v487) p2508(v419) p1812(v136)
    - neighboring facets: f2139 f2489 f2516
- f2497
    - flags: bottom simplicial
    - normal:     0.188   0.1592  -0.9692
    - offset: -0.01766132
    - vertices: p228(v488) p3957(v479) p211(v412)
    - neighboring facets: f2484 f2521 f2515
- f2501
    - flags: bottom simplicial
    - normal:   0.07782  0.02253  -0.9967
    - offset: -0.01379863
    - vertices: p2378(v489) p3038(v480) p3714(v283)
    - neighboring facets: f2456 f2503 f2502
- f2502
    - flags: top simplicial
    - normal:   0.07842  0.02659  -0.9966
    - offset: -0.0138992
    - vertices: p2378(v489) p3038(v480) p2985(v458)
    - neighboring facets: f2455 f2504 f2501
- f2503
    - flags: bottom simplicial
    - normal:   0.01356 0.007648  -0.9999
    - offset: -0.0133095
    - vertices: p2378(v489) p3714(v283) p855(v4)
    - neighboring facets: f1416 f2504 f2501
- f2504
    - flags: top simplicial
    - normal:  0.001175   0.0159  -0.9999
    - offset: -0.01348395
    - vertices: p2378(v489) p2985(v458) p855(v4)
    - neighboring facets: f2347 f2503 f2502
- f2505
    - flags: bottom simplicial
    - normal:    0.1767  0.05824  -0.9825
    - offset: -0.0149165
    - vertices: p1952(v490) p1422(v478) p169(v352)
    - neighboring facets: f2476 f2506 f2507
- f2506
    - flags: top simplicial
    - normal:    0.1763  0.06001  -0.9825
    - offset: -0.01496125
    - vertices: p1952(v490) p3515(v486) p169(v352)
    - neighboring facets: f2482 f2505 f2507
- f2507
    - flags: bottom simplicial
    - normal:    0.1783  0.06022  -0.9821
    - offset: -0.01497077
    - vertices: p1952(v490) p3515(v486) p1422(v478)
    - neighboring facets: f2508 f2505 f2506
- f2508
    - flags: top simplicial
    - normal:    0.2024  0.06764   -0.977
    - offset: -0.01521116
    - vertices: p401(v491) p3515(v486) p1422(v478)
    - neighboring facets: f2507 f2511 f2509
- f2509
    - flags: bottom simplicial
    - normal:     0.199   0.1204  -0.9726
    - offset: -0.01661234
    - vertices: p401(v491) p3515(v486) p3957(v479)
    - neighboring facets: f2484 f2529 f2508
- f2511
    - flags: top simplicial
    - normal:    0.2554  0.05361  -0.9653
    - offset: -0.01494323
    - vertices: p401(v491) p1422(v478) p1706(v457)
    - neighboring facets: f2478 f2533 f2508
- f2514
    - flags: bottom simplicial
    - normal:    0.3864  0.08492  -0.9184
    - offset: -0.01596192
    - vertices: p975(v492) p2298(v487) p3957(v479)
    - neighboring facets: f2528 f2515 f2516
- f2515
    - flags: top simplicial
    - normal:    0.3874  0.08859  -0.9176
    - offset: -0.0160672
    - vertices: p975(v492) p228(v488) p3957(v479)
    - neighboring facets: f2497 f2514 f2517
- f2516
    - flags: top simplicial
    - normal:    0.4389  0.05714  -0.8967
    - offset: -0.01521102
    - vertices: p975(v492) p2298(v487) p2508(v419)
    - neighboring facets: f2491 f2519 f2514
- f2517
    - flags: bottom simplicial
    - normal:    0.4509   0.1472  -0.8804
    - offset: -0.0177424
    - vertices: p975(v492) p228(v488) p3559(v361)
    - neighboring facets: f2524 f2518 f2515
- f2518
    - flags: top simplicial
    - normal:    0.5271  0.08524  -0.8455
    - offset: -0.01597566
    - vertices: p975(v492) p2058(v467) p3559(v361)
    - neighboring facets: f2386 f2517 f2519
- f2519
    - flags: bottom simplicial
    - normal:    0.5176  0.07652  -0.8522
    - offset: -0.01573945
    - vertices: p975(v492) p2058(v467) p2508(v419)
    - neighboring facets: f2383 f2516 f2518
- f2520
    - flags: bottom simplicial
    - normal:    0.1631   0.2216  -0.9614
    - offset: -0.01929971
    - vertices: p197(v493) p211(v412) p1022(v17)
    - neighboring facets: f2100 f2522 f2521
- f2521
    - flags: bottom simplicial
    - normal:    0.1673   0.2144  -0.9623
    - offset: -0.01911517
    - vertices: p197(v493) p228(v488) p211(v412)
    - neighboring facets: f2497 f2520 f2524
- f2522
    - flags: top simplicial
    - normal:    0.1652    0.229  -0.9593
    - offset: -0.01951313
    - vertices: p197(v493) p643(v272) p1022(v17)
    - neighboring facets: f1770 f2520 f2523
- f2523
    - flags: top simplicial
    - normal:    0.1797   0.2519  -0.9509
    - offset: -0.02019303
    - vertices: p197(v493) p1624(v346) p643(v272)
    - neighboring facets: f2075 f2522 f2525
- f2524
    - flags: top simplicial
    - normal:    0.4207   0.1949   -0.886
    - offset: -0.01907016
    - vertices: p197(v493) p228(v488) p3559(v361)
    - neighboring facets: f2517 f2526 f2521
- f2525
    - flags: top simplicial
    - normal:    0.3095   0.3566  -0.8815
    - offset: -0.0232958
    - vertices: p197(v493) p3457(v407) p1624(v346)
    - neighboring facets: f2075 f2523 f2527
- f2526
    - flags: top simplicial
    - normal:    0.3548   0.3345   -0.873
    - offset: -0.02278476
    - vertices: p197(v493) p3559(v361) p2601(v294)
    - neighboring facets: f2137 f2527 f2524
- f2527
    - flags: bottom simplicial
    - normal:    0.3255   0.3507  -0.8781
    - offset: -0.02316775
    - vertices: p197(v493) p3457(v407) p2601(v294)
    - neighboring facets: f2074 f2526 f2525
- f2528
    - flags: top simplicial
    - normal:    0.3436  0.08218  -0.9355
    - offset: -0.01584692
    - vertices: p1060(v494) p2298(v487) p3957(v479)
    - neighboring facets: f2514 f2529 f2530
- f2529
    - flags: bottom simplicial
    - normal:    0.2149   0.1145  -0.9699
    - offset: -0.01649426
    - vertices: p1060(v494) p401(v491) p3957(v479)
    - neighboring facets: f2509 f2528 f2534
- f2530
    - flags: bottom simplicial
    - normal:    0.3527   0.0444  -0.9347
    - offset: -0.01481729
    - vertices: p1060(v494) p2298(v487) p202(v364)
    - neighboring facets: f2490 f2536 f2528
- f2533
    - flags: top simplicial
    - normal:    0.2761  0.05038  -0.9598
    - offset: -0.01488853
    - vertices: p3876(v495) p401(v491) p1706(v457)
    - neighboring facets: f2511 f2535 f2534
- f2534
    - flags: top simplicial
    - normal:    0.2829  0.04988  -0.9578
    - offset: -0.01488485
    - vertices: p3876(v495) p1060(v494) p401(v491)
    - neighboring facets: f2529 f2533 f2536
- f2535
    - flags: top simplicial
    - normal:    0.3052  0.03187  -0.9518
    - offset: -0.01444726
    - vertices: p3876(v495) p1706(v457) p202(v364)
    - neighboring facets: f2341 f2536 f2533
- f2536
    - flags: bottom simplicial
    - normal:    0.3165  0.04246  -0.9476
    - offset: -0.01472885
    - vertices: p3876(v495) p1060(v494) p202(v364)
    - neighboring facets: f2530 f2535 f2534
