3
4000 880 1320
0.001492380746640265 0.004883341025561094 0.0009434759267605841 
0.01010564249008894 0.00924829114228487 -0.00395433371886611 
-0.0005993524100631475 0.02187260240316391 0.001016506925225258 
-0.005786865018308163 0.009912129491567612 -0.01012489479035139 
0.005786868277937174 -0.005808435380458832 -0.00494999997317791 
0.009113442152738571 0.03263922780752182 -0.004548140335828066 
0.005577854812145233 -0.0009064906043931842 -6.460183067247272e-05 
0.00256083719432354 0.01322298683226109 0.0003393678925931454 
-9.41087055252865e-05 0.003220671322196722 -0.005612112581729889 
0.005958034656941891 -0.00625055143609643 -0.001519896904937923 
-0.003968221601098776 0.006392551120370626 -0.01022043824195862 
0.00335139874368906 -0.001578221330419183 -0.00494999997317791 
0.003843046957626939 0.01619673706591129 -0.01252819411456585 
-0.005117282271385193 -0.004175429232418537 -0.01049404963850975 
-0.006111109163612127 0.01672432571649551 -0.002157974056899548 
0.002314899349585176 0.02227597683668137 -0.002181648975238204 
-0.002737988019362092 0.0007720690337009728 0.0009950196836143732 
0.005577723495662212 -0.008376341313123703 -0.01155028771609068 
-0.0008985837921500206 0.02404736168682575 -0.002234347630292177 
-0.007405994925647974 -0.005495366640388966 -0.01260400377213955 
-0.0009713091421872377 0.03181808069348335 -0.00990391056984663 
0.007315462920814753 0.00198883842676878 -0.001641937531530857 
0.006324076093733311 0.03278731554746628 -0.005357486661523581 
0.007059187162667513 0.001512410934083164 -0.0117865689098835 
0.005932295229285955 0.01693928241729736 -8.810206054477021e-05 
0.009055525995790958 0.02219255268573761 -0.008779559284448624 
0.004510057624429464 0.01917276345193386 -0.01269932184368372 
0.006225690711289644 0.005541563965380192 -0.01203857362270355 
-0.003749149851500988 0.03354544937610626 -0.0008004222763702273 
-0.004648013506084681 0.03003616258502007 5.215406578829018e-11 
0.009128881618380547 0.02120282873511314 -0.003195584518834949 
-0.0008611432276666164 -0.009415505453944206 -0.0125527661293745 
0.009972665458917618 0.01392101868987083 -0.0045777284540236 
-0.004276220686733723 0.02693029306828976 -0.008242743089795113 
0.006865224801003933 0.03315853327512741 -0.005252357572317123 
-0.001982489600777626 -0.005673310719430447 -0.01301469188183546 
0.0006392974173650146 -0.003095316467806697 -0.003949999809265137 
0.01018225215375423 0.01019733212888241 -0.006935786921530962 
-0.005228880327194929 0.0006054940749891102 0.0008766097598709166 
-0.006348439026623964 0.009095525369048119 -0.001854910515248775 
-0.007160322740674019 0.02007986605167389 -0.003468388458713889 
-0.001699123997241259 0.007324093021452427 -0.01020067185163498 
0.00136665441095829 0.01140738744288683 -0.01010021474212408 
0.007266344968229532 0.01564537920057774 -0.005003162659704685 
-0.001627787249162793 0.03025583364069462 -0.01099999994039536 
0.01012465264648199 -0.003417596220970154 -0.003640589071437716 
0.005945413373410702 0.008261367678642273 -0.0001298189017688856 
0.00289244600571692 -3.336023655720055e-05 -0.001598017755895853 
-0.008333640173077583 -0.0007842479390092194 -0.001600989955477417 
0.007657194510102272 0.03397806733846664 -0.008339256048202515 
0.009526606649160385 0.02233856543898582 -0.006288057193160057 
-0.002635251730680466 0.01245723199099302 -0.01291944459080696 
0.007539174519479275 0.01214692648500204 -0.008738859556615353 
0.007297500502318144 -0.00194753345567733 -0.0005734325386583805 
0.009167229756712914 0.02195410802960396 -0.003395257284864783 
0.007741739507764578 0.009520586580038071 -0.001837727846577764 
-0.0009936664719134569 0.03064194321632385 -0.01145234890282154 
-0.005357363261282444 -0.007469487376511097 -0.001420417800545692 
0.003655103035271168 0.01961318030953407 0.0008680209284648299 
0.0001641174894757569 0.01167217455804348 0.000954562914557755 
0.003976335749030113 0.01717575825750828 0.0006683285464532673 
-0.001147596281953156 0.02938996627926826 -0.0123726325109601 
-0.006631857715547085 0.01417380943894386 -0.003664247691631317 
-0.006494292989373207 0.02219215035438538 -0.008605574257671833 
-0.008943919092416763 -0.003286994062364101 -0.01119781285524368 
0.0003491033858153969 -0.002474898239597678 -0.01046062260866165 
-0.004054886288940907 0.005225053988397121 -0.0102507472038269 
-0.004329584538936615 -0.001982797170057893 -0.01299462467432022 
0.006743432488292456 0.004566403105854988 -0.0001205297448905185 
-0.004622841719537973 -0.003163232235237956 -0.001531443558633327 
0.006831048522144556 -0.0005735561717301607 -0.007050000131130219 
0.006435020826756954 0.005612199660390615 -2.600727748358622e-05 
0.001161905471235514 0.03276646882295609 -0.01222809962928295 
0.007077943533658981 0.01806183345615864 -0.00757679995149374 
0.006328586023300886 0.02196954190731049 -0.01185540016740561 
0.004561298061162233 -0.007700731977820396 -0.007050000131130219 
-0.0077021149918437 0.01920216158032417 -0.005726445931941271 
0.00118664896581322 0.02793948724865913 -0.009668218903243542 
0.003037014976143837 -0.007405960001051426 -0.01059476193040609 
-0.002432648558169603 0.01766102574765682 -0.002070686779916286 
0.008584337309002876 0.02002445608377457 -0.00994568970054388 
-0.006931377574801445 0.02193678542971611 -0.007074842229485512 
-0.001146620721556246 -0.001675760140642524 -0.01292918436229229 
-0.002505076117813587 0.006646441761404276 0.001102163456380367 
-0.004257870372384787 0.02670519798994064 -0.009744488634169102 
-0.0006285300478339195 0.004399971570819616 0.0009482650784775615 
0.002638015430420637 0.005101449321955442 -0.01277693547308445 
-0.007038784213364124 -0.004381473641842604 -0.01266972906887531 
-0.001461575971916318 0.01111540012061596 0.001001584227196872 
0.003617918817326427 0.01439395919442177 -0.01240280363708735 
0.008546896278858185 0.01498200930655003 -0.01024732645601034 
0.004822967574000359 -0.003568266984075308 -0.00494999997317791 
0.002625474007800221 0.01901388913393021 0.0009153246646746993 
0.002197694033384323 -0.001315789180807769 -0.006090482696890831 
0.006424236111342907 -0.001925696618855 -0.001541522215120494 
0.008187890984117985 0.02254785224795341 -0.00168961426243186 
0.005339338444173336 0.01827173493802547 -0.002071032300591469 
0.009303202852606773 0.02466851100325584 -0.007594415452331305 
0.002364574931561947 0.03150497376918793 -0.009577492251992226 
-0.00906207412481308 -5.732089630328119e-05 -0.001621386501938105 
-0.00430635130032897 0.02526145987212658 -0.005399560090154409 
0.002933487994596362 -0.004851006437093019 -0.008050000295042992 
0.007664581295102835 -0.005886205472052097 -0.00620200764387846 
0.007455327548086643 0.00847722589969635 -0.0007303319871425629 
-0.0009180424967780709 0.02855989709496498 -0.01249478571116924 
0.006781060714274645 0.0001338778820354491 -0.006135312374681234 
0.007359729614108801 0.01444736123085022 -0.005864395759999752 
-0.005672877188771963 0.0187736339867115 -0.003608904778957367 
-0.007277247961610556 0.01108809653669596 -0.003423168323934078 
-0.003911710344254971 0.03500846028327942 -0.0001339483424089849 
0.006620445288717747 0.02353131771087646 -0.01204800419509411 
0.008017357438802719 -0.00168672064319253 -0.002340407110750675 
0.004631425254046917 0.01747675612568855 -0.01216490473598242 
-0.002828248310834169 0.005987507756799459 -0.01023330166935921 
0.007907289080321789 -0.002519635483622551 -0.003949999809265137 
-0.001416436163708568 0.0338481105864048 -0.01151603180915117 
0.0002726802485994995 0.00791819766163826 0.001021008938550949 
-0.002407599007710814 -0.002108944114297628 -0.007850442081689835 
0.006921451538801193 0.01466747373342514 -0.01144481729716063 
0.007325035985559225 0.01079722493886948 -0.0007247877074405551 
0.009364178404211998 0.01432625949382782 -0.002929724752902985 
0.004428991116583347 -0.008703778497874737 -0.001368832774460316 
0.001957495231181383 0.0201488621532917 0.001036105677485466 
0.01026533544063568 0.004160629119724035 -0.002790864557027817 
-0.0005067957099527121 0.00654385332018137 -0.01022343523800373 
0.001359875313937664 -0.000615462486166507 -0.007387523539364338 
0.007969746366143227 0.006624726578593254 -0.003450050018727779 
-0.003946510143578053 0.02573751844465733 -0.001485641463659704 
-0.002576116239652038 0.01227972656488419 -0.01006952486932278 
0.00700793694704771 0.01555540785193443 -0.001996763050556183 
-0.004828624427318573 0.001794253126718104 -0.00166123197413981 
-0.003802171442657709 0.02886500582098961 -0.009600071236491203 
0.0006177392788231373 0.003881511744111776 -0.01029520388692617 
-0.0007567516295239329 0.01359155587852001 0.000946211745031178 
-0.003618433838710189 -0.002470164559781551 -0.01302221789956093 
0.005397287663072348 -0.008196060545742512 -0.008050000295042992 
0.001162369037047029 0.02569480985403061 0.001083393581211567 
0.006670798175036907 0.02593813464045525 1.830085238907486e-06 
-0.005211717914789915 0.005119123496115208 -0.001748809474520385 
0.006449587177485228 0.02468675747513771 0.0001542021054774523 
-0.005736866034567356 0.0333104245364666 -0.01039883680641651 
-0.003367701312527061 0.03541089221835136 -0.01154476217925549 
0.004152361303567886 0.02565980330109596 -0.002266308758407831 
-0.003463918808847666 0.03059808537364006 -0.002400000113993883 
0.001730986288748682 0.008080488070845604 -0.0128928953781724 
0.01115871407091618 0.0001439347106497735 -0.00639787781983614 
0.002489268081262708 0.02155021391808987 -0.01308177970349789 
-0.005873287562280893 0.01080230623483658 0.0004421312769409269 
0.004304393194615841 0.0001687429030425847 -0.01039953902363777 
2.503191353753209e-05 0.01106695644557476 -0.00189358985517174 
0.007402945309877396 0.002450220519676805 -0.001653808169066906 
-0.009048040024936199 -0.0005438369698822498 -0.01039134431630373 
0.003321769880130887 0.02767841145396233 -0.009679320268332958 
-4.933192394673824e-05 -0.009440895169973373 -0.0126858726143837 
-0.004148709587752819 0.02252771705389023 -0.0005044998251833022 
0.004897192120552063 0.01869914121925831 -0.0125357024371624 
0.006093957461416721 0.008643012493848801 -0.01018187776207924 
-0.005143449641764164 0.02124449983239174 -0.005497119855135679 
0.002388628665357828 0.006427839398384094 -0.01281590573489666 
0.003367619356140494 -0.00547550106421113 -0.001454976038075984 
0.008132370188832283 0.004539018496870995 -0.008499238640069962 
-0.006778903771191835 -0.006631105672568083 -0.0120972441509366 
0.004779534414410591 0.01837481185793877 0.0005248270463198423 
0.00542776845395565 0.003762539010494947 -0.01030796393752098 
0.007180589251220226 0.03207085281610489 -0.001263443497009575 
-0.006489142775535583 0.001273849746212363 -0.01262651197612286 
0.005305736791342497 0.01510628033429384 -0.01207004953175783 
-0.004545468837022781 -0.001360081136226654 -0.01296896114945412 
-0.004194874316453934 0.02695661969482899 -0.003369157202541828 
0.002640399383381009 0.02827554009854794 -0.01293027214705944 
-0.002634735312312841 0.01604322344064713 -0.00997114647179842 
0.007351798936724663 0.01454941835254431 -0.004998220130801201 
0.006862679496407509 -0.0006775000365450978 -0.008050000295042992 
-0.002033614087849855 -0.001513401512056589 -0.008050000295042992 
0.01007699221372604 0.009635342285037041 -0.008063636720180511 
-0.0005234591662883759 -0.004136814270168543 -0.01050226297229528 
0.004216032102704048 0.006886434275656939 -0.01022397074848413 
0.004170839674770832 0.006093149073421955 0.0005245328648015857 
0.001625994918867946 -0.008140372112393379 -0.0125968037173152 
-0.006121804937720299 0.02439690008759499 -0.006636766716837883 
-0.005860908888280392 0.03287407755851746 -0.001044604228809476 
0.005171123892068863 -0.005183850415050983 -0.01054102927446365 
-0.002834590617567301 0.0003103133058175445 -0.003949999809265137 
-0.001661843853071332 -0.002930512186139822 -0.007539959158748388 
-0.00469520827755332 -0.004472189117223024 -0.001497401273809373 
0.009796431288123131 0.0147082731127739 -0.008110170252621174 
-0.002429405460134149 0.03348985686898232 -0.001490697613917291 
-0.007456748280674219 0.0101773701608181 -0.004825540352612734 
0.005310810171067715 0.01766309887170792 0.0001612313935765997 
0.005574657581746578 0.007294017821550369 -0.001783943851478398 
-0.0009499086299911141 0.01349843200296164 -0.01004096958786249 
0.000893290271051228 0.01804795861244202 -0.00207411334849894 
-0.0009286458953283727 0.001175501733087003 -0.007978558540344238 
0.006415534764528275 -0.00816152710467577 -0.008320202119648457 
-0.00204392708837986 -0.0006884717149659991 5.215405884939628e-11 
0.005955405998975039 0.0324585810303688 -0.004386250395327806 
-0.001132347737438977 0.00302680698223412 -0.004615237936377525 
0.005574866663664579 0.03028102964162827 -0.01218017004430294 
-0.006714605260640383 0.01376551762223244 -0.008012466132640839 
0.00101335986983031 0.01445669960230589 0.0008692096453160048 
0.002768729114905 0.0284997746348381 -0.009656766429543495 
-0.006465609185397625 0.01496246457099915 -0.003900011070072651 
0.006126883439719677 0.02503903955221176 -0.012320252135396 
-0.007556505966931581 -0.0003526848740875721 -0.01233420427888632 
0.01055961847305298 -0.001533887349069118 -0.004042558372020721 
-0.007545400876551867 0.01344228349626064 -0.001040774630382657 
-0.005217255093157291 0.01526022609323263 -0.002013593446463346 
-0.004532270599156618 -0.00229479861445725 0.0009786532027646899 
0.01071519590914249 0.003702476155012846 -0.008155622519552708 
-0.002937928307801485 -0.009023401886224747 -0.0001155398203991354 
0.008944939821958542 0.02075656317174435 -0.009231427684426308 
0.003956236410886049 0.02942831628024578 -0.01264107413589954 
0.005198885686695576 0.00653667701408267 0.0003036406124010682 
-0.00300317071378231 -0.004363385960459709 -0.001496795099228621 
0.006955824326723814 0.01962747611105442 -0.006002152338624001 
-0.006526122335344553 -0.004638773389160633 0.0007956695626489818 
-0.005507383029907942 0.03382905572652817 -0.002092861570417881 
0.001429365249350667 0.0003095588472206146 -0.00404410669580102 
0.006658592727035284 -0.0009074367699213326 -0.0003564303042367101 
0.002582082524895668 0.01317469030618668 -0.01226622331887484 
0.006489694118499756 0.02560743317008018 -0.003899289527907968 
-0.008084808476269245 0.007249530404806137 -0.009508403949439526 
-0.006887818686664104 0.01714363507926464 -0.001415913924574852 
-0.006534944288432598 0.007389707490801811 -0.01246960274875164 
0.001867305254563689 0.01204458996653557 -0.01008458249270916 
-0.003675320418551564 0.01534118317067623 0.000642820552457124 
0.002561186207458377 -0.003586863866075873 -0.008050000295042992 
0.006122399121522903 0.02154325693845749 -0.002154876478016376 
0.005873580928891897 0.02992197126150131 -0.01214244496077299 
0.00177828106097877 0.02968632616102695 -0.01261978689581156 
-0.004249289631843567 0.03114688023924828 -0.0003985619405284524 
0.0009290254674851894 0.02543425001204014 -0.002266889438033104 
0.008905635215342045 0.01362685486674309 -0.009897650219500065 
-0.006463755387812853 0.007819971069693565 -0.01017816085368395 
-0.00292695895768702 0.01397741958498955 0.0008410235750488937 
-0.004260368179529905 0.02555827982723713 -0.008721139281988144 
0.001636486034840345 0.008019799366593361 -0.01290460862219334 
-0.002492132596671581 0.02723636850714684 -8.920780237531289e-05 
-0.001632202533073723 0.01526284590363503 -0.009993534535169601 
0.00612813513725996 0.02267079427838326 -0.002184303710237145 
-0.001892428379505873 -0.002421496203169227 -0.005177496001124382 
0.008001020178198814 -0.003061706433072686 -0.008090147748589516 
-0.005281058605760336 0.01819529384374619 -0.002090352820232511 
-0.0002527232572901994 0.02547430619597435 -0.01299900561571121 
0.0009566867374815047 0.01124346721917391 -0.001896328292787075 
0.005255501717329025 0.01451311074197292 -0.001973066944628954 
-0.003638565540313721 0.001617113128304482 -0.01034578122198582 
0.005850682035088539 -0.005471460986882448 -0.0001264198508579284 
0.002412965288385749 0.0179558377712965 -0.0128771448507905 
-0.006291752681136131 -0.001839634729549289 -0.01043070759624243 
-0.007971896789968014 0.0005258344463072717 -0.01206976547837257 
-0.005443314090371132 0.01549706608057022 -0.01202944666147232 
0.005491622723639011 0.00504603236913681 -0.0122485663741827 
0.010881707072258 0.0003778801183216274 -0.008055894635617733 
-0.003010312793776393 -0.0001330617815256119 -0.01039273757487535 
0.002327767433598638 -0.005799978505820036 -0.008050000295042992 
0.002455465961247683 0.001733946148306131 -0.0103549612686038 
-0.00300132017582655 0.03070401027798653 -0.01012647524476051 
0.008307615295052528 0.002290846081450582 -0.005182875785976648 
-0.0006825753953307867 -0.008116787299513817 0.0008900187676772475 
0.008306624367833138 0.03195730596780777 -0.009977959096431732 
0.007578416727483273 -0.002949193585664034 -0.002182301599532366 
-0.003687449730932713 0.03133272379636765 -0.00204912107437849 
0.009237806312739849 -0.005018222145736217 -0.009837821125984192 
0.006394377909600735 0.02682979218661785 -0.004118144512176514 
0.009878212586045265 0.003950087353587151 -0.009881604462862015 
-0.000983436475507915 -0.003148013260215521 -0.008050000295042992 
0.001718444749712944 0.02722416445612907 -0.01302696391940117 
-0.007460858672857285 0.01793160662055016 -0.002701284596696496 
0.01081657689064741 0.001428129617124796 -0.008133362978696823 
-0.008696625009179115 0.01235209871083498 -0.002405994106084108 
-0.008287837728857994 0.003965443000197411 -0.01154670119285583 
0.006799936294555664 -0.006238872185349464 -0.01158809568732977 
0.006715371273458004 0.02271159365773201 -0.006720160599797964 
0.005407150369137526 0.01931057497859001 -0.002098019234836102 
-0.0009285435080528259 0.005007001105695963 -0.01026271469891071 
0.006198642309755087 -0.005659583956003189 -0.00494999997317791 
-0.009503962472081184 0.006516409106552601 -0.009439906105399132 
0.004483317025005817 0.01293666753917933 -0.01223426591604948 
-0.006110421847552061 0.02291412651538849 -0.008937873877584934 
0.008425943553447723 0.03303442895412445 -0.008698037825524807 
0.007402183953672647 -0.006720238830894232 -0.004474967252463102 
0.00140355690382421 0.0163271501660347 0.0008835324551910162 
0.006799474358558655 0.02453920245170593 -3.919775917893276e-05 
0.003257201984524727 -0.001830540248192847 -0.001550363376736641 
-0.007876744493842125 0.008195626549422741 -0.003931909799575806 
-0.00450114905834198 -0.005610499531030655 -0.01302357763051987 
0.01033252663910389 0.005702050402760506 -0.007739482913166285 
-0.001106738811358809 0.01724028028547764 -0.002057040110230446 
0.0001360148016829044 0.001462549902498722 -0.005399268120527267 
-0.002958622295409441 0.008883379399776459 -0.01015743147581816 
-0.007043570280075073 0.00977617409080267 -0.01200840901583433 
-0.001585312187671661 0.009896539151668549 0.001029006205499172 
0.004898915532976389 -3.40102706104517e-05 -0.008050000295042992 
0.003365302924066782 0.0134403919801116 -0.01005114614963531 
0.003469509072601795 -0.007040875032544136 -0.01233488880097866 
0.008065326139330864 0.01167163718491793 -0.001198352663777769 
0.005153194069862366 0.02905833721160889 -0.002353031886741519 
0.006928651127964258 -0.007792975753545761 -0.01067350897938013 
0.001569389365613461 0.02683936059474945 -0.009697710163891315 
0.001772243762388825 -0.002944593550637364 0.0006373071810230613 
0.006597509142011404 0.00832443218678236 -0.001808794098906219 
0.00894367229193449 0.03287926316261292 -0.004975525662302971 
2.408667933195829e-05 0.01437709759920835 -0.01291828323155642 
0.002859961241483688 0.03195459395647049 -0.009623268619179726 
-0.006891841068863869 0.01287158858031034 -0.005223869346082211 
0.009320516139268875 0.02915403619408607 -0.007884524762630463 
-0.001907567027956247 0.00348377600312233 -0.01296603120863438 
-0.006364633794873953 0.01566256769001484 -0.01145395077764988 
0.009300842881202698 0.02600690722465515 -0.006053970195353031 
-0.003664123825728893 0.03129340335726738 -0.002130034612491727 
0.004723725840449333 -0.001777355559170246 0.0001163558408734389 
0.008029168471693993 -0.004561378620564938 -0.0008223956683650613 
0.005409236066043377 0.01248748786747456 -0.01008012797683477 
0.006635075435042381 -0.007661394774913788 -0.01116564124822617 
-0.008236754685640335 0.006518159061670303 -0.009428167715668678 
-0.004083376377820969 0.02673050574958324 -0.001933783059939742 
0.005431389901787043 -0.008233139291405678 -0.007539242040365934 
0.006466678809374571 0.002222211100161076 -0.001649801502935588 
0.006775164511054754 0.006550920661538839 -0.0001194226206280291 
-0.0005163920577615499 -0.00931242574006319 -0.01063740625977516 
0.005552162416279316 -0.002146112034097314 -0.00494999997317791 
0.007965272292494774 0.003021467942744493 -0.001667594304308295 
0.007835550233721733 0.008345709182322025 -0.008320814929902554 
0.00658908300101757 -0.0009140332695096731 -0.008050000295042992 
0.01090085040777922 -0.0001628956233616918 -0.003935463260859251 
0.001713202917017043 -0.00600329739972949 -0.01260976493358612 
-0.00728925596922636 0.01004575565457344 -0.0001988339645322412 
-0.003625428304076195 0.03285866230726242 -0.002087591448798776 
0.002915519755333662 0.002642539562657475 -0.001667836448177695 
-0.003720114938914776 0.01212806347757578 -0.01007118821144104 
-0.001065921969711781 0.01608773693442345 -0.009973132982850075 
-0.006445911712944508 0.01234652474522591 -0.01199506968259811 
0.0006677581695839763 -0.006389942020177841 -0.01274457201361656 
-0.0005827216664329171 0.005789484828710556 0.001093605882488191 
0.00265582837164402 0.01889923401176929 -0.01290730200707912 
0.006659409962594509 0.003675134852528572 -0.01031271833926439 
0.003036048263311386 -0.001542761572636664 0.0004466708051040769 
0.00440122839063406 0.01533325389027596 -0.001996194710955024 
0.008050297386944294 -0.002460385207086802 -0.003891049884259701 
0.002924765925854445 -0.00138834398239851 -0.003949999809265137 
0.007986322045326233 0.03261398524045944 -0.002285159891471267 
-0.0005982121801935136 -0.001843812875449657 -0.00155776587780565 
0.001654692343436182 0.00510478438809514 -0.01026534661650658 
0.009107275865972042 0.03282522410154343 -0.005760486237704754 
0.01033959724009037 0.003344859927892685 -0.009113960899412632 
0.00679865013808012 0.02164340391755104 -0.006382187362760305 
0.002779521746560931 0.01091521233320236 0.0004352586402092129 
-0.003704739734530449 0.004443454090505838 -0.01027185656130314 
-0.004058639984577894 0.02647631429135799 -0.007361611817032099 
-0.006085531320422888 0.01042853016406298 -0.01011081412434578 
0.007190394680947065 0.01662030257284641 -0.009316697716712952 
0.003998254891484976 0.01551649160683155 0.00036177973379381 
0.00780971348285675 0.02392213605344296 -0.001304734963923693 
0.007330975495278835 -0.005398482084274292 -0.0005439622327685356 
-0.00172053137794137 0.02650716155767441 -0.01233898382633924 
0.004610386211425066 -0.001443833578377962 0.0001402583293383941 
-0.009880884550511837 0.008035153150558472 -0.004134404007345438 
-0.007313751615583897 0.01083100214600563 -0.006279907189309597 
0.004202294629067183 0.005208188202232122 -0.01026776060461998 
-0.003752900287508965 0.01055220887064934 -0.001887733233161271 
0.00665759714320302 0.007967759855091572 -0.01163626089692116 
-0.000899090722668916 0.01423509791493416 -0.01002183835953474 
0.005973406136035919 0.008158924989402294 -0.01186243630945683 
-0.006562581285834312 0.01450907345861197 -0.003577025141566992 
0.005285614635795355 0.02104836516082287 -0.01260381378233433 
0.005486465990543365 0.0237876009196043 -0.01258177123963833 
0.008456201292574406 0.006017279345542192 -0.01112619414925575 
-0.007090051658451557 0.01899472251534462 -0.009400313720107079 
0.003586097387596965 0.02931276708841324 -0.009637178853154182 
-0.002985155675560236 0.0009958085138350725 -0.003949999809265137 
0.004952006507664919 0.02418314665555954 -0.002226150128990412 
-0.008630063384771347 0.01399671100080013 -0.008871980011463165 
0.0007981709786690772 0.001297552022151649 -0.01200000010430813 
0.0016803746111691 -0.007429972290992737 -0.01059266552329063 
0.004488875158131123 -0.006639966741204262 -0.00494999997317791 
0.003516592551022768 0.003250424284487963 -0.001682501169852912 
0.003454445861279964 -0.003366389311850071 -0.008050000295042992 
-0.0058384551666677 0.01917413435876369 -0.001007977523840964 
-0.004196146037429571 0.02576937153935432 -0.005972648970782757 
-0.009846039116382599 0.008266368880867958 -0.004273741971701384 
-0.009490549564361572 0.008878347463905811 -0.002755868015810847 
0.001075481530278921 -0.005280560813844204 -0.01270471699535847 
0.001657390152104199 0.01751791127026081 -0.002058740705251694 
-0.009591178968548775 0.005815949290990829 -0.002502677496522665 
0.006719481665641069 0.02265974693000317 -0.009106510318815708 
-0.008170206099748611 0.01724689453840256 -0.006180045660585165 
0.007907919585704803 -0.001177732832729816 -0.007146979216486216 
0.01025131717324257 0.00944976881146431 -0.005957801826298237 
-0.004005525261163712 0.02612722665071487 -0.002294886624440551 
0.01091557927429676 0.001811421476304531 -0.007717672735452652 
0.005451186094433069 0.004751496016979218 0.0002484873693902045 
-0.004523340612649918 0.001024978468194604 -0.01292296126484871 
-0.000358519348083064 0.02855335921049118 -0.01263234112411737 
0.003443608293309808 -0.008122625760734081 -0.01061428897082806 
-0.002440283540636301 0.02867325395345688 5.420765228336677e-05 
-0.003053055610507727 0.0342581607401371 -0.0007774377008900046 
-0.002106621395796537 -0.0001662583963479847 -0.01236014999449253 
0.009328239597380161 0.005326538812369108 -0.01047770027071238 
0.01018427684903145 -0.000911506125703454 -0.003172016702592373 
-0.003520552068948746 0.02546769194304943 -0.01133919041603804 
0.005018650554120541 0.02770778350532055 -0.01261356472969055 
0.006399179343134165 0.01893573999404907 -0.009913758374750614 
0.00595543161034584 0.006720714271068573 -0.001768211252056062 
-0.001578840892761946 -0.002409078646451235 -0.008050000295042992 
0.006280479952692986 0.02828916907310486 -0.006782605778425932 
0.004846367053687572 0.002139639342203736 -0.0102387648075819 
-0.005052586086094379 0.008817628957331181 -0.01280906796455383 
-0.006715789437294006 0.01381764560937881 -0.002370243892073631 
0.006637229584157467 0.03300060704350471 -0.008819512091577053 
0.007089881226420403 -0.0001899898634292185 -0.003706573974341154 
0.003897232003509998 0.03163600713014603 -0.01093084271997213 
0.0005848788423463702 0.0292523205280304 0.0006791911437176168 
-0.006303734146058559 0.003720710519701242 -0.010285509750247 
0.005850601010024548 0.008379950188100338 -0.00181174254976213 
-0.002552011515945196 0.009374749846756458 -0.00185458071064204 
-0.0002825037227012217 0.03181586042046547 -0.0001273705420317128 
0.004467484541237354 0.009980292990803719 -0.0122414343059063 
-0.001412675366736948 0.0042313477024436 -0.01294927578419447 
-0.001826935913413763 0.02326862514019012 -0.009784120135009289 
0.008196263574063778 -0.002777232555672526 -0.003951992839574814 
0.008959906175732613 0.02301009371876717 -0.008917293511331081 
-0.004210458602756262 0.01856616884469986 -0.01217036135494709 
-0.0008817021735012531 -0.001192140975035727 -0.0007743831956759095 
-0.003723896807059646 0.01819232665002346 -0.009912850335240364 
-0.009879430755972862 0.005259561818093061 -0.008826919831335545 
-0.002695594448596239 0.01810801029205322 -0.002082884777337313 
0.006038926541805267 0.03259162604808807 -0.004606817383319139 
0.009620546363294125 0.007512792944908142 -0.00917406938970089 
0.008843479678034782 0.02816199511289597 -0.00358567270450294 
0.004371243994683027 -5.245674401521683e-05 -0.00494999997317791 
0.007949914783239365 0.004708440043032169 -0.0005783941014669836 
0.00783995445817709 -0.003299167845398188 -0.008129803463816643 
0.001175142591819167 0.03301955386996269 -0.01071789115667343 
0.002967869164422154 -0.0015790507895872 -0.007050000131130219 
-0.007390095386654139 0.01977720111608505 -0.003936379682272673 
-0.008452947251498699 0.01580070517957211 -0.004735512658953667 
0.006529657635837793 0.02509385533630848 -0.008001758717000484 
0.006040977314114571 0.02626472339034081 -0.009721687994897366 
-0.008507685735821724 0.003893252462148666 -0.01138777565211058 
0.003899770556017756 0.01504973042756319 -0.01001020148396492 
0.006219546310603619 0.007218013051897287 6.042676977813244e-05 
0.00367086473852396 -0.006153631024062634 -0.004553546663373709 
0.0005326917744241655 0.03379063308238983 3.212967203580774e-05 
0.006076278164982796 0.0141585236415267 -0.001962161855772138 
-0.004838292486965656 0.004678832367062569 -0.01281623356044292 
0.006851582787930965 0.0118928998708725 -0.01150388922542334 
0.004901206586509943 -0.006483254954218864 -0.01057441253215075 
-0.004960055463016033 0.01000477746129036 -0.001875863294117153 
0.007202812470495701 -0.001362194307148457 -0.01146572828292847 
-0.005769208073616028 0.005303077399730682 0.0006224605021998286 
0.008730409666895866 0.00170738366432488 -0.0009408385958522558 
-0.003388148033991456 0.01493179704993963 -0.009998653084039688 
-0.004375164397060871 -0.008393828757107258 -0.01242585945874453 
0.002909450093284249 0.004895031917840242 -0.01027334108948708 
0.0004090676084160805 -0.001579061849042773 -0.003949999809265137 
0.006017000414431095 0.02101831510663033 -0.0001926899276440963 
0.006937985308468342 0.02996768057346344 -0.0004200338153168559 
-0.003372587263584137 -0.005077561363577843 -0.00147888925857842 
0.002322128741070628 0.0009854999370872974 -0.01037423592060804 
0.01024672761559486 0.005524109583348036 -0.003849993692710996 
0.01091667357832193 0.003527064574882388 -0.004664819221943617 
-0.00398775702342391 0.0183812752366066 -0.009907386265695095 
-0.0064039072021842 0.009451149962842464 -0.001864306628704071 
0.007705004885792732 -0.005757719278335571 -0.006733031943440437 
0.01042336411774158 -0.002604243811219931 -0.007246737368404865 
-0.004021381959319115 0.02669798396527767 -0.00343412347137928 
-0.007159304339438677 0.01431482098996639 -0.01112882699817419 
-0.005936815403401852 -0.0012757369549945 -0.0128247644752264 
0.006810522638261318 0.03312037140130997 -0.006630308926105499 
0.007843403145670891 0.008244568482041359 -0.007212815806269646 
-0.002829655772075057 0.02785468846559525 -0.01189142093062401 
0.00415501743555069 -0.009117777459323406 -0.0009825135348364711 
0.006926394999027252 -0.001777660101652145 -0.01156060490757227 
0.006270187441259623 0.02416018210351467 -0.009777095168828964 
0.01041922718286514 0.005469383206218481 -0.006581962574273348 
0.007241301238536835 -0.000750894017983228 -0.008050000295042992 
-0.0008628798532299697 0.002865617396309972 0.0009451152291148901 
0.002519178669899702 0.01814644411206245 -0.009926578961312771 
0.00519680418074131 -0.004533100407570601 -0.001475909492000937 
-0.00844130851328373 0.01336812973022461 -0.002257260493934155 
-0.003211378818377852 -0.006139255128800869 -0.001450868905521929 
-0.0008927337476052344 -0.002808186458423734 -0.01046683266758919 
-0.002130981301888824 0.03518663346767426 -3.937395013053901e-05 
-0.008698496967554092 0.01215371862053871 -0.00971116591244936 
-0.006310363300144672 0.02419902011752129 -0.005776156671345234 
-0.005383959040045738 0.02019427344202995 -0.00261572003364563 
0.007680555339902639 0.00935417041182518 -0.001833505462855101 
-0.003353552427142859 0.0003445826005190611 -0.01037957798689604 
0.005583764053881168 -0.003951742313802242 -0.01050968840718269 
-0.008206285536289215 0.006575342267751694 -0.00694041233509779 
0.008687886409461498 -0.006392655894160271 -0.006358417682349682 
0.006336156744509935 0.01493732631206512 -0.0002968457411043346 
0.005393458995968103 0.02179084904491901 -0.01259642839431763 
-0.004741431679576635 0.02100496925413609 -0.0005714790313504636 
0.006404049228876829 0.02407382801175117 -0.002220381516963243 
-0.008915025740861893 -3.503539483062923e-05 -0.0005341619253158569 
-0.008207564242184162 0.006614292971789837 -0.008201972581446171 
0.002711849054321647 -0.001786653767339885 -0.00494999997317791 
-0.003352652536705136 0.02111555822193623 -0.01223981007933617 
0.00300147314555943 0.02212641946971416 -0.0098236333578825 
-0.00465863011777401 0.02478491701185703 -0.01024121697992086 
-0.009435709565877914 0.01029078382998705 -0.00843647588044405 
0.006015127524733543 0.02618535980582237 -0.002276292070746422 
-4.207063466310501e-05 0.007742281071841717 -0.01019307877868414 
-0.004989368375390768 0.01070141885429621 -0.01010588929057121 
0.007535199634730816 0.001406280440278351 -0.006721373647451401 
-0.003057280089706182 0.01883453316986561 0.0005542519502341747 
-0.005951462313532829 0.01152877230197191 -0.01008235663175583 
0.005531863309442997 0.01373117882758379 -0.01198689173907042 
0.007729901932179928 -0.0003960059839300811 -0.0007567908614873886 
-0.001432336517609656 -0.006404722109436989 -0.0014405632391572 
-0.002848772797733545 -0.00272255064919591 -0.01046067010611296 
-0.001970170764252543 0.02966294065117836 0.0001117538049584255 
0.007932009175419807 0.02902975305914879 -0.01080619543790817 
0.001610590843483806 0.005511577241122723 -0.0129249282181263 
-0.0005835716729052365 0.03105917945504189 0.0001449003611924127 
0.005797120276838541 0.01019939500838518 -0.01014064624905586 
-0.001652237144298851 0.02388599142432213 -0.009768352843821049 
0.007305317558348179 0.0151464119553566 -0.009332500398159027 
0.006426065694540739 0.01320216804742813 -0.0003226763801649213 
-0.007482092827558517 0.02010234445333481 -0.006118176970630884 
0.003392878687009215 0.02648136392235756 0.0009686164557933807 
-0.002371934242546558 0.02088505774736404 -0.01262674108147621 
0.008663000538945198 0.02378290891647339 -0.009500853717327118 
0.003602285403758287 -0.006622954737395048 -0.007050000131130219 
0.0001289595238631591 0.01658309437334538 0.0009300316451117396 
0.001906534191220999 0.00925718154758215 -0.001842562225647271 
0.006619119085371494 -0.006577071733772755 -0.007050000131130219 
0.007536848541349173 0.01217671576887369 -0.0086129205301404 
-0.007493623998016119 0.01590148732066154 -0.001790412701666355 
0.007622708566486835 0.02680640108883381 -0.001206482411362231 
0.009354247711598873 0.01942439377307892 -0.003489138791337609 
-0.00561408419162035 0.02183152921497822 -0.001708342228084803 
-0.003074642037972808 0.01543054450303316 -0.00998625997453928 
-0.005404409021139145 -0.005235835909843445 -0.01293789222836494 
-0.0007715641986578703 -0.001941336435265839 -0.001555571332573891 
-0.007273156195878983 0.01778199896216393 -0.002233612351119518 
0.001257398165762424 -0.002245820593088865 -0.01045646518468857 
0.00456082122400403 -0.007312097121030092 -0.001404629554599524 
-0.008592400699853897 0.0135562177747488 -0.002772527514025569 
0.00336043443530798 -0.0006089989328756928 -0.01240021176636219 
-0.005799053702503443 0.01819760538637638 -0.002799586392939091 
0.006125655025243759 0.03027505427598953 -0.007438277825713158 
0.0111048212274909 0.001884236466139555 -0.005804686341434717 
0.008105013519525528 0.003636086126789451 -0.01135732978582382 
-0.007682806812226772 0.007456969935446978 -0.01018519140779972 
0.001745879999361932 0.003791855880990624 0.0009042751044034958 
-0.005838952027261257 -0.001417279592715204 0.0008436865755356848 
-0.0003969319513998926 0.01174032501876354 -0.01008798182010651 
-0.002206196775659919 0.02360351197421551 -0.002225383883342147 
0.005215924233198166 0.02012126334011555 0.000592163298279047 
0.00873913336545229 0.00511129992082715 -0.01096991542726755 
0.006143839098513126 0.03266347572207451 -0.006435836665332317 
0.006107890512794256 0.00371489068493247 -0.001689426484517753 
0.005303327925503254 0.007785730063915253 -0.01230496726930141 
-0.006646940484642982 0.009765101596713066 -0.001872991444543004 
0.004923384170979261 0.01337518915534019 0.0001329640654148534 
0.003749975701794028 -0.00204389076679945 -0.00494999997317791 
0.001739628263749182 0.02403754182159901 0.001135000726208091 
-0.0004279988934285939 0.008646971546113491 -0.001831316156312823 
0.00272321654483676 0.01557950675487518 0.0007583688129670918 
-0.003826453350484371 0.002187242032960057 -0.01295262482017279 
0.003008083673194051 -0.004050612915307283 -0.00494999997317791 
-0.0003249116125516593 0.009708428755402565 -0.01014117710292339 
0.006435137707740068 0.0007233474752865732 -0.01170738600194454 
-0.007545827887952328 0.01928027532994747 -0.004080208018422127 
0.002095412230119109 0.006925428751856089 -0.001781303668394685 
-0.003633620915934443 0.03124198317527771 -0.00984404981136322 
-0.002896501217037439 0.02215501293540001 0.0003268762375228107 
-0.004058350808918476 -0.00642695464193821 -0.01055495999753475 
-0.004794882144778967 0.004537054337561131 -0.01282639428973198 
-0.006467640865594149 -0.005827425979077816 0.0008214096305891871 
0.0008277310989797115 -0.004029098898172379 -0.003949999809265137 
-0.005223466083407402 0.02642249688506126 -0.007518592290580273 
-0.003683017799630761 -0.007667436730116606 -0.001411937060765922 
-0.00806134007871151 0.01589107327163219 -0.002865061163902283 
0.006536324508488178 -0.004766712430864573 -0.008050000295042992 
0.008907482028007507 -5.321085336618125e-05 -0.01052883826196194 
0.00770627474412322 0.01000350154936314 -0.007841591723263264 
-0.005021998658776283 -0.004139585420489311 -0.00150678982026875 
0.002179350703954697 0.0301317386329174 -0.002387026324868202 
0.007595892995595932 0.01782368309795856 -0.0009517864673398435 
0.002870208350941539 -0.007875740528106689 -0.01242387574166059 
-0.0009256320772692561 -0.001780592021532357 -0.003949999809265137 
0.005969757214188576 0.03227449953556061 -0.004469762090593576 
-0.007093816064298153 0.006716947536915541 -0.001794304582290351 
0.00337719195522368 0.01889010891318321 -0.009908883832395077 
-0.00497813755646348 -0.008153690025210381 -0.01080727484077215 
-0.003515987424179912 0.01529576908797026 0.0006759349489584565 
0.001538900658488274 0.01095328014343977 0.0008958310354501009 
-0.00389140797778964 0.01492670923471451 0.0006324424175545573 
0.001459217630326748 0.01733472943305969 -0.00205435580573976 
0.01025643572211266 0.007259644567966461 -0.004217785783112049 
-0.007594968657940626 0.01859337836503983 -0.008445486426353455 
-0.003750355914235115 0.02284099161624908 -0.009791425429284573 
0.002322759246453643 -0.006155218929052353 -0.001439384534023702 
-0.004072794690728188 0.01630033180117607 0.0004587007861118764 
0.006176515482366085 -0.003118081018328667 -0.008050000295042992 
-0.004960374906659126 0.03276338800787926 5.215405884939628e-11 
6.543273048009723e-05 0.00462650740519166 0.001084119430743158 
0.001160024432465434 0.01716481149196625 -0.01292185299098492 
-0.00784975104033947 -0.004008593503385782 -0.01048420928418636 
-0.0008124028099700809 -0.008950845338404179 0.0008914915379136801 
0.005357381422072649 0.008222898468375206 -0.001808631932362914 
0.007978692650794983 -0.003963156137615442 -0.0008203558390960097 
0.00818030908703804 -0.002036265330389142 -0.007172014564275742 
-0.002771266736090183 0.01441238261759281 -0.01001345179975033 
-0.00479211425408721 0.01659813895821571 -0.01217063330113888 
0.006055089645087719 0.008966210298240185 -0.01017336174845695 
0.001191779738292098 0.01608685590326786 -0.01288887020200491 
0.007291064597666264 0.01730385422706604 -0.01124743465334177 
0.006270578131079674 -0.0008848578436300159 -0.004950000438839197 
0.006875768769532442 0.01125468499958515 -0.0005127346375957131 
-0.002931041410192847 0.00316597381606698 -0.001693237340077758 
0.005204384215176105 0.02807246521115303 -0.009672811254858971 
0.0005083759897388518 0.007672771345824003 -0.01019599847495556 
0.005582213401794434 -0.002200733404606581 -0.01046396791934967 
0.003598372917622328 0.001793633331544697 0.0003775694349315017 
-0.001431786455214024 0.02547666057944298 0.0006792928907088935 
0.007847115397453308 0.008197896182537079 -0.009660063311457634 
-0.005312480963766575 0.01647493988275528 -4.580978566082194e-05 
-0.002891912590712309 0.01118967123329639 0.0009548199595883489 
-0.007712457794696093 0.008992237970232964 -0.008318259380757809 
0.007237846031785011 0.00140265398658812 -0.000281106389593333 
-0.008540315553545952 0.0003585558151826262 -0.01171758491545916 
-0.007212290540337563 -0.006203201599419117 -0.0007307118503376842 
0.004320762120187283 -0.002209419850260019 -0.003949999809265137 
0.007335016038268805 -0.004752333741635084 -0.007865475490689278 
-0.007132217288017273 0.00972686056047678 -0.001872967113740742 
0.006306318566203117 0.01632234267890453 -0.01174523681402206 
0.0002493232314009219 0.0233040452003479 -0.009787363931536674 
0.00938048679381609 0.02470742352306843 -0.006144839338958263 
-0.002644618507474661 0.03537270799279213 -0.002400000113993883 
0.009493043646216393 0.02218890376389027 -0.00730492128059268 
0.002731990301981568 0.01116122212260962 0.0003762766136787832 
0.001828265842050314 -2.281722845509648e-05 -0.01200000010430813 
-0.003162508131936193 0.009789037518203259 0.0009835542878136039 
-0.002575314603745937 0.02871869504451752 -0.009640322998166084 
0.002587422030046582 0.03189019858837128 -0.01212654355913401 
0.009940681047737598 -0.001090503530576825 -0.002755872439593077 
-0.007126444950699806 0.01126793771982193 -0.01172767020761967 
0.00425662100315094 0.01930204406380653 -0.01276611164212227 
0.000130288302898407 0.03401346132159233 -0.01220768038183451 
0.008061693049967289 0.005445306189358234 -0.003905962686985731 
0.003352033207193017 -5.085118755232543e-05 -0.01040336117148399 
0.001099426997825503 -0.0009669898427091539 -0.007507625967264175 
0.003909862134605646 -0.006567865144461393 -0.01225993782281876 
0.01012111827731133 0.01127362251281738 -0.004833406303077936 
1.146818976849318e-05 -0.009476503357291222 -0.01180965825915337 
-0.003737918799743056 0.01149624586105347 0.0008858686778694391 
-0.005084496922791004 -0.004942081868648529 -0.01296421512961388 
-0.003571424633264542 -0.0016696120146662 0.00101765338331461 
-0.0006608423427678645 0.02937404997646809 -0.002372944261878729 
0.001136952079832554 -0.004405117593705654 -0.007050000131130219 
-0.000135011927341111 -0.001442814711481333 -0.004100977443158627 
0.001773712108843029 -0.009116324596107006 -0.0125660952180624 
-0.008707653731107712 0.01463849749416113 -0.005099065601825714 
-0.00385815161280334 0.02751665189862251 -0.009575527161359787 
-0.008599385619163513 0.01517230272293091 -0.006615038029849529 
0.006769635248929262 0.01105422619730234 -0.0004595127538777888 
0.004202746320515871 0.02082778140902519 -0.00985995028167963 
-0.00466006388887763 0.0117028933018446 -0.001919597154483199 
0.007723837625235319 0.004745460115373135 -0.0004701690631918609 
-0.004221187904477119 0.02528731897473335 -0.001655306434258819 
0.006736169569194317 0.02244587987661362 -0.00951035600155592 
-0.00448767002671957 0.01291027385741472 -0.01004922483116388 
-0.007503206375986338 -0.005928212776780128 -0.001465154346078634 
-0.00776930246502161 -0.002948215464130044 0.0003793947689700872 
0.006577550899237394 0.02448061481118202 -0.003841829020529985 
9.271044109482318e-05 0.03399829193949699 0.0002214061678387225 
0.008050862699747086 0.005583829246461391 -0.007084582466632128 
0.002986215753480792 0.01841986551880836 -0.009920377284288406 
0.004994745366275311 0.02865571342408657 -0.009657162241637707 
0.00311888474971056 -0.00654885545372963 0.0003924483899027109 
0.001503756851889193 -0.006811394821852446 -0.01262766309082508 
0.009863951243460178 0.003897692076861858 -0.0099057387560606 
0.0009365744772367179 0.02866343408823013 -0.0127275213599205 
0.008048637770116329 0.005613489076495171 -0.001900307252071798 
-0.009272610768675804 0.005786261521279812 -0.01013648696243763 
-0.001001215074211359 0.0340675562620163 -0.009599999524652958 
-0.002786195138469338 0.02655980363488197 -0.0003854305541608483 
0.006544311996549368 -0.008392458781599998 -0.009664841927587986 
0.00718168169260025 0.0167312603443861 -0.007276545278728008 
0.01072279084473848 0.005050375126302242 -0.00690824817866087 
-0.005201470572501421 0.03304660320281982 5.215405884939628e-11 
-0.00954922754317522 0.01011232379823923 -0.006172595079988241 
-0.004473584704101086 0.02448892034590244 -0.007419020868837833 
-0.006053847260773182 0.01535568293184042 -0.0002773052547127008 
-0.0006978394230827689 0.03087390400469303 0.0004089955473318696 
-0.002153800567612052 -4.559580702334642e-05 -0.003949999809265137 
-0.002615008503198624 0.003697487292811275 -0.001706480281427503 
-0.006147103384137154 0.01644563488662243 -0.00687084998935461 
0.005888758692890406 -0.0007694961968809366 -0.001572784036397934 
-0.004786408971995115 0.02164033427834511 -0.009820693172514439 
0.0004087654524482787 -0.002678088378161192 -0.005513226613402367 
0.01092133671045303 0.002127255778759718 -0.007632122840732336 
0.005117268767207861 0.02217240445315838 0.0006956368451938033 
0.002082538558170199 0.01760790683329105 -0.009939763695001602 
-0.0001312906242674217 0.03268062323331833 0.0003320324467495084 
0.002089051296934485 -0.005896438844501972 -0.008050000295042992 
0.005668398924171925 0.02138257212936878 0.0004931120784021914 
0.007305953651666641 0.03202401101589203 -0.001369275385513902 
-0.008197316899895668 0.01665922068059444 -0.00399972265586257 
0.00433753989636898 0.02498152665793896 -0.002248228061944246 
-0.004020281601697206 0.001993457786738873 -0.01033518929034472 
-0.004077740479260683 0.02241114899516106 -0.009801990352571011 
0.007532021496444941 0.001622456242330372 -0.0116141214966774 
0.002125123282894492 -0.004076895769685507 -0.003949999809265137 
-0.0004021544300485402 0.001429797848686576 -0.007298628333956003 
-0.002310262061655521 0.01317927893251181 -0.0129154110327363 
-0.001819829922169447 0.001583327539265156 -0.01035031396895647 
0.003320500021800399 0.01005548611283302 5.887821316719055e-05 
0.009861542843282223 0.01719469577074051 -0.006162616424262524 
0.009206756018102169 0.02864158898591995 -0.005735659971833229 
0.0054144486784935 0.01676485128700733 -0.01209296844899654 
0.0002983850426971912 -0.001939986366778612 -0.01044655591249466 
-0.01000325009226799 0.007268961984664202 -0.004293675534427166 
-0.00856119766831398 0.01503453589975834 -0.00774818891659379 
-0.005561817903071642 0.03036637604236603 -0.002122423378750682 
-0.008876899257302284 0.01379265356808901 -0.005038324277848005 
0.007590597495436668 0.01148758828639984 -0.009172174148261547 
-0.003268246306106448 0.02312234789133072 -0.01197498384863138 
0.008690863847732544 -0.002243236172944307 -0.001231173751875758 
0.01071318052709103 -0.0007616629591211677 -0.007759674452245235 
-0.004132736008614302 0.02616423182189465 -0.008527806028723717 
0.006390924099832773 0.01161404140293598 -0.01170080155134201 
0.00359016889706254 -0.006391095463186502 -0.004950000438839197 
-0.005752407480031252 0.01834829710423946 -0.00715851504355669 
0.005532834213227034 0.003914817702025175 -0.001695800572633743 
-0.003364587901160121 0.006548380479216576 -0.01307652331888676 
-0.002881123684346676 0.003644150216132402 -0.01295332983136177 
0.002020029351115227 -0.007331721484661102 -0.007147804368287325 
-0.009170955047011375 -0.002645020838826895 -0.001334289321675897 
-0.00178793235681951 0.02982870861887932 -0.01203064993023872 
-0.0004806766228284687 0.02192753367125988 -0.01303379517048597 
-0.006278079003095627 -0.00163738732226193 -0.001574786612764001 
-0.005269724875688553 0.02066566422581673 -0.004752908367663622 
0.008935187943279743 0.02860135398805141 -0.002863090252503753 
0.002863042056560516 0.01396338362246752 -0.01208020001649857 
-0.0004149544984102249 0.01233094837516546 -0.00192747451364994 
0.00814053975045681 -0.00466998154297471 -0.0008858857909217477 
0.005256776697933674 0.005694982595741749 -0.001742832828313112 
0.004674035124480724 -0.004154375288635492 -0.01051315292716026 
0.01060434617102146 -0.0001673008082434535 -0.003127783071249723 
0.004137460608035326 0.01343219354748726 -0.01230977475643158 
0.002693249844014645 0.005089490674436092 -0.01276840921491385 
0.004503336269408464 0.0313880480825901 -0.01206645276397467 
0.006468005478382111 0.004394605290144682 -0.0119616836309433 
-0.00208921474404633 0.03556186333298683 -0.001501974882557988 
-0.008942369371652603 0.002006097231060266 -0.0007939212373457849 
0.009986652992665768 -0.001683820853941143 -0.009207990020513535 
0.009501723572611809 -0.004969156812876463 -0.007459936663508415 
-0.0005444884300231934 -0.007078513037413359 -0.01057902537286282 
0.001616587862372398 -0.005003868136554956 0.0006335748475976288 
-0.003838367527350783 0.02767744287848473 -0.002628922928124666 
0.01015256810933352 0.01048051100224257 -0.004650515969842672 
0.001779136247932911 0.02582314983010292 -0.01308050472289324 
-0.005328434985131025 0.001782548846676946 -0.010338069871068 
0.001377186505123973 0.0005369620630517602 -0.004605214577168226 
-0.00424377154558897 0.01338577549904585 0.0006772883352823555 
0.006502675823867321 0.0004066242545377463 -0.007050000131130219 
0.0053089689463377 0.004821752198040485 -0.01228675246238708 
-0.003938618581742048 0.01993513852357864 0.0001111165329348296 
0.004213429056107998 -0.007567520253360271 -0.007050000131130219 
-0.0009373834473080933 0.01485779043287039 -0.01292034517973661 
0.004377116914838552 0.0252431221306324 -0.01286963652819395 
-0.004034003708511591 0.02078623324632645 -0.01193932257592678 
-0.007747058756649494 0.008752109482884407 -0.006240755785256624 
0.002040974795818329 -0.007090994156897068 -0.001415564096532762 
0.008395959623157978 0.001158116152510047 -0.007601603399962187 
-0.001306836609728634 -0.001519280602224171 -0.01224789768457413 
0.002461491152644157 0.02318872325122356 -0.00220518559217453 
-0.0007422894123010337 -0.001252717338502407 -0.004020219203084707 
-0.009993514977395535 0.005758177954703569 -0.00630616769194603 
0.006198960356414318 0.02933452650904655 -0.005586666986346245 
0.004326173570007086 0.01760728098452091 -0.002055717632174492 
-0.002517433138564229 -0.004908798728138208 -0.01051841583102942 
-0.006961196660995483 0.01079271733760834 -8.172180969268084e-05 
0.004581090994179249 -0.001627891091629863 -0.001552997040562332 
0.006372113712131977 7.919108611531556e-05 -0.00494999997317791 
0.008755038492381573 -0.002420173957943916 -0.004750261083245277 
-0.001453651348128915 -6.876721454318613e-05 -0.0002707889070734382 
-0.005049735307693481 -0.002393159084022045 -0.00155237689614296 
-0.004145614802837372 0.01057250611484051 -0.01287293434143066 
0.003424789756536484 0.0205959640443325 -0.002135558053851128 
0.007937668822705746 -0.001864118268713355 -0.0008270110702142119 
-0.000357574928784743 -0.00572814280167222 -0.01288102753460407 
-0.007434464059770107 0.01240622811019421 -0.01131720747798681 
0.001978330546990037 0.01414747443050146 -0.01002990175038576 
-0.006049094721674919 0.01692195609211922 -0.007050291635096073 
-0.002888237359002233 0.01579062454402447 -0.002022766973823309 
-0.00761084072291851 0.00944106187671423 -0.004755813628435135 
-0.004655944183468819 0.00569293275475502 -0.01285169087350368 
0.003425524570047855 -0.005707651376724243 -0.007147286087274551 
0.008831659331917763 0.02769707143306732 -0.003480481682345271 
0.006096982397139072 0.0287247896194458 -0.002342429012060165 
-0.001789625152014196 0.02683164738118649 -0.009691169485449791 
0.009578455239534378 0.001924460288137197 -0.01037388667464256 
0.005613424815237522 0.02355634793639183 0.0005323092336766422 
0.002436843002215028 -0.00112462230026722 -0.00541677325963974 
-0.003739646170288324 0.03319144994020462 -0.002400000113993883 
0.00158810755237937 -0.001072266255505383 5.215405884939628e-11 
-0.005926860496401787 0.01751718670129776 -0.007302394136786461 
0.009274829179048538 0.03041843138635159 -0.004386142361909151 
-0.006988984532654285 0.01802849397063255 -0.01006287708878517 
-0.007315712049603462 0.002953663235530257 0.000237658154219389 
0.007997068576514721 0.01855551078915596 -0.01067598350346088 
-0.003394693834707141 0.01424550358206034 -0.01001655869185925 
0.004264282528311014 0.02362291514873505 -0.002212903462350368 
-0.007725805044174194 0.008878258988261223 -0.006919415201991796 
0.006087292917072773 0.03076733276247978 -0.003806350519880652 
0.005546584725379944 0.01776576042175293 -0.002057405887171626 
0.003712779842317104 0.03168515488505363 -0.001893715001642704 
-0.004560924600809813 0.02402174286544323 -0.005936084315180779 
-0.005817962810397148 0.002636301564052701 -0.01031479705125093 
0.005054016597568989 0.01994981057941914 -0.01263469364494085 
0.00755064282566309 -0.007656371686607599 -0.004933029878884554 
0.002288070973008871 -0.003549027722328901 -0.008050000295042992 
0.001368914148770273 -0.00169310113415122 -0.01263250131160021 
0.005865165032446384 0.0008008552831597626 -0.004755115136504173 
-0.005421651061624289 0.02557705342769623 -0.007624483201652765 
0.002036675810813904 0.005341812036931515 -0.001740075065754354 
0.001885125413537025 0.00321045215241611 -0.01031526830047369 
-0.008905529975891113 0.01373896561563015 -0.006062386091798544 
0.006589110009372234 0.03296839818358421 -0.006666669156402349 
-0.003280356526374817 -0.007398410700261593 -0.0130417151376605 
-0.0007940779905766249 -0.003752866759896278 -0.01296274736523628 
0.008168013766407967 0.004081277176737785 -0.006901427172124386 
-0.0003366629243828356 0.0290975496172905 -0.009634925052523613 
-0.005775694735348225 0.03307357057929039 -0.0112938629463315 
-0.00479992525652051 -0.003939694724977016 -0.01297974213957787 
0.007389079313725233 0.01407168339937925 -0.008101270534098148 
-0.0006004453171044588 0.0258592888712883 0.0009185877861455083 
0.002572803059592843 0.008564055897295475 -0.0127858342602849 
0.002186148893088102 0.01763215288519859 -0.002060662023723125 
-0.005799971520900726 0.01137843821197748 -0.01240462064743042 
0.001377821667119861 -0.001723126391880214 -0.01044305972754955 
0.006364081054925919 0.03281407058238983 -0.007199543993920088 
-0.002861310727894306 -0.0007715027895756066 -0.01301528327167034 
0.01013191975653172 0.01156800240278244 -0.005528970155864954 
0.0009213516023010015 0.01563956215977669 0.0008960340637713671 
0.007527291309088469 -0.004165887832641602 -0.01137438602745533 
-0.00394993182271719 0.03333987668156624 -0.01171756349503994 
0.008857985958456993 0.01262106746435165 -0.001989628188312054 
-0.001287304214201868 0.03296644240617752 -0.01004589721560478 
0.00691868644207716 0.02010397240519524 -0.006561084650456905 
0.009942134842276573 0.003590629668906331 -0.002176461042836308 
0.008717399090528488 0.02813110873103142 -0.003229351714253426 
-0.003684408264234662 0.03288205340504646 -0.009599999524652958 
-0.001434078440070152 0.005675304681062698 -0.01312389597296715 
-0.01005101297050714 0.005343525670468807 -0.006426668725907803 
0.004202919080853462 0.004148466512560844 -0.01250972039997578 
-0.003121090354397893 0.02215069532394409 -0.01220461912453175 
-0.001187745481729507 0.0169603805989027 -0.002049894770607352 
0.0008799975621514022 0.02147696353495121 -0.01311591081321239 
-0.006727196276187897 0.01366020739078522 -0.006754194386303425 
0.00393227394670248 0.009614539332687855 0.0003489473601803184 
0.009004691615700722 -0.003057806985452771 -0.01056915521621704 
-0.004794358275830746 0.02706063725054264 -0.005070608574897051 
0.00651633320376277 -0.006051933392882347 -0.003949999809265137 
0.008154457435011864 0.004256065003573895 -0.009318532422184944 
0.0001453229779144749 0.03295662254095078 -0.002400000113993883 
0.0009142509661614895 0.01571190729737282 -0.002013079589232802 
-5.295156734064221e-05 -0.005894545000046492 0.0008470789762213826 
-0.008175952360033989 0.01609724387526512 -0.003332967171445489 
0.0005347089609131217 -0.005473591387271881 -0.004047308582812548 
-0.003480489831417799 0.02467810735106468 -0.000416989583754912 
-0.005507104098796844 -0.002546097850427032 -0.001549305277876556 
0.01029148325324059 -0.003194923046976328 -0.005607146304100752 
-0.001193716889247298 0.03531550616025925 -0.0008440761594101787 
-0.008802704513072968 -0.0008050425094552338 -0.0003760138642974198 
-0.005093634128570557 0.03360272198915482 -0.009600000455975533 
-0.004427458625286818 0.01912527903914452 -0.009887079708278179 
-0.008477862924337387 0.01548060216009617 -0.007575033698230982 
0.004293811973184347 0.007737133651971817 -0.01250968407839537 
-0.0071920370683074 0.02054712548851967 -0.0040470901876688 
0.008268521167337894 0.0008463100530207157 -0.005495366640388966 
-0.004559061955660582 0.02700576558709145 -0.008069729432463646 
-0.004132668487727642 0.02435845509171486 -0.01100961118936539 
0.004072817973792553 0.01628472097218037 0.000316816265694797 
0.006343849003314972 0.002316004829481244 -0.009669059887528419 
0.002061133505776525 0.01503589283674955 -0.01000687200576067 
-0.005518354475498199 0.03382929041981697 -0.002266420517116785 
0.004892009310424328 0.02671217173337936 -0.002292300574481487 
-0.003533260431140661 0.01740165986120701 -0.009933875873684883 
0.002280929125845432 0.02530840411782265 -0.009739110246300697 
-0.0004324465990066528 0.0314609482884407 -0.002400000113993883 
-0.00457403901964426 0.02642415463924408 -0.009225394576787949 
0.008950920775532722 0.02153109572827816 -0.00912137608975172 
0.007064441684633493 0.004905634094029665 -0.001718595856800675 
-0.002703526290133595 -0.009109525941312313 -0.0003750160394702107 
0.00775561761111021 0.01942072808742523 -0.0108795166015625 
-0.003673876635730267 0.02847378700971603 -0.01132403686642647 
0.010100650601089 0.01205025520175695 -0.006681306287646294 
-0.00564160943031311 0.001680882298387587 -0.01034009549766779 
0.007323140278458595 0.01491744257509708 -0.008337653242051601 
-0.003026077290996909 0.02449476718902588 -0.009749701246619225 
-0.006416924297809601 -0.002081037033349276 -0.01043676026165485 
0.004661050625145435 0.02327121049165726 -0.01284755952656269 
0.005328402854502201 -0.00559565145522356 -0.0074453204870224 
-0.00131835148204118 0.03425535559654236 5.43500755156856e-05 
0.002860713517293334 0.01827302575111389 0.0008624581387266517 
0.003190190298482776 0.02724803984165192 -0.0129428431391716 
0.007729913573712111 0.009701155126094818 -0.002783959032967687 
0.007306331768631935 0.02337688766419888 -0.01121016126126051 
0.003921829164028168 -0.007996135391294956 -0.003949999809265137 
0.001912907464429736 0.02133404277265072 -0.01310558430850506 
-0.004327073227614164 0.01004481129348278 -0.01012436114251614 
0.008305256254971027 0.02550273016095161 -0.009961945936083794 
0.008254054933786392 0.02022512070834637 -0.001634751912206411 
0.007161131128668785 0.01109869498759508 -0.001880095689557493 
-0.0002125615428667516 -0.002608807757496834 -0.004950284957885742 
0.006409795489162207 0.006001681089401245 -8.702578270458616e-06 
-0.0009052853565663099 0.03147158026695251 -0.002400000113993883 
6.83088437654078e-05 0.011156783439219 -0.001895848312415183 
0.005693972576409578 0.01372225489467382 -0.01193269155919552 
-0.0004708142369054258 -0.002057960256934166 -0.01044809073209763 
0.007287370506674051 0.01537682116031647 -0.003333731554448605 
0.003147970885038376 0.02793724089860916 0.0008965960587374866 
-0.00384675245732069 0.01034101843833923 -0.01291939709335566 
0.0002992584486491978 0.01124962419271469 -0.001897808630019426 
0.008140615187585354 -0.002102483529597521 -0.00388938607648015 
-0.006483258679509163 -0.0005103071453049779 -0.001604403369128704 
0.005386719480156898 -0.003039584029465914 -0.008050000295042992 
0.005006507970392704 -0.001765719149261713 -0.008050000295042992 
-0.0007517710910178721 0.003707000985741615 -0.01292661763727665 
-0.007543819025158882 0.004148892592638731 -0.001728158560581505 
0.0005762294749729335 0.01440712623298168 -0.01289837807416916 
0.005736651364713907 -0.005251343362033367 -0.001456073485314846 
0.004209421575069427 -0.001873705768957734 -0.007050000131130219 
0.007325113285332918 0.00156670343130827 -0.009594392962753773 
0.005288286600261927 0.006953169126063585 -0.001775619573891163 
-0.0006249341531656682 0.02783787436783314 0.0006172448047436774 
-0.004700450226664543 0.02655928023159504 -0.003130351658910513 
-0.009834267199039459 0.005224839318543673 -0.009010910056531429 
-0.008641623891890049 0.01455221883952618 -0.008127698674798012 
-0.007683563977479935 0.004523302894085646 -0.001738214632496238 
-0.001999208936467767 -0.002583730965852737 -0.004570400342345238 
4.792693653143942e-05 0.03013024106621742 0.0005592978559434414 
0.007799884304404259 0.008802929893136024 -0.004242156632244587 
0.006267344579100609 0.03285753726959229 -0.009629592299461365 
0.002850614720955491 0.007064110599458218 -0.01021659187972546 
-0.005929403938353062 0.03240994736552238 -0.010549645870924 
-0.0005378412897698581 0.001364260911941528 -0.004871084820479155 
-0.008063989691436291 0.01675901561975479 -0.00348110543563962 
-0.002549496944993734 0.02057949639856815 -0.009852880612015724 
-0.005967476405203342 0.01827160455286503 -0.01114301942288876 
-0.002525210147723556 0.009754127822816372 -0.01013556774705648 
0.007818246260285378 0.004384529311209917 -0.0005093235522508621 
-0.007872432470321655 -0.001765506924130023 -0.01042559929192066 
0.006872008088976145 0.03316327929496765 -0.005096889566630125 
-0.006987080443650484 0.02175888977944851 -0.006931249517947435 
0.007952764630317688 0.006843125447630882 -0.002420701086521149 
0.005056703463196754 -0.000978839467279613 -0.007050000131130219 
0.007589745335280895 0.01149865984916687 -0.003178982064127922 
0.002319752937182784 0.01952867954969406 0.0009667560225352645 
-0.007611484732478857 -0.003170872805640101 -0.001537371193990111 
-0.001691365381702781 0.0192867424339056 0.0008538654656149447 
0.004196205176413059 0.02166158519685268 0.000912075862288475 
0.006041414104402065 0.02442149817943573 -0.002230186481028795 
-0.0001878587645478547 0.002672098809853196 -0.01032516360282898 
0.009468719363212585 0.02015447616577148 -0.003885761136189103 
0.00694328173995018 0.01978856883943081 -0.005424754228442907 
-0.003321332857012749 0.03440233319997787 -0.0120000010356307 
-0.006236701272428036 0.01339883357286453 -3.576747258193791e-05 
0.00719011202454567 0.01699649728834629 -0.0007110511651262641 
-0.004973569884896278 0.02064813300967216 -0.01134273782372475 
0.00296904961578548 0.02865748293697834 -0.009653050452470779 
-0.008433458395302296 0.005592132452875376 -0.009905906394124031 
0.006003824528306723 -0.008169484324753284 -0.008967862464487553 
-0.003849664237350225 0.002564687514677644 0.0009427384939044714 
0.009186148643493652 0.02403955161571503 -0.008225475437939167 
-0.008176366798579693 0.00574860442429781 -0.0005667301011271775 
0.001615996705368161 -0.00429297611117363 -0.001489389920607209 
0.006014081183820963 0.02882238663733006 -0.01219018921256065 
-0.00418598810210824 0.02582194283604622 -0.005864287726581097 
0.007235158700495958 0.001635395456105471 -0.00802294909954071 
-0.00222656549885869 0.008959396742284298 -0.01305121090263128 
0.006048077717423439 0.007440521381795406 -0.01209750771522522 
0.006907565984874964 0.02024661004543304 -0.005480863153934479 
-0.006783442571759224 0.01985947974026203 -0.009494354017078876 
-0.005108759272843599 0.01703557744622231 -0.01197108533233404 
0.004875243175774813 0.02555716596543789 -0.002262178342789412 
0.006121795624494553 0.002485563280060887 -0.01000681519508362 
0.003649302292615175 -0.003685713512822986 0.0003307903534732759 
0.005664197262376547 0.01104078628122807 -0.01194549072533846 
0.005677551962435246 -0.003186189569532871 -0.01191550772637129 
0.004519170615822077 0.003545654006302357 -0.01244135852903128 
0.005395981017500162 -0.008863233029842377 -0.0006907588103786111 
0.004654718097299337 0.006097963079810143 0.0004232717619743198 
0.00529862567782402 0.0006074021803215146 -0.007175387814640999 
0.005874424707144499 0.0259157158434391 -0.009730465710163116 
-0.00454387255012989 -0.000271016382612288 -0.001606738544069231 
-0.0001614538487046957 0.02100862003862858 0.001035043620504439 
0.008086908608675003 0.002270820550620556 -0.01035224832594395 
0.01077975891530514 0.003206076566129923 -0.003982218913733959 
0.005996564403176308 -0.007109955884516239 -0.0002412778558209538 
-0.008096177130937576 0.00137994484975934 -0.01194022689014673 
0.005513172596693039 -0.002587242517620325 -5.050242180004716e-05 
0.007954473607242107 -0.001912791864015162 -0.002367097418755293 
-0.003695405088365078 0.01977087557315826 -0.002128306776285172 
0.008256656117737293 -0.00686273630708456 -0.004779604263603687 
0.0008629386429674923 -0.005884205922484398 -0.007292978931218386 
-0.0005669076927006245 0.01114775892347097 -0.01010311208665371 
0.0105539932847023 0.0002555740065872669 -0.003056967630982399 
0.007545292843133211 0.01206834148615599 -0.008411390706896782 
-0.00102721294388175 0.02108309604227543 -0.009842787869274616 
0.01004410348832607 0.01120561361312866 -0.004054795019328594 
0.002908227732405066 0.009753149934113026 -0.01273489557206631 
-0.003697598353028297 0.0353180319070816 -0.01120217982679605 
-0.001563720055855811 0.02401066571474075 -0.002234724583104253 
0.006478031165897846 0.02575650624930859 -0.009419772773981094 
0.007342306897044182 0.01467086002230644 -0.006286609917879105 
0.007891649380326271 0.007626290433108807 -0.003579868236556649 
0.008777908980846405 0.007669385056942701 -0.001664815470576286 
0.007571026217192411 0.01958406530320644 -0.01104411203414202 
0.005344432312995195 0.01483674626797438 -0.01001866161823273 
0.00810893252491951 0.004839823115617037 -0.002972047310322523 
9.978836169466376e-05 -0.006567382253706455 -0.01281414646655321 
0.006845363415777683 -0.003462421474978328 -0.0004044944071210921 
0.00483330711722374 0.006001317873597145 -0.001751680858433247 
0.002659764606505632 0.03144625201821327 -0.01237463764846325 
0.002641751896589994 0.004991448950022459 -0.01277628354728222 
0.004558993969112635 -0.001814115908928216 0.0001512241869932041 
0.009774935431778431 0.0009591779671609402 -0.01020423602312803 
-0.002416670555248857 0.001670692232437432 -0.008050000295042992 
0.003858945099636912 0.02996484376490116 -0.002379297511652112 
-0.009490693919360638 -0.000541727349627763 -0.001043714466504753 
0.00583186699077487 0.0236211009323597 -0.002209709724411368 
0.004246537107974291 0.01515648886561394 0.0003106039948761463 
-0.001829130109399557 -0.008574819192290306 0.0009852536022663116 
0.004703206941485405 -0.007108371239155531 -0.0105903372168541 
-0.001142416382208467 0.02258061617612839 0.0009004471357911825 
-0.001813233480788767 0.01392628625035286 -0.01002806611359119 
-0.006436173338443041 0.00547008216381073 -0.01241740863770247 
-0.006708742119371891 0.01934842392802238 -0.002113190945237875 
0.004324971232563257 0.01335218455642462 -0.001944624120369554 
-0.006223088596016169 0.01616440713405609 -0.009196518920361996 
0.007463313173502684 0.01311986334621906 -0.003748170100152493 
-0.006142863538116217 0.01646798849105835 -0.006927440874278545 
-0.007627730723470449 0.009384080767631531 -0.00408424437046051 
0.008316518738865852 0.00217638723552227 -0.005885272286832333 
-0.00782338809221983 0.008448370732367039 -0.004017946776002645 
-0.004127706401050091 0.004486987367272377 -0.01288030203431845 
-0.009759021922945976 0.008409260772168636 -0.008551514707505703 
0.009080310352146626 -0.00557304173707962 -0.003077756613492966 
-0.004733950830996037 0.02332359179854393 -0.002257558051496744 
0.0103185623884201 0.00681261345744133 -0.004595172591507435 
-0.00157028459943831 0.01185173168778419 -0.0129849836230278 
-0.004431959241628647 0.01540069933980703 -0.01243256963789463 
0.007213459350168705 0.02555571123957634 -0.0004004908259958029 
-0.008654331788420677 0.001695268321782351 -0.0004973839968442917 
-0.002769764047116041 0.02284398302435875 -0.009793315082788467 
0.003064209595322609 0.02216898649930954 -0.009822648018598557 
0.004188115708529949 0.02781523577868938 -0.002322513144463301 
0.0008310034172609448 0.002567780669778585 0.000824057380668819 
0.0001005988451652229 0.01077073812484741 0.0009748293668963015 
-0.001477899379096925 -0.005393221043050289 -0.001466999528929591 
-0.003113131737336516 0.03331614285707474 -0.001538223354145885 
0.004953735508024693 0.02875406108796597 -0.01254464406520128 
-0.008695876225829124 0.007494765799492598 -0.0009776002261787653 
0.002348775276914239 0.006897440645843744 -0.001780064427293837 
0.0006486662896350026 0.011811220087111 -0.001911769970320165 
-0.001067632576450706 0.03149524331092834 -0.01059367135167122 
0.00189227657392621 0.02976083382964134 -0.009622082114219666 
0.003865568432956934 -0.009019040502607822 -0.01202780194580555 
0.0104480218142271 -0.002560127060860395 -0.006962526589632034 
0.00473521463572979 0.01923866011202335 -0.002097490010783076 
0.007099433336406946 0.01778612658381462 -0.004913970362395048 
-0.008064230903983116 0.01623190753161907 -0.00305632222443819 
-0.006754424888640642 -0.006759910844266415 -0.01059518568217754 
-0.008853418752551079 0.01012272480875254 -0.001834878930822015 
-0.002004395239055157 0.005052497610449791 -0.01311231963336468 
-0.0008043469861149788 0.002235653810203075 -0.01033532060682774 
0.007219281978905201 -0.0003256964846514165 -0.009058901108801365 
-0.000397470488678664 0.00308151263743639 -0.01291659940034151 
-0.003066036850214005 0.02064099162817001 -0.002149761421605945 
0.0009856070391833782 -0.001347469980828464 -0.01043246500194073 
0.000817716761957854 0.03192198276519775 0.000447656842879951 
0.006579101551324129 0.003943417221307755 -0.0103055527433753 
-0.006495153065770864 -0.005234885960817337 0.000808840966783464 
0.001613881438970566 0.02156920358538628 -0.01311835460364819 
0.01091927848756313 0.002856968669220805 -0.007473355159163475 
-0.0076726283878088 0.009223716333508492 -0.002548153279349208 
-0.009962728247046471 0.005204108543694019 -0.008174225687980652 
-0.008272097446024418 0.008836731314659119 -0.01121783256530762 
-0.00470177736133337 0.01866426877677441 -0.01192255131900311 
-0.007080988027155399 0.01121057569980621 -0.01176879927515984 
0.001000884454697371 -0.005594129674136639 -0.01271103881299496 
-0.008096776902675629 -0.00495012104511261 -0.0115513177588582 
0.007283945102244616 -0.007155388593673706 -0.005706836003810167 
-0.002071649534627795 -1.058145426213741e-05 -0.01039142441004515 
0.001823992817662656 -0.001789450529031456 -0.00494999997317791 
-0.004892461933195591 0.01870379596948624 -0.002102849306538701 
0.004710540175437927 -0.007934996858239174 -0.01061193365603685 
-0.004063322208821774 0.008491058833897114 -0.01296281162649393 
0.002622698899358511 0.02167264744639397 -0.01307866536080837 
0.002623165026307106 0.002881844062358141 0.0005488966125994921 
0.009734843857586384 0.005934367887675762 -0.009105507284402847 
-0.0003897933638654649 -0.004317042417824268 -0.007941095158457756 
0.005257947836071253 0.00210142508149147 -0.01215939875692129 
0.007075570989400148 0.001757257152348757 -0.008929863572120667 
-0.006785153411328793 0.0106506235897541 -0.01204175036400557 
-0.0005678826128132641 0.02082573994994164 -0.01300101075321436 
0.004932457115501165 0.02052203565835953 -0.002130601787939668 
-0.006588656455278397 0.01437903195619583 -0.008282591588795185 
-0.0001454259618185461 0.008527240715920925 -0.0130297290161252 
-0.0007374263368546963 0.03269035741686821 -0.001000000163912773 
0.007985420525074005 0.0284085925668478 -0.01081012934446335 
0.008059871383011341 -0.00462920730933547 -0.0111552057787776 
-0.001413251622579992 0.01508844085037708 -0.00999852642416954 
0.001457929261960089 -0.001904526725411415 0.000695260358043015 
-0.003311699954792857 0.01908038929104805 -0.0124519094824791 
0.006326827220618725 0.02769543789327145 -0.008690822869539261 
0.005834520328789949 -0.005714149214327335 -0.01186351105570793 
0.007602347526699305 -0.006084018386900425 -0.004127929918467999 
0.01034924015402794 -0.002933922922238708 -0.00679505243897438 
-0.004400974605232477 0.02452373132109642 -0.009746185503900051 
0.007290750741958618 -0.002461590338498354 -0.00494999997317791 
-0.00534812780097127 0.01404905132949352 -0.00198223371990025 
0.00613205973058939 -0.006994410883635283 -0.0002693529240787029 
0.00912408996373415 -0.005569295026361942 -0.008228309452533722 
-0.001301875454373658 0.0340435653924942 6.854842649772763e-05 
-0.008691980503499508 0.0125855328515172 -0.009493307210505009 
0.003447744064033031 0.01133650355041027 0.00042629026575014 
-0.008349040523171425 0.0059055439196527 -0.007350172381848097 
0.003709289710968733 0.02224140055477619 -0.009822051972150803 
-0.003604751545935869 0.03289546817541122 -0.01001433841884136 
0.004599741194397211 -0.006856017746031284 -0.01058354042470455 
-0.00542876310646534 0.01181615982204676 -0.01248399540781975 
0.009901626966893673 0.003258480224758387 -0.009884961880743504 
0.003249780274927616 -0.001832877402193844 -0.00494999997317791 
0.0006914983969181776 0.032672218978405 -0.002400000113993883 
-0.009018274024128914 0.01233135815709829 -0.008597506210207939 
-0.002728363499045372 0.01104860939085484 -0.00189863727428019 
-0.001476422534324229 0.0008921226835809648 -0.001630950137041509 
0.006919968873262405 0.02008823864161968 -0.008501567877829075 
0.0007664228905923665 0.03123217448592186 -0.009599999524652958 
-0.009267811663448811 0.01163063384592533 -0.005310909822583199 
0.006840420886874199 0.02110873162746429 -0.004248245619237423 
0.0001283235033042729 -0.007146117277443409 -0.01058213971555233 
0.009447142481803894 0.01163627114146948 -0.002848712727427483 
0.000831291894428432 0.005502633284777403 -0.01301784720271826 
0.0006987181259319186 0.02353678084909916 0.001128555973991752 
0.005929642822593451 0.01358469296246767 -0.01185356825590134 
0.007414701860398054 -0.002794235944747925 -0.007050000596791506 
0.0006082431063987315 0.009177820757031441 -0.01298431307077408 
0.002877645427361131 0.01135248225182295 0.0005150903598405421 
0.003784402972087264 0.02679109200835228 -0.009703416377305984 
0.007947846315801144 0.006906118243932724 -0.002546377945691347 
0.0001225851738126948 -0.009248203597962856 -0.0127762071788311 
0.003025843296200037 -0.005387072451412678 -0.007050000131130219 
-0.009735669009387493 0.007428253069519997 -0.002754694316536188 
-0.008944719098508358 0.01036177854984999 -0.002079073339700699 
0.00244480837136507 0.00880847591906786 -0.001829766668379307 
-0.003135015489533544 0.005058166570961475 -0.01293095108121634 
-0.0001198271420435049 0.00915489811450243 0.001018638489767909 
-0.007153165061026812 0.01026162598282099 -0.0001318966824328527 
-0.004194152541458607 0.01793223991990089 0.0002634560514707118 
-0.004401614423841238 0.02482829615473747 -0.004739677999168634 
0.0063335788436234 0.02760846167802811 -0.007603302132338285 
0.004595279693603516 0.006788495928049088 -0.01022728905081749 
0.003881051205098629 -0.006314135622233152 -0.004737158305943012 
-0.001291673863306642 0.03024718165397644 -0.01230891980230808 
-0.0001845833903644234 -0.005750542040914297 -0.01286143250763416 
-0.005310640670359135 0.0162557065486908 -0.01198379881680012 
-0.002174766967073083 0.03546265885233879 -0.01176862977445126 
-0.002255854429677129 0.00859738327562809 0.001058639958500862 
-0.002968381391838193 -0.00408573541790247 -0.01049602124840021 
-0.003295914037153125 -0.007426818367093801 -0.01058259606361389 
0.005631477572023869 -0.006163728889077902 -0.01191564463078976 
0.006206394638866186 0.0007365419296547771 -0.003687483025714755 
0.00969957560300827 0.002922609681263566 -0.01020442973822355 
0.009491621516644955 0.01124875526875257 -0.009099625051021576 
-0.005561425816267729 0.008662902750074863 0.0006888325442560017 
-0.006672732532024384 0.01840642467141151 -0.001649805810302496 
-0.003640031442046165 0.0184403620660305 0.0004002185305580497 
-0.00186578999273479 0.009155477397143841 0.001045889337547123 
0.008479820564389229 0.03274646401405334 -0.008595463819801807 
0.008680287748575211 0.03042712807655334 -0.009560122154653072 
0.0069828936830163 0.0192811768501997 -0.008406422100961208 
-0.007787945680320263 0.00770211685448885 -0.0117719080299139 
0.01034347526729107 0.0008357632905244827 -0.002658060053363442 
0.003998640459030867 0.01974284835159779 -0.009887867607176304 
-0.007938775233924389 0.007047345861792564 -0.000245891249505803 
0.001517939730547369 -0.008602537214756012 -0.0126055246219039 
0.006769283674657345 -0.002710076281800866 -0.003949999809265137 
0.005208171438425779 -0.002648295136168599 -0.00494999997317791 
-0.003576064482331276 0.02233536168932915 -0.01193085871636868 
-8.676433935761452e-05 0.01790580712258816 -0.002072369214147329 
0.005820284131914377 0.009960295632481575 -0.01014693547040224 
0.005113361403346062 0.009648856706917286 -0.001846351893618703 
0.006368843372911215 0.02209756709635258 -0.000240438967011869 
-0.001556023955345154 -0.005217241588979959 -0.01052839867770672 
-0.003128329757601023 -0.006551394239068031 -0.01304399967193604 
-0.008817920461297035 0.01143628358840942 -0.009770575910806656 
0.008289298973977566 0.002525835298001766 -0.007019903045147657 
-0.00426638824865222 0.02555990405380726 -0.002408050233498216 
0.006609763484448195 0.03012065589427948 -0.0002465913421474397 
-0.004274934995919466 0.02193285524845123 -0.0004517973575275391 
-0.0005016102804802358 0.00238766404800117 0.0009376152302138507 
-0.002794012194499373 -0.0006285083945840597 0.001014036359265447 
0.0002137450501322746 0.01193061098456383 -0.001915760221891105 
0.005396419204771519 0.02447347342967987 -0.01261291280388832 
0.000601613603066653 0.0168856605887413 -0.01293007470667362 
0.009657664224505424 0.006284010596573353 -0.002795490901917219 
-0.007213450968265533 -0.00625023664906621 -0.001300306874327362 
-0.009308302775025368 0.01146882958710194 -0.0061387550085783 
0.007580673787742853 0.001736004371196032 -0.00040411576628685 
0.004246118012815714 0.03097501024603844 -0.002404894912615418 
-0.001437904546037316 0.009085536003112793 -0.0101552065461874 
-8.964765584096313e-06 0.01997463963925838 -0.01302258856594563 
0.003565825056284666 0.007194407284259796 -0.01263414975255728 
-0.0008571096113882959 0.008042572997510433 -0.01018360257148743 
-0.004784982651472092 0.03293571621179581 -0.009599999524652958 
-0.005819547921419144 0.01559044513851404 -0.0001668614568188787 
-0.004155649337917566 0.01444648765027523 -0.01260526105761528 
-0.0006299294764176011 0.002260698936879635 -0.001664982992224395 
-0.007777780760079622 0.002470413455739617 -0.01202751044183969 
-0.006939325015991926 0.02205009758472443 -0.005533701274544001 
-0.001480902079492807 0.02194263786077499 -0.009819434955716133 
0.0009013686212711036 0.02619782090187073 -0.002286880975589156 
-0.000879183760844171 0.03522634133696556 -0.01038679946213961 
-0.006397821474820375 0.01991920359432697 -0.01007825043052435 
-0.009806422516703606 0.008331101387739182 -0.008263973519206047 
0.006967939902096987 -6.210574065335095e-05 -0.005787794478237629 
-0.005402505397796631 -0.004818442277610302 0.0009300747187808156 
0.002989491913467646 -0.006332145072519779 -0.00494999997317791 
0.005769948940724134 0.00190565234515816 -0.01207739021629095 
0.01026889402419329 -0.003113298676908016 -0.007289702072739601 
0.001465772045776248 0.004728659521788359 -0.01294758263975382 
0.002473392058163881 0.004216577857732773 -0.01280171237885952 
-0.003009883919730783 0.03553842380642891 -0.001404539565555751 
0.003769742790609598 -0.0008176252595148981 -0.01042421907186508 
0.0006583928479813039 -0.002960056066513062 -0.008050000295042992 
-0.003738102968782187 0.01769753359258175 -0.002074260031804442 
0.007401551585644484 0.01528748590499163 -0.0008277524029836059 
0.001130412565544248 0.007470456417649984 0.000969014479778707 
-0.007472249679267406 -0.001665127696469426 0.0004311010125093162 
-0.007959394715726376 0.006436779163777828 -0.01151369977742434 
0.007993334904313087 0.006322100758552551 -0.003687006188556552 
-0.001514015137217939 0.02371691353619099 -0.002226955257356167 
0.003005143022164702 0.001357590546831489 -0.001634107669815421 
-0.004548001103103161 0.0256622638553381 -0.009604645892977715 
-0.006757787428796291 0.0008420724188908935 -0.01035975571721792 
0.0005027970182709396 0.008348552510142326 -0.01017834432423115 
0.007335771340876818 0.02331402152776718 -0.01118546165525913 
-0.001442924840375781 0.01149715669453144 -0.001907768310047686 
0.008726056665182114 0.03208497166633606 -0.002823437564074993 
-0.001017970498651266 0.03369388729333878 -0.009599999524652958 
0.008077071979641914 0.005248694680631161 -0.00969622191041708 
0.008417786099016666 -0.006637918762862682 -0.004373834002763033 
-0.001649833982810378 0.007454018108546734 0.001087229466065764 
-0.007459189277142286 0.01026451401412487 -0.002059499965980649 
0.0002552034566178918 0.02066743932664394 -0.002143785823136568 
0.001895105117000639 0.03156952932476997 0.0004336130805313587 
-0.001812517875805497 0.0160735622048378 -0.009972005151212215 
-0.000989495194517076 0.00109980336856097 -0.004503619391471148 
-0.000108361775346566 0.03032495640218258 -0.009603336453437805 
0.001799536403268576 0.002343123545870185 0.0006762356497347355 
0.009824603796005249 0.0165603905916214 -0.007463849149644375 
-0.000759829068556428 0.0287361815571785 -0.01253432407975197 
-0.001347788143903017 0.01405442133545876 0.0009355574147775769 
0.00590823870152235 0.02156197465956211 -0.002155794762074947 
-0.008837569504976273 0.009069038555026054 -0.01051877625286579 
0.006766268983483315 0.008128223940730095 -0.001803332474082708 
0.009442190639674664 0.02289403043687344 -0.007441892754286528 
0.008190684020519257 0.03420660644769669 -0.007390542421489954 
0.01012355834245682 -0.003188906703144312 -0.008688364177942276 
0.001955237472429872 -0.00150960055179894 -0.005699917674064636 
0.008857185021042824 0.01112139783799648 -0.001917216461151838 
0.004314756486564875 0.006886153947561979 0.0005025998689234257 
0.006160574965178967 -0.005103901959955692 -0.008050000295042992 
0.007889960892498493 0.02154565416276455 -0.001316510373726487 
0.01039161253720522 0.005684745498001575 -0.005066967569291592 
0.007111079525202513 0.02736969292163849 -0.01167639438062906 
-0.001320387586019933 0.001489349640905857 5.215405537994933e-11 
-0.003416453022509813 0.003208247711881995 0.000953388458583504 
0.0008961029234342277 -0.001825787359848619 -0.01249799877405167 
-0.008446636609733105 0.005470260977745056 -0.008263581432402134 
0.01031476445496082 -0.003076596185564995 -0.005375436041504145 
-0.007617381401360035 0.006041723769158125 -0.01180544029921293 
0.005953950807452202 0.0003520285827107728 -0.007050000131130219 
-0.003175465390086174 -0.00169230648316443 -0.01043311599642038 
0.005970862694084644 0.02103384584188461 -0.009858120232820511 
0.003312564920634031 0.01480938121676445 7.796721183694899e-05 
-0.00758500536903739 0.000514207873493433 -0.0122799975797534 
-0.00773801002651453 0.008866582065820694 -0.008230217732489109 
-0.004086156375706196 -0.005492803640663624 0.001030457089655101 
-0.003909913823008537 0.01204065233469009 0.0008257317240349948 
0.006264240946620703 0.02849740721285343 -0.006729647517204285 
-0.003731622360646725 -0.002168988110497594 -0.01044444553554058 
0.002948095090687275 0.02550968900322914 -0.00226480676792562 
-0.008077166974544525 -0.00372374034486711 -0.0104763163253665 
0.00723546277731657 0.006372410338371992 -0.01171872857958078 
0.007605511695146561 0.01129661500453949 -0.002952055307105184 
-0.003438294865190983 0.02050050720572472 -0.00985315814614296 
0.007331569213420153 0.01481063291430473 -0.002390442881733179 
0.004920692648738623 -0.00407659076154232 -0.00494999997317791 
-0.004921113606542349 0.03319933265447617 5.215405884939628e-11 
-0.009440370835363865 0.006396409589797258 -0.009635536931455135 
0.001011353102512658 0.007894853129982948 -0.01298005320131779 
0.007766752503812313 0.03095316328108311 -0.001228272914886475 
0.006922961678355932 0.02005003020167351 -0.008956936188042164 
0.008147199638187885 0.009782640263438225 -0.01080838404595852 
-0.0004490261198952794 0.0113888643682003 -0.01009705383330584 
0.006224030163139105 0.007505100220441818 -0.001788151683285832 
0.001093789003789425 0.0009737804648466408 -0.006931758020073175 
-0.008794814348220825 0.005022173747420311 -0.001904793549329042 
0.00597649347037077 -0.007958299480378628 -0.007453959435224533 
-0.001161218388006091 -0.002503028837963939 -0.006167727522552013 
0.004286976531147957 0.03076701425015926 -0.009600617922842503 
-0.004120375029742718 -0.008593881502747536 -0.01117382943630219 
0.00285563780926168 0.007612038869410753 -0.001797704375348985 
0.001434617326594889 0.01678880117833614 -0.01289163436740637 
-0.0002268694952363148 0.02517564222216606 0.001014347071759403 
-0.007666174788028002 0.01921156235039234 -0.006943137384951115 
0.002922136336565018 -0.003007501363754272 -0.01047969330102205 
0.005645177327096462 0.01583611965179443 -0.009993173182010651 
-0.003568662796169519 0.02814986184239388 -0.01106515061110258 
0.0001401247573085129 0.01408840715885162 0.0009230193682014942 
0.003448730101808906 -0.004310949705541134 -0.008050000295042992 
0.009314583614468575 -0.0004591163597069681 -0.01014399342238903 
-0.001319412840530276 0.00811883807182312 0.001071548089385033 
-5.422324466053396e-05 0.01352306269109249 -0.01293221861124039 
-0.003539004130288959 0.01038129813969135 0.0009388765320181847 
-0.006057669874280691 0.007901567034423351 -0.01017684582620859 
-0.004274006001651287 0.02548834681510925 -0.003390329889953136 
0.009025794453918934 0.0303877517580986 -0.008681460283696651 
-0.001433833967894316 0.0002155449037672952 -0.005368081387132406 
-0.006411798298358917 0.02293705753982067 -0.008199532516300678 
0.01107685826718807 -0.0002704026410356164 -0.004649292677640915 
-0.002468624152243137 0.03419465571641922 5.215405537994933e-11 
-0.007535306736826897 -0.0003066373756155372 -0.01038818713277578 
0.008938605897128582 -0.00317273335531354 -0.01062377728521824 
0.001517250435426831 0.002187039935961366 -0.01271860674023628 
0.007325196173042059 0.002871411386877298 -0.0003165998787153512 
0.008770633488893509 0.03237506002187729 -0.003076825989410281 
0.004769397899508476 -0.003903664648532867 -0.001493201241828501 
0.003149358322843909 -0.003485543886199594 -0.008050000295042992 
-0.006238915491849184 0.0040637431666255 -0.001723316381685436 
0.005615068133920431 0.0007179173408076167 -0.004023471847176552 
-0.0003254817565903068 0.001865493482910097 -0.008050000295042992 
-0.001195029588416219 -0.001628480153158307 -0.01200672704726458 
-0.008933594450354576 0.002015596488490701 -0.01121577806770802 
-0.005719827022403479 0.03258897364139557 -0.01184551604092121 
0.005356502719223499 -0.009246415458619595 -0.01086494140326977 
0.007579242810606956 0.007972198538482189 -0.0102023733779788 
0.002046783687546849 -0.001698709675110877 -0.00494999997317791 
0.008392920717597008 0.0007513184100389481 -0.004415810108184814 
0.007203889079391956 -0.00356562458910048 -0.003949999809265137 
-0.0006268591387197375 -0.00526776909828186 -0.00146857462823391 
-0.00296030193567276 0.008039703592658043 0.001056498265825212 
0.009433501400053501 0.001088232966139913 -0.0014394735917449 
0.001328286714851856 0.01153227686882019 -0.01009687688201666 
0.006318829953670502 0.001664374954998493 -0.00441073440015316 
0.004792552907019854 0.02333567105233669 -0.009795656427741051 
0.005393829196691513 0.01968291029334068 0.0004374676500447094 
-0.005836470518261194 0.005809977184981108 -0.01258173026144505 
-0.005719492211937904 0.01851151138544083 -0.007309472188353539 
8.159116259776056e-05 -0.009481360204517841 -0.000223287584958598 
0.007409603334963322 0.01380778849124908 -0.006352212280035019 
-0.007030569482594728 0.008446047082543373 -0.01213632896542549 
-0.006750344764441252 0.01052999962121248 -0.001893169712275267 
-0.00595494220033288 0.01736931502819061 -0.006936990655958652 
0.002169984392821789 -0.001869361149147153 0.0005855693598277867 
0.003960108384490013 0.01482611428946257 -0.001983839320018888 
0.009971144609153271 0.006112969480454922 -0.008670497685670853 
-0.002216631080955267 0.005744337569922209 -0.001759121543727815 
0.006709486246109009 -0.002772597130388021 -0.0003625407407525927 
0.002486036159098148 0.002682942664250731 -0.001669753342866898 
0.008018180727958679 0.006003541871905327 -0.003452436532825232 
-0.0083782859146595 -0.003458594437688589 0.0001008119870675728 
-0.006620683241635561 0.02169111743569374 -0.008689957670867443 
0.002852084347978234 0.01645505987107754 -0.002028592862188816 
-0.005934097804129124 0.01189745310693979 0.0002760966890491545 
-0.008576204068958759 0.01180110033601522 -0.0100583340972662 
-0.007374094799160957 0.01486382633447647 -0.01074996404349804 
-0.008440521545708179 0.01572091691195965 -0.007476027123630047 
0.006989148445427418 -0.004015171900391579 -0.001790192676708102 
-0.003625733312219381 0.03285811841487885 -0.009707117453217506 
0.006775976158678532 0.02436190284788609 -3.139277032460086e-05 
-0.007903046905994415 -0.003647002158686519 -0.0123564675450325 
0.005343501456081867 0.02178951911628246 -0.01261242665350437 
0.008863397873938084 0.01363693922758102 -0.00994519516825676 
0.009231594391167164 0.02688284404575825 -0.005634544882923365 
0.005003015510737896 -0.003379996633157134 -0.00494999997317791 
0.009673957712948322 0.01414870470762253 -0.008468812331557274 
0.004233859945088625 0.02913113683462143 0.0006626975373364985 
0.005089712329208851 0.006965715438127518 0.0003396018291823566 
0.006067374721169472 0.0008934109355323017 -0.008437968790531158 
0.003487334121018648 -0.007548176217824221 -0.00494999997317791 
-0.002052398165687919 -0.001654797117225826 -0.003949999809265137 
0.004856622312217951 -0.001700186636298895 8.82144522620365e-05 
-0.004488778300583363 0.00596575578674674 -0.0130153177306056 
0.005962940398603678 0.02626909129321575 0.000356148200808093 
-0.007175530772656202 0.01160382758826017 -0.009361878037452698 
0.001274976064451039 0.0007471186108887196 -0.00720934709534049 
0.007651356048882008 -0.004890351090580225 -0.0006803931901231408 
0.004543852061033249 0.02852342091500759 -0.009659711271524429 
0.003306017257273197 0.004958291538059711 0.0006672557792626321 
0.002404649509117007 0.00907545629888773 -0.01016318239271641 
-0.004431108944118023 0.003395616309717298 -0.01287979725748301 
0.008019037544727325 0.01822797022759914 -0.01065007876604795 
0.007110386155545712 0.01764533296227455 -0.005632096901535988 
-0.003378147725015879 0.005982915405184031 0.001093387836590409 
-0.009484870359301567 0.01027156971395016 -0.004175481386482716 
0.003128013573586941 -0.008154144510626793 -0.004240605980157852 
0.001748037291690707 0.007165888324379921 0.0008993206429295242 
-0.007120921742171049 0.01382659189403057 -0.0006916056736372411 
-0.00419279932975769 0.03094558604061604 -0.01157072465866804 
0.004840337205678225 0.01304889656603336 -0.010064329020679 
0.003327426733449101 -0.003850187407806516 0.0003816911776084453 
-0.005801301915198565 0.01631747186183929 -0.01170039735734463 
0.006821346469223499 0.003193034790456295 -0.01186739932745695 
0.007720779627561569 -0.001859152922406793 -0.01007899828255177 
0.009913058951497078 0.005936692003160715 -0.00879022479057312 
-0.004674071446061134 0.009489896707236767 -0.01013815309852362 
-0.002203796757385135 0.006459446623921394 0.001107734511606395 
0.005276846699416637 0.0005997962434776127 -0.004805481527000666 
-0.007854437455534935 0.01713255979120731 -0.008934377692639828 
0.004515743348747492 0.02763210982084274 -0.01273085549473763 
0.003440048545598984 0.01648705825209618 -0.01270298566669226 
-0.006585510447621346 -0.001046351855620742 -0.01040940638631582 
-0.0008287797099910676 0.02050805650651455 -0.0129688698798418 
0.002553226193413138 0.01166005618870258 0.0002434428461128846 
0.0007446339004673064 0.003113445825874805 -0.00510867964476347 
0.003077095141634345 -0.003080670488998294 -0.001518085366114974 
-0.001774668577127159 0.0154170049354434 -0.009989222511649132 
0.008912870660424232 0.03081187419593334 -0.008940653875470161 
-0.001463690539821982 0.00141612405423075 -0.008050000295042992 
0.004974504467099905 0.02812905237078667 0.0006019594729878008 
-0.008839089423418045 0.01404324546456337 -0.005480849649757147 
-0.00134360499214381 -0.001483369851484895 -0.01225169468671083 
0.004339881241321564 0.006237181834876537 -0.01024117041379213 
-0.006966562010347843 0.001195363351143897 -0.001649886718951166 
0.001440945896320045 -0.000396183313569054 -0.01141009572893381 
-0.001742776250466704 0.0339314378798008 -0.01142889261245728 
-0.0009210104472003877 -0.007682248950004578 -0.0105940317735076 
0.00216866098344326 0.001053828047588468 -0.001627855817787349 
0.01049879100173712 0.005193732678890228 -0.00418184045702219 
0.006006713956594467 -0.004629666451364756 -0.00147176266182214 
0.007067084312438965 0.03163711726665497 -0.01100028865039349 
0.003748354269191623 0.01006462704390287 -0.01238285657018423 
0.004627218935638666 -0.004524462856352329 -0.007572494447231293 
0.005717074498534203 0.003075981047004461 -0.01217541936784983 
-0.004934945609420538 0.02223926410079002 -0.006365450099110603 
-0.001451072981581092 9.003769082482904e-05 -5.059804243501276e-05 
-0.00164604454766959 0.01391292922198772 -0.01002874970436096 
-0.001325272955000401 0.0287201777100563 -0.009642792865633965 
0.003725206479430199 0.02486574277281761 0.0009878805140033364 
-0.005368770565837622 0.02491200529038906 -0.00835455022752285 
-0.003733163699507713 0.01495704986155033 -0.01265960745513439 
0.008256531320512295 0.03312502801418304 -0.009135511703789234 
-0.006244944874197245 0.0134941078722477 -5.0420465413481e-05 
0.007667174562811852 0.0327182300388813 -0.001830418361350894 
0.009510676376521587 0.02056537382304668 -0.007810946088284254 
0.001922416035085917 0.01869833096861839 -0.009910971857607365 
0.006110426038503647 0.002628635615110397 -0.001661060377955437 
-0.002762733260169625 0.02801332250237465 -0.01200473122298717 
0.007999002933502197 0.00624980591237545 -0.009344831109046936 
0.007683132775127888 0.01591690257191658 -0.001007353537715971 
0.002545974915847182 0.006205451209098101 -0.0102383978664875 
0.006964846514165401 0.0202039796859026 -0.0114836934953928 
-0.007708321325480938 0.01574153080582619 -0.009972764179110527 
0.003652880899608135 0.009985918179154396 0.0003962949849665165 
-0.0005158849526196718 0.001384375966154039 -0.01180663052946329 
8.05067757028155e-05 0.03026153706014156 -0.01254918985068798 
-0.00557211646810174 0.005992831662297249 -0.01022765506058931 
-0.00637019332498312 0.0231785848736763 -0.003902474185451865 
-0.002863443922251463 0.01618955470621586 -0.002033132594078779 
-0.008590264245867729 0.01344603858888149 -0.009299365803599358 
0.008376744575798512 0.001422859961166978 -0.0007490712450817227 
0.006668619811534882 0.02331229858100414 -0.002260132227092981 
0.004790675826370716 0.009056811220943928 -0.01217848993837833 
0.001771679730154574 0.02396233752369881 -0.002226768294349313 
0.00540848495438695 0.0006546619115397334 -2.707350358832628e-05 
0.0009859125129878521 -0.00861241202801466 -0.01062214467674494 
-0.009035368449985981 0.01293233223259449 -0.005284293089061975 
0.0003693844191730022 0.00538175692781806 -0.00174446462187916 
0.00978168286383152 0.0168507806956768 -0.004333920311182737 
0.01040502358227968 0.001338302972726524 -0.002832879312336445 
0.006264647468924522 0.02575176581740379 -0.009735530242323875 
0.00487469183281064 0.03001290932297707 -0.002378513803705573 
0.003413182217627764 0.01829756796360016 -0.009924426674842834 
-0.0084522794932127 0.01590830087661743 -0.005482729058712721 
0.005020588636398315 0.009419426321983337 -0.01212251093238592 
-0.004260268993675709 0.02557180821895599 -0.002894718665629625 
0.00311483908444643 0.03169835358858109 -0.01196880266070366 
0.0002444929850753397 0.002145878504961729 -0.01281483378261328 
0.0009497810970060527 0.008958999998867512 -0.01297221146523952 
0.002873929217457771 -0.003776493016630411 -0.003949999809265137 
0.008343063294887543 0.001836010254919529 -0.006237661466002464 
0.004585839807987213 0.01234596408903599 -0.01221085153520107 
0.004124173894524574 0.008649795316159725 0.0005351388826966286 
0.004843623377382755 0.009614540264010429 -0.01015400234609842 
0.01104958727955818 0.002450356259942055 -0.006768214050680399 
-0.006482220720499754 0.014933742582798 -0.002475188113749027 
0.004126285202801228 0.03169471025466919 -0.001805450534448028 
-0.005488968919962645 0.03373601287603378 -0.01148848608136177 
-0.001481879036873579 -0.008329138159751892 0.0009696361375972629 
-0.00387267442420125 0.03210467845201492 -0.001487746369093657 
-0.006338907405734062 0.02109017409384251 -0.009628904052078724 
0.004113504197448492 -0.0004697010153904557 -0.0122661255300045 
0.005276205949485302 0.02082551643252373 -0.00213783560320735 
-0.00466835405677557 -0.008247124031186104 -0.01218526996672153 
-0.008488763123750687 0.004486802965402603 -0.0006639597122557461 
0.004229970742017031 -0.003309736493974924 -0.01049020886421204 
-0.006532726809382439 0.004316466394811869 -0.01245460100471973 
0.01019639428704977 0.00327493529766798 -0.00941920094192028 
-0.002054993296042085 0.003791073570027947 0.0009606305975466967 
0.002183430129662156 0.004595291335135698 -0.0102797094732523 
0.007169443648308516 0.01688817329704762 -0.007149009499698877 
0.001105758361518383 0.02991159446537495 0.0006085653440095484 
-0.008957020938396454 -0.002028108108788729 -0.0104302791878581 
0.0004698684206232429 0.02871611714363098 -0.009646503254771233 
-0.00378355523571372 0.02293398417532444 -0.01167489308863878 
-0.001327404985204339 -0.003255478804931045 -0.001522410195320845 
0.005334567278623581 -0.003149303607642651 -0.01048823725432158 
0.007350077852606773 0.0145713035017252 -0.005467653274536133 
-0.00721739511936903 0.004903395660221577 0.0001306393096456304 
0.003677163505926728 -0.004358814097940922 -0.007050000131130219 
0.006895171478390694 0.003993810620158911 -0.01030487101525068 
0.002866906113922596 -0.0005505760200321674 0.000480923627037555 
0.007387455552816391 0.01409321743994951 -0.01000740565359592 
0.00861430075019598 -0.002867512637749314 -0.00707189179956913 
0.009175704792141914 0.02771889790892601 -0.00561323668807745 
0.007366107776761055 -0.007697596214711666 -0.003107922850176692 
-0.0008782437071204185 0.003104843199253082 -0.007958253845572472 
0.005947480443865061 0.003046040423214436 -0.001672285608947277 
-0.001777742872945964 0.02663124352693558 -0.01226476952433586 
0.004066201392561197 -0.004546675831079483 -0.007242479361593723 
0.007802659645676613 0.01895678602159023 -0.01085470803081989 
0.008691338822245598 0.01331205666065216 -0.001839866628870368 
-0.006458253134042025 0.006946147885173559 -0.01020098756998777 
-0.006665816064924002 0.01394552178680897 -0.006503434386104345 
0.004873033612966537 0.03195622563362122 -0.002345087006688118 
0.009588377550244331 0.02097114361822605 -0.005088533274829388 
-0.002745875157415867 -0.00912250392138958 -0.0008974244701676071 
0.006236324552446604 -0.002497775480151176 -0.001526963082142174 
-0.009054575115442276 0.005134410224854946 -0.001401219284161925 
0.004790590610355139 0.00244603306055069 -0.01019439566880465 
-0.009403759613633156 0.01088884845376015 -0.006509403698146343 
0.0004354543052613735 0.0340699814260006 -0.0115117970854044 
0.007675573229789734 0.001299091032706201 -0.00775650329887867 
0.003350538667291403 0.0149128595367074 -0.01213275454938412 
0.0006102464394643903 -0.002584737492725253 -0.005525239277631044 
0.007124138064682484 0.001798171200789511 -0.001637343317270279 
0.003578000469133258 -0.007363156415522099 -0.001405313611030579 
0.003497776109725237 -0.005937095731496811 -0.004677341319620609 
0.003989285323768854 -0.004953697789460421 -0.01225959695875645 
-0.00770233478397131 0.01692307740449905 -0.009399252943694592 
-0.006011532619595528 0.01709812134504318 -0.006940593011677265 
0.004943442065268755 0.03195971250534058 -0.01023260317742825 
-0.008275847882032394 0.0163715872913599 -0.004146038554608822 
0.002989578992128372 -0.002487431280314922 -0.00494999997317791 
0.009500604122877121 0.02199697494506836 -0.004602467641234398 
-0.008667399175465107 0.0008893219055607915 -0.01157533470541239 
0.004428290296345949 0.01024807337671518 -0.001863371813669801 
-0.004593489225953817 0.005409036297351122 -0.01024486217647791 
0.008120089769363403 0.01342405565083027 -0.001289559295400977 
-0.00681300088763237 0.01322202011942863 -0.006004557013511658 
0.008334374986588955 0.001948680146597326 -0.002459024544805288 
-0.00115513801574707 0.002158166840672493 -0.01033663935959339 
-0.006067827809602022 0.0136287659406662 -0.001972705125808716 
-0.004300446715205908 0.004053378477692604 -0.001719155116006732 
-0.003446086775511503 0.02110128290951252 -0.002162541961297393 
0.009603174403309822 0.01974276453256607 -0.007638708688318729 
0.009460133500397205 0.01891140453517437 -0.003662880044430494 
0.004697313532233238 0.009765546768903732 0.0001952035818248987 
-0.00452076643705368 0.02936863154172897 -0.01177456602454185 
0.00542242918163538 0.01351945847272873 1.975177110580262e-05 
0.003059984883293509 -0.006165256723761559 -0.00494999997317791 
-9.424769086763263e-05 0.006624915171414614 -0.001777852536179125 
0.009800857864320278 0.01704863458871841 -0.004593473859131336 
0.007254747208207846 -0.005158302374184132 -0.008219242095947266 
0.005983155686408281 -0.002281793393194675 -0.008050000295042992 
-0.006292209029197693 0.01578486151993275 -0.004151054657995701 
0.008138932287693024 0.007913258858025074 -0.001133546582423151 
0.006531016901135445 -0.006493782158941031 -0.008914828300476074 
-0.005560069344937801 0.005890966393053532 -0.0126501303166151 
-0.00708530331030488 0.0001954128383658826 -0.01248766668140888 
0.000507516204379499 0.007786847651004791 -0.01301190722733736 
-0.005981149151921272 0.007579074706882238 0.0006405091844499111 
0.006839881651103497 -0.0007765801856294274 -0.007050000131130219 
-0.003428856376558542 -0.001507293432950974 -0.01301858015358448 
0.004193177912384272 0.009916738606989384 -0.01014480739831924 
-0.007023694925010204 0.02097739838063717 -0.003851118963211775 
0.006658915430307388 0.01358169876039028 -0.01158176641911268 
-0.006455086171627045 0.005165150389075279 -0.01243033166974783 
0.002479253336787224 0.0208869706839323 -0.002145053585991263 
-0.007002611644566059 0.008712961338460445 0.0001246734609594569 
-0.002179335569962859 0.0195020716637373 -0.009881754405796528 
-0.000515998515766114 0.01454285811632872 -0.01292099058628082 
0.001608945662155747 0.009896228089928627 -0.01289501320570707 
0.002486749086529016 0.01789312437176704 -0.002066872548311949 
-0.0043918970040977 0.02434778958559036 -0.01072721555829048 
0.00761586707085371 0.01116235181689262 -0.006159806624054909 
0.008040337823331356 0.03021256066858768 -0.001443443354219198 
0.00435284897685051 0.01616750657558441 -0.01233447156846523 
-0.001018371433019638 -0.006585334427654743 0.0009487457573413849 
0.0006332526681944728 -0.005348886828869581 -0.003949999809265137 
0.002675675787031651 0.02408515475690365 -0.009771839715540409 
-0.001122560235671699 -0.0009883518796414137 -0.001387777854688466 
0.009265368804335594 -0.002011020667850971 -0.0102742025628686 
0.002918166108429432 0.0008390696602873504 -0.001620744355022907 
0.004674338735640049 -0.007762548979371786 -0.007050000596791506 
0.0001403535716235638 0.003676633816212416 -0.00170040549710393 
0.006480946205556393 0.002211314626038074 -0.01010043732821941 
-0.001053371699526906 0.003069793339818716 -0.005561004392802715 
0.006909995805472136 -0.004556526895612478 -0.01158550288528204 
0.002450589090585709 0.02736860327422619 -0.009685661643743515 
0.007822524756193161 0.008513297885656357 -0.002827190794050694 
0.002631400711834431 0.02112772315740585 -0.01305326260626316 
0.003460819134488702 0.0124942846596241 -0.01241742260754108 
0.0100190993398428 0.003381646238267422 -0.002280511893332005 
0.0100976275280118 0.0117866201326251 -0.004879091866314411 
-0.001461822888813913 -0.00940476730465889 -0.0007888868567533791 
0.005705977790057659 -0.008147066459059715 -0.004670488648116589 
0.008297012187540531 0.002428020350635052 -0.009963528253138065 
-0.004507039673626423 0.02437733300030231 -0.003214772325009108 
-0.0006233877502381802 0.02008583024144173 -0.002130364067852497 
0.006273709237575531 0.02837825566530228 -0.003112586680799723 
0.004734435118734837 0.03138434514403343 -0.01202868390828371 
0.00795380212366581 0.001541502308100462 -0.001628977013751864 
0.007286935579031706 0.0255628228187561 -0.01136979646980762 
0.004671531263738871 0.004784741904586554 -0.01027975790202618 
0.007023360580205917 0.01876205392181873 -0.004622086882591248 
0.004188272636383772 0.02504348568618298 0.0009099456947296858 
0.006521692499518394 0.025197708979249 -0.002978164236992598 
-0.0004238748806528747 0.03109939582645893 -0.01244115829467773 
-0.005171664524823427 -0.004568156320601702 -0.001495883450843394 
-0.004496163688600063 0.02451452799141407 -0.001444231602363288 
-0.001896717352792621 0.003775792196393013 -0.01029291749000549 
0.007910220883786678 -0.005105436779558659 -0.006123772822320461 
-0.0002326409157831222 0.02575082331895828 -0.01299161463975906 
-0.004402847029268742 -0.0008549070917069912 -0.01040878891944885 
-0.004705242812633514 0.03441347554326057 -9.954279084922746e-05 
0.008866323158144951 0.008842324838042259 -0.0102049270644784 
-0.007120711728930473 0.02039357088506222 -0.003614147193729877 
0.0061324592679739 0.03265409916639328 -0.001155627775005996 
0.008969190530478954 0.01208142656832933 -0.009914720430970192 
-0.008937953971326351 0.002405256032943726 -0.0008456155774183571 
-0.004844002425670624 0.001130497432313859 0.0008951487834565341 
-0.001178879872895777 0.0327899307012558 -0.002400000113993883 
0.004682154394686222 0.02051226049661636 -0.009869150817394257 
-0.004075752571225166 0.02790418080985546 -0.009967056103050709 
0.001427103416062891 0.03181683272123337 -0.01243960857391357 
-0.008330406621098518 0.007964473217725754 -0.0006869711214676499 
0.008183318190276623 0.02219823375344276 -0.01033890526741743 
0.007512448355555534 0.01248952187597752 -0.008271839469671249 
0.006812815554440022 -0.008244747295975685 -0.008296997286379337 
-0.001682727364823222 0.004714698530733585 -0.01295123714953661 
0.004410590976476669 -0.008621640503406525 -0.01062925904989243 
-0.008467544801533222 0.01063806284219027 -0.01063389517366886 
-0.001826428459025919 0.02712281048297882 0.0002390415320405737 
0.006280182395130396 0.0264982171356678 -0.009716072119772434 
-0.002814711537212133 0.005130924750119448 0.0009674358298070729 
0.006153826601803303 0.01119814347475767 -0.001884714001789689 
-0.003452616045251489 0.01867958158254623 -0.002099327277392149 
0.009973532520234585 0.002853999845683575 -0.002180987969040871 
0.002016884973272681 0.01946776732802391 0.0009812746429815888 
0.007195689715445042 -0.007288756314665079 -0.001151613076217473 
0.004639799706637859 0.01148653868585825 -0.01010471675544977 
0.006445325911045074 -0.007026943378150463 -0.007519058883190155 
-0.004227339290082455 0.005735324695706367 0.001014322740957141 
0.003689330304041505 0.01959808170795441 -0.002108973450958729 
-0.001081015449017286 0.01815146394073963 -0.01292914897203445 
0.0006703115650452673 0.02981011569499969 0.000623142346739769 
-0.007527759298682213 0.01362308114767075 -0.001062961644493043 
0.009097356349229813 0.01374279614537954 -0.00239731976762414 
-0.0009079589508473873 0.005298114381730556 -0.001744844485074282 
-0.003996988292783499 0.01737155206501484 -0.002066268585622311 
-0.003583678975701332 0.001488061272539198 0.0009756599320098758 
0.002771341241896152 0.028765469789505 -0.002350166207179427 
0.00777965085580945 0.009062232449650764 -0.007296357769519091 
0.007800832390785217 -0.002457621274515986 -0.002591680036857724 
0.001705034403130412 0.02144967205822468 0.001105756149627268 
0.006360606290400028 0.02726130187511444 -0.006146453320980072 
-0.005226857960224152 -0.00115754664875567 -0.01041503623127937 
0.007148816715925932 -0.00388144445605576 -0.003949999809265137 
0.003461156971752644 0.01787303201854229 -0.002064392203465104 
0.008063123561441898 0.01043217070400715 -0.001173191820271313 
0.006860907189548016 -0.001988470088690519 -0.007050000131130219 
0.001688010990619659 0.01141489949077368 -0.001899336464703083 
0.002119271084666252 -0.00289060571230948 -0.008050000295042992 
0.007159131579101086 0.01702147908508778 -0.009862834587693214 
0.003440919565036893 -0.0003219999780412763 -0.005798471160233021 
0.00875195674598217 0.03367297351360321 -0.006639864295721054 
0.004644528031349182 0.01298249512910843 -0.0121986847370863 
0.006842831615358591 0.02107852697372437 -0.003293369198217988 
-0.001374659594148397 0.008141680620610714 -0.001820023520849645 
0.003035981208086014 0.002459169831126928 -0.01033719256520271 
-0.004169292747974396 0.02596076764166355 -0.007779996376484632 
-0.002691218629479408 0.01556044165045023 -0.009983638301491737 
0.00172493839636445 0.03010999783873558 -0.002387370681390166 
0.003520290600135922 0.02891680039465427 -0.009647386148571968 
-0.005380004644393921 0.001184042892418802 -0.001646406832151115 
-0.001386934309266508 0.02125085704028606 0.000870264193508774 
-0.001287159626372159 0.001716040307655931 -0.01283608097583055 
0.01059210486710072 -0.00168434833176434 -0.004456653259694576 
0.004633666016161442 -0.007938392460346222 -0.01209891494363546 
0.01005914248526096 0.01269270665943623 -0.006957334000617266 
0.0003498000733088702 0.004382230807095766 0.001076466054655612 
0.004705662839114666 0.02416837029159069 -0.002226258628070354 
0.00499544246122241 0.02712695486843586 -0.01265057735145092 
0.00778566999360919 0.001215019030496478 -0.005659269168972969 
-0.006398014724254608 0.01111479289829731 -0.001907730707898736 
-0.003737837774679065 0.01527063455432653 -0.01263602636754513 
0.007811686024069786 0.008652351796627045 -0.009833576157689095 
-0.003168568713590503 0.0006201883079484105 -0.003949999809265137 
-0.001273590140044689 0.0006913384422659874 -0.01199537981301546 
0.002732721157371998 0.02643158100545406 -0.002289308467879891 
0.005136585794389248 -0.005361167713999748 -0.001454410492442548 
0.003543953411281109 -0.0002396383642917499 -0.00579031789675355 
0.002070886082947254 0.02742576971650124 -0.009683405980467796 
-0.004056457430124283 -0.002004611073061824 -0.001560520147904754 
0.007387397345155478 0.01409297902137041 -0.007385277189314365 
0.002300351392477751 0.01038196124136448 -0.001871138578280807 
0.004657989367842674 0.01763427257537842 -0.01225199084728956 
0.0008019552915357053 0.01480256114155054 -0.0100104371085763 
0.001106392126530409 0.03138338774442673 0.0004887654213234782 
0.008787175640463829 0.03348632156848907 -0.006216820329427719 
-0.004045452456921339 0.0204287450760603 -0.009853813797235489 
0.007828742265701294 -0.001652925740927458 -0.01119687594473362 
0.007713972125202417 0.01163799222558737 -0.0009398541296832263 
0.00162899075075984 0.02274151518940926 -0.009804819710552692 
0.001560713513754308 -0.005264004692435265 -0.008050000295042992 
-0.002958474680781364 0.02679730765521526 -0.000554196594748646 
-0.004488743375986814 0.004341363906860352 0.0008543271687813103 
-0.007294841110706329 0.01097328029572964 -0.004275687970221043 
-0.001058339374139905 0.009597125463187695 0.001035699155181646 
-0.001328228274360299 0.01065503433346748 -0.001885551260784268 
0.008566833101212978 0.0132974972948432 -0.01030624099075794 
6.546085933223367e-05 0.02106676436960697 0.001054903957992792 
0.009813194163143635 0.01660654135048389 -0.007548067718744278 
-0.00530226668342948 0.006355897523462772 -0.001781282015144825 
0.003468904411420226 0.003905261401087046 -0.01264036074280739 
-0.002832431113347411 0.001548835076391697 -0.007195675745606422 
-0.002686463296413422 -0.003227838780730963 -0.01303685270249844 
-0.0061442656442523 -0.000397954776417464 0.0007705249008722603 
-0.00198434479534626 0.02459864690899849 0.00052614975720644 
0.003846301697194576 0.01486586686223745 -0.001985105453059077 
0.00695544108748436 0.01744749210774899 -0.0005505387089215219 
0.004633141215890646 0.01993633061647415 0.0007338058203458786 
-0.005926440469920635 -0.002767407801002264 -0.01284991204738617 
0.005714832805097103 0.0105346804484725 -6.97945652063936e-05 
-0.008714165538549423 0.0008073619683273137 -0.0004520380753092468 
0.006761902943253517 0.0198777113109827 -0.002110107336193323 
-0.007788997609168291 0.008642666041851044 -0.008805179968476295 
-0.0003122831985820085 -0.005120121408253908 -0.01288520824164152 
-0.002415185328572989 0.0342983566224575 -0.009599999524652958 
-0.009847484529018402 0.008435056544840336 -0.006197364069521427 
0.001668539829552174 0.02099445462226868 0.001086410949937999 
0.008293077349662781 0.002477554138749838 -0.007470532320439816 
0.002137354342266917 0.0002865948481485248 -0.01226962078362703 
-0.0009886719053611159 0.001799807068891823 -0.01260493882000446 
-0.007034360431134701 0.02027697674930096 -0.008692472241818905 
-0.001620373106561601 0.02892298251390457 -0.002363093197345734 
-0.003541345475241542 -0.007371248677372932 -0.001419384148903191 
-0.003048842074349523 0.02758615091443062 -0.0005203651962801814 
0.007213154342025518 0.01632893271744251 -0.003055104520171881 
-0.001317691057920456 0.02070238068699837 0.0008854492334648967 
0.006513524334877729 0.002568652853369713 -0.01034131459891796 
0.005929025821387768 0.00263276370242238 -0.01014110818505287 
-0.004805163480341434 0.01038776803761721 -0.01011444814503193 
0.007515990175306797 0.01535206194967031 -0.01111631654202938 
-0.0004892683355137706 0.01061487197875977 -0.01300989557057619 
0.007614233531057835 0.01118363253772259 -0.007040717173367739 
0.008727185428142548 0.01427513547241688 -0.001935349078848958 
0.01023341342806816 0.009282130748033524 -0.006762255914509296 
0.0002998911950271577 0.03310037404298782 -0.01234463322907686 
-0.00735438009724021 0.003894334426149726 0.0001379261520924047 
0.006288900971412659 -0.006091900169849396 -0.003949999809265137 
-0.002128123072907329 0.01104822102934122 0.001002472010441124 
0.007787143811583519 0.005257929209619761 -0.00050349161028862 
0.002378418110311031 -0.000359746249159798 -0.008050000295042992 
-0.003572410903871059 -0.006755336187779903 -0.01303916051983833 
0.004580977838486433 -0.008341385051608086 -0.003949999809265137 
0.007715533953160048 0.009884752333164215 -0.004223678726702929 
-0.005044276360422373 0.02170984819531441 -0.006219031754881144 
0.003158943960443139 0.001230893773026764 -0.001630491227842867 
-0.007430963218212128 0.01109364908188581 -0.01154334284365177 
0.003562085796147585 0.002074794610962272 -0.001651715254411101 
0.001044439733959734 0.02041338197886944 -0.01305394805967808 
-0.001660761190578341 -0.0002648601366672665 -0.003949999809265137 
-0.005413182079792023 0.02000520937144756 -0.008004628121852875 
0.004814745392650366 0.02741067484021187 0.0006883902824483812 
-0.005685617681592703 0.009638695046305656 -0.001867761602625251 
0.008080515079200268 -0.004502445925027132 -0.004003307782113552 
-0.002409120090305805 0.01405024155974388 -0.01287415064871311 
0.005241157487034798 -0.002629196969792247 -0.00494999997317791 
0.005058011505752802 -0.0009517553844489157 4.541457747109234e-05 
0.006939568091183901 0.03322764486074448 -0.009151739999651909 
-0.00774723757058382 -0.004591210279613733 -0.01049962732940912 
0.01028311438858509 0.007769448217004538 -0.007298444863408804 
0.008250497281551361 0.003023771103471518 -0.007788059767335653 
0.0008566841133870184 0.008523824624717236 -0.00182552239857614 
0.005686487536877394 0.0145642114803195 -0.01193886715918779 
0.007625269237905741 0.01104210317134857 -0.007053523324429989 
-0.009196382015943527 0.002752821892499924 -0.001592146465554833 
-0.00179876945912838 -0.008498383685946465 0.0009845079621300101 
-0.00583720626309514 0.01798122376203537 -0.008264629170298576 
-0.004410755820572376 -0.001868235995061696 -0.001564821461215615 
-0.00427275151014328 0.02542699873447418 -0.006724814884364605 
6.477614806499332e-05 0.02306076139211655 0.001096026506274939 
0.001179924234747887 0.003760037943720818 -0.0128314271569252 
-0.008712323382496834 0.002249672310426831 -0.001680917572230101 
0.005204730667173862 0.0196912232786417 -0.009891636669635773 
-0.009367328137159348 0.006902666762471199 -0.009851950220763683 
0.009439514949917793 0.01046869345009327 -0.002744208090007305 
0.006303141359239817 0.02676662430167198 -0.01218072883784771 
-0.004288947209715843 0.01953628472983837 -0.00212337332777679 
0.002190734725445509 0.007959779351949692 -0.01283876970410347 
0.008283055387437344 -0.001746812020428479 -0.01098972745239735 
-0.0006306717987172306 0.01590237580239773 -0.009978846646845341 
0.004180634394288063 -0.006442924961447716 -0.004509432706981897 
0.002370998729020357 0.00336197461001575 -0.01031228713691235 
-0.0008044974529184401 0.009984357282519341 0.001026855665259063 
-0.004977053962647915 -0.003095643827691674 -0.01295445114374161 
-0.0008574452367611229 0.0154545996338129 0.0009217126062139869 
-0.00227628811262548 -0.00228428072296083 -0.004440725315362215 
-4.215527587803081e-05 0.009049177169799805 0.001016773865558207 
0.005369049031287432 0.01670519076287746 -0.002030071802437305 
0.004995147697627544 -0.003656710730865598 -0.001499195815995336 
0.003380884882062674 0.00090254214592278 -0.006896583829075098 
0.006566579919308424 -0.00838905293494463 -0.009429492056369781 
0.003852113150060177 -0.004640378057956696 -0.007486097514629364 
0.001423060661181808 0.004942523781210184 -0.01295120641589165 
0.00124796258751303 -0.00819961354136467 0.0006449555512517691 
-0.004245108924806118 0.005336027592420578 -0.01024746708571911 
-0.001007167273201048 0.006135867908596992 -0.01023308280855417 
-0.003042224794626236 -0.000993631430901587 -0.006418061908334494 
0.008641524240374565 -0.006422764156013727 -0.005250269081443548 
0.003759040264412761 -0.003032428445294499 -0.001517976052127779 
-0.005475868470966816 0.03100334107875824 -0.009599999524652958 
0.009990882128477097 0.01381258387118578 -0.007204056717455387 
-0.001511798240244389 0.03089679032564163 -0.001049001817591488 
0.009221596643328667 0.02661103010177612 -0.005066701676696539 
-0.00365435634739697 0.01003661751747131 -0.01012592576444149 
-0.0008014876511879265 0.03473874181509018 -0.002400000113993883 
0.007167783565819263 -0.001764543121680617 -0.008050000295042992 
0.006823680363595486 0.03312948346138 -0.008318182080984116 
0.01035347767174244 0.001898221089504659 -0.002772828098386526 
-0.006483308970928192 0.00947296991944313 -0.001865035737864673 
-0.007752758450806141 0.008793049491941929 -0.00815134309232235 
-0.004887006711214781 0.01753103919327259 -0.01200282014906406 
0.005792444106191397 -0.007200225722044706 -0.001559106982313097 
0.00726168742403388 0.0215994231402874 -0.0007452949066646397 
-0.003050277708098292 -0.006555980071425438 0.001042996882461011 
0.005707704462110996 0.01848751306533813 -0.01208194065839052 
-0.003525401698425412 0.01218594517558813 -0.01287012547254562 
0.003266909392550588 0.01811503991484642 -0.009928898885846138 
-0.006178974639624357 0.02428337931632996 -0.004699949640780687 
-0.002948893466964364 0.02061840146780014 -0.009851062670350075 
-0.008438076823949814 0.005519800819456577 -0.008501458913087845 
-0.005533864255994558 0.01939787156879902 -0.004791407845914364 
-0.00959444884210825 0.007055533118546009 -0.002387251006439328 
-0.001687422627583146 -0.001147566130384803 0.0003922287723980844 
0.001702023320831358 -0.009192731231451035 -0.01257504988461733 
0.006070969626307487 -0.006795563269406557 -0.003949999809265137 
-0.006443399470299482 0.01503991894423962 -0.007262102328240871 
0.003587488550692797 -0.004886348731815815 -0.007653128355741501 
0.004682957660406828 0.01369304582476616 -0.001952805207110941 
-0.006411496549844742 -0.007041939068585634 -0.0009254923788830638 
0.001301540993154049 -0.007147509139031172 -0.001415607985109091 
-0.001443689921870828 0.01819301955401897 0.0009032278903760016 
0.0008762085344642401 -0.004970011301338673 -0.008050000295042992 
0.002002326305955648 -0.00450067687779665 -0.008050000295042992 
0.0107628870755434 0.002493329811841249 -0.003820908488705754 
0.00489555299282074 -0.007788852788507938 -0.01060848869383335 
0.009304528124630451 0.01393832731992006 -0.009211172349750996 
0.007967132143676281 0.006657930091023445 -0.004269375000149012 
0.001718888175673783 0.02106977626681328 0.001090634264983237 
0.00721548218280077 0.02223233133554459 -0.01129364222288132 
-0.00278088403865695 -0.00748005835339427 -0.00141513196285814 
0.002581164939329028 -0.004991364199668169 -0.008050000295042992 
0.006338662467896938 0.007733047939836979 -0.0102061266079545 
0.006899838335812092 0.003055804409086704 -0.01032937131822109 
-0.009956059977412224 0.007587035652250051 -0.004124958533793688 
-0.004659248050302267 0.003587828250601888 -0.01029228046536446 
0.002940550213679671 0.0245921965688467 -0.002240867121145129 
-0.003948626574128866 0.003592034336179495 -0.001706403680145741 
0.006719243712723255 0.02266247197985649 -0.004881107248365879 
0.008515346795320511 0.0286025907844305 -0.01007501967251301 
0.004393021576106548 -0.003787397406995296 -0.01218745578080416 
0.001456461381167173 -0.0002938067773357034 -0.000255260179983452 
0.005893906112760305 0.01020164601504803 -0.0118712792173028 
0.01038881205022335 -0.002148314844816923 -0.008398011326789856 
-0.007804457098245621 0.002822519047185779 -0.01198444329202175 
0.006323458626866341 0.02773856744170189 -0.008501249365508556 
0.006737108342349529 0.0082487678155303 -0.001806538319215178 
-0.005333255510777235 0.02655996754765511 -0.006188306957483292 
0.002216245513409376 0.02272921800613403 -0.01313075982034206 
-0.002519756089895964 -0.003364578820765018 -0.01047809328883886 
-0.008660501800477505 0.004959654994308949 -0.007562380284070969 
0.008246379904448986 0.02157337591052055 -0.01029670611023903 
0.00367986923083663 -0.007287715561687946 -0.001407071482390165 
0.001447548507712781 0.002244421280920506 -0.0127296345308423 
-0.0007605741266161203 0.03354241698980331 -0.01221012044698 
0.0008636618731543422 0.005442324094474316 -0.01025494653731585 
0.004783098585903645 0.002695808652788401 -0.001792057999409735 
-0.001066899043507874 0.02863073348999023 0.0004399950266815722 
0.009594612754881382 0.00451638363301754 -0.00175296631641686 
-0.005407409276813269 0.007021023891866207 -0.001798858749680221 
-0.00288171973079443 0.01211686618626118 -0.01291440427303314 
0.003981917165219784 0.01311260927468538 -0.0100609427317977 
-0.007955169305205345 0.007059988100081682 -0.0002585907932370901 
-0.004140660166740417 -0.003097085747867823 0.001018047565594316 
-0.001644757343456149 0.02997696772217751 -0.01176074706017971 
-0.005119564943015575 0.02140480652451515 -0.004215660970658064 
-0.004702368751168251 0.03197126835584641 -0.009599999524652958 
0.00480398815125227 0.00546171935275197 -0.001737651298753917 
0.004100275225937366 -0.006957802921533585 -0.008050000295042992 
-0.002320684958249331 0.002694877563044429 -0.01297255605459213 
-0.004547383170574903 0.0260829608887434 -0.002588219242170453 
-0.00461289007216692 0.02912375330924988 -0.009935318492352962 
-0.002589290030300617 0.004229111131280661 0.0009484245674684644 
0.009295042604207993 0.01528184302151203 -0.009112195111811161 
-0.009836351498961449 0.008447024039924145 -0.006661891937255859 
-0.001204420579597354 0.02213438227772713 -0.002185015706345439 
-0.004131687339395285 0.007702084258198738 -0.001814079936593771 
-0.001159769832156599 0.02669662423431873 -0.01262680441141129 
-0.003114706370979548 -0.003370235674083233 -0.01047704741358757 
0.006344635039567947 0.02746682241559029 -0.008052484132349491 
-0.0007812841213308275 0.001246677711606026 -0.007632401771843433 
0.001897810492664576 0.011283322237432 -0.01010451931506395 
0.001180880120955408 -0.002128593623638153 -0.005363872274756432 
-0.00201628333888948 0.002350110094994307 -0.001670100027695298 
0.00790972076356411 0.01952552609145641 -0.01073910389095545 
0.007657884154468775 0.01062401756644249 -0.004471746273338795 
0.000441755895735696 0.03410030901432037 -0.01109697017818689 
-0.003464557230472565 0.01343736611306667 0.0008110413909889758 
-0.008676270022988319 0.01437011081725359 -0.008210219442844391 
-0.001050080987624824 0.03053495287895203 -0.009600000455975533 
0.0006259136134758592 0.003215975360944867 0.0008397771744057536 
-0.009286122396588326 0.007774118799716234 -0.01013134699314833 
0.007394361309707165 -0.00358647434040904 -0.01141209807246923 
-0.006217318121343851 -0.001815054332837462 0.0007936391048133373 
0.008540267124772072 0.002307203831151128 -0.01114538684487343 
0.007392117753624916 -0.007482519373297691 -0.007026184350252151 
0.00923661794513464 0.02696583420038223 -0.006117538549005985 
-0.001990218181163073 0.01582308113574982 -0.01286631077528 
0.01050146017223597 -0.002117158146575093 -0.007681656628847122 
0.0001076959888450801 0.02733725123107433 -0.002318223239853978 
0.00131790735758841 0.02635598182678223 -0.00229017436504364 
-0.006947552785277367 0.01268276479095221 -0.008967171423137188 
-0.0097633246332407 0.006919285282492638 -0.004726420156657696 
-0.002612759824842215 -0.001873530214652419 -0.00631142221391201 
-0.001364070922136307 0.02367019280791283 -0.01278056018054485 
0.007762147579342127 0.009287241846323013 -0.008674890734255314 
0.003814331721514463 0.02781791239976883 -0.01284478232264519 
0.002280776388943195 0.0006408129120245576 -0.01038315333425999 
0.009084469638764858 0.02251255139708519 -0.008668152615427971 
-0.001024818629957736 0.005712558981031179 -0.01311280392110348 
0.005820324178785086 0.01872418075799942 -0.002081879880279303 
-0.005031336564570665 0.02179946750402451 -0.005009004380553961 
0.006190282758325338 0.02944639697670937 -0.007982827723026276 
0.002343626460060477 0.005606148391962051 0.0008243590127676725 
-0.004441826604306698 0.03328731656074524 -0.002400000113993883 
0.004120699595659971 -0.003877743612974882 -0.007050000596791506 
-0.007896963506937027 -0.005201042629778385 0.0004175234644208103 
0.002501893788576126 -0.005937100853770971 -0.01249923836439848 
0.003370748367160559 -0.005468940362334251 -0.004436969291418791 
0.003072792664170265 0.01199490670114756 -0.01008829940110445 
-0.005620229989290237 0.01673213951289654 -0.002052832394838333 
-0.005372886080294847 0.01286326535046101 -0.01004867535084486 
0.004784503951668739 0.007086553610861301 -0.001780112972483039 
-0.00176759494934231 0.02573225274682045 -0.01254373323172331 
0.000731223844923079 -0.003676090855151415 -0.007050000596791506 
-0.001736030448228121 0.005741207394748926 0.001124456874094903 
0.004186623729765415 0.01099179685115814 0.0002850006276275963 
0.004214890766888857 -0.007095242384821177 -0.008050000295042992 
0.003617212641984224 0.01841586641967297 -0.00992174819111824 
-0.00333235296420753 -0.005471508949995041 0.001041240408085287 
0.006076347548514605 0.006661101710051298 -0.001766412169672549 
-0.006775707006454468 0.01347636710852385 -0.003881265642121434 
0.003741615451872349 0.01303762383759022 -0.0123701523989439 
-0.006801935844123363 0.002787604928016663 -0.0124476021155715 
0.0009741907706484199 0.02242692559957504 0.001128614647313952 
-0.002604317152872682 0.00334634049795568 -0.00169729080516845 
0.00988435372710228 0.0004933322197757661 -0.01009262818843126 
0.008331879042088985 0.001980935456231236 -0.00172022869810462 
-0.002537081716582179 -0.001969003584235907 -0.005998711101710796 
-0.008237999863922596 0.006423601415008307 -0.005050885025411844 
-0.003202588763087988 -0.0002032619231613353 -0.004546789452433586 
0.003902697237208486 0.02346215583384037 0.0009869304485619068 
0.009359495714306831 0.02994305640459061 -0.004640346858650446 
-0.001356381690129638 0.03383278101682663 -0.0001404912763973698 
-0.008031613193452358 0.01201053895056248 -0.001223097089678049 
-0.00615640077739954 0.005113366991281509 -0.0125364800915122 
0.006046654190868139 0.02519781887531281 -0.002250444842502475 
0.008342113345861435 0.001849644584581256 -0.001833620015531778 
0.001786036184057593 -0.003953962121158838 -0.007050000131130219 
-0.007162118796259165 0.01160818710923195 -0.004315807018429041 
0.0053249835036695 0.02365497872233391 -0.009788388386368752 
0.001346613396890461 -0.006427763029932976 -0.008050000295042992 
0.003388213692232966 0.02172781154513359 0.001027705147862434 
-0.007768438197672367 0.011169558390975 -0.0007457365863956511 
0.007424813229590654 0.01361333951354027 -0.007975513115525246 
-0.005734293721616268 -0.00759078748524189 -0.0007462446810677648 
-0.004540784284472466 0.01413756981492043 0.0005263992352411151 
-0.004991340450942516 0.02713399194180965 -0.004964539315551519 
0.01047174818813801 0.003030053339898586 -0.003121691290289164 
0.005500541999936104 0.01401235722005367 -2.349963324377313e-06 
0.007403440773487091 -0.006155974231660366 -0.0081919115036726 
0.007199378684163094 0.002003834815695882 -0.01173215080052614 
0.006592500023543835 0.02321580424904823 -0.01202881149947643 
-0.004249167162925005 0.01174955256283283 0.0007871348643675447 
-0.008964606560766697 0.01053672097623348 -0.009832702577114105 
-0.00358363357372582 -0.001066680299118161 0.001011474756523967 
-0.005074064247310162 0.02156876027584076 -0.005732625722885132 
-0.0008378420025110245 0.006537551060318947 -0.01309340540319681 
-0.004329240880906582 0.00561369676142931 -0.001759951119311154 
0.006154811941087246 0.02990076132118702 -0.005511659197509289 
-0.005667322315275669 0.001666757743805647 -0.012786865234375 
0.007676039356738329 -0.0004683031875174493 -0.01126510091125965 
-0.007209219038486481 0.01050150021910667 -0.0002058488462353125 
-0.00928615964949131 0.01154447253793478 -0.006547603756189346 
-0.003671135753393173 0.002687855158001184 -0.01295418106019497 
0.0005059107788838446 0.01925383321940899 0.0009991328697651625 
0.008094852790236473 -0.004518583416938782 -0.004130495712161064 
-0.005789718590676785 0.02312486059963703 -0.009383851662278175 
0.006089408416301012 0.009140074253082275 -0.000182684714673087 
-0.009044891223311424 0.005050910171121359 -0.005694546271115541 
-0.007483077235519886 0.01002820767462254 -0.006530431099236012 
0.006204644218087196 -0.006397755816578865 -0.00494999997317791 
-0.0009321284014731646 -0.001885249163024127 0.0001160848041763529 
0.0002689204993657768 0.001920093549415469 -0.001654286170378327 
-0.007279317826032639 -0.006060243584215641 8.094530494417995e-05 
-0.00552448071539402 0.003397624474018812 -0.001704490976408124 
0.003779552644118667 0.01220263261348009 -0.0100842947140336 
-0.007383577991276979 -0.0004270015342626721 -0.01240478828549385 
0.003160511143505573 0.0175664983689785 -0.01279289275407791 
0.006275636609643698 0.02758624218404293 -0.002312344498932362 
-0.002333518816158175 -0.006334953941404819 -0.001444108202122152 
-0.007919632829725742 0.008048855699598789 -0.002285041613504291 
-0.0001891779829747975 0.003206628374755383 -0.003996948711574078 
-0.001258820528164506 0.03044111654162407 -0.009599999524652958 
0.0005892415065318346 0.002220140770077705 -0.01258858479559422 
0.001100053545087576 0.003015520051121712 -0.01031878124922514 
-0.005477815866470337 0.03352436795830727 -0.000202524388441816 
0.009273563511669636 0.02380485832691193 -0.007995500229299068 
0.007160416804254055 0.02440666779875755 -0.000704221660271287 
0.005665666423738003 -0.007883005775511265 -0.00494999997317791 
-0.005561824887990952 0.007463590241968632 -0.001810723566450179 
-0.008797869086265564 0.004992414265871048 -0.003575642360374331 
0.004687349777668715 -0.009192985482513905 -0.0005145747563801706 
-0.001404550508596003 0.0332355797290802 -0.001000000163912773 
-0.004368046764284372 0.01023907214403152 -0.01011920720338821 
0.0006310290191322565 -0.005397122353315353 -0.01276160962879658 
-0.006936997640877962 0.01264589186757803 -0.006518830079585314 
0.004996537230908871 0.005986539646983147 -0.01235727034509182 
0.0001990129239857197 0.01090169884264469 -0.001888926140964031 
0.006645075045526028 -0.003893085056915879 -0.01165804546326399 
0.01059239357709885 0.001050013001076877 -0.0087968735024333 
0.00111961888615042 0.0100035173818469 -0.01013637147843838 
0.007303144782781601 0.02855419926345348 -0.01143579557538033 
-0.003198178019374609 0.0001171264884760603 -0.006445886567234993 
0.00474224891513586 -0.008119330741465092 -0.007050000131130219 
0.006721353158354759 0.02330425754189491 -0.0003717175859492272 
0.00594018679112196 0.01213238481432199 -0.001909534796141088 
0.0005146113689988852 -0.003006217069923878 -0.001525200437754393 
0.008750971406698227 -0.002066186396405101 -0.01071727368980646 
-0.00289614824578166 0.02935117855668068 1.784718847375188e-06 
0.006088729482144117 0.01627008058130741 -0.01182971522212029 
-0.008201870135962963 0.006625701207667589 -0.007757192943245173 
0.006077447906136513 0.03089329600334167 -0.007383593358099461 
0.008975970558822155 -0.004976957570761442 -0.001625949051231146 
-0.004632310010492802 0.03105098754167557 -0.002400000113993883 
0.008591688238084316 -0.006271525751799345 -0.002908100374042988 
0.001257255324162543 0.02970742993056774 0.0006271739257499576 
-0.00840031448751688 0.005649600178003311 -0.004932863172143698 
-0.005107600707560778 -0.004271810874342918 -0.001503507373854518 
0.0001399823377141729 0.004592875950038433 -0.01027567218989134 
0.007261054590344429 0.01571381464600563 -0.008613135665655136 
0.0006761907716281712 0.03296952694654465 -0.002400000113993883 
0.002221451140940189 -0.002377903088927269 -0.008050000295042992 
-0.003347996389493346 0.02656427770853043 -0.0009228041162714362 
-0.002548865973949432 0.01237172167748213 -0.001932822051458061 
-0.007071470376104116 0.02119853161275387 -0.007530799135565758 
0.009044772945344448 0.03237634524703026 -0.003907409962266684 
0.005305877886712551 0.01104552485048771 -0.01205205358564854 
-0.003111143829301 -0.0007983727264218032 -0.005813335068523884 
-0.005012226291000843 0.02195008657872677 -0.008642357774078846 
0.006071741692721844 0.03096641600131989 -0.004798765294253826 
0.006388239562511444 0.01224444434046745 -0.0003012805536855012 
-0.002567679155617952 0.01974074728786945 -0.01263613253831863 
0.004277147352695465 0.01275516860187054 -0.001929132733494043 
-0.003548522014170885 0.004746242426335812 -0.01292057707905769 
-0.007405404932796955 0.02029704116284847 -0.005310907028615475 
0.006852417718619108 -0.0008613899117335677 -0.00494999997317791 
0.0008950828923843801 0.001182568026706576 -0.01128224655985832 
0.009204340167343616 0.009144306182861328 -0.009773038327693939 
-0.004679984413087368 0.02346346154808998 -0.00641532288864255 
-0.004205904901027679 -0.007088813465088606 -0.01057194359600544 
0.003258182667195797 0.004767840728163719 0.0006750908214598894 
0.008126652799546719 -0.001277277711778879 -0.006841042544692755 
-0.003205961314961314 -0.0004482382792048156 -0.005196841899305582 
0.009371536783874035 0.02876835875213146 -0.006014454178512096 
-0.001830843277275562 0.01111496798694134 -0.001898568356409669 
-0.007305518724024296 0.007658752147108316 8.330851414939389e-05 
-0.001138432184234262 0.02285663038492203 0.0008916644146665931 
-0.001430909615010023 0.02614185586571693 -0.01265173684805632 
0.01065997034311295 0.001301943091675639 -0.008600100874900818 
0.004995998460799456 -0.007173706777393818 -0.008050000295042992 
0.001567895407788455 -0.006435724440962076 -0.008050000295042992 
-0.007575526833534241 0.009569858200848103 -0.005889699794352055 
0.007537372410297394 -0.003708494827151299 -0.0006354319048114121 
0.007825540378689766 0.008474191650748253 -0.003460240550339222 
0.007421952672302723 0.01870279014110565 -0.000833346857689321 
0.0006348862661980093 0.03346801921725273 -0.009599999524652958 
0.002530736615881324 -0.003360870061442256 -0.008050000295042992 
-0.002855203114449978 0.01800972037017345 -0.002080638660117984 
-0.001324329758062959 0.03302885964512825 -0.01014680881053209 
-0.003096350468695164 0.003776621073484421 -0.01294918917119503 
0.003555292263627052 0.0008058631792664528 -0.006301086395978928 
0.003440544009208679 -0.005773105658590794 -0.004330442752689123 
0.007750678807497025 0.009433380328118801 -0.006201566196978092 
0.003001763485372066 0.01746417582035065 -0.01280615106225014 
-0.00443376088514924 0.0269225612282753 -0.009357343427836895 
-0.001045663841068745 0.001023513032123446 -0.006178800016641617 
-0.000926344539038837 -0.005890836007893085 0.0009487437782809138 
0.003074722597375512 0.01912319101393223 -0.0128939114511013 
0.004881012253463268 0.002007741015404463 -0.001733526587486267 
-0.003610808169469237 0.008387498557567596 -0.001830929890275002 
0.005137628875672817 0.005344036966562271 0.0003122620983049273 
0.005002302583307028 0.01252677571028471 -0.01211717166006565 
-0.001554218702949584 0.001378804678097367 -0.008050000295042992 
-0.002792621962726116 0.03392571955919266 -0.002400000113993883 
-0.009812625125050545 0.006753218360245228 -0.006826248951256275 
0.008597523905336857 0.03425595164299011 -0.00658885296434164 
0.005021377932280302 0.01005354151129723 -0.01212178356945515 
0.00333796301856637 0.02916182763874531 -0.00964062288403511 
-0.001120293047279119 0.0113703478127718 -0.0129959536716342 
-0.006737879011780024 0.01260847877711058 -0.001947411336004734 
-0.005374918691813946 0.01724630407989025 -0.002065764274448156 
-0.001015256159007549 0.03438865020871162 9.501699241809547e-05 
-0.009246150031685829 0.001205948647111654 -0.01099772844463587 
-0.001792838564142585 0.006464043632149696 0.001108540687710047 
0.005964571144431829 -0.007002650760114193 -0.008050000295042992 
0.001496863435022533 0.01995740085840225 -0.009877244010567665 
0.001117884879931808 0.001344226067885756 -0.003949999809265137 
-0.002121427794918418 0.0348990373313427 -0.009599999524652958 
0.0005535930977202952 0.02608810737729073 -0.002284714486449957 
-0.008451553992927074 0.004425057210028172 -0.01026280876249075 
-0.007181024178862572 0.02034014463424683 -0.003739180043339729 
0.006340575870126486 0.02751918695867062 -0.008897008374333382 
-0.00879456102848053 0.003538037650287151 -0.00085304188542068 
-0.002336078323423862 0.0146926399320364 -0.01285653840750456 
-0.007004945538938046 0.01768024452030659 -0.01019681338220835 
-0.002196067245677114 0.01720068790018559 -0.002058192621916533 
-0.003214064985513687 0.005198026075959206 -0.01025314070284367 
0.003579559270292521 0.02915705181658268 -0.002358767902478576 
-0.002202753443270922 0.0245598591864109 0.0004239107656758279 
-0.004367878660559654 -0.002467515878379345 0.0009948028018698096 
-0.003760639112442732 0.01821362227201462 -0.01238317135721445 
0.009649010375142097 0.02004843205213547 -0.005143964663147926 
-0.0009010551730170846 0.01722229272127151 -0.002056157682090998 
0.003004708793014288 0.01317645236849785 0.0004853479040320963 
0.0007912690052762628 0.00202282564714551 0.00065857038134709 
0.004475368186831474 0.0005008622538298368 -0.004928643349558115 
-0.0008927479502744973 -0.001141942339017987 -0.007622566074132919 
0.009692123159766197 0.01950609683990479 -0.006667961366474628 
-0.006357068661600351 0.008948646485805511 -0.001851092907600105 
0.00516905914992094 -0.001440842519514263 2.203533222200349e-05 
0.003451053518801928 -0.009036028757691383 -0.000395861774450168 
0.006648253183811903 0.02222564816474915 -0.002171637490391731 
0.006331448908895254 0.02763571031391621 -0.00459853932261467 
-0.008242970332503319 0.006365952547639608 -0.005997142754495144 
0.009187856689095497 0.02674644440412521 -0.004597458057105541 
0.005138408858329058 0.01026518270373344 9.29487359826453e-05 
0.007333688903599977 0.01708431541919708 -0.0007971458835527301 
0.000969049462582916 -0.009428234770894051 -0.01210560835897923 
-2.742235665209591e-05 0.03431088477373123 -0.009599999524652958 
0.00545013602823019 0.03122089803218842 -0.009591101668775082 
-0.007408860139548779 0.001941234688274562 -0.001670248340815306 
-0.006745249964296818 0.02266199328005314 -0.005163253750652075 
-0.003297175280749798 0.002771769883111119 -0.01031631976366043 
-0.006791650783270597 -0.005072432570159435 -0.01275511458516121 
-0.009234079159796238 0.01187967509031296 -0.006187696009874344 
0.006513450294733047 -0.006549617275595665 -0.008965244516730309 
-0.00468234159052372 0.0234405230730772 -0.005910491105169058 
-0.006876221857964993 -0.003418545005843043 -0.01268848776817322 
-0.002478854265064001 0.03426924347877502 -0.009600000455975533 
0.003641609102487564 -0.002417602343484759 -0.00494999997317791 
0.001480394275858998 0.03274363279342651 -0.01075352728366852 
-0.005470785778015852 -0.007694142404943705 0.0007539098733104765 
-0.009689019992947578 0.005161303095519543 -0.00360046373680234 
-0.001149565912783146 0.03134938329458237 -0.001073907827958465 
-0.002006548922508955 0.01440385263413191 -0.0100152101367712 
-0.001379270222969353 0.003537584561854601 -0.0103001743555069 
-0.00857827253639698 0.01470395363867283 -0.008352141827344894 
-0.0002738971379585564 0.0308816209435463 -0.01247068028897047 
0.006141257472336292 0.03007528185844421 -0.008349625393748283 
0.002582327695563436 0.01463530864566565 -0.01001837663352489 
0.0001737604761729017 -0.006864585913717747 -0.01279983855783939 
-0.00511141587048769 0.02715154737234116 -0.007435047067701817 
0.003109358251094818 0.01824861392378807 0.0008402606472373009 
0.007898884825408459 0.007533014751970768 -0.0047792405821383 
-0.006610828917473555 0.01201771385967731 -4.487071782932617e-05 
0.006453037261962891 0.02607687562704086 -0.004857506603002548 
0.00869261659681797 0.01285898126661777 -0.01018499489873648 
0.008262758143246174 0.0008507135207764804 -0.002616844139993191 
0.003595101181417704 0.0001017816830426455 0.0003666855627670884 
0.005710164085030556 -0.003379387082532048 -0.003949999809265137 
0.01068238914012909 -0.001308389706537127 -0.005841467063874006 
-0.0084652965888381 0.005415420513600111 -0.009232623502612114 
0.006646360736340284 0.02359751239418983 -0.009053170680999756 
-0.006483599077910185 0.01489990577101707 -0.008763253688812256 
0.008031174540519714 0.005836446769535542 -0.004607951268553734 
0.008006679825484753 0.006150426343083382 -0.00694005424156785 
0.009277269244194031 0.02377787418663502 -0.004012665711343288 
0.0002519981935620308 0.022383788600564 0.001107686199247837 
-0.0063667306676507 0.01545327063649893 -0.003431759309023619 
5.883416451979429e-05 0.02680674195289612 -0.01298827957361937 
-0.00762904854491353 0.009399972856044769 -0.003462729509919882 
-0.000589218398090452 0.02658963762223721 -0.002300102729350328 
-0.002265416085720062 0.02485170029103756 -0.009741908870637417 
-0.005958456546068192 0.008321942761540413 0.0005892004701308906 
-0.0002910788753069937 0.03486635163426399 -0.001385124516673386 
0.003005108330398798 -0.005224474240094423 -0.01053774170577526 
-0.005188261158764362 -0.003871277906000614 0.000938809709623456 
8.548350888304412e-05 -0.004718885291367769 -0.007050000131130219 
-8.365022949874401e-06 0.00574276689440012 0.0010704844025895 
0.007916822098195553 0.01293645985424519 -0.001120419125072658 
0.009563293308019638 0.02005403861403465 -0.007724554743617773 
-0.007873916998505592 0.003048848360776901 -7.393377018161118e-05 
-0.003304044017568231 0.003379086032509804 -0.01295250095427036 
-0.0004075806937180459 -0.002098546363413334 -0.001550748012959957 
0.00704787764698267 0.01844788528978825 -0.008738513104617596 
-0.001380675355903804 -0.006255779415369034 -0.01298689935356379 
-0.006565142422914505 0.01451684534549713 -0.008984318003058434 
-0.004685360472649336 -0.003038512542843819 0.0009730737074278295 
-0.005852034315466881 0.002383127575740218 -0.01273631118237972 
0.006862190552055836 4.879542393609881e-05 -0.005837848410010338 
-0.009332593530416489 0.001619608490727842 -0.01064698956906796 
0.001031494815833867 0.002719621639698744 0.0007951511652208865 
-0.002158979419618845 -0.001620986382476985 0.001019279356114566 
-0.001254397444427013 0.03434818610548973 -0.0120567949488759 
-0.007859504781663418 0.005201708059757948 -0.001756280078552663 
0.006936497986316681 0.01905149221420288 -0.01149371732026339 
-0.001616355497390032 0.03386437520384789 -0.002400000113993883 
0.008009111508727074 -0.006335002370178699 -0.001252455520443618 
0.0059788110665977 0.02758534252643585 0.0002941089041996747 
-0.005004160571843386 -0.007452730089426041 -0.001420148066245019 
0.009387818165123463 -0.003041839227080345 -0.001814751070924103 
-0.003998285625129938 0.0299814734607935 -0.009599999524652958 
-0.005703227128833532 -0.007544807158410549 0.0003147165989503264 
0.006103895604610443 0.0009791100164875388 -0.004432493355125189 
-0.009239183738827705 0.01139402575790882 -0.003702147398144007 
0.006051535252481699 0.03004777058959007 -0.009622937999665737 
0.002331690862774849 0.01750437542796135 -0.002057034056633711 
0.00382888806052506 -0.00614666985347867 -0.001436526654288173 
-0.005779778119176626 0.0183115154504776 -0.009802399203181267 
-0.003462663618847728 0.01599443145096302 -0.009970758110284805 
0.006352564785629511 -0.0007792261894792318 -0.003949999809265137 
-0.004184093791991472 0.002286885399371386 -0.001672800397500396 
-0.001619544578716159 0.03482737764716148 -0.009599998593330383 
0.008555424399673939 0.006628982722759247 -0.01060467772185802 
0.001743070664815605 0.01309433486312628 -0.01283623091876507 
0.008362479507923126 0.0007745663169771433 -0.009774415753781796 
0.000548647774849087 0.03177639096975327 -0.009599999524652958 
0.005068415310233831 -0.0008419168298132718 -0.001572539680637419 
0.006671946495771408 0.02326845191419125 -0.005762187298387289 
-0.00119140069000423 0.002439639298245311 -0.00167078198865056 
-0.003884250530973077 -0.005240018479526043 0.001032463042065501 
0.006948728114366531 0.01971887424588203 -0.005187942646443844 
-0.0008498348761349916 0.02790744043886662 -0.002335032215341926 
0.008121088147163391 0.004683096427470446 -0.006860344670712948 
0.001531544257886708 0.01031374465674162 0.0009054975816980004 
0.005904840305447578 0.004964915104210377 -0.01027752831578255 
-0.002152498811483383 0.02398630231618881 -0.01247827149927616 
0.004465783480554819 0.009283694438636303 -0.001838117721490562 
-0.007313312031328678 0.01828736066818237 -0.002617095597088337 
-0.001112497877329588 -0.0009982966585084796 -0.0006482594180852175 
0.001087755663320422 0.01762302406132221 -0.002062628511339426 
-0.005431398749351501 0.01616182737052441 -0.002037563128396869 
-0.009889154694974422 0.00519263744354248 -0.003797184908762574 
-0.004727593623101711 0.007163045927882195 -0.01019879709929228 
-0.007648614700883627 0.01648375578224659 -0.009756108745932579 
0.008655178360641003 0.01791063137352467 -0.009987622499465942 
0.002885216381400824 0.02179559879004955 -0.002167962025851011 
0.002110106870532036 0.01786950789391994 0.0008921003900468349 
-0.005915946327149868 0.01755437254905701 -0.005116033833473921 
0.002791004721075296 -0.008240813389420509 -0.01243174355477095 
0.007069928571581841 -0.0035180130507797 -0.0004796977736987174 
-0.005810889415442944 0.01740429922938347 -0.002070764312520623 
0.007988573983311653 0.00638378644362092 -0.002489904407411814 
-0.008008850738406181 0.01783682592213154 -0.006750313565135002 
0.006680732592940331 0.03092503920197487 -0.0003738132945727557 
0.007246091030538082 0.01590547524392605 -0.007989631965756416 
-0.004869363736361265 0.02334643714129925 -0.001416933722794056 
0.007864261046051979 0.001155008329078555 -0.002277328167110682 
0.00937911681830883 -0.003641951363533735 -0.00180746428668499 
-0.006609906908124685 0.0232623852789402 -0.0058255260810256 
-0.004912886768579483 -0.003024028614163399 -0.01046439819037914 
0.005594660062342882 0.02829759754240513 -0.01240607816725969 
0.005789896938949823 0.01592487096786499 -0.002008853945881128 
-0.001640933332964778 0.00645453343167901 -0.001776508404873312 
0.008443741127848625 0.03385629877448082 -0.008328977972269058 
0.002006758702918887 -0.001772586954757571 -0.01044561248272657 
-0.008980404585599899 0.01326827332377434 -0.005514421965926886 
0.006874205078929663 0.01215940900146961 -0.01148976571857929 
0.004976651631295681 0.02480096556246281 -0.002242231275886297 
0.0002232036495115608 -0.005083899479359388 -0.007268316112458706 
0.009762903675436974 0.01846292242407799 -0.006557372398674488 
-0.002015815582126379 -0.005319450050592422 0.001017619972117245 
0.001482345629483461 7.866094529163092e-05 -0.006790337152779102 
0.007680485490709543 0.01033460721373558 -0.00875469483435154 
0.0004636499215848744 0.02860563807189465 -0.009649374522268772 
-0.00465572252869606 0.02443079650402069 -0.001611129846423864 
0.003782087005674839 0.01413143984973431 0.0003679331275634468 
0.006707175634801388 -0.001709148404188454 -0.01163513585925102 
0.006150424480438232 -0.006014192476868629 -0.00494999997317791 
-0.002637594938278198 0.03506592288613319 -6.440819561248645e-06 
0.005880332551896572 0.02527779340744019 -0.002252866979688406 
-0.005052418448030949 0.03436971455812454 -0.01077836286276579 
0.01033306494355202 0.001209372887387872 -0.009308460168540478 
0.008842815645039082 0.00394861027598381 -0.001081451890058815 
-0.00283031421713531 0.02834700979292393 -0.009649516083300114 
0.008401032537221909 0.001093474449589849 -0.00330632459372282 
-0.001545518985949457 -0.009358412586152554 -0.01205188501626253 
-0.0038687689229846 0.03177368640899658 -0.001412633922882378 
0.007191753946244717 -0.004393230192363262 -0.002477702917531133 
-0.003030825173482299 0.0197320319712162 -0.009874041192233562 
0.006950571201741695 0.01969514600932598 -0.006867433898150921 
-0.00775604136288166 0.01853728853166103 -0.007666106801480055 
0.005485544446855783 -0.008216164074838161 -0.007556276395916939 
0.001517066732048988 -0.002910037524998188 -0.001525671454146504 
0.009129483252763748 0.02849093824625015 -0.006277254782617092 
0.008054355159401894 0.0008472480112686753 -0.01133982557803392 
0.0008494806243106723 0.03256805986166 -0.01239789370447397 
-0.005625489167869091 -0.00737353228032589 0.0009420223068445921 
0.004438437055796385 0.01143493968993425 0.0002322415093658492 
-0.004045194946229458 0.01782389171421528 -0.00207817554473877 
-0.002935917349532247 0.01927821338176727 -0.01256196573376656 
0.010795583948493 0.001782363862730563 -0.008148143999278545 
0.0005155891994945705 0.03400498628616333 -0.001003992976620793 
-0.0006802123971283436 0.01682070270180702 -0.01293782982975245 
-0.007733698468655348 0.002593976678326726 3.763872155104764e-05 
0.007236266508698463 0.03129461035132408 -0.0007944587850943208 
0.004139760043472052 0.0109648872166872 0.000295264384476468 
0.002007537288591266 0.02292703837156296 -0.002199264243245125 
-5.588226485997438e-06 0.008473096415400505 -0.01302418578416109 
-0.008421878330409527 0.00433911569416523 -0.01026511192321777 
0.005538196302950382 0.01592623442411423 -0.002009394578635693 
0.006016726605594158 0.0005382586969062686 -0.01033537834882736 
-0.006095424294471741 0.01673973351716995 -0.003832462010905147 
0.008053096942603588 0.005555583164095879 -0.00385678862221539 
0.009506650269031525 0.02907118201255798 -0.005869834218174219 
0.005680829286575317 0.0004755336558446288 -0.007049999665468931 
-0.004435364622622728 0.02693846449255943 -0.004282897338271141 
0.01024378184229136 0.009325901046395302 -0.005582704208791256 
0.007557662203907967 -0.000680558558087796 -0.003916345071047544 
-0.006975855212658644 0.01247413828969002 -0.005073919426649809 
0.005824276246130466 0.01153076440095901 -0.0001098156935768202 
0.004101702012121677 -0.0003505567437969148 -0.01226980797946453 
-0.0004378496669232845 -0.00302269565872848 -0.008050000295042992 
-0.001698351348750293 0.001096085296012461 -0.001636720960959792 
0.002219309331849217 -0.004735122434794903 -0.001476623700000346 
0.007107866927981377 0.005529983900487423 -0.01026519015431404 
-0.00190838216803968 0.01235375553369522 -0.01006893254816532 
0.007162050344049931 0.01698344573378563 -0.00834242906421423 
-0.001475011697039008 0.01073120534420013 -0.01011216547340155 
0.008379818871617317 0.02300135791301727 -0.0100301206111908 
-0.00586681067943573 0.03115903213620186 -0.002168527338653803 
-0.002815665444359183 0.007830867543816566 -0.01307517942041159 
0.01087756361812353 0.004688171669840813 -0.007247175090014935 
0.006570143159478903 0.03296032920479774 -0.01059677731245756 
0.004473147913813591 0.02301592193543911 -0.01289440970867872 
0.009893465787172318 0.01667208969593048 -0.005874922033399343 
0.006101614329963923 -0.00228722020983696 -0.008050000295042992 
0.00743945362046361 0.01342494413256645 -0.006325037684291601 
0.00199393043294549 0.0321015752851963 -0.002438828349113464 
-0.008416122756898403 0.005576963536441326 -0.007155540864914656 
-0.009582306258380413 0.009537236765027046 -0.00361528480425477 
0.002700204495340586 0.02478723600506783 -0.01307380199432373 
-0.002793940249830484 -0.003088429570198059 0.001034332206472754 
0.003281590295955539 0.02721411176025867 -0.002308637835085392 
0.003841103985905647 -0.003550228662788868 -0.008050000295042992 
0.00910155288875103 0.02821477316319942 -0.004836284089833498 
0.006953219883143902 0.01966322027146816 -0.002574178390204906 
0.006810936611145735 0.02148637175559998 -0.007921041920781136 
0.004982815124094486 0.0248193982988596 -0.009757299907505512 
-0.007983632385730743 0.01750258356332779 -0.008065100759267807 
0.0008149619097821414 0.03352939337491989 -0.001415111240930855 
0.007068867795169353 0.001762375584803522 -0.005093996413052082 
0.001864368445239961 0.006416724994778633 -0.00176848575938493 
-0.008140634745359421 0.004324209876358509 -0.01026606559753418 
0.00738424202427268 0.02623581513762474 -0.01145097892731428 
0.007045329548418522 0.01848048157989979 -0.004363191314041615 
-0.0007301532896235585 -0.004332735203206539 -0.01294993050396442 
-0.005847571417689323 0.0178954228758812 -0.007253191433846951 
0.001384829054586589 -0.0008107874891720712 -0.001580746145918965 
0.006115048192441463 0.03041063249111176 -0.006195791997015476 
0.005937488283962011 0.005459887441247702 -0.01212699245661497 
-0.006582795176655054 -0.003533283248543739 -0.01047434285283089 
0.007713386323302984 0.009912474080920219 -0.003760218620300293 
-0.007808699272572994 0.01862015761435032 -0.004905020352452993 
-0.006063136737793684 0.01690627075731754 -0.003504097927361727 
-0.002096352633088827 0.01885018683969975 -0.00210105930455029 
0.00897296704351902 0.03034412860870361 -0.003127359319478273 
0.008910464122891426 -0.004486019257456064 -0.00140683283098042 
0.001780344173312187 0.003114368300884962 -0.01031756587326527 
0.007016013842076063 -0.005531302653253078 -0.008309911005198956 
-0.003791819792240858 0.003252539318054914 -0.01030277460813522 
-0.004100235644727945 0.02635418623685837 -0.002472844906151295 
0.006473525427281857 0.0004564016126096249 -0.008792429231107235 
-0.001110746059566736 0.001005306257866323 -0.01102838013321161 
0.007310456596314907 -0.001343409763649106 -0.00494999997317791 
-0.0006502445321530104 0.03123527206480503 -0.009599999524652958 
-0.002194605767726898 0.0002608648501336575 0.001008379505947232 
0.002636278280988336 0.01198412943631411 -0.0125480042770505 
0.007605880964547396 -0.001064586569555104 -0.007050000131130219 
0.005423849914222956 0.02510634809732437 0.0005978228291496634 
-0.002971695736050606 0.02429274842143059 1.621665069251321e-05 
0.003725915448740125 0.01927188038825989 -0.01283498294651508 
-0.003208608599379659 0.03359898924827576 -0.01099999994039536 
-0.0004705924075096846 0.003158524166792631 -0.01031189598143101 
0.001349816215224564 0.03280062228441238 -0.0006074997945688665 
-0.003971800208091736 0.02821153774857521 -0.002600737381726503 
0.007471201475709677 0.01301892474293709 -0.003433751408010721 
0.007036659866571426 0.01859114691615105 -0.007140440866351128 
0.0001314210676355287 -0.005251873284578323 0.0008321905042976141 
0.001678518252447248 -0.001883449265733361 -0.01266344636678696 
-0.007332779932767153 0.01081535778939724 -0.008395364508032799 
0.005792972166091204 -0.003845508676022291 -0.00494999997317791 
0.00162309582810849 -0.0008461476536467671 -0.003949999809265137 
0.003803723026067019 -0.002873330609872937 -0.003949999809265137 
-0.005793272517621517 0.01820959709584713 -0.003239718731492758 
-0.003028119448572397 0.02989139780402184 5.215406578829018e-11 
0.002307091606780887 -0.007112010382115841 0.0005152756348252296 
-0.008883734233677387 0.004233493003994226 -0.01095902267843485 
0.008070995099842548 -0.002854006132110953 -0.007457059808075428 
0.0002222234616056085 0.01339452993124723 -0.01004603505134583 
-0.009111866354942322 0.002426696475595236 -0.01031365804374218 
0.006223913282155991 0.000694502959959209 -0.004505351651459932 
0.001445016590878367 0.01764166727662086 -0.01292599830776453 
-0.005913947243243456 0.01169631350785494 -0.01231568027287722 
-0.0009379656403325498 0.01721156015992165 0.0009375808294862509 
-0.0006640786305069923 0.008889614604413509 0.001048214733600616 
-0.001612087013199925 0.0147602092474699 -0.001993302721530199 
-0.007774388417601585 0.01654165424406528 -0.009459300898015499 
-0.00438265223056078 0.02241456881165504 -0.01134826615452766 
0.00103912886697799 0.009551823139190674 -0.01014800369739532 
-0.006941883824765682 0.01987665332853794 -0.009175574406981468 
-0.004600110463798046 0.02613313868641853 -0.009281943552196026 
0.005361426156014204 0.03007711097598076 0.000278192397672683 
-0.003025571350008249 0.008695106022059917 -0.01016221381723881 
-0.002085241954773664 0.007121299859136343 -0.001794808777049184 
0.005867788102477789 -0.005117647349834442 -0.001459300983697176 
0.006341300439089537 0.005704544950276613 -0.01025909371674061 
-0.0009462431771680713 -0.002570333890616894 -0.0129751693457365 
-0.005077598616480827 -0.008005967363715172 -0.01210764795541763 
0.01039255317300558 0.006253450643271208 -0.00555880181491375 
0.01108662877231836 0.001134506659582257 -0.006908569950610399 
0.006489033345133066 -0.005968058947473764 -0.007050000131130219 
0.003569424152374268 0.009757177904248238 -0.01220676675438881 
-0.007589542306959629 0.01845557242631912 -0.003344940487295389 
-0.008388902992010117 0.005770880728960037 -0.003069843165576458 
0.007726296782493591 -0.007540642283856869 -0.005809511989355087 
0.007166562601923943 -0.00467752618715167 -0.003586601698771119 
-0.007240153849124908 0.01126131974160671 -0.008447513915598392 
-3.216485492885113e-05 -0.0032457010820508 -0.003949999809265137 
0.006222417578101158 0.02590618841350079 0.0002566186885815114 
-0.008626243099570274 -0.001060974085703492 -0.01040569320321083 
0.001097562490031123 -0.006356505677103996 -0.01056347042322159 
0.001420604065060616 0.03209811076521873 -0.01241410709917545 
0.003210193011909723 0.01734090223908424 -0.01277299970388412 
-0.003897367045283318 0.03257173672318459 -0.01099999994039536 
-0.002244946546852589 0.01516597904264927 -0.002005166839808226 
-0.003008494852110744 -0.005483247339725494 -0.01304599363356829 
0.003205716609954834 0.01896543428301811 0.0008724488434381783 
-0.001659960835240781 0.01778619363903999 -0.009927595965564251 
-0.008427485823631287 0.005551115609705448 -0.004043221473693848 
0.007759053725749254 0.009326697327196598 -0.003957266919314861 
-0.0008623866597190499 -0.007740359753370285 -0.01059566624462605 
0.001670990837737918 0.02960420027375221 -0.009625727310776711 
-0.007131719030439854 0.002002127002924681 0.0003689530421979725 
0.005296989809721708 0.015896987169981 -0.01209102943539619 
-0.005826581735163927 -0.006850707810372114 -0.01291621755808592 
0.00556268822401762 0.03228811919689178 -0.001097205677069724 
0.002667038468644023 0.001164304791018367 -0.001629739883355796 
-0.003074237378314137 0.0009194932645186782 -0.007413492072373629 
0.007170896977186203 -0.000274950492894277 -0.005648915190249681 
0.003465943038463593 -0.002379883779212832 0.0003709816373884678 
-0.001635944121517241 0.01234646141529083 -0.001930330181494355 
0.008457645773887634 -0.006582134868949652 -0.007704049814492464 
0.005972718819975853 -0.007350929547101259 -0.003949999809265137 
0.01027003768831491 0.006096511613577604 -0.008002620190382004 
0.002598808612674475 0.001079530222341418 -0.008050000295042992 
-0.007689345628023148 -0.003503164276480675 0.0004321487213019282 
0.001428458839654922 -0.009412861429154873 -0.01142478361725807 
0.004881169646978378 0.02977395430207253 -0.002372261835262179 
0.007113989908248186 0.01883932575583458 -0.0006228456040844321 
-0.003500683698803186 0.03031069971621037 -0.002400000113993883 
0.009729340672492981 0.01896968297660351 -0.006594124250113964 
0.00939588900655508 0.02018091641366482 -0.003686320735141635 
0.006387833040207624 0.0005462696426548064 -0.008728091605007648 
-0.00481532234698534 0.01454613544046879 -0.01240722090005875 
0.001055568223819137 0.002921769861131907 -0.012794004753232 
-0.006783271208405495 0.008043519221246243 -0.01229412853717804 
-0.005036421120166779 0.02404860220849514 -0.01006105355918407 
-0.001299335504882038 0.006894521880894899 -0.01021268870681524 
-0.002965203486382961 0.01491082645952702 -0.001999950967729092 
0.007117996457964182 0.02555511705577374 -0.0117240697145462 
0.006689441855996847 0.02769741788506508 -0.01192735228687525 
0.0003227798151783645 0.03432796522974968 -0.00214515975676477 
0.01022875402122736 0.001194028183817863 -0.009514081291854382 
0.008115346543490887 0.004757631570100784 -0.002788151381537318 
0.001809660578146577 0.03037413768470287 -0.009605903178453445 
-0.002488540252670646 0.002008625073358417 -0.001662132213823497 
0.006737267598509789 0.02243221178650856 -0.00367202702909708 
-0.007683581672608852 0.010076685808599 -0.01152708660811186 
0.001289421692490578 0.0200344379991293 -0.01303626410663128 
0.01002456620335579 0.01292643044143915 -0.004523921757936478 
-0.005137416534125805 0.02136729471385479 -0.009130251593887806 
0.005530635826289654 -0.002650853479281068 -0.007050000131130219 
0.007900364696979523 0.009317695163190365 -0.001032572239637375 
-0.003910484723746777 0.02857106365263462 -0.002463965676724911 
-0.007207521703094244 0.02075247280299664 -0.004501943942159414 
-0.009725110605359077 0.006968008819967508 -0.003355588065460324 
-0.0005454630590975285 -0.004681366495788097 -0.00148369709495455 
0.005172913894057274 0.01985194534063339 -0.002112623769789934 
-0.003095453139394522 0.03064782917499542 -0.009599999524652958 
-0.00882597453892231 0.005027027800679207 -0.002360718790441751 
0.001353156985715032 -0.009403529576957226 -0.01173046417534351 
0.003941647708415985 0.008515519089996815 0.0005747564136981964 
0.0004003192880190909 0.01535200234502554 0.0009124298230744898 
-0.0008928385796025395 0.001198392594233155 -0.001637775218114257 
-0.0004627116140909493 0.003166223410516977 -0.007552741095423698 
0.008571997284889221 -0.006538688205182552 -0.006493714172393084 
-0.005154364742338657 -0.007166172843426466 -0.001427930081263185 
0.001740719540975988 0.01928090862929821 -0.0129891037940979 
0.001629286329261959 0.02883031591773033 -0.00235415156930685 
-0.006215786561369896 -0.003811632748693228 -0.00151770596858114 
0.0009611390414647758 0.00136400549672544 -0.01036162208765745 
0.008180831559002399 -0.004245299845933914 -0.00641335267573595 
-0.007978415116667747 0.008260194212198257 -0.0004512895829975605 
-0.001745445420965552 0.01165361516177654 -0.001912460546009243 
0.002792211016640067 0.02421001717448235 -0.009768813848495483 
0.009410527534782887 0.02379453554749489 -0.006829187739640474 
-0.001215191558003426 0.008119450882077217 -0.001819123048335314 
0.001693497528322041 0.02332946285605431 -0.009789599105715752 
-0.0006431055371649563 0.001741387648507953 -0.010348548181355 
0.001238335855305195 -0.003866619430482388 0.0007011346169747412 
0.001783550484105945 0.006145479157567024 -0.01023843325674534 
0.00239889114163816 0.01976718381047249 -0.002115978393703699 
4.893814184470102e-05 0.02273299731314182 -0.01309476234018803 
-0.00965570006519556 0.009261100552976131 -0.007768228650093079 
0.008473743684589863 -0.00299354549497366 -0.003982467576861382 
0.00020245359337423 -0.005924688652157784 0.0008137903641909361 
0.007477587088942528 0.03379669412970543 -0.008975469507277012 
0.005795424338430166 0.009276282042264938 -0.01190753467381001 
-0.003602575743570924 -0.002867578994482756 -0.001537120901048183 
0.00564121687784791 0.02629563026130199 -0.00972007866948843 
0.00306384451687336 0.02650596760213375 0.0009964804630726576 
-0.001675669685937464 0.01801942847669125 0.0008712263661436737 
0.002053315285593271 -0.001649269368499517 -0.007050000131130219 
-0.004247613716870546 -0.005972954444587231 0.001028019469231367 
0.002882333006709814 0.0283587072044611 -0.002339323284104466 
0.00372435781173408 0.02811728417873383 -0.009668669663369656 
0.0009862848091870546 -0.005432686768472195 -0.00146096630487591 
0.01009912975132465 0.01257433742284775 -0.005984979681670666 
0.001877833623439074 -0.005923458375036716 -0.003949999809265137 
0.002607190050184727 -0.002030185656622052 -0.01251327712088823 
0.008174484595656395 0.001742944354191422 -0.01036620605736971 
-0.001297951210290194 -0.00248778285458684 -0.005528930108994246 
0.007293420843780041 -0.001438644016161561 -0.01041488163173199 
0.008113223128020763 -0.007059850730001926 -0.005101302172988653 
0.00387269095517695 0.01910287886857986 -0.01280364952981472 
-0.008136842399835587 0.01416998356580734 -0.009943774901330471 
0.002480432158336043 -0.001089778961613774 -0.005937186069786549 
0.01074264105409384 0.00340462289750576 -0.008095982484519482 
-0.009792696684598923 0.006894241087138653 -0.005207721143960953 
0.006150419358164072 0.02995779365301132 -0.003625832032412291 
0.005835030693560839 0.02258353307843208 -0.01244867499917746 
0.003160505089908838 -0.007969336584210396 -0.01060971990227699 
0.003195581492036581 0.03005130589008331 -0.01245704758912325 
-0.004341194406151772 0.02287592925131321 -0.0007297537522390485 
0.004215986002236605 -0.004481117241084576 -0.004092955496162176 
0.007603688631206751 0.005725525319576263 -0.01155591383576393 
-0.001461158972233534 0.03542809933423996 -0.001081099500879645 
0.004984119907021523 0.006240463349968195 -0.001757621997967362 
-0.00451106671243906 0.01190255768597126 0.0007313656969927251 
0.00783022865653038 -0.002299750223755836 -0.009580358862876892 
-0.001985585084185004 0.03061574697494507 -0.01092569809406996 
0.0019070835551247 -0.006752939894795418 -0.00494999997317791 
-0.007855798117816448 0.008295686915516853 -0.003942192997783422 
-0.0022260881960392 0.02059474587440491 0.0006814278895035386 
-0.002617188729345798 0.02769727259874344 -2.24565046664793e-05 
0.005206960253417492 0.002212196588516235 -0.01222910545766354 
0.00502899382263422 -0.004105538129806519 -0.008050000295042992 
0.0001760816667228937 0.02901916764676571 0.0006663277163170278 
0.006818673107773066 -0.00180736358743161 -0.0004083478706888855 
-0.0001352825056528673 0.01230381242930889 -0.01296165864914656 
-0.002083156490698457 0.02651005424559116 0.0001016048190649599 
0.004401915706694126 -0.00832709763199091 -0.00494999997317791 
-0.008177753537893295 0.01302601210772991 -0.001716361381113529 
0.0071760518476367 0.03319650888442993 -0.01034252345561981 
-0.001147383591160178 0.008941106498241425 -0.01305286586284637 
0.004633360542356968 0.01606579311192036 -0.002014854690060019 
0.002018881496042013 -0.007239627186208963 -0.00494999997317791 
0.001396258710883558 0.01804227754473686 0.00094854726921767 
0.005033098626881838 -0.007483792025595903 -0.01060080155730247 
-0.001591477659530938 -0.005803162697702646 0.001001978293061256 
0.001590325147844851 -0.00277199549600482 -0.001529128639958799 
-0.000243893067818135 0.006194977089762688 -0.00176692777313292 
-0.004938636906445026 0.0004763402976095676 -0.01037295628339052 
-0.0005537666147574782 0.009546910412609577 -0.01014493498951197 
0.002423684811219573 -0.007540060672909021 -0.008050000295042992 
-0.004262589849531651 0.01939678192138672 -0.009880322031676769 
-0.004134780261665583 0.02850272506475449 -0.002592769451439381 
-0.007789735682308674 0.008639286272227764 -0.003190512303262949 
-0.002996950875967741 0.00112064415588975 -0.006602601148188114 
0.00795862078666687 0.002875101985409856 -0.01143735460937023 
0.001148548442870378 -0.00333326542750001 -0.001515372190624475 
-0.003113163635134697 0.003598232520744205 -0.01295149140059948 
0.005948580801486969 0.00261783110909164 -0.009912946261465549 
0.0001379689492750913 0.03146912902593613 -0.009599998593330383 
-0.004308325704187155 -0.007301325909793377 -0.01057728752493858 
0.002320124534890056 0.01008755248039961 0.0008102587889879942 
-0.008949875831604004 0.009593048132956028 -0.001834328286349773 
0.002735261106863618 -0.003834778675809503 -0.01050091721117496 
-0.001779366517439485 0.02429019287228584 -0.009757544845342636 
0.002186610829085112 0.02817671559751034 -0.002335968194529414 
-0.003847850952297449 0.02881249226629734 -0.0002628015936352313 
-0.001886651385575533 -0.0009529795497655869 0.0007988577126525342 
-0.001914569060318172 0.02984698489308357 3.596695751184598e-05 
-0.0001484930398873985 0.009574517607688904 -0.01014502719044685 
0.009528215043246746 0.01500015147030354 -0.003326490521430969 
0.005678609944880009 -0.003820129670202732 -0.00494999997317791 
0.009587955661118031 0.01864468120038509 -0.007996258325874805 
0.001546230399981141 0.01239672768861055 0.000864301691763103 
0.005452941637486219 -0.004694054368883371 -0.003949999809265137 
0.006450846325606108 -0.007701463531702757 -0.003653432708233595 
-0.002545788651332259 0.002796114655211568 -0.01031719241291285 
0.004399991594254971 0.0002404472761554644 -0.003949999809265137 
0.003596062771975994 0.02679956331849098 -0.002297183265909553 
0.0001677305845078081 0.0220174640417099 -0.009820790961384773 
0.0008083066786639392 0.007716895081102848 0.0009992897976189852 
-0.001702522160485387 0.02646965347230434 -0.009700795635581017 
-0.002313544508069754 -0.006196561735123396 0.001023131189867854 
0.003790659829974174 0.0006801589042879641 -0.007242448162287474 
0.005665428936481476 0.02166754752397537 -0.002159038558602333 
0.008340582251548767 0.001868260675109923 -0.00461335014551878 
-0.007140613161027431 0.01175071857869625 -0.008787550032138824 
0.007942935451865196 -0.002005929592996836 -0.008570853620767593 
-0.004777832422405481 0.0258356835693121 -0.002929662354290485 
0.003027096856385469 0.01480105891823769 -0.01264328602701426 
-0.007307187188416719 0.01873503625392914 -0.002887059468775988 
0.004518289119005203 -0.007763747125864029 0.0001492243027314544 
0.006873276084661484 -0.0002681264595594257 -0.001676016021519899 
-0.009359575808048248 0.005110152065753937 -0.004852996207773685 
0.004760887939482927 0.02999800629913807 -0.002378352917730808 
0.009325115941464901 -0.005333838053047657 -0.004919827915728092 
-0.006729556247591972 -0.003190704854205251 -0.001534938928671181 
-0.006639132741838694 0.0203668512403965 -0.002515999134629965 
0.002821072237566113 0.018291050568223 -0.0128657566383481 
0.001762994797900319 0.02610829472541809 -0.002282814122736454 
0.00133036426268518 -0.002463879529386759 -0.01270766090601683 
0.006495076697319746 0.02171090804040432 -0.009841494262218475 
-0.004686135798692703 0.01557922270148993 0.0003426229523029178 
-0.006256226915866137 0.001770539209246635 -0.01033652108162642 
0.001833567628636956 0.0297978650778532 -0.01260451041162014 
0.008680189028382301 0.0333702452480793 -0.007745208684355021 
-0.004951510578393936 0.007100387942045927 -0.001800015801563859 
-0.003423599526286125 -0.005179467145353556 0.001038635149598122 
0.007749179378151894 0.009453312493860722 -0.008028943091630936 
0.00220898725092411 0.03218338638544083 -0.01152462512254715 
0.01035501062870026 0.006006302777677774 -0.007368828635662794 
0.006618022918701172 -0.006585420574992895 -0.004358713980764151 
-0.003242320381104946 0.03548992052674294 -0.009600000455975533 
0.006340223830193281 0.001732389559037983 -0.005763605237007141 
-0.007451773621141911 -0.00182739517185837 -0.01244822144508362 
-0.006822303868830204 4.332821117714047e-05 -0.01038048043847084 
0.0003899836447089911 -0.00946657732129097 -0.0121613647788763 
0.008023254573345184 0.01190961338579655 -0.001171997282654047 
-0.007096456363797188 0.009504321031272411 -0.01013291534036398 
0.001110174925997853 0.03132125735282898 -0.002399999881163239 
0.006239128299057484 0.01126324478536844 -0.001886242534965277 
0.005165811628103256 -0.003628339385613799 -0.003949999809265137 
-0.009402699768543243 0.005435811821371317 -0.002011970151215792 
0.005200017243623734 0.02161316201090813 -0.009841447696089745 
0.01014440879225731 -0.003401200054213405 -0.008046817034482956 
-0.009787414222955704 0.008301764726638794 -0.008472999557852745 
-0.004565379582345486 0.02061467058956623 -0.0116399247199297 
0.001653739949688315 0.03069670684635639 -0.009597168304026127 
0.001361367176286876 0.02571680769324303 0.001082991366274655 
0.001412081765010953 0.03272276371717453 -0.01190921571105719 
0.005539129953831434 0.02867674268782139 -0.009657706134021282 
0.0008788896957412362 -0.005904159508645535 -0.007985477335751057 
0.007860714569687843 0.01370957866311073 -0.0108885895460844 
0.007281187456101179 0.01545530930161476 -0.007854564115405083 
0.01070323493331671 0.005070776678621769 -0.005212581716477871 
-0.003750290255993605 -0.004506910685449839 0.00102971913293004 
0.0026576928794384 0.02016581036150455 -0.002125866943970323 
-0.0005002081743441522 0.02304770238697529 0.001022872165776789 
-0.006659135222434998 0.004969450645148754 -0.00174780678935349 
0.002143040532246232 0.01209414657205343 -0.01280260272324085 
0.008524426259100437 0.02440237626433372 -0.002304466674104333 
0.005833742208778858 0.02226869948208332 -0.009825604036450386 
-0.007035170681774616 0.01225853245705366 -0.003149018855765462 
-0.008764693513512611 0.004984488245099783 -0.003884931560605764 
0.0006495183915831149 0.01375702582299709 0.0008935022633522749 
0.007840747013688087 -0.00103317410685122 -0.002855230122804642 
-0.006915148347616196 0.02072996273636818 -0.008684907108545303 
0.01095525454729795 0.004708897322416306 -0.006562165915966034 
-0.004941449966281652 0.02947627194225788 -0.002129272557795048 
0.002928631147369742 0.001184261171147227 -0.008050000295042992 
-0.004147949162870646 0.03078576736152172 -0.0002669098030310124 
-0.002982373116537929 -0.001163201523013413 -0.007897368632256985 
0.003309577237814665 -0.006286430172622204 -0.01056607998907566 
-0.000634122989140451 0.02957063354551792 0.0005141501314938068 
-0.006566984578967094 0.01828023791313171 -0.01054799556732178 
-0.007527363952249289 0.01952234841883183 -0.004380242899060249 
-0.0006271018064580858 -0.001321830088272691 -0.01121871545910835 
0.008825737982988358 -0.0009923995239660144 -0.01062317658215761 
0.006797428708523512 0.01976612396538258 -0.01158641558140516 
0.005859009921550751 0.001552996691316366 -0.002808741293847561 
-0.004162080585956573 0.02597868628799915 -0.004685339517891407 
-0.001886097248643637 0.00268253032118082 -0.001678518019616604 
0.009749404154717922 0.008927416987717152 -0.008825099095702171 
0.009637882001698017 0.01998207345604897 -0.007172317244112492 
-0.002886345144361258 0.009190300479531288 -0.001850436092354357 
-0.003626319579780102 0.01828375831246376 -0.01241935975849628 
0.007788816466927528 -0.005205510184168816 -0.003884498495608568 
0.001870385371148586 -0.0007589326123706996 -0.01228010933846235 
-0.002445339458063245 0.02998249046504498 -0.01192679908126593 
-0.002885768190026283 0.02614032104611397 -0.002292980905622244 
0.005948506761342287 0.0007960225339047611 -0.007953046821057796 
-0.006754143629223108 0.01954420283436775 -0.009740696288645267 
0.001459661987610161 -0.001905745477415621 -0.004966075532138348 
0.01117272023111582 0.0003850833454634994 -0.006016544997692108 
0.001424019108526409 -0.0003329287865199149 -0.004564363975077868 
-0.001607372425496578 0.02095436863601208 -0.01282065361738205 
-0.005061317700892687 0.001876950263977051 -0.01286262273788452 
0.01008267235010862 -0.003837525611743331 -0.006270436570048332 
-0.009304003790020943 0.008040414191782475 -0.01001753099262714 
-0.004831798374652863 0.009740686044096947 0.0007980632362887263 
-0.003732718527317047 0.008933552540838718 0.0009709193836897612 
-0.0004231121565680951 0.001437706756405532 -0.01062009856104851 
0.003733288962393999 -0.006343850865960121 -0.007050000131130219 
-0.002678180113434792 -0.003131650155410171 -0.01047169417142868 
0.01075696758925915 0.001883091870695353 -0.003728576004505157 
-0.005136151798069477 0.008490440435707569 -0.01281094364821911 
-0.001977516803890467 0.0338013656437397 -0.009599998593330383 
-0.002528588054701686 0.005868486594408751 -0.0131147587671876 
0.008022574707865715 0.01120356563478708 -0.0108554270118475 
0.005177043378353119 0.01598529145121574 -0.009988337755203247 
0.006281217560172081 0.0282797534018755 -0.006909683346748352 
-0.007889021188020706 -0.005395089276134968 -0.01065355725586414 
-0.004927324596792459 0.007655467838048935 -0.01018553972244263 
-0.005072104744613171 -0.0009222811204381287 0.0009194447193294764 
0.001695726183243096 0.001271446002647281 -0.001634486601687968 
0.004386195912957191 0.03027917444705963 -0.01224275771528482 
0.003652164014056325 0.02558417804539204 -0.002265338320285082 
0.002366020809859037 0.02707609906792641 -0.002306872280314565 
0.005312018096446991 0.001978290732949972 -0.002131989691406488 
-0.007336662616580725 0.01266806852072477 -0.0113521870225668 
0.00789280142635107 0.007611522916704416 -0.008498326875269413 
0.007703936193138361 0.01003403775393963 -0.009244214743375778 
-0.0009583521750755608 0.001142368069849908 -0.008050000295042992 
0.007354564964771271 0.01451521180570126 -0.003027917351573706 
0.007351614534854889 0.01455346867442131 -0.002473282162100077 
-0.00130563706625253 0.0168134830892086 -0.01291610300540924 
-0.003127028234302998 0.001079194946214557 0.0009864255553111434 
-0.002033891621977091 0.02957454696297646 -0.009619065560400486 
0.006063294131308794 -0.004445138853043318 -0.001476466888561845 
0.008043634705245495 0.01035881973803043 -0.001157495775260031 
0.006000353954732418 0.03188194334506989 -0.00486008170992136 
0.006822807248681784 0.03312888368964195 -0.008137651719152927 
0.00685812346637249 0.006265107076615095 -0.001754504162818193 
-0.005310853011906147 0.02053494937717915 -0.002892831340432167 
0.007322111167013645 0.01493033301085234 -0.004595194943249226 
-0.00784774124622345 -0.005443539470434189 -0.00141692953184247 
-0.001207581255584955 -0.002497859299182892 -0.006409962195903063 
0.007152698468416929 -0.0002558663836680353 -0.003795921802520752 
0.00345693132840097 -0.005089309997856617 -0.007380971219390631 
0.00801590271294117 -0.00476952875033021 -0.006270360667258501 
0.004625612869858742 0.01046635210514069 -0.01220498792827129 
0.008484473451972008 0.01596242003142834 -0.01027614437043667 
0.004706214182078838 0.009625249542295933 -0.001846552826464176 
0.005899105686694384 -0.008074400015175343 -0.01008852571249008 
0.002510335994884372 0.03111245669424534 0.000420288386521861 
-0.005960795562714338 0.0173913948237896 -0.003659399691969156 
-0.004245209973305464 0.02638684585690498 -0.009881464764475822 
0.005496054887771606 -0.006619000341743231 -0.007050000596791506 
-0.008347216993570328 0.005956073291599751 -0.008519605733454227 
-0.0041073402389884 0.02627301774919033 -0.003794013522565365 
-0.0009667698759585619 -0.009251280687749386 -0.01063490472733974 
-0.005825866479426622 0.02412642724812031 -0.00331458356231451 
-0.001692653866484761 0.01186915580183268 -0.01008201763033867 
-0.002540826564654708 0.0356169193983078 -0.009724512696266174 
0.00289430283010006 0.02663880959153175 -0.009705605916678905 
0.007553188130259514 -0.005200695246458054 -0.01137361768633127 
0.006974129937589169 0.01939288340508938 -0.006524611264467239 
0.008012796752154827 0.006072337739169598 -0.007901763543486595 
0.00971339363604784 0.01752694509923458 -0.007873887196183205 
0.004678293131291866 -0.001790908281691372 -0.01213543489575386 
-0.003160573076456785 -0.006616774015128613 -0.001438316889107227 
-0.002303552813827991 0.00254319584928453 -0.001675717881880701 
0.003102349117398262 -0.007988182827830315 -0.01061009429395199 
0.01030811388045549 0.007171280682086945 -0.004689282737672329 
0.00409884424880147 0.003773905802518129 -0.01252885535359383 
-0.008570735342800617 0.01177512481808662 -0.001940943649969995 
-0.006283335853368044 0.01444906555116177 -0.01000544521957636 
-0.002848193049430847 0.02355429157614708 -0.009774612262845039 
0.00768919475376606 0.02864026837050915 -0.01109838951379061 
0.008283444680273533 0.005418497137725353 -0.01124086417257786 
0.009235503152012825 0.02329451777040958 -0.003779336577281356 
0.005732471123337746 -0.007464324124157429 -0.01043597236275673 
-0.002874123631045222 0.0154974227771163 0.0007869773544371128 
-3.860361175611615e-05 0.02212298661470413 -0.009817621670663357 
-0.001585826161317527 0.006380870472639799 -0.01022552605718374 
0.004396230913698673 -0.008637400344014168 7.154179911594838e-05 
-0.003534105606377125 -0.005290117114782333 -0.01303789578378201 
-0.0002850526943802834 -0.003279082011431456 -0.008050000295042992 
0.0009625334059819579 0.02604955993592739 -0.009717113338410854 
0.007464208174496889 0.02652931399643421 -0.01137230359017849 
-0.001269574277102947 0.02945636212825775 0.0003322239790577441 
0.0081790741533041 -0.006834063678979874 -0.003178912913426757 
0.001808791304938495 -0.004168919753283262 -0.01050778105854988 
-0.005179851315915585 0.003667084500193596 -0.01028916519135237 
-6.485020276159048e-05 0.02628586627542973 -0.002291119191795588 
0.00792523380368948 0.001108448137529194 -0.00426449766382575 
-0.007572945207357407 0.00744978291913867 -0.011949572712183 
0.0002603094908408821 0.02944881469011307 0.0006414268864318728 
-0.001166729256510735 0.02801250852644444 -0.00966158788651228 
-0.001772437593899667 -0.009297175332903862 -0.01243563368916512 
-0.008581738919019699 -0.001806773594580591 -0.0001150019525084645 
-1.563427940709516e-05 0.003232263494282961 -0.007570210378617048 
0.008057644590735435 0.001007338752970099 -0.008080760017037392 
-0.003470764262601733 0.01501217484474182 -0.009996389038860798 
0.006310667842626572 -0.003662928938865662 -0.007050000131130219 
-0.0004960873047821224 -0.003830957692116499 -0.00494999997317791 
0.007268806919455528 -0.007695533335208893 -0.009943032637238503 
0.007394603453576565 0.02892224676907063 -0.0006778990500606596 
0.007650714367628098 0.01071688998490572 -0.001965019386261702 
0.003571353619918227 0.002030191943049431 -0.01034946739673615 
0.007642177864909172 0.0108268866315484 -0.002217468107119203 
0.001929507707245648 -0.001578183844685555 -0.008050000295042992 
0.007987386547029018 -0.004818589426577091 -0.007991069927811623 
-0.003239586716517806 -0.004456499591469765 -0.001494837692007422 
0.003415396437048912 0.02522235177457333 -0.002256366657093167 
0.004789471626281738 0.01056987233459949 -0.01012895070016384 
0.01038375217467546 0.006495969370007515 -0.006372757256031036 
0.005082207731902599 0.01347903721034527 -0.01005358342081308 
-0.008969048038125038 0.01304376590996981 -0.007764931302517653 
-0.006624438799917698 0.00831371545791626 -0.0101649472489953 
0.004756694659590721 -0.006364055909216404 -0.004306997638195753 
0.005747312679886818 -0.008132780902087688 -0.007703400682657957 
0.005095390602946281 0.00755546847358346 -0.01234711520373821 
0.0007044002995826304 0.03372804075479507 -0.01055918540805578 
0.004300413653254509 -0.007537465076893568 -0.008050000295042992 
0.002459011040627956 0.02918733097612858 -0.002361807506531477 
-0.005449093878269196 -0.005593388807028532 -0.001469634938985109 
0.002662384416908026 -0.00402377313002944 -0.01050570607185364 
0.006667028181254864 -0.006460131146013737 -0.007193156518042088 
-0.006104219704866409 0.006159108132123947 0.0006146359373815358 
0.002588109113276005 0.002468161517754197 -0.01033605914562941 
-0.002745755715295672 0.02430787310004234 -0.01215120032429695 
-0.007429468911141157 -0.003828615183010697 -0.01254741940647364 
-0.0002771355502773076 0.00497334823012352 -0.013092459179461 
-0.001452541910111904 -0.008341176435351372 -0.0129664558917284 
0.006406141445040703 0.02667773142457008 -0.007320353761315346 
0.001668299431912601 0.02071207575500011 -0.0130784809589386 
-0.007177875377237797 0.0146231222897768 -0.011021020822227 
0.006300527602434158 -0.0003874217509292066 -0.007050000131130219 
0.007464306894689798 0.01310635171830654 -0.006725236773490906 
0.005936060566455126 0.002451537875458598 0.0001093123573809862 
0.004702012985944748 0.01040720008313656 -0.01219042763113976 
-0.004369331989437342 -0.002068195026367903 -0.001559490105137229 
-0.0004675590607803315 0.0241999439895153 -0.009762533940374851 
0.007136418018490076 -0.001492112525738776 -0.001551413093693554 
0.00531731965020299 -0.002959005301818252 -8.966417226474732e-06 
0.006265884265303612 0.01017485000193119 -0.0002470888139214367 
-0.004955448675900698 0.03353637829422951 -0.002400000113993883 
-0.006141501478850842 -0.0004453398287296295 -0.01039460580796003 
0.003461602842435241 0.01371044851839542 -0.00195571081712842 
-0.003116033039987087 0.03526449576020241 -0.002400000113993883 
-0.0002094876836054027 0.03372535854578018 0.0002664213825482875 
0.003686871146783233 0.01117746997624636 -0.01238943263888359 
-0.001809410401619971 0.02486610226333141 -0.01258222013711929 
-0.0079659353941679 -0.00300372950732708 -0.01045774109661579 
-0.005760676227509975 0.004265267867594957 0.0006741550168953836 
0.007412654813379049 0.0312693789601326 -0.01108054909855127 
0.008696083910763264 0.01881267130374908 -0.002136984840035439 
0.000448003236670047 0.02799225226044655 0.000763306743465364 
0.005385026801377535 0.01705949194729328 0.0001145285277743824 
0.002920262049883604 0.02730845101177692 -0.002311826217919588 
0.004699084907770157 0.01596746407449245 -0.00201215548440814 
-0.004819512367248535 0.0307922326028347 -0.002400000113993883 
0.009539926424622536 0.02102688699960709 -0.004428985994309187 
0.004440863616764545 -0.001519213430583477 -0.008050000295042992 
-0.001801043516024947 0.03398692607879639 -0.002400000113993883 
-0.008364301174879074 0.005930622108280659 -0.01009926479309797 
0.009210758842527866 0.009159805253148079 -0.002237779553979635 
0.0100050363689661 0.01134654320776463 -0.003962385002523661 
-0.003871706314384937 0.032022625207901 -0.009863056242465973 
0.003150390461087227 0.007849250920116901 -0.001803306164219975 
0.004880150314420462 0.006934258155524731 -0.01022405456751585 
0.0005359047208912671 -0.005475087091326714 -0.007811171002686024 
0.001841404242441058 0.002622878877446055 -0.007023000158369541 
0.003417815314605832 0.007271790876984596 -0.01265808846801519 
0.004058977589011192 0.009986392222344875 0.0003197022306267172 
0.007127913180738688 0.00462105730548501 -0.01175801083445549 
-0.002663366962224245 0.007411234080791473 -0.01019646134227514 
-0.005929611623287201 -0.004571122117340565 -0.01287998631596565 
0.001979131251573563 0.02504166774451733 -0.002254531951621175 
-0.003320780117064714 0.002038831822574139 0.0009708368452265859 
0.007300902158021927 0.02591454610228539 -0.01152480952441692 
0.005706001073122025 0.01428606081753969 -0.01003376487642527 
-0.007740594446659088 0.01904714480042458 -0.005775678902864456 
-0.008952255360782146 0.01339044794440269 -0.005213265307247639 
-0.003478903556242585 0.01233665831387043 -0.01286677550524473 
0.005616204347461462 0.009512430988252163 -0.00184178096242249 
0.004785999190062284 1.654651714488864e-05 -0.008050000295042992 
0.001517013763077557 -0.00116387102752924 5.215405884939628e-11 
0.002199370181187987 -0.001151732169091702 -0.008050000295042992 
-0.006927826441824436 0.01049989834427834 -0.01010725926607847 
-0.004887682851403952 -0.007125785574316978 0.001002424978651106 
-0.0002857897488866001 0.02524027787148952 -0.01299989782273769 
0.009009586647152901 -0.0008725977968424559 -0.0104841710999608 
0.008609824813902378 -0.001783993095159531 -0.004884097259491682 
-0.002324671950191259 0.03026822954416275 -0.01099999994039536 
0.005795390345156193 -0.00348563794977963 -0.0001104433613363653 
0.007850687019526958 0.008151236921548843 -0.00741465762257576 
0.006157476454973221 -0.0003317789523862302 -0.01178580150008202 
0.002330942079424858 0.02256384119391441 -0.01312088035047054 
0.005376547574996948 0.01681216433644295 0.0001059738642652519 
0.002637446159496903 0.000502432812936604 -0.01252787932753563 
-0.0003456022823229432 0.005760618485510349 -0.01308412477374077 
-0.008070802316069603 0.01669591665267944 -0.003453780431300402 
0.01094631478190422 0.004718649666756392 -0.006705576553940773 
0.0003469554067123681 0.005113683175295591 -0.01306341774761677 
-0.0008789440616965294 0.03397413343191147 0.000153567802044563 
0.006198492832481861 0.01792202517390251 -0.01184378564357758 
-0.001927710836753249 -0.002753322245553136 -0.01301271375268698 
0.01009527407586575 0.01124421693384647 -0.004375986754894257 
0.008172456175088882 0.00402472261339426 -0.007967334240674973 
-0.004374435637146235 0.03500195220112801 -0.01012851670384407 
-0.001195435761474073 0.018874391913414 -0.009900117293000221 
0.006515618413686752 0.01824171841144562 -0.01171068660914898 
0.005931922234594822 0.002045605331659317 -0.01211481541395187 
0.001905590295791626 0.0154465464875102 -0.002004161477088928 
-0.003816393436864018 0.0256685484200716 -0.001300957053899765 
0.01099542714655399 -0.0006317915976978838 -0.004543036222457886 
0.007452108431607485 0.0198068767786026 -0.01112910732626915 
0.006129980087280273 0.01217909157276154 -0.0002144753525499254 
-0.0003666674019768834 0.002521233400329947 -0.008050000295042992 
0.002659769728779793 0.000440847739810124 -0.001610865816473961 
-0.005735600367188454 0.01841075532138348 -0.00665196031332016 
-0.006150112021714449 0.01884693279862404 -0.001215154770761728 
-0.002103155013173819 0.02425673045217991 0.0004960871883668005 
0.003412862308323383 -0.005283419042825699 -0.00783764012157917 
0.006285143084824085 0.02822915464639664 -0.005771566182374954 
0.008899030275642872 0.01938172802329063 -0.009497227147221565 
-0.007744953967630863 0.001768463640473783 -0.01033358834683895 
0.009027307853102684 -0.004472384229302406 -0.01044344436377287 
0.008347457274794579 -0.005883876234292984 -0.01061618514358997 
0.009950950741767883 0.008448006585240364 -0.003497787285596132 
0.002283401554450393 -0.008070416748523712 -0.01250745542347431 
-0.006424831692129374 0.002695310860872269 -0.01257867272943258 
0.002959378529340029 0.009469415992498398 -0.01272778771817684 
-0.007442782633006573 0.01024592015892267 -0.004781044088304043 
0.0004502700758166611 0.02607464976608753 -0.01305737532675266 
0.003316336078569293 -0.0068908566609025 -0.001418164931237698 
-0.0043123634532094 0.01656048744916916 0.0003660701040644199 
-0.00433620810508728 0.02522235922515392 -0.009512670338153839 
0.00876139011234045 0.03355902433395386 -0.006611296441406012 
-0.004652138333767653 0.02360985986888409 -0.005223897285759449 
0.001355393556877971 -0.007797345519065857 -0.001398554071784019 
-0.007043850608170033 -0.00638100178912282 -0.01164505071938038 
-0.005919117480516434 0.002202605828642845 0.0007276058313436806 
-0.005499814637005329 0.0183824710547924 -0.009904321283102036 
-0.003906370140612125 0.02677793800830841 -0.01032109744846821 
0.009277159348130226 0.02098856866359711 -0.008438954129815102 
0.007968172430992126 -0.001897537149488926 -0.00494999997317791 
0.007648159749805927 0.03371718153357506 -0.004234849009662867 
-0.007295646704733372 0.01095077116042376 -0.004797573201358318 
-8.397687633987516e-05 0.001483299653045833 -0.001228687935508788 
0.002237835666164756 0.02838885225355625 -0.01291146595031023 
0.002789962105453014 0.02506065368652344 -0.01305974088609219 
0.001594740082509816 0.02299656346440315 -0.00979809183627367 
-0.005016036797314882 0.004183589015156031 0.0008060275577008724 
-0.007227673660963774 -0.00308421952649951 -0.01046132482588291 
-0.004875737242400646 0.01189568638801575 0.0006356568192131817 
-0.004362507257610559 0.008428117260336876 -0.001833499292843044 
0.002482709009200335 -0.006591461133211851 -0.003949999809265137 
-0.006215114612132311 0.02323608845472336 -0.008463649079203606 
0.004359862301498652 0.03030707500874996 -0.002387227490544319 
-0.00637658778578043 0.01467907056212425 -0.01164221949875355 
-0.001231278758496046 -0.00483574066311121 0.0009900964796543121 
0.004646915942430496 -0.006395638920366764 -0.01212584692984819 
-0.004062048625200987 0.02236511185765266 -0.01160020940005779 
-0.003028895473107696 0.02843703329563141 -0.002353233052417636 
0.006354565732181072 0.001589224324561656 -0.0001169380775536411 
0.004312540870159864 -0.003821237245574594 -0.007050000596791506 
-0.009847674518823624 0.005186185706406832 -0.004269329831004143 
-0.003067828714847565 -0.0006622550426982343 -0.008050000295042992 
0.003071041777729988 -0.003845906583592296 -0.007050000596791506 
0.009286279790103436 0.02568537183105946 -0.005111966747790575 
-0.008315380662679672 0.006089561618864536 -0.004016428254544735 
0.00456183310598135 0.0004948090645484626 -0.00768689252436161 
0.001117248088121414 -0.000944589264690876 -0.006326093804091215 
0.008284906856715679 0.00762834120541811 -0.001224595587700605 
0.0002077631070278585 -0.004254664294421673 -0.00494999997317791 
-0.008940574713051319 0.01279276609420776 -0.003459784667938948 
0.004134003538638353 -0.006451316643506289 -0.00142796034924686 
-0.001955818850547075 -0.002442865399643779 -0.007050000131130219 
-0.005838746670633554 0.03121332637965679 -0.0007027182728052139 
0.006868217140436172 -0.004028239753097296 -0.008050000295042992 
-0.005860835313796997 0.02466422133147717 -0.005333678796887398 
0.003181506181135774 0.01786310225725174 -0.009935305453836918 
0.009218275547027588 0.007088960148394108 -0.002120974473655224 
-0.001240383018739522 0.02519519627094269 0.0007549958536401391 
-0.002240956062451005 0.01315377652645111 -0.001952622667886317 
0.0006013429374434054 0.001518466277047992 -0.001643133000470698 
-0.005436179228127003 0.003807085566222668 0.0007560634985566139 
0.00465757492929697 0.0001746999769238755 -0.007050000131130219 
-0.008976052515208721 0.01147333905100822 -0.002711246721446514 
0.001662123249843717 0.01527811214327812 -0.009999747388064861 
0.008769347332417965 -0.00604618526995182 -0.008794235996901989 
-0.003191275522112846 -0.008910284377634525 0.0003771059855353087 
0.005963921546936035 0.03234988823533058 -0.002942424966022372 
0.0001994039048440754 -0.005818885751068592 -0.001452511642128229 
0.005836731754243374 0.01230842247605324 -0.01188340969383717 
0.0003170290729030967 -0.00282950815744698 -0.003949999809265137 
0.00113094924017787 0.001691067474894226 -0.01238948293030262 
0.004068886861205101 0.03049847856163979 -0.009607191197574139 
-0.007796904537826777 0.008512409403920174 -0.005779224447906017 
0.004182994365692139 0.01650817133486271 0.0002663740015123039 
0.006529193371534348 0.02510097622871399 -0.003674134146422148 
0.009997094050049782 0.006447763182222843 -0.008593745529651642 
0.004346050787717104 -0.0002405717968940735 -0.007050000131130219 
0.003185543231666088 0.02445923537015915 -0.0130423866212368 
-0.007116771768778563 0.004468732047826052 -0.001735652214847505 
-0.002024346031248569 0.02110173925757408 0.0007055421592667699 
0.002308638067916036 0.01165474765002728 -0.01009564660489559 
0.002829689532518387 -0.005410098470747471 0.0004492101725190878 
0.003893832210451365 0.006208389066159725 -0.01024102699011564 
-0.005526199005544186 0.01047872565686703 -0.01011062599718571 
0.009308625012636185 0.01788546144962311 -0.008798705413937569 
0.006607549265027046 0.002114642411470413 -0.004868783056735992 
0.0003735300269909203 0.03408154100179672 -8.414452895522118e-05 
0.006087420042604208 0.02123364247381687 -0.0001611936022527516 
0.004785736091434956 -0.0009495840640738606 -0.007050000131130219 
0.003489712253212929 -0.005009246058762074 -0.004474867135286331 
0.002644635504111648 -0.007887763902544975 -0.007060409523546696 
0.008273372426629066 0.02531653828918934 -0.001963189104571939 
-0.003879252122715116 0.03319711610674858 -0.001000000163912773 
0.009241129271686077 0.003324653021991253 -0.01064664591103792 
-0.00521507766097784 0.01631310395896435 -0.002041078638285398 
0.006643374916166067 0.02363700792193413 -0.002340169623494148 
-0.006839923094958067 0.002400516299530864 -0.001681097783148289 
0.009654957801103592 0.007231887429952621 -0.009138034656643867 
0.007959374226629734 -0.004820584785193205 -0.01119054201990366 
0.006092337425798178 0.000337118050083518 -0.008050000295042992 
0.0001451699936296791 0.01147757843136787 0.0009588232496753335 
-0.003197704209014773 0.0001515816838946193 -0.007843263447284698 
-0.008573392406105995 0.0153467608615756 -0.006235213950276375 
0.009400350041687489 0.0242784284055233 -0.005671192891895771 
-0.007914867252111435 0.008851127699017525 -0.0004812718252651393 
0.003121720161288977 0.01673948206007481 -0.00996452197432518 
-0.003660308197140694 0.02624458260834217 -0.002297257771715522 
-0.004447110928595066 0.01156525779515505 0.0007655428489670157 
0.008086909539997578 -0.004308104049414396 -0.00805854145437479 
0.008717689663171768 -0.002538889180868864 -0.005591887980699539 
-0.001075924141332507 0.006272758357226849 0.001106097479350865 
0.002703813835978508 0.01310426089912653 0.0005279058823361993 
0.008069507777690887 0.01013683993369341 -0.001172267366200686 
0.008658005855977535 0.00200754264369607 -0.0009036059491336346 
-0.000222252361709252 0.03033096343278885 -0.009602950885891914 
-0.002608844079077244 0.03348773717880249 -0.01031092461198568 
0.007393964566290379 0.01400895603001118 -0.007933369837701321 
0.006259637419134378 0.0163815226405859 -0.01176662184298038 
-0.002082330174744129 0.01655141822993755 -0.01285445317625999 
0.007816224358975887 0.008593328297138214 -0.007707599550485611 
0.0005381687078624964 0.01097557414323092 -0.01294816844165325 
-0.003391420934349298 0.008385384455323219 -0.001830434310249984 
-0.0003987894160673022 0.03296848386526108 0.00028724514413625 
-0.004860587418079376 0.02708530053496361 -0.00720733217895031 
0.001431100419722497 -0.007970619015395641 -0.001393880927935243 
-0.0008336113533005118 0.01877456530928612 -0.01295232214033604 
0.007354029454290867 -0.007426700554788113 -0.00520364660769701 
-0.008369951508939266 0.005787845235317945 -0.00686199776828289 
-0.00529406825080514 -0.007845490239560604 0.0004665438027586788 
0.007231639232486486 0.02299300394952297 -0.000737943104468286 
-0.001404490205459297 -0.002262689638882875 -0.003949999809265137 
0.008354801684617996 0.003862780518829823 -0.0007783239707350731 
-0.004175810143351555 0.002346057444810867 -0.01292223855853081 
0.00705929659307003 0.01830173470079899 -0.003829514374956489 
0.001807364053092897 -0.001627804944291711 -0.00543137826025486 
-0.005857107229530811 0.009004801511764526 -0.01258119475096464 
2.681239857338369e-05 0.01470765192061663 -0.01001135911792517 
0.00972401537001133 0.01927898824214935 -0.005734852980822325 
0.006071120500564575 -0.003771768417209387 -0.0105059677734971 
0.0008412692113779485 0.001973991049453616 -0.01217001490294933 
0.005920549854636192 0.001036313711665571 -0.009521906264126301 
0.001482919207774103 0.00950787216424942 -0.01015004143118858 
-0.009586234577000141 0.009642191231250763 -0.007719048298895359 
-0.001626315759494901 -0.0001030111598083749 -0.008050000295042992 
-0.0008951446507126093 0.01673394441604614 -0.01293824799358845 
0.006277387961745262 0.0006597485626116395 -0.004714343696832657 
0.00397961912676692 -0.006361463107168674 -0.004583617672324181 
0.006462370976805687 0.02595672756433487 -0.007740069180727005 
0.003924303688108921 -0.0020857451017946 -0.00494999997317791 
-0.002358620520681143 0.004173730034381151 -0.01295154355466366 
0.003248292254284024 0.001063488656654954 -0.004168703220784664 
0.008809901773929596 0.02504935674369335 -0.008998158387839794 
-0.004488771315664053 0.005275745410472155 0.0008346252143383026 
-0.005414182785898447 -0.007869899272918701 -0.001373142935335636 
0.01104721985757351 0.001861124765127897 -0.00503173004835844 
-0.006878666579723358 0.01215057354420424 -0.001935738604515791 
-0.002002017572522163 0.02520747296512127 -0.009733147919178009 
0.005245121195912361 0.001569844782352448 2.836754720192403e-05 
-0.0009627177496440709 0.002399534452706575 -0.01294936612248421 
-0.009521467611193657 -0.0001892064756248146 -0.01087525114417076 
0.006143711507320404 0.0007787479553371668 -0.002019398147240281 
-0.00333598256111145 0.02186222746968269 -0.00218218844383955 
0.00571658369153738 0.00870988517999649 -6.273757026065141e-05 
-0.0009108685189858079 0.02832414582371712 -0.01250533852726221 
-0.008314687758684158 0.01635838858783245 -0.00741018820554018 
0.006651954725384712 0.01978721097111702 -0.01167232263833284 
0.009111811406910419 0.02066066302359104 -0.008844600059092045 
0.002384595340117812 0.03100672550499439 -0.002409459091722965 
-0.007545000873506069 0.006871521472930908 4.272311707609333e-05 
-0.006069605238735676 0.02420573495328426 -0.007994779385626316 
-0.006374719087034464 -0.001843650243245065 0.0007652310887351632 
-0.006003209855407476 0.02371268160641193 -0.003411723300814629 
0.007373200729489326 -0.003816865151748061 -0.008863865397870541 
-0.005374469794332981 0.0255567692220211 -0.007811969611793756 
0.007435385137796402 0.01347819343209267 -0.009129874408245087 
0.01044782344251871 -0.002300038002431393 -0.004049845039844513 
0.003212077543139458 -0.003680640598759055 -0.001502149854786694 
0.007284552324563265 -0.007162393536418676 -0.006902687251567841 
-0.0002996575785800815 0.01248803362250328 0.0009620364289730787 
0.002979998243972659 -0.006201078649610281 -0.007050000131130219 
0.00904494896531105 0.01197589375078678 -0.009823917411267757 
-0.005117313005030155 0.02148481458425522 -0.009721448644995689 
0.006990786176174879 0.02615306526422501 -0.0001964119728654623 
0.006026543211191893 0.03024580702185631 4.216930028633215e-05 
0.001886469777673483 0.02213305607438087 -0.009821223095059395 
-0.009287481196224689 -0.001189123373478651 -0.01040771137923002 
-0.005744649097323418 0.01095340587198734 -0.01246837433427572 
0.01034794840961695 0.007435172330588102 -0.005899129435420036 
0.005157689563930035 -0.004569764249026775 -0.01052496954798698 
-0.004281533882021904 -0.00285896472632885 -0.01046135649085045 
-0.004937813151627779 -0.007858516648411751 -0.01299985963851213 
-0.00262940232641995 0.0009121719049289823 -0.003949999809265137 
-0.009171463549137115 -0.002677187323570251 -0.01063642278313637 
0.007414086721837521 0.01375151984393597 -0.003379836678504944 
-0.001228143111802638 0.0140585545450449 -0.01293649151921272 
-0.001336842542514205 -0.007899913005530834 -0.001401392393745482 
0.00150025193579495 -0.009385993704199791 -0.01171903870999813 
0.005939699709415436 -0.00447517167776823 -0.00494999997317791 
-0.009451068937778473 0.005627186503261328 -0.009834244847297668 
0.006143603939563036 0.001107311574742198 -0.007596258539706469 
0.009088916704058647 0.02199104428291321 -0.008721147663891315 
0.001645742799155414 0.02943389117717743 0.0006536840228363872 
-0.006879106629639864 -0.006509160622954369 -0.01232521422207355 
-0.004743759986013174 0.001372101483866572 0.0008977436227723956 
0.007259757723659277 0.015731081366539 -0.003203763393685222 
0.003946362528949976 -0.004919403232634068 -0.01053166575729847 
-0.003758992534130812 0.02093049883842468 -0.01206218078732491 
0.01105227693915367 -0.0003962978080380708 -0.004508569836616516 
0.009378365240991116 -0.005328037310391665 -0.005755202379077673 
0.003648306708782911 0.02713022939860821 -0.00230571161955595 
0.009097551926970482 0.02800819836556911 -0.007500105537474155 
-0.0008817949565127492 -0.003732334123924375 -0.007487662602216005 
0.006727457977831364 -0.002345060463994741 -0.003949999809265137 
0.003701425157487392 0.0007278170669451356 -0.004684003069996834 
-0.003945852164179087 0.03252087160944939 -0.001000000163912773 
-0.004450607113540173 0.01225179526954889 -0.001933507970534265 
0.008689513429999352 0.0126235093921423 -0.01020220946520567 
0.004549145232886076 0.02708445116877556 -0.002302708569914103 
0.00843129213899374 0.01413422636687756 -0.001571462722495198 
0.0003145208465866745 0.01888862252235413 0.0009862855076789856 
0.007308567874133587 -0.004819950554519892 -0.007699684239923954 
0.001765819382853806 -0.007013705559074879 -0.004696037620306015 
0.008175427094101906 0.003987118136137724 -0.009301879443228245 
-0.002366208238527179 -0.0007758702849969268 -0.008050000295042992 
-0.002985900267958641 -3.998033935204148e-05 -0.01300363428890705 
-0.003221902064979076 0.00312662567012012 -0.001692793914116919 
0.006338180042803288 0.01352450903505087 -0.01170853246003389 
-8.664623601362109e-05 0.02682651020586491 -0.00230527832172811 
0.007529862225055695 0.007930414751172066 -0.01124298013746738 
-0.003701643319800496 -0.007395039778202772 -0.01058095134794712 
0.006746800150722265 0.009943688288331032 -0.001850771368481219 
-0.006872796453535557 -0.003561009420081973 -0.01269260793924332 
0.008809963241219521 -0.001947947894223034 -0.01066954247653484 
0.005342771299183369 0.004306131973862648 -0.01029360108077526 
0.002114824252203107 0.0001983601105166599 -0.01257439516484737 
-0.008708384819328785 0.01227721944451332 -0.009617045521736145 
-0.007179915439337492 0.01147957425564528 -0.006472713779658079 
-0.003056775778532028 0.007876241579651833 0.001054878463037312 
0.001819126075133681 0.00908240769058466 -0.001838174532167614 
0.003862147685140371 0.0007781886961311102 0.0003236216143704951 
0.004926260560750961 -0.002405481413006783 -0.01207894273102283 
-0.007696176413446665 0.0191754586994648 -0.00543849915266037 
0.008077008649706841 -0.002821793081238866 -0.007223681081086397 
-0.006685605272650719 0.0004903546068817377 -0.01036908477544785 
0.002190752886235714 -0.006204769480973482 0.0005419463268481195 
-0.004793031141161919 0.009136257693171501 -0.01014714781194925 
-0.004874773323535919 0.02709058299660683 -0.006034347228705883 
-0.008623559027910233 0.0150366323068738 -0.006818892899900675 
0.00934279803186655 0.02999426424503326 -0.007466836832463741 
-0.002918766112998128 -0.009007759392261505 -0.01200393028557301 
0.0002454013447277248 -0.007127739489078522 0.0007913284935057163 
-0.002128279767930508 -0.009264720603823662 -0.0004705173196271062 
0.00331469438970089 0.02220478281378746 -0.002177783288061619 
0.0004351848328951746 0.01885190419852734 0.0009851116919890046 
0.002759167924523354 0.018083855509758 0.0008598339045420289 
-0.00466154096648097 0.02362577617168427 -0.008469373919069767 
0.003431706922128797 0.01214466989040375 0.0004232976352795959 
0.0007748887874186039 0.02249768935143948 -0.002190528437495232 
0.006100207567214966 -0.006067953072488308 -0.001555721159093082 
-0.001464855158701539 0.006235598586499691 -0.001770438975654542 
-0.002786207478493452 -0.007787148933857679 -0.01059302687644958 
-0.005282855592668056 0.03406634926795959 -0.0009594173170626163 
0.002795944921672344 0.007034716662019491 0.0007549519650638103 
-0.007768515963107347 0.002334722317755222 -0.001681243651546538 
0.006874070037156343 0.03011721558868885 -0.0003973060811404139 
-0.005841818172484636 0.0007480907952412963 -0.01036404818296432 
-0.00655885087326169 0.003634445369243622 -0.01028724946081638 
9.347038576379418e-05 0.01620241068303585 0.0009253828902728856 
-0.006146134808659554 0.01656014658510685 -0.002054041251540184 
-0.001401650719344616 0.01709621958434582 -0.002053870819509029 
-0.006509910803288221 0.01469185389578342 -0.006471036467701197 
0.005074083805084229 -0.00736426655203104 -0.008050000295042992 
-0.005702565424144268 0.03323951736092567 -0.01149231009185314 
-0.0004711950023192912 0.006714492570608854 -0.01021905243396759 
-0.006898670457303524 0.01928361132740974 -0.009622235782444477 
-0.00540184834972024 -0.004300405271351337 -0.001503373961895704 
-0.007762551307678223 0.003755835816264153 -0.01028166431933641 
-0.008974784985184669 0.008595259860157967 -0.01042688172310591 
-0.006076579913496971 0.001528472639620304 -0.0016567975981161 
0.003438712330535054 -0.007342319004237652 -0.01059390604496002 
-0.004914229735732079 0.01913052424788475 -0.01171688083559275 
0.008595947176218033 0.03398901224136353 -0.007849930785596371 
0.0001675213861744851 0.02208148688077927 -0.009819118306040764 
0.008951082825660706 0.02600285038352013 -0.008481764234602451 
0.003066516947001219 -0.002178747905418277 -0.001541654695756733 
-0.00363756250590086 -0.007294022478163242 0.001036386121995747 
0.003550027264282107 0.0155967902392149 -0.01253705844283104 
-0.009239340201020241 0.01158763933926821 -0.007664029486477375 
-0.005072068888694048 -0.0008233661064878106 -0.0129186250269413 
0.006258120760321617 -0.003691597608849406 -0.01176190003752708 
-0.007617524825036526 -0.003551185596734285 -0.01047273352742195 
0.00604672497138381 0.01886196434497833 -0.002085022861137986 
-0.0003192771109752357 0.01008105836808681 -0.001868540188297629 
0.005657928995788097 8.189459913410246e-05 -0.007050000131130219 
-0.0002824962139129639 0.01620822213590145 0.0009277855861000717 
-0.004539928399026394 0.01763791032135487 -0.002074312651529908 
0.009759632870554924 0.01055632717907429 -0.003329100785776973 
0.008680080063641071 0.02242085710167885 -0.009601304307579994 
0.005128647666424513 -0.009238684549927711 -0.01122049055993557 
-0.006213800050318241 0.0209480207413435 -0.009882105514407158 
0.00594633910804987 -0.007989678531885147 -0.007834467105567455 
-0.003507443470880389 0.008686121553182602 -0.01016148086637259 
0.00389371020719409 -0.002798404078930616 -0.001523816026747227 
-0.008148766122758389 0.0068807452917099 -0.007769403047859669 
0.004259157925844193 -0.007916375994682312 -0.003949999809265137 
0.009301436133682728 0.00590832531452179 -0.01009860262274742 
-0.0001046078832587227 0.02188791893422604 0.001063607516698539 
0.003750789677724242 0.02583987638354301 -0.002271816367283463 
0.008661294355988503 0.02132784202694893 -0.009741108864545822 
0.006715337280184031 0.033063855022192 -0.009454455226659775 
-0.008003809489309788 0.005332573316991329 -0.0003903255856130272 
0.002330816583707929 0.01976648345589638 0.0009830137714743614 
-0.0007531370501965284 -0.009016041643917561 -0.001371105783618987 
-0.003556976560503244 0.01890870183706284 -0.0123832281678915 
-0.004471259657293558 0.01939206197857857 -0.0021199737675488 
0.007202963344752789 -0.004692233633249998 -0.008357621729373932 
0.008327788673341274 0.02052783221006393 -0.001742367981933057 
-0.001219826750457287 0.03379790484905243 -0.0008669489761814475 
0.004928247537463903 0.00851159356534481 -0.01018296927213669 
0.006103968247771263 0.0009544517379254103 -0.005946886260062456 
-0.008488889783620834 0.002777777146548033 -0.01030574273318052 
-0.005731957033276558 0.01852678507566452 -0.002589708426967263 
-0.003745149821043015 0.004327427595853806 -0.01291403267532587 
0.01005785539746284 -0.003524360479786992 -0.0085877301171422 
0.008858902379870415 0.02726793847978115 -0.003489764640107751 
0.00490900594741106 0.01700703613460064 0.0002444539277348667 
-0.005309220869094133 0.0004110813024453819 -0.001626083627343178 
-0.006334000267088413 0.01565149985253811 -0.009724310599267483 
-0.00311517296358943 -0.001779533224180341 -0.001564500969834626 
-0.001635557855479419 -0.002484901575371623 0.001001122989691794 
-0.008392535150051117 0.005680576432496309 -0.005109759513288736 
0.003086892887949944 0.02971403300762177 0.00050989945884794 
0.008227434940636158 0.01789435930550098 -0.01047615893185139 
-0.001293071778491139 0.002939325291663408 -0.005448480602353811 
0.004560402594506741 0.02797731012105942 -0.009674003347754478 
-0.00363331357948482 0.01860366389155388 -0.0123863099142909 
0.009123354218900204 0.0292232520878315 -0.003371561877429485 
0.002312961500138044 0.01159572042524815 0.0007588687003590167 
0.008474588394165039 0.01758982613682747 -0.01021880656480789 
0.002301916014403105 -0.007770555093884468 -0.001397310057654977 
0.0009250930743291974 0.0233863852918148 -0.009786569513380527 
0.003011897439137101 -0.004879326559603214 -0.00494999997317791 
0.0103671308606863 -0.002816711086779833 -0.007123604416847229 
0.009095611982047558 0.02808589488267899 -0.007442235480993986 
-0.00736979441717267 0.01666696928441525 -0.001904279692098498 
-0.001552271307446063 0.001641640206798911 -0.01298315171152353 
-0.002269905060529709 0.02993766777217388 -0.0004144570557400584 
-0.006388612557202578 0.01347306184470654 -0.001969283679500222 
0.006108968053013086 -0.003464760258793831 -0.001501971739344299 
-0.003513633739203215 -0.00733649730682373 -0.0130393086001277 
0.003589527681469917 0.02018246799707413 -0.01291937753558159 
-0.006212072912603617 0.01611777022480965 -0.006413102149963379 
0.002713421825319529 -0.005378956440836191 -0.003949999809265137 
-0.001259594922885299 0.007575036492198706 -0.01308569684624672 
0.004430321976542473 0.03174736723303795 -0.01034226734191179 
0.004012630321085453 0.02731422521173954 -0.002309784526005387 
0.001277054776437581 -0.004599171224981546 -0.00494999997317791 
-0.00121370330452919 -0.004253509920090437 0.0009885719045996666 
0.003772559110075235 0.02644688077270985 -0.002287620911374688 
0.009551195427775383 0.02155212126672268 -0.005091443657875061 
-0.007738236337900162 -0.001689144992269576 -0.0123303160071373 
0.00808692816644907 0.0009849773487076163 -0.003977249842137098 
-0.001036839792504907 -0.0010794079862535 -0.01161958090960979 
-0.004342746920883656 0.02626502886414528 -0.002258548513054848 
-0.004084093496203423 0.006411962676793337 -0.0130301471799612 
0.007255229167640209 -0.002467242302373052 -0.00494999997317791 
-0.002086556749418378 0.02556637302041054 0.0003939487505704165 
0.008122067898511887 0.004671288188546896 -0.003142853733152151 
0.007866121828556061 -0.00737964641302824 -0.005592549219727516 
-0.0001821095356717706 0.01901642233133316 -0.002101557329297066 
0.009867558255791664 0.01202471368014812 -0.008308138698339462 
-0.006902217399328947 0.01171790435910225 -0.01180842518806458 
0.004146317951381207 -0.003211952745914459 -0.007050000131130219 
-0.002364957705140114 0.02392790280282497 -0.009765828028321266 
-0.004728181287646294 0.02331696450710297 -0.008784113451838493 
-0.001372254686430097 0.01548506505787373 0.0009188477415591478 
0.0009738612570799887 -0.001523100305348635 -0.001562973251566291 
0.007962450385093689 0.006718606688082218 -0.00939418189227581 
0.003118566703051329 0.00383868208155036 -0.01269832998514175 
0.01019787322729826 0.008557742461562157 -0.007774018682539463 
0.01053152978420258 0.002611700911074877 -0.008800310082733631 
0.0006003319285809994 -0.004722586832940578 -0.00494999997317791 
0.002982337027788162 -0.0001513357856310904 -0.001594757311977446 
0.007519659586250782 0.0123968655243516 -0.004234522581100464 
0.007695607375353575 0.01014010328799486 -0.007286172360181808 
-0.003739357693120837 -0.008358251303434372 -0.01060602441430092 
-0.001524371793493629 -0.003192295553162694 -0.01299828290939331 
-0.00808353628963232 0.007236853241920471 -0.003017029725015163 
-0.009131127968430519 -0.0009983752388507128 -0.01040304452180862 
0.002981641795486212 -0.008872665464878082 -0.01063294522464275 
-0.005309466738253832 -0.000804196810349822 -0.001594405621290207 
0.002000602893531322 0.02399305813014507 -0.009772889316082001 
0.001139988657087088 0.01946080103516579 -0.01300860848277807 
0.001167493406683207 0.03057526797056198 -0.01255242805927992 
0.01027609966695309 0.00864890031516552 -0.005558713804930449 
0.007615527603775263 0.001793513773009181 -0.01036376506090164 
-0.003904461860656738 0.02878718823194504 -0.01156708784401417 
0.004048705101013184 -0.008876345120370388 -0.01063518319278955 
0.0003773453936446458 -0.001416433718986809 -0.004266704432666302 
-0.001443963730707765 0.02458258345723152 -0.01271533034741879 
0.008987247012555599 0.01772380992770195 -0.002519437810406089 
0.002539305947721004 0.02119490318000317 -0.009847027249634266 
0.0007897745235823095 -0.001796768978238106 -0.001556197530589998 
-0.005286560859531164 0.002606735797598958 0.0008142295409925282 
0.008741349913179874 0.02000981196761131 -0.002287048846483231 
-0.00116498046554625 0.02035322599112988 -0.002138432580977678 
-0.0002280355256516486 0.02236372418701649 -0.01306311227381229 
0.007528801448643208 0.02010703831911087 -0.01106778346002102 
-0.005727165844291449 0.02412883564829826 -0.008903026580810547 
0.007821838371455669 0.0007595178321935236 -0.0007864118670113385 
0.000398940232116729 0.003376164473593235 0.0008659850573167205 
0.001484809326939285 -0.006662162952125072 -0.004915247671306133 
0.0006644047098234296 0.02777769416570663 -0.01280622649937868 
-6.333610508590937e-05 0.02494685351848602 -0.002256155712530017 
-0.000292873359285295 0.006048038601875305 -0.01023681089282036 
-0.002895878627896309 0.00565656553953886 0.001117716776207089 
0.00355641171336174 0.001364719239063561 0.0003815115196630359 
0.007604885846376419 0.00135306897573173 -0.003550443798303604 
-0.004577630665153265 0.001318042632192373 -0.001648294972255826 
0.0003261840611230582 0.03429738432168961 -0.0103380773216486 
-0.002027905778959394 -0.002517530461773276 -0.01301605347543955 
0.003092387225478888 0.01619800366461277 -0.01273464784026146 
0.007651216816157103 0.005738604348152876 -0.000448420352768153 
0.003686096519231796 0.00473327049985528 -0.01260678935796022 
-0.005111569538712502 0.00562212010845542 -0.01023825909942389 
0.004101606551557779 -0.001160147483460605 -0.001566171646118164 
-0.007879555225372314 0.003267966210842133 -0.01190720591694117 
0.003438800340518355 0.02861757948994637 -0.01283656340092421 
-0.001037334324792027 0.01971921138465405 -0.0021216229069978 
0.002857868559658527 0.003597446950152516 0.0007405243231914937 
-0.006855912506580353 0.01305534504354 -0.004902047105133533 
-0.001626710989512503 -0.007257939781993628 0.0009893891401588917 
-0.006375906523317099 0.02384207025170326 -0.00489803496748209 
-0.0077294553630054 0.008973410353064537 -0.001924376701936126 
0.003171899355947971 0.00674643088132143 -0.01269600261002779 
0.008546404540538788 0.02330874279141426 -0.002239009831100702 
0.004526619333773851 0.02865836769342422 0.0006509476806968451 
-0.005369314923882484 0.001552539994008839 -0.001656006323173642 
0.00763830216601491 -0.002477280795574188 -0.002025611232966185 
-0.002794854110106826 0.005574778653681278 0.001120073487982154 
-0.005902846343815327 -0.007442707195878029 -0.0117496969178319 
0.004932990297675133 -0.006438758689910173 -0.001426684437319636 
0.01002457737922668 0.01391018647700548 -0.00626494362950325 
0.002190318424254656 0.02025318890810013 -0.002129086060449481 
-0.006553464569151402 0.0007843207567930222 -0.01036167424172163 
-0.002199573908001184 0.01656711474061012 -0.002041657920926809 
0.0090330820530653 0.03109832294285297 -0.008487798273563385 
-0.004818486981093884 -0.003775878576561809 -0.001515885349363089 
0.00222804443910718 -0.002198679838329554 0.000573887606151402 
0.007045073434710503 0.01543841511011124 -0.001993633806705475 
0.008012880571186543 0.006070857867598534 -0.006835794541984797 
0.0007180564571171999 0.001322660245932639 -0.0120000010356307 
0.0005053159547969699 -0.006678617559373379 0.0007654468645341694 
0.0001261918805539608 -0.002131860470399261 -0.001548795029520988 
-0.003968908451497555 -0.00868560653179884 -0.01086959056556225 
0.008076011203229427 0.02300305478274822 -0.01044599711894989 
0.01025164779275656 0.008430785499513149 -0.004671386443078518 
-0.009591424837708473 0.009821341373026371 -0.006641535554081202 
0.01073302794247866 0.003057876136153936 -0.008170625194907188 
-0.004028275143355131 0.02887689135968685 -0.01155539788305759 
0.00367063470184803 0.02834787219762802 0.0008255988359451294 
0.001524447579868138 -0.003050483297556639 -0.008050000295042992 
0.004541448783129454 0.03175027668476105 -0.01080415956676006 
0.007539570331573486 0.006315933540463448 -0.001754463533870876 
-0.007546813227236271 0.01985634304583073 -0.00615809578448534 
-0.003812936134636402 0.01565566286444664 -0.00202109944075346 
0.004249974153935909 0.01701271906495094 -0.00995965301990509 
0.008069822564721107 -0.001864872756414115 -0.003755813697353005 
-0.005101139191538095 0.008765783160924911 -0.01280327700078487 
0.007514514494687319 -0.004083240870386362 -0.008203618228435516 
0.001536323572508991 0.02176555991172791 -0.009830115363001823 
-0.00165404099971056 0.03035751730203629 -0.001000000163912773 
0.002069632057100534 -0.002661085221916437 -0.003949999809265137 
0.004710001870989799 -0.002329855225980282 -0.001534410752356052 
-0.004544747062027454 -0.002954795490950346 -0.01298893056809902 
0.0079010846093297 0.003754931036382914 -0.001686873030848801 
0.01004191488027573 0.004036981612443924 -0.002356306649744511 
0.006722350604832172 -0.006010005250573158 -0.003451070282608271 
6.57315831631422e-06 0.02027870342135429 -0.002134135458618402 
-0.00175134651362896 0.01815754175186157 -0.0128576597198844 
-0.0006045436020940542 0.02047863230109215 -0.00985941756516695 
-0.009727799333631992 0.006383012980222702 -0.003306419122964144 
0.003343186806887388 0.01490918826311827 2.278975443914533e-07 
-0.008569365367293358 -0.004229376092553139 -0.01055126078426838 
-0.006334526464343071 0.01762665435671806 -0.01097994390875101 
-0.004250065889209509 -0.007734445389360189 0.001030133105814457 
0.007403275929391384 0.01388955861330032 -0.007988550700247288 
-0.007087621372193098 0.01384661067277193 -0.0006697054486721754 
0.003947286866605282 0.001643321244046092 -0.0123137766495347 
-0.007748967036604881 -0.0004240740090608597 0.0002564082387834787 
0.006703910417854786 0.01615511253476143 -0.009986968711018562 
0.006205590441823006 0.0007373925764113665 -0.008528232574462891 
0.0005712100537493825 0.008558151312172413 -0.0101730078458786 
-0.00507684238255024 0.001948691671714187 -0.01033423747867346 
0.005576265044510365 -0.004866394679993391 -0.008050000295042992 
-0.00510687381029129 0.002491308143362403 -0.01284276135265827 
0.00658193975687027 0.03277519717812538 -0.01087809819728136 
0.003139871172606945 0.00878314021974802 -0.01270207762718201 
0.006587374955415726 0.03260814025998116 -0.0009822084102779627 
-0.006713202223181725 0.01380232907831669 -0.008854397572577 
7.772599929012358e-06 0.0244577806442976 0.001067785546183586 
-0.0004557954962365329 0.001425788039341569 -0.01131780724972486 
0.002084137406200171 0.01568901538848877 -0.01281754858791828 
-0.002911192830651999 0.0005430726450867951 -0.01037528365850449 
-0.006461725104600191 0.01503551192581654 -0.002377038355916739 
0.007925285026431084 0.002928427886217833 -0.0005464978166855872 
0.001764455810189247 0.009140352718532085 0.0008837520144879818 
-0.007530936971306801 0.01932545751333237 -0.007867926731705666 
0.001366339041851461 0.03274457156658173 -3.184320303262211e-05 
0.00629486795514822 0.02810519933700562 -0.008345337584614754 
0.003007144667208195 -0.007841141894459724 -0.00494999997317791 
0.003721633926033974 0.01352803967893124 0.0003741047985386103 
0.001788528054021299 0.03175364434719086 0.0004248572513461113 
-0.004968806635588408 0.0318678580224514 5.215406231884323e-11 
0.004571938421577215 0.00582139752805233 -0.00174750795122236 
0.009756790474057198 0.01888104528188705 -0.005907890386879444 
-0.007007563952356577 0.02053807862102985 -0.008584887720644474 
0.003179994877427816 -0.007268501445651054 0.0003772819763980806 
-0.001704059424810112 0.03053055517375469 -0.001000000163912773 
-0.002163707511499524 0.03463953733444214 -0.009599999524652958 
0.002716590650379658 0.01112677343189716 -0.001889749197289348 
-0.001015726593323052 0.02016328647732735 -0.009866826236248016 
0.007208427879959345 0.02531475760042667 -0.01152766682207584 
-0.001455488498322666 0.0003179935447406024 -0.001613873289898038 
-0.006762894801795483 -0.006673638708889484 -0.01172375679016113 
0.001921254908666015 0.01673602499067783 0.0008573815575800836 
-0.0004331281816121191 0.02348235435783863 -0.009781338274478912 
0.00306172645650804 0.001615644316188991 -0.0103592686355114 
-0.00267103617079556 0.02927392162382603 -0.002374364994466305 
-0.006575889885425568 -0.006830387748777866 -0.0121007077395916 
-0.001023823278956115 0.02502363733947277 0.0008343601948581636 
0.002706914208829403 0.01896454580128193 0.0009073278633877635 
0.003784992732107639 0.02334495633840561 -0.01300719752907753 
0.007312390021979809 0.00157641782425344 -0.002310990355908871 
0.00680451188236475 -0.005872466135770082 -0.003949999809265137 
0.001693767262622714 0.02602921053767204 -0.002280888380482793 
0.008027843199670315 -0.004731574561446905 -0.00755991879850626 
-0.006919098552316427 0.01320779509842396 -0.01155163813382387 
-0.002293313387781382 0.02440093830227852 -0.009753620252013206 
0.002930780872702599 0.02113037370145321 -0.009849497117102146 
-0.0007834841962903738 0.001286428887397051 -0.003949999809265137 
0.007163442205637693 0.01696515455842018 -0.007187825627624989 
0.004959806334227324 0.02225876040756702 -0.009824109263718128 
-0.008272374048829079 0.01148615963757038 -0.01064698584377766 
0.0006279459339566529 0.003538130316883326 0.0008373712189495564 
0.009280857630074024 0.009469220414757729 -0.009612038731575012 
-0.0003206816618330777 -0.001454316196031868 -0.0001300625590374693 
0.008210873231291771 0.03350011259317398 -0.00286917039193213 
0.007921045646071434 0.001111647463403642 -0.008578894659876823 
-0.005315888673067093 0.0190722793340683 -0.01145091559737921 
0.002580003347247839 -0.003218711353838444 -0.00494999997317791 
-0.001453421078622341 -0.0002928343019448221 -0.005031811073422432 
0.004700308199971914 -0.007238483056426048 0.0001146986905951053 
0.006887733936309814 -0.005895867478102446 -0.007678528316318989 
0.004634829238057137 0.02617155946791172 -0.01279673166573048 
0.01028781943023205 0.008005855605006218 -0.005055006593465805 
-0.004479307681322098 0.02350002713501453 -0.002227244433015585 
0.002984585473313928 0.01927460916340351 -0.0129113495349884 
-0.003533970797434449 0.02733559533953667 -0.01079517044126987 
0.009444409981369972 0.01811807043850422 -0.008473028428852558 
-0.003642410738393664 0.01706346683204174 0.0005243908381089568 
-0.003180174622684717 0.02188568376004696 -0.01221381407231092 
0.007971243932843208 -0.00126838602591306 -0.009655633009970188 
-0.007969101890921593 0.007826555520296097 -0.001868152758106589 
0.00898946076631546 0.01968327909708023 -0.009252389892935753 
0.002009351970627904 0.001282881246879697 -0.001634155749343336 
-0.003656609682366252 0.01764530315995216 -0.009927267208695412 
-0.00523123424500227 0.02091949805617332 -0.002813783939927816 
0.008560390211641788 -0.006067967507988214 -0.001945662894286215 
-0.001482351450249553 0.01674909517168999 -0.01290444750338793 
-0.003829602152109146 0.0315723605453968 -0.001598583883605897 
0.005220125429332256 0.01094030775129795 -0.001879856223240495 
-0.0006966177606955171 -0.001625475822947919 -0.01043634675443172 
0.006053057499229908 0.006179471965879202 9.887664054986089e-05 
-0.009124575182795525 0.01235560514032841 -0.007346462458372116 
-0.005436428356915712 0.001256914576515555 -0.01283144019544125 
0.0021285698749125 -0.003637024667114019 -0.01257898565381765 
-0.008535103872418404 0.01501667685806751 -0.003779970109462738 
0.004156431648880243 -0.007703395094722509 -0.01220452971756458 
0.006924734450876713 0.001872437307611108 -0.004507624544203281 
0.004409440327435732 0.0264660008251667 -0.009713158011436462 
0.00885394960641861 0.02839146926999092 -0.008804294280707836 
-0.00988361518830061 0.008088028058409691 -0.007492707576602697 
0.003726237919181585 -0.00347648118622601 -0.007050000131130219 
0.002581314649432898 0.02843508496880531 0.0009137428714893758 
0.006854753475636244 -0.002595397178083658 -0.003949999809265137 
-0.003076938213780522 -0.007890551351010799 0.001035507884807885 
-0.007516867481172085 0.01123445853590965 -0.01146032847464085 
-0.005348476115614176 0.01100178528577089 -0.01258106995373964 
0.008186201564967632 0.01834281533956528 -0.00149801280349493 
0.006813527550548315 -0.002369613386690617 -0.001537821372039616 
-0.003124035894870758 0.03054913319647312 -0.009599999524652958 
0.002663496183231473 0.006922655738890171 0.0007757896673865616 
0.002481435425579548 -0.007035057991743088 -0.01058396324515343 
-0.00131718348711729 0.02254229225218296 -0.009804107248783112 
-0.009469686076045036 0.01054714620113373 -0.00572910625487566 
0.00146249053068459 -0.0001430421252734959 -0.001283108606003225 
0.01035661250352859 0.007238348014652729 -0.006128005683422089 
0.006966688670217991 0.03028306737542152 -0.01153253111988306 
0.002251987112686038 -0.002687203232198954 -0.01046998519450426 
-0.009740211069583893 0.005169445648789406 -0.00481742387637496 
0.0008126675384119153 0.01541697513312101 -0.01289669703692198 
0.01046649739146233 -0.002435797126963735 -0.004896106664091349 
-0.00075391965219751 -0.009505148977041245 -0.01108508091419935 
0.008462842553853989 -0.001650834339670837 -0.00803445465862751 
0.003223405918106437 0.001543203601613641 0.0004385882639326155 
0.00844759214669466 0.02972879819571972 -0.001942201750352979 
0.004672825336456299 0.008748144842684269 -0.01208700705319643 
-0.003042502794414759 -0.00322661641985178 -0.001526570413261652 
0.002116394229233265 -0.007155933417379856 -0.008050001226365566 
-0.001594137051142752 0.02542667090892792 -0.002271756064146757 
-0.005547237582504749 0.006739518139511347 -0.01281933579593897 
-0.002769794780761003 0.02977228164672852 7.016973540885374e-06 
0.001677771331742406 0.01585060730576515 -0.01284816395491362 
0.006665715016424656 0.02676742151379585 -2.535707608330995e-05 
-0.001724349102005363 0.00262384582310915 -0.001676661078818142 
-0.005874085240066051 0.01781990379095078 -0.003302214667201042 
-0.001986359478905797 0.01444841362535954 -0.01289354357868433 
0.003451145021244884 0.01492700260132551 -0.01001250557601452 
-0.007558226585388184 -0.002215449931100011 -0.01242628507316113 
-0.000495796266477555 -0.003754751058295369 -0.007050000131130219 
-0.007511352188885212 0.01810405403375626 -0.002921483712270856 
-0.005557346157729626 0.02319770306348801 -0.009743676520884037 
0.007106058299541473 0.01770216971635818 -0.009810277260839939 
0.007478164508938789 0.0102758351713419 -0.001857975497841835 
0.007478940300643444 -0.001778409350663424 -0.0006364997243508697 
0.006821689195930958 0.01478096190840006 -0.001976917032152414 
0.008846702054142952 0.006525744684040546 -0.001668651471845806 
0.005918007809668779 0.02488337084650993 -0.01240444369614124 
0.005117296241223812 0.02344827726483345 -0.002206631703302264 
-0.00686633912846446 0.01238929480314255 -0.0117220263928175 
-0.007418273948132992 0.01036368124186993 -0.007226200774312019 
-0.007422767579555511 0.01352177374064922 -0.01107051409780979 
-0.001246233587153256 0.03422687202692032 -0.002400000113993883 
0.007051494903862476 0.01415588520467281 -0.0006291293539106846 
0.006864499300718307 0.02079895883798599 -0.006642659194767475 
0.00796852819621563 0.002286455128341913 -0.0005609229556284845 
0.007348439656198025 0.01459353510290384 -0.00981193408370018 
-0.002020757645368576 0.02580783516168594 -0.00228256406262517 
0.007342112250626087 0.01467332802712917 -0.005818342790007591 
0.002204475924372673 0.0139220766723156 0.0007914835587143898 
0.01000936515629292 0.01368738804012537 -0.005014663562178612 
-0.003267918713390827 0.02716659195721149 -0.01113193389028311 
-0.00551117118448019 0.02516898512840271 -0.004237788263708353 
0.005086945835500956 0.01877911947667599 0.000360916368663311 
-0.007931896485388279 -0.001096670283004642 -0.01040801778435707 
-0.001264657243154943 0.01053446345031261 -0.01301474310457706 
0.005043357145041227 -0.002192880492657423 -0.001537317875772715 
0.005423769820481539 -0.003638794412836432 -0.007050000131130219 
0.005060069262981415 0.002290331525728106 -0.01006019301712513 
-0.00313265179283917 -0.002182625699788332 0.001024786150082946 
0.008117150515317917 0.004734823480248451 -0.01006828341633081 
0.006299643311649561 0.02804390899837017 -0.008229802362620831 
0.003330101724714041 0.01490012183785439 0.0002541570283938199 
0.006673042196780443 0.02325521036982536 -0.008777832612395287 
7.240762352012098e-05 0.003662331495434046 -0.01289776712656021 
0.009915018454194069 0.01092844549566507 -0.003676921129226685 
0.002179750008508563 0.0006579242763109505 5.215405884939628e-11 
0.009829346090555191 0.01664510741829872 -0.00470422487705946 
-0.003865087870508432 0.03524962812662125 -0.0006352817872539163 
-0.001661815331317484 -0.002795264357700944 -0.008050000295042992 
0.003404200542718172 -0.004027287010103464 -0.00494999997317791 
0.004810093436390162 -0.009183553978800774 -0.001355445943772793 
0.005947614554315805 -0.006988765206187963 -0.003949999809265137 
0.008999612182378769 0.03034654818475246 -0.008780807256698608 
-0.006231389939785004 0.01601232774555683 -0.005945941898971796 
0.0008859082590788603 0.004564107861369848 0.001016269787214696 
-0.008944270201027393 0.01340198516845703 -0.004933548625558615 
0.009165864437818527 0.005995379760861397 -0.01015002653002739 
-0.003707516007125378 0.003101498121395707 -0.01294270623475313 
0.004782167728990316 -0.004350646398961544 -0.01051849406212568 
0.006612114608287811 0.02007375098764896 -0.01169653050601482 
0.002770960098132491 -0.002632445655763149 -0.00494999997317791 
0.005874808877706528 -0.005446328315883875 -0.01185434497892857 
-0.003877225797623396 0.01993023417890072 -0.009867167100310326 
0.004530548583716154 -0.0018361791735515 -0.01045233942568302 
0.00111371639650315 0.001995454775169492 -0.008050000295042992 
0.004147688392549753 -0.002630018396303058 0.0002384614781476557 
0.001855128444731236 0.01452732086181641 -0.01281142234802246 
-0.002213244326412678 0.02263377979397774 -0.009799920953810215 
0.005708684213459492 0.01524625718593597 -0.001991298981010914 
-0.0004844840441364795 0.007815438322722912 -0.01305707357823849 
-0.001517366385087371 0.00521949352696538 -0.01313287578523159 
0.00523702334612608 0.01503517478704453 -0.0100132655352354 
-0.003449538489803672 0.01178445853292942 0.0008944683941081166 
0.006413891445845366 0.02657800912857056 -0.005594442132860422 
-0.003141896799206734 0.0007433978607878089 -0.005854267627000809 
0.002636650344356894 0.03196044266223907 -0.000535732542630285 
0.005296265240758657 -0.0009343716083094478 -0.007050000131130219 
-0.005104321520775557 0.01152753457427025 0.0006027156487107277 
0.006021571345627308 0.03160972893238068 -0.00686077494174242 
0.006337632890790701 0.004930450581014156 -0.001720702392049134 
0.0008005787385627627 0.008499796502292156 -0.01298665627837181 
-0.0007976633496582508 -0.008079530671238899 -0.01060465257614851 
0.009037597104907036 0.008025404065847397 -0.001953952480107546 
-0.0006089740199968219 0.01585013419389725 -0.002019745763391256 
-0.0002378123463131487 0.007498361170291901 -0.01305095851421356 
-0.001451675081625581 -0.005217966623604298 0.0009993863059207797 
0.003633685410022736 -0.0001679097040323541 -0.006291224621236324 
-0.005243796389549971 0.01086677052080631 -0.001898938557133079 
0.008736060000956059 0.029953857883811 -0.009516940452158451 
0.00757760601118207 0.01165320351719856 -0.005467710550874472 
0.0003718496300280094 0.01973712630569935 -0.002119262237101793 
-0.003489905036985874 0.02624409273266792 -0.009703096933662891 
-0.006252482533454895 0.02197435311973095 -0.002765507204458117 
0.005615654401481152 -0.006387536879628897 -0.008050000295042992 
-0.00595698831602931 0.03257952257990837 -0.009668129496276379 
0.005655835382640362 0.0316334031522274 -0.009580744430422783 
-0.003356671892106533 0.03546580672264099 -0.002017463091760874 
-0.006473826244473457 0.01498621143400669 -0.00213156919926405 
0.002548619173467159 -0.003144729183986783 -0.001517473603598773 
0.01102880388498306 0.001449607079848647 -0.007190277334302664 
-0.004410764202475548 0.01677876338362694 -0.01231352332979441 
-0.0003807400062214583 0.001440141117200255 -0.006556561682373285 
-0.001028056838549674 0.00261358916759491 -0.008050000295042992 
-0.005065779201686382 0.01488914433866739 -0.002003601053729653 
-0.003922096453607082 0.02720284275710583 -0.009374781511723995 
0.007307898253202438 0.01511270739138126 -0.007754906080663204 
0.001066948054358363 0.03244862332940102 -0.009599999524652958 
0.007892116904258728 0.0184735544025898 -0.01078022085130215 
0.005808323621749878 -0.007591118104755878 -0.007050000131130219 
-0.001415936509147286 0.0003760452382266521 -0.006545471958816051 
-0.0003769729810301214 0.03050521947443485 0.0004889102419838309 
-0.00706133246421814 -0.006408752873539925 -0.01096929796040058 
0.0007292770314961672 0.02221672423183918 -0.002183284377679229 
0.002524148672819138 0.01201592292636633 -0.01234025787562132 
0.0009758392698131502 -0.001122334389947355 -0.005132267717272043 
-0.00327702215872705 0.02764374576508999 -0.000769186532124877 
-0.004635523073375225 0.02208025753498077 -0.01124176103621721 
0.01042727939784527 -0.002465185476467013 -0.004280097782611847 
0.0008353381417691708 0.007731564342975616 -0.01019511930644512 
0.003689101431518793 0.00238714087754488 0.000366792781278491 
0.008007124997675419 0.006144975312054157 -0.007618388161063194 
-0.008265175856649876 0.0007127932622097433 -0.0001051939907483757 
0.001981647219508886 0.01414890587329865 -0.001970129087567329 
0.009971171617507935 0.0007248574402183294 -0.009962134063243866 
0.008131343871355057 0.02628456056118011 -0.001824822975322604 
0.006083620246499777 -0.003598893759772182 -0.01050147879868746 
-0.002173696644604206 -0.002373239258304238 -0.003949999809265137 
-0.007478880695998669 0.01004184503108263 -0.005648576188832521 
0.005570150911808014 -0.003291713772341609 -0.01049242820590734 
0.006605836097151041 -0.0008734845323488116 -0.003949999809265137 
0.007419521920382977 0.02886584773659706 -0.0006942158215679228 
0.007866931147873402 0.0142363402992487 -0.001129595912061632 
0.007312861736863852 0.003220790531486273 -0.01167586725205183 
-0.00543561577796936 0.008304029703140259 0.0007479669875465333 
-0.009175829589366913 -0.0007052298169583082 -0.0006938434671610594 
0.0004565207927953452 0.03413137793540955 -0.001446117530576885 
0.007309777196496725 0.01508884876966476 -0.008398345671594143 
0.009027829393744469 -0.005552220158278942 -0.002463579876348376 
-0.009691979736089706 0.006613472942262888 -0.008702256716787815 
0.01031465642154217 0.007970442064106464 -0.005704721435904503 
-0.002407701686024666 0.0203081052750349 -0.009860251098871231 
0.002130020409822464 0.02348196320235729 -0.01314504165202379 
-0.005184200592339039 0.01632564328610897 3.099710011156276e-05 
0.0006347487797029316 -0.007667830213904381 -0.01059677824378014 
-0.001519319484941661 -0.009350067004561424 -0.01231574919074774 
-0.003530900925397873 0.03507980704307556 -0.009600000455975533 
-0.007703532464802265 0.01670673862099648 -0.009521132335066795 
0.007294128648936749 0.02472633868455887 -0.01118605118244886 
0.0007332958048209548 0.03373313322663307 -0.009969971142709255 
-0.003898476017639041 0.02139141038060188 -0.002171024912968278 
-0.002774943830445409 0.01112924609333277 -0.01009916327893734 
0.003007790073752403 -0.00607431773096323 -0.001440088264644146 
0.003050633706152439 0.01105774939060211 -0.01249028369784355 
0.001083679497241974 0.00636998750269413 -0.001768832327798009 
-0.003662850242108107 0.01890050433576107 -0.009894482791423798 
-0.003607291262596846 0.02438567392528057 -0.009751382283866405 
-0.0008250850951299071 0.001221982180140913 -0.01061551086604595 
0.006727652158588171 0.002022930886596441 -0.005970831029117107 
0.0008471679175272584 0.0329928919672966 -0.009599994868040085 
0.009777190163731575 -0.003357903566211462 -0.002374927280470729 
0.008860531263053417 0.0296482015401125 -0.009271419607102871 
0.006436462514102459 0.02545491047203541 -0.009743625298142433 
-0.003374166321009398 0.01209400501102209 0.0008863955736160278 
-0.004841065965592861 0.01342491433024406 0.0005074416985735297 
0.007526920177042484 0.006919509265571833 -0.001770247705280781 
-0.006898572202771902 -0.002388891531154513 0.0006530717946588993 
-0.006260997615754604 0.01005847658962011 -0.0123386699706316 
-0.005416067317128181 0.002276847371831536 -0.01032498851418495 
0.001900063827633858 -0.004028021823614836 -0.01260756049305201 
-0.001496154349297285 0.02003326267004013 -0.009869256988167763 
-0.006326181814074516 0.02410034649074078 -0.005297291558235884 
-0.002670708810910583 -0.001800422789528966 -0.006688626483082771 
0.006593376398086548 0.02427675761282444 -0.008313181810081005 
-0.003012542612850666 0.001080064685083926 -0.007230935618281364 
0.005536751821637154 -0.004731022287160158 -0.003949999809265137 
0.003051423933357 -0.007472064811736345 0.0003954976855311543 
0.00247830874286592 0.02158748731017113 -0.01308419182896614 
0.008021349087357521 0.004786980338394642 -0.001713577308692038 
0.01008243951946497 0.01217624731361866 -0.004986957646906376 
0.006448653526604176 0.002077098470181227 -0.004739509895443916 
0.00935649499297142 -0.005246959626674652 -0.00466305622830987 
-0.0009401807328686118 -0.00317355222068727 -0.01297610998153687 
0.009525950998067856 -0.005014434456825256 -0.005400204099714756 
-0.005085024982690811 0.01521618105471134 -0.002012178301811218 
-0.007342048455029726 0.003717029467225075 0.0001594171626493335 
0.002639443380758166 -0.00442539295181632 -0.00494999997317791 
0.002165844198316336 -0.004683916922658682 -0.003949999809265137 
-0.0005752324359491467 0.02464268170297146 0.0009664362296462059 
-0.0006857843254692852 0.0351262241601944 -0.001338195404969156 
0.009269703179597855 -0.004037249367684126 -0.01028919592499733 
-0.003136517945677042 0.002987735206261277 -0.01295973360538483 
0.007939065806567669 0.0070184082724154 -0.009084790013730526 
0.003023939672857523 0.003784154774621129 -0.01271387841552496 
0.00495432410389185 -0.00405026413500309 -0.01051099598407745 
0.0008162727463059127 0.03097268752753735 -0.01252394914627075 
0.006689526606351137 -0.00640261173248291 -0.00416319677606225 
-0.008121670223772526 0.01687227003276348 -0.003768960246816278 
0.004553160630166531 0.01378953922539949 -0.01222664210945368 
0.009691456332802773 0.01961998455226421 -0.006520542316138744 
0.007468943484127522 0.01057664025574923 -0.0007819682941772044 
0.01096755545586348 0.00231936713680625 -0.004677566699683666 
0.006971047725528479 0.01943233981728554 -0.005747848190367222 
0.006663013715296984 -0.002511372324079275 -0.01047424785792828 
-0.003206037916243076 -0.0004537978093139827 -0.004088242072612047 
0.00202079676091671 -0.001665550284087658 -0.00494999997317791 
0.003478316124528646 0.01842570118606091 -0.009921212680637836 
0.006224507465958595 0.02099176123738289 -0.002140272408723831 
0.007516596931964159 -0.003361071925610304 -0.00881306454539299 
0.0007247509201988578 0.01347755268216133 -0.001955123385414481 
0.009649126790463924 0.01531227678060532 -0.003624324919655919 
0.007785735186189413 -0.002505606273189187 -0.003161639673635364 
-0.001686083036474884 0.03010405600070953 -0.01099999994039536 
0.003114147577434778 -0.008148572407662868 -0.004558868706226349 
0.005194934085011482 0.02700876072049141 0.0006024964968673885 
-0.00471194926649332 0.02340716496109962 -0.002870885189622641 
-0.004716488532721996 0.02336179092526436 -0.008460883051156998 
0.009732124395668507 0.01094686519354582 -0.008677812293171883 
0.0002254669088870287 0.008313256315886974 0.00101658864878118 
0.005575293675065041 0.009247956797480583 -0.001834957860410213 
0.004358270671218634 0.0176115557551384 -0.002055764896795154 
0.003240459365770221 -0.00671460572630167 0.0003718955558724701 
0.0009133742423728108 -0.002342428080737591 -0.006172122433781624 
0.007142025046050549 0.02493986673653126 -0.0114849004894495 
0.001838063937611878 0.03163491562008858 -0.01243281178176403 
0.001131466473452747 0.003931878134608269 -0.001705080270767212 
-0.0006351408082991838 0.03188695758581161 -0.009600000455975533 
-0.004725348204374313 -0.00760877039283514 -0.001415513688698411 
0.003019959665834904 0.02602250874042511 -0.002278051571920514 
0.003962494432926178 0.02400222048163414 -0.009776586666703224 
0.003087867517024279 -0.003711965400725603 -0.00494999997317791 
-0.002739747520536184 -0.001713325036689639 -0.0071765361353755 
0.004563697148114443 0.03175196796655655 -0.01092937868088484 
0.008812004700303078 0.03091997653245926 -0.002831976860761642 
0.002159978495910764 0.02902932651340961 -0.012666380032897 
0.003272926900535822 -0.002912332769483328 -0.01047791261225939 
-0.001734568388201296 -0.002401519566774368 -0.008050000295042992 
0.0004970821319147944 0.02081736735999584 -0.009852784685790539 
-0.004455914255231619 0.02457697130739689 -0.004487508442252874 
0.007442501373589039 0.03356840088963509 -0.006303784437477589 
-0.005917360074818134 0.006508347578346729 -0.01273796707391739 
0.003708164906129241 -0.0007148390868678689 -0.001578587922267616 
-0.003098069224506617 0.011832345277071 -0.001919841743074358 
0.008404077962040901 0.02638811431825161 -0.002275374718010426 
-0.005703356582671404 0.006873867940157652 -0.01020438876003027 
0.005512130912393332 0.02787306345999241 -0.002321365522220731 
0.002821478759869933 0.01352926343679428 -0.001952265040017664 
0.002222954062744975 0.001724923611618578 -0.01035473123192787 
0.007753222249448299 0.02583592012524605 -0.001316837733611465 
0.006402252241969109 0.0237435344606638 0.0001913779269671068 
0.006883298978209496 2.665881766006351e-05 -0.005984407383948565 
0.00272050779312849 0.02402562648057938 -0.01309034414589405 
0.002469105180352926 0.01002061180770397 -0.001861365395598114 
0.00580502487719059 -0.00135903968475759 -0.001557559706270695 
0.002785163698717952 -0.006382652092725039 -0.01056753937155008 
0.004992243833839893 0.00509967003017664 0.000342074636137113 
0.006145474035292864 -0.007740379311144352 -0.007473159581422806 
-0.0001917315239552408 0.01192326098680496 0.0009718488436192274 
0.00051619962323457 -0.001355661079287529 -0.004446564242243767 
-0.009567050263285637 0.008615446276962757 -0.002847764175385237 
0.003073182888329029 0.009354506619274616 -0.00184276164509356 
0.001374830608256161 0.003804264590144157 -0.001701259985566139 
-2.287415554746985e-05 0.01748275756835938 0.000942136044614017 
0.00677542993798852 0.00595326442271471 -0.0001342642353847623 
-0.007505175191909075 -0.005881378427147865 -0.0009102087351493537 
-0.003475627861917019 0.03382550179958344 -0.01191702298820019 
0.00383831886574626 0.01095288060605526 0.0003625746176112443 
-0.007782398257404566 0.004239306785166264 -0.01188235450536013 
0.009040369652211666 -0.005615452770143747 -0.0090593621134758 
0.004402101505547762 0.005104543641209602 -0.01247491128742695 
-0.001796496799215674 -0.001027574529871345 -0.008050000295042992 
0.007853458635509014 0.008116258308291435 -0.008898020721971989 
-0.0008821911178529263 0.02356098778545856 -0.002221615985035896 
-0.004979992285370827 0.03416513279080391 -0.01185993198305368 
0.007702293340116739 -0.003813340095803142 -0.007440481334924698 
0.003525224048644304 0.02529445104300976 -0.002258028835058212 
-0.006545334123075008 0.01453952491283417 -0.005038924515247345 
0.008440421894192696 -0.001606338657438755 -0.006731241475790739 
0.00455838767811656 -0.00122717150952667 -0.012164656072855 
0.002255963161587715 0.00298576639033854 -0.01032187882810831 
-0.003838848322629929 0.03005675226449966 -0.002400000113993883 
0.00299386028200388 0.01417945045977831 0.0002801766968332231 
0.001317402580752969 -0.006699709221720695 -0.01057287119328976 
0.006905112415552139 0.03318648040294647 -0.007225628942251205 
0.008208301849663258 -0.00415798369795084 -0.005157731007784605 
0.008669877424836159 0.032787024974823 -0.003793292678892612 
0.00259400880895555 0.03104124963283539 0.0004167755541857332 
0.008001241832971573 0.01798966154456139 -0.001320132985711098 
0.006426196545362473 0.006928305141627789 -0.01198805682361126 
-0.0004597010847646743 0.01190861128270626 -0.01297916192561388 
0.008289609104394913 0.01893660984933376 -0.001615791348740458 
0.005384658928960562 -0.003929372876882553 -2.434376619930845e-05 
-0.003275730879977345 -0.006216071546077728 0.001041849609464407 
-0.009947206825017929 0.005463410168886185 -0.003964042291045189 
0.006509131751954556 0.02535776048898697 -0.009718906134366989 
-0.001835365546867251 0.0008960575214587152 -0.01204976253211498 
0.001570314867421985 -0.006312177516520023 -0.007050000131130219 
-0.003504855558276176 -8.257594890892506e-05 -0.01039042696356773 
0.008111897855997086 -0.001684221206232905 -0.004219203256070614 
-0.003518011886626482 0.02561566419899464 -0.01114156283438206 
-0.007433511316776276 -0.005645075347274542 0.0006035960977897048 
0.001595138222910464 0.001556815812364221 0.0007029063999652863 
-0.002524994779378176 -0.008653535507619381 -0.01301595196127892 
-0.006396173499524593 0.002362437080591917 -0.01032078638672829 
0.005036258138716221 0.02621117420494556 -0.01268763840198517 
0.009820778854191303 0.001444309484213591 -0.01011055242270231 
0.004804277792572975 -0.002438344992697239 9.94720176095143e-05 
-0.0007610931643284857 0.001865778584033251 -0.003949999809265137 
0.005917913746088743 0.0007932200096547604 -0.007050000131130219 
0.007452026940882206 0.01326426677405834 -0.007841445505619049 
-0.008248837664723396 0.0168423131108284 -0.006748217158019543 
0.002353013958781958 0.0150647172704339 -0.001993294339627028 
0.009127048775553703 0.02846702188253403 -0.006354327313601971 
-0.008004315197467804 0.001331391045823693 -0.01034447830170393 
-0.006677314639091492 -0.004978497512638569 -0.01277746073901653 
2.613698597997427e-05 0.01127467304468155 -0.01010098867118359 
0.006212915293872356 -0.008482367731630802 -0.009880944155156612 
-0.0004909158451482654 0.02396966889500618 -0.009768499061465263 
-0.005861141718924046 0.0313115231692791 -0.0006521382601931691 
0.006176135968416929 0.02962822280824184 -0.009086452424526215 
0.0004772570100612938 0.01548578962683678 -0.009991947561502457 
-0.000989420572295785 0.009064633399248123 -0.01304987352341413 
-0.0008494018111377954 -0.001173855969682336 -0.005971635691821575 
-0.005369417369365692 0.01511900965124369 -0.01211471483111382 
0.004156720358878374 0.01545444689691067 -0.0100001497194171 
0.0003009053179994226 0.001462740241549909 -0.00432127621024847 
0.007745611947029829 0.009498453699052334 -0.006432696245610714 
-0.005262056365609169 0.02547748573124409 -0.008184577338397503 
-0.004103238228708506 0.0351460762321949 -0.01090382318943739 
0.001452770200558007 -0.0003202856751158834 -0.01182896550744772 
-0.005682927556335926 0.03328794986009598 -0.01151958759874105 
0.0006918650469742715 -0.005440422799438238 -0.007050000131130219 
-0.0008803455857560039 0.01719922758638859 -0.01294231228530407 
0.003268464934080839 0.0124673917889595 0.0004481103678699583 
-0.002864826237782836 0.03346344083547592 -0.01002098619937897 
0.002992089139297605 -0.003612083150073886 -0.003949999809265137 
0.01001801900565624 -0.003568586893379688 -0.003145959228277206 
-0.002202661242336035 0.008313328959047794 0.001065079122781754 
0.0007140049710869789 0.007352228276431561 -0.01300958171486855 
-0.005866559222340584 0.03222322091460228 -0.002400000113993883 
0.006875998340547085 0.001909652026370168 -0.005058974958956242 
0.01028966903686523 0.008094534277915955 -0.00520301703363657 
0.006550624035298824 0.02482456155121326 -0.006867939606308937 
0.007729399017989635 0.01794307492673397 -0.01092998404055834 
-0.006402837578207254 0.007187006995081902 -0.001805190462619066 
-0.002887582406401634 -0.002069316804409027 -0.01302780210971832 
0.001298521179705858 0.01637205109000206 -0.01288942061364651 
-0.001050946302711964 0.01397182978689671 -0.01293919607996941 
0.007952985353767872 0.02101638726890087 -0.001357250614091754 
0.01062778942286968 0.002531968289986253 -0.003437369130551815 
-0.008992237038910389 -0.001081302063539624 -0.001594584318809211 
0.009310342371463776 -0.001844265265390277 -0.001777263474650681 
0.002092825016006827 0.03180171176791191 -0.01238396763801575 
-0.006485581398010254 0.01483692787587643 -0.007243309170007706 
0.001832365524023771 0.003600968047976494 -0.01282972097396851 
0.001422765431925654 -0.004567293915897608 -0.008050000295042992 
0.001846042112447321 0.001733985031023622 -0.01035373844206333 
-0.0002545950701460242 0.003328750841319561 -0.01030788477510214 
0.003553734626621008 0.01725705526769161 -0.002048124093562365 
0.006695476826280355 0.02296670898795128 -0.006633510813117027 
-0.007173887453973293 0.01160263549536467 -0.009108062833547592 
0.003017159178853035 -0.00199119234457612 -0.01244675181806087 
-0.006854963023215532 -0.003230173839256167 -0.01268953457474709 
-0.005655021406710148 0.01886223256587982 -0.008475241251289845 
0.009413405321538448 0.02398073673248291 -0.005526071880012751 
0.008932379074394703 0.02688972279429436 -0.008377974852919579 
-0.006435775198042393 0.006530753336846828 -0.001788122463040054 
-0.005135544575750828 0.007596584502607584 0.0008535545784980059 
-0.007838614284992218 0.008419729769229889 -0.002776517765596509 
-0.006737515330314636 0.01268856506794691 -0.01175958663225174 
-0.00554210040718317 0.03035982325673103 -0.001574349123984575 
0.009407014586031437 0.01159085519611835 -0.009225668385624886 
-0.003405979368835688 0.01189611479640007 -0.01007787510752678 
0.00551040330901742 0.002800608985126019 -0.009896389208734035 
0.006806889548897743 0.01743787527084351 -0.00995368417352438 
0.0007624346762895584 0.001256145886145532 -0.00637663621455431 
-0.004638055339455605 0.01732197403907776 -0.01214486267417669 
0.005581741221249104 0.01618306711316109 -0.009983986616134644 
0.00185345159843564 0.0275532491505146 -0.009679641574621201 
0.008386280387639999 0.02377739921212196 -0.002028357936069369 
-0.002671245718374848 0.0342666283249855 -0.002400000113993883 
0.001282463781535625 -0.001552680390886962 -0.01200000010430813 
-0.003832168644294143 0.01993408799171448 -0.002132842782884836 
0.006260889582335949 0.02854037284851074 -0.00530666159465909 
-0.001011862652376294 0.02181236632168293 0.000943097984418273 
0.005365972407162189 0.02943193539977074 -0.01236238330602646 
-0.002597608836367726 0.02100225351750851 -0.002158253453671932 
-0.002316340338438749 0.01336049288511276 -0.01290787570178509 
-0.00246099941432476 0.004175713285803795 -0.01028134301304817 
-0.0005793921882286668 0.005303187761455774 -0.01310024410486221 
-0.001698935055173934 0.01582087203860283 -0.0020211695227772 
0.005946856457740068 -0.002295595360919833 -0.008050000295042992 
0.002230281475931406 0.002776594599708915 -0.01032728794962168 
-0.003411003854125738 0.01868969574570656 0.000449533574283123 
0.001360899885185063 -0.009006969630718231 -0.01262122858315706 
0.007622634992003441 0.0110762994736433 -0.008117709308862686 
0.004165534861385822 -0.006532229948788881 -0.01057421509176493 
-0.001401580288074911 -0.003626820864155889 -0.01299447380006313 
-0.008725150488317013 0.01430365350097418 -0.007766708265990019 
0.002259992295876145 0.002305570989847183 -0.006486731581389904 
0.005325826816260815 0.01493742968887091 -0.01206048578023911 
-0.002640784718096256 0.01249696873128414 0.0009223676170222461 
-0.001218118006363511 -0.005862235091626644 0.0009762773406691849 
0.006208488717675209 0.01139570400118828 -0.01011023763567209 
-0.005939630325883627 0.0315866582095623 -0.001486535067670047 
0.006547723431140184 0.01682909391820431 -0.01166169811040163 
-0.007261444814503193 0.013515654951334 -0.0007637845119461417 
0.007770873606204987 0.009176215156912804 -0.00223231315612793 
0.005109461955726147 0.03168318420648575 -0.0001682837610132992 
0.002246781950816512 0.01295736897736788 -0.001938487053848803 
0.009732684120535851 0.01585977338254452 -0.003898123744875193 
-0.0009930233936756849 0.001104221912100911 -0.01127183437347412 
0.0007131383754312992 0.001279448624700308 -0.0114767923951149 
-0.006870063953101635 0.002507323632016778 -0.001683946931734681 
0.005032005719840527 0.02306883037090302 0.0007435845909640193 
0.004281029105186462 -0.003750660456717014 -0.001498176250606775 
0.00377491139806807 -0.00772749911993742 -0.003949999809265137 
0.005252907983958721 0.01837507449090481 -0.00992609653621912 
0.009181457571685314 0.01031691022217274 -0.009726508520543575 
-0.001814855728298426 0.01737395115196705 -0.01287074759602547 
0.00794235710054636 0.006975127849727869 -0.005709256511181593 
-0.002337108831852674 0.02023128978908062 0.000672781141474843 
-0.007104706019163132 0.005741144064813852 -0.01023115031421185 
-0.007942579686641693 0.007812461815774441 -0.006178638432174921 
-0.006868195720016956 0.009272318333387375 -0.01013942994177341 
0.006473745219409466 0.02581170201301575 -0.004290730692446232 
0.001031773281283677 -0.001052027568221092 -0.004257711116224527 
-0.00133810646366328 0.01027564704418182 -0.01302055269479752 
3 1167 2132 2795 
3 3390 959 2653 
3 959 3390 547 
3 3547 1704 1031 
3 1061 1858 2042 
3 1061 1028 1858 
3 1028 1153 1858 
3 1858 1153 2042 
3 3865 1028 851 
3 306 2369 3209 
3 3407 306 3209 
3 3407 260 1430 
3 2301 3242 1167 
3 3242 260 3407 
3 260 3242 2301 
3 1153 180 2042 
3 2943 3620 3222 
3 1998 959 547 
3 1704 1998 547 
3 1998 1704 559 
3 1704 1501 1031 
3 959 2872 2653 
3 3545 2883 670 
3 1389 3545 670 
3 1501 603 1031 
3 603 1501 1704 
3 603 1704 547 
3 603 2048 1361 
3 2048 603 2817 
3 2295 1183 744 
3 1183 2295 1354 
3 2001 3089 3114 
3 3089 2001 2188 
3 600 3547 1971 
3 3547 600 1704 
3 600 1971 559 
3 1704 600 559 
3 3446 3246 3547 
3 2188 3446 1031 
3 3446 3547 1031 
3 3872 3939 215 
3 3872 1584 3939 
3 3707 1373 1028 
3 1061 3707 1028 
3 1908 3707 2042 
3 3707 1061 2042 
3 1085 3543 851 
3 1045 935 1937 
3 717 3865 851 
3 717 1153 1028 
3 3865 717 1028 
3 3543 717 851 
3 2369 2936 3209 
3 2936 2351 3209 
3 2351 2936 2709 
3 2601 2301 1167 
3 2888 2601 3457 
3 2601 2888 260 
3 1885 260 1109 
3 1167 1268 2132 
3 1268 3242 2132 
3 3242 1268 1167 
3 141 3845 1167 
3 141 1167 2795 
3 2674 141 2795 
3 2318 2943 3222 
3 1346 625 1383 
3 1045 1346 830 
3 140 3667 830 
3 180 3667 140 
3 216 3222 2042 
3 180 216 2042 
3 3222 1638 2042 
3 3620 1638 3222 
3 870 2584 2132 
3 2584 870 483 
3 3620 1233 483 
3 1233 2674 2795 
3 354 247 624 
3 2872 247 2653 
3 247 2872 624 
3 1121 2817 2653 
3 247 1121 2653 
3 1121 247 354 
3 3545 136 2883 
3 3748 3390 2653 
3 2558 1451 559 
3 2817 1830 2653 
3 603 1830 2817 
3 1830 3748 2653 
3 1830 603 547 
3 3748 1830 3390 
3 3390 1830 547 
3 989 2048 2817 
3 1121 989 2817 
3 1354 2404 741 
3 2295 2404 1354 
3 3732 2295 744 
3 1661 1354 1904 
3 1661 1183 1354 
3 354 312 741 
3 312 1473 741 
3 1473 312 354 
3 1209 354 624 
3 1209 1473 354 
3 2449 1389 670 
3 325 3168 3908 
3 325 3732 744 
3 3732 325 3908 
3 3151 19 3163 
3 19 1090 3163 
3 588 3401 3114 
3 3415 588 3114 
3 588 3415 1313 
3 1071 667 1207 
3 3401 1071 3114 
3 3210 3415 1539 
3 2001 2249 2188 
3 64 19 1383 
3 19 64 1090 
3 667 2753 2777 
3 1090 2753 3163 
3 3446 3400 3246 
3 3547 3400 1971 
3 3246 3400 3547 
3 1971 3400 559 
3 3872 2334 2188 
3 2334 3446 2188 
3 3446 2334 2923 
3 2334 1406 2923 
3 2334 1666 1406 
3 2030 3872 2188 
3 2249 2030 2188 
3 2030 626 1207 
3 3129 668 1373 
3 2832 3707 1908 
3 3707 2832 1373 
3 2832 3129 1373 
3 2832 1908 2042 
3 3129 2832 2042 
3 717 1880 1153 
3 1880 180 1153 
3 145 2457 253 
3 3762 1269 253 
3 1982 2056 3696 
3 2056 3762 253 
3 2056 1982 3762 
3 306 208 2369 
3 2457 3672 253 
3 3672 390 253 
3 3672 2457 2369 
3 1083 3672 2369 
3 263 1269 3762 
3 2457 1497 2369 
3 1497 2936 2369 
3 1497 145 2735 
3 145 1497 2457 
3 2709 1497 2735 
3 2936 1497 2709 
3 2351 344 3209 
3 3242 344 2132 
3 344 3407 3209 
3 344 3242 3407 
3 1454 260 2301 
3 2601 1454 2301 
3 1454 2601 260 
3 260 514 1109 
3 2888 514 260 
3 260 1180 1430 
3 1885 1180 260 
3 3900 2318 3845 
3 2318 3900 2943 
3 3900 3620 2943 
3 3902 1346 3845 
3 3902 140 830 
3 3120 1346 1937 
3 935 3120 1937 
3 625 3120 1383 
3 3120 64 1383 
3 425 3120 935 
3 3120 425 1085 
3 3120 1085 851 
3 1028 3120 851 
3 2740 1045 1937 
3 1346 2740 1937 
3 2740 1346 1045 
3 3667 943 830 
3 883 180 140 
3 883 216 180 
3 883 2318 3222 
3 216 883 3222 
3 109 3620 483 
3 109 1638 3620 
3 749 2584 483 
3 1233 749 483 
3 749 1233 2795 
3 2132 749 2795 
3 2584 749 2132 
3 1233 3669 2674 
3 3669 1233 3620 
3 3900 3669 3620 
3 2690 3545 2558 
3 2690 136 3545 
3 2690 2558 559 
3 136 2690 559 
3 1988 3115 461 
3 3115 1988 2351 
3 3545 3421 2558 
3 1389 3421 3545 
3 1987 1998 559 
3 1451 1987 559 
3 1998 1987 959 
3 891 3212 1539 
3 3026 2188 1031 
3 603 3026 1031 
3 3026 3089 2188 
3 3026 3212 891 
3 3026 603 1361 
3 3212 3026 1361 
3 3089 3026 3114 
3 3026 3415 3114 
3 3415 3026 1539 
3 989 3623 2048 
3 989 1528 817 
3 2069 2404 2295 
3 3732 2069 2295 
3 2069 3732 3908 
3 847 1661 1904 
3 483 3459 670 
3 451 3143 1354 
3 451 1354 741 
3 1473 451 741 
3 1354 3703 1904 
3 3143 3703 1354 
3 3703 1599 1904 
3 1599 3703 1303 
3 3821 451 1473 
3 1332 3168 461 
3 3115 1332 461 
3 1332 3115 2735 
3 145 1332 2735 
3 1332 145 3168 
3 544 2351 2709 
3 544 3115 2351 
3 544 2709 2735 
3 3115 544 2735 
3 491 1834 3169 
3 2838 2462 2489 
3 263 2838 3840 
3 2838 263 2962 
3 1122 491 3169 
3 491 3025 2489 
3 2838 3025 3840 
3 3025 2838 2489 
3 3025 1122 3840 
3 1122 3025 491 
3 2462 2533 2489 
3 2533 491 2489 
3 2533 1834 491 
3 3714 2931 3493 
3 2864 19 3812 
3 19 2864 1383 
3 1346 2864 3812 
3 2864 1346 1383 
3 3572 1346 3812 
3 3572 3886 1395 
3 2749 3714 2550 
3 3490 1071 3401 
3 3490 3151 3163 
3 1865 1071 1207 
3 1865 2249 2001 
3 1865 2001 3114 
3 1071 1865 3114 
3 626 1865 1207 
3 2030 1865 626 
3 1865 2030 2249 
3 3444 733 2777 
3 3444 64 733 
3 2753 3444 2777 
3 64 3444 1090 
3 3444 2753 1090 
3 1071 3684 667 
3 3684 2753 667 
3 1406 3461 1806 
3 1666 3461 1406 
3 136 3461 1316 
3 1316 3461 3939 
3 3461 1666 3939 
3 3376 3446 2923 
3 3376 3400 3446 
3 1406 3376 2923 
3 572 3872 215 
3 572 2334 3872 
3 2334 572 1666 
3 3939 572 215 
3 1666 572 3939 
3 3836 667 2777 
3 667 3836 1207 
3 3836 2030 1207 
3 685 3129 2042 
3 685 668 3129 
3 3872 685 1584 
3 2493 685 3872 
3 1638 685 2042 
3 1584 685 3939 
3 685 1316 3939 
3 685 136 1316 
3 425 2687 1085 
3 1045 2687 935 
3 2687 425 935 
3 2687 1045 830 
3 3667 1753 3543 
3 1753 717 3543 
3 1753 1880 717 
3 1753 3667 180 
3 1880 1753 180 
3 1982 1335 3762 
3 1335 1940 1110 
3 1173 1885 1109 
3 1173 676 1885 
3 1173 1982 3696 
3 676 1173 3696 
3 145 2949 3168 
3 3168 2949 3908 
3 1889 145 253 
3 1269 1889 253 
3 145 1889 1944 
3 1889 1269 1944 
3 3755 2739 3169 
3 2056 2510 3696 
3 2105 2056 253 
3 2056 2105 3341 
3 2105 208 3341 
3 390 269 253 
3 208 269 390 
3 269 2105 253 
3 2105 269 208 
3 3625 3407 1430 
3 696 208 390 
3 3672 696 390 
3 696 3672 1083 
3 208 696 2369 
3 696 1083 2369 
3 2961 263 3762 
3 263 2961 2962 
3 2961 1335 1110 
3 1335 2961 3762 
3 3733 3625 1430 
3 208 3733 3341 
3 3625 3733 208 
3 3661 1180 1885 
3 3733 3661 3341 
3 1180 3661 1430 
3 3661 3733 1430 
3 1940 2332 1110 
3 2332 707 1110 
3 707 2332 1940 
3 2617 707 1940 
3 2797 272 2962 
3 707 2797 1110 
3 272 314 2962 
3 1702 1171 2946 
3 272 1171 1702 
3 23 899 2946 
3 1171 23 2946 
3 23 1171 272 
3 23 2797 707 
3 2797 23 272 
3 153 1151 3874 
3 1151 1860 1231 
3 153 1860 1151 
3 1860 1066 1702 
3 1066 1860 3259 
3 1860 153 3259 
3 3539 1702 2946 
3 141 1010 3845 
3 1010 3900 3845 
3 1010 141 2674 
3 3669 1010 2674 
3 1010 3669 3900 
3 1346 3233 830 
3 3233 3902 830 
3 3902 3233 1346 
3 1346 1558 625 
3 1558 3120 625 
3 3120 1558 1346 
3 64 3153 733 
3 3120 3153 64 
3 733 3153 1028 
3 3153 3120 1028 
3 1500 883 140 
3 883 1500 2318 
3 3902 1500 140 
3 2318 1500 3845 
3 1500 3902 3845 
3 2316 109 483 
3 109 2316 1638 
3 2316 483 670 
3 2883 2316 670 
3 2316 685 1638 
3 136 2316 2883 
3 685 2316 136 
3 3508 870 2132 
3 870 3508 483 
3 3508 3459 483 
3 3459 3508 1456 
3 522 1451 2558 
3 3421 522 2558 
3 1788 522 3421 
3 209 891 1539 
3 3026 209 1539 
3 209 3026 891 
3 3755 1046 3908 
3 1046 3755 3753 
3 1834 1046 3169 
3 2342 3459 1456 
3 2342 2291 3459 
3 2342 1456 1303 
3 3459 3980 670 
3 2291 3980 3459 
3 3980 2449 670 
3 3397 3421 1389 
3 3397 1788 3421 
3 2449 3397 1389 
3 1209 3597 1473 
3 3597 3821 1473 
3 451 283 3143 
3 3821 283 451 
3 1987 3986 959 
3 3986 2872 959 
3 2872 3986 624 
3 3297 1988 461 
3 3297 804 1988 
3 2746 325 744 
3 2746 1870 325 
3 1347 3623 989 
3 3623 1347 2048 
3 2048 1347 1361 
3 3329 2533 2462 
3 2533 3329 1834 
3 3329 2462 817 
3 1528 3329 817 
3 2866 1151 1231 
3 1151 2866 3874 
3 2937 3714 2865 
3 2931 2937 3493 
3 2937 2865 3874 
3 2866 2937 3874 
3 2937 2866 1231 
3 2937 1231 3493 
3 243 3572 1395 
3 243 1636 1346 
3 3572 243 1346 
3 243 1395 2550 
3 1395 2482 3151 
3 3886 2482 1395 
3 2482 19 3151 
3 19 2180 3812 
3 2180 3572 3812 
3 2180 3886 3572 
3 2482 2180 19 
3 2180 2482 3886 
3 1395 730 2550 
3 730 2749 2550 
3 3714 3643 2865 
3 2749 3643 3714 
3 2865 3643 3874 
3 3415 453 1313 
3 3210 453 3415 
3 453 588 1313 
3 453 1506 588 
3 588 2455 3401 
3 1506 2455 588 
3 3490 2455 3151 
3 2455 3490 3401 
3 2455 453 3151 
3 453 2455 1506 
3 161 3490 3163 
3 161 3684 1071 
3 2753 2975 3163 
3 3684 2975 2753 
3 2975 161 3163 
3 161 2975 3684 
3 1144 1406 1806 
3 1144 3376 1406 
3 3376 1144 3400 
3 3400 1144 559 
3 3461 1144 1806 
3 1144 136 559 
3 1144 3461 136 
3 1962 2493 3872 
3 668 1962 1373 
3 1373 1962 1028 
3 1962 733 1028 
3 733 1962 2777 
3 685 1962 668 
3 1962 685 2493 
3 2030 1962 3872 
3 1962 3836 2777 
3 3836 1962 2030 
3 1085 1225 3543 
3 2687 1225 1085 
3 1225 3667 3543 
3 1225 943 3667 
3 943 1225 830 
3 1225 2687 830 
3 398 1173 1109 
3 798 3054 1940 
3 798 398 3054 
3 398 798 1173 
3 2949 45 3908 
3 45 3755 3908 
3 45 2739 3755 
3 1281 45 2949 
3 752 1122 3169 
3 2739 752 3169 
3 1122 752 3840 
3 2319 2056 3341 
3 2319 2510 2056 
3 2510 1510 3696 
3 1510 3661 1885 
3 2319 1510 2510 
3 3661 1510 3341 
3 1510 2319 3341 
3 1329 208 306 
3 1329 3625 208 
3 1329 306 3407 
3 3625 1329 3407 
3 197 2888 3457 
3 197 228 2888 
3 1624 197 3457 
3 514 2810 1109 
3 2810 1276 3054 
3 2810 514 2888 
3 2810 398 1109 
3 398 2810 3054 
3 1276 2507 3054 
3 2507 2508 1812 
3 2508 2507 1276 
3 899 2371 2946 
3 2617 2578 707 
3 2578 23 707 
3 2797 3059 1110 
3 3059 2797 2962 
3 3059 2961 1110 
3 2961 3059 2962 
3 298 2838 2962 
3 314 298 2962 
3 298 1347 2838 
3 298 314 3259 
3 1347 298 3259 
3 17 272 1702 
3 17 314 272 
3 1066 17 1702 
3 17 1066 3259 
3 314 17 3259 
3 2831 453 3210 
3 3151 2831 3874 
3 453 2831 3151 
3 3765 1860 656 
3 3765 2371 3493 
3 988 3539 2946 
3 3539 988 2806 
3 2371 988 2946 
3 988 2371 2806 
3 197 643 211 
3 643 197 1624 
3 643 1624 3457 
3 2601 643 3457 
3 643 2601 1167 
3 1346 2216 3845 
3 1636 2216 1346 
3 243 2216 1636 
3 1249 1599 1303 
3 3805 1249 2403 
3 1456 1249 1303 
3 3508 1249 1456 
3 1249 3508 1338 
3 344 5 2132 
3 5 3508 2132 
3 5 344 2351 
3 1988 5 2351 
3 522 1629 1451 
3 1629 522 1788 
3 1629 1987 1451 
3 1629 3986 1987 
3 1046 2657 3169 
3 2657 1046 3753 
3 2657 3755 3169 
3 3755 2657 3753 
3 3529 2244 2069 
3 2244 1121 354 
3 2244 354 741 
3 2404 2244 741 
3 2069 2244 2404 
3 3529 2823 1528 
3 2823 3329 1528 
3 847 1616 1661 
3 3437 1616 847 
3 1661 1616 1183 
3 1616 3437 1183 
3 1249 3567 1599 
3 3567 1249 3805 
3 3567 3437 847 
3 1599 3567 1904 
3 3567 847 1904 
3 2342 457 2291 
3 799 3597 1209 
3 3597 799 3821 
3 283 137 3143 
3 1432 3397 2449 
3 3397 1432 1788 
3 2245 3144 1199 
3 1199 3144 2291 
3 3144 1432 2449 
3 1432 3144 2245 
3 3980 3144 2449 
3 3144 3980 2291 
3 1432 3786 1788 
3 3786 1432 2245 
3 996 3297 461 
3 3168 996 461 
3 325 996 3168 
3 1870 996 325 
3 2082 3297 2403 
3 3297 2082 804 
3 804 2082 1988 
3 2082 5 1988 
3 1249 2082 2403 
3 2082 1249 1338 
3 3508 2082 1338 
3 5 2082 3508 
3 2746 3921 1870 
3 3297 3921 2403 
3 3921 996 1870 
3 996 3921 3297 
3 3921 2746 744 
3 153 2678 3259 
3 2678 1347 3259 
3 1347 2678 1361 
3 1834 2571 1002 
3 3329 2571 1834 
3 2823 2571 3329 
3 3823 3714 3493 
3 3038 3823 3493 
3 1894 2931 3714 
3 2937 1894 3714 
3 1894 2937 2931 
3 730 286 2749 
3 286 1395 3151 
3 286 730 1395 
3 3490 3485 1071 
3 3485 161 1071 
3 161 3485 3490 
3 1173 1025 1982 
3 798 1025 1173 
3 1025 798 1940 
3 1335 1025 1940 
3 1025 1335 1982 
3 1269 3284 1944 
3 3284 2686 1944 
3 263 3284 1269 
3 3284 263 3840 
3 752 3284 3840 
3 2686 3284 2739 
3 3284 752 2739 
3 1067 2949 145 
3 676 265 1885 
3 265 1510 1885 
3 265 676 3696 
3 1510 265 3696 
3 2058 2810 2888 
3 2810 2058 1276 
3 2508 975 1812 
3 228 3559 2888 
3 3559 2058 2888 
3 975 3559 228 
3 3559 975 2508 
3 3559 2508 1276 
3 2058 3559 1276 
3 3054 552 1940 
3 552 2507 1940 
3 2507 552 3054 
3 2507 110 1940 
3 2371 766 3493 
3 766 3038 3493 
3 2578 493 23 
3 202 2507 1812 
3 202 110 2507 
3 110 202 1940 
3 202 2617 1940 
3 202 2578 2617 
3 31 153 3874 
3 2831 31 3874 
3 2323 3210 1539 
3 2323 2831 3210 
3 3212 2323 1539 
3 2286 3539 2806 
3 3765 2286 2806 
3 2286 3765 656 
3 1860 2286 656 
3 2286 1860 1702 
3 3539 2286 1702 
3 1860 1232 1231 
3 3765 1232 1860 
3 1231 1232 3493 
3 1232 3765 3493 
3 2371 1738 2806 
3 1738 3765 2806 
3 3765 1738 2371 
3 643 2333 211 
3 2333 643 1772 
3 169 2333 1772 
3 903 169 2985 
3 3038 903 2985 
3 903 766 1952 
3 766 903 3038 
3 2216 964 3845 
3 964 2216 1772 
3 643 964 1772 
3 3845 964 1167 
3 964 643 1167 
3 2216 267 1772 
3 169 267 2985 
3 2968 243 2550 
3 2968 2216 243 
3 3714 2968 2550 
3 2968 267 2216 
3 1663 2244 3529 
3 1663 1528 989 
3 1663 3529 1528 
3 1663 989 1121 
3 2244 1663 1121 
3 2071 2823 3529 
3 2071 1046 1834 
3 2839 457 2342 
3 3703 2839 1303 
3 2839 2342 1303 
3 2839 3703 3143 
3 457 2839 3143 
3 3225 1199 2291 
3 457 3225 2291 
3 3225 457 1199 
3 701 799 1209 
3 799 701 3986 
3 701 1209 624 
3 3986 701 624 
3 799 2466 3821 
3 2466 137 283 
3 137 3575 3143 
3 3575 457 3143 
3 3575 2466 2245 
3 2466 3575 137 
3 3575 2245 1199 
3 457 3575 1199 
3 2416 799 3986 
3 1629 2416 3986 
3 2416 2466 799 
3 2416 1629 1788 
3 3786 2416 1788 
3 2004 3921 744 
3 1183 2004 744 
3 1844 2004 1183 
3 3921 2004 2403 
3 2838 1652 2462 
3 2462 1652 817 
3 1652 1827 1347 
3 1652 989 817 
3 1652 1347 989 
3 1347 682 2838 
3 1827 682 1347 
3 682 1652 2838 
3 1652 682 1827 
3 3823 2378 3714 
3 2378 3038 2985 
3 3038 2378 3823 
3 3310 3643 2749 
3 286 3310 2749 
3 3310 286 3151 
3 2686 465 1944 
3 465 145 1944 
3 465 1067 145 
3 45 869 2739 
3 1281 869 45 
3 869 1281 2949 
3 1204 3876 899 
3 23 1384 899 
3 1384 493 899 
3 493 1384 23 
3 366 493 2578 
3 366 1204 899 
3 493 366 899 
3 3717 31 2831 
3 2323 3717 2831 
3 1618 3212 1361 
3 1618 2323 3212 
3 2333 3388 211 
3 3388 2333 169 
3 3388 903 1952 
3 903 3388 169 
3 2984 169 1772 
3 267 2984 1772 
3 2984 267 169 
3 757 2968 3714 
3 2968 757 267 
3 2378 757 3714 
3 267 757 2985 
3 757 2378 2985 
3 2071 3710 1046 
3 3710 2071 3529 
3 1046 3710 3908 
3 3710 2069 3908 
3 3710 3529 2069 
3 1252 2071 1834 
3 2071 1252 2823 
3 1252 1834 1002 
3 2571 1252 1002 
3 1252 2571 2823 
3 139 283 3821 
3 2466 139 3821 
3 139 2466 283 
3 2466 1396 2245 
3 2416 1396 2466 
3 1396 3786 2245 
3 1396 2416 3786 
3 123 2004 1844 
3 3437 123 1183 
3 123 1844 1183 
3 3567 123 3437 
3 123 3567 3805 
3 123 3805 2403 
3 2004 123 2403 
3 3643 826 3874 
3 3310 826 3643 
3 826 3151 3874 
3 826 3310 3151 
3 465 1117 1067 
3 869 1117 2739 
3 1117 2686 2739 
3 1067 1117 2949 
3 1117 869 2949 
3 3876 3515 899 
3 3515 2371 899 
3 3515 766 2371 
3 766 3515 1952 
3 2298 202 1812 
3 975 2298 1812 
3 2298 975 228 
3 366 3589 1204 
3 3589 3876 1204 
3 202 3589 2578 
3 3589 366 2578 
3 2298 3589 202 
3 3589 2298 3876 
3 1618 3564 2323 
3 3717 3564 31 
3 3564 3717 2323 
3 31 3564 153 
3 3564 1618 1361 
3 3564 2678 153 
3 2678 3564 1361 
3 3303 465 2686 
3 1117 3303 2686 
3 3303 1117 465 
3 3388 1060 211 
3 1060 3388 1952 
3 3515 1422 1952 
3 1422 1060 1952 
3 1060 401 2298 
3 2298 401 3876 
3 401 1422 3515 
3 1422 401 1060 
3 3957 197 211 
3 1060 3957 211 
3 197 3957 228 
3 3957 2298 228 
3 3957 1060 2298 
3 1706 3515 3876 
3 401 1706 3876 
3 1706 401 3515 
Vertices and facets:
- p1167(v54): -0.0022 0.035 -0.012
- p2132(v8): 0.0086 0.034 -0.0066
- p2795(v3): -0.0025 0.036 -0.0097
- p3390(v68): 0.0029 0.0036 0.00074
- p959(v35): 0.0042 0.022 0.00091
- p2653(v17): 0.0045 -0.0078 0.00015
- p547(v34): 0.0017 0.0038 0.0009
- p3547(v82): -0.0031 -0.0079 0.001
- p1704(v64): 0.00035 0.0044 0.0011
- p1031(v5): -0.0018 -0.0086 0.00099
- p1061(v85): -0.0087 0.0075 -0.00098
- p1858(v23): -0.0096 0.0071 -0.0024
- p2042(v7): -0.0055 0.034 -0.0002
- p1028(v45): -0.0095 -0.00054 -0.001
- p1153(v87): -0.0097 0.0074 -0.0028
- p3865(v89): -0.0099 0.0055 -0.004
- p851(v1): -0.01 0.0053 -0.0064
- p306(v95): 0.0093 0.029 -0.0079
- p2369(v52): 0.011 0.0047 -0.0072
- p3209(v28): 0.0093  0.03 -0.0075
- p3407(v53): 0.009 0.031 -0.0085
- p260(v96): 0.0083 0.032 -0.01
- p1430(v14): 0.0089 0.031 -0.0089
- p3242(v97): 0.0086 0.034 -0.0078
- p2301(v55): 0.0084 0.034 -0.0083
- p180(v104): -0.0059 0.033 -0.001
- p3620(v105): -0.0039 0.035 -0.00064
- p2943(v58): -0.0044 0.035 -0.01
- p3222(v30): -0.0053 0.034 -0.00096
- p1998(v110): 0.0034 0.022 0.001
- p559(v4): 0.0017 0.024 0.0011
- p1501(v111): -0.0015 -0.0083 0.00097
- p2872(v113): 0.0059 0.0025 0.00011
- p3545(v114): 0.0026 0.028 0.00091
- p2883(v61): -0.00021 0.034 0.00027
- p670(v16): 9.3e-05 0.034 0.00022
- p1389(v118): 0.0042 0.029 0.00066
- p603(v119): -0.00081 -0.009 0.00089
- p2048(v120): 0.0047 -0.0092 -0.00051
- p1361(v36): 8.2e-05 -0.0095 -0.00022
- p2817(v70): 0.0044 -0.0086 7.2e-05
- p1183(v123):  0.01 0.00084 -0.0027
- p2295(v122): 0.0094 -0.0036 -0.0018
- p744(v37): 0.011 -0.00017 -0.0031
- p1354(v72): 0.0094 0.0011 -0.0014
- p2001(v137): -0.0057 -0.0076 -0.00075
- p3089(v121): -0.0053 -0.0078 0.00047
- p3114(v22): -0.0054 -0.0079 -0.0014
- p2188(v42): -0.0055 -0.0077 0.00075
- p600(v141): 6.5e-05 0.0046 0.0011
- p1971(v47): -0.0017 0.0057 0.0011
- p3446(v143): -0.0043 -0.0077 0.001
- p3246(v142): -0.0036 -0.0073 0.001
- p3872(v146): -0.0074 -0.0056 0.0006
- p3939(v26): -0.0051 0.0076 0.00085
- p215(v13): -0.0065 -0.0046 0.0008
- p1584(v48): -0.006 0.0076 0.00064
- p3707(v147): -0.0092 -0.00071 -0.00069
- p1373(v84): -0.0084 -0.0035 0.0001
- p1908(v44): -0.008 0.0071 -0.00026
- p1085(v149): -0.01 0.0052 -0.0082
- p3543(v88): -0.0099 0.0081 -0.0075
- p1045(v150): -0.0098 0.0084 -0.0086
- p935(v77): -0.0098 0.0052 -0.009
- p1937(v40): -0.0093 0.0078 -0.01
- p717(v151): -0.01 0.0073 -0.0043
- p2936(v158): 0.011 0.0047 -0.0067
- p2351(v159): 0.0095 0.029 -0.0059
- p2709(v94): 0.011 0.0047 -0.0066
- p2601(v160): 0.0072 0.033 -0.01
- p2888(v161): 0.0074 0.031 -0.011
- p3457(v29): 0.0066 0.033 -0.011
- p1885(v162): 0.0085 0.029 -0.01
- p1109(v90): 0.008 0.028 -0.011
- p1268(v163): 0.0082 0.034 -0.0074
- p141(v169): -0.0034 0.035 -0.012
- p3845(v102): -0.005 0.034 -0.012
- p2674(v101): -0.0032 0.035 -0.0096
- p2318(v170): -0.0051 0.034 -0.011
- p1346(v171): -0.0057 0.033 -0.012
- p625(v138): -0.0085 0.00036 -0.012
- p1383(v81): -0.0079 -0.0036 -0.012
- p830(v21): -0.0058 0.033 -0.011
- p3667(v173): -0.006 0.033 -0.0097
- p140(v59): -0.0057 0.033 -0.01
- p216(v175): -0.0055 0.034 -0.0021
- p1638(v176): -0.0047 0.034 -0.0001
- p870(v177): -0.0012 0.035 -0.00084
- p2584(v106): -0.0015 0.035 -0.0011
- p483(v60): -0.0021 0.035 -3.9e-05
- p1233(v178): -0.003 0.036 -0.0014
- p247(v180): 0.0059 -0.0055 -0.00013
- p354(v112): 0.0073 -0.0054 -0.00054
- p624(v66): 0.0072 0.0014 -0.00028
- p1121(v181): 0.0061 -0.007 -0.00027
- p136(v182): 0.0012 0.026 0.0011
- p3748(v183): 0.0031 -0.0075 0.0004
- p1451(v185): 0.0037 0.025 0.00099
- p2558(v67): 0.0031 0.027 0.001
- p1830(v188): 0.0012 -0.0082 0.00064
- p989(v189): 0.0054 -0.0089 -0.00069
- p2404(v190): 0.0089 -0.0045 -0.0014
- p741(v9): 0.0081 -0.0047 -0.00089
- p3732(v191): 0.0098 -0.0034 -0.0024
- p1661(v192):  0.01 0.0029 -0.0022
- p1904(v18): 0.0096 0.0045 -0.0018
- p312(v193): 0.008 -0.0046 -0.00082
- p1473(v124): 0.0084 0.0014 -0.00075
- p1209(v194): 0.0076 0.0017 -0.0004
- p2449(v195): 0.0054  0.03 0.00028
- p325(v197): 0.011 -0.00016 -0.0039
- p3168(v125): 0.011 -0.0004 -0.0045
- p3908(v73):  0.01 -0.0036 -0.0031
- p19(v204): -0.0074 -0.0055 -0.013
- p3151(v132): -0.0049 -0.0079 -0.013
- p3163(v41): -0.0069 -0.0065 -0.012
- p1090(v139): -0.0081 -0.005 -0.012
- p588(v206): -0.005 -0.0082 -0.011
- p3401(v133): -0.0059 -0.0074 -0.012
- p3415(v134): -0.004 -0.0087 -0.011
- p1313(v79): -0.0041 -0.0086 -0.011
- p1071(v207): -0.0068 -0.0068 -0.011
- p667(v135): -0.0075 -0.0059 -0.0015
- p1207(v80): -0.0072 -0.0063 -0.0013
- p3210(v208): -0.0029 -0.009 -0.012
- p1539(v71): -0.0027 -0.0091 -0.0009
- p2249(v209): -0.0057 -0.0075 0.00031
- p64(v210): -0.0089 -0.0033 -0.011
- p2753(v212): -0.0079 -0.0054 -0.011
- p2777(v11): -0.0078 -0.0054 -0.0014
- p3400(v214): -0.0028 0.0056 0.0011
- p2334(v215): -0.0056 -0.0074 0.00094
- p2923(v83): -0.0049 -0.0071 0.001
- p1406(v144): -0.0034 0.006 0.0011
- p1666(v213): -0.0042 0.0057 0.001
- p2030(v216): -0.0073 -0.0061 8.1e-05
- p626(v136): -0.0072 -0.0062 -0.00073
- p668(v217): -0.0078 -0.0029 0.00038
- p3129(v148): -0.0075 0.0069 4.3e-05
- p2832(v218): -0.0086 -0.0018 -0.00012
- p1880(v220): -0.01 0.0076 -0.0041
- p145(v223): 0.011 0.00014 -0.0064
- p2457(v154): 0.011 0.0011 -0.0069
- p253(v91): 0.011 0.00038 -0.0081
- p1269(v224):  0.01 -0.0032 -0.0087
- p3762(v92): 0.0093 -0.004 -0.01
- p2056(v226): 0.011 0.0011 -0.0088
- p1982(v222): 0.0099 0.00049 -0.01
- p3696(v50):  0.01 0.00072 -0.01
- p208(v227): 0.011 0.0037 -0.0082
- p3672(v229): 0.011 0.0014 -0.0072
- p390(v156): 0.011 0.0018 -0.0077
- p1083(v228): 0.011 0.0029 -0.0075
- p263(v230): 0.0092 -0.005 -0.0098
- p1497(v231): 0.011 0.0025 -0.0068
- p2735(v2): 0.011 0.00039 -0.006
- p344(v232): 0.0091 0.033 -0.0058
- p1454(v233): 0.0083 0.033 -0.0091
- p514(v234): 0.0079 0.029 -0.011
- p1180(v237): 0.0087  0.03 -0.0096
- p3900(v248): -0.0041 0.035 -0.011
- p3902(v251): -0.0057 0.033 -0.012
- p3120(v252): -0.0095 -0.00019 -0.011
- p425(v219): -0.0099 0.0053 -0.0088
- p2740(v253): -0.0093 0.008 -0.01
- p943(v254): -0.0059 0.032 -0.011
- p883(v255): -0.0055 0.034 -0.0023
- p109(v256): -0.0039 0.035 -0.00013
- p749(v257): -0.0021 0.036 -0.0015
- p3669(v258): -0.0034 0.035 -0.002
- p2690(v260): 0.0014 0.026 0.0011
- p1988(v262): 0.0094  0.03 -0.0046
- p3115(v198): 0.011 0.0019 -0.005
- p461(v74): 0.011 0.0035 -0.0047
- p3421(v264): 0.0037 0.028 0.00083
- p1987(v265): 0.0039 0.023 0.00099
- p3212(v266): -0.0021 -0.0093 -0.00047
- p891(v187): -0.0027 -0.0091 -0.00038
- p3026(v267): -0.0032 -0.0089 0.00038
- p3623(v268): 0.0048 -0.0092 -0.0014
- p1528(v269): 0.0074 -0.0077 -0.0031
- p817(v75): 0.0076 -0.0077 -0.0049
- p2069(v270): 0.009 -0.005 -0.0016
- p847(v271): 0.0099 0.0036 -0.0022
- p3459(v272): 0.0066 0.033 -0.00098
- p451(v273): 0.0087 0.0017 -0.00094
- p3143(v196): 0.007 0.026 -0.0002
- p3703(v275): 0.0074 0.029 -0.00069
- p1599(v117): 0.008  0.03 -0.0014
- p1303(v69): 0.0078 0.031 -0.0012
- p3821(v277): 0.0064 0.024 0.00019
- p1332(v279): 0.011 -0.00027 -0.0046
- p544(v280): 0.011 0.0019 -0.0058
- p1834(v281): 0.0086 -0.0064 -0.0053
- p491(v201): 0.0087 -0.0064 -0.0064
- p3169(v126): 0.0094 -0.0053 -0.0058
- p2838(v283): 0.0073 -0.0077 -0.0099
- p2462(v200): 0.0077 -0.0075 -0.0058
- p2489(v127): 0.0085 -0.0066 -0.0077
- p3840(v51): 0.009 -0.0056 -0.0091
- p2962(v157): 0.0083 -0.0059 -0.011
- p1122(v284): 0.0091 -0.0056 -0.0082
- p3025(v285): 0.0088 -0.006 -0.0088
- p2533(v286): 0.0086 -0.0065 -0.0065
- p2931(v289): 0.0023 0.023 -0.013
- p3714(v203): 0.0021 0.023 -0.013
- p3493(v56): 0.0038 0.023 -0.013
- p2864(v290): -0.0074 -0.0038 -0.013
- p3812(v76): -0.0059 0.0065 -0.013
- p3572(v292): -0.0055 0.0067 -0.013
- p3886(v293): -0.0067 -0.005 -0.013
- p1395(v205): -0.0045 0.006 -0.013
- p2749(v294): -0.0025 0.0059 -0.013
- p2550(v128): 4.9e-05 0.023 -0.013
- p3490(v296): -0.0066 -0.0068 -0.012
- p1865(v297): -0.0064 -0.007 -0.00093
- p3444(v298): -0.0086 -0.0042 -0.011
- p733(v145): -0.0092 -0.0026 -0.0013
- p3684(v299): -0.0071 -0.0064 -0.011
- p3461(v300): 7.8e-06 0.024 0.0011
- p1806(v109): 6.5e-05 0.023 0.0011
- p1316(v62): -0.00023 0.025 0.001
- p3376(v301): -0.0029 0.0057 0.0011
- p572(v302): -0.0065 -0.0058 0.00082
- p3836(v303): -0.0075 -0.0059 -0.00091
- p685(v305): -0.0052 0.033 5.2e-11
- p2493(v304): -0.0077 -0.0035 0.00043
- p2687(v306): -0.0098 0.0083 -0.0085
- p1753(v307): -0.0098 0.0084 -0.0062
- p1335(v308): 0.0089 -0.0032 -0.011
- p1940(v152): 0.0085 0.0023 -0.011
- p1110(v27): 0.0081 -0.0046 -0.011
- p1173(v309): 0.0097 0.0029 -0.01
- p676(v236): 0.0099 0.0039 -0.0099
- p2949(v310): 0.011 -0.00063 -0.0045
- p1889(v311):  0.01 -0.0021 -0.0084
- p1944(v153): 0.011 -0.0021 -0.0077
- p2739(v312):  0.01 -0.0038 -0.0063
- p3755(v282): 0.0095 -0.005 -0.0054
- p2510(v313):  0.01 0.0012 -0.0095
- p2105(v314): 0.011 0.0013 -0.0086
- p3341(v155): 0.011 0.0026 -0.0088
- p269(v315): 0.011 0.0014 -0.0081
- p3625(v316): 0.009  0.03 -0.0088
- p696(v317): 0.011 0.0021 -0.0076
- p2961(v318): 0.009 -0.0045 -0.01
- p3733(v321): 0.0089  0.03 -0.0093
- p3661(v322): 0.0087  0.03 -0.0095
- p2332(v323): 0.0081 0.00085 -0.011
- p707(v238): 0.0075 0.0016 -0.012
- p2617(v324): 0.008 0.0029 -0.011
- p2797(v326): 0.0076 -0.0052 -0.011
- p272(v240): 0.0068 -0.0062 -0.012
- p314(v327): 0.0066 -0.0077 -0.011
- p1171(v328): 0.0056 -0.0062 -0.012
- p1702(v167): 0.0046 -0.0079 -0.012
- p2946(v165): 0.0059 0.002 -0.012
- p23(v329): 0.0071 0.0015 -0.012
- p899(v325): 0.0047 0.023 -0.013
- p153(v330): -4.9e-05 -0.0094 -0.013
- p1151(v242): 0.00012 -0.0092 -0.013
- p3874(v6): -0.0025 -0.0087 -0.013
- p1860(v331): 0.0017 -0.0092 -0.013
- p1231(v164): 0.0015 0.0047 -0.013
- p1066(v241): 0.0039 -0.009 -0.012
- p3259(v93): 0.0051 -0.0092 -0.011
- p3539(v332): 0.0042 -0.0077 -0.012
- p1010(v335): -0.0037 0.035 -0.011
- p3233(v337): -0.0057 0.033 -0.011
- p1558(v338): -0.0087 0.00089 -0.012
- p3153(v339): -0.0092 -0.0027 -0.011
- p1500(v340): -0.0055 0.034 -0.011
- p2316(v341): -0.0026 0.035 -6.4e-06
- p3508(v344): 0.0082 0.034 -0.0029
- p1456(v179): 0.0077 0.033 -0.0018
- p522(v345): 0.0034 0.026 0.00097
- p1788(v276): 0.0048 0.027 0.00069
- p209(v346): -0.0029 -0.009 -0.00012
- p1046(v347): 0.0091 -0.0056 -0.0031
- p3753(v199): 0.0094 -0.0052 -0.0047
- p2342(v351): 0.0072 0.031 -0.00079
- p2291(v274): 0.0067 0.031 -0.00037
- p3980(v352): 0.0051 0.032 -0.00017
- p3397(v353): 0.0045 0.029 0.00065
- p3597(v354): 0.008 0.0023 -0.00056
- p283(v355): 0.0068 0.025 -3.9e-05
- p3986(v357): 0.005 0.023 0.00074
- p3297(v358): 0.0091 0.029 -0.0034
- p804(v343): 0.0093  0.03 -0.0044
- p2746(v359): 0.011 0.0019 -0.0037
- p1870(v278): 0.011 0.0025 -0.0038
- p1347(v360): 0.0054 -0.0092 -0.011
- p3329(v361): 0.0079 -0.0074 -0.0056
- p2866(v362): -0.0015 -0.0083 -0.013
- p2937(v365): 0.00035 0.0051 -0.013
- p2865(v202): -0.00028 0.005 -0.013
- p243(v366): -0.00025 0.025 -0.013
- p1636(v250): -0.00023 0.026 -0.013
- p2482(v367): -0.0058 -0.0069 -0.013
- p2180(v368): -0.0068 -0.0051 -0.013
- p730(v369): -0.0034 0.0065 -0.013
- p3643(v370): -0.0015 0.0052 -0.013
- p453(v371): -0.0044 -0.0084 -0.012
- p1506(v295): -0.0047 -0.0082 -0.012
- p2455(v372): -0.0051 -0.008 -0.012
- p161(v373): -0.0068 -0.0066 -0.012
- p2975(v374): -0.007 -0.0064 -0.012
- p1144(v375): 0.0007 0.024 0.0011
- p1962(v376): -0.0079 -0.0052 0.00042
- p1225(v377): -0.0098 0.0083 -0.0083
- p398(v378): 0.0093 0.0053 -0.01
- p798(v379): 0.0096 0.0019 -0.01
- p3054(v221): 0.0092 0.0033 -0.011
- p45(v381):  0.01 -0.0034 -0.0036
- p1281(v382):  0.01 -0.0031 -0.0054
- p752(v383): 0.0095 -0.005 -0.0075
- p2319(v384):  0.01 0.0012 -0.0093
- p1510(v386):  0.01 0.0033 -0.0094
- p1329(v387): 0.009  0.03 -0.0087
- p197(v388): 0.0056  0.03 -0.012
- p228(v319): 0.0059  0.03 -0.012
- p1624(v247): 0.0047 0.031 -0.012
- p2810(v389): 0.0077 0.029 -0.011
- p1276(v320): 0.0071 0.027 -0.012
- p2507(v391): 0.0071 0.026 -0.012
- p2508(v390): 0.0067 0.028 -0.012
- p1812(v235): 0.0063 0.027 -0.012
- p2371(v392): 0.0045 0.023 -0.013
- p2578(v393): 0.0058 0.023 -0.012
- p3059(v395): 0.008 -0.0048 -0.011
- p298(v396): 0.0069 -0.0078 -0.011
- p17(v397): 0.0056 -0.0084 -0.012
- p2831(v398): -0.0018 -0.0093 -0.012
- p3765(v399): 0.003 0.0038 -0.013
- p656(v244): 0.0018 -0.0091 -0.013
- p988(v400): 0.0045 0.0035 -0.012
- p2806(v245): 0.0041 0.0038 -0.013
- p643(v401): 0.00013 0.034 -0.012
- p211(v100): 0.004 0.029 -0.013
- p2216(v403): 5.9e-05 0.027 -0.013
- p1249(v404): 0.0087 0.032 -0.0028
- p3805(v342): 0.0088 0.031 -0.0028
- p2403(v184): 0.009  0.03 -0.0031
- p1338(v263): 0.0088 0.032 -0.0031
- p5(v405): 0.0091 0.033 -0.0045
- p1629(v406): 0.0042 0.025 0.00091
- p2657(v407): 0.0093 -0.0053 -0.0049
- p2244(v408): 0.008 -0.0063 -0.0013
- p3529(v348): 0.0086 -0.0061 -0.0019
- p2823(v409): 0.0082 -0.0068 -0.0032
- p1616(v410):  0.01 0.0034 -0.0023
- p3437(v349):  0.01 0.004 -0.0024
- p3567(v412): 0.0084  0.03 -0.0019
- p457(v413): 0.0069  0.03 -0.00042
- p799(v414): 0.0056 0.024 0.00053
- p137(v415): 0.0067 0.026 1.8e-06
- p1432(v416): 0.005 0.028 0.0006
- p3144(v417): 0.006  0.03 4.2e-05
- p2245(v356): 0.006 0.028 0.00029
- p1199(v350): 0.0066  0.03 -0.00025
- p3786(v418): 0.0052 0.027 0.0006
- p996(v419): 0.011 0.0032 -0.004
- p2082(v420): 0.009 0.032 -0.0039
- p3921(v421): 0.011 0.0025 -0.0034
- p2678(v424): 0.00039 -0.0095 -0.012
- p2571(v425): 0.0081 -0.0071 -0.0051
- p1002(v19): 0.0083 -0.0069 -0.0048
- p3823(v426): 0.0027 0.024 -0.013
- p3038(v427): 0.0032 0.024 -0.013
- p1894(v428): 0.0022 0.023 -0.013
- p286(v429): -0.0045 -0.0056 -0.013
- p3485(v430): -0.0068 -0.0067 -0.012
- p1025(v431): 0.0098 0.00096 -0.01
- p3284(v432):  0.01 -0.0035 -0.0086
- p2686(v380):  0.01 -0.0034 -0.008
- p1067(v433):  0.01 -0.0026 -0.007
- p265(v434): 0.0099 0.004 -0.0099
- p2058(v435): 0.0073 0.029 -0.011
- p975(v436): 0.006 0.029 -0.012
- p3559(v437): 0.007  0.03 -0.012
- p552(v438): 0.0087 0.0051 -0.011
- p110(v439): 0.0066 0.024 -0.012
- p766(v440): 0.0044 0.025 -0.013
- p493(v441): 0.0054 0.022 -0.013
- p202(v442): 0.0061 0.025 -0.012
- p31(v443): -0.00086 -0.0094 -0.013
- p2323(v444): -0.0015 -0.0094 -0.012
- p2286(v445): 0.0028 -0.0082 -0.012
- p1232(v446): 0.0025 0.0042 -0.013
- p1738(v447): 0.0035 0.0039 -0.013
- p2333(v448): 0.00085 0.033 -0.012
- p1772(v334): 0.0003 0.033 -0.012
- p169(v402): 0.0026 0.028 -0.013
- p903(v450): 0.0032 0.027 -0.013
- p2985(v363): 0.0028 0.025 -0.013
- p1952(v288): 0.0038 0.028 -0.013
- p964(v451): -0.0033 0.034 -0.012
- p267(v452): 0.0017 0.027 -0.013
- p2968(v453): 0.00045 0.026 -0.013
- p1663(v454): 0.0072 -0.0073 -0.0012
- p2071(v455): 0.0086 -0.0063 -0.0029
- p2839(v456): 0.0074 0.029 -0.00068
- p3225(v457): 0.0069  0.03 -0.0004
- p701(v458): 0.0057 0.021 0.00049
- p2466(v459): 0.0062 0.026 0.00026
- p3575(v460): 0.0067 0.027 -2.5e-05
- p2416(v461): 0.0054 0.025 0.0006
- p2004(v462):  0.01 0.003 -0.0031
- p1844(v411):  0.01 0.0019 -0.0028
- p1652(v463): 0.0068 -0.0082 -0.0083
- p1827(v422): 0.0066 -0.0084 -0.0094
- p682(v464): 0.0065 -0.0084 -0.0097
- p2378(v465): 0.0027 0.025 -0.013
- p3310(v466): -0.0035 -0.0073 -0.013
- p465(v467):  0.01 -0.0026 -0.0072
- p869(v468):  0.01 -0.0032 -0.0056
- p3876(v469): 0.005 0.026 -0.013
- p1204(v394): 0.0054 0.024 -0.013
- p1384(v470): 0.0053 0.022 -0.013
- p366(v471): 0.0055 0.024 -0.013
- p3717(v473): -0.0015 -0.0094 -0.012
- p1618(v474): -0.0015 -0.0094 -0.00079
- p3388(v475): 0.0034 0.029 -0.013
- p2984(v476): 0.0022 0.028 -0.013
- p757(v477): 0.0018 0.026 -0.013
- p3710(v478): 0.009 -0.0056 -0.0025
- p1252(v479): 0.0084 -0.0066 -0.0044
- p139(v480): 0.0064 0.025 0.00015
- p1396(v481): 0.006 0.026 0.00036
- p123(v482):  0.01 0.0042 -0.0028
- p826(v483): -0.0033 -0.0074 -0.013
- p1117(v484):  0.01 -0.0029 -0.0068
- p3515(v485): 0.0046 0.026 -0.013
- p2298(v486): 0.0056 0.028 -0.012
- p3589(v487): 0.0059 0.025 -0.012
- p3564(v488): -0.00075 -0.0095 -0.011
- p3303(v489):  0.01 -0.0028 -0.0071
- p1060(v490): 0.005 0.029 -0.013
- p1422(v491): 0.0045 0.028 -0.013
- p401(v492): 0.005 0.028 -0.013
- p3957(v493): 0.0054 0.029 -0.012
- p1706(v494): 0.005 0.027 -0.013
- f226
    - flags: top simplicial
    - normal:    0.1351   0.9895 -0.05048
    - offset: -0.03539202
    - vertices: p1167(v54) p2132(v8) p2795(v3)
    - neighboring facets: f1316 f834 f804
- f299
    - flags: top simplicial
    - normal:    0.1896 -0.02337   0.9816
    - offset: -0.001184759
    - vertices: p3390(v68) p959(v35) p2653(v17)
    - neighboring facets: f535 f909 f300
- f300
    - flags: bottom simplicial
    - normal:    0.1422 -0.01994   0.9896
    - offset: -0.001067645
    - vertices: p3390(v68) p959(v35) p547(v34)
    - neighboring facets: f523 f939 f299
- f384
    - flags: top simplicial
    - normal:   0.03332 -0.01264   0.9994
    - offset: -0.001032054
    - vertices: p3547(v82) p1704(v64) p1031(v5)
    - neighboring facets: f528 f695 f683
- f400
    - flags: top simplicial
    - normal:   -0.8523  0.09003   0.5152
    - offset: -0.00758256
    - vertices: p1061(v85) p1858(v23) p2042(v7)
    - neighboring facets: f410 f724 f401
- f401
    - flags: top simplicial
    - normal:   -0.8517  0.07997    0.518
    - offset: -0.007498875
    - vertices: p1061(v85) p1028(v45) p1858(v23)
    - neighboring facets: f408 f400 f722
- f408
    - flags: bottom simplicial
    - normal:   -0.9098  0.06021   0.4107
    - offset: -0.008173027
    - vertices: p1153(v87) p1028(v45) p1858(v23)
    - neighboring facets: f401 f410 f742
- f410
    - flags: bottom simplicial
    - normal:   -0.8897   0.1016    0.445
    - offset: -0.00819106
    - vertices: p1153(v87) p1858(v23) p2042(v7)
    - neighboring facets: f400 f496 f408
- f420
    - flags: top simplicial
    - normal:   -0.9975  -0.0541  0.04468
    - offset: -0.009449974
    - vertices: p3865(v89) p1028(v45) p851(v1)
    - neighboring facets: f1296 f741 f743
- f449
    - flags: top simplicial
    - normal:    0.9838  0.05819  -0.1695
    - offset: -0.01220293
    - vertices: p306(v95) p2369(v52) p3209(v28)
    - neighboring facets: f777 f450 f1166
- f450
    - flags: bottom simplicial
    - normal:    0.9744  0.07876  -0.2104
    - offset: -0.01303761
    - vertices: p306(v95) p3407(v53) p3209(v28)
    - neighboring facets: f1190 f449 f2003
- f455
    - flags: bottom simplicial
    - normal:    0.9208   0.1691  -0.3514
    - offset: -0.01656006
    - vertices: p260(v96) p3407(v53) p1430(v14)
    - neighboring facets: f1631 f1212 f463
- f462
    - flags: bottom simplicial
    - normal:    0.2449   0.9115  -0.3303
    - offset: -0.03568053
    - vertices: p3242(v97) p2301(v55) p1167(v54)
    - neighboring facets: f791 f806 f464
- f463
    - flags: top simplicial
    - normal:     0.921   0.2115  -0.3271
    - offset: -0.01767215
    - vertices: p3242(v97) p260(v96) p3407(v53)
    - neighboring facets: f455 f1191 f464
- f464
    - flags: bottom simplicial
    - normal:    0.9033   0.2423  -0.3541
    - offset: -0.01877884
    - vertices: p3242(v97) p260(v96) p2301(v55)
    - neighboring facets: f1194 f462 f463
- f496
    - flags: bottom simplicial
    - normal:   -0.9353   0.1201   0.3328
    - offset: -0.009081094
    - vertices: p180(v104) p1153(v87) p2042(v7)
    - neighboring facets: f410 f865 f1126
- f504
    - flags: bottom simplicial
    - normal:   -0.6426    0.766  0.01449
    - offset: -0.02947683
    - vertices: p3620(v105) p2943(v58) p3222(v30)
    - neighboring facets: f836 f870 f1271
- f523
    - flags: top simplicial
    - normal:    0.1401 -0.01964   0.9899
    - offset: -0.00106525
    - vertices: p1998(v110) p959(v35) p547(v34)
    - neighboring facets: f300 f524 f1350
- f524
    - flags: bottom simplicial
    - normal:    0.1152 -0.01738   0.9932
    - offset: -0.001033263
    - vertices: p1998(v110) p1704(v64) p547(v34)
    - neighboring facets: f573 f523 f525
- f525
    - flags: top simplicial
    - normal:   0.05533 -0.006886   0.9984
    - offset: -0.001063971
    - vertices: p1998(v110) p1704(v64) p559(v4)
    - neighboring facets: f685 f1348 f524
- f528
    - flags: bottom simplicial
    - normal:    0.0566 -0.01655   0.9983
    - offset: -0.001021884
    - vertices: p1501(v111) p1704(v64) p1031(v5)
    - neighboring facets: f384 f569 f571
- f535
    - flags: bottom simplicial
    - normal:    0.1953 -0.02328   0.9805
    - offset: -0.00120965
    - vertices: p2872(v113) p959(v35) p2653(v17)
    - neighboring facets: f299 f894 f1841
- f542
    - flags: top simplicial
    - normal:   0.02579   0.1348   0.9905
    - offset: -0.004805013
    - vertices: p3545(v114) p2883(v61) p670(v16)
    - neighboring facets: f1757 f564 f902
- f564
    - flags: top simplicial
    - normal:   0.08236   0.1593   0.9838
    - offset: -0.005640587
    - vertices: p1389(v118) p3545(v114) p670(v16)
    - neighboring facets: f542 f978 f1347
- f569
    - flags: bottom simplicial
    - normal:   0.07571 -0.04369   0.9962
    - offset: -0.001217593
    - vertices: p603(v119) p1501(v111) p1031(v5)
    - neighboring facets: f528 f1360 f571
- f571
    - flags: top simplicial
    - normal:    0.0956 -0.02214   0.9952
    - offset: -0.001007691
    - vertices: p603(v119) p1501(v111) p1704(v64)
    - neighboring facets: f528 f573 f569
- f573
    - flags: top simplicial
    - normal:    0.1125 -0.02359   0.9934
    - offset: -0.00100531
    - vertices: p603(v119) p1704(v64) p547(v34)
    - neighboring facets: f524 f937 f571
- f576
    - flags: bottom simplicial
    - normal:   0.08511  -0.8715    0.483
    - offset: -0.008161932
    - vertices: p2048(v120) p603(v119) p1361(v36)
    - neighboring facets: f1364 f1862 f577
- f577
    - flags: top simplicial
    - normal:     0.154  -0.6778    0.719
    - offset: -0.006582638
    - vertices: p2048(v120) p603(v119) p2817(v70)
    - neighboring facets: f935 f947 f576
- f595
    - flags: bottom simplicial
    - normal:     0.809 -0.06324   0.5844
    - offset: -0.00676213
    - vertices: p1183(v123) p2295(v122) p744(v37)
    - neighboring facets: f958 f2394 f596
- f596
    - flags: top simplicial
    - normal:    0.7944 -0.05619   0.6048
    - offset: -0.006561892
    - vertices: p1183(v123) p2295(v122) p1354(v72)
    - neighboring facets: f950 f962 f595
- f658
    - flags: top simplicial
    - normal:   -0.5993   -0.799  0.04973
    - offset: -0.009464328
    - vertices: p2001(v137) p3089(v121) p3114(v22)
    - neighboring facets: f1366 f1522 f659
- f659
    - flags: bottom simplicial
    - normal:   -0.6009  -0.7977  0.05059
    - offset: -0.009463315
    - vertices: p2001(v137) p3089(v121) p2188(v42)
    - neighboring facets: f1361 f1056 f658
- f682
    - flags: top simplicial
    - normal:    0.0173 -0.008225   0.9998
    - offset: -0.001046997
    - vertices: p600(v141) p3547(v82) p1971(v47)
    - neighboring facets: f1090 f684 f683
- f683
    - flags: bottom simplicial
    - normal:   0.01939 -0.008751   0.9998
    - offset: -0.001044658
    - vertices: p600(v141) p3547(v82) p1704(v64)
    - neighboring facets: f384 f685 f682
- f684
    - flags: top simplicial
    - normal:   0.01971 -0.004321   0.9998
    - offset: -0.001065197
    - vertices: p600(v141) p1971(v47) p559(v4)
    - neighboring facets: f1092 f685 f682
- f685
    - flags: bottom simplicial
    - normal:   0.02295  -0.0046   0.9997
    - offset: -0.001064041
    - vertices: p600(v141) p1704(v64) p559(v4)
    - neighboring facets: f525 f684 f683
- f692
    - flags: top simplicial
    - normal:  -0.00546 -0.006604        1
    - offset: -0.001104377
    - vertices: p3446(v143) p3246(v142) p3547(v82)
    - neighboring facets: f1091 f695 f1087
- f694
    - flags: bottom simplicial
    - normal:    -0.195  -0.6029   0.7736
    - offset: -0.006288886
    - vertices: p3446(v143) p2188(v42) p1031(v5)
    - neighboring facets: f1359 f695 f1099
- f695
    - flags: top simplicial
    - normal:  -0.01884  -0.1074    0.994
    - offset: -0.001934457
    - vertices: p3446(v143) p3547(v82) p1031(v5)
    - neighboring facets: f384 f694 f692
- f713
    - flags: top simplicial
    - normal:   -0.2298  0.02152    0.973
    - offset: -0.002174223
    - vertices: p3872(v146) p3939(v26) p215(v13)
    - neighboring facets: f1552 f1549 f714
- f714
    - flags: top simplicial
    - normal:   -0.2447  0.02417   0.9693
    - offset: -0.002267669
    - vertices: p3872(v146) p1584(v48) p3939(v26)
    - neighboring facets: f1569 f713 f1566
- f721
    - flags: top simplicial
    - normal:   -0.7491 -0.02591    0.662
    - offset: -0.00643216
    - vertices: p3707(v147) p1373(v84) p1028(v45)
    - neighboring facets: f1944 f722 f1116
- f722
    - flags: bottom simplicial
    - normal:   -0.7261  0.06618   0.6844
    - offset: -0.006141125
    - vertices: p3707(v147) p1061(v85) p1028(v45)
    - neighboring facets: f401 f721 f724
- f723
    - flags: bottom simplicial
    - normal:   -0.6457  0.05883   0.7613
    - offset: -0.005355416
    - vertices: p3707(v147) p1908(v44) p2042(v7)
    - neighboring facets: f1118 f724 f1115
- f724
    - flags: top simplicial
    - normal:   -0.7017  0.06562   0.7095
    - offset: -0.005899723
    - vertices: p3707(v147) p1061(v85) p2042(v7)
    - neighboring facets: f400 f723 f722
- f729
    - flags: top simplicial
    - normal:   -0.9978  0.04004  -0.0536
    - offset: -0.0105869
    - vertices: p1085(v149) p3543(v88) p851(v1)
    - neighboring facets: f744 f1295 f1952
- f735
    - flags: top simplicial
    - normal:   -0.9481  0.06724  -0.3108
    - offset: -0.0124759
    - vertices: p1045(v150) p935(v77) p1937(v40)
    - neighboring facets: f1290 f1299 f1576
- f741
    - flags: top simplicial
    - normal:   -0.9988 -0.02311  0.04323
    - offset: -0.009637635
    - vertices: p717(v151) p3865(v89) p851(v1)
    - neighboring facets: f420 f744 f743
- f742
    - flags: top simplicial
    - normal:   -0.9853 0.006351   0.1707
    - offset: -0.009169717
    - vertices: p717(v151) p1153(v87) p1028(v45)
    - neighboring facets: f408 f743 f1124
- f743
    - flags: bottom simplicial
    - normal:   -0.9892 -0.00396   0.1465
    - offset: -0.00923748
    - vertices: p717(v151) p3865(v89) p1028(v45)
    - neighboring facets: f420 f742 f741
- f744
    - flags: bottom simplicial
    - normal:   -0.9984  0.05152 -0.02415
    - offset: -0.01046519
    - vertices: p717(v151) p3543(v88) p851(v1)
    - neighboring facets: f729 f741 f1582
- f777
    - flags: bottom simplicial
    - normal:    0.9899  0.05892   -0.129
    - offset: -0.01197856
    - vertices: p2936(v158) p2369(v52) p3209(v28)
    - neighboring facets: f449 f784 f1182
- f784
    - flags: bottom simplicial
    - normal:    0.9959  0.06117 -0.06682
    - offset: -0.01163802
    - vertices: p2351(v159) p2936(v158) p3209(v28)
    - neighboring facets: f777 f1187 f785
- f785
    - flags: top simplicial
    - normal:    0.9965   0.0609 -0.05797
    - offset: -0.01158366
    - vertices: p2351(v159) p2936(v158) p2709(v94)
    - neighboring facets: f1186 f1441 f784
- f791
    - flags: top simplicial
    - normal:    0.2746   0.8492  -0.4511
    - offset: -0.0348256
    - vertices: p2601(v160) p2301(v55) p1167(v54)
    - neighboring facets: f462 f2082 f1195
- f794
    - flags: top simplicial
    - normal:    0.4666   0.3657  -0.8053
    - offset: -0.02381733
    - vertices: p2888(v161) p2601(v160) p3457(v29)
    - neighboring facets: f2081 f2005 f795
- f795
    - flags: bottom simplicial
    - normal:    0.6104   0.3475  -0.7118
    - offset: -0.02327849
    - vertices: p2888(v161) p2601(v160) p260(v96)
    - neighboring facets: f1196 f1199 f794
- f800
    - flags: top simplicial
    - normal:    0.8009  0.06705   -0.595
    - offset: -0.01473263
    - vertices: p1885(v162) p260(v96) p1109(v90)
    - neighboring facets: f1197 f1592 f1213
- f804
    - flags: bottom simplicial
    - normal:     0.182   0.9715  -0.1521
    - offset: -0.03584534
    - vertices: p1268(v163) p1167(v54) p2132(v8)
    - neighboring facets: f226 f805 f806
- f805
    - flags: top simplicial
    - normal:    0.2786   0.9395  -0.1992
    - offset: -0.03589195
    - vertices: p1268(v163) p3242(v97) p2132(v8)
    - neighboring facets: f1188 f804 f806
- f806
    - flags: bottom simplicial
    - normal:    0.2205   0.9423  -0.2518
    - offset: -0.03590075
    - vertices: p1268(v163) p3242(v97) p1167(v54)
    - neighboring facets: f462 f804 f805
- f831
    - flags: top simplicial
    - normal:   -0.1832   0.4572  -0.8703
    - offset: -0.02685487
    - vertices: p141(v169) p3845(v102) p1167(v54)
    - neighboring facets: f2341 f834 f1731
- f834
    - flags: top simplicial
    - normal:  -0.05923   0.9946 -0.08566
    - offset: -0.03640676
    - vertices: p141(v169) p1167(v54) p2795(v3)
    - neighboring facets: f226 f835 f831
- f835
    - flags: bottom simplicial
    - normal:   -0.1829   0.9827 -0.02814
    - offset: -0.03574012
    - vertices: p141(v169) p2674(v101) p2795(v3)
    - neighboring facets: f882 f834 f1733
- f836
    - flags: top simplicial
    - normal:   -0.6853   0.7283 0.006418
    - offset: -0.02842315
    - vertices: p2318(v170) p2943(v58) p3222(v30)
    - neighboring facets: f504 f1308 f1269
- f845
    - flags: top simplicial
    - normal:   -0.5519    0.045  -0.8327
    - offset: -0.01448675
    - vertices: p1346(v171) p625(v138) p1383(v81)
    - neighboring facets: f1291 f1491 f1742
- f850
    - flags: bottom simplicial
    - normal:   -0.9677   0.1325  -0.2144
    - offset: -0.01239108
    - vertices: p1346(v171) p1045(v150) p830(v21)
    - neighboring facets: f1578 f1739 f1301
- f859
    - flags: bottom simplicial
    - normal:   -0.9645   0.2628  -0.0277
    - offset: -0.01457405
    - vertices: p3667(v173) p140(v59) p830(v21)
    - neighboring facets: f1286 f1303 f860
- f860
    - flags: bottom simplicial
    - normal:   -0.9573   0.2891 0.0007911
    - offset: -0.01511359
    - vertices: p3667(v173) p180(v104) p140(v59)
    - neighboring facets: f1305 f859 f1584
- f864
    - flags: top simplicial
    - normal:   -0.8939   0.4402  0.08493
    - offset: -0.01963525
    - vertices: p216(v175) p3222(v30) p2042(v7)
    - neighboring facets: f869 f865 f1309
- f865
    - flags: bottom simplicial
    - normal:   -0.9017   0.4244  0.08251
    - offset: -0.01914963
    - vertices: p216(v175) p180(v104) p2042(v7)
    - neighboring facets: f496 f864 f1306
- f869
    - flags: bottom simplicial
    - normal:   -0.7449   0.6182   0.2508
    - offset: -0.02475528
    - vertices: p1638(v176) p3222(v30) p2042(v7)
    - neighboring facets: f864 f1568 f870
- f870
    - flags: bottom simplicial
    - normal:    -0.653   0.7446   0.1381
    - offset: -0.0286843
    - vertices: p1638(v176) p3620(v105) p3222(v30)
    - neighboring facets: f504 f869 f1312
- f875
    - flags: top simplicial
    - normal:     0.222   0.9538   0.2025
    - offset: -0.03324688
    - vertices: p870(v177) p2584(v106) p2132(v8)
    - neighboring facets: f1317 f1775 f876
- f876
    - flags: bottom simplicial
    - normal:    0.1297   0.9444   0.3023
    - offset: -0.03294053
    - vertices: p870(v177) p2584(v106) p483(v60)
    - neighboring facets: f1313 f1776 f875
- f879
    - flags: bottom simplicial
    - normal:  -0.06409   0.9556   0.2875
    - offset: -0.03375062
    - vertices: p1233(v178) p3620(v105) p483(v60)
    - neighboring facets: f1310 f1314 f1319
- f882
    - flags: top simplicial
    - normal:   -0.1783    0.984 -0.0007673
    - offset: -0.03550677
    - vertices: p1233(v178) p2674(v101) p2795(v3)
    - neighboring facets: f835 f1315 f1318
- f893
    - flags: bottom simplicial
    - normal:    0.2728 -0.03342   0.9615
    - offset: -0.001657678
    - vertices: p247(v180) p354(v112) p624(v66)
    - neighboring facets: f969 f895 f898
- f894
    - flags: bottom simplicial
    - normal:    0.2542  -0.0315   0.9666
    - offset: -0.001537221
    - vertices: p247(v180) p2872(v113) p2653(v17)
    - neighboring facets: f535 f897 f895
- f895
    - flags: top simplicial
    - normal:    0.2637 -0.03153   0.9641
    - offset: -0.00159365
    - vertices: p247(v180) p2872(v113) p624(v66)
    - neighboring facets: f1842 f893 f894
- f896
    - flags: top simplicial
    - normal:    0.3052  -0.1266   0.9439
    - offset: -0.002502163
    - vertices: p1121(v181) p2817(v70) p2653(v17)
    - neighboring facets: f934 f897 f948
- f897
    - flags: bottom simplicial
    - normal:     0.269 -0.04062   0.9623
    - offset: -0.00167422
    - vertices: p1121(v181) p247(v180) p2653(v17)
    - neighboring facets: f894 f896 f898
- f898
    - flags: top simplicial
    - normal:    0.2731 -0.03976   0.9612
    - offset: -0.001693685
    - vertices: p1121(v181) p247(v180) p354(v112)
    - neighboring facets: f893 f2126 f897
- f902
    - flags: bottom simplicial
    - normal:  -0.05749  0.09132   0.9942
    - offset: -0.003356638
    - vertices: p136(v182) p3545(v114) p2883(v61)
    - neighboring facets: f542 f1759 f1326
- f909
    - flags: top simplicial
    - normal:    0.1601 -0.02796   0.9867
    - offset: -0.001087656
    - vertices: p3748(v183) p3390(v68) p2653(v17)
    - neighboring facets: f299 f936 f938
- f924
    - flags: bottom simplicial
    - normal:   0.06515  0.02104   0.9977
    - offset: -0.001751343
    - vertices: p1451(v185) p2558(v67) p559(v4)
    - neighboring facets: f1327 f1349 f1779
- f934
    - flags: bottom simplicial
    - normal:    0.1633    -0.11   0.9804
    - offset: -0.001737959
    - vertices: p1830(v188) p2817(v70) p2653(v17)
    - neighboring facets: f896 f936 f935
- f935
    - flags: bottom simplicial
    - normal:    0.1615  -0.1215   0.9794
    - offset: -0.00182935
    - vertices: p1830(v188) p603(v119) p2817(v70)
    - neighboring facets: f577 f934 f937
- f936
    - flags: top simplicial
    - normal:     0.156 -0.04844   0.9866
    - offset: -0.001228146
    - vertices: p1830(v188) p3748(v183) p2653(v17)
    - neighboring facets: f909 f934 f938
- f937
    - flags: top simplicial
    - normal:    0.1284 -0.02677   0.9914
    - offset: -0.001019101
    - vertices: p1830(v188) p603(v119) p547(v34)
    - neighboring facets: f573 f939 f935
- f938
    - flags: bottom simplicial
    - normal:    0.1481 -0.02822   0.9886
    - offset: -0.001053851
    - vertices: p1830(v188) p3748(v183) p3390(v68)
    - neighboring facets: f909 f939 f936
- f939
    - flags: bottom simplicial
    - normal:     0.141 -0.02725   0.9896
    - offset: -0.001037674
    - vertices: p1830(v188) p3390(v68) p547(v34)
    - neighboring facets: f300 f937 f938
- f947
    - flags: top simplicial
    - normal:    0.4306  -0.5385   0.7243
    - offset: -0.006595869
    - vertices: p989(v189) p2048(v120) p2817(v70)
    - neighboring facets: f577 f948 f1371
- f948
    - flags: bottom simplicial
    - normal:    0.5071  -0.3748   0.7761
    - offset: -0.00552194
    - vertices: p989(v189) p1121(v181) p2817(v70)
    - neighboring facets: f896 f947 f2356
- f949
    - flags: bottom simplicial
    - normal:    0.5677 -0.04845   0.8218
    - offset: -0.004119201
    - vertices: p2404(v190) p1354(v72) p741(v9)
    - neighboring facets: f1401 f2128 f950
- f950
    - flags: bottom simplicial
    - normal:    0.7113 -0.06264   0.7001
    - offset: -0.005634124
    - vertices: p2404(v190) p2295(v122) p1354(v72)
    - neighboring facets: f596 f949 f1379
- f958
    - flags: top simplicial
    - normal:    0.8358 -0.08882   0.5418
    - offset: -0.007182999
    - vertices: p3732(v191) p2295(v122) p744(v37)
    - neighboring facets: f595 f989 f1380
- f961
    - flags: top simplicial
    - normal:    0.7853  0.01968   0.6188
    - offset: -0.006538913
    - vertices: p1661(v192) p1354(v72) p1904(v18)
    - neighboring facets: f1409 f1390 f962
- f962
    - flags: top simplicial
    - normal:    0.8018 0.005719   0.5976
    - offset: -0.006709878
    - vertices: p1661(v192) p1183(v123) p1354(v72)
    - neighboring facets: f596 f961 f2138
- f966
    - flags: bottom simplicial
    - normal:    0.4413 -0.07048   0.8946
    - offset: -0.003128756
    - vertices: p312(v193) p354(v112) p741(v9)
    - neighboring facets: f2127 f967 f968
- f967
    - flags: top simplicial
    - normal:    0.4667 -0.03793   0.8836
    - offset: -0.003193763
    - vertices: p312(v193) p1473(v124) p741(v9)
    - neighboring facets: f1402 f966 f968
- f968
    - flags: bottom simplicial
    - normal:    0.4059 -0.03476   0.9133
    - offset: -0.002666414
    - vertices: p312(v193) p1473(v124) p354(v112)
    - neighboring facets: f970 f966 f967
- f969
    - flags: top simplicial
    - normal:    0.3641 -0.03099   0.9308
    - offset: -0.002330342
    - vertices: p1209(v194) p354(v112) p624(v66)
    - neighboring facets: f893 f2372 f970
- f970
    - flags: top simplicial
    - normal:    0.3869 -0.03161   0.9216
    - offset: -0.002505729
    - vertices: p1209(v194) p1473(v124) p354(v112)
    - neighboring facets: f968 f969 f1825
- f978
    - flags: top simplicial
    - normal:    0.1492   0.2145   0.9653
    - offset: -0.007519497
    - vertices: p2449(v195) p1389(v118) p670(v16)
    - neighboring facets: f564 f1819 f1823
- f988
    - flags: top simplicial
    - normal:    0.9338  -0.1689   0.3155
    - offset: -0.00896469
    - vertices: p325(v197) p3168(v125) p3908(v73)
    - neighboring facets: f1599 f990 f2187
- f989
    - flags: top simplicial
    - normal:    0.9269  -0.1602   0.3394
    - offset: -0.008794405
    - vertices: p325(v197) p3732(v191) p744(v37)
    - neighboring facets: f958 f1850 f990
- f990
    - flags: bottom simplicial
    - normal:    0.9282  -0.1631   0.3345
    - offset: -0.0088283
    - vertices: p325(v197) p3732(v191) p3908(v73)
    - neighboring facets: f1381 f988 f989
- f1024
    - flags: bottom simplicial
    - normal:    -0.566  -0.4787  -0.6712
    - offset: -0.01528195
    - vertices: p19(v204) p3151(v132) p3163(v41)
    - neighboring facets: f1518 f1025 f1898
- f1025
    - flags: top simplicial
    - normal:   -0.8191   -0.502  -0.2775
    - offset: -0.01232277
    - vertices: p19(v204) p1090(v139) p3163(v41)
    - neighboring facets: f1078 f1024 f1064
- f1036
    - flags: top simplicial
    - normal:   -0.6069  -0.7948 -0.004141
    - offset: -0.009546311
    - vertices: p588(v206) p3401(v133) p3114(v22)
    - neighboring facets: f1046 f1037 f1921
- f1037
    - flags: bottom simplicial
    - normal:    -0.466  -0.8848 0.005076
    - offset: -0.009479098
    - vertices: p588(v206) p3415(v134) p3114(v22)
    - neighboring facets: f1367 f1036 f1038
- f1038
    - flags: top simplicial
    - normal:   -0.4676  -0.8833  -0.0335
    - offset: -0.009892054
    - vertices: p588(v206) p3415(v134) p1313(v79)
    - neighboring facets: f1917 f1919 f1037
- f1042
    - flags: top simplicial
    - normal:   -0.7434  -0.6689 -3.297e-05
    - offset: -0.009542965
    - vertices: p1071(v207) p667(v135) p1207(v80)
    - neighboring facets: f1556 f1520 f1534
- f1046
    - flags: bottom simplicial
    - normal:   -0.6276  -0.7785 -0.002495
    - offset: -0.00952833
    - vertices: p1071(v207) p3401(v133) p3114(v22)
    - neighboring facets: f1036 f1523 f1517
- f1049
    - flags: top simplicial
    - normal:   -0.2984  -0.9544 -0.005215
    - offset: -0.009530808
    - vertices: p3210(v208) p3415(v134) p1539(v71)
    - neighboring facets: f1368 f2307 f1918
- f1056
    - flags: bottom simplicial
    - normal:   -0.6077  -0.7925  0.05214
    - offset: -0.009461171
    - vertices: p2249(v209) p2001(v137) p2188(v42)
    - neighboring facets: f659 f1104 f1521
- f1063
    - flags: top simplicial
    - normal:   -0.7566  -0.1173  -0.6432
    - offset: -0.01435572
    - vertices: p64(v210) p19(v204) p1383(v81)
    - neighboring facets: f1489 f1292 f1064
- f1064
    - flags: bottom simplicial
    - normal:   -0.8552  -0.3555  -0.3771
    - offset: -0.01304028
    - vertices: p64(v210) p19(v204) p1090(v139)
    - neighboring facets: f1025 f1530 f1063
- f1074
    - flags: bottom simplicial
    - normal:    -0.815  -0.5794 0.0006031
    - offset: -0.009549376
    - vertices: p2753(v212) p667(v135) p2777(v11)
    - neighboring facets: f1554 f1529 f1535
- f1078
    - flags: bottom simplicial
    - normal:   -0.8078  -0.5808  -0.1009
    - offset: -0.01058127
    - vertices: p2753(v212) p1090(v139) p3163(v41)
    - neighboring facets: f1025 f1931 f1531
- f1087
    - flags: bottom simplicial
    - normal:  -0.005806 -0.006123        1
    - offset: -0.001102128
    - vertices: p3400(v214) p3446(v143) p3246(v142)
    - neighboring facets: f692 f1091 f1544
- f1090
    - flags: bottom simplicial
    - normal:  -0.003163 -0.006214        1
    - offset: -0.001094246
    - vertices: p3400(v214) p3547(v82) p1971(v47)
    - neighboring facets: f682 f1092 f1091
- f1091
    - flags: bottom simplicial
    - normal:  -0.005004 -0.006175        1
    - offset: -0.001099599
    - vertices: p3400(v214) p3246(v142) p3547(v82)
    - neighboring facets: f692 f1090 f1087
- f1092
    - flags: bottom simplicial
    - normal:  -0.004174 0.0002166        1
    - offset: -0.001132937
    - vertices: p3400(v214) p1971(v47) p559(v4)
    - neighboring facets: f684 f1938 f1090
- f1097
    - flags: bottom simplicial
    - normal:    -0.654  -0.5919    0.471
    - offset: -0.008487712
    - vertices: p2334(v215) p3872(v146) p2188(v42)
    - neighboring facets: f1103 f1099 f1550
- f1099
    - flags: top simplicial
    - normal:   -0.1997  -0.5658      0.8
    - offset: -0.006048745
    - vertices: p2334(v215) p3446(v143) p2188(v42)
    - neighboring facets: f694 f1097 f1100
- f1100
    - flags: bottom simplicial
    - normal:  -0.07166 -0.02968    0.997
    - offset: -0.001561119
    - vertices: p2334(v215) p3446(v143) p2923(v83)
    - neighboring facets: f1543 f1101 f1099
- f1101
    - flags: top simplicial
    - normal:  -0.08246  0.00258   0.9966
    - offset: -0.00138364
    - vertices: p2334(v215) p1406(v144) p2923(v83)
    - neighboring facets: f1545 f1100 f1102
- f1102
    - flags: top simplicial
    - normal:  -0.09402 0.004537   0.9956
    - offset: -0.001433274
    - vertices: p2334(v215) p1666(v213) p1406(v144)
    - neighboring facets: f1537 f1101 f1551
- f1103
    - flags: top simplicial
    - normal:   -0.6984  -0.6464   0.3074
    - offset: -0.009025589
    - vertices: p2030(v216) p3872(v146) p2188(v42)
    - neighboring facets: f1097 f1104 f1949
- f1104
    - flags: bottom simplicial
    - normal:   -0.6901  -0.7133   0.1227
    - offset: -0.009355737
    - vertices: p2030(v216) p2249(v209) p2188(v42)
    - neighboring facets: f1056 f1103 f1526
- f1109
    - flags: top simplicial
    - normal:   -0.7404  -0.6697  0.05681
    - offset: -0.009453148
    - vertices: p2030(v216) p626(v136) p1207(v80)
    - neighboring facets: f1524 f1557 f1525
- f1114
    - flags: bottom simplicial
    - normal:   -0.4437  0.04083   0.8952
    - offset: -0.003666843
    - vertices: p668(v217) p3129(v148) p1373(v84)
    - neighboring facets: f1117 f1943 f1564
- f1115
    - flags: top simplicial
    - normal:   -0.6398  0.05762   0.7663
    - offset: -0.005298643
    - vertices: p2832(v218) p3707(v147) p1908(v44)
    - neighboring facets: f723 f1118 f1116
- f1116
    - flags: bottom simplicial
    - normal:   -0.6882  0.01001   0.7254
    - offset: -0.005804786
    - vertices: p2832(v218) p3707(v147) p1373(v84)
    - neighboring facets: f721 f1117 f1115
- f1117
    - flags: top simplicial
    - normal:   -0.5223  0.04692   0.8515
    - offset: -0.004299414
    - vertices: p2832(v218) p3129(v148) p1373(v84)
    - neighboring facets: f1114 f1116 f1119
- f1118
    - flags: top simplicial
    - normal:   -0.6228  0.05665   0.7803
    - offset: -0.005152427
    - vertices: p2832(v218) p1908(v44) p2042(v7)
    - neighboring facets: f723 f1119 f1115
- f1119
    - flags: bottom simplicial
    - normal:   -0.5463  0.05006   0.8361
    - offset: -0.004501176
    - vertices: p2832(v218) p3129(v148) p2042(v7)
    - neighboring facets: f1563 f1118 f1117
- f1124
    - flags: bottom simplicial
    - normal:   -0.9845  0.05848   0.1651
    - offset: -0.009564646
    - vertices: p1880(v220) p717(v151) p1153(v87)
    - neighboring facets: f742 f1126 f1583
- f1126
    - flags: top simplicial
    - normal:   -0.9754   0.1369   0.1727
    - offset: -0.01003741
    - vertices: p1880(v220) p180(v104) p1153(v87)
    - neighboring facets: f496 f1124 f1585
- f1141
    - flags: top simplicial
    - normal:    0.9859 -0.01421  -0.1667
    - offset: -0.01206601
    - vertices: p145(v223) p2457(v154) p253(v91)
    - neighboring facets: f1172 f1601 f1184
- f1144
    - flags: bottom simplicial
    - normal:    0.9007  -0.1173  -0.4183
    - offset: -0.01312658
    - vertices: p1269(v224) p3762(v92) p253(v91)
    - neighboring facets: f1159 f1602 f1180
- f1158
    - flags: bottom simplicial
    - normal:    0.8886 -0.07856  -0.4518
    - offset:  -0.013305
    - vertices: p2056(v226) p1982(v222) p3696(v50)
    - neighboring facets: f1594 f1616 f1160
- f1159
    - flags: top simplicial
    - normal:    0.8916  -0.1024  -0.4411
    - offset: -0.01321666
    - vertices: p2056(v226) p3762(v92) p253(v91)
    - neighboring facets: f1144 f1621 f1160
- f1160
    - flags: top simplicial
    - normal:    0.8907  -0.1016  -0.4431
    - offset: -0.01322563
    - vertices: p2056(v226) p1982(v222) p3762(v92)
    - neighboring facets: f1587 f1159 f1158
- f1166
    - flags: bottom simplicial
    - normal:    0.9707  0.05568  -0.2339
    - offset: -0.01251464
    - vertices: p208(v227) p306(v95) p2369(v52)
    - neighboring facets: f449 f1637 f2001
- f1172
    - flags: bottom simplicial
    - normal:    0.9826  0.01473  -0.1852
    - offset: -0.01218986
    - vertices: p3672(v229) p2457(v154) p253(v91)
    - neighboring facets: f1141 f1173 f1175
- f1173
    - flags: top simplicial
    - normal:    0.9806  0.02281  -0.1949
    - offset: -0.01224866
    - vertices: p3672(v229) p390(v156) p253(v91)
    - neighboring facets: f1625 f1172 f1635
- f1175
    - flags: top simplicial
    - normal:    0.9871  0.04339  -0.1541
    - offset: -0.01205739
    - vertices: p3672(v229) p2457(v154) p2369(v52)
    - neighboring facets: f1181 f1176 f1172
- f1176
    - flags: bottom simplicial
    - normal:     0.985  0.04307   -0.167
    - offset: -0.01212677
    - vertices: p3672(v229) p1083(v228) p2369(v52)
    - neighboring facets: f1638 f1175 f1636
- f1180
    - flags: top simplicial
    - normal:    0.9046  -0.2021  -0.3754
    - offset: -0.01306333
    - vertices: p263(v230) p1269(v224) p3762(v92)
    - neighboring facets: f1144 f1639 f2246
- f1181
    - flags: bottom simplicial
    - normal:    0.9877  0.04381  -0.1501
    - offset: -0.0120367
    - vertices: p1497(v231) p2457(v154) p2369(v52)
    - neighboring facets: f1175 f1182 f1184
- f1182
    - flags: top simplicial
    - normal:    0.9905  0.04864  -0.1285
    - offset: -0.01193357
    - vertices: p1497(v231) p2936(v158) p2369(v52)
    - neighboring facets: f777 f1181 f1186
- f1183
    - flags: top simplicial
    - normal:    0.9975   0.0375 -0.06035
    - offset: -0.01152204
    - vertices: p1497(v231) p145(v223) p2735(v2)
    - neighboring facets: f1439 f1185 f1184
- f1184
    - flags: bottom simplicial
    - normal:    0.9968  0.03569 -0.07148
    - offset: -0.01158552
    - vertices: p1497(v231) p145(v223) p2457(v154)
    - neighboring facets: f1141 f1181 f1183
- f1185
    - flags: bottom simplicial
    - normal:    0.9982  0.04526 -0.03915
    - offset: -0.01140568
    - vertices: p1497(v231) p2709(v94) p2735(v2)
    - neighboring facets: f1443 f1183 f1186
- f1186
    - flags: bottom simplicial
    - normal:    0.9972  0.04703 -0.05896
    - offset: -0.01153241
    - vertices: p1497(v231) p2936(v158) p2709(v94)
    - neighboring facets: f785 f1185 f1182
- f1187
    - flags: bottom simplicial
    - normal:    0.9935   0.1069 -0.04016
    - offset: -0.01278679
    - vertices: p344(v232) p2351(v159) p3209(v28)
    - neighboring facets: f784 f1190 f2112
- f1188
    - flags: bottom simplicial
    - normal:    0.9513   0.3013 -0.06497
    - offset: -0.01892904
    - vertices: p344(v232) p3242(v97) p2132(v8)
    - neighboring facets: f805 f2110 f1191
- f1190
    - flags: top simplicial
    - normal:    0.9793   0.1577  -0.1265
    - offset: -0.01482563
    - vertices: p344(v232) p3407(v53) p3209(v28)
    - neighboring facets: f450 f1187 f1191
- f1191
    - flags: top simplicial
    - normal:    0.9741    0.178  -0.1392
    - offset: -0.01551756
    - vertices: p344(v232) p3242(v97) p3407(v53)
    - neighboring facets: f463 f1190 f1188
- f1194
    - flags: top simplicial
    - normal:      0.71   0.4318  -0.5563
    - offset: -0.0252475
    - vertices: p1454(v233) p260(v96) p2301(v55)
    - neighboring facets: f464 f1195 f1196
- f1195
    - flags: bottom simplicial
    - normal:     0.674   0.4627  -0.5759
    - offset: -0.02615178
    - vertices: p1454(v233) p2601(v160) p2301(v55)
    - neighboring facets: f791 f1194 f1196
- f1196
    - flags: top simplicial
    - normal:     0.679   0.4485  -0.5813
    - offset: -0.02577161
    - vertices: p1454(v233) p2601(v160) p260(v96)
    - neighboring facets: f795 f1194 f1195
- f1197
    - flags: bottom simplicial
    - normal:    0.7889   0.0717  -0.6103
    - offset: -0.01493416
    - vertices: p514(v234) p260(v96) p1109(v90)
    - neighboring facets: f800 f2013 f1199
- f1199
    - flags: bottom simplicial
    - normal:    0.7447  0.09172   -0.661
    - offset: -0.01571307
    - vertices: p514(v234) p2888(v161) p260(v96)
    - neighboring facets: f795 f1197 f2015
- f1212
    - flags: bottom simplicial
    - normal:    0.9062   0.1098  -0.4084
    - offset: -0.01511009
    - vertices: p1180(v237) p260(v96) p1430(v14)
    - neighboring facets: f455 f1665 f1213
- f1213
    - flags: bottom simplicial
    - normal:    0.8545  0.06806  -0.5149
    - offset: -0.01441132
    - vertices: p1180(v237) p1885(v162) p260(v96)
    - neighboring facets: f800 f1212 f1663
- f1268
    - flags: top simplicial
    - normal:   -0.6368   0.7487  -0.1843
    - offset: -0.03093663
    - vertices: p3900(v248) p2318(v170) p3845(v102)
    - neighboring facets: f1752 f1732 f1269
- f1269
    - flags: bottom simplicial
    - normal:   -0.6374   0.7663 -0.08052
    - offset: -0.0304258
    - vertices: p3900(v248) p2318(v170) p2943(v58)
    - neighboring facets: f836 f1271 f1268
- f1271
    - flags: top simplicial
    - normal:   -0.4651   0.8852  0.00186
    - offset: -0.03300098
    - vertices: p3900(v248) p3620(v105) p2943(v58)
    - neighboring facets: f504 f1269 f1321
- f1284
    - flags: top simplicial
    - normal:   -0.7105   0.3278  -0.6226
    - offset: -0.02212306
    - vertices: p3902(v251) p1346(v171) p3845(v102)
    - neighboring facets: f2092 f1753 f1741
- f1286
    - flags: top simplicial
    - normal:   -0.9353     0.35 -0.05203
    - offset: -0.01756391
    - vertices: p3902(v251) p140(v59) p830(v21)
    - neighboring facets: f859 f1740 f1751
- f1289
    - flags: top simplicial
    - normal:   -0.8158  0.07765  -0.5731
    - offset: -0.01398565
    - vertices: p3120(v252) p1346(v171) p1937(v40)
    - neighboring facets: f1300 f1290 f1744
- f1290
    - flags: bottom simplicial
    - normal:   -0.9428  0.05852  -0.3281
    - offset: -0.01253433
    - vertices: p3120(v252) p935(v77) p1937(v40)
    - neighboring facets: f735 f1289 f1293
- f1291
    - flags: bottom simplicial
    - normal:   -0.6564  0.01587  -0.7542
    - offset: -0.0144495
    - vertices: p3120(v252) p625(v138) p1383(v81)
    - neighboring facets: f845 f1292 f1743
- f1292
    - flags: top simplicial
    - normal:    -0.753 -0.07229   -0.654
    - offset: -0.0142961
    - vertices: p3120(v252) p64(v210) p1383(v81)
    - neighboring facets: f1063 f1291 f1746
- f1293
    - flags: bottom simplicial
    - normal:   -0.9696  0.02774  -0.2432
    - offset: -0.01187171
    - vertices: p3120(v252) p425(v219) p935(v77)
    - neighboring facets: f1577 f1290 f1294
- f1294
    - flags: top simplicial
    - normal:   -0.9916 -0.01703   -0.128
    - offset:  -0.010837
    - vertices: p3120(v252) p425(v219) p1085(v149)
    - neighboring facets: f1574 f1295 f1293
- f1295
    - flags: top simplicial
    - normal:   -0.9972  -0.0587  -0.0457
    - offset: -0.01000314
    - vertices: p3120(v252) p1085(v149) p851(v1)
    - neighboring facets: f729 f1296 f1294
- f1296
    - flags: bottom simplicial
    - normal:   -0.9955 -0.09504 -0.000292
    - offset: -0.009499523
    - vertices: p3120(v252) p1028(v45) p851(v1)
    - neighboring facets: f420 f1295 f1748
- f1299
    - flags: top simplicial
    - normal:   -0.9477  0.06956  -0.3116
    - offset: -0.01249803
    - vertices: p2740(v253) p1045(v150) p1937(v40)
    - neighboring facets: f735 f1300 f1301
- f1300
    - flags: bottom simplicial
    - normal:   -0.9154   0.1047  -0.3888
    - offset: -0.01325291
    - vertices: p2740(v253) p1346(v171) p1937(v40)
    - neighboring facets: f1289 f1299 f1301
- f1301
    - flags: top simplicial
    - normal:   -0.9405   0.1134  -0.3204
    - offset: -0.01287213
    - vertices: p2740(v253) p1346(v171) p1045(v150)
    - neighboring facets: f850 f1299 f1300
- f1303
    - flags: bottom simplicial
    - normal:   -0.9853   0.1593 -0.06147
    - offset: -0.01165317
    - vertices: p943(v254) p3667(v173) p830(v21)
    - neighboring facets: f859 f1956 f1955
- f1305
    - flags: top simplicial
    - normal:   -0.9399   0.3415 0.003466
    - offset: -0.01673106
    - vertices: p883(v255) p180(v104) p140(v59)
    - neighboring facets: f860 f1749 f1306
- f1306
    - flags: top simplicial
    - normal:   -0.9137   0.4022   0.0583
    - offset: -0.01851714
    - vertices: p883(v255) p216(v175) p180(v104)
    - neighboring facets: f865 f1305 f1309
- f1308
    - flags: top simplicial
    - normal:   -0.7216   0.6923 0.004454
    - offset: -0.0273918
    - vertices: p883(v255) p2318(v170) p3222(v30)
    - neighboring facets: f836 f1309 f1750
- f1309
    - flags: bottom simplicial
    - normal:    -0.841   0.5383  0.05389
    - offset: -0.02273052
    - vertices: p883(v255) p216(v175) p3222(v30)
    - neighboring facets: f864 f1308 f1306
- f1310
    - flags: top simplicial
    - normal:   -0.1124   0.8995   0.4222
    - offset: -0.03187275
    - vertices: p109(v256) p3620(v105) p483(v60)
    - neighboring facets: f879 f1754 f1312
- f1312
    - flags: top simplicial
    - normal:   -0.5603   0.7656   0.3162
    - offset: -0.0289507
    - vertices: p109(v256) p1638(v176) p3620(v105)
    - neighboring facets: f870 f1310 f1755
- f1313
    - flags: top simplicial
    - normal:   0.03899   0.9676   0.2494
    - offset: -0.03395462
    - vertices: p749(v257) p2584(v106) p483(v60)
    - neighboring facets: f876 f1314 f1317
- f1314
    - flags: bottom simplicial
    - normal:  0.001644   0.9686   0.2485
    - offset: -0.03406914
    - vertices: p749(v257) p1233(v178) p483(v60)
    - neighboring facets: f879 f1313 f1315
- f1315
    - flags: top simplicial
    - normal:   -0.0246   0.9997 0.008045
    - offset: -0.03558926
    - vertices: p749(v257) p1233(v178) p2795(v3)
    - neighboring facets: f882 f1316 f1314
- f1316
    - flags: bottom simplicial
    - normal:    0.1213   0.9926 -1.536e-05
    - offset: -0.03504594
    - vertices: p749(v257) p2132(v8) p2795(v3)
    - neighboring facets: f226 f1315 f1317
- f1317
    - flags: bottom simplicial
    - normal:    0.1574   0.9844  0.07798
    - offset: -0.03456285
    - vertices: p749(v257) p2584(v106) p2132(v8)
    - neighboring facets: f875 f1316 f1313
- f1318
    - flags: bottom simplicial
    - normal:    -0.205   0.9788 2.121e-05
    - offset: -0.0354007
    - vertices: p3669(v258) p1233(v178) p2674(v101)
    - neighboring facets: f882 f1734 f1319
- f1319
    - flags: top simplicial
    - normal:   -0.2821   0.9583   0.0461
    - offset: -0.03483974
    - vertices: p3669(v258) p1233(v178) p3620(v105)
    - neighboring facets: f879 f1321 f1318
- f1321
    - flags: bottom simplicial
    - normal:   -0.3917   0.9201 -0.000193
    - offset: -0.03394655
    - vertices: p3669(v258) p3900(v248) p3620(v105)
    - neighboring facets: f1271 f1319 f1735
- f1325
    - flags: top simplicial
    - normal:   0.02768  0.04974   0.9984
    - offset: -0.002398109
    - vertices: p2690(v260) p3545(v114) p2558(v67)
    - neighboring facets: f1346 f1327 f1326
- f1326
    - flags: top simplicial
    - normal:  -0.005105  0.06442   0.9979
    - offset: -0.002730556
    - vertices: p2690(v260) p136(v182) p3545(v114)
    - neighboring facets: f902 f1325 f1328
- f1327
    - flags: top simplicial
    - normal:   0.03297  0.03836   0.9987
    - offset: -0.002112941
    - vertices: p2690(v260) p2558(v67) p559(v4)
    - neighboring facets: f924 f1328 f1325
- f1328
    - flags: bottom simplicial
    - normal:  -0.001368  0.03065   0.9995
    - offset: -0.001868809
    - vertices: p2690(v260) p136(v182) p559(v4)
    - neighboring facets: f1940 f1327 f1326
- f1333
    - flags: top simplicial
    - normal:    0.9944  0.05854  0.08802
    - offset: -0.01065136
    - vertices: p1988(v262) p3115(v198) p461(v74)
    - neighboring facets: f1437 f1848 f1334
- f1334
    - flags: bottom simplicial
    - normal:    0.9953  0.05874  0.07747
    - offset: -0.0107144
    - vertices: p1988(v262) p3115(v198) p2351(v159)
    - neighboring facets: f1442 f2113 f1333
- f1346
    - flags: bottom simplicial
    - normal:   0.08558  0.06405   0.9943
    - offset: -0.002950669
    - vertices: p3421(v264) p3545(v114) p2558(v67)
    - neighboring facets: f1325 f1780 f1347
- f1347
    - flags: bottom simplicial
    - normal:   0.09097   0.1397    0.986
    - offset: -0.005106934
    - vertices: p3421(v264) p1389(v118) p3545(v114)
    - neighboring facets: f564 f1346 f1821
- f1348
    - flags: top simplicial
    - normal:   0.06908 0.002962   0.9976
    - offset: -0.001323661
    - vertices: p1987(v265) p1998(v110) p559(v4)
    - neighboring facets: f525 f1349 f1350
- f1349
    - flags: bottom simplicial
    - normal:   0.07047 0.008236   0.9975
    - offset: -0.001452718
    - vertices: p1987(v265) p1451(v185) p559(v4)
    - neighboring facets: f924 f1348 f2116
- f1350
    - flags: bottom simplicial
    - normal:    0.1402 -0.01831     0.99
    - offset: -0.001094551
    - vertices: p1987(v265) p1998(v110) p959(v35)
    - neighboring facets: f523 f1837 f1348
- f1356
    - flags: bottom simplicial
    - normal:   -0.2533  -0.9664  0.04454
    - offset: -0.009471203
    - vertices: p3212(v266) p891(v187) p1539(v71)
    - neighboring facets: f1783 f2309 f1362
- f1359
    - flags: top simplicial
    - normal:   -0.1954  -0.6053   0.7716
    - offset: -0.006308372
    - vertices: p3026(v267) p2188(v42) p1031(v5)
    - neighboring facets: f694 f1360 f1361
- f1360
    - flags: bottom simplicial
    - normal:   -0.1714  -0.6485   0.7417
    - offset: -0.006604832
    - vertices: p3026(v267) p603(v119) p1031(v5)
    - neighboring facets: f569 f1359 f1364
- f1361
    - flags: top simplicial
    - normal:   -0.4366  -0.8785   0.1942
    - offset: -0.009293797
    - vertices: p3026(v267) p3089(v121) p2188(v42)
    - neighboring facets: f659 f1359 f1366
- f1362
    - flags: top simplicial
    - normal:   -0.2442  -0.9648  0.09726
    - offset: -0.009412904
    - vertices: p3026(v267) p3212(v266) p891(v187)
    - neighboring facets: f1356 f1785 f1365
- f1364
    - flags: top simplicial
    - normal:  -0.09469  -0.9262   0.3649
    - offset: -0.008692792
    - vertices: p3026(v267) p603(v119) p1361(v36)
    - neighboring facets: f576 f1365 f1360
- f1365
    - flags: bottom simplicial
    - normal:    -0.122  -0.9608   0.2488
    - offset: -0.009044662
    - vertices: p3026(v267) p3212(v266) p1361(v36)
    - neighboring facets: f2454 f1364 f1362
- f1366
    - flags: bottom simplicial
    - normal:     -0.45  -0.8921  0.04122
    - offset: -0.009400308
    - vertices: p3026(v267) p3089(v121) p3114(v22)
    - neighboring facets: f658 f1367 f1361
- f1367
    - flags: top simplicial
    - normal:   -0.4315   -0.902  0.01181
    - offset: -0.009418901
    - vertices: p3026(v267) p3415(v134) p3114(v22)
    - neighboring facets: f1037 f1366 f1368
- f1368
    - flags: bottom simplicial
    - normal:   -0.4069  -0.9134 0.009888
    - offset: -0.00944107
    - vertices: p3026(v267) p3415(v134) p1539(v71)
    - neighboring facets: f1049 f1784 f1367
- f1371
    - flags: bottom simplicial
    - normal:    0.4321  -0.9003  0.05298
    - offset: -0.0102743
    - vertices: p3623(v268) p989(v189) p2048(v120)
    - neighboring facets: f947 f1861 f1860
- f1372
    - flags: bottom simplicial
    - normal:     0.541  -0.8403  0.03572
    - offset: -0.01034201
    - vertices: p1528(v269) p989(v189) p817(v75)
    - neighboring facets: f2405 f1870 f2354
- f1379
    - flags: top simplicial
    - normal:    0.7907  -0.1584   0.5913
    - offset: -0.006924661
    - vertices: p2069(v270) p2404(v190) p2295(v122)
    - neighboring facets: f950 f1380 f2129
- f1380
    - flags: bottom simplicial
    - normal:    0.8458  -0.1875   0.4995
    - offset: -0.007712949
    - vertices: p2069(v270) p3732(v191) p2295(v122)
    - neighboring facets: f958 f1379 f1381
- f1381
    - flags: top simplicial
    - normal:    0.8928  -0.2777   0.3547
    - offset: -0.008818837
    - vertices: p2069(v270) p3732(v191) p3908(v73)
    - neighboring facets: f990 f2475 f1380
- f1390
    - flags: top simplicial
    - normal:    0.8045  0.03064   0.5932
    - offset: -0.00681733
    - vertices: p847(v271) p1661(v192) p1904(v18)
    - neighboring facets: f961 f2152 f2136
- f1397
    - flags: bottom simplicial
    - normal:    0.2711   0.6609   0.6997
    - offset: -0.02265111
    - vertices: p3459(v272) p483(v60) p670(v16)
    - neighboring facets: f1756 f1817 f1777
- f1399
    - flags: top simplicial
    - normal:    0.5885  0.01726   0.8083
    - offset: -0.004406573
    - vertices: p451(v273) p3143(v196) p1354(v72)
    - neighboring facets: f1410 f1401 f1828
- f1401
    - flags: top simplicial
    - normal:    0.5519 -0.04388   0.8327
    - offset: -0.003960265
    - vertices: p451(v273) p1354(v72) p741(v9)
    - neighboring facets: f949 f1402 f1399
- f1402
    - flags: bottom simplicial
    - normal:    0.5003 -0.03882    0.865
    - offset: -0.003487362
    - vertices: p451(v273) p1473(v124) p741(v9)
    - neighboring facets: f967 f1401 f1424
- f1409
    - flags: bottom simplicial
    - normal:    0.7031  0.03192   0.7104
    - offset: -0.005644847
    - vertices: p3703(v275) p1354(v72) p1904(v18)
    - neighboring facets: f961 f1411 f1410
- f1410
    - flags: bottom simplicial
    - normal:    0.6737  0.02903   0.7384
    - offset: -0.005323926
    - vertices: p3703(v275) p3143(v196) p1354(v72)
    - neighboring facets: f1399 f1409 f2365
- f1411
    - flags: top simplicial
    - normal:    0.7364   0.0364   0.6756
    - offset: -0.006045316
    - vertices: p3703(v275) p1599(v117) p1904(v18)
    - neighboring facets: f2151 f1409 f1412
- f1412
    - flags: bottom simplicial
    - normal:    0.7127  0.06024   0.6989
    - offset: -0.006541912
    - vertices: p3703(v275) p1599(v117) p1303(v69)
    - neighboring facets: f2100 f2363 f1411
- f1424
    - flags: top simplicial
    - normal:    0.4737 0.004795   0.8807
    - offset: -0.003314987
    - vertices: p3821(v277) p451(v273) p1473(v124)
    - neighboring facets: f1402 f1826 f1830
- f1436
    - flags: top simplicial
    - normal:    0.9772  0.04207   0.2083
    - offset: -0.009843857
    - vertices: p1332(v279) p3168(v125) p461(v74)
    - neighboring facets: f2186 f1437 f1440
- f1437
    - flags: bottom simplicial
    - normal:    0.9864  0.04226   0.1591
    - offset: -0.01017475
    - vertices: p1332(v279) p3115(v198) p461(v74)
    - neighboring facets: f1333 f1436 f1438
- f1438
    - flags: top simplicial
    - normal:    0.9961  0.02886  0.08368
    - offset: -0.01063655
    - vertices: p1332(v279) p3115(v198) p2735(v2)
    - neighboring facets: f1444 f1439 f1437
- f1439
    - flags: bottom simplicial
    - normal:    0.9951 -0.09563  0.02392
    - offset: -0.01093753
    - vertices: p1332(v279) p145(v223) p2735(v2)
    - neighboring facets: f1183 f1438 f1440
- f1440
    - flags: top simplicial
    - normal:    0.9816  -0.1908 0.0007296
    - offset: -0.01092147
    - vertices: p1332(v279) p145(v223) p3168(v125)
    - neighboring facets: f1596 f1436 f1439
- f1441
    - flags: top simplicial
    - normal:     0.998  0.05872  0.02191
    - offset: -0.01106646
    - vertices: p544(v280) p2351(v159) p2709(v94)
    - neighboring facets: f785 f1443 f1442
- f1442
    - flags: top simplicial
    - normal:    0.9954   0.0587  0.07593
    - offset: -0.0107234
    - vertices: p544(v280) p3115(v198) p2351(v159)
    - neighboring facets: f1334 f1441 f1444
- f1443
    - flags: top simplicial
    - normal:    0.9987  0.04787 -0.01868
    - offset: -0.01128877
    - vertices: p544(v280) p2709(v94) p2735(v2)
    - neighboring facets: f1185 f1444 f1441
- f1444
    - flags: bottom simplicial
    - normal:    0.9966   0.0345   0.0753
    - offset: -0.0106946
    - vertices: p544(v280) p3115(v198) p2735(v2)
    - neighboring facets: f1438 f1443 f1442
- f1447
    - flags: bottom simplicial
    - normal:    0.8336  -0.5519  0.01988
    - offset: -0.01064458
    - vertices: p1834(v281) p491(v201) p3169(v126)
    - neighboring facets: f1462 f1793 f1473
- f1456
    - flags: top simplicial
    - normal:    0.7369  -0.6736 -0.05632
    - offset: -0.01110045
    - vertices: p2838(v283) p2462(v200) p2489(v127)
    - neighboring facets: f1470 f1467 f2401
- f1459
    - flags: bottom simplicial
    - normal:     0.787  -0.5695  -0.2373
    - offset: -0.01246248
    - vertices: p2838(v283) p263(v230) p3840(v51)
    - neighboring facets: f2247 f1466 f1460
- f1460
    - flags: top simplicial
    - normal:    0.7815  -0.5642  -0.2664
    - offset: -0.0126709
    - vertices: p2838(v283) p263(v230) p2962(v157)
    - neighboring facets: f1640 f2048 f1459
- f1462
    - flags: top simplicial
    - normal:    0.8475  -0.5296 -0.03548
    - offset: -0.01097414
    - vertices: p1122(v284) p491(v201) p3169(v126)
    - neighboring facets: f1447 f1980 f1469
- f1465
    - flags: bottom simplicial
    - normal:    0.8092  -0.5848 -0.05612
    - offset: -0.01112578
    - vertices: p3025(v285) p491(v201) p2489(v127)
    - neighboring facets: f1471 f1467 f1469
- f1466
    - flags: bottom simplicial
    - normal:    0.7846  -0.5969  -0.1678
    - offset: -0.0119646
    - vertices: p3025(v285) p2838(v283) p3840(v51)
    - neighboring facets: f1459 f1468 f1467
- f1467
    - flags: top simplicial
    - normal:    0.7677  -0.6342 -0.09227
    - offset: -0.01137769
    - vertices: p3025(v285) p2838(v283) p2489(v127)
    - neighboring facets: f1456 f1465 f1466
- f1468
    - flags: top simplicial
    - normal:    0.8302  -0.5549 -0.05282
    - offset: -0.01110017
    - vertices: p3025(v285) p1122(v284) p3840(v51)
    - neighboring facets: f1982 f1466 f1469
- f1469
    - flags: bottom simplicial
    - normal:    0.8295  -0.5561 -0.05136
    - offset: -0.01108836
    - vertices: p3025(v285) p1122(v284) p491(v201)
    - neighboring facets: f1462 f1465 f1468
- f1470
    - flags: bottom simplicial
    - normal:    0.7474  -0.6628 -0.04682
    - offset: -0.01104402
    - vertices: p2533(v286) p2462(v200) p2489(v127)
    - neighboring facets: f1456 f1471 f1865
- f1471
    - flags: top simplicial
    - normal:    0.8063  -0.5889 -0.05504
    - offset: -0.01111992
    - vertices: p2533(v286) p491(v201) p2489(v127)
    - neighboring facets: f1465 f1470 f1473
- f1473
    - flags: top simplicial
    - normal:    0.7762  -0.6302  0.01535
    - offset: -0.01067525
    - vertices: p2533(v286) p1834(v281) p491(v201)
    - neighboring facets: f1447 f1471 f1866
- f1485
    - flags: bottom simplicial
    - normal:   0.08233 -0.00821  -0.9966
    - offset: -0.01308255
    - vertices: p2931(v289) p3714(v203) p3493(v56)
    - neighboring facets: f2220 f1886 f2227
- f1488
    - flags: top simplicial
    - normal:   -0.3104  0.02789  -0.9502
    - offset: -0.01412179
    - vertices: p2864(v290) p19(v204) p3812(v76)
    - neighboring facets: f1900 f1490 f1489
- f1489
    - flags: bottom simplicial
    - normal:   -0.3651  0.02645  -0.9306
    - offset: -0.01428772
    - vertices: p2864(v290) p19(v204) p1383(v81)
    - neighboring facets: f1063 f1491 f1488
- f1490
    - flags: bottom simplicial
    - normal:   -0.3547  0.03466  -0.9343
    - offset: -0.01422599
    - vertices: p2864(v290) p1346(v171) p3812(v76)
    - neighboring facets: f1497 f1488 f1491
- f1491
    - flags: top simplicial
    - normal:   -0.3622  0.03495  -0.9315
    - offset: -0.01424427
    - vertices: p2864(v290) p1346(v171) p1383(v81)
    - neighboring facets: f845 f1489 f1490
- f1497
    - flags: top simplicial
    - normal:   -0.2354  0.03502  -0.9713
    - offset: -0.01399283
    - vertices: p3572(v292) p1346(v171) p3812(v76)
    - neighboring facets: f1490 f1901 f1893
- f1502
    - flags: bottom simplicial
    - normal:   -0.1728  0.01314  -0.9849
    - offset: -0.01367233
    - vertices: p3886(v293) p3572(v292) p1395(v205)
    - neighboring facets: f1891 f1897 f1902
- f1505
    - flags: top simplicial
    - normal:  -0.02601  0.00516  -0.9996
    - offset: -0.0132062
    - vertices: p2749(v294) p3714(v203) p2550(v128)
    - neighboring facets: f2350 f1906 f1910
- f1517
    - flags: top simplicial
    - normal:   -0.6599  -0.7501 -0.04314
    - offset: -0.009985082
    - vertices: p3490(v296) p1071(v207) p3401(v133)
    - neighboring facets: f1046 f1924 f2236
- f1518
    - flags: top simplicial
    - normal:   -0.6098  -0.7515  -0.2517
    - offset: -0.01218857
    - vertices: p3490(v296) p3151(v132) p3163(v41)
    - neighboring facets: f1024 f1927 f1923
- f1520
    - flags: top simplicial
    - normal:   -0.7035  -0.7106 0.004224
    - offset: -0.009511143
    - vertices: p1865(v297) p1071(v207) p1207(v80)
    - neighboring facets: f1042 f1524 f1523
- f1521
    - flags: top simplicial
    - normal:   -0.6371  -0.7691  0.05198
    - offset: -0.009452064
    - vertices: p1865(v297) p2249(v209) p2001(v137)
    - neighboring facets: f1056 f1522 f1526
- f1522
    - flags: top simplicial
    - normal:   -0.6329  -0.7739   0.0214
    - offset: -0.009488062
    - vertices: p1865(v297) p2001(v137) p3114(v22)
    - neighboring facets: f658 f1523 f1521
- f1523
    - flags: bottom simplicial
    - normal:   -0.6387  -0.7695 0.0002089
    - offset: -0.009513291
    - vertices: p1865(v297) p1071(v207) p3114(v22)
    - neighboring facets: f1046 f1522 f1520
- f1524
    - flags: bottom simplicial
    - normal:   -0.7151  -0.6965  0.05897
    - offset: -0.009435173
    - vertices: p1865(v297) p626(v136) p1207(v80)
    - neighboring facets: f1109 f1520 f1525
- f1525
    - flags: bottom simplicial
    - normal:   -0.7144  -0.6969  0.06374
    - offset: -0.009428421
    - vertices: p1865(v297) p2030(v216) p626(v136)
    - neighboring facets: f1109 f1524 f1526
- f1526
    - flags: top simplicial
    - normal:   -0.6901  -0.7163   0.1037
    - offset: -0.009372461
    - vertices: p1865(v297) p2030(v216) p2249(v209)
    - neighboring facets: f1104 f1521 f1525
- f1527
    - flags: top simplicial
    - normal:   -0.9038  -0.4278  0.01454
    - offset: -0.009400519
    - vertices: p3444(v298) p733(v145) p2777(v11)
    - neighboring facets: f1946 f1529 f1528
- f1528
    - flags: top simplicial
    - normal:   -0.9299  -0.3678 0.002538
    - offset: -0.009497493
    - vertices: p3444(v298) p64(v210) p733(v145)
    - neighboring facets: f1745 f1527 f1530
- f1529
    - flags: bottom simplicial
    - normal:   -0.8636  -0.5041 0.001215
    - offset: -0.00952006
    - vertices: p3444(v298) p2753(v212) p2777(v11)
    - neighboring facets: f1074 f1527 f1531
- f1530
    - flags: bottom simplicial
    - normal:   -0.8949  -0.4321  -0.1114
    - offset: -0.01067226
    - vertices: p3444(v298) p64(v210) p1090(v139)
    - neighboring facets: f1064 f1531 f1528
- f1531
    - flags: top simplicial
    - normal:   -0.8645  -0.5003 -0.04793
    - offset: -0.01003009
    - vertices: p3444(v298) p2753(v212) p1090(v139)
    - neighboring facets: f1078 f1530 f1529
- f1534
    - flags: bottom simplicial
    - normal:   -0.7521  -0.6591 -0.001644
    - offset: -0.009552529
    - vertices: p3684(v299) p1071(v207) p667(v135)
    - neighboring facets: f1042 f1535 f1930
- f1535
    - flags: top simplicial
    - normal:   -0.7752  -0.6317 -0.004102
    - offset: -0.009567363
    - vertices: p3684(v299) p2753(v212) p667(v135)
    - neighboring facets: f1074 f1534 f1932
- f1536
    - flags: bottom simplicial
    - normal:  -0.08372  0.01673   0.9963
    - offset: -0.001472294
    - vertices: p3461(v300) p1406(v144) p1806(v109)
    - neighboring facets: f1935 f1939 f1537
- f1537
    - flags: bottom simplicial
    - normal:  -0.09829  0.01939    0.995
    - offset: -0.001535958
    - vertices: p3461(v300) p1666(v213) p1406(v144)
    - neighboring facets: f1102 f1536 f1540
- f1538
    - flags: bottom simplicial
    - normal:  -0.06883  0.05167   0.9963
    - offset: -0.002326987
    - vertices: p3461(v300) p136(v182) p1316(v62)
    - neighboring facets: f1573 f1539 f1941
- f1539
    - flags: bottom simplicial
    - normal:   -0.1366  0.02908   0.9902
    - offset: -0.001767383
    - vertices: p3461(v300) p1316(v62) p3939(v26)
    - neighboring facets: f1571 f1540 f1538
- f1540
    - flags: top simplicial
    - normal:   -0.1239   0.0252    0.992
    - offset: -0.00167468
    - vertices: p3461(v300) p1666(v213) p3939(v26)
    - neighboring facets: f1553 f1539 f1537
- f1543
    - flags: top simplicial
    - normal:  -0.04528 -0.001955    0.999
    - offset: -0.001236627
    - vertices: p3376(v301) p3446(v143) p2923(v83)
    - neighboring facets: f1100 f1545 f1544
- f1544
    - flags: top simplicial
    - normal:  -0.02645 -0.003864   0.9996
    - offset: -0.001172052
    - vertices: p3376(v301) p3400(v214) p3446(v143)
    - neighboring facets: f1087 f1543 f1937
- f1545
    - flags: bottom simplicial
    - normal:  -0.05109 -0.001047   0.9987
    - offset: -0.001258283
    - vertices: p3376(v301) p1406(v144) p2923(v83)
    - neighboring facets: f1101 f1543 f1936
- f1549
    - flags: top simplicial
    - normal:   -0.2181   0.0104   0.9759
    - offset: -0.002151598
    - vertices: p572(v302) p3872(v146) p215(v13)
    - neighboring facets: f713 f1552 f1550
- f1550
    - flags: top simplicial
    - normal:   -0.2284 -0.04858   0.9723
    - offset: -0.002559282
    - vertices: p572(v302) p2334(v215) p3872(v146)
    - neighboring facets: f1097 f1549 f1551
- f1551
    - flags: bottom simplicial
    - normal:   -0.1272 0.008095   0.9918
    - offset: -0.001590154
    - vertices: p572(v302) p2334(v215) p1666(v213)
    - neighboring facets: f1102 f1553 f1550
- f1552
    - flags: bottom simplicial
    - normal:   -0.1599  0.01351    0.987
    - offset: -0.001766379
    - vertices: p572(v302) p3939(v26) p215(v13)
    - neighboring facets: f713 f1549 f1553
- f1553
    - flags: bottom simplicial
    - normal:   -0.1495  0.01246   0.9887
    - offset: -0.001706198
    - vertices: p572(v302) p1666(v213) p3939(v26)
    - neighboring facets: f1540 f1552 f1551
- f1554
    - flags: top simplicial
    - normal:    -0.812  -0.5818  0.04622
    - offset: -0.009474058
    - vertices: p3836(v303) p667(v135) p2777(v11)
    - neighboring facets: f1074 f1950 f1556
- f1556
    - flags: bottom simplicial
    - normal:   -0.7555   -0.653  0.05243
    - offset: -0.009463289
    - vertices: p3836(v303) p667(v135) p1207(v80)
    - neighboring facets: f1042 f1557 f1554
- f1557
    - flags: top simplicial
    - normal:   -0.7546  -0.6539  0.05396
    - offset: -0.009460528
    - vertices: p3836(v303) p2030(v216) p1207(v80)
    - neighboring facets: f1109 f1556 f1951
- f1563
    - flags: top simplicial
    - normal:   -0.5337  0.04916   0.8442
    - offset: -0.004400774
    - vertices: p685(v305) p3129(v148) p2042(v7)
    - neighboring facets: f1119 f1568 f1564
- f1564
    - flags: top simplicial
    - normal:   -0.4394   0.0408   0.8974
    - offset: -0.003633774
    - vertices: p685(v305) p668(v217) p3129(v148)
    - neighboring facets: f1114 f1563 f1947
- f1566
    - flags: bottom simplicial
    - normal:   -0.3325  0.03388   0.9425
    - offset: -0.002848987
    - vertices: p685(v305) p3872(v146) p1584(v48)
    - neighboring facets: f714 f1569 f1567
- f1567
    - flags: bottom simplicial
    - normal:   -0.3417  0.03436   0.9392
    - offset: -0.002912906
    - vertices: p685(v305) p2493(v304) p3872(v146)
    - neighboring facets: f1942 f1566 f1948
- f1568
    - flags: bottom simplicial
    - normal:   -0.3429   0.1915   0.9196
    - offset: -0.008111325
    - vertices: p685(v305) p1638(v176) p2042(v7)
    - neighboring facets: f869 f1563 f1758
- f1569
    - flags: bottom simplicial
    - normal:   -0.2448  0.03187    0.969
    - offset: -0.002326423
    - vertices: p685(v305) p1584(v48) p3939(v26)
    - neighboring facets: f714 f1571 f1566
- f1571
    - flags: top simplicial
    - normal:   -0.1497  0.03275   0.9882
    - offset: -0.001860949
    - vertices: p685(v305) p1316(v62) p3939(v26)
    - neighboring facets: f1539 f1569 f1573
- f1573
    - flags: top simplicial
    - normal:  -0.07867  0.07835   0.9938
    - offset: -0.002998475
    - vertices: p685(v305) p136(v182) p1316(v62)
    - neighboring facets: f1538 f1571 f1760
- f1574
    - flags: bottom simplicial
    - normal:   -0.9914  0.04427  -0.1228
    - offset: -0.01111145
    - vertices: p2687(v306) p425(v219) p1085(v149)
    - neighboring facets: f1294 f1953 f1577
- f1576
    - flags: bottom simplicial
    - normal:   -0.9624  0.06092  -0.2646
    - offset: -0.01216755
    - vertices: p2687(v306) p1045(v150) p935(v77)
    - neighboring facets: f735 f1577 f1578
- f1577
    - flags: top simplicial
    - normal:   -0.9669  0.05814  -0.2483
    - offset: -0.01205041
    - vertices: p2687(v306) p425(v219) p935(v77)
    - neighboring facets: f1293 f1576 f1574
- f1578
    - flags: top simplicial
    - normal:   -0.9769   0.1398  -0.1619
    - offset: -0.01209296
    - vertices: p2687(v306) p1045(v150) p830(v21)
    - neighboring facets: f850 f1957 f1576
- f1581
    - flags: bottom simplicial
    - normal:   -0.9875    0.157 -0.01453
    - offset: -0.01113884
    - vertices: p1753(v307) p3667(v173) p3543(v88)
    - neighboring facets: f1954 f1582 f1584
- f1582
    - flags: top simplicial
    - normal:   -0.9923   0.1237 -0.00545
    - offset: -0.01084857
    - vertices: p1753(v307) p717(v151) p3543(v88)
    - neighboring facets: f744 f1581 f1583
- f1583
    - flags: top simplicial
    - normal:   -0.9897   0.1432 0.006764
    - offset: -0.01091203
    - vertices: p1753(v307) p1880(v220) p717(v151)
    - neighboring facets: f1124 f1582 f1585
- f1584
    - flags: top simplicial
    - normal:   -0.9871   0.1599 0.005538
    - offset: -0.01103477
    - vertices: p1753(v307) p3667(v173) p180(v104)
    - neighboring facets: f860 f1585 f1581
- f1585
    - flags: bottom simplicial
    - normal:   -0.9873   0.1583  0.01305
    - offset: -0.01097687
    - vertices: p1753(v307) p1880(v220) p180(v104)
    - neighboring facets: f1126 f1584 f1583
- f1587
    - flags: bottom simplicial
    - normal:    0.6377 -0.05317  -0.7685
    - offset: -0.01403267
    - vertices: p1335(v308) p1982(v222) p3762(v92)
    - neighboring facets: f1160 f1643 f2243
- f1588
    - flags: top simplicial
    - normal:    0.5622 -0.03777  -0.8261
    - offset: -0.01392185
    - vertices: p1335(v308) p1940(v152) p1110(v27)
    - neighboring facets: f1667 f1642 f2242
- f1592
    - flags: top simplicial
    - normal:    0.8055  0.04012  -0.5913
    - offset: -0.01396355
    - vertices: p1173(v309) p1885(v162) p1109(v90)
    - neighboring facets: f800 f1959 f1593
- f1593
    - flags: top simplicial
    - normal:    0.8137  0.04045  -0.5798
    - offset: -0.01392796
    - vertices: p1173(v309) p676(v236) p1885(v162)
    - neighboring facets: f2257 f1592 f1595
- f1594
    - flags: top simplicial
    - normal:    0.8034  0.03376  -0.5944
    - offset: -0.01395746
    - vertices: p1173(v309) p1982(v222) p3696(v50)
    - neighboring facets: f1158 f1595 f2239
- f1595
    - flags: bottom simplicial
    - normal:    0.8181  0.03785  -0.5738
    - offset: -0.01390128
    - vertices: p1173(v309) p676(v236) p3696(v50)
    - neighboring facets: f2259 f1594 f1593
- f1596
    - flags: bottom simplicial
    - normal:    0.9724   -0.233 -0.01185
    - offset: -0.01089301
    - vertices: p2949(v310) p145(v223) p3168(v125)
    - neighboring facets: f1440 f1599 f2255
- f1599
    - flags: bottom simplicial
    - normal:    0.9575  -0.2517   0.1407
    - offset: -0.01004811
    - vertices: p2949(v310) p3168(v125) p3908(v73)
    - neighboring facets: f988 f1973 f1596
- f1601
    - flags: top simplicial
    - normal:     0.969   -0.164   -0.185
    - offset: -0.01197243
    - vertices: p1889(v311) p145(v223) p253(v91)
    - neighboring facets: f1141 f1602 f1603
- f1602
    - flags: bottom simplicial
    - normal:    0.9157   -0.127  -0.3813
    - offset: -0.01298784
    - vertices: p1889(v311) p1269(v224) p253(v91)
    - neighboring facets: f1144 f1601 f1604
- f1603
    - flags: bottom simplicial
    - normal:    0.9692  -0.2001  -0.1437
    - offset: -0.0117053
    - vertices: p1889(v311) p145(v223) p1944(v153)
    - neighboring facets: f2422 f1604 f1601
- f1604
    - flags: top simplicial
    - normal:    0.9679  -0.2068  -0.1432
    - offset: -0.01170168
    - vertices: p1889(v311) p1269(v224) p1944(v153)
    - neighboring facets: f2244 f1603 f1602
- f1609
    - flags: bottom simplicial
    - normal:    0.9043  -0.4269 0.001171
    - offset: -0.01074864
    - vertices: p2739(v312) p3755(v282) p3169(v126)
    - neighboring facets: f2121 f1981 f1975
- f1616
    - flags: bottom simplicial
    - normal:    0.8869 -0.04824  -0.4594
    - offset: -0.01338515
    - vertices: p2510(v313) p2056(v226) p3696(v50)
    - neighboring facets: f1158 f1996 f1988
- f1621
    - flags: top simplicial
    - normal:    0.9374  0.02015  -0.3477
    - offset: -0.01300913
    - vertices: p2105(v314) p2056(v226) p253(v91)
    - neighboring facets: f1159 f1627 f1622
- f1622
    - flags: bottom simplicial
    - normal:    0.9304  0.03546  -0.3649
    - offset: -0.0131021
    - vertices: p2105(v314) p2056(v226) p3341(v155)
    - neighboring facets: f1986 f1624 f1621
- f1624
    - flags: top simplicial
    - normal:    0.9407  0.04074  -0.3369
    - offset: -0.0129779
    - vertices: p2105(v314) p208(v227) p3341(v155)
    - neighboring facets: f1660 f1622 f1628
- f1625
    - flags: bottom simplicial
    - normal:    0.9631  0.04008  -0.2663
    - offset: -0.01264022
    - vertices: p269(v315) p390(v156) p253(v91)
    - neighboring facets: f1173 f1627 f1626
- f1626
    - flags: bottom simplicial
    - normal:     0.963  0.04032  -0.2665
    - offset: -0.01264151
    - vertices: p269(v315) p208(v227) p390(v156)
    - neighboring facets: f1634 f1625 f1628
- f1627
    - flags: top simplicial
    - normal:    0.9446  0.03451  -0.3263
    - offset: -0.01292089
    - vertices: p269(v315) p2105(v314) p253(v91)
    - neighboring facets: f1621 f1625 f1628
- f1628
    - flags: bottom simplicial
    - normal:    0.9441  0.03888  -0.3273
    - offset: -0.01292971
    - vertices: p269(v315) p2105(v314) p208(v227)
    - neighboring facets: f1624 f1626 f1627
- f1631
    - flags: top simplicial
    - normal:    0.9512  0.07441  -0.2996
    - offset: -0.01344851
    - vertices: p3625(v316) p3407(v53) p1430(v14)
    - neighboring facets: f455 f1659 f2004
- f1634
    - flags: top simplicial
    - normal:    0.9697  0.04725  -0.2397
    - offset: -0.01252022
    - vertices: p696(v317) p208(v227) p390(v156)
    - neighboring facets: f1626 f1635 f1637
- f1635
    - flags: bottom simplicial
    - normal:    0.9816  0.03305  -0.1881
    - offset: -0.01222602
    - vertices: p696(v317) p3672(v229) p390(v156)
    - neighboring facets: f1173 f1634 f1636
- f1636
    - flags: top simplicial
    - normal:    0.9835   0.0411  -0.1762
    - offset: -0.01217314
    - vertices: p696(v317) p3672(v229) p1083(v228)
    - neighboring facets: f1176 f1638 f1635
- f1637
    - flags: bottom simplicial
    - normal:    0.9721  0.05106  -0.2291
    - offset: -0.01247354
    - vertices: p696(v317) p208(v227) p2369(v52)
    - neighboring facets: f1166 f1638 f1634
- f1638
    - flags: top simplicial
    - normal:    0.9771  0.04787  -0.2073
    - offset: -0.01235546
    - vertices: p696(v317) p1083(v228) p2369(v52)
    - neighboring facets: f1176 f1637 f1636
- f1639
    - flags: top simplicial
    - normal:    0.8104  -0.2665  -0.5218
    - offset: -0.01395675
    - vertices: p2961(v318) p263(v230) p3762(v92)
    - neighboring facets: f1180 f1643 f1640
- f1640
    - flags: bottom simplicial
    - normal:     0.778  -0.3077  -0.5477
    - offset: -0.01411979
    - vertices: p2961(v318) p263(v230) p2962(v157)
    - neighboring facets: f1460 f2047 f1639
- f1642
    - flags: top simplicial
    - normal:    0.5985 -0.06989  -0.7981
    - offset: -0.01404999
    - vertices: p2961(v318) p1335(v308) p1110(v27)
    - neighboring facets: f1588 f2046 f1643
- f1643
    - flags: bottom simplicial
    - normal:    0.6179 -0.06653  -0.7834
    - offset: -0.01405732
    - vertices: p2961(v318) p1335(v308) p3762(v92)
    - neighboring facets: f1587 f1639 f1642
- f1659
    - flags: top simplicial
    - normal:    0.9368  0.05601  -0.3453
    - offset: -0.0131629
    - vertices: p3733(v321) p3625(v316) p1430(v14)
    - neighboring facets: f1631 f1666 f1661
- f1660
    - flags: bottom simplicial
    - normal:    0.9341  0.05157  -0.3534
    - offset: -0.01308152
    - vertices: p3733(v321) p208(v227) p3341(v155)
    - neighboring facets: f1624 f1664 f1661
- f1661
    - flags: bottom simplicial
    - normal:    0.9387  0.05245  -0.3408
    - offset: -0.01303148
    - vertices: p3733(v321) p3625(v316) p208(v227)
    - neighboring facets: f2002 f1660 f1659
- f1663
    - flags: top simplicial
    - normal:    0.8719  0.05839  -0.4862
    - offset: -0.01399296
    - vertices: p3661(v322) p1180(v237) p1885(v162)
    - neighboring facets: f1213 f1997 f1665
- f1664
    - flags: bottom simplicial
    - normal:    0.9143  0.04951  -0.4019
    - offset: -0.01329562
    - vertices: p3661(v322) p3733(v321) p3341(v155)
    - neighboring facets: f1660 f1999 f1666
- f1665
    - flags: bottom simplicial
    - normal:     0.918  0.07262  -0.3898
    - offset: -0.01390488
    - vertices: p3661(v322) p1180(v237) p1430(v14)
    - neighboring facets: f1212 f1666 f1663
- f1666
    - flags: top simplicial
    - normal:    0.9213  0.06745  -0.3831
    - offset: -0.0137142
    - vertices: p3661(v322) p3733(v321) p1430(v14)
    - neighboring facets: f1659 f1665 f1664
- f1667
    - flags: bottom simplicial
    - normal:     0.447 -0.02969  -0.8941
    - offset: -0.01371333
    - vertices: p2332(v323) p1940(v152) p1110(v27)
    - neighboring facets: f1588 f1668 f1669
- f1668
    - flags: top simplicial
    - normal:    0.4295 -0.02999  -0.9026
    - offset: -0.01366881
    - vertices: p2332(v323) p707(v238) p1110(v27)
    - neighboring facets: f1682 f1667 f1669
- f1669
    - flags: bottom simplicial
    - normal:    0.4354 -0.02506  -0.8999
    - offset: -0.01369016
    - vertices: p2332(v323) p707(v238) p1940(v152)
    - neighboring facets: f1671 f1667 f1668
- f1671
    - flags: top simplicial
    - normal:    0.4327 -0.02018  -0.9013
    - offset: -0.01369435
    - vertices: p2617(v324) p707(v238) p1940(v152)
    - neighboring facets: f1669 f2299 f2034
- f1681
    - flags: top simplicial
    - normal:    0.5551  -0.2381  -0.7969
    - offset: -0.01449564
    - vertices: p2797(v326) p272(v240) p2962(v157)
    - neighboring facets: f1684 f2045 f1698
- f1682
    - flags: bottom simplicial
    - normal:    0.4246 -0.03058  -0.9049
    - offset: -0.01365759
    - vertices: p2797(v326) p707(v238) p1110(v27)
    - neighboring facets: f1668 f2044 f1697
- f1684
    - flags: bottom simplicial
    - normal:    0.5558  -0.2952  -0.7771
    - offset: -0.01462668
    - vertices: p314(v327) p272(v240) p2962(v157)
    - neighboring facets: f1681 f2049 f2054
- f1690
    - flags: bottom simplicial
    - normal:    0.2357 -0.03219  -0.9713
    - offset: -0.0130992
    - vertices: p1171(v328) p1702(v167) p2946(v165)
    - neighboring facets: f1715 f1695 f1692
- f1692
    - flags: bottom simplicial
    - normal:    0.2666 -0.05048  -0.9625
    - offset: -0.01328104
    - vertices: p1171(v328) p272(v240) p1702(v167)
    - neighboring facets: f2053 f1690 f1696
- f1693
    - flags: top simplicial
    - normal:    0.2722 -0.01692  -0.9621
    - offset: -0.01323551
    - vertices: p23(v329) p899(v325) p2946(v165)
    - neighboring facets: f2029 f1695 f2439
- f1695
    - flags: bottom simplicial
    - normal:     0.265 -0.03308  -0.9637
    - offset: -0.01317903
    - vertices: p23(v329) p1171(v328) p2946(v165)
    - neighboring facets: f1690 f1693 f1696
- f1696
    - flags: top simplicial
    - normal:    0.2678 -0.03361  -0.9629
    - offset: -0.01318863
    - vertices: p23(v329) p1171(v328) p272(v240)
    - neighboring facets: f1692 f1698 f1695
- f1697
    - flags: top simplicial
    - normal:     0.349 -0.03193  -0.9366
    - offset: -0.01345444
    - vertices: p23(v329) p2797(v326) p707(v238)
    - neighboring facets: f1682 f2035 f1698
- f1698
    - flags: bottom simplicial
    - normal:    0.3179 -0.03489  -0.9475
    - offset: -0.01335883
    - vertices: p23(v329) p2797(v326) p272(v240)
    - neighboring facets: f1681 f1696 f1697
- f1700
    - flags: top simplicial
    - normal:  -0.01117  -0.4163  -0.9092
    - offset: -0.01546413
    - vertices: p153(v330) p1151(v242) p3874(v6)
    - neighboring facets: f1873 f2301 f1710
- f1707
    - flags: bottom simplicial
    - normal:    0.1271 -0.02438  -0.9916
    - offset: -0.01290972
    - vertices: p1860(v331) p1151(v242) p1231(v164)
    - neighboring facets: f1871 f2319 f1710
- f1710
    - flags: bottom simplicial
    - normal:    0.1262  -0.5112  -0.8502
    - offset: -0.0156047
    - vertices: p1860(v331) p153(v330) p1151(v242)
    - neighboring facets: f1700 f1707 f1714
- f1711
    - flags: top simplicial
    - normal:    0.2562  -0.2436  -0.9354
    - offset: -0.01443868
    - vertices: p1860(v331) p1066(v241) p1702(v167)
    - neighboring facets: f2055 f2317 f1713
- f1713
    - flags: bottom simplicial
    - normal:    0.2019  -0.8181  -0.5384
    - offset: -0.01463521
    - vertices: p1860(v331) p1066(v241) p3259(v93)
    - neighboring facets: f2056 f1714 f1711
- f1714
    - flags: top simplicial
    - normal:    0.1533  -0.8953  -0.4182
    - offset: -0.01375068
    - vertices: p1860(v331) p153(v330) p3259(v93)
    - neighboring facets: f2212 f1713 f1710
- f1715
    - flags: top simplicial
    - normal:    0.2029 -0.02794  -0.9788
    - offset: -0.01300429
    - vertices: p3539(v332) p1702(v167) p2946(v165)
    - neighboring facets: f1690 f2073 f2318
- f1731
    - flags: bottom simplicial
    - normal:   -0.5424   0.7806  -0.3107
    - offset: -0.03305423
    - vertices: p1010(v335) p141(v169) p3845(v102)
    - neighboring facets: f831 f1732 f1733
- f1732
    - flags: top simplicial
    - normal:   -0.5496   0.7808  -0.2972
    - offset: -0.03293789
    - vertices: p1010(v335) p3900(v248) p3845(v102)
    - neighboring facets: f1268 f1731 f1735
- f1733
    - flags: top simplicial
    - normal:   -0.2902   0.9567 -0.02017
    - offset: -0.03508927
    - vertices: p1010(v335) p141(v169) p2674(v101)
    - neighboring facets: f835 f1734 f1731
- f1734
    - flags: bottom simplicial
    - normal:   -0.3463   0.9381 -0.002239
    - offset: -0.03443812
    - vertices: p1010(v335) p3669(v258) p2674(v101)
    - neighboring facets: f1318 f1733 f1735
- f1735
    - flags: top simplicial
    - normal:   -0.3905   0.9206 -0.0003173
    - offset: -0.03396146
    - vertices: p1010(v335) p3669(v258) p3900(v248)
    - neighboring facets: f1321 f1732 f1734
- f1739
    - flags: bottom simplicial
    - normal:   -0.9618   0.1499  -0.2291
    - offset: -0.0130999
    - vertices: p3233(v337) p1346(v171) p830(v21)
    - neighboring facets: f850 f1740 f1741
- f1740
    - flags: top simplicial
    - normal:   -0.9353   0.3499 -0.05206
    - offset: -0.01756347
    - vertices: p3233(v337) p3902(v251) p830(v21)
    - neighboring facets: f1286 f1739 f1741
- f1741
    - flags: bottom simplicial
    - normal:   -0.9275   0.1971  -0.3177
    - offset: -0.01549234
    - vertices: p3233(v337) p3902(v251) p1346(v171)
    - neighboring facets: f1284 f1739 f1740
- f1742
    - flags: bottom simplicial
    - normal:   -0.6386  0.05284  -0.7677
    - offset: -0.01446861
    - vertices: p1558(v338) p1346(v171) p625(v138)
    - neighboring facets: f845 f1743 f1744
- f1743
    - flags: top simplicial
    - normal:    -0.664  0.04113  -0.7466
    - offset: -0.01443395
    - vertices: p1558(v338) p3120(v252) p625(v138)
    - neighboring facets: f1291 f1742 f1744
- f1744
    - flags: bottom simplicial
    - normal:   -0.6746  0.05645   -0.736
    - offset: -0.01441692
    - vertices: p1558(v338) p3120(v252) p1346(v171)
    - neighboring facets: f1289 f1742 f1743
- f1745
    - flags: bottom simplicial
    - normal:   -0.9365  -0.3506 0.001264
    - offset: -0.009514468
    - vertices: p3153(v339) p64(v210) p733(v145)
    - neighboring facets: f1528 f1747 f1746
- f1746
    - flags: bottom simplicial
    - normal:   -0.9628  -0.1566  -0.2202
    - offset: -0.01159138
    - vertices: p3153(v339) p3120(v252) p64(v210)
    - neighboring facets: f1292 f1745 f1748
- f1747
    - flags: bottom simplicial
    - normal:   -0.9886  -0.1504 0.000574
    - offset: -0.009463642
    - vertices: p3153(v339) p733(v145) p1028(v45)
    - neighboring facets: f1945 f1748 f1745
- f1748
    - flags: top simplicial
    - normal:   -0.9902  -0.1395 -0.001902
    - offset: -0.009475445
    - vertices: p3153(v339) p3120(v252) p1028(v45)
    - neighboring facets: f1296 f1747 f1746
- f1749
    - flags: top simplicial
    - normal:   -0.8725   0.4885 -0.007721
    - offset: -0.02135719
    - vertices: p1500(v340) p883(v255) p140(v59)
    - neighboring facets: f1305 f1751 f1750
- f1750
    - flags: bottom simplicial
    - normal:    -0.819   0.5737 -0.008412
    - offset: -0.02394542
    - vertices: p1500(v340) p883(v255) p2318(v170)
    - neighboring facets: f1308 f1752 f1749
- f1751
    - flags: bottom simplicial
    - normal:   -0.9151   0.3998 -0.05206
    - offset: -0.01910762
    - vertices: p1500(v340) p3902(v251) p140(v59)
    - neighboring facets: f1286 f1749 f1753
- f1752
    - flags: bottom simplicial
    - normal:   -0.7067   0.6851  -0.1769
    - offset: -0.02902253
    - vertices: p1500(v340) p2318(v170) p3845(v102)
    - neighboring facets: f1268 f1753 f1750
- f1753
    - flags: top simplicial
    - normal:   -0.7278   0.3558  -0.5863
    - offset: -0.02273215
    - vertices: p1500(v340) p3902(v251) p3845(v102)
    - neighboring facets: f1284 f1752 f1751
- f1754
    - flags: top simplicial
    - normal:   -0.1048   0.6461    0.756
    - offset: -0.02292753
    - vertices: p2316(v341) p109(v256) p483(v60)
    - neighboring facets: f1310 f1756 f1755
- f1755
    - flags: bottom simplicial
    - normal:   -0.1065   0.1983   0.9743
    - offset: -0.007228659
    - vertices: p2316(v341) p109(v256) p1638(v176)
    - neighboring facets: f1312 f1758 f1754
- f1756
    - flags: top simplicial
    - normal:  0.008561   0.2296   0.9732
    - offset: -0.00802222
    - vertices: p2316(v341) p483(v60) p670(v16)
    - neighboring facets: f1397 f1757 f1754
- f1757
    - flags: bottom simplicial
    - normal:  -0.01302   0.1767   0.9842
    - offset: -0.006225463
    - vertices: p2316(v341) p2883(v61) p670(v16)
    - neighboring facets: f542 f1756 f1759
- f1758
    - flags: top simplicial
    - normal:   -0.0762  0.09991   0.9921
    - offset: -0.003698059
    - vertices: p2316(v341) p685(v305) p1638(v176)
    - neighboring facets: f1568 f1755 f1760
- f1759
    - flags: bottom simplicial
    - normal:  -0.06169  0.09058    0.994
    - offset: -0.003332648
    - vertices: p2316(v341) p136(v182) p2883(v61)
    - neighboring facets: f902 f1757 f1760
- f1760
    - flags: bottom simplicial
    - normal:   -0.0671  0.08837   0.9938
    - offset: -0.003269328
    - vertices: p2316(v341) p685(v305) p136(v182)
    - neighboring facets: f1573 f1759 f1758
- f1775
    - flags: top simplicial
    - normal:    0.2298   0.9488   0.2167
    - offset: -0.03305037
    - vertices: p3508(v344) p870(v177) p2132(v8)
    - neighboring facets: f875 f2111 f1776
- f1776
    - flags: bottom simplicial
    - normal:    0.2608   0.8587   0.4412
    - offset: -0.02964066
    - vertices: p3508(v344) p870(v177) p483(v60)
    - neighboring facets: f876 f1777 f1775
- f1777
    - flags: top simplicial
    - normal:    0.2859   0.7476   0.5994
    - offset: -0.02567342
    - vertices: p3508(v344) p3459(v272) p483(v60)
    - neighboring facets: f1397 f1776 f1778
- f1778
    - flags: bottom simplicial
    - normal:    0.4719   0.5679   0.6744
    - offset:  -0.020963
    - vertices: p3508(v344) p3459(v272) p1456(v179)
    - neighboring facets: f1811 f2104 f1777
- f1779
    - flags: top simplicial
    - normal:   0.08655  0.02968   0.9958
    - offset: -0.002044069
    - vertices: p522(v345) p1451(v185) p2558(v67)
    - neighboring facets: f924 f1780 f2114
- f1780
    - flags: bottom simplicial
    - normal:   0.08889  0.06294   0.9941
    - offset: -0.002931173
    - vertices: p522(v345) p3421(v264) p2558(v67)
    - neighboring facets: f1346 f1779 f1782
- f1782
    - flags: bottom simplicial
    - normal:    0.1605  0.05164   0.9857
    - offset: -0.002866849
    - vertices: p522(v345) p1788(v276) p3421(v264)
    - neighboring facets: f1822 f1780 f2115
- f1783
    - flags: top simplicial
    - normal:   -0.2974  -0.9535   0.0478
    - offset: -0.009472538
    - vertices: p209(v346) p891(v187) p1539(v71)
    - neighboring facets: f1356 f1784 f1785
- f1784
    - flags: bottom simplicial
    - normal:   -0.3574  -0.9334  0.03051
    - offset: -0.009469391
    - vertices: p209(v346) p3026(v267) p1539(v71)
    - neighboring facets: f1368 f1783 f1785
- f1785
    - flags: top simplicial
    - normal:   -0.2532  -0.9631  0.09092
    - offset: -0.009424114
    - vertices: p209(v346) p3026(v267) p891(v187)
    - neighboring facets: f1362 f1783 f1784
- f1790
    - flags: bottom simplicial
    - normal:    0.9044  -0.4206  0.07236
    - offset: -0.01033314
    - vertices: p1046(v347) p3755(v282) p3908(v73)
    - neighboring facets: f1974 f2474 f1791
- f1791
    - flags: top simplicial
    - normal:    0.8901  -0.4515  0.06221
    - offset: -0.01040712
    - vertices: p1046(v347) p3755(v282) p3753(v199)
    - neighboring facets: f2122 f2120 f1790
- f1793
    - flags: bottom simplicial
    - normal:     0.838   -0.544  0.04351
    - offset: -0.01050674
    - vertices: p1046(v347) p1834(v281) p3169(v126)
    - neighboring facets: f1447 f2119 f2360
- f1811
    - flags: top simplicial
    - normal:    0.5479   0.3774   0.7465
    - offset: -0.01518251
    - vertices: p2342(v351) p3459(v272) p1456(v179)
    - neighboring facets: f1778 f1813 f1812
- f1812
    - flags: top simplicial
    - normal:    0.4212   0.3289   0.8452
    - offset: -0.01266898
    - vertices: p2342(v351) p2291(v274) p3459(v272)
    - neighboring facets: f1818 f1811 f2158
- f1813
    - flags: top simplicial
    - normal:    0.7067   0.2638   0.6565
    - offset: -0.01284866
    - vertices: p2342(v351) p1456(v179) p1303(v69)
    - neighboring facets: f2103 f2364 f1811
- f1817
    - flags: bottom simplicial
    - normal:    0.2474   0.3865   0.8885
    - offset: -0.0133612
    - vertices: p3980(v352) p3459(v272) p670(v16)
    - neighboring facets: f1397 f1819 f1818
- f1818
    - flags: bottom simplicial
    - normal:    0.2814     0.34   0.8973
    - offset: -0.01205834
    - vertices: p3980(v352) p2291(v274) p3459(v272)
    - neighboring facets: f1812 f1817 f2177
- f1819
    - flags: top simplicial
    - normal:    0.2073   0.2921   0.9337
    - offset: -0.01015591
    - vertices: p3980(v352) p2449(v195) p670(v16)
    - neighboring facets: f978 f1817 f2176
- f1821
    - flags: top simplicial
    - normal:    0.1708  0.08138   0.9819
    - offset: -0.003744712
    - vertices: p3397(v353) p3421(v264) p1389(v118)
    - neighboring facets: f1347 f1823 f1822
- f1822
    - flags: top simplicial
    - normal:     0.175  0.06989   0.9821
    - offset: -0.003434506
    - vertices: p3397(v353) p1788(v276) p3421(v264)
    - neighboring facets: f1782 f1821 f2171
- f1823
    - flags: bottom simplicial
    - normal:      0.23   0.1184   0.9659
    - offset: -0.005064266
    - vertices: p3397(v353) p2449(v195) p1389(v118)
    - neighboring facets: f978 f1821 f2170
- f1825
    - flags: bottom simplicial
    - normal:    0.3927 -0.01473   0.9196
    - offset: -0.002579553
    - vertices: p3597(v354) p1209(v194) p1473(v124)
    - neighboring facets: f970 f1826 f2159
- f1826
    - flags: top simplicial
    - normal:    0.4159 -0.001524   0.9094
    - offset: -0.002800697
    - vertices: p3597(v354) p3821(v277) p1473(v124)
    - neighboring facets: f1424 f1825 f2160
- f1828
    - flags: bottom simplicial
    - normal:    0.5589  0.01452   0.8291
    - offset: -0.004123795
    - vertices: p283(v355) p451(v273) p3143(v196)
    - neighboring facets: f1399 f2166 f1830
- f1830
    - flags: bottom simplicial
    - normal:    0.4913 0.007151    0.871
    - offset: -0.003481629
    - vertices: p283(v355) p3821(v277) p451(v273)
    - neighboring facets: f1424 f1828 f2482
- f1837
    - flags: bottom simplicial
    - normal:    0.2084 -0.006685    0.978
    - offset: -0.001621776
    - vertices: p3986(v357) p1987(v265) p959(v35)
    - neighboring facets: f1350 f1841 f2117
- f1841
    - flags: top simplicial
    - normal:    0.2296 -0.01987   0.9731
    - offset: -0.00142068
    - vertices: p3986(v357) p2872(v113) p959(v35)
    - neighboring facets: f535 f1837 f1842
- f1842
    - flags: bottom simplicial
    - normal:    0.2742 -0.01756   0.9615
    - offset: -0.001689857
    - vertices: p3986(v357) p2872(v113) p624(v66)
    - neighboring facets: f895 f2373 f1841
- f1848
    - flags: top simplicial
    - normal:    0.9752  0.05729    0.214
    - offset: -0.009849262
    - vertices: p3297(v358) p1988(v262) p461(v74)
    - neighboring facets: f1333 f2184 f1849
- f1849
    - flags: top simplicial
    - normal:    0.9749  0.05878   0.2148
    - offset: -0.009887727
    - vertices: p3297(v358) p804(v343) p1988(v262)
    - neighboring facets: f2191 f1848 f2190
- f1850
    - flags: top simplicial
    - normal:    0.9382  0.03114   0.3446
    - offset: -0.008866301
    - vertices: p2746(v359) p325(v197) p744(v37)
    - neighboring facets: f989 f2203 f1851
- f1851
    - flags: top simplicial
    - normal:    0.9526  0.03645    0.302
    - offset: -0.009189812
    - vertices: p2746(v359) p1870(v278) p325(v197)
    - neighboring facets: f2188 f1850 f2197
- f1860
    - flags: top simplicial
    - normal:    0.4514  -0.8917  0.03183
    - offset: -0.0103176
    - vertices: p1347(v360) p3623(v268) p989(v189)
    - neighboring facets: f1371 f2406 f1861
- f1861
    - flags: bottom simplicial
    - normal:    0.1974  -0.9802  0.01782
    - offset: -0.009926739
    - vertices: p1347(v360) p3623(v268) p2048(v120)
    - neighboring facets: f1371 f1862 f1860
- f1862
    - flags: bottom simplicial
    - normal:   0.06307   -0.998 0.009229
    - offset: -0.009465165
    - vertices: p1347(v360) p2048(v120) p1361(v36)
    - neighboring facets: f576 f2215 f1861
- f1865
    - flags: top simplicial
    - normal:    0.7611  -0.6486 -0.009164
    - offset: -0.01082441
    - vertices: p3329(v361) p2533(v286) p2462(v200)
    - neighboring facets: f1470 f1869 f1866
- f1866
    - flags: bottom simplicial
    - normal:    0.7741  -0.6329  0.01572
    - offset: -0.01067161
    - vertices: p3329(v361) p2533(v286) p1834(v281)
    - neighboring facets: f1473 f2217 f1865
- f1869
    - flags: top simplicial
    - normal:     0.718   -0.694  0.05226
    - offset: -0.01047767
    - vertices: p3329(v361) p2462(v200) p817(v75)
    - neighboring facets: f2403 f1870 f1865
- f1870
    - flags: bottom simplicial
    - normal:    0.7237  -0.6877  0.05764
    - offset: -0.01044536
    - vertices: p3329(v361) p1528(v269) p817(v75)
    - neighboring facets: f1372 f1869 f2132
- f1871
    - flags: top simplicial
    - normal:    0.1071 -0.02248   -0.994
    - offset: -0.0129205
    - vertices: p2866(v362) p1151(v242) p1231(v164)
    - neighboring facets: f1707 f1889 f1873
- f1873
    - flags: bottom simplicial
    - normal:   0.07078 -0.08554  -0.9938
    - offset: -0.01349696
    - vertices: p2866(v362) p1151(v242) p3874(v6)
    - neighboring facets: f1700 f1888 f1871
- f1884
    - flags: top simplicial
    - normal:   0.04853 -0.00915  -0.9988
    - offset: -0.01301753
    - vertices: p2937(v365) p3714(v203) p2865(v202)
    - neighboring facets: f1909 f1887 f2228
- f1886
    - flags: bottom simplicial
    - normal:   0.08484 -0.01293  -0.9963
    - offset: -0.01297856
    - vertices: p2937(v365) p2931(v289) p3493(v56)
    - neighboring facets: f1485 f1890 f2229
- f1887
    - flags: top simplicial
    - normal:   0.04957 -0.01378  -0.9987
    - offset: -0.01299283
    - vertices: p2937(v365) p2865(v202) p3874(v6)
    - neighboring facets: f1911 f1888 f1884
- f1888
    - flags: bottom simplicial
    - normal:   0.05014  -0.0139  -0.9986
    - offset: -0.01299203
    - vertices: p2937(v365) p2866(v362) p3874(v6)
    - neighboring facets: f1873 f1887 f1889
- f1889
    - flags: top simplicial
    - normal:   0.09614 -0.02003  -0.9952
    - offset: -0.0129312
    - vertices: p2937(v365) p2866(v362) p1231(v164)
    - neighboring facets: f1871 f1890 f1888
- f1890
    - flags: top simplicial
    - normal:   0.09774 -0.01536  -0.9951
    - offset: -0.01295467
    - vertices: p2937(v365) p1231(v164) p3493(v56)
    - neighboring facets: f2321 f1886 f1889
- f1891
    - flags: top simplicial
    - normal:   -0.1572  0.03496  -0.9869
    - offset: -0.01375959
    - vertices: p243(v366) p3572(v292) p1395(v205)
    - neighboring facets: f1502 f1894 f1893
- f1892
    - flags: top simplicial
    - normal:   -0.1588  0.03791  -0.9866
    - offset: -0.01383028
    - vertices: p243(v366) p1636(v250) p1346(v171)
    - neighboring facets: f2093 f1893 f2098
- f1893
    - flags: bottom simplicial
    - normal:   -0.1611  0.03608  -0.9863
    - offset: -0.01378039
    - vertices: p243(v366) p3572(v292) p1346(v171)
    - neighboring facets: f1497 f1892 f1891
- f1894
    - flags: top simplicial
    - normal:   -0.1036  0.02333  -0.9943
    - offset:  -0.013546
    - vertices: p243(v366) p1395(v205) p2550(v128)
    - neighboring facets: f1905 f2348 f1891
- f1896
    - flags: bottom simplicial
    - normal:   -0.0916 0.001862  -0.9958
    - offset: -0.01338287
    - vertices: p2482(v367) p1395(v205) p3151(v132)
    - neighboring facets: f2232 f1898 f1897
- f1897
    - flags: bottom simplicial
    - normal:   -0.1449 0.007477  -0.9894
    - offset: -0.01357268
    - vertices: p2482(v367) p3886(v293) p1395(v205)
    - neighboring facets: f1502 f1896 f1904
- f1898
    - flags: top simplicial
    - normal:   -0.4376  -0.3161  -0.8418
    - offset: -0.01558772
    - vertices: p2482(v367) p19(v204) p3151(v132)
    - neighboring facets: f1024 f1896 f1903
- f1900
    - flags: bottom simplicial
    - normal:   -0.2521  0.02046  -0.9675
    - offset: -0.01394863
    - vertices: p2180(v368) p19(v204) p3812(v76)
    - neighboring facets: f1488 f1901 f1903
- f1901
    - flags: top simplicial
    - normal:   -0.2257  0.01848   -0.974
    - offset: -0.0138628
    - vertices: p2180(v368) p3572(v292) p3812(v76)
    - neighboring facets: f1497 f1900 f1902
- f1902
    - flags: top simplicial
    - normal:   -0.2046  0.01624  -0.9787
    - offset: -0.01379087
    - vertices: p2180(v368) p3886(v293) p3572(v292)
    - neighboring facets: f1502 f1901 f1904
- f1903
    - flags: bottom simplicial
    - normal:   -0.2189 -0.03045  -0.9753
    - offset: -0.01408096
    - vertices: p2180(v368) p2482(v367) p19(v204)
    - neighboring facets: f1898 f1900 f1904
- f1904
    - flags: top simplicial
    - normal:   -0.1835 -0.01052   -0.983
    - offset: -0.01383731
    - vertices: p2180(v368) p2482(v367) p3886(v293)
    - neighboring facets: f1897 f1902 f1903
- f1905
    - flags: bottom simplicial
    - normal:  -0.06036   0.0116  -0.9981
    - offset: -0.01333087
    - vertices: p730(v369) p1395(v205) p2550(v128)
    - neighboring facets: f1894 f1906 f2233
- f1906
    - flags: top simplicial
    - normal:  -0.03979 0.007266  -0.9992
    - offset: -0.01324728
    - vertices: p730(v369) p2749(v294) p2550(v128)
    - neighboring facets: f1505 f1905 f2230
- f1909
    - flags: bottom simplicial
    - normal:    0.0312 -0.006898  -0.9995
    - offset: -0.01304282
    - vertices: p3643(v370) p3714(v203) p2865(v202)
    - neighboring facets: f1884 f1911 f1910
- f1910
    - flags: bottom simplicial
    - normal:  -0.01626 0.002581  -0.9999
    - offset: -0.01316924
    - vertices: p3643(v370) p2749(v294) p3714(v203)
    - neighboring facets: f1505 f1909 f2416
- f1911
    - flags: bottom simplicial
    - normal:   0.03046 -0.01064  -0.9995
    - offset: -0.0130243
    - vertices: p3643(v370) p2865(v202) p3874(v6)
    - neighboring facets: f1887 f2496 f1909
- f1917
    - flags: bottom simplicial
    - normal:   -0.4331  -0.8996 -0.05561
    - offset: -0.0101372
    - vertices: p453(v371) p3415(v134) p1313(v79)
    - neighboring facets: f1038 f1919 f1918
- f1918
    - flags: bottom simplicial
    - normal:   -0.3681  -0.9265 -0.07763
    - offset: -0.01035228
    - vertices: p453(v371) p3210(v208) p3415(v134)
    - neighboring facets: f1049 f1917 f2059
- f1919
    - flags: top simplicial
    - normal:   -0.4712  -0.8809 -0.04485
    - offset: -0.01001293
    - vertices: p453(v371) p588(v206) p1313(v79)
    - neighboring facets: f1038 f1917 f1920
- f1920
    - flags: top simplicial
    - normal:   -0.4782  -0.8769 -0.04805
    - offset: -0.01005008
    - vertices: p453(v371) p1506(v295) p588(v206)
    - neighboring facets: f1922 f1919 f1926
- f1921
    - flags: bottom simplicial
    - normal:   -0.5773  -0.8151 -0.04844
    - offset: -0.01004334
    - vertices: p2455(v372) p588(v206) p3401(v133)
    - neighboring facets: f1036 f1924 f1922
- f1922
    - flags: bottom simplicial
    - normal:   -0.5149  -0.8553 -0.05777
    - offset: -0.01016147
    - vertices: p2455(v372) p1506(v295) p588(v206)
    - neighboring facets: f1920 f1921 f1926
- f1923
    - flags: bottom simplicial
    - normal:   -0.6026  -0.7668  -0.2211
    - offset: -0.01187607
    - vertices: p2455(v372) p3490(v296) p3151(v132)
    - neighboring facets: f1518 f1925 f1924
- f1924
    - flags: top simplicial
    - normal:   -0.6073  -0.7729  -0.1839
    - offset: -0.01149762
    - vertices: p2455(v372) p3490(v296) p3401(v133)
    - neighboring facets: f1517 f1921 f1923
- f1925
    - flags: top simplicial
    - normal:   -0.5458  -0.8087  -0.2192
    - offset: -0.01189976
    - vertices: p2455(v372) p453(v371) p3151(v132)
    - neighboring facets: f2061 f1923 f1926
- f1926
    - flags: bottom simplicial
    - normal:   -0.5207  -0.8454  -0.1191
    - offset: -0.01085425
    - vertices: p2455(v372) p453(v371) p1506(v295)
    - neighboring facets: f1920 f1922 f1925
- f1927
    - flags: top simplicial
    - normal:   -0.6993  -0.7111 -0.07302
    - offset: -0.01033911
    - vertices: p161(v373) p3490(v296) p3163(v41)
    - neighboring facets: f1518 f1933 f2238
- f1930
    - flags: top simplicial
    - normal:   -0.7268  -0.6852 -0.04691
    - offset: -0.01003836
    - vertices: p161(v373) p3684(v299) p1071(v207)
    - neighboring facets: f1534 f2237 f1934
- f1931
    - flags: bottom simplicial
    - normal:   -0.7948  -0.6017 -0.07912
    - offset: -0.01035925
    - vertices: p2975(v374) p2753(v212) p3163(v41)
    - neighboring facets: f1078 f1933 f1932
- f1932
    - flags: bottom simplicial
    - normal:   -0.7807  -0.6232 -0.04579
    - offset: -0.01000916
    - vertices: p2975(v374) p3684(v299) p2753(v212)
    - neighboring facets: f1535 f1931 f1934
- f1933
    - flags: top simplicial
    - normal:   -0.7269  -0.6851 -0.04697
    - offset: -0.01003904
    - vertices: p2975(v374) p161(v373) p3163(v41)
    - neighboring facets: f1927 f1931 f1934
- f1934
    - flags: bottom simplicial
    - normal:   -0.7269  -0.6852 -0.04694
    - offset: -0.01003867
    - vertices: p2975(v374) p161(v373) p3684(v299)
    - neighboring facets: f1930 f1932 f1933
- f1935
    - flags: top simplicial
    - normal:  -0.06022  0.01199   0.9981
    - offset: -0.001366451
    - vertices: p1144(v375) p1406(v144) p1806(v109)
    - neighboring facets: f1536 f1939 f1936
- f1936
    - flags: top simplicial
    - normal:  -0.04472 0.008385    0.999
    - offset: -0.001293494
    - vertices: p1144(v375) p3376(v301) p1406(v144)
    - neighboring facets: f1545 f1935 f1937
- f1937
    - flags: bottom simplicial
    - normal:  -0.02048 0.003511   0.9998
    - offset: -0.001196646
    - vertices: p1144(v375) p3376(v301) p3400(v214)
    - neighboring facets: f1544 f1938 f1936
- f1938
    - flags: bottom simplicial
    - normal:  -0.00658 0.0008075        1
    - offset: -0.00114294
    - vertices: p1144(v375) p3400(v214) p559(v4)
    - neighboring facets: f1092 f1940 f1937
- f1939
    - flags: bottom simplicial
    - normal:  -0.06437  0.01754   0.9978
    - offset: -0.001493981
    - vertices: p1144(v375) p3461(v300) p1806(v109)
    - neighboring facets: f1536 f1935 f1941
- f1940
    - flags: top simplicial
    - normal:  -0.01813  0.02481   0.9995
    - offset: -0.001699351
    - vertices: p1144(v375) p136(v182) p559(v4)
    - neighboring facets: f1328 f1938 f1941
- f1941
    - flags: top simplicial
    - normal:  -0.04661  0.03091   0.9984
    - offset: -0.001821735
    - vertices: p1144(v375) p3461(v300) p136(v182)
    - neighboring facets: f1538 f1940 f1939
- f1942
    - flags: top simplicial
    - normal:   -0.3441    0.034   0.9383
    - offset: -0.002932631
    - vertices: p1962(v376) p2493(v304) p3872(v146)
    - neighboring facets: f1567 f1949 f1948
- f1943
    - flags: bottom simplicial
    - normal:   -0.4434  0.04028   0.8954
    - offset: -0.003665698
    - vertices: p1962(v376) p668(v217) p1373(v84)
    - neighboring facets: f1114 f1944 f1947
- f1944
    - flags: bottom simplicial
    - normal:   -0.8826  -0.1637   0.4406
    - offset: -0.008005758
    - vertices: p1962(v376) p1373(v84) p1028(v45)
    - neighboring facets: f721 f1945 f1943
- f1945
    - flags: top simplicial
    - normal:    -0.905  -0.1902   0.3807
    - offset: -0.008294319
    - vertices: p1962(v376) p733(v145) p1028(v45)
    - neighboring facets: f1747 f1944 f1946
- f1946
    - flags: bottom simplicial
    - normal:   -0.9032   -0.428  0.03234
    - offset: -0.009372101
    - vertices: p1962(v376) p733(v145) p2777(v11)
    - neighboring facets: f1527 f1950 f1945
- f1947
    - flags: bottom simplicial
    - normal:   -0.3987   0.0381   0.9163
    - offset: -0.003333107
    - vertices: p1962(v376) p685(v305) p668(v217)
    - neighboring facets: f1564 f1943 f1948
- f1948
    - flags: top simplicial
    - normal:   -0.3525  0.03505   0.9351
    - offset: -0.002992091
    - vertices: p1962(v376) p685(v305) p2493(v304)
    - neighboring facets: f1567 f1942 f1947
- f1949
    - flags: bottom simplicial
    - normal:   -0.7203  -0.6308   0.2886
    - offset: -0.009089291
    - vertices: p1962(v376) p2030(v216) p3872(v146)
    - neighboring facets: f1103 f1942 f1951
- f1950
    - flags: top simplicial
    - normal:   -0.8159  -0.5756   0.0542
    - offset: -0.00945973
    - vertices: p1962(v376) p3836(v303) p2777(v11)
    - neighboring facets: f1554 f1946 f1951
- f1951
    - flags: bottom simplicial
    - normal:    -0.796  -0.6008  0.07297
    - offset: -0.009441705
    - vertices: p1962(v376) p3836(v303) p2030(v216)
    - neighboring facets: f1557 f1949 f1950
- f1952
    - flags: bottom simplicial
    - normal:   -0.9953  0.04732  -0.0847
    - offset: -0.01085434
    - vertices: p1225(v377) p1085(v149) p3543(v88)
    - neighboring facets: f729 f1954 f1953
- f1953
    - flags: bottom simplicial
    - normal:   -0.9942  0.04691 -0.09699
    - offset: -0.0109417
    - vertices: p1225(v377) p2687(v306) p1085(v149)
    - neighboring facets: f1574 f1952 f1957
- f1954
    - flags: top simplicial
    - normal:   -0.9868   0.1537 -0.05031
    - offset: -0.01137391
    - vertices: p1225(v377) p3667(v173) p3543(v88)
    - neighboring facets: f1581 f1952 f1955
- f1955
    - flags: top simplicial
    - normal:   -0.9864   0.1531 -0.06032
    - offset: -0.01144664
    - vertices: p1225(v377) p943(v254) p3667(v173)
    - neighboring facets: f1303 f1954 f1956
- f1956
    - flags: bottom simplicial
    - normal:    -0.986   0.1523 -0.06782
    - offset: -0.01149862
    - vertices: p1225(v377) p943(v254) p830(v21)
    - neighboring facets: f1303 f1957 f1955
- f1957
    - flags: top simplicial
    - normal:   -0.9831   0.1467    -0.11
    - offset: -0.01177109
    - vertices: p1225(v377) p2687(v306) p830(v21)
    - neighboring facets: f1578 f1956 f1953
- f1959
    - flags: top simplicial
    - normal:    0.7174  0.03172  -0.6959
    - offset: -0.0141528
    - vertices: p398(v378) p1173(v309) p1109(v90)
    - neighboring facets: f1592 f2017 f1965
- f1962
    - flags: top simplicial
    - normal:    0.5931 -0.01394   -0.805
    - offset: -0.01400521
    - vertices: p798(v379) p3054(v221) p1940(v152)
    - neighboring facets: f2276 f2241 f1964
- f1964
    - flags: top simplicial
    - normal:    0.7002  0.02973  -0.7133
    - offset: -0.01416403
    - vertices: p798(v379) p398(v378) p3054(v221)
    - neighboring facets: f2018 f1962 f1965
- f1965
    - flags: bottom simplicial
    - normal:    0.7163  0.03141   -0.697
    - offset: -0.01415294
    - vertices: p798(v379) p398(v378) p1173(v309)
    - neighboring facets: f1959 f2240 f1964
- f1973
    - flags: bottom simplicial
    - normal:    0.9577   -0.258   0.1277
    - offset: -0.01011284
    - vertices: p45(v381) p2949(v310) p3908(v73)
    - neighboring facets: f1599 f1974 f1978
- f1974
    - flags: top simplicial
    - normal:    0.9069  -0.4157  0.06863
    - offset: -0.01035301
    - vertices: p45(v381) p3755(v282) p3908(v73)
    - neighboring facets: f1790 f1973 f1975
- f1975
    - flags: top simplicial
    - normal:    0.9164  -0.3974  0.04882
    - offset: -0.01045812
    - vertices: p45(v381) p2739(v312) p3755(v282)
    - neighboring facets: f1609 f1974 f2427
- f1978
    - flags: top simplicial
    - normal:    0.9577  -0.2834  0.04925
    - offset: -0.01048602
    - vertices: p1281(v382) p45(v381) p2949(v310)
    - neighboring facets: f1973 f2429 f2428
- f1980
    - flags: top simplicial
    - normal:    0.8686  -0.4939 -0.04112
    - offset: -0.01101372
    - vertices: p752(v383) p1122(v284) p3169(v126)
    - neighboring facets: f1462 f1981 f1982
- f1981
    - flags: bottom simplicial
    - normal:    0.9003  -0.4345 -0.02633
    - offset: -0.01090977
    - vertices: p752(v383) p2739(v312) p3169(v126)
    - neighboring facets: f1609 f1980 f2250
- f1982
    - flags: bottom simplicial
    - normal:    0.8787  -0.4732 -0.06224
    - offset: -0.01116537
    - vertices: p752(v383) p1122(v284) p3840(v51)
    - neighboring facets: f1468 f2248 f1980
- f1986
    - flags: top simplicial
    - normal:    0.8957  0.03393  -0.4434
    - offset: -0.01342374
    - vertices: p2319(v384) p2056(v226) p3341(v155)
    - neighboring facets: f1622 f2000 f1988
- f1988
    - flags: top simplicial
    - normal:    0.8918 -0.0008921  -0.4524
    - offset: -0.01342508
    - vertices: p2319(v384) p2510(v313) p2056(v226)
    - neighboring facets: f1616 f1986 f1998
- f1996
    - flags: bottom simplicial
    - normal:     0.849  0.03724  -0.5271
    - offset: -0.01374333
    - vertices: p1510(v386) p2510(v313) p3696(v50)
    - neighboring facets: f1616 f2260 f1998
- f1997
    - flags: top simplicial
    - normal:     0.885  0.04675  -0.4632
    - offset: -0.01354008
    - vertices: p1510(v386) p3661(v322) p1885(v162)
    - neighboring facets: f1663 f2258 f1999
- f1998
    - flags: bottom simplicial
    - normal:    0.8902  0.03455  -0.4542
    - offset: -0.01346845
    - vertices: p1510(v386) p2319(v384) p2510(v313)
    - neighboring facets: f1988 f1996 f2000
- f1999
    - flags: bottom simplicial
    - normal:    0.8988   0.0476  -0.4357
    - offset: -0.01342474
    - vertices: p1510(v386) p3661(v322) p3341(v155)
    - neighboring facets: f1664 f2000 f1997
- f2000
    - flags: top simplicial
    - normal:    0.8941  0.03523  -0.4464
    - offset: -0.01343722
    - vertices: p1510(v386) p2319(v384) p3341(v155)
    - neighboring facets: f1986 f1999 f1998
- f2001
    - flags: top simplicial
    - normal:    0.9614  0.05555  -0.2695
    - offset: -0.01270538
    - vertices: p1329(v387) p208(v227) p306(v95)
    - neighboring facets: f1166 f2003 f2002
- f2002
    - flags: top simplicial
    - normal:    0.9596  0.05532  -0.2758
    - offset: -0.01273687
    - vertices: p1329(v387) p3625(v316) p208(v227)
    - neighboring facets: f1661 f2001 f2004
- f2003
    - flags: top simplicial
    - normal:    0.9633  0.06134  -0.2613
    - offset: -0.01282691
    - vertices: p1329(v387) p306(v95) p3407(v53)
    - neighboring facets: f450 f2004 f2001
- f2004
    - flags: bottom simplicial
    - normal:    0.9577  0.06648    -0.28
    - offset: -0.01309482
    - vertices: p1329(v387) p3625(v316) p3407(v53)
    - neighboring facets: f1631 f2003 f2002
- f2005
    - flags: top simplicial
    - normal:    0.3568   0.3151  -0.8795
    - offset: -0.02224134
    - vertices: p197(v388) p2888(v161) p3457(v29)
    - neighboring facets: f794 f2007 f2006
- f2006
    - flags: top simplicial
    - normal:    0.4002     0.24  -0.8845
    - offset: -0.02027054
    - vertices: p197(v388) p228(v319) p2888(v161)
    - neighboring facets: f2270 f2005 f2554
- f2007
    - flags: bottom simplicial
    - normal:    0.2941   0.3463  -0.8908
    - offset: -0.02297679
    - vertices: p197(v388) p1624(v247) p3457(v29)
    - neighboring facets: f2080 f2005 f2079
- f2013
    - flags: bottom simplicial
    - normal:    0.7221  0.06645  -0.6886
    - offset: -0.01509785
    - vertices: p2810(v389) p514(v234) p1109(v90)
    - neighboring facets: f1197 f2017 f2015
- f2014
    - flags: top simplicial
    - normal:    0.6751  0.02823  -0.7372
    - offset: -0.01418112
    - vertices: p2810(v389) p1276(v320) p3054(v221)
    - neighboring facets: f2024 f2018 f2262
- f2015
    - flags: top simplicial
    - normal:    0.7119  0.07962  -0.6977
    - offset: -0.01549806
    - vertices: p2810(v389) p514(v234) p2888(v161)
    - neighboring facets: f1199 f2261 f2013
- f2017
    - flags: top simplicial
    - normal:    0.7095  0.03113   -0.704
    - offset: -0.01416075
    - vertices: p2810(v389) p398(v378) p1109(v90)
    - neighboring facets: f1959 f2013 f2018
- f2018
    - flags: bottom simplicial
    - normal:    0.6979  0.03002  -0.7155
    - offset: -0.01416753
    - vertices: p2810(v389) p398(v378) p3054(v221)
    - neighboring facets: f1964 f2014 f2017
- f2024
    - flags: bottom simplicial
    - normal:    0.6316  0.02277  -0.7749
    - offset: -0.01416314
    - vertices: p2507(v391) p1276(v320) p3054(v221)
    - neighboring facets: f2014 f2278 f2027
- f2026
    - flags: top simplicial
    - normal:    0.5124  0.02104  -0.8585
    - offset: -0.01424991
    - vertices: p2507(v391) p2508(v390) p1812(v235)
    - neighboring facets: f2265 f2296 f2027
- f2027
    - flags: bottom simplicial
    - normal:    0.5252  0.02435  -0.8506
    - offset: -0.01433351
    - vertices: p2507(v391) p2508(v390) p1276(v320)
    - neighboring facets: f2274 f2024 f2026
- f2029
    - flags: bottom simplicial
    - normal:    0.2642 -0.01747  -0.9643
    - offset: -0.01321384
    - vertices: p2371(v392) p899(v325) p2946(v165)
    - neighboring facets: f1693 f2075 f2507
- f2034
    - flags: bottom simplicial
    - normal:    0.3944 -0.004653  -0.9189
    - offset: -0.01363568
    - vertices: p2578(v393) p2617(v324) p707(v238)
    - neighboring facets: f1671 f2035 f2300
- f2035
    - flags: top simplicial
    - normal:    0.3446 -0.009479  -0.9387
    - offset: -0.01348224
    - vertices: p2578(v393) p23(v329) p707(v238)
    - neighboring facets: f1697 f2034 f2291
- f2044
    - flags: bottom simplicial
    - normal:    0.4776 -0.08943   -0.874
    - offset: -0.01401325
    - vertices: p3059(v395) p2797(v326) p1110(v27)
    - neighboring facets: f1682 f2046 f2045
- f2045
    - flags: top simplicial
    - normal:    0.5659  -0.2223  -0.7939
    - offset: -0.01446047
    - vertices: p3059(v395) p2797(v326) p2962(v157)
    - neighboring facets: f1681 f2047 f2044
- f2046
    - flags: top simplicial
    - normal:    0.6017   -0.172    -0.78
    - offset: -0.01434662
    - vertices: p3059(v395) p2961(v318) p1110(v27)
    - neighboring facets: f1642 f2044 f2047
- f2047
    - flags: bottom simplicial
    - normal:    0.6043  -0.1965  -0.7722
    - offset: -0.01439795
    - vertices: p3059(v395) p2961(v318) p2962(v157)
    - neighboring facets: f1640 f2045 f2046
- f2048
    - flags: top simplicial
    - normal:    0.7735  -0.5663  -0.2846
    - offset: -0.01281052
    - vertices: p298(v396) p2838(v283) p2962(v157)
    - neighboring facets: f1460 f2049 f2050
- f2049
    - flags: bottom simplicial
    - normal:    0.6836  -0.4918  -0.5393
    - offset: -0.01432511
    - vertices: p298(v396) p314(v327) p2962(v157)
    - neighboring facets: f1684 f2048 f2051
- f2050
    - flags: top simplicial
    - normal:    0.6764  -0.7025  -0.2213
    - offset: -0.01252288
    - vertices: p298(v396) p1347(v360) p2838(v283)
    - neighboring facets: f2407 f2048 f2052
- f2051
    - flags: top simplicial
    - normal:    0.6239  -0.5775  -0.5266
    - offset: -0.0144434
    - vertices: p298(v396) p314(v327) p3259(v93)
    - neighboring facets: f2057 f2052 f2049
- f2052
    - flags: bottom simplicial
    - normal:    0.6418  -0.6382  -0.4252
    - offset: -0.01395852
    - vertices: p298(v396) p1347(v360) p3259(v93)
    - neighboring facets: f2213 f2051 f2050
- f2053
    - flags: top simplicial
    - normal:       0.4  -0.2443  -0.8833
    - offset: -0.01448067
    - vertices: p17(v397) p272(v240) p1702(v167)
    - neighboring facets: f1692 f2055 f2054
- f2054
    - flags: top simplicial
    - normal:    0.4984  -0.2994  -0.8136
    - offset: -0.01468513
    - vertices: p17(v397) p314(v327) p272(v240)
    - neighboring facets: f1684 f2053 f2057
- f2055
    - flags: bottom simplicial
    - normal:     0.363  -0.3157  -0.8767
    - offset: -0.01479505
    - vertices: p17(v397) p1066(v241) p1702(v167)
    - neighboring facets: f1711 f2053 f2056
- f2056
    - flags: top simplicial
    - normal:     0.402  -0.5022  -0.7656
    - offset: -0.01529207
    - vertices: p17(v397) p1066(v241) p3259(v93)
    - neighboring facets: f1713 f2057 f2055
- f2057
    - flags: bottom simplicial
    - normal:    0.5844   -0.537  -0.6084
    - offset: -0.01478445
    - vertices: p17(v397) p314(v327) p3259(v93)
    - neighboring facets: f2051 f2056 f2054
- f2059
    - flags: top simplicial
    - normal:   -0.3196  -0.9184   -0.233
    - offset: -0.01200343
    - vertices: p2831(v398) p453(v371) p3210(v208)
    - neighboring facets: f1918 f2308 f2061
- f2060
    - flags: bottom simplicial
    - normal:   -0.2667  -0.7985  -0.5397
    - offset: -0.01460826
    - vertices: p2831(v398) p3151(v132) p3874(v6)
    - neighboring facets: f2498 f2302 f2061
- f2061
    - flags: bottom simplicial
    - normal:   -0.2881  -0.8247  -0.4867
    - offset: -0.01423074
    - vertices: p2831(v398) p453(v371) p3151(v132)
    - neighboring facets: f1925 f2060 f2059
- f2066
    - flags: top simplicial
    - normal:    0.1511 -0.02596  -0.9882
    - offset: -0.01292224
    - vertices: p3765(v399) p1860(v331) p656(v244)
    - neighboring facets: f2316 f2315 f2320
- f2071
    - flags: top simplicial
    - normal:     0.152 -0.02073  -0.9882
    - offset: -0.01294461
    - vertices: p3765(v399) p2371(v392) p3493(v56)
    - neighboring facets: f2285 f2322 f2325
- f2073
    - flags: top simplicial
    - normal:    0.1978 -0.02701  -0.9799
    - offset: -0.01298907
    - vertices: p988(v400) p3539(v332) p2946(v165)
    - neighboring facets: f1715 f2075 f2074
- f2074
    - flags: bottom simplicial
    - normal:    0.1898 -0.02678  -0.9815
    - offset: -0.01297336
    - vertices: p988(v400) p3539(v332) p2806(v245)
    - neighboring facets: f2313 f2076 f2073
- f2075
    - flags: bottom simplicial
    - normal:    0.2026  -0.0223   -0.979
    - offset: -0.01301671
    - vertices: p988(v400) p2371(v392) p2946(v165)
    - neighboring facets: f2029 f2073 f2076
- f2076
    - flags: top simplicial
    - normal:    0.1921 -0.02238  -0.9811
    - offset: -0.01299523
    - vertices: p988(v400) p2371(v392) p2806(v245)
    - neighboring facets: f2323 f2074 f2075
- f2078
    - flags: bottom simplicial
    - normal:    0.1571    0.222  -0.9623
    - offset: -0.01931946
    - vertices: p643(v401) p197(v388) p211(v100)
    - neighboring facets: f2552 f2326 f2079
- f2079
    - flags: top simplicial
    - normal:    0.1952   0.2779  -0.9406
    - offset: -0.02095852
    - vertices: p643(v401) p197(v388) p1624(v247)
    - neighboring facets: f2007 f2080 f2078
- f2080
    - flags: top simplicial
    - normal:    0.2571     0.39  -0.8842
    - offset: -0.02409247
    - vertices: p643(v401) p1624(v247) p3457(v29)
    - neighboring facets: f2007 f2081 f2079
- f2081
    - flags: bottom simplicial
    - normal:      0.27   0.5883  -0.7623
    - offset: -0.02934954
    - vertices: p643(v401) p2601(v160) p3457(v29)
    - neighboring facets: f794 f2080 f2082
- f2082
    - flags: top simplicial
    - normal:    0.2651   0.6401  -0.7211
    - offset: -0.03061025
    - vertices: p643(v401) p2601(v160) p1167(v54)
    - neighboring facets: f791 f2342 f2081
- f2092
    - flags: bottom simplicial
    - normal:   -0.1392  0.05629  -0.9887
    - offset: -0.01434185
    - vertices: p2216(v403) p1346(v171) p3845(v102)
    - neighboring facets: f1284 f2338 f2093
- f2093
    - flags: bottom simplicial
    - normal:   -0.1506  0.04469  -0.9876
    - offset: -0.0140161
    - vertices: p2216(v403) p1636(v250) p1346(v171)
    - neighboring facets: f1892 f2092 f2098
- f2098
    - flags: bottom simplicial
    - normal:    -0.115  0.03489  -0.9927
    - offset: -0.0138226
    - vertices: p2216(v403) p243(v366) p1636(v250)
    - neighboring facets: f1892 f2093 f2349
- f2100
    - flags: top simplicial
    - normal:    0.8062   0.1301   0.5772
    - offset: -0.009580547
    - vertices: p1249(v404) p1599(v117) p1303(v69)
    - neighboring facets: f1412 f2103 f2148
- f2102
    - flags: bottom simplicial
    - normal:    0.9243  0.06543   0.3761
    - offset: -0.009102662
    - vertices: p1249(v404) p3805(v342) p2403(v184)
    - neighboring facets: f2494 f2193 f2149
- f2103
    - flags: bottom simplicial
    - normal:    0.7382   0.2547   0.6247
    - offset: -0.01285116
    - vertices: p1249(v404) p1456(v179) p1303(v69)
    - neighboring facets: f1813 f2100 f2104
- f2104
    - flags: bottom simplicial
    - normal:    0.7412   0.2894   0.6058
    - offset: -0.01404218
    - vertices: p1249(v404) p3508(v344) p1456(v179)
    - neighboring facets: f1778 f2103 f2105
- f2105
    - flags: top simplicial
    - normal:    0.8095   0.3108   0.4982
    - offset: -0.01562815
    - vertices: p1249(v404) p3508(v344) p1338(v263)
    - neighboring facets: f2195 f2194 f2104
- f2110
    - flags: bottom simplicial
    - normal:    0.9312   0.3611  0.05066
    - offset: -0.02004135
    - vertices: p5(v405) p344(v232) p2132(v8)
    - neighboring facets: f1188 f2111 f2112
- f2111
    - flags: top simplicial
    - normal:    0.8397   0.5086   0.1906
    - offset: -0.02338417
    - vertices: p5(v405) p3508(v344) p2132(v8)
    - neighboring facets: f1775 f2110 f2196
- f2112
    - flags: top simplicial
    - normal:    0.9944   0.1055  0.01112
    - offset: -0.01245364
    - vertices: p5(v405) p344(v232) p2351(v159)
    - neighboring facets: f1187 f2113 f2110
- f2113
    - flags: bottom simplicial
    - normal:    0.9945  0.08884  0.05603
    - offset: -0.01170787
    - vertices: p5(v405) p1988(v262) p2351(v159)
    - neighboring facets: f1334 f2112 f2192
- f2114
    - flags: bottom simplicial
    - normal:    0.1499  0.04261   0.9878
    - offset: -0.002593712
    - vertices: p1629(v406) p522(v345) p1451(v185)
    - neighboring facets: f1779 f2116 f2115
- f2115
    - flags: top simplicial
    - normal:     0.162  0.04938   0.9856
    - offset: -0.002811787
    - vertices: p1629(v406) p522(v345) p1788(v276)
    - neighboring facets: f1782 f2389 f2114
- f2116
    - flags: top simplicial
    - normal:    0.1587   0.0194   0.9871
    - offset: -0.002048703
    - vertices: p1629(v406) p1987(v265) p1451(v185)
    - neighboring facets: f1349 f2114 f2117
- f2117
    - flags: top simplicial
    - normal:    0.2136 0.008979   0.9769
    - offset: -0.002008481
    - vertices: p1629(v406) p3986(v357) p1987(v265)
    - neighboring facets: f1837 f2116 f2387
- f2119
    - flags: bottom simplicial
    - normal:    0.8703  -0.4897  0.05208
    - offset: -0.01047173
    - vertices: p2657(v407) p1046(v347) p3169(v126)
    - neighboring facets: f1793 f2121 f2120
- f2120
    - flags: top simplicial
    - normal:    0.8768  -0.4777  0.05449
    - offset: -0.01045646
    - vertices: p2657(v407) p1046(v347) p3753(v199)
    - neighboring facets: f1791 f2122 f2119
- f2121
    - flags: top simplicial
    - normal:    0.8792  -0.4735  0.05276
    - offset: -0.01046478
    - vertices: p2657(v407) p3755(v282) p3169(v126)
    - neighboring facets: f1609 f2119 f2122
- f2122
    - flags: bottom simplicial
    - normal:    0.8792  -0.4735  0.05276
    - offset: -0.01046476
    - vertices: p2657(v407) p3755(v282) p3753(v199)
    - neighboring facets: f1791 f2120 f2121
- f2124
    - flags: bottom simplicial
    - normal:    0.7799  -0.4303   0.4545
    - offset: -0.008403119
    - vertices: p2244(v408) p3529(v348) p2069(v270)
    - neighboring facets: f2476 f2129 f2353
- f2126
    - flags: top simplicial
    - normal:    0.5162  -0.2467   0.8202
    - offset: -0.004669907
    - vertices: p2244(v408) p1121(v181) p354(v112)
    - neighboring facets: f898 f2127 f2357
- f2127
    - flags: top simplicial
    - normal:    0.5416  -0.2213    0.811
    - offset: -0.004724319
    - vertices: p2244(v408) p354(v112) p741(v9)
    - neighboring facets: f966 f2128 f2126
- f2128
    - flags: bottom simplicial
    - normal:    0.5821  -0.2184   0.7832
    - offset: -0.005064815
    - vertices: p2244(v408) p2404(v190) p741(v9)
    - neighboring facets: f949 f2127 f2129
- f2129
    - flags: bottom simplicial
    - normal:    0.6293  -0.2452   0.7375
    - offset: -0.005669595
    - vertices: p2244(v408) p2069(v270) p2404(v190)
    - neighboring facets: f1379 f2128 f2124
- f2130
    - flags: bottom simplicial
    - normal:    0.7226  -0.6647   0.1895
    - offset: -0.009850993
    - vertices: p2823(v409) p3529(v348) p1528(v269)
    - neighboring facets: f2355 f2132 f2359
- f2132
    - flags: top simplicial
    - normal:    0.7292  -0.6817  0.05953
    - offset: -0.01043382
    - vertices: p2823(v409) p3329(v361) p1528(v269)
    - neighboring facets: f1870 f2130 f2219
- f2136
    - flags: bottom simplicial
    - normal:    0.8333  0.03213   0.5519
    - offset: -0.007199196
    - vertices: p1616(v410) p847(v271) p1661(v192)
    - neighboring facets: f1390 f2138 f2137
- f2137
    - flags: bottom simplicial
    - normal:    0.8353  0.03439   0.5488
    - offset: -0.007233477
    - vertices: p1616(v410) p3437(v349) p847(v271)
    - neighboring facets: f2150 f2136 f2139
- f2138
    - flags: bottom simplicial
    - normal:     0.844  0.02812   0.5355
    - offset: -0.007330344
    - vertices: p1616(v410) p1661(v192) p1183(v123)
    - neighboring facets: f962 f2139 f2136
- f2139
    - flags: top simplicial
    - normal:    0.8516  0.03088   0.5234
    - offset: -0.007442671
    - vertices: p1616(v410) p3437(v349) p1183(v123)
    - neighboring facets: f2490 f2138 f2137
- f2148
    - flags: bottom simplicial
    - normal:    0.8204   0.1127   0.5606
    - offset: -0.009192145
    - vertices: p3567(v412) p1249(v404) p1599(v117)
    - neighboring facets: f2100 f2151 f2149
- f2149
    - flags: top simplicial
    - normal:    0.8915  0.06248   0.4488
    - offset: -0.008516649
    - vertices: p3567(v412) p1249(v404) p3805(v342)
    - neighboring facets: f2102 f2493 f2148
- f2150
    - flags: top simplicial
    - normal:    0.8256  0.04216   0.5627
    - offset: -0.007134871
    - vertices: p3567(v412) p3437(v349) p847(v271)
    - neighboring facets: f2137 f2152 f2492
- f2151
    - flags: bottom simplicial
    - normal:    0.7929  0.04064    0.608
    - offset: -0.006725172
    - vertices: p3567(v412) p1599(v117) p1904(v18)
    - neighboring facets: f1411 f2152 f2148
- f2152
    - flags: top simplicial
    - normal:    0.8149  0.04141   0.5782
    - offset: -0.006991896
    - vertices: p3567(v412) p847(v271) p1904(v18)
    - neighboring facets: f1390 f2151 f2150
- f2158
    - flags: bottom simplicial
    - normal:    0.5531   0.1087    0.826
    - offset: -0.006749197
    - vertices: p457(v413) p2342(v351) p2291(v274)
    - neighboring facets: f1812 f2368 f2362
- f2159
    - flags: top simplicial
    - normal:    0.3813 -0.005299   0.9244
    - offset: -0.002507496
    - vertices: p799(v414) p3597(v354) p1209(v194)
    - neighboring facets: f1825 f2370 f2160
- f2160
    - flags: bottom simplicial
    - normal:    0.3974 -0.003168   0.9177
    - offset: -0.002644419
    - vertices: p799(v414) p3597(v354) p3821(v277)
    - neighboring facets: f1826 f2374 f2159
- f2166
    - flags: bottom simplicial
    - normal:    0.5156  0.02231   0.8565
    - offset: -0.004020042
    - vertices: p137(v415) p283(v355) p3143(v196)
    - neighboring facets: f1828 f2380 f2379
- f2170
    - flags: top simplicial
    - normal:    0.2389   0.1129   0.9645
    - offset: -0.004943237
    - vertices: p1432(v416) p3397(v353) p2449(v195)
    - neighboring facets: f1823 f2174 f2171
- f2171
    - flags: bottom simplicial
    - normal:    0.1948  0.07434    0.978
    - offset: -0.003649049
    - vertices: p1432(v416) p3397(v353) p1788(v276)
    - neighboring facets: f1822 f2178 f2170
- f2172
    - flags: bottom simplicial
    - normal:    0.4555  0.07583    0.887
    - offset: -0.005075673
    - vertices: p3144(v417) p2245(v356) p1199(v350)
    - neighboring facets: f2384 f2173 f2175
- f2173
    - flags: bottom simplicial
    - normal:    0.4585  0.09922   0.8831
    - offset: -0.005801594
    - vertices: p3144(v417) p1199(v350) p2291(v274)
    - neighboring facets: f2367 f2177 f2172
- f2174
    - flags: top simplicial
    - normal:    0.3113   0.0953   0.9455
    - offset: -0.004798742
    - vertices: p3144(v417) p1432(v416) p2449(v195)
    - neighboring facets: f2170 f2176 f2175
- f2175
    - flags: bottom simplicial
    - normal:    0.3329  0.08298   0.9393
    - offset: -0.004555351
    - vertices: p3144(v417) p1432(v416) p2245(v356)
    - neighboring facets: f2179 f2172 f2174
- f2176
    - flags: bottom simplicial
    - normal:     0.252   0.2957   0.9214
    - offset: -0.01050082
    - vertices: p3144(v417) p3980(v352) p2449(v195)
    - neighboring facets: f1819 f2174 f2177
- f2177
    - flags: top simplicial
    - normal:    0.2662   0.3038   0.9148
    - offset: -0.01083202
    - vertices: p3144(v417) p3980(v352) p2291(v274)
    - neighboring facets: f1818 f2173 f2176
- f2178
    - flags: bottom simplicial
    - normal:    0.2745  0.05447     0.96
    - offset: -0.003475395
    - vertices: p3786(v418) p1432(v416) p1788(v276)
    - neighboring facets: f2171 f2390 f2179
- f2179
    - flags: top simplicial
    - normal:    0.3241  0.06422   0.9438
    - offset: -0.003986755
    - vertices: p3786(v418) p1432(v416) p2245(v356)
    - neighboring facets: f2175 f2487 f2178
- f2184
    - flags: top simplicial
    - normal:    0.9734  0.05676   0.2219
    - offset: -0.009791284
    - vertices: p996(v419) p3297(v358) p461(v74)
    - neighboring facets: f1848 f2186 f2200
- f2186
    - flags: bottom simplicial
    - normal:    0.9756   0.0423   0.2156
    - offset: -0.009793601
    - vertices: p996(v419) p3168(v125) p461(v74)
    - neighboring facets: f1436 f2184 f2187
- f2187
    - flags: bottom simplicial
    - normal:    0.9698   0.0382   0.2407
    - offset: -0.009618697
    - vertices: p996(v419) p325(v197) p3168(v125)
    - neighboring facets: f988 f2186 f2188
- f2188
    - flags: bottom simplicial
    - normal:    0.9621  0.03833     0.27
    - offset: -0.009419002
    - vertices: p996(v419) p1870(v278) p325(v197)
    - neighboring facets: f1851 f2187 f2199
- f2189
    - flags: top simplicial
    - normal:    0.9602   0.0699   0.2705
    - offset: -0.009890749
    - vertices: p2082(v420) p3297(v358) p2403(v184)
    - neighboring facets: f2198 f2193 f2190
- f2190
    - flags: bottom simplicial
    - normal:    0.9741  0.06126   0.2176
    - offset: -0.009943655
    - vertices: p2082(v420) p3297(v358) p804(v343)
    - neighboring facets: f1849 f2191 f2189
- f2191
    - flags: bottom simplicial
    - normal:    0.9768   0.0649    0.204
    - offset: -0.0101395
    - vertices: p2082(v420) p804(v343) p1988(v262)
    - neighboring facets: f1849 f2192 f2190
- f2192
    - flags: top simplicial
    - normal:    0.9864  0.08521   0.1407
    - offset: -0.01113062
    - vertices: p2082(v420) p5(v405) p1988(v262)
    - neighboring facets: f2113 f2191 f2196
- f2193
    - flags: bottom simplicial
    - normal:      0.95  0.08212   0.3014
    - offset: -0.01007325
    - vertices: p2082(v420) p1249(v404) p2403(v184)
    - neighboring facets: f2102 f2189 f2194
- f2194
    - flags: top simplicial
    - normal:    0.9419    0.127   0.3111
    - offset: -0.01141462
    - vertices: p2082(v420) p1249(v404) p1338(v263)
    - neighboring facets: f2105 f2195 f2193
- f2195
    - flags: bottom simplicial
    - normal:    0.8771   0.3828   0.2901
    - offset: -0.01919474
    - vertices: p2082(v420) p3508(v344) p1338(v263)
    - neighboring facets: f2105 f2194 f2196
- f2196
    - flags: bottom simplicial
    - normal:    0.8749   0.4079   0.2611
    - offset: -0.02010026
    - vertices: p2082(v420) p5(v405) p3508(v344)
    - neighboring facets: f2111 f2195 f2192
- f2197
    - flags: bottom simplicial
    - normal:    0.9437  0.04052   0.3283
    - offset: -0.009003428
    - vertices: p3921(v421) p2746(v359) p1870(v278)
    - neighboring facets: f1851 f2199 f2203
- f2198
    - flags: bottom simplicial
    - normal:    0.9392   0.0521   0.3393
    - offset: -0.008947871
    - vertices: p3921(v421) p3297(v358) p2403(v184)
    - neighboring facets: f2189 f2398 f2200
- f2199
    - flags: top simplicial
    - normal:    0.9436  0.05171   0.3271
    - offset: -0.009034311
    - vertices: p3921(v421) p996(v419) p1870(v278)
    - neighboring facets: f2188 f2197 f2200
- f2200
    - flags: bottom simplicial
    - normal:    0.9433  0.05236   0.3279
    - offset: -0.0090304
    - vertices: p3921(v421) p996(v419) p3297(v358)
    - neighboring facets: f2184 f2198 f2199
- f2203
    - flags: top simplicial
    - normal:    0.9378  0.03151   0.3458
    - offset: -0.008857821
    - vertices: p3921(v421) p2746(v359) p744(v37)
    - neighboring facets: f1850 f2393 f2197
- f2212
    - flags: bottom simplicial
    - normal:   0.06879   -0.992  -0.1062
    - offset: -0.01070871
    - vertices: p2678(v424) p153(v330) p3259(v93)
    - neighboring facets: f1714 f2213 f2532
- f2213
    - flags: top simplicial
    - normal:   0.05983  -0.9964 -0.06001
    - offset: -0.01018567
    - vertices: p2678(v424) p1347(v360) p3259(v93)
    - neighboring facets: f2052 f2212 f2215
- f2215
    - flags: bottom simplicial
    - normal:   0.04431   -0.999 -9.244e-05
    - offset: -0.009475684
    - vertices: p2678(v424) p1347(v360) p1361(v36)
    - neighboring facets: f1862 f2533 f2213
- f2216
    - flags: bottom simplicial
    - normal:    0.7739  -0.6319  0.04213
    - offset: -0.01052504
    - vertices: p2571(v425) p1834(v281) p1002(v19)
    - neighboring facets: f2479 f2480 f2217
- f2217
    - flags: bottom simplicial
    - normal:    0.7724  -0.6347  0.02468
    - offset: -0.01062135
    - vertices: p2571(v425) p3329(v361) p1834(v281)
    - neighboring facets: f1866 f2216 f2219
- f2219
    - flags: bottom simplicial
    - normal:    0.7502  -0.6591  0.05172
    - offset: -0.01047646
    - vertices: p2571(v425) p2823(v409) p3329(v361)
    - neighboring facets: f2132 f2217 f2481
- f2220
    - flags: top simplicial
    - normal:   0.08376 0.009275  -0.9964
    - offset: -0.01349448
    - vertices: p3823(v426) p3714(v203) p3493(v56)
    - neighboring facets: f1485 f2225 f2411
- f2225
    - flags: top simplicial
    - normal:   0.08793  0.01585   -0.996
    - offset: -0.01365806
    - vertices: p3038(v427) p3823(v426) p3493(v56)
    - neighboring facets: f2220 f2288 f2415
- f2227
    - flags: top simplicial
    - normal:   0.07023 -0.01088  -0.9975
    - offset: -0.0130059
    - vertices: p1894(v428) p2931(v289) p3714(v203)
    - neighboring facets: f1485 f2228 f2229
- f2228
    - flags: bottom simplicial
    - normal:   0.06849 -0.01108  -0.9976
    - offset: -0.01299903
    - vertices: p1894(v428) p2937(v365) p3714(v203)
    - neighboring facets: f1884 f2227 f2229
- f2229
    - flags: top simplicial
    - normal:   0.06975 -0.01121  -0.9975
    - offset: -0.01299763
    - vertices: p1894(v428) p2937(v365) p2931(v289)
    - neighboring facets: f1886 f2227 f2228
- f2230
    - flags: bottom simplicial
    - normal:  -0.04575 -7.358e-05   -0.999
    - offset: -0.01321627
    - vertices: p286(v429) p730(v369) p2749(v294)
    - neighboring facets: f1906 f2417 f2233
- f2232
    - flags: top simplicial
    - normal:  -0.05821 0.0007745  -0.9983
    - offset: -0.01325916
    - vertices: p286(v429) p1395(v205) p3151(v132)
    - neighboring facets: f1896 f2420 f2233
- f2233
    - flags: top simplicial
    - normal:  -0.05476 0.000771  -0.9985
    - offset: -0.0132462
    - vertices: p286(v429) p730(v369) p1395(v205)
    - neighboring facets: f1905 f2232 f2230
- f2236
    - flags: bottom simplicial
    - normal:   -0.6982  -0.7142 -0.04936
    - offset: -0.01006682
    - vertices: p3485(v430) p3490(v296) p1071(v207)
    - neighboring facets: f1517 f2237 f2238
- f2237
    - flags: top simplicial
    - normal:   -0.7262  -0.6859 -0.04698
    - offset: -0.0100393
    - vertices: p3485(v430) p161(v373) p1071(v207)
    - neighboring facets: f1930 f2236 f2238
- f2238
    - flags: bottom simplicial
    - normal:      -0.7  -0.7123 -0.05111
    - offset: -0.01008691
    - vertices: p3485(v430) p161(v373) p3490(v296)
    - neighboring facets: f1927 f2236 f2237
- f2239
    - flags: bottom simplicial
    - normal:    0.7727   0.0296   -0.634
    - offset: -0.0140517
    - vertices: p1025(v431) p1173(v309) p1982(v222)
    - neighboring facets: f1594 f2243 f2240
- f2240
    - flags: bottom simplicial
    - normal:    0.7282  0.02788  -0.6848
    - offset: -0.01413264
    - vertices: p1025(v431) p798(v379) p1173(v309)
    - neighboring facets: f1965 f2239 f2241
- f2241
    - flags: top simplicial
    - normal:    0.5912 -0.02135  -0.8062
    - offset: -0.01398565
    - vertices: p1025(v431) p798(v379) p1940(v152)
    - neighboring facets: f1962 f2242 f2240
- f2242
    - flags: bottom simplicial
    - normal:    0.5813 -0.03512  -0.8129
    - offset: -0.01394386
    - vertices: p1025(v431) p1335(v308) p1940(v152)
    - neighboring facets: f1588 f2241 f2243
- f2243
    - flags: top simplicial
    - normal:    0.6145 -0.04439  -0.7877
    - offset: -0.01400159
    - vertices: p1025(v431) p1335(v308) p1982(v222)
    - neighboring facets: f1587 f2239 f2242
- f2244
    - flags: bottom simplicial
    - normal:    0.9664   -0.226  -0.1222
    - offset: -0.01156633
    - vertices: p3284(v432) p1269(v224) p1944(v153)
    - neighboring facets: f1604 f2245 f2246
- f2245
    - flags: top simplicial
    - normal:    0.9656  -0.2401 -0.09984
    - offset: -0.01141546
    - vertices: p3284(v432) p2686(v380) p1944(v153)
    - neighboring facets: f2421 f2244 f2249
- f2246
    - flags: bottom simplicial
    - normal:    0.9206  -0.2661  -0.2859
    - offset: -0.01265214
    - vertices: p3284(v432) p263(v230) p1269(v224)
    - neighboring facets: f1180 f2244 f2247
- f2247
    - flags: top simplicial
    - normal:    0.9034  -0.4188 -0.09217
    - offset: -0.01135369
    - vertices: p3284(v432) p263(v230) p3840(v51)
    - neighboring facets: f1459 f2248 f2246
- f2248
    - flags: bottom simplicial
    - normal:    0.9034   -0.419 -0.09128
    - offset: -0.01134674
    - vertices: p3284(v432) p752(v383) p3840(v51)
    - neighboring facets: f1982 f2247 f2250
- f2249
    - flags: bottom simplicial
    - normal:     0.923  -0.3798 -0.06122
    - offset: -0.01114805
    - vertices: p3284(v432) p2686(v380) p2739(v312)
    - neighboring facets: f2502 f2250 f2245
- f2250
    - flags: top simplicial
    - normal:    0.9135  -0.4017 -0.06406
    - offset: -0.01115407
    - vertices: p3284(v432) p752(v383) p2739(v312)
    - neighboring facets: f1981 f2249 f2248
- f2255
    - flags: top simplicial
    - normal:     0.968  -0.2503 -0.01948
    - offset: -0.01088984
    - vertices: p1067(v433) p2949(v310) p145(v223)
    - neighboring facets: f1596 f2423 f2504
- f2257
    - flags: bottom simplicial
    - normal:    0.8189  0.04078  -0.5725
    - offset: -0.01390733
    - vertices: p265(v434) p676(v236) p1885(v162)
    - neighboring facets: f1593 f2258 f2259
- f2258
    - flags: top simplicial
    - normal:    0.8512  0.04296   -0.523
    - offset: -0.01374666
    - vertices: p265(v434) p1510(v386) p1885(v162)
    - neighboring facets: f1997 f2257 f2260
- f2259
    - flags: top simplicial
    - normal:    0.8221  0.03788   -0.568
    - offset: -0.01388394
    - vertices: p265(v434) p676(v236) p3696(v50)
    - neighboring facets: f1595 f2260 f2257
- f2260
    - flags: bottom simplicial
    - normal:     0.848  0.03764  -0.5286
    - offset: -0.01374912
    - vertices: p265(v434) p1510(v386) p3696(v50)
    - neighboring facets: f1996 f2259 f2258
- f2261
    - flags: top simplicial
    - normal:     0.647   0.0732   -0.759
    - offset: -0.01549482
    - vertices: p2058(v435) p2810(v389) p2888(v161)
    - neighboring facets: f2015 f2271 f2262
- f2262
    - flags: bottom simplicial
    - normal:    0.6512  0.04825  -0.7574
    - offset: -0.01479475
    - vertices: p2058(v435) p2810(v389) p1276(v320)
    - neighboring facets: f2014 f2275 f2261
- f2265
    - flags: bottom simplicial
    - normal:    0.4452  0.05848  -0.8935
    - offset: -0.01525524
    - vertices: p975(v436) p2508(v390) p1812(v235)
    - neighboring facets: f2026 f2514 f2273
- f2270
    - flags: bottom simplicial
    - normal:    0.4213   0.2134  -0.8814
    - offset: -0.01956371
    - vertices: p3559(v437) p228(v319) p2888(v161)
    - neighboring facets: f2006 f2271 f2272
- f2271
    - flags: top simplicial
    - normal:    0.6205  0.07708  -0.7804
    - offset: -0.0156573
    - vertices: p3559(v437) p2058(v435) p2888(v161)
    - neighboring facets: f2261 f2270 f2275
- f2272
    - flags: bottom simplicial
    - normal:    0.4603  0.09713  -0.8824
    - offset: -0.01632482
    - vertices: p3559(v437) p975(v436) p228(v319)
    - neighboring facets: f2515 f2270 f2273
- f2273
    - flags: top simplicial
    - normal:    0.4776  0.08235  -0.8747
    - offset: -0.01590885
    - vertices: p3559(v437) p975(v436) p2508(v390)
    - neighboring facets: f2265 f2274 f2272
- f2274
    - flags: top simplicial
    - normal:     0.549  0.06834  -0.8331
    - offset: -0.01550126
    - vertices: p3559(v437) p2508(v390) p1276(v320)
    - neighboring facets: f2027 f2275 f2273
- f2275
    - flags: bottom simplicial
    - normal:    0.5862  0.06891  -0.8072
    - offset: -0.01548021
    - vertices: p3559(v437) p2058(v435) p1276(v320)
    - neighboring facets: f2262 f2274 f2271
- f2276
    - flags: bottom simplicial
    - normal:     0.569   0.0111  -0.8223
    - offset: -0.01404947
    - vertices: p552(v438) p3054(v221) p1940(v152)
    - neighboring facets: f1962 f2277 f2278
- f2277
    - flags: top simplicial
    - normal:     0.552  0.01302  -0.8337
    - offset: -0.0140367
    - vertices: p552(v438) p2507(v391) p1940(v152)
    - neighboring facets: f2279 f2276 f2278
- f2278
    - flags: bottom simplicial
    - normal:    0.5811  0.01607  -0.8136
    - offset: -0.01408642
    - vertices: p552(v438) p2507(v391) p3054(v221)
    - neighboring facets: f2024 f2276 f2277
- f2279
    - flags: bottom simplicial
    - normal:     0.516  0.01025  -0.8565
    - offset: -0.01397671
    - vertices: p110(v439) p2507(v391) p1940(v152)
    - neighboring facets: f2277 f2298 f2297
- f2285
    - flags: bottom simplicial
    - normal:    0.1702   0.0183  -0.9852
    - offset: -0.01388663
    - vertices: p766(v440) p2371(v392) p3493(v56)
    - neighboring facets: f2071 f2288 f2508
- f2288
    - flags: top simplicial
    - normal:    0.1214  0.03401   -0.992
    - offset: -0.01415691
    - vertices: p766(v440) p3038(v427) p3493(v56)
    - neighboring facets: f2225 f2285 f2337
- f2291
    - flags: bottom simplicial
    - normal:    0.3338 -0.01023  -0.9426
    - offset: -0.01345066
    - vertices: p493(v441) p2578(v393) p23(v329)
    - neighboring facets: f2035 f2441 f2442
- f2296
    - flags: top simplicial
    - normal:    0.5086  0.01763  -0.8608
    - offset: -0.01416305
    - vertices: p202(v442) p2507(v391) p1812(v235)
    - neighboring facets: f2026 f2512 f2297
- f2297
    - flags: top simplicial
    - normal:    0.5108    0.012  -0.8596
    - offset: -0.01402083
    - vertices: p202(v442) p110(v439) p2507(v391)
    - neighboring facets: f2279 f2296 f2298
- f2298
    - flags: bottom simplicial
    - normal:    0.5034 0.008795   -0.864
    - offset: -0.01394926
    - vertices: p202(v442) p110(v439) p1940(v152)
    - neighboring facets: f2279 f2299 f2297
- f2299
    - flags: top simplicial
    - normal:    0.4499 0.001603  -0.8931
    - offset: -0.01379957
    - vertices: p202(v442) p2617(v324) p1940(v152)
    - neighboring facets: f1671 f2298 f2300
- f2300
    - flags: top simplicial
    - normal:    0.4158 -0.001861  -0.9094
    - offset: -0.01370569
    - vertices: p202(v442) p2578(v393) p2617(v324)
    - neighboring facets: f2034 f2299 f2523
- f2301
    - flags: top simplicial
    - normal:   -0.1351  -0.7131  -0.6879
    - offset: -0.01546574
    - vertices: p31(v443) p153(v330) p3874(v6)
    - neighboring facets: f1700 f2302 f2530
- f2302
    - flags: bottom simplicial
    - normal:   -0.1788  -0.7659  -0.6176
    - offset: -0.01511772
    - vertices: p31(v443) p2831(v398) p3874(v6)
    - neighboring facets: f2060 f2301 f2451
- f2307
    - flags: top simplicial
    - normal:   -0.2476  -0.9688 -0.006155
    - offset: -0.009523676
    - vertices: p2323(v444) p3210(v208) p1539(v71)
    - neighboring facets: f1049 f2309 f2308
- f2308
    - flags: top simplicial
    - normal:   -0.2477  -0.9688 -0.008149
    - offset: -0.009547518
    - vertices: p2323(v444) p2831(v398) p3210(v208)
    - neighboring facets: f2059 f2307 f2452
- f2309
    - flags: bottom simplicial
    - normal:   -0.2222   -0.975 -0.003295
    - offset: -0.009507516
    - vertices: p2323(v444) p3212(v266) p1539(v71)
    - neighboring facets: f1356 f2307 f2455
- f2313
    - flags: top simplicial
    - normal:    0.1744 -0.02694  -0.9843
    - offset: -0.0129454
    - vertices: p2286(v445) p3539(v332) p2806(v245)
    - neighboring facets: f2074 f2314 f2318
- f2314
    - flags: bottom simplicial
    - normal:    0.1693  -0.0264  -0.9852
    - offset: -0.01293795
    - vertices: p2286(v445) p3765(v399) p2806(v245)
    - neighboring facets: f2324 f2313 f2315
- f2315
    - flags: top simplicial
    - normal:     0.153 -0.02614  -0.9879
    - offset: -0.0129235
    - vertices: p2286(v445) p3765(v399) p656(v244)
    - neighboring facets: f2066 f2316 f2314
- f2316
    - flags: bottom simplicial
    - normal:    0.1599 -0.03441  -0.9865
    - offset: -0.01299422
    - vertices: p2286(v445) p1860(v331) p656(v244)
    - neighboring facets: f2066 f2315 f2317
- f2317
    - flags: top simplicial
    - normal:    0.1881 -0.06766  -0.9798
    - offset: -0.01326336
    - vertices: p2286(v445) p1860(v331) p1702(v167)
    - neighboring facets: f1711 f2318 f2316
- f2318
    - flags: bottom simplicial
    - normal:    0.1871 -0.06075  -0.9805
    - offset: -0.01321168
    - vertices: p2286(v445) p3539(v332) p1702(v167)
    - neighboring facets: f1715 f2317 f2313
- f2319
    - flags: bottom simplicial
    - normal:    0.1311  -0.0243  -0.9911
    - offset: -0.01290925
    - vertices: p1232(v446) p1860(v331) p1231(v164)
    - neighboring facets: f1707 f2321 f2320
- f2320
    - flags: bottom simplicial
    - normal:    0.1385 -0.02471    -0.99
    - offset: -0.01291282
    - vertices: p1232(v446) p3765(v399) p1860(v331)
    - neighboring facets: f2066 f2319 f2322
- f2321
    - flags: bottom simplicial
    - normal:    0.1334 -0.01979  -0.9909
    - offset: -0.01293126
    - vertices: p1232(v446) p1231(v164) p3493(v56)
    - neighboring facets: f1890 f2322 f2319
- f2322
    - flags: top simplicial
    - normal:    0.1419 -0.02036  -0.9897
    - offset: -0.01293461
    - vertices: p1232(v446) p3765(v399) p3493(v56)
    - neighboring facets: f2071 f2321 f2320
- f2323
    - flags: bottom simplicial
    - normal:    0.1698 -0.02202  -0.9852
    - offset: -0.01295672
    - vertices: p1738(v447) p2371(v392) p2806(v245)
    - neighboring facets: f2076 f2324 f2325
- f2324
    - flags: top simplicial
    - normal:    0.1694 -0.02416  -0.9853
    - offset: -0.01294715
    - vertices: p1738(v447) p3765(v399) p2806(v245)
    - neighboring facets: f2314 f2323 f2325
- f2325
    - flags: bottom simplicial
    - normal:    0.1688 -0.02197  -0.9854
    - offset: -0.01295562
    - vertices: p1738(v447) p3765(v399) p2371(v392)
    - neighboring facets: f2071 f2323 f2324
- f2326
    - flags: bottom simplicial
    - normal:    0.1076   0.1821  -0.9774
    - offset: -0.01814096
    - vertices: p2333(v448) p643(v401) p211(v100)
    - neighboring facets: f2078 f2459 f2327
- f2327
    - flags: top simplicial
    - normal:   0.05813   0.1586  -0.9856
    - offset: -0.01743532
    - vertices: p2333(v448) p643(v401) p1772(v334)
    - neighboring facets: f2340 f2329 f2326
- f2329
    - flags: bottom simplicial
    - normal:   0.03855   0.1388  -0.9896
    - offset: -0.01682228
    - vertices: p2333(v448) p169(v402) p1772(v334)
    - neighboring facets: f2464 f2327 f2460
- f2334
    - flags: top simplicial
    - normal:   0.05724  0.04283  -0.9974
    - offset: -0.01425941
    - vertices: p903(v450) p169(v402) p2985(v363)
    - neighboring facets: f2347 f2335 f2463
- f2335
    - flags: bottom simplicial
    - normal:   0.09736  0.03534  -0.9946
    - offset: -0.01414677
    - vertices: p903(v450) p3038(v427) p2985(v363)
    - neighboring facets: f2414 f2334 f2337
- f2336
    - flags: top simplicial
    - normal:    0.1226  0.03637  -0.9918
    - offset: -0.01421882
    - vertices: p903(v450) p766(v440) p1952(v288)
    - neighboring facets: f2509 f2462 f2337
- f2337
    - flags: bottom simplicial
    - normal:    0.1207  0.03521  -0.9921
    - offset: -0.01418453
    - vertices: p903(v450) p766(v440) p3038(v427)
    - neighboring facets: f2288 f2335 f2336
- f2338
    - flags: bottom simplicial
    - normal:  -0.09608  0.08627  -0.9916
    - offset: -0.01518643
    - vertices: p964(v451) p2216(v403) p3845(v102)
    - neighboring facets: f2092 f2341 f2339
- f2339
    - flags: top simplicial
    - normal:   -0.0572   0.1037   -0.993
    - offset: -0.01567439
    - vertices: p964(v451) p2216(v403) p1772(v334)
    - neighboring facets: f2344 f2340 f2338
- f2340
    - flags: bottom simplicial
    - normal:  -0.04372   0.1402  -0.9892
    - offset: -0.01683966
    - vertices: p964(v451) p643(v401) p1772(v334)
    - neighboring facets: f2327 f2339 f2342
- f2341
    - flags: bottom simplicial
    - normal:   -0.1274    0.341  -0.9314
    - offset: -0.02333162
    - vertices: p964(v451) p3845(v102) p1167(v54)
    - neighboring facets: f831 f2342 f2338
- f2342
    - flags: top simplicial
    - normal:  -0.03074   0.2447  -0.9691
    - offset: -0.02014993
    - vertices: p964(v451) p643(v401) p1167(v54)
    - neighboring facets: f2082 f2341 f2340
- f2344
    - flags: bottom simplicial
    - normal:  -0.04918   0.1035  -0.9934
    - offset: -0.01567381
    - vertices: p267(v452) p2216(v403) p1772(v334)
    - neighboring facets: f2339 f2465 f2352
- f2347
    - flags: bottom simplicial
    - normal:   0.05584  0.04277  -0.9975
    - offset: -0.01425503
    - vertices: p267(v452) p169(v402) p2985(v363)
    - neighboring facets: f2334 f2470 f2466
- f2348
    - flags: top simplicial
    - normal:   -0.1026  0.02345  -0.9944
    - offset: -0.01355006
    - vertices: p2968(v453) p243(v366) p2550(v128)
    - neighboring facets: f1894 f2350 f2349
- f2349
    - flags: top simplicial
    - normal:   -0.1116  0.03408  -0.9932
    - offset: -0.01380668
    - vertices: p2968(v453) p2216(v403) p243(v366)
    - neighboring facets: f2098 f2348 f2352
- f2350
    - flags: bottom simplicial
    - normal:  -0.02944  0.01472  -0.9995
    - offset: -0.01342082
    - vertices: p2968(v453) p3714(v203) p2550(v128)
    - neighboring facets: f1505 f2348 f2467
- f2352
    - flags: top simplicial
    - normal:  -0.04133  0.07196  -0.9966
    - offset: -0.01487003
    - vertices: p2968(v453) p267(v452) p2216(v403)
    - neighboring facets: f2344 f2349 f2468
- f2353
    - flags: top simplicial
    - normal:    0.7295  -0.5847   0.3549
    - offset: -0.009102039
    - vertices: p1663(v454) p2244(v408) p3529(v348)
    - neighboring facets: f2124 f2355 f2357
- f2354
    - flags: top simplicial
    - normal:    0.6737  -0.7095    0.207
    - offset: -0.009780303
    - vertices: p1663(v454) p1528(v269) p989(v189)
    - neighboring facets: f1372 f2356 f2355
- f2355
    - flags: top simplicial
    - normal:    0.7157  -0.6686   0.2021
    - offset: -0.009790088
    - vertices: p1663(v454) p3529(v348) p1528(v269)
    - neighboring facets: f2130 f2354 f2353
- f2356
    - flags: top simplicial
    - normal:    0.5264   -0.379   0.7611
    - offset: -0.005673765
    - vertices: p1663(v454) p989(v189) p1121(v181)
    - neighboring facets: f948 f2357 f2354
- f2357
    - flags: bottom simplicial
    - normal:    0.5298  -0.3712   0.7626
    - offset: -0.00563985
    - vertices: p1663(v454) p2244(v408) p1121(v181)
    - neighboring facets: f2126 f2356 f2353
- f2359
    - flags: top simplicial
    - normal:    0.7582  -0.6324   0.1584
    - offset: -0.01002021
    - vertices: p2071(v455) p2823(v409) p3529(v348)
    - neighboring facets: f2130 f2473 f2478
- f2360
    - flags: top simplicial
    - normal:    0.8243  -0.5636  0.05393
    - offset: -0.01045979
    - vertices: p2071(v455) p1046(v347) p1834(v281)
    - neighboring facets: f1793 f2477 f2472
- f2362
    - flags: top simplicial
    - normal:    0.6224   0.0798   0.7786
    - offset: -0.00638247
    - vertices: p2839(v456) p457(v413) p2342(v351)
    - neighboring facets: f2158 f2364 f2366
- f2363
    - flags: bottom simplicial
    - normal:    0.6654  0.07923   0.7423
    - offset: -0.006708609
    - vertices: p2839(v456) p3703(v275) p1303(v69)
    - neighboring facets: f1412 f2364 f2365
- f2364
    - flags: top simplicial
    - normal:    0.6616  0.08078   0.7455
    - offset: -0.006723554
    - vertices: p2839(v456) p2342(v351) p1303(v69)
    - neighboring facets: f1813 f2363 f2362
- f2365
    - flags: top simplicial
    - normal:    0.6184  0.04624   0.7845
    - offset: -0.005377967
    - vertices: p2839(v456) p3703(v275) p3143(v196)
    - neighboring facets: f1410 f2366 f2363
- f2366
    - flags: bottom simplicial
    - normal:    0.5844  0.05555   0.8096
    - offset: -0.005378973
    - vertices: p2839(v456) p457(v413) p3143(v196)
    - neighboring facets: f2381 f2365 f2362
- f2367
    - flags: top simplicial
    - normal:    0.4941  0.09312   0.8644
    - offset: -0.005857627
    - vertices: p3225(v457) p1199(v350) p2291(v274)
    - neighboring facets: f2173 f2368 f2369
- f2368
    - flags: bottom simplicial
    - normal:    0.5439    0.106   0.8324
    - offset: -0.006599814
    - vertices: p3225(v457) p457(v413) p2291(v274)
    - neighboring facets: f2158 f2367 f2369
- f2369
    - flags: top simplicial
    - normal:    0.4946  0.07984   0.8655
    - offset: -0.005460405
    - vertices: p3225(v457) p457(v413) p1199(v350)
    - neighboring facets: f2385 f2367 f2368
- f2370
    - flags: top simplicial
    - normal:    0.3581 -0.007778   0.9336
    - offset: -0.002324203
    - vertices: p701(v458) p799(v414) p1209(v194)
    - neighboring facets: f2159 f2372 f2371
- f2371
    - flags: bottom simplicial
    - normal:    0.3475 -0.008119   0.9376
    - offset: -0.002258671
    - vertices: p701(v458) p799(v414) p3986(v357)
    - neighboring facets: f2386 f2373 f2370
- f2372
    - flags: top simplicial
    - normal:    0.3456 -0.00921   0.9383
    - offset: -0.002224956
    - vertices: p701(v458) p1209(v194) p624(v66)
    - neighboring facets: f969 f2373 f2370
- f2373
    - flags: bottom simplicial
    - normal:    0.3448 -0.009285   0.9386
    - offset: -0.002218883
    - vertices: p701(v458) p3986(v357) p624(v66)
    - neighboring facets: f1842 f2372 f2371
- f2374
    - flags: bottom simplicial
    - normal:    0.3957 0.005199   0.9184
    - offset: -0.002832475
    - vertices: p2466(v459) p799(v414) p3821(v277)
    - neighboring facets: f2160 f2483 f2388
- f2379
    - flags: top simplicial
    - normal:    0.4929  0.01982   0.8699
    - offset: -0.003803737
    - vertices: p2466(v459) p137(v415) p283(v355)
    - neighboring facets: f2166 f2484 f2383
- f2380
    - flags: bottom simplicial
    - normal:    0.5111  0.03129   0.8589
    - offset: -0.004222813
    - vertices: p3575(v460) p137(v415) p3143(v196)
    - neighboring facets: f2166 f2381 f2383
- f2381
    - flags: top simplicial
    - normal:    0.5465  0.05655   0.8355
    - offset: -0.005135395
    - vertices: p3575(v460) p457(v413) p3143(v196)
    - neighboring facets: f2366 f2380 f2385
- f2382
    - flags: top simplicial
    - normal:    0.4678  0.04816   0.8825
    - offset: -0.004384976
    - vertices: p3575(v460) p2466(v459) p2245(v356)
    - neighboring facets: f2485 f2384 f2383
- f2383
    - flags: bottom simplicial
    - normal:    0.4921  0.03154     0.87
    - offset: -0.00410233
    - vertices: p3575(v460) p2466(v459) p137(v415)
    - neighboring facets: f2379 f2380 f2382
- f2384
    - flags: top simplicial
    - normal:     0.484  0.06565   0.8726
    - offset: -0.004961278
    - vertices: p3575(v460) p2245(v356) p1199(v350)
    - neighboring facets: f2172 f2385 f2382
- f2385
    - flags: bottom simplicial
    - normal:    0.4899  0.06553   0.8693
    - offset: -0.004997577
    - vertices: p3575(v460) p457(v413) p1199(v350)
    - neighboring facets: f2369 f2384 f2381
- f2386
    - flags: top simplicial
    - normal:    0.3402 0.001857   0.9404
    - offset: -0.002453724
    - vertices: p2416(v461) p799(v414) p3986(v357)
    - neighboring facets: f2371 f2387 f2388
- f2387
    - flags: bottom simplicial
    - normal:    0.2438  0.02248   0.9696
    - offset: -0.002466236
    - vertices: p2416(v461) p1629(v406) p3986(v357)
    - neighboring facets: f2117 f2386 f2389
- f2388
    - flags: top simplicial
    - normal:    0.3859 0.008211   0.9225
    - offset: -0.002850853
    - vertices: p2416(v461) p2466(v459) p799(v414)
    - neighboring facets: f2374 f2386 f2486
- f2389
    - flags: top simplicial
    - normal:    0.2436  0.02628   0.9695
    - offset: -0.002560518
    - vertices: p2416(v461) p1629(v406) p1788(v276)
    - neighboring facets: f2115 f2390 f2387
- f2390
    - flags: bottom simplicial
    - normal:    0.2478  0.02744   0.9684
    - offset: -0.002611822
    - vertices: p2416(v461) p3786(v418) p1788(v276)
    - neighboring facets: f2178 f2389 f2488
- f2393
    - flags: top simplicial
    - normal:     0.918  0.03732   0.3949
    - offset: -0.008493179
    - vertices: p2004(v462) p3921(v421) p744(v37)
    - neighboring facets: f2203 f2394 f2398
- f2394
    - flags: bottom simplicial
    - normal:    0.9049  0.03672   0.4241
    - offset: -0.008262723
    - vertices: p2004(v462) p1183(v123) p744(v37)
    - neighboring facets: f595 f2393 f2395
- f2395
    - flags: bottom simplicial
    - normal:    0.9027  0.03781   0.4287
    - offset: -0.008228811
    - vertices: p2004(v462) p1844(v411) p1183(v123)
    - neighboring facets: f2491 f2394 f2489
- f2398
    - flags: bottom simplicial
    - normal:    0.9248  0.05083    0.377
    - offset: -0.008661906
    - vertices: p2004(v462) p3921(v421) p2403(v184)
    - neighboring facets: f2198 f2495 f2393
- f2401
    - flags: bottom simplicial
    - normal:    0.6907  -0.7215  -0.0494
    - offset: -0.01106376
    - vertices: p1652(v463) p2838(v283) p2462(v200)
    - neighboring facets: f1456 f2403 f2409
- f2403
    - flags: bottom simplicial
    - normal:    0.5902  -0.8071  0.01171
    - offset: -0.01057869
    - vertices: p1652(v463) p2462(v200) p817(v75)
    - neighboring facets: f1869 f2405 f2401
- f2404
    - flags: top simplicial
    - normal:    0.6003  -0.7993 -0.02868
    - offset: -0.0109174
    - vertices: p1652(v463) p1827(v422) p1347(v360)
    - neighboring facets: f2408 f2406 f2410
- f2405
    - flags: top simplicial
    - normal:    0.5338   -0.845  0.03072
    - offset: -0.01034905
    - vertices: p1652(v463) p989(v189) p817(v75)
    - neighboring facets: f1372 f2403 f2406
- f2406
    - flags: top simplicial
    - normal:    0.5302  -0.8474  0.02986
    - offset: -0.01035056
    - vertices: p1652(v463) p1347(v360) p989(v189)
    - neighboring facets: f1860 f2405 f2404
- f2407
    - flags: bottom simplicial
    - normal:    0.6614  -0.7389  -0.1288
    - offset: -0.01177428
    - vertices: p682(v464) p1347(v360) p2838(v283)
    - neighboring facets: f2050 f2409 f2408
- f2408
    - flags: bottom simplicial
    - normal:    0.6138  -0.7881 -0.04667
    - offset: -0.01108185
    - vertices: p682(v464) p1827(v422) p1347(v360)
    - neighboring facets: f2404 f2407 f2410
- f2409
    - flags: top simplicial
    - normal:    0.6812    -0.73 -0.05488
    - offset: -0.01111521
    - vertices: p682(v464) p1652(v463) p2838(v283)
    - neighboring facets: f2401 f2407 f2410
- f2410
    - flags: bottom simplicial
    - normal:     0.676   -0.735 -0.05332
    - offset: -0.01110754
    - vertices: p682(v464) p1652(v463) p1827(v422)
    - neighboring facets: f2404 f2408 f2409
- f2411
    - flags: bottom simplicial
    - normal:    0.0707  0.02354  -0.9972
    - offset: -0.01381195
    - vertices: p2378(v465) p3823(v426) p3714(v203)
    - neighboring facets: f2220 f2469 f2415
- f2414
    - flags: top simplicial
    - normal:   0.08113  0.02461  -0.9964
    - offset: -0.0138558
    - vertices: p2378(v465) p3038(v427) p2985(v363)
    - neighboring facets: f2335 f2471 f2415
- f2415
    - flags: bottom simplicial
    - normal:   0.08058  0.02379  -0.9965
    - offset: -0.01383488
    - vertices: p2378(v465) p3038(v427) p3823(v426)
    - neighboring facets: f2225 f2411 f2414
- f2416
    - flags: top simplicial
    - normal:  -0.02059 -0.004176  -0.9998
    - offset: -0.01313942
    - vertices: p3310(v466) p3643(v370) p2749(v294)
    - neighboring facets: f1910 f2417 f2497
- f2417
    - flags: bottom simplicial
    - normal:  -0.02292 -0.004002  -0.9997
    - offset: -0.01314568
    - vertices: p3310(v466) p286(v429) p2749(v294)
    - neighboring facets: f2230 f2416 f2420
- f2420
    - flags: top simplicial
    - normal:  -0.02565 -0.005565  -0.9997
    - offset: -0.01316577
    - vertices: p3310(v466) p286(v429) p3151(v132)
    - neighboring facets: f2232 f2499 f2417
- f2421
    - flags: bottom simplicial
    - normal:    0.9657  -0.2411 -0.09657
    - offset: -0.0113934
    - vertices: p465(v467) p2686(v380) p1944(v153)
    - neighboring facets: f2245 f2422 f2534
- f2422
    - flags: top simplicial
    - normal:    0.9687  -0.2325 -0.08645
    - offset: -0.01132956
    - vertices: p465(v467) p145(v223) p1944(v153)
    - neighboring facets: f1603 f2421 f2423
- f2423
    - flags: top simplicial
    - normal:    0.9684  -0.2449   -0.046
    - offset: -0.01106572
    - vertices: p465(v467) p1067(v433) p145(v223)
    - neighboring facets: f2255 f2422 f2500
- f2427
    - flags: bottom simplicial
    - normal:    0.9373  -0.3462  0.04032
    - offset: -0.01052618
    - vertices: p869(v468) p45(v381) p2739(v312)
    - neighboring facets: f1975 f2501 f2428
- f2428
    - flags: bottom simplicial
    - normal:    0.9575  -0.2844  0.04902
    - offset: -0.01048734
    - vertices: p869(v468) p1281(v382) p45(v381)
    - neighboring facets: f1978 f2427 f2429
- f2429
    - flags: top simplicial
    - normal:    0.9579  -0.2831  0.04835
    - offset: -0.0104913
    - vertices: p869(v468) p1281(v382) p2949(v310)
    - neighboring facets: f1978 f2505 f2428
- f2431
    - flags: bottom simplicial
    - normal:    0.2792  0.01659  -0.9601
    - offset: -0.01402223
    - vertices: p3876(v469) p1204(v394) p899(v325)
    - neighboring facets: f2445 f2506 f2522
- f2439
    - flags: bottom simplicial
    - normal:    0.2993 -0.01353  -0.9541
    - offset: -0.0133376
    - vertices: p1384(v470) p23(v329) p899(v325)
    - neighboring facets: f1693 f2440 f2441
- f2440
    - flags: top simplicial
    - normal:    0.3052 -0.01053  -0.9522
    - offset: -0.01341134
    - vertices: p1384(v470) p493(v441) p899(v325)
    - neighboring facets: f2446 f2439 f2441
- f2441
    - flags: bottom simplicial
    - normal:    0.3053 -0.01295  -0.9522
    - offset: -0.01335827
    - vertices: p1384(v470) p493(v441) p23(v329)
    - neighboring facets: f2291 f2439 f2440
- f2442
    - flags: top simplicial
    - normal:     0.331 -0.00849  -0.9436
    - offset: -0.0134861
    - vertices: p366(v471) p493(v441) p2578(v393)
    - neighboring facets: f2291 f2524 f2446
- f2445
    - flags: top simplicial
    - normal:    0.3081 -0.002751  -0.9514
    - offset: -0.01359456
    - vertices: p366(v471) p1204(v394) p899(v325)
    - neighboring facets: f2431 f2446 f2521
- f2446
    - flags: bottom simplicial
    - normal:    0.3107 -0.007497  -0.9505
    - offset: -0.01348507
    - vertices: p366(v471) p493(v441) p899(v325)
    - neighboring facets: f2440 f2445 f2442
- f2451
    - flags: top simplicial
    - normal:    -0.144  -0.9812  -0.1289
    - offset: -0.0109801
    - vertices: p3717(v473) p31(v443) p2831(v398)
    - neighboring facets: f2302 f2452 f2528
- f2452
    - flags: bottom simplicial
    - normal:   -0.1819  -0.9821 -0.04913
    - offset: -0.01006399
    - vertices: p3717(v473) p2323(v444) p2831(v398)
    - neighboring facets: f2308 f2451 f2529
- f2454
    - flags: top simplicial
    - normal:   -0.1164  -0.9757   0.1855
    - offset: -0.009200231
    - vertices: p1618(v474) p3212(v266) p1361(v36)
    - neighboring facets: f1365 f2531 f2455
- f2455
    - flags: top simplicial
    - normal:   -0.2068  -0.9784 -0.00249
    - offset: -0.009505715
    - vertices: p1618(v474) p2323(v444) p3212(v266)
    - neighboring facets: f2309 f2454 f2527
- f2459
    - flags: bottom simplicial
    - normal:   0.09853   0.1734  -0.9799
    - offset: -0.01787966
    - vertices: p3388(v475) p2333(v448) p211(v100)
    - neighboring facets: f2326 f2539 f2460
- f2460
    - flags: top simplicial
    - normal:   0.05384    0.145   -0.988
    - offset: -0.01701667
    - vertices: p3388(v475) p2333(v448) p169(v402)
    - neighboring facets: f2329 f2463 f2459
- f2462
    - flags: top simplicial
    - normal:    0.1027  0.05842   -0.993
    - offset: -0.01477163
    - vertices: p3388(v475) p903(v450) p1952(v288)
    - neighboring facets: f2336 f2540 f2463
- f2463
    - flags: bottom simplicial
    - normal:   0.09067  0.06068   -0.994
    - offset: -0.01480824
    - vertices: p3388(v475) p903(v450) p169(v402)
    - neighboring facets: f2334 f2460 f2462
- f2464
    - flags: top simplicial
    - normal:  -0.01444   0.1136  -0.9934
    - offset: -0.01601858
    - vertices: p2984(v476) p169(v402) p1772(v334)
    - neighboring facets: f2329 f2465 f2466
- f2465
    - flags: bottom simplicial
    - normal:  -0.02451   0.1095  -0.9937
    - offset: -0.01588282
    - vertices: p2984(v476) p267(v452) p1772(v334)
    - neighboring facets: f2344 f2464 f2466
- f2466
    - flags: top simplicial
    - normal:  -0.01661    0.106  -0.9942
    - offset: -0.01580901
    - vertices: p2984(v476) p267(v452) p169(v402)
    - neighboring facets: f2347 f2464 f2465
- f2467
    - flags: top simplicial
    - normal:  -0.01254  0.02568  -0.9996
    - offset: -0.01371587
    - vertices: p757(v477) p2968(v453) p3714(v203)
    - neighboring facets: f2350 f2469 f2468
- f2468
    - flags: bottom simplicial
    - normal:  -0.01025  0.03774  -0.9992
    - offset: -0.01402689
    - vertices: p757(v477) p2968(v453) p267(v452)
    - neighboring facets: f2352 f2470 f2467
- f2469
    - flags: bottom simplicial
    - normal:   0.04596  0.03441  -0.9984
    - offset: -0.01402926
    - vertices: p757(v477) p2378(v465) p3714(v203)
    - neighboring facets: f2411 f2467 f2471
- f2470
    - flags: bottom simplicial
    - normal:   0.05093  0.04034  -0.9979
    - offset: -0.01418521
    - vertices: p757(v477) p267(v452) p2985(v363)
    - neighboring facets: f2347 f2471 f2468
- f2471
    - flags: top simplicial
    - normal:   0.04747  0.03575  -0.9982
    - offset: -0.01406507
    - vertices: p757(v477) p2378(v465) p2985(v363)
    - neighboring facets: f2414 f2470 f2469
- f2472
    - flags: bottom simplicial
    - normal:    0.8262  -0.5562  0.08946
    - offset: -0.01032672
    - vertices: p3710(v478) p2071(v455) p1046(v347)
    - neighboring facets: f2360 f2474 f2473
- f2473
    - flags: top simplicial
    - normal:    0.8023  -0.5782   0.1484
    - offset: -0.01008773
    - vertices: p3710(v478) p2071(v455) p3529(v348)
    - neighboring facets: f2359 f2476 f2472
- f2474
    - flags: bottom simplicial
    - normal:    0.9032  -0.4194   0.0914
    - offset: -0.01025729
    - vertices: p3710(v478) p1046(v347) p3908(v73)
    - neighboring facets: f1790 f2475 f2472
- f2475
    - flags: top simplicial
    - normal:    0.8921  -0.3448   0.2921
    - offset: -0.009248583
    - vertices: p3710(v478) p2069(v270) p3908(v73)
    - neighboring facets: f1381 f2474 f2476
- f2476
    - flags: top simplicial
    - normal:    0.8411  -0.4202   0.3407
    - offset: -0.009086793
    - vertices: p3710(v478) p3529(v348) p2069(v270)
    - neighboring facets: f2124 f2475 f2473
- f2477
    - flags: top simplicial
    - normal:     0.797  -0.6015  0.05579
    - offset: -0.01045698
    - vertices: p1252(v479) p2071(v455) p1834(v281)
    - neighboring facets: f2360 f2479 f2478
- f2478
    - flags: bottom simplicial
    - normal:    0.7914  -0.6085  0.05821
    - offset: -0.01044652
    - vertices: p1252(v479) p2071(v455) p2823(v409)
    - neighboring facets: f2359 f2481 f2477
- f2479
    - flags: top simplicial
    - normal:    0.7741  -0.6316  0.04256
    - offset: -0.01052278
    - vertices: p1252(v479) p1834(v281) p1002(v19)
    - neighboring facets: f2216 f2480 f2477
- f2480
    - flags: bottom simplicial
    - normal:    0.7682  -0.6384  0.04866
    - offset: -0.01049107
    - vertices: p1252(v479) p2571(v425) p1002(v19)
    - neighboring facets: f2216 f2479 f2481
- f2481
    - flags: top simplicial
    - normal:    0.7682  -0.6384  0.04867
    - offset: -0.01049103
    - vertices: p1252(v479) p2571(v425) p2823(v409)
    - neighboring facets: f2219 f2478 f2480
- f2482
    - flags: top simplicial
    - normal:     0.487 0.009985   0.8734
    - offset: -0.003521872
    - vertices: p139(v480) p283(v355) p3821(v277)
    - neighboring facets: f1830 f2483 f2484
- f2483
    - flags: bottom simplicial
    - normal:    0.4626  0.01172   0.8865
    - offset: -0.003409716
    - vertices: p139(v480) p2466(v459) p3821(v277)
    - neighboring facets: f2374 f2482 f2484
- f2484
    - flags: top simplicial
    - normal:    0.4895  0.01796   0.8718
    - offset: -0.003734827
    - vertices: p139(v480) p2466(v459) p283(v355)
    - neighboring facets: f2379 f2482 f2483
- f2485
    - flags: bottom simplicial
    - normal:     0.404  0.03821    0.914
    - offset: -0.003738232
    - vertices: p1396(v481) p2466(v459) p2245(v356)
    - neighboring facets: f2382 f2487 f2486
- f2486
    - flags: bottom simplicial
    - normal:    0.3785  0.01685   0.9254
    - offset: -0.003029327
    - vertices: p1396(v481) p2416(v461) p2466(v459)
    - neighboring facets: f2388 f2485 f2488
- f2487
    - flags: top simplicial
    - normal:    0.3401  0.04018   0.9395
    - offset: -0.003418017
    - vertices: p1396(v481) p3786(v418) p2245(v356)
    - neighboring facets: f2179 f2485 f2488
- f2488
    - flags: top simplicial
    - normal:    0.3386  0.03843   0.9402
    - offset: -0.003363322
    - vertices: p1396(v481) p2416(v461) p3786(v418)
    - neighboring facets: f2390 f2487 f2486
- f2489
    - flags: top simplicial
    - normal:    0.9016  0.03856   0.4308
    - offset: -0.008213784
    - vertices: p123(v482) p2004(v462) p1844(v411)
    - neighboring facets: f2395 f2491 f2495
- f2490
    - flags: bottom simplicial
    - normal:    0.8841  0.03938   0.4657
    - offset: -0.007939162
    - vertices: p123(v482) p3437(v349) p1183(v123)
    - neighboring facets: f2139 f2491 f2492
- f2491
    - flags: top simplicial
    - normal:    0.8996  0.03852    0.435
    - offset: -0.008181231
    - vertices: p123(v482) p1844(v411) p1183(v123)
    - neighboring facets: f2395 f2490 f2489
- f2492
    - flags: bottom simplicial
    - normal:    0.8828  0.04725   0.4673
    - offset: -0.007954769
    - vertices: p123(v482) p3567(v412) p3437(v349)
    - neighboring facets: f2150 f2490 f2493
- f2493
    - flags: top simplicial
    - normal:    0.8993  0.04951   0.4346
    - offset: -0.008224452
    - vertices: p123(v482) p3567(v412) p3805(v342)
    - neighboring facets: f2149 f2494 f2492
- f2494
    - flags: top simplicial
    - normal:    0.9149  0.05031   0.4005
    - offset: -0.008483512
    - vertices: p123(v482) p3805(v342) p2403(v184)
    - neighboring facets: f2102 f2495 f2493
- f2495
    - flags: bottom simplicial
    - normal:    0.9155  0.05032   0.3992
    - offset: -0.008492715
    - vertices: p123(v482) p2004(v462) p2403(v184)
    - neighboring facets: f2398 f2494 f2489
- f2496
    - flags: bottom simplicial
    - normal:   0.01793 -0.009729  -0.9998
    - offset: -0.01305215
    - vertices: p826(v483) p3643(v370) p3874(v6)
    - neighboring facets: f1911 f2498 f2497
- f2497
    - flags: bottom simplicial
    - normal:   -0.0118 -0.005576  -0.9999
    - offset: -0.01312055
    - vertices: p826(v483) p3310(v466) p3643(v370)
    - neighboring facets: f2416 f2496 f2499
- f2498
    - flags: top simplicial
    - normal:  -0.01675 -0.03059  -0.9994
    - offset: -0.01331504
    - vertices: p826(v483) p3151(v132) p3874(v6)
    - neighboring facets: f2060 f2496 f2499
- f2499
    - flags: top simplicial
    - normal:  -0.01761 -0.02749  -0.9995
    - offset: -0.01329592
    - vertices: p826(v483) p3310(v466) p3151(v132)
    - neighboring facets: f2420 f2498 f2497
- f2500
    - flags: bottom simplicial
    - normal:    0.9613  -0.2725 -0.04111
    - offset: -0.01102731
    - vertices: p1117(v484) p465(v467) p1067(v433)
    - neighboring facets: f2423 f2504 f2536
- f2501
    - flags: bottom simplicial
    - normal:    0.9561  -0.2924 -0.01775
    - offset: -0.01087373
    - vertices: p1117(v484) p869(v468) p2739(v312)
    - neighboring facets: f2427 f2502 f2505
- f2502
    - flags: top simplicial
    - normal:    0.9514   -0.305 -0.04184
    - offset: -0.01102579
    - vertices: p1117(v484) p2686(v380) p2739(v312)
    - neighboring facets: f2249 f2501 f2535
- f2504
    - flags: bottom simplicial
    - normal:    0.9655  -0.2601 -0.01112
    - offset: -0.01083104
    - vertices: p1117(v484) p1067(v433) p2949(v310)
    - neighboring facets: f2255 f2505 f2500
- f2505
    - flags: top simplicial
    - normal:    0.9653  -0.2608 -0.01037
    - offset: -0.01082614
    - vertices: p1117(v484) p869(v468) p2949(v310)
    - neighboring facets: f2429 f2504 f2501
- f2506
    - flags: bottom simplicial
    - normal:    0.2604  0.01927  -0.9653
    - offset: -0.01406409
    - vertices: p3515(v485) p3876(v469) p899(v325)
    - neighboring facets: f2431 f2507 f2557
- f2507
    - flags: top simplicial
    - normal:    0.2174  0.01907  -0.9759
    - offset: -0.01399496
    - vertices: p3515(v485) p2371(v392) p899(v325)
    - neighboring facets: f2029 f2506 f2508
- f2508
    - flags: top simplicial
    - normal:    0.2056  0.01975  -0.9784
    - offset: -0.01399067
    - vertices: p3515(v485) p766(v440) p2371(v392)
    - neighboring facets: f2285 f2507 f2509
- f2509
    - flags: bottom simplicial
    - normal:    0.1374  0.03958  -0.9897
    - offset: -0.01433796
    - vertices: p3515(v485) p766(v440) p1952(v288)
    - neighboring facets: f2336 f2544 f2508
- f2512
    - flags: top simplicial
    - normal:     0.374  0.03668  -0.9267
    - offset: -0.01462717
    - vertices: p2298(v486) p202(v442) p1812(v235)
    - neighboring facets: f2296 f2514 f2525
- f2514
    - flags: bottom simplicial
    - normal:    0.4042  0.05263  -0.9132
    - offset: -0.01507933
    - vertices: p2298(v486) p975(v436) p1812(v235)
    - neighboring facets: f2265 f2512 f2515
- f2515
    - flags: top simplicial
    - normal:    0.3675  0.08717  -0.9259
    - offset: -0.01600979
    - vertices: p2298(v486) p975(v436) p228(v319)
    - neighboring facets: f2272 f2555 f2514
- f2521
    - flags: bottom simplicial
    - normal:    0.3671  0.00596  -0.9302
    - offset: -0.01385895
    - vertices: p3589(v487) p366(v471) p1204(v394)
    - neighboring facets: f2445 f2522 f2524
- f2522
    - flags: top simplicial
    - normal:    0.3491  0.03208  -0.9365
    - offset: -0.01448151
    - vertices: p3589(v487) p3876(v469) p1204(v394)
    - neighboring facets: f2431 f2521 f2526
- f2523
    - flags: bottom simplicial
    - normal:     0.371 0.004475  -0.9286
    - offset: -0.01382596
    - vertices: p3589(v487) p202(v442) p2578(v393)
    - neighboring facets: f2300 f2524 f2525
- f2524
    - flags: top simplicial
    - normal:    0.3703 0.004506  -0.9289
    - offset: -0.01382604
    - vertices: p3589(v487) p366(v471) p2578(v393)
    - neighboring facets: f2442 f2523 f2521
- f2525
    - flags: bottom simplicial
    - normal:    0.3524  0.03293  -0.9353
    - offset: -0.01450645
    - vertices: p3589(v487) p2298(v486) p202(v442)
    - neighboring facets: f2512 f2523 f2526
- f2526
    - flags: top simplicial
    - normal:    0.3499  0.03269  -0.9362
    - offset: -0.01449743
    - vertices: p3589(v487) p2298(v486) p3876(v469)
    - neighboring facets: f2549 f2522 f2525
- f2527
    - flags: bottom simplicial
    - normal:   -0.1791  -0.9838 -0.002719
    - offset: -0.009516635
    - vertices: p3564(v488) p1618(v474) p2323(v444)
    - neighboring facets: f2455 f2529 f2531
- f2528
    - flags: bottom simplicial
    - normal:   -0.1173  -0.9917   -0.052
    - offset: -0.01009145
    - vertices: p3564(v488) p3717(v473) p31(v443)
    - neighboring facets: f2451 f2530 f2529
- f2529
    - flags: top simplicial
    - normal:   -0.1296  -0.9906  -0.0442
    - offset: -0.01000329
    - vertices: p3564(v488) p3717(v473) p2323(v444)
    - neighboring facets: f2452 f2527 f2528
- f2530
    - flags: bottom simplicial
    - normal:   -0.0407  -0.9975 -0.05795
    - offset: -0.01015437
    - vertices: p3564(v488) p31(v443) p153(v330)
    - neighboring facets: f2301 f2532 f2528
- f2531
    - flags: top simplicial
    - normal:  -0.05182  -0.9986 0.006173
    - offset: -0.009462834
    - vertices: p3564(v488) p1618(v474) p1361(v36)
    - neighboring facets: f2454 f2533 f2527
- f2532
    - flags: top simplicial
    - normal:  -0.006901   -0.999 -0.04314
    - offset: -0.009979462
    - vertices: p3564(v488) p2678(v424) p153(v330)
    - neighboring facets: f2212 f2530 f2533
- f2533
    - flags: bottom simplicial
    - normal:   0.03335  -0.9994 -0.0003762
    - offset: -0.009478891
    - vertices: p3564(v488) p2678(v424) p1361(v36)
    - neighboring facets: f2215 f2531 f2532
- f2534
    - flags: top simplicial
    - normal:    0.9576  -0.2834 -0.05162
    - offset: -0.01109368
    - vertices: p3303(v489) p465(v467) p2686(v380)
    - neighboring facets: f2421 f2535 f2536
- f2535
    - flags: bottom simplicial
    - normal:     0.957  -0.2859 -0.04988
    - offset: -0.01108154
    - vertices: p3303(v489) p1117(v484) p2686(v380)
    - neighboring facets: f2502 f2534 f2536
- f2536
    - flags: top simplicial
    - normal:    0.9583  -0.2816 -0.04828
    - offset: -0.01107213
    - vertices: p3303(v489) p1117(v484) p465(v467)
    - neighboring facets: f2500 f2534 f2535
- f2539
    - flags: bottom simplicial
    - normal:    0.1771   0.1224  -0.9765
    - offset: -0.01664768
    - vertices: p1060(v490) p3388(v475) p211(v100)
    - neighboring facets: f2459 f2553 f2540
- f2540
    - flags: top simplicial
    - normal:    0.1801  0.09466  -0.9791
    - offset: -0.01589626
    - vertices: p1060(v490) p3388(v475) p1952(v288)
    - neighboring facets: f2462 f2545 f2539
- f2544
    - flags: bottom simplicial
    - normal:    0.1752  0.05861  -0.9828
    - offset: -0.01492227
    - vertices: p1422(v491) p3515(v485) p1952(v288)
    - neighboring facets: f2509 f2545 f2550
- f2545
    - flags: top simplicial
    - normal:    0.1831  0.09099  -0.9789
    - offset: -0.0158029
    - vertices: p1422(v491) p1060(v490) p1952(v288)
    - neighboring facets: f2540 f2544 f2551
- f2547
    - flags: bottom simplicial
    - normal:    0.2646  0.07972  -0.9611
    - offset: -0.01565915
    - vertices: p401(v492) p1060(v490) p2298(v486)
    - neighboring facets: f2556 f2549 f2551
- f2549
    - flags: bottom simplicial
    - normal:    0.2921  0.05071   -0.955
    - offset: -0.01491738
    - vertices: p401(v492) p2298(v486) p3876(v469)
    - neighboring facets: f2526 f2558 f2547
- f2550
    - flags: top simplicial
    - normal:    0.2179   0.0617   -0.974
    - offset: -0.01508887
    - vertices: p401(v492) p1422(v491) p3515(v485)
    - neighboring facets: f2544 f2559 f2551
- f2551
    - flags: bottom simplicial
    - normal:    0.2154  0.07749  -0.9735
    - offset: -0.01550656
    - vertices: p401(v492) p1422(v491) p1060(v490)
    - neighboring facets: f2545 f2547 f2550
- f2552
    - flags: top simplicial
    - normal:     0.191   0.1608  -0.9683
    - offset: -0.01772864
    - vertices: p3957(v493) p197(v388) p211(v100)
    - neighboring facets: f2078 f2553 f2554
- f2553
    - flags: bottom simplicial
    - normal:    0.1915   0.1445  -0.9708
    - offset: -0.01728288
    - vertices: p3957(v493) p1060(v490) p211(v100)
    - neighboring facets: f2539 f2552 f2556
- f2554
    - flags: bottom simplicial
    - normal:    0.2817   0.1346    -0.95
    - offset: -0.01721653
    - vertices: p3957(v493) p197(v388) p228(v319)
    - neighboring facets: f2006 f2555 f2552
- f2555
    - flags: top simplicial
    - normal:    0.3132  0.09951  -0.9445
    - offset: -0.01628524
    - vertices: p3957(v493) p2298(v486) p228(v319)
    - neighboring facets: f2515 f2554 f2556
- f2556
    - flags: top simplicial
    - normal:    0.2725  0.09182  -0.9578
    - offset: -0.01600496
    - vertices: p3957(v493) p1060(v490) p2298(v486)
    - neighboring facets: f2547 f2555 f2553
- f2557
    - flags: top simplicial
    - normal:    0.2573  0.05052   -0.965
    - offset: -0.01486367
    - vertices: p1706(v494) p3515(v485) p3876(v469)
    - neighboring facets: f2506 f2558 f2559
- f2558
    - flags: bottom simplicial
    - normal:    0.2649  0.05078  -0.9629
    - offset: -0.01488245
    - vertices: p1706(v494) p401(v492) p3876(v469)
    - neighboring facets: f2549 f2557 f2559
- f2559
    - flags: top simplicial
    - normal:    0.2553  0.05132  -0.9655
    - offset: -0.01488173
    - vertices: p1706(v494) p401(v492) p3515(v485)
    - neighboring facets: f2550 f2557 f2558
