3
4000 872 1308
-0.001229203771799803 0.004131874069571495 -0.01424999907612801 
-0.01183253712952137 -0.001507113222032785 -0.01200701203197241 
-0.002135731047019362 -0.004228193312883377 -0.01425000000745058 
-0.01279324479401112 0.001542458543553948 -0.01007921434938908 
-0.005210780072957277 -0.001065912074409425 -0.002235953696072102 
-0.002696598879992962 0.005730457603931427 -0.003502785926684737 
-0.01073016971349716 0.006552952341735363 -0.007903452031314373 
-0.0002980786666739732 0.005033253692090511 -0.008421272970736027 
0.000620988430455327 0.00277866842225194 -0.01116319373250008 
-0.01044692471623421 -0.001465017208829522 0.0008533952059224248 
0.004078970290720463 0.0004778043366968632 -0.01145000010728836 
-0.004203937016427517 0.003976773004978895 -0.001896758330985904 
-0.002882230095565319 0.005784417036920786 -0.005064444150775671 
-0.009084592573344707 0.006755391135811806 -0.0008658277802169323 
0.002154610585421324 -0.0005964675801806152 -0.01144999917596579 
-0.01393901742994785 0.002414068905636668 -0.008300923742353916 
-0.01035293098539114 0.001429625088348985 -0.008337277919054031 
0.005149347707629204 -0.003097132779657841 -0.002749999985098839 
-0.01442178059369326 0.001401184126734734 -0.009177838452160358 
-0.0005605632322840393 -0.002579364692792296 -0.002749999985098839 
-0.001677582506090403 -0.006188684608787298 -0.01356520131230354 
0.001494326861575246 -0.007378591224551201 -0.00624999962747097 
-0.009097968228161335 -0.001166491536423564 0.0007049755076877773 
-0.01031437236815691 0.006583169102668762 -0.01392453722655773 
-0.007277871016412973 -0.002831068821251392 -0.005319090094417334 
-0.001417303225025535 0.005358590744435787 -0.01356449257582426 
0.002438752446323633 0.00388631783425808 -0.005786871071904898 
0.002305120695382357 0.003537422511726618 -0.01424999907612801 
-0.01401064824312925 -0.0001164973364211619 -0.01263163425028324 
-0.008810456842184067 0.006477082148194313 0.0004487367114052176 
-0.009112888015806675 0.007595551665872335 -0.001229967572726309 
0.00171485252212733 0.000800461508333683 -0.002750000217929482 
-0.004751098342239857 0.00632766168564558 0.0003871840599458665 
0.001764446264132857 -0.006316250190138817 -0.01381127070635557 
-0.008480917662382126 0.001587383798323572 0.0008226806530728936 
-0.01084848493337631 0.003878867253661156 -0.004281078930944204 
-0.01377419847995043 0.003461090382188559 -0.01068436168134212 
-0.01429089158773422 -0.0007925160462036729 -0.01200414262712002 
-0.01022105943411589 0.001021714182570577 -0.00874725729227066 
-0.01348189823329449 -0.0002771127037703991 -0.006892747711390257 
-0.001297050155699253 -0.000710491556674242 -0.004162893630564213 
0.004120768047869205 0.00112635106779635 -0.01145000103861094 
-0.00795175414532423 0.0009009217610582709 -0.001283895457163453 
0.001698220963589847 -0.00449679046869278 -0.006250000093132257 
-0.01126771792769432 0.005265042651444674 -0.0136837987229228 
0.004834335297346115 -0.007540000602602959 -0.00557758379727602 
-0.009036866948008537 0.007573454175144434 0.001067918026819825 
-0.00798614788800478 0.003446043934673071 0.002516204724088311 
-0.00858649704605341 0.002477171365171671 0.002574591431766748 
-0.009280218742787838 -0.002249023877084255 -0.00514946086332202 
-0.01121856458485126 -0.001685583498328924 -0.002273983787745237 
-0.003308836836367846 0.0009091194369830191 -0.01424999907612801 
-0.009610718116164207 0.00774026196449995 -0.003668023739010096 
-0.01272393576800823 0.0006783443386666477 -0.008087038993835449 
-0.01139209512621164 0.008258073590695858 -0.009856902062892914 
0.002013103570789099 -0.003977630753070116 -0.006250000093132257 
-0.01246343366801739 0.002082135761156678 -0.01348448265343904 
-0.009339815005660057 -0.001806476851925254 0.002484486438333988 
0.002387776039540768 -0.007505747955292463 -0.01425000093877316 
0.004069728776812553 -0.0001248719054274261 -0.01425000000745058 
0.0024767080321908 0.003858274780213833 -0.004851773846894503 
-0.009561585262417793 -0.002167235827073455 -0.002328858012333512 
-0.0002802846138365567 -0.006329369265586138 -0.01145000010728836 
0.001351071172393858 -0.0005826120031997561 -0.005734575446695089 
1.325141420238651e-05 -0.001495217671617866 -0.01157085411250591 
-0.01092169992625713 0.0003027768107131124 -0.001051905797794461 
-0.01180977746844292 0.005450144875794649 -0.009860163554549217 
-0.01207921281456947 -0.0003550795954652131 -0.003556604729965329 
0.002127277199178934 0.001314434339292347 -0.01425000000745058 
-0.006933757103979588 0.006841178983449936 0.002504207659512758 
-0.0009689993457868695 -0.002511688508093357 -0.006561298854649067 
0.003560737241059542 0.002522742841392756 -0.01425000093877316 
-0.009560689330101013 -0.002167496830224991 -0.006383190862834454 
-0.004680781625211239 0.006307222414761782 -0.004573000129312277 
-0.005853873677551746 0.006648217793554068 -0.01375300902873278 
8.918922685552388e-05 0.004437463823705912 -0.007415499538183212 
-0.007931462489068508 0.001182169653475285 -0.01425000000745058 
-0.007225330919027328 0.002862526569515467 -0.0008911628974601626 
-0.009291308000683784 0.00562690943479538 -0.001226184889674187 
-0.01195586752146482 0.00242774048820138 -0.001548122731037438 
-0.004480146337300539 0.006248901132494211 -0.001482785446569324 
-0.001806145184673369 -0.0002544393646530807 -0.01425000000745058 
-0.01379074528813362 0.001892504165880382 -0.01211295183748007 
0.005745458882302046 -0.00137733097653836 -0.01425000000745058 
-0.008437078446149826 -0.002494108863174915 -0.005088816396892071 
-0.0111167635768652 0.005462789442390203 -0.01373492274433374 
-0.00280974037013948 -0.001710048178210855 -0.01425000000745058 
-0.0004862737259827554 -0.002493941690772772 -0.002749999985098839 
-0.003559810807928443 0.004470854997634888 -0.01425000000745058 
-0.00899220909923315 -0.002332742791622877 -0.01391089055687189 
-0.008829799480736256 -0.002379952231422067 -0.01367082446813583 
-0.006421949714422226 -0.002721810014918447 -0.001599750947207212 
0.0008486093720421195 -0.00125866150483489 -0.01425000000745058 
-0.01419999077916145 0.001804414903745055 -0.01109115220606327 
-0.005240042693912983 0.004940774757415056 0.0009099540766328573 
-1.254543894901872e-05 0.00495025422424078 -0.00633730785921216 
-0.01035580970346928 0.007623033598065376 0.0005898658419027925 
-0.01110368967056274 -0.001718975719995797 -0.002917345147579908 
-0.006956979166716337 0.004787687212228775 -0.001477955840528011 
-0.01135555747896433 0.00149670266546309 0.001728560659103096 
0.003941167611628771 -0.0008344564703293145 -0.01145000010728836 
-0.002173608634620905 -0.004378423560410738 -0.007040185388177633 
0.006018477492034435 -0.00152774783782661 -0.003673300612717867 
-0.008617917075753212 0.007451672106981277 0.002126048784703016 
-0.007986634969711304 -0.00262504443526268 -0.004411497619003057 
-0.00869915634393692 0.006912798155099154 -0.01424566190689802 
0.00586335826665163 -0.004044356290251017 -0.006250000558793545 
0.002118871547281742 -0.001933503430336714 -0.01145000010728836 
0.00161885644774884 -0.006062673404812813 -0.01145000103861094 
-0.0007462383364327252 -0.001648539328016341 -0.01112494710832834 
-0.001819090452045202 0.005475382320582867 -0.005807878449559212 
-0.009363081306219101 0.002122997539117932 0.0008612025994807482 
-0.00699184276163578 0.006979003548622131 -0.01397596765309572 
-0.01253961399197578 0.003214263822883368 -0.009559659287333488 
-0.00445245997980237 -0.002749031409621239 -0.002714812522754073 
-0.01081844791769981 0.006836538203060627 -0.01367824804037809 
-0.004383821971714497 0.005171343684196472 -0.01424999907612801 
-0.003262253012508154 -0.00430558156222105 -0.004815337713807821 
-0.009520521387457848 -0.002179172588512301 -0.0107436440885067 
-0.008330576121807098 0.007368148770183325 -0.007778035011142492 
-0.005490090698003769 -0.003350742626935244 -0.01311321277171373 
-0.01106526795774698 0.005853024311363697 -0.001012837048619986 
0.003827103180810809 -0.007821294479072094 -0.01425000000745058 
-0.006585109978914261 -0.002345867455005646 -0.01424999907612801 
0.005867383442819118 -0.004855053033679724 -0.01414865534752607 
-0.0007664605509489775 0.003023870754987001 -0.009039878845214844 
0.0006175978342071176 -0.0060113575309515 -0.00624999962747097 
-0.01041131466627121 -0.001920235576108098 -0.007700642105191946 
-0.01251585781574249 0.002700255950912833 -0.009994189254939556 
-0.009758209809660912 0.00176221423316747 0.002513461979106069 
-0.01050508674234152 0.003308726707473397 0.001962606562301517 
-0.00737475324422121 0.002405768260359764 -0.0001417890307493508 
-0.008970599621534348 -0.00219119037501514 -0.001456389087252319 
0.001771930605173111 -0.007767616771161556 -0.01425000000745058 
-0.01056369487196207 -0.001875941990874708 -0.009200340136885643 
-0.0006992897251620889 0.002585834823548794 -0.007899440824985504 
0.0009771966142579913 0.004629817325621843 -0.005935085006058216 
0.005455527454614639 0.0003054588451050222 -0.003253768896684051 
-0.01219618041068316 0.00216238247230649 -0.006532652303576469 
0.005108590237796307 0.00106372032314539 -0.005608841311186552 
-0.001591263338923454 -0.0008049528114497662 -0.01003047451376915 
-0.001446917187422514 -0.00676341075450182 -0.01319373026490211 
-0.01247859001159668 -0.001181732397526503 0.001333096995949745 
-0.01192595716565847 -0.001479957834817469 0.001150928670540452 
-0.006262436974793673 0.002008564304560423 -0.01425000000745058 
-0.003217052202671766 -0.000861699809320271 -0.01424999907612801 
0.002969805616885424 -0.007045656908303499 -0.005589874461293221 
-0.0007860651239752769 0.001241564750671387 -0.01208850182592869 
-0.007399521768093109 0.003888959996402264 -0.001671429025009274 
-0.01228340994566679 -0.0008932554628700018 -0.005262309685349464 
0.000459142669569701 -0.007478554267436266 -0.006250000093132257 
-0.007487816736102104 0.003744031768292189 -0.001701050903648138 
0.002588036004453897 0.003776022465899587 -0.01182197593152523 
0.002975625451654196 0.0007278103148564696 -0.002749999985098839 
-0.0002835121122188866 0.00146414851769805 -0.006485016085207462 
-0.004466368351131678 0.006244896445423365 -0.003556829411536455 
0.004415246192365885 -0.006169497035443783 -0.01270421501249075 
0.0008577365661039948 -0.006756324786692858 -0.01145000103861094 
-0.007222103886306286 -0.001521472469903529 -0.01425000000745058 
-0.00729771051555872 -0.001430463278666139 0.001233193092048168 
-0.005328804720193148 0.006495590321719646 -0.01066511124372482 
0.0008421913953498006 -0.001204504398629069 -0.01266919262707233 
-0.005420899949967861 0.006522360257804394 -0.002960782498121262 
0.004443726502358913 -0.006114688701927662 -0.01217556372284889 
-0.006500178016722202 -0.003057129215449095 -0.01162413693964481 
0.003962960094213486 -0.007608398795127869 -0.002749999985098839 
-0.006370468996465206 -0.003094833111390471 -0.01324279047548771 
-0.01141213439404964 0.001939803245477378 -0.004784334450960159 
-0.008032512851059437 0.0005618600407615304 0.0001449786359444261 
0.001031950116157532 -0.008370749652385712 -0.005365300923585892 
-0.01095777936279774 0.006057171151041985 -0.0105429757386446 
0.00532173365354538 -0.006279554683715105 -0.006250000093132257 
-0.0003312939952593297 0.004563102498650551 -0.008766402490437031 
-0.003540229052305222 0.001763436244800687 -0.002612426178529859 
-0.01283206604421139 -0.001216569100506604 -0.01101894024759531 
-0.008887583389878273 0.006772356107831001 -0.01028873398900032 
0.005268575623631477 0.0007284972816705704 -0.01266851834952831 
0.003123775357380509 0.0008744779042899609 -0.01425000093877316 
-0.002564483787864447 -0.001774640986695886 -0.002749999985098839 
-0.002770247170701623 0.005751865915954113 -0.003941952716559172 
-0.002631273819133639 -0.004390600137412548 -0.01005793549120426 
-0.007896306924521923 0.00620664469897747 -0.002027969108894467 
-0.004490584600716829 -0.003132592421025038 -0.002725340658798814 
-0.001370079116895795 -0.006957105360925198 -0.006201399490237236 
-0.008128959685564041 0.002394115319475532 0.002486351178959012 
-0.0104681421071291 -0.001903716940432787 -0.01283286884427071 
-3.450826625339687e-05 -0.002411152236163616 -0.01142058148980141 
-0.000282434222754091 -0.007032330147922039 -0.01145000103861094 
-0.006546206772327423 -0.003043749369680882 -0.005017303396016359 
0.001894614892080426 -0.006519464310258627 -0.006250000093132257 
0.005228628404438496 -0.003017227165400982 -0.01145000010728836 
0.001622016890905797 -0.00750258844345808 -0.006250000093132257 
-0.0005084227886982262 0.002291822107508779 -0.01032877247780561 
-0.008002911694347858 0.0007490628631785512 0.0001806404325179756 
-0.01237233728170395 0.006659104488790035 -0.01218909956514835 
0.001077714492566884 -0.001307896804064512 -0.006250000093132257 
0.0004939829814247787 0.004548079334199429 -0.01072812918573618 
-0.008890269324183464 0.007530840113759041 -0.00521244527772069 
-0.002381612779572606 0.00563889741897583 -0.01046737842261791 
0.001929304446093738 -0.003005246166139841 -0.01425000093877316 
-0.00740201398730278 0.002210481557995081 -0.000829107710160315 
0.0001552659523440525 -0.003808846464380622 -0.01145000010728836 
0.004681700840592384 0.001702802488580346 -0.003507304936647415 
-0.0004681432619690895 -0.004732049070298672 -0.002749999985098839 
0.001120168017223477 0.0009632498258724809 -0.01206734217703342 
-0.0001533667382318527 0.001482148421928287 -0.01208683103322983 
-0.01382319629192352 0.003497396362945437 -0.0102116297930479 
-0.01055774465203285 0.001813570503145456 -0.0004244802403263748 
-0.006108781788498163 -0.002932233503088355 -0.01425000000745058 
0.005957295186817646 -0.004480775445699692 -0.004596067126840353 
-0.008300380781292915 0.007359371520578861 -0.01061542052775621 
-0.00482355710119009 0.006348724011331797 -0.00169175211340189 
0.003570647677406669 0.001332243788056076 -0.01425000000745058 
-0.008954135701060295 0.004883516114205122 0.002481695264577866 
0.005518517922610044 -0.006093344651162624 -0.01177128031849861 
-0.0002910600451286882 0.002835518214851618 -0.002749999985098839 
-0.003501471830531955 -0.004160973243415356 -0.007713076192885637 
-0.0006827395409345627 0.003249880159273744 -0.009204553440213203 
-0.01141556538641453 0.006710806395858526 -0.008599940687417984 
-0.009110217913985252 0.007594775408506393 -0.01160613633692265 
0.002068131230771542 -2.892912016250193e-05 -0.00624999962747097 
-0.004937347490340471 0.00638180086389184 -0.01022730767726898 
-0.00114895892329514 0.0009623506339266896 -0.004818483255803585 
-0.008219578303396702 0.004547357559204102 -0.01425000093877316 
0.006047902628779411 -0.003784009721130133 -0.01354342140257359 
-0.001357086352072656 -0.0005534848896786571 -0.004628522321581841 
-0.001382114598527551 -0.002001505810767412 -0.006947035901248455 
-0.009298324584960938 0.0005056839436292648 0.002584513043984771 
0.003418626263737679 -0.007008385844528675 -0.004567361436784267 
-0.01028383895754814 -0.001957290573045611 -0.009060157462954521 
-0.01326007209718227 0.003437850158661604 -0.01227797381579876 
-0.01404295489192009 0.00163089542184025 -0.008039180189371109 
-0.009537874720990658 -0.002174128079786897 -0.01256392151117325 
-0.008971762843430042 0.00746405404061079 -0.0104838889092207 
0.004050650168210268 -0.00270285177975893 -0.01425000093877316 
-0.003629880491644144 0.006001745350658894 -0.009903382509946823 
-0.006623713299632072 -5.114229861646891e-05 -0.01425000000745058 
-0.007430538535118103 -0.002786690834909678 -0.0106586292386055 
0.002525104209780693 -0.0003369220648892224 -0.01145000010728836 
-0.01040441542863846 -0.0009282722603529692 0.002525161486119032 
-0.001710219774395227 -0.006092843599617481 -0.005802142433822155 
-0.008536175824701786 -0.001689488999545574 -0.0002817464410327375 
-0.01329249143600464 0.002560425084084272 -0.007375887129455805 
-0.0005802710657007992 -0.007902108132839203 -0.0060267080552876 
-0.01231102086603642 0.005880543030798435 -0.007357598748058081 
0.004108231049031019 -0.0072749606333673 -0.006250000093132257 
-0.01091077737510204 0.007957717403769493 -0.01010461244732141 
-0.01256925985217094 -0.0008615460246801376 -0.007815482094883919 
-0.0006589402910321951 -0.002229300793260336 -0.01425000000745058 
-0.01128095760941505 -0.0007257314864546061 -0.000760855502448976 
0.002557251369580626 -0.008657794445753098 -0.002749999985098839 
-0.001571540837176144 -0.005713147111237049 -0.01425000000745058 
0.001598167000338435 0.003977635409682989 -0.01425000000745058 
-0.002631693612784147 -0.001379222143441439 -0.01425000093877316 
-0.008767814375460148 0.006390371359884739 -0.009957040660083294 
-0.00177118182182312 -0.0009744983981363475 -0.007947252131998539 
0.003664091695100069 -0.008422181941568851 -0.01153332367539406 
-0.0009087941143661737 -0.001417891355231404 -0.01098126638680696 
0.002206878736615181 0.002088162815198302 -0.00624999962747097 
-0.009109281003475189 0.004692303948104382 -0.008963565342128277 
-0.003907391335815191 0.006082412321120501 -0.002190899336710572 
-0.01011152099817991 -0.0006245202966965735 0.0008707933593541384 
-0.002550854813307524 -0.004905974492430687 -0.006791961379349232 
0.003436052007600665 -0.001938146073371172 -0.002749999985098839 
0.003329105209559202 -0.001717945677228272 -0.006250000093132257 
-0.007210844196379185 0.0002230394748039544 -0.01425000093877316 
-0.003188064321875572 0.002657121047377586 -0.002642203122377396 
-5.485335714183748e-05 -0.00805483665317297 -0.003321619471535087 
-0.00146601302549243 3.552329144440591e-05 -0.004902833141386509 
-0.005010994616895914 -0.00227096863090992 -0.01425000000745058 
0.00338493543677032 -0.004128263331949711 -0.003995935432612896 
0.005231029819697142 -0.006134133785963058 -0.002749999985098839 
0.003285431768745184 -0.001593879889696836 -0.002749999985098839 
0.005708302371203899 -0.005440450273454189 -0.01204217411577702 
-0.01453273929655552 0.0006620166823267937 -0.008480047807097435 
0.005104753188788891 -0.001924093812704086 -0.01145000010728836 
-0.005653233267366886 -0.002872456796467304 -0.002288844436407089 
0.0001131404424086213 -0.004039319697767496 -0.002749999985098839 
-0.006033649668097496 -0.003192740259692073 -0.01373926363885403 
0.001341006834991276 -0.0006010843208059669 -0.004699346143752337 
-0.004924791399389505 -0.00351506401784718 -0.003712008707225323 
0.005962205119431019 -0.001301072770729661 -0.005899297539144754 
0.001490397145971656 -0.002848184434697032 -0.01425000000745058 
-0.002826509065926075 0.005768219940364361 -0.00528788985684514 
-0.007095610722899437 -0.002573565114289522 2.740047784755006e-05 
0.000525628391187638 -0.003701295936480165 -0.01145000010728836 
-0.01046227291226387 0.00520751066505909 -0.004316666163504124 
-0.0123817091807723 -0.00134747929405421 -0.01394175551831722 
-0.01046846900135279 0.005253380164504051 -0.005072727799415588 
-0.002732386346906424 -0.00372584699653089 -0.009048089385032654 
-0.01096374541521072 -7.023500802461058e-05 -0.01035678945481777 
-0.009078631177544594 0.004381928592920303 -0.01424999907612801 
-0.004116843920201063 0.006064640358090401 -0.01425000000745058 
-0.0006805717130191624 0.003027353435754776 -0.008154287934303284 
0.005181713495403528 0.0009250511066056788 -0.01231073215603828 
-0.002716903574764729 4.751933738589287e-05 -0.002749999985098839 
-0.00103809917345643 0.005248363129794598 -0.005486844107508659 
-0.008458904922008514 0.007378129754215479 0.002396732801571488 
0.004991309717297554 -0.002748702652752399 -0.002749999985098839 
-0.007270600646734238 0.003322123782709241 -0.001316438079811633 
-0.01001869142055511 0.005723990499973297 -0.007806050591170788 
-0.01389336213469505 0.0001103868708014488 -0.007251565810292959 
-0.002597197890281677 0.005701563786715269 -0.004654030781239271 
-0.0006439477438107133 -0.004165659658610821 -0.01425000000745058 
0.001595254056155682 -0.005497805308550596 -0.01269921939820051 
-0.0006248987047001719 -0.00742732360959053 -0.01145000010728836 
0.004236831329762936 -0.006512839812785387 -0.006017473991960287 
-0.01069077290594578 0.004421424120664597 -0.004104888997972012 
-0.001086153090000153 -0.006268172524869442 -0.01424999907612801 
-0.01433643698692322 -0.0007792770629748702 -0.008399106562137604 
-0.002378831617534161 -0.005093047395348549 -0.005830354988574982 
-0.01089087687432766 0.006509991362690926 -0.007998553104698658 
-0.01188931986689568 0.003553581889718771 -0.008087783120572567 
0.003855003509670496 -0.004329749383032322 -0.01327168196439743 
0.005164934787899256 -0.002692648209631443 -0.002749999985098839 
-0.0007795358542352915 0.005173204001039267 -0.01307311095297337 
-0.01283078920096159 -0.001216940465383232 0.000585856381803751 
-0.001281297183595598 -0.007297592703253031 -0.006173650734126568 
-0.006072557531297207 0.001017262460663915 9.919166041072458e-05 
0.002545700408518314 0.002206771867349744 -0.01425000000745058 
-0.008044861257076263 0.00431542657315731 -0.002008737064898014 
-0.00342574343085289 0.005094202235341072 -0.002232376020401716 
-0.0108068510890007 0.006498240400105715 0.0002822907408699393 
-0.01211374346166849 0.008467843756079674 -0.008841348811984062 
-0.001724180416204035 -0.0003678711364045739 -0.008365333080291748 
-0.007642730604857206 -0.00143922702409327 -0.01425000093877316 
-0.002657646778970957 -0.002167155733332038 -0.002749999985098839 
-0.001370375277474523 -0.0005758834886364639 -0.01105744019150734 
-0.001067838631570339 -0.005026517435908318 -0.01137356366962194 
-0.005548586137592793 0.005414262879639864 0.001537299016490579 
-0.01314586214721203 -0.0006144891958683729 -0.01038336753845215 
0.002136465162038803 -0.001362011185847223 -0.01145000010728836 
-0.008227551355957985 0.003554696450009942 -0.01424999907612801 
-0.001613342436030507 0.0008132837829180062 -0.002749999985098839 
-0.0004597353690769523 0.003165967296808958 -0.01425000000745058 
0.0004572936450131238 -0.003543481463566422 -0.01424999907612801 
0.0038106394931674 -0.006872345693409443 -0.01186332851648331 
-0.01174177788197994 0.005934157874435186 -0.00890551321208477 
-0.01432980503886938 0.00116990739479661 -0.008362559601664543 
-0.007574352435767651 0.002939128549769521 0.0004796363355126232 
-0.006112178787589073 -0.0004339368897490203 -0.001050815684720874 
-0.006164733786135912 -0.003154636360704899 -0.008282452821731567 
-0.01072762999683619 0.001115971826948225 0.002231013728305697 
0.00408682506531477 0.002463347045704722 -0.01336155645549297 
-0.005669807083904743 0.006594713311642408 -0.001369632431305945 
-0.005901661701500416 -0.002300919964909554 -0.01425000000745058 
-0.01082908548414707 0.008094417862594128 -0.007418788503855467 
-0.002376260235905647 0.005637341644614935 -0.006945176515728235 
-0.01008628495037556 0.004960597958415747 -0.01066447421908379 
-0.005072495900094509 0.00642108591273427 -0.01099154725670815 
-0.01192875765264034 -0.0003921289462596178 -0.01071920432150364 
-0.009424028918147087 0.007685994263738394 -0.003211423754692078 
-0.007054754998534918 -0.002895924029871821 -0.007483128923922777 
-0.01099907513707876 0.008143831044435501 -0.01291804108768702 
-0.01222823932766914 0.001968834549188614 -0.008009675890207291 
-0.00201302720233798 0.005531756673008204 -0.004094409756362438 
-0.01228605583310127 0.0003870813816320151 -0.00783071480691433 
0.002410223009064794 -0.004241286311298609 -0.005577888805419207 
-0.005326124373823404 0.006494810804724693 -0.006356764119118452 
0.0060352748259902 -0.001605637720786035 -0.01393409725278616 
-0.01360419392585754 0.0007719558198004961 -0.007159564644098282 
-0.003735759295523167 0.006032521836459637 -0.01406519114971161 
0.004562399350106716 -0.003119403496384621 -0.01145000010728836 
-0.006092013325542212 0.0067174406722188 -0.01350983418524265 
0.0004311199299991131 -0.002784306183457375 -0.01145000010728836 
0.003101317677646875 0.003396793734282255 -0.004277146887034178 
0.003593109780922532 0.002981041092425585 -0.006178434006869793 
-0.001611780724488199 0.005415122024714947 -0.007288491819053888 
0.0006231931038200855 -0.001364347408525646 -0.005790836177766323 
0.003122184658423066 0.003381377086043358 -0.01167663000524044 
-0.00682150712236762 -0.001919909380376339 -0.000287613773252815 
-0.01045594736933708 0.005121785216033459 0.001574746798723936 
0.001228255452588201 -0.006533146370202303 -0.01425000000745058 
-0.01305211242288351 0.003823309205472469 -0.01239800360053778 
-0.01029328070580959 0.002344741718843579 -0.001157334540039301 
-0.004866756033152342 0.0003849446075037122 -0.002186237135902047 
-0.006405516061931849 0.0020491280592978 0.001420623390004039 
-0.001919986330904067 -0.005345428362488747 -0.006630058400332928 
-0.001069429679773748 0.001046045916154981 -0.007635956630110741 
0.004925032146275043 -0.001295398571528494 -0.01144999917596579 
0.002240612404420972 -0.004348380025476217 -0.00452464260160923 
-0.001204936532303691 0.0008507645106874406 -0.01280553359538317 
-0.001752049196511507 0.0007934918394312263 -0.002749999985098839 
-0.01448970660567284 0.001140917302109301 -0.009125939570367336 
0.001269746688194573 -0.003950844053179026 -0.002749999985098839 
-0.01179738808423281 0.008375884965062141 -0.008184676989912987 
-0.008852011524140835 -0.00131768686696887 -0.01425000093877316 
-0.003042744705453515 -0.004456867463886738 -0.004850724246352911 
-0.007536505348980427 0.007137326989322901 -0.003046028781682253 
-0.01190799102187157 0.002945179818198085 -0.001025739591568708 
-0.005673754960298538 -0.002716851187869906 -0.01425000000745058 
0.002772312145680189 0.00114114920143038 -0.01425000000745058 
-0.01158152054995298 0.001357079017907381 -0.003709857817739248 
-0.007634235545992851 -0.002727480372413993 -0.008746263571083546 
-0.01003075949847698 0.003304830752313137 -0.00113353761844337 
-0.00911838561296463 0.005471671465784311 0.000426209153374657 
-0.01225385442376137 0.00514760660007596 -0.01291522942483425 
-0.01330690644681454 0.00355706037953496 -0.01211291365325451 
-0.005463603883981705 0.004899542313069105 -0.01424999907612801 
-0.01306607946753502 -0.0001648549514357001 -0.008149302564561367 
-0.003500995691865683 0.005964280571788549 -0.00260726036503911 
0.003817582502961159 0.002745665842667222 -0.004160268697887659 
0.00411774730309844 -0.00661426829174161 -0.01216621603816748 
-0.01084570027887821 0.006582567933946848 2.6329216780141e-06 
-0.002655521500855684 0.004087539855390787 -0.002679831581190228 
-0.0008787266560830176 -0.007815351709723473 -0.0137577336281538 
-0.008994121104478836 0.007336420007050037 -0.01419280562549829 
-0.003187946043908596 0.001525029540061951 -0.01425000000745058 
0.001351446146145463 -0.00181314954534173 -0.01145000010728836 
-0.009143244475126266 -0.001357777626253664 0.0006983500206843019 
-0.009698713198304176 0.005873979069292545 -0.01415747217833996 
0.001712432829663157 -0.00617921631783247 -0.01231248117983341 
-0.005731996614485979 -0.003280424745753407 -0.00268573360517621 
-0.01306724920868874 -0.0001631129998713732 -0.01034962292760611 
-0.01297229062765837 -0.00110858678817749 0.0003956239088438451 
-0.01180936768651009 0.007618853822350502 -0.007361665833741426 
-0.01305795647203922 0.003124479437246919 -0.01264490000903606 
-0.006773738656193018 0.006915604695677757 -0.01390295941382647 
-0.0008764028316363692 -0.007056674920022488 -0.002749999985098839 
0.003642905736342072 -6.937897705938667e-05 -0.01145000010728836 
-0.008508246392011642 -0.0008519199909642339 0.0002380675432505086 
-0.001753515214659274 0.005456321407109499 -0.01333218812942505 
0.0008839908987283707 -0.001170220086351037 -0.005219803657382727 
-0.00270158564671874 -0.00478448299691081 -0.003677490167319775 
-0.01158556714653969 0.005955956876277924 -0.009971080347895622 
0.001025256584398448 -0.004309817217290401 -0.002749999752268195 
-0.01183833368122578 0.0006215431494638324 -0.005230395123362541 
-0.00848097912967205 0.0009335515787824988 0.0007007753592915833 
-0.007145752664655447 0.007023742888122797 -0.01412083953619003 
-0.008779994212090969 0.007498785853385925 -0.01367632020264864 
-0.00355124450288713 0.004498419351875782 -0.002262880094349384 
0.003011208493262529 -0.00131435866933316 -0.01424999907612801 
-0.007723774295300245 0.001200948376208544 -0.0001475702010793611 
-0.009860428981482983 -0.002080367878079414 -0.005543548613786697 
0.001567847444675863 0.003357844427227974 -0.006287397816777229 
-0.007668807171285152 0.002055402146652341 -0.01425000000745058 
-0.008464096114039421 0.004233031999319792 -0.01425000000745058 
0.005445648450404406 -0.006344029679894447 -0.01282997708767653 
0.003762551816180348 -0.006899670697748661 -0.0128952581435442 
0.004902300890535116 -0.004994308110326529 -0.002749999985098839 
0.003488743910565972 0.003090475453063846 -0.01380679104477167 
0.001770590082742274 0.0005222189938649535 -0.01425000000745058 
-0.004069866146892309 -0.003823388135060668 -0.01289537362754345 
-0.008385305292904377 -0.002509158570319414 -0.001227852539159358 
-0.01261469628661871 -0.0009459031280130148 0.001073257299140096 
-0.0006557323504239321 -0.005494767334312201 -0.002749999985098839 
-0.006393505726009607 0.006805078592151403 -0.01168810855597258 
-0.00833557453006506 0.007169237360358238 -0.001768260728567839 
-0.01163989864289761 0.003039746778085828 -0.001822348800487816 
0.0003477850405033678 -0.007154770661145449 -0.002749999985098839 
0.0003800699196290225 0.004723203834146261 -0.002749999752268195 
0.00473735248669982 -0.001591606414876878 -0.01424999907612801 
-0.01080275699496269 0.002647693734616041 -0.0106729082763195 
0.001229372574016452 -0.0008059791289269924 -0.01392472721636295 
0.003947598859667778 0.00260933511890471 -0.01390846073627472 
-0.005185339599847794 0.003435919294133782 -0.0006166675593703985 
-0.008076630532741547 0.00729433074593544 -0.003112386679276824 
0.004554756451398134 -0.005408791359513998 -0.005392599850893021 
-0.00888440478593111 0.005713152699172497 0.00241834344342351 
-0.008324639871716499 0.001408580341376364 -0.001802396378479898 
-0.01159886736422777 -0.001575036440044641 -0.01336826756596565 
-0.003172190859913826 -0.001431300304830074 -0.01425000000745058 
-0.00950726680457592 0.005541491322219372 -0.01046890765428543 
-0.01239565759897232 -0.001310515915974975 -0.005201591178774834 
0.006023372523486614 -0.001547468593344092 -0.004415178671479225 
0.004143289290368557 0.0001017324830172583 -0.002749999985098839 
0.002545826835557818 -0.003561018966138363 -0.01145000010728836 
-0.0006493192631751299 -0.006100579164922237 -0.01425000000745058 
-0.0001664094743318856 -0.00543646328151226 -0.002749999985098839 
-0.008917810395359993 -0.0005287841195240617 0.0007083194795995951 
-0.003408570308238268 0.005937414243817329 -0.00679585337638855 
-0.004893971607089043 -0.003524022875353694 -0.009793897159397602 
0.006115630269050598 -0.00274282693862915 -0.003628263482823968 
0.001734985038638115 -0.006732581183314323 -0.002749999985098839 
0.004471083171665668 -0.005144086666405201 -0.01384156942367554 
-0.01216930150985718 -0.001409222139045596 -0.006098889280110598 
-0.000552053505089134 0.003767831018194556 -0.008661042898893356 
-0.01080977823585272 -0.00129994039889425 -0.009163111448287964 
0.0006066993228159845 0.004759032279253006 -0.01355152763426304 
-0.007201568223536015 -0.002843878231942654 0.000122219295008108 
-0.0004850011900998652 0.001414333237335086 -0.01067560911178589 
-0.008380541577935219 0.007207366637885571 0.00244403607212007 
-0.0107708377763629 -0.0008232711115851998 -0.009817797690629959 
-0.001307361759245396 -0.003097075503319502 -0.01103438623249531 
-0.008076956495642662 0.002177525777369738 -0.01425000093877316 
-0.004077298566699028 0.006131801288574934 -0.002247962635010481 
0.002561112865805626 -0.00320954411290586 -0.01145000010728836 
-0.008964366279542446 0.004065119195729494 0.00252417684532702 
-0.009077830240130424 0.005144377704709768 -0.009882062673568726 
-0.009493946097791195 0.001698206411674619 -0.001973126782104373 
-0.008026964031159878 0.007279894314706326 -0.009159615263342857 
0.002287712879478931 -0.0004021778877358884 -0.002749999752268195 
-0.005239987745881081 -0.003423442831262946 -0.0113872466608882 
0.003384208539500833 0.003187784925103188 -0.004728919360786676 
-0.000118641706649214 0.001481727813370526 -0.004151417873799801 
-0.009685550816357136 8.913257624953985e-05 0.002561596222221851 
-0.0002258552412968129 0.004560642875730991 -0.002749999985098839 
-0.005254956427961588 0.006474124267697334 -0.005465113557875156 
-0.005776895675808191 -0.0004933138261549175 -0.001596760004758835 
0.001460761995986104 0.000283150264294818 -0.002969327149912715 
0.001119567663408816 0.004579321015626192 -0.01146767847239971 
0.005486760288476944 -0.006202599033713341 -0.005213652271777391 
-0.007155544124543667 0.001580259064212441 -0.01424999907612801 
-0.00826952513307333 0.006908365525305271 0.002512841951102018 
0.004792862106114626 -0.007591752335429192 -0.01283836178481579 
-0.01157195493578911 0.0018656300380826 -0.01072359085083008 
-0.01103013940155506 0.003426703158766031 -0.002877193503081799 
0.002261153655126691 -0.00681742187589407 -0.00317199039272964 
-0.01117169018834829 0.005075621884316206 -0.01058879215270281 
-0.01054044906049967 -0.001882698852568865 -0.01163642387837172 
-0.01181033439934254 0.004101081285625696 -0.008139217272400856 
-0.005782702006399632 0.00580379506573081 0.0018445496680215 
-0.008544571697711945 0.007187152281403542 -0.009969062171876431 
-0.01089393068104982 -0.0007609579479321837 0.0004781804163940251 
0.004139735829085112 0.002407866064459085 -0.004899637773633003 
-0.006797534413635731 0.00556354783475399 -0.01425000000745058 
-0.01233180798590183 0.005195952020585537 -0.01280009001493454 
0.00191123562399298 0.004191071726381779 -0.01311663072556257 
0.003649306949228048 0.002040721476078033 -0.01145000103861094 
-0.009062906727194786 0.007581022568047047 -0.004394575487822294 
-0.005180505104362965 -0.003440733067691326 -0.003283570753410459 
-0.002171601867303252 0.0001171124386019073 -0.01425000000745058 
0.00210681720636785 0.004083203617483377 -0.003109867218881845 
0.001220121397636831 0.0008661344763822854 -0.005426166579127312 
-0.003649708814918995 0.006007508840411901 -0.01251592952758074 
-0.0002861790999304503 0.002878712955862284 -0.007308551110327244 
0.001703522517345846 -0.003597440896555781 -0.01425000000745058 
-0.01183029357343912 0.004020301625132561 -0.006641427986323833 
-0.0003166644601151347 0.001462330692447722 -0.006899859756231308 
-0.01141774095594883 0.008265528827905655 -0.008254800923168659 
-0.0009270247537642717 -0.001151146250776947 -0.003703003982082009 
-0.0102387797087431 0.007922827266156673 -0.01189037971198559 
-0.001238085678778589 0.005306495353579521 -0.00329439016059041 
-0.0005232092808000743 0.001390997436828911 -0.003412803169339895 
-0.01035631261765957 0.00493184057995677 -0.0107144545763731 
-0.01234051119536161 -0.001253996277227998 -0.004477693699300289 
-0.01053346693515778 -0.0001415851293131709 0.002437855582684278 
-0.001483244937844574 -0.0002216607535956427 -0.004894498735666275 
-0.009470745921134949 0.004324861336499453 -0.001512234332039952 
-0.008140815421938896 -0.0004409435205161572 0.002192684914916754 
0.003244295250624418 -0.004116062540560961 -0.002815312473103404 
-0.003250850830227137 -0.003997842781245708 -0.002749999985098839 
0.002201716415584087 -0.002874040044844151 -0.01145000010728836 
-0.0002971060457639396 -0.007984418421983719 -0.01387204974889755 
-0.006015556864440441 -0.002086025197058916 -0.01425000000745058 
-0.003908001817762852 0.004089322872459888 -0.01425000093877316 
-0.01188827492296696 0.001397707965224981 -0.01068915240466595 
-0.01091501489281654 0.005055570509284735 -0.01386225037276745 
0.003334360895678401 0.001569231739267707 -0.002749999985098839 
0.003860247554257512 -0.001629987731575966 -0.01145000010728836 
-0.01095230784267187 0.003921671770513058 -0.005571471992880106 
0.005114669911563396 0.00105461897328496 -0.005236422177404165 
-0.001170248724520206 0.00138601625803858 -0.01425000000745058 
-0.007343607489019632 0.005364813841879368 0.0007974754553288221 
0.002880588639527559 -0.007437388878315687 -0.00624999962747097 
0.0006536425789818168 0.001618523383513093 -0.01425000000745058 
-0.01125577092170715 0.007330566644668579 -0.006883556023240089 
-0.01003725361078978 -0.00202896841801703 -0.00827612541615963 
-0.004859560169279575 0.001812025904655457 -0.001867840299382806 
0.004097443539649248 -0.004518974106758833 -0.004590082913637161 
-0.01032457780092955 0.005767822265625 -0.005110654979944229 
0.003569706110283732 -0.00407394440844655 -0.01425000000745058 
-0.009782436303794384 0.007546283770352602 -0.003206379245966673 
-0.003977646119892597 0.005641105584800243 -0.001614403096027672 
0.005958355031907558 -0.004476365633308887 -0.01417359709739685 
0.005621257238090038 -0.004550887271761894 -0.002749999985098839 
-0.006502250209450722 0.003858258947730064 -0.01424999907612801 
-0.01201435178518295 0.0001855037407949567 -0.005520717240869999 
-0.0008430097950622439 -0.001984917325899005 -0.01112597715109587 
0.002447683829814196 -0.00691435020416975 -0.005028707440942526 
-0.00952448882162571 0.005375384353101254 -0.0006787400925531983 
-0.01022914703935385 0.006009511649608612 -0.003713352605700493 
-0.0006669416325166821 0.004327274858951569 -0.002749999985098839 
-0.01398889720439911 0.002798696281388402 -0.01052277535200119 
-0.01050174050033092 -0.001893950626254082 -0.00384568702429533 
-0.009124324657022953 0.006859367247670889 0.002206552540883422 
-0.001252018148079515 -0.0008253433043137193 -0.002773861167952418 
-0.003965530078858137 -0.000625788583420217 -0.002697255928069353 
0.001158178551122546 -0.002305090893059969 -0.002749999985098839 
-0.008658922277390957 0.007463592104613781 -0.001890171784907579 
-0.00872294045984745 -0.0003128190292045474 0.002451017964631319 
-0.01130743511021137 0.003826464293524623 0.0009665515972301364 
-0.007718587759882212 -0.002702960511669517 -0.009717292152345181 
-0.002305142348632216 0.0001086190459318459 -0.002749999985098839 
-0.005140242166817188 0.003961990587413311 -0.0001694298262009397 
0.003148578573018312 -0.001343055278994143 -0.006250000558793545 
-0.01449029054492712 0.00120246154256165 -0.009506862610578537 
0.006111172959208488 -0.002679753815755248 -0.01239820383489132 
0.001351829385384917 -0.0005812203162349761 -0.01378649659454823 
-0.001414106111042202 -0.0004040455678477883 -0.003043161705136299 
-0.0003835161332972348 0.00348341278731823 -0.01425000093877316 
-0.001311444211751223 -0.0006728360312990844 -0.004196859896183014 
0.002752425149083138 -0.008357753045856953 -0.006250000093132257 
-0.01223005540668964 -0.001391562400385737 -0.01200068555772305 
-0.001843617879785597 -0.004633432254195213 -0.01425000000745058 
-0.01210073567926884 0.004864094778895378 -0.009363200515508652 
-0.007205209229141474 0.0008232574909925461 0.001822222489863634 
-0.0009770935866981745 0.001126273069530725 -0.006218370515853167 
-0.001133745303377509 0.001695740502327681 -0.008445889689028263 
-0.009641052223742008 0.00400813901796937 0.0002864570124074817 
-0.0002930091286543757 0.00364687736146152 -0.01425000093877316 
-0.001431481097824872 -0.003575828392058611 -0.01425000093877316 
0.002887381939217448 0.003554856171831489 -0.01387482322752476 
-0.00948362797498703 0.003329421393573284 -0.009068885818123817 
-0.01146393362432718 0.004512243904173374 -0.0001690194476395845 
-0.01209483202546835 0.002317370614036918 -0.007989082485437393 
-0.002964797895401716 -0.004522285889834166 -0.005738703068345785 
-0.01099965162575245 0.00407333904877305 -0.01071032881736755 
0.0008662971667945385 -0.00118503556586802 -0.005721704103052616 
0.004510780330747366 -0.005269668996334076 -0.01304197032004595 
8.799937495496124e-05 -0.002426854334771633 -0.01425000093877316 
-0.007610926404595375 -0.002734255511313677 -0.01231060549616814 
-0.005420418921858072 -0.0008378316997550428 -0.002059424761682749 
-0.009237685240805149 0.00763182807713747 0.001308571547269821 
-0.007745568640530109 -0.002613627817481756 0.001396542647853494 
0.005897593684494495 -0.001040805829688907 -0.01299659349024296 
0.00495517672970891 -0.007389209698885679 -0.0133299482986331 
-0.01006124634295702 0.000433619279647246 -0.001917274319566786 
-0.01123182848095894 0.007535677868872881 -0.008691082708537579 
0.003506798297166824 -0.002989957807585597 -0.01425000093877316 
-0.004209043923765421 0.006170096807181835 -0.005160659085959196 
-0.001333629828877747 0.0006795517983846366 -0.007828259840607643 
-0.003832690417766571 0.00558825209736824 -0.01425000000745058 
-0.001522568054497242 0.005389189347624779 -0.01148413307964802 
-0.01156863663345575 0.003250475274398923 -0.01381097454577684 
-0.0001631809573154896 -0.002494816668331623 -0.002749999985098839 
0.002360557671636343 -0.008663059212267399 -0.004356293007731438 
-0.01243251748383045 0.008025996387004852 -0.01079193595796824 
-0.001402983558364213 -0.006840449757874012 -0.005132322199642658 
-0.01279701478779316 -0.0007532588788308203 -0.001717718318104744 
-0.009563927538692951 -0.002166555263102055 -0.01340879872441292 
0.005411363206803799 -0.004067103844136 -0.01145000010728836 
-0.01191892847418785 -0.001482000923715532 -0.003359694732353091 
-0.007544937543570995 -0.002753437031060457 -0.00183088262565434 
-0.01171141490340233 -0.001542320940643549 -0.00197763997130096 
-0.007749159820377827 0.007199141196906567 -0.002797105349600315 
-0.01203107740730047 0.007265201769769192 -0.01242370903491974 
-0.000573798140976578 0.002748520346358418 -0.01425000000745058 
0.002764425938948989 0.0006050333613529801 -0.01145000010728836 
-0.007753029000014067 -0.002692949026823044 -0.002742742653936148 
-0.01177568826824427 0.004721499979496002 -0.008286458440124989 
-0.003117220709100366 0.002337460406124592 -0.01425000093877316 
0.002458613598719239 0.003871643915772438 -0.003034444060176611 
-0.008930511772632599 -0.002350677037611604 -0.003387303557246923 
0.001447456539608538 0.0003946907236240804 -0.006250000093132257 
-0.008258618414402008 0.0004545156261883676 -0.001538412878289819 
-0.00160363654140383 -0.004695700015872717 -0.01114063803106546 
-0.002290788106620312 0.001384025439620018 -0.002749999985098839 
-0.006312917452305555 0.006781652569770813 0.001112043508328497 
0.002411726163700223 0.0005981086287647486 -0.002749999985098839 
-0.0001186194713227451 0.003490838687866926 -0.01425000093877316 
-0.01139683276414871 0.001992443576455116 -0.00488998182117939 
-0.01137594971805811 -0.001311248634010553 1.05847839222406e-05 
-0.01345978304743767 0.002947279484942555 -0.007688337471336126 
-0.0005849236622452736 0.002216559601947665 -0.007445278111845255 
-0.004389549605548382 -0.003690789453685284 -0.003203219268471003 
-0.001536429394036531 0.003489872673526406 -0.002749999985098839 
-0.008261053822934628 0.006943703163415194 -0.01425000000745058 
-0.006339679472148418 0.006789431907236576 -0.008052323013544083 
-0.00513448566198349 -0.0005151215009391308 -0.01425000000745058 
-0.008611715398728848 0.007449869997799397 0.00141338724642992 
0.005859827622771263 -0.0008886744035407901 -0.01264441385865211 
-0.01201729383319616 0.001016333349980414 -0.002226545941084623 
0.002334550023078918 0.002171179046854377 -0.01425000000745058 
-0.003785958979278803 0.006047114264219999 -0.003751821117475629 
-0.009270764887332916 0.007641443517059088 -0.003370474325492978 
-0.01221194677054882 0.003219036385416985 -0.01021423097699881 
-0.007437119260430336 0.003969359211623669 0.002443493576720357 
-0.0009736617794260383 0.004993597976863384 -0.002749999985098839 
0.003110538003966212 2.803196548484266e-05 -0.006250000093132257 
-0.006861268542706966 -0.002952166832983494 -0.001597602851688862 
-0.006081020925194025 0.006714245304465294 -0.007387086749076843 
0.006000739522278309 -0.00424368167296052 -0.01381850056350231 
0.006119139026850462 -0.003089710604399443 -0.01265511568635702 
-0.01205314882099628 -0.0005368627025745809 -0.007765071466565132 
-0.00236118258908391 -0.001835969975218177 -0.002749999985098839 
-0.008312595076858997 -0.000502839800901711 -0.01425000000745058 
-0.005442750174552202 -0.003364503383636475 -0.006845226511359215 
0.004316757433116436 -0.004745692946016788 -0.006250000093132257 
8.942363638198003e-05 -0.00474202074110508 -0.002749999985098839 
0.002087286207824945 -0.004477227106690407 -0.01165805757045746 
-0.009801506996154785 -0.002097495133057237 -0.007262918166816235 
0.002238432643935084 -0.0008263539057224989 -0.002749999752268195 
-0.0001735874539008364 0.004997066222131252 -0.01292614918202162 
-0.0004083880921825767 0.005065318197011948 -0.008947434835135937 
-0.009561057202517986 0.003882713615894318 0.0004538148059509695 
0.001812231144867837 -0.004797614645212889 -0.003091971855610609 
-0.005692360457032919 0.006601269356906414 -0.004117865115404129 
-0.001469859387725592 -0.0002894903300330043 -0.00666457787156105 
-0.01125971879810095 -0.001122169313021004 0.0001033917287713848 
-0.002021323656663299 0.004110158421099186 -0.002749018603935838 
-0.007475192192941904 -0.001610865234397352 0.001429714960977435 
-0.005925410892814398 0.006669012364000082 -0.004699639976024628 
-0.008223123848438263 -0.0009367569582536817 0.002162797376513481 
-0.01096104737371206 0.0001459286140743643 -0.01039537321776152 
-0.00169881631154567 -0.006113351322710514 -0.004539794754236937 
-0.005268012639135122 -0.003098299261182547 -0.01425000000745058 
0.005124500021338463 0.001039902213960886 -0.004344555549323559 
0.003269063076004386 0.003272858215495944 -0.01152115222066641 
-0.0108850309625268 -0.001127657247707248 0.0005665704375132918 
-0.002198890782892704 -0.00241992506198585 -0.007970806211233139 
0.004848996642976999 0.001452349126338959 -0.005046488251537085 
-0.006326300092041492 -0.003107672091573477 -0.009415365755558014 
-0.003177214413881302 0.001622769283130765 -0.01425000000745058 
-0.01272732671350241 0.007184050977230072 -0.009087288752198219 
-0.01097240671515465 0.004838467575609684 -0.01067305076867342 
-0.01340288948267698 0.0002527529431972653 -0.009547974914312363 
-0.003354377113282681 0.003478187136352062 -0.01425000000745058 
-0.005827020853757858 0.001363503746688366 -0.0004537815693765879 
-0.0007483157096430659 0.00295903836376965 -0.009383183903992176 
-0.005059872288256884 0.003644036594778299 -0.01425000000745058 
-0.011818110011518 -6.814399966970086e-05 -0.01071605831384659 
-0.007913744077086449 0.007246983237564564 -0.002189859049394727 
-0.01264836266636848 -0.001269968110136688 -0.002100232988595963 
-0.0006558878230862319 -0.001337188761681318 -0.01321019418537617 
-0.009647118858993053 -0.00214237323962152 -0.01032097917050123 
-0.01008901745080948 0.003202054183930159 -0.001003229641355574 
-0.01195125840604305 -0.0005662542534992099 -0.01410007011145353 
0.00482184998691082 -0.006775844376534224 -0.01424999907612801 
-0.001436081482097507 -0.00149307178799063 -0.01053719408810139 
0.001885498641058803 -0.004656617529690266 -0.004840951412916183 
-0.003116028383374214 0.005852377973496914 -0.00650700181722641 
0.0008096091914921999 0.00125921459402889 -0.004882402252405882 
-0.01169444713741541 0.005328472703695297 -0.008423265069723129 
-0.01211349852383137 0.001949973055161536 -0.01374461688101292 
-0.005531713366508484 0.006554571911692619 -0.008098852820694447 
-0.0006344991852529347 0.005131044425070286 -0.01401346363127232 
-0.003132811281830072 0.00501562561839819 -0.00243438920006156 
-0.006375397555530071 0.006799815222620964 -0.008793522603809834 
0.001551187364384532 -0.0081526730209589 -0.006250000558793545 
-0.009673262014985085 0.002976992167532444 -0.01425000000745058 
-0.01012725010514259 0.006360056344419718 -0.004167338833212852 
-0.001276816939935088 -0.007327078375965357 -0.005054267589002848 
0.003008340951055288 -0.008615698665380478 -0.003483525011688471 
-0.01245873235166073 0.001435802201740444 -0.01362637989223003 
-2.899653918575495e-05 -0.008062352426350117 -0.005765409674495459 
-0.008098812773823738 0.006116529926657677 0.002547361189499497 
0.0008399606449529529 -0.00543275335803628 -0.01145000010728836 
-0.001542960177175701 0.005395116750150919 -0.006577784661203623 
0.002146498300135136 -0.006757842376828194 -0.01320212241262197 
-0.01080368272960186 0.007348011247813702 -0.006604387890547514 
0.005137532018125057 -0.007103500422090292 -0.00600889977067709 
-0.01499568205326796 -0.0005435546627268195 -0.00923561304807663 
-0.009820780716836452 0.001992176752537489 -0.001780880033038557 
-0.007611500564962626 -0.00237837596796453 -0.01425000093877316 
-0.01099795941263437 -0.001749709015712142 -0.01146960072219372 
-0.001303003868088126 -0.0007689649355597794 -0.01425000000745058 
-0.007969126105308533 -0.002630133647471666 -0.00414607347920537 
0.002140728291124105 0.002590136835351586 -0.01425000000745058 
-0.003128711367025971 -0.004387638531625271 -0.006054211873561144 
0.0001965011324500665 0.004098294302821159 -0.002749999985098839 
0.002420600736513734 -0.002610498573631048 -0.002749999985098839 
0.00430657435208559 -0.0007264341693371534 -0.002749999985098839 
-0.008441544137895107 0.00425965990871191 -0.002031925367191434 
-0.01105577405542135 0.004450155887752771 -0.007821313105523586 
-0.007339630275964737 0.0029670475050807 0.0001539748045615852 
-0.007596236653625965 0.007154690101742744 -0.00485453475266695 
0.0002082043065456674 -0.008131302893161774 -0.006162797566503286 
-0.008961591869592667 0.005168036557734013 -0.009491045959293842 
-0.001639942289330065 8.202515891753137e-05 -0.008872293867170811 
-0.001425758935511112 0.0004613413475453854 -0.0100890239700675 
-0.001475618919357657 -0.004665892105549574 -0.006503026932477951 
0.001111133606173098 0.002566032577306032 -0.01425000000745058 
0.0001616473309695721 0.00148077798075974 -0.00415527680888772 
9.450730431126431e-05 0.004825527779757977 -0.007567137945443392 
-0.003258976154029369 -0.003380335634574294 -0.01425000000745058 
0.0008309241966344416 -0.008312314748764038 -0.003285706974565983 
0.00139056087937206 0.000474186526844278 -0.005086245015263557 
-0.003225559834390879 0.005884217098355293 -0.008444040082395077 
-0.006793556734919548 0.004835430067032576 0.002282849512994289 
-0.006070663221180439 0.006711234338581562 -0.009492149576544762 
-0.014306815341115 2.534252053010277e-05 -0.01217479910701513 
-0.01234394870698452 0.008389789611101151 -0.008866386488080025 
-0.004422301426529884 -0.003680854104459286 -0.006150849629193544 
0.001188790192827582 -0.005973088555037975 -0.002749999985098839 
0.002424664096906781 -0.002370997332036495 -0.006250000093132257 
-0.01320170890539885 0.003705580253154039 -0.007646286394447088 
-0.01006567105650902 -0.0005549988709390163 -0.001989026088267565 
-0.001004504621960223 0.001112476107664406 -0.01017287373542786 
-0.006193096749484539 0.000965990824624896 0.0004649764741770923 
-0.00566151412203908 -0.0004085855325683951 -0.001696273335255682 
0.006037595681846142 -0.001638472429476678 -0.00497619342058897 
-0.002637418452650309 -0.004850579425692558 -0.00295593123883009 
-0.0113970935344696 -0.0008812932064756751 0.002198162022978067 
-0.00782956276088953 0.00211568851955235 -0.01425000000745058 
-0.01373088173568249 0.00126802537124604 -0.007445934694260359 
-0.01290635764598846 -2.550726640038192e-05 -0.008072812110185623 
0.001273992471396923 -0.006074309349060059 -0.002749999985098839 
-0.004261007532477379 0.002459843643009663 -0.01425000000745058 
0.002226702868938446 0.004031205549836159 -0.01176737435162067 
-0.004815362859517336 0.006346343085169792 -0.0109903858974576 
-0.01302717346698046 0.006235870998352766 -0.01005018875002861 
0.0006204540259204805 -0.006030960939824581 -0.01144999917596579 
-0.010866928845644 0.003450382500886917 -0.01406696531921625 
-0.004152544774115086 -0.003792251460254192 -0.01262746285647154 
-0.009020031429827213 0.007568560540676117 -0.01374797150492668 
0.001541111851111054 -0.003410126781091094 -0.006250000093132257 
0.005076626781374216 0.00111035315785557 -0.01145000010728836 
-0.003362493589520454 0.003261547535657883 -0.01425000000745058 
0.005092871841043234 0.001087252050638199 -0.003626818535849452 
-0.01400183513760567 0.002497902372851968 -0.0110661406069994 
-0.008113677613437176 -0.002588115399703383 0.001481652841903269 
-0.01385364681482315 0.002051138551905751 -0.01186022907495499 
-0.006932505872100592 0.006961755454540253 -0.007495884317904711 
0.004510106518864632 -0.005942230578511953 -0.004883991554379463 
0.0001227777684107423 -0.001471509924158454 -0.002762272022664547 
0.002063235267996788 0.003756580641493201 -0.002749999985098839 
-0.01118283532559872 -0.001695969258435071 -0.01072317454963923 
-0.01109801605343819 0.001982706598937511 -0.01069238316267729 
-0.01173185557126999 0.002306849928572774 0.0009936861461028457 
-0.005073290318250656 0.006421317346394062 -0.01054060831665993 
0.002908639376983047 -0.003988337237387896 -0.006250000558793545 
-0.01365970075130463 0.003851446788758039 -0.008843155577778816 
-0.01023137755692005 -0.001972539816051722 -0.004647335968911648 
0.002925503067672253 -0.000407968822401017 -0.01145000010728836 
-0.009044215083122253 0.005354601424187422 -0.009921574965119362 
0.003278783988207579 0.003265676088631153 -0.00598176522180438 
0.003069764235988259 -0.008608927018940449 -0.004905402660369873 
-0.00185500190127641 -0.003370394697412848 -0.007015721872448921 
-0.01443327311426401 -0.0005175623227842152 -0.0122474879026413 
-0.003076303517445922 -0.004429319407790899 -0.004542216658592224 
-0.008944873698055744 -0.00234650238417089 -0.003659194335341454 
-0.01228864025324583 0.0003594088193494827 -0.002072382252663374 
0.004350713454186916 0.002186641795560718 -0.01232295855879784 
0.001692240824922919 -0.005028525833040476 -0.005123540759086609 
-0.008115229196846485 0.002007661620154977 0.0006664317334070802 
-0.01062436029314995 0.004649903159588575 -0.004572267178446054 
-0.008548188023269176 -0.002461811294779181 -0.0005168928764760494 
-0.002310271142050624 0.005618159659206867 -0.008987739682197571 
0.005607984028756618 -0.002673471113666892 -0.01145000010728836 
-0.001661445247009397 -0.0009285405976697803 -0.00995907187461853 
-0.01236085034906864 -0.001323964912444353 -0.004858368542045355 
-0.00170480425003916 0.005442162044346333 -0.008308036252856255 
0.001016496331430972 0.004617036785930395 -0.00290393945761025 
-0.009004127234220505 -0.001371721038594842 -0.01425000000745058 
-0.01139563694596291 0.004877013154327869 -0.000563270237762481 
-0.006217442452907562 0.0005449741147458553 -0.01425000093877316 
-0.01056941132992506 0.0003902145544998348 -0.001576993381604552 
-0.00817560963332653 0.002225320320576429 0.0007457678439095616 
-0.01082163490355015 0.003971236292272806 -0.003377898130565882 
-0.00477236695587635 0.006333843804895878 0.0007157301879487932 
0.0008063458371907473 -0.001946253702044487 -0.01425000000745058 
0.002103554550558329 -0.003248802851885557 -0.002749999985098839 
-0.01317769289016724 0.001254382310435176 -0.01313548628240824 
-0.007709044497460127 -0.002705734688788652 -0.00724029541015625 
-0.001861083321273327 -0.00582067621871829 -0.01136222388595343 
0.005613737273961306 -0.005765771493315697 -0.01423106994479895 
0.003358615795150399 -0.0007207345915958285 -0.01425000000745058 
-0.00933951698243618 0.007661428302526474 -0.01334293838590384 
-0.007071151863783598 0.003163901856169105 -0.0005435682251118124 
-0.006291598547250032 0.004849965218454599 -0.01425000000745058 
-0.000892152136657387 -0.005698163993656635 -0.002749999985098839 
0.0006541170878335834 0.002263885689899325 -0.01425000000745058 
0.0008172481320798397 0.001254135626368225 -0.005069903563708067 
-0.01162201538681984 0.00182417337782681 -0.005698423366993666 
0.0006821934366598725 -0.008269081823527813 -0.005363523494452238 
-0.006258945912122726 0.006765964906662703 -0.009115893393754959 
-0.008488837629556656 0.007414151914417744 -0.008100097067654133 
0.001393003389239311 -0.003002468030899763 -0.002749999985098839 
-0.009900140576064587 -0.002068824134767056 -0.004933175165206194 
-0.002511144848540425 0.003929528407752514 -0.002709161955863237 
-0.0005953825893811882 0.005119673907756805 -0.009026703424751759 
-0.009515809826552868 -0.002180542098358274 0.001618278678506613 
-0.01051325164735317 0.007701114751398563 -0.001088297343812883 
-0.01003805827349424 0.003935440443456173 -0.007990065962076187 
-0.001204101834446192 -0.000887165020685643 -0.004901110660284758 
-0.001465207431465387 -0.006656497716903687 -0.005932969972491264 
0.005102180875837803 -0.004038355313241482 -0.01425000000745058 
-0.01055173762142658 0.001659394358284771 0.002237639622762799 
0.004690640605986118 -0.007719309069216251 -0.003625079058110714 
-0.001330896746367216 -0.007107112556695938 -0.01416650600731373 
-0.0007984725525602698 0.003016185946762562 -0.002749999985098839 
-0.006288249511271715 0.006041326560080051 -0.0002852432080544531 
-0.01103619392961264 0.007496361155062914 -0.01011710148304701 
0.004476470872759819 -0.006168461870402098 -0.01424999907612801 
0.0004272674559615552 0.003531853668391705 -0.01425000000745058 
-0.005356778856366873 0.003357065375894308 -0.01424999907612801 
-0.01130624394863844 0.002676937030628324 -0.002674149814993143 
0.001929778489284217 -0.006512993015348911 -0.0141055341809988 
0.005650939419865608 -0.005637790076434612 -0.003762244945392013 
-0.008320638909935951 0.00736525934189558 -0.003971687518060207 
-0.005249097011983395 0.003941214177757502 0.0001908741251099855 
0.00105642678681761 0.004604620859026909 -0.01200319081544876 
-0.003783627180382609 -0.003990409895777702 -0.01408318243920803 
-0.01045471243560314 0.005850515328347683 0.001307369209825993 
0.00515030836686492 2.836003841366619e-05 -0.01145000010728836 
-0.006982548628002405 0.003737543942406774 -0.0009470065706409514 
-0.01068996079266071 -0.001839238568209112 0.001478445017710328 
-0.006728818640112877 -0.002990667708218098 -0.01099980343133211 
-0.002447417238727212 0.005658025853335857 -0.01309564989060163 
-0.01263238303363323 0.0002813558676280081 0.0002366797998547554 
0.00603586807847023 -0.003901300253346562 -0.003235079348087311 
-0.006133604794740677 0.00672953063622117 -0.01139895338565111 
-0.005719058215618134 -0.003284185891970992 -0.005103341303765774 
-0.01371864415705204 -0.0009588578250259161 -0.007115679793059826 
-0.008357800543308258 0.007195909973233938 -0.009421881288290024 
-0.002039577579125762 0.005539474543184042 -0.009800544008612633 
-0.01045121625065804 0.00381890032440424 -0.01067078951746225 
-0.01091969013214111 0.0003354416112415493 -0.001015774323605001 
0.004235831089317799 0.002307103946805 -0.006181300617754459 
-6.224965181900188e-05 0.003699720371514559 -0.01037227734923363 
-0.009498856961727142 0.005013708956539631 7.073755841702223e-05 
0.002732725348323584 -0.003275957191362977 -0.01425000000745058 
0.001560616539791226 -0.008524423465132713 -0.003027786267921329 
0.002286739181727171 0.0004310176591388881 -0.006250000093132257 
-0.004690458998084068 0.006310035474598408 -0.01182685978710651 
-0.00468136090785265 0.004347422625869513 -0.001131147029809654 
-0.001097399624995887 -0.007751788012683392 -0.004875063430517912 
-0.01177327521145344 0.00589571800082922 -0.009496373124420643 
-0.004565863404422998 0.006273817736655474 -0.01206569839268923 
0.000222106697037816 0.004882045555859804 -0.006658197846263647 
-0.009430318139493465 0.003588087391108274 0.002444878220558167 
-0.001681311521679163 -0.006150213070213795 -0.006370996125042439 
0.003907873760908842 0.002325110137462616 -0.01425000000745058 
-0.0114649711176753 -0.001613957574591041 -0.007811203598976135 
-0.01208569295704365 0.006101024337112904 -0.007178649306297302 
-0.009992456063628197 -0.00204198993742466 -0.01268632896244526 
-0.009119942784309387 -0.0006622056826017797 -0.001926462864503264 
0.002379359677433968 -0.001928945304825902 -0.006250000093132257 
0.001969133969396353 0.004157351795583963 -0.004945158958435059 
-0.005315175745636225 6.945146014913917e-05 -0.01425000093877316 
-0.01245345175266266 4.188058665022254e-05 -0.006199109368026257 
-0.007233397103846073 0.003862103447318077 0.0003752095508389175 
-0.008481452241539955 0.002022672444581985 0.002531145699322224 
-0.0005454897764138877 0.003780831815674901 -0.008635778911411762 
-0.001020409050397575 0.001770669128745794 -0.008065884932875633 
-0.000375785370124504 -0.006978592835366726 -0.002749999985098839 
-0.01021236274391413 0.003920082934200764 0.002045752247795463 
0.001370793092064559 -0.00784944836050272 -0.01425000000745058 
-0.005842622835189104 0.003243761835619807 0.001081719761714339 
-0.002508200705051422 -0.004616167396306992 -0.007352888584136963 
-0.009750835597515106 0.007727327290922403 -0.003061683848500252 
0.002869210904464126 -0.007430184632539749 -0.006250000093132257 
-0.01006415858864784 -0.002021147403866053 -0.007375020533800125 
-0.01199805270880461 -0.001459000981412828 0.0001346915814792737 
-0.000950576679315418 -0.003737328108400106 -0.002749999985098839 
0.005123130045831203 -0.006766953505575657 -0.01424999907612801 
-0.01105060242116451 0.003313988447189331 0.001486936002038419 
0.0002295588928973302 0.002538672648370266 -0.006735623348504305 
-0.008414824493229389 -0.002500577829778194 -0.00541690131649375 
0.000430619838880375 -0.004693890456110239 -0.006250000558793545 
-0.009315417148172855 -0.00223879236727953 -0.004067522939294577 
0.004483005497604609 0.002000262727960944 -0.01253166608512402 
-0.003334041219204664 -0.004262185655534267 -0.006231578066945076 
-0.0006493074470199645 0.001801107311621308 -0.01033435761928558 
0.002376928925514221 4.724897735286504e-05 -0.01425000000745058 
-0.01172306016087532 0.003794261487200856 -0.01047400385141373 
-0.0002351870352867991 -0.001461707521229982 -0.003620786592364311 
-0.01293325517326593 0.001450025010854006 -0.009916615672409534 
0.001823094324208796 -0.0007501622894778848 -0.01425000000745058 
0.003107478143647313 0.003392242360860109 -0.01289646979421377 
-0.00879327580332756 0.0004594755009748042 0.0008127331966534257 
-0.007036247756332159 -0.0008249853854067624 -0.01425000000745058 
0.005216884892433882 -0.001450992771424353 -0.006250000093132257 
-0.001006914069876075 -0.006228568963706493 -0.006264854222536087 
0.002825574018061161 -0.0001312581443926319 -0.006250000093132257 
0.001457387581467628 -0.002520098583772779 -0.01425000000745058 
-0.008885425515472889 0.002722305012866855 0.00256458530202508 
-0.0006373452488332987 -0.004779919050633907 -0.01425000093877316 
0.00154814834240824 0.004384333267807961 -0.005242262035608292 
-0.01025601476430893 -3.363531141076237e-05 0.002515547210350633 
0.00470803864300251 -0.00769759900867939 -0.01410844549536705 
-0.01146104000508785 -0.001615100307390094 -0.01395176630467176 
-0.0003194871824234724 -0.005369923077523708 -0.006250000558793545 
-0.007232905365526676 -0.00284413923509419 -0.003766500856727362 
-0.0009960680035874248 0.001096023130230606 -0.0127389132976532 
-0.01030543725937605 -0.001951012411154807 -0.009321525692939758 
0.001475815661251545 0.0001101780508179218 -0.004130746237933636 
-0.007848162204027176 0.001968514174222946 -0.00158100132830441 
-0.003410868346691132 0.005938082467764616 -0.01161433942615986 
-0.007256994023919106 0.003652489045634866 0.0003215565229766071 
-0.00887121818959713 0.006611515302211046 -0.008301974274218082 
-0.01449347194284201 -0.0007336301496252418 -0.009304742328822613 
0.002646064385771751 0.003623462980613112 -0.002749999985098839 
-0.007450041826814413 -0.0002240755129605532 0.001769496127963066 
0.004037449136376381 0.002515120897442102 -0.00487169437110424 
0.0008891394245438278 -0.007869165390729904 -0.01145000010728836 
-0.01160346530377865 0.001456901896744967 -0.002872508252039552 
-0.00736322533339262 0.004704004619270563 -0.01424999907612801 
-0.00466746324673295 0.006303350441157818 -0.004407941363751888 
0.0008368472917936742 -0.003308765590190887 -0.006250000093132257 
-0.00225619412958622 -0.004568822216242552 -0.01425000000745058 
-0.0002757645852398127 -0.001468576258048415 -0.006165138445794582 
-0.01048641186207533 0.005781588610261679 0.001292560715228319 
-0.005486850626766682 0.002828044351190329 -0.0001063079835148528 
-0.009955913759768009 0.00720806373283267 -0.007764356210827827 
-0.002015101723372936 0.00553235923871398 -0.01369213033467531 
0.003557640360668302 -0.003149750642478466 -0.002749999985098839 
0.0009208470582962036 0.002240394940599799 -0.01425000000745058 
0.0009175346349366009 0.001172078307718039 -0.01297534815967083 
0.004364293068647385 0.001419947016984224 -0.01424999907612801 
-0.0125877745449543 0.006975822616368532 -0.01147623267024755 
0.003801427781581879 -0.004301909357309341 -0.01313212513923645 
-0.009850115515291691 0.006070871371775866 0.001855663140304387 
0.003439361229538918 -0.007355960551649332 -0.01425000000745058 
0.0009464524337090552 -0.008345897309482098 -0.01366214640438557 
-0.006665258668363094 -0.00232773250900209 -0.01425000093877316 
0.005161731503903866 -0.007048393599689007 -0.006057348567992449 
0.005196439102292061 -0.005925146862864494 -0.002749999985098839 
-0.01151205785572529 0.004195121116936207 -0.007965375669300556 
-0.009639782831072807 0.001390793360769749 0.0008490044856444001 
-0.01223422028124332 0.004816655535250902 -0.007038249168545008 
0.003572974586859345 -0.008457692340016365 -0.003588292049244046 
-0.001275665825232863 -0.007336981594562531 -0.00480466615408659 
0.005223473999649286 -0.002565128961578012 -0.01145000010728836 
-0.007175986655056477 -0.002210499718785286 -0.01425000093877316 
-0.0001544591214042157 0.004991505760699511 -0.01090820133686066 
0.001924089388921857 0.0004557261127047241 -0.01145000010728836 
-0.01207566633820534 -0.001436440390534699 -0.0125401895493269 
-0.01019308157265186 -0.001661528833210468 -0.01425000000745058 
-0.001016233349218965 0.001807776279747486 -0.009616406634449959 
-0.01187540404498577 0.00311502767726779 -0.0009402238065376878 
-6.168137770146132e-05 0.004964536987245083 -0.01102234981954098 
0.005588426254689693 -0.005852846894413233 -0.01351251266896725 
0.005222286097705364 -0.005798195954412222 -0.006250000558793545 
-0.01017767377197742 0.007905065082013607 -0.0007045113015919924 
-0.005563177168369293 0.006563717965036631 -4.834376886719838e-05 
0.003393459599465132 -0.00701634120196104 -0.01267365366220474 
-0.0003400070709176362 -0.005228680092841387 -0.006250000093132257 
-0.001987464958801866 -0.0001728491624817252 -0.002749999985098839 
-0.01257523521780968 0.0006297372747212648 -0.007982563227415085 
-0.01307276450097561 0.006052116397768259 -0.009197460487484932 
-0.0063743581995368 -0.003093702485784888 -0.002589603886008263 
-0.004567751195281744 -0.003391180653125048 -0.01425000000745058 
-0.01217504870146513 0.001688326243311167 -0.007923229597508907 
-0.007995566353201866 0.00626602815464139 -0.01424999907612801 
-0.0007749592768959701 0.001996057573705912 -0.007677632384002209 
-0.01112957578152418 0.00373660447075963 0.001230697147548199 
-0.001456026453524828 0.005184234119951725 -0.002749999985098839 
-0.009853772819042206 0.00292944023385644 0.002359142759814858 
-0.00487035047262907 -0.00353088928386569 -0.00980665348470211 
-0.01053392700850964 0.001057869289070368 0.0002357448829570785 
-0.007860708050429821 0.006447183899581432 -0.002021413296461105 
0.005595490802079439 -0.003862877376377583 -0.01425000093877316 
0.004579215776175261 0.001817577169276774 -0.01145000010728836 
-0.0006705083069391549 -0.001893761684186757 -0.002749999985098839 
-0.001482526771724224 -0.0002113328810082749 -0.006286286283284426 
-0.01216021925210953 0.001982206245884299 0.0001815475698094815 
-0.005884021986275911 0.006656982004642487 -0.007986895740032196 
0.005092318635433912 -0.002750592306256294 -0.006250000093132257 
-0.006829550489783287 0.006931828334927559 -0.007600757293403149 
0.001299004536122084 -0.005991484504193068 -0.01145000010728836 
0.002434926806017756 0.003864545840770006 -0.00624999962747097 
0.002156856004148722 -0.007692207116633654 -0.01145000010728836 
-0.01019855216145515 0.006114767398685217 -0.003668188583105803 
-0.002699912060052156 0.001659860834479332 -0.01425000000745058 
0.003970304038375616 -0.008299309760332108 -0.004321000073105097 
0.006024037953466177 -0.002127181505784392 -0.01145000010728836 
-0.009077874943614006 0.00758537370711565 -0.01177166774868965 
-0.009802560321986675 0.0003221024526283145 -0.01425000000745058 
-0.001495316624641418 -0.005690930411219597 -0.01425000000745058 
-0.006266753654927015 0.006768234074115753 -0.002361694816499949 
0.001300639589317143 0.001548577449284494 -0.002749999985098839 
-0.01228102762252092 0.002005813177675009 -0.01044955849647522 
0.001092793187126517 0.004590325523167849 -0.01221780944615602 
-0.01102025713771582 0.004767017439007759 0.0009892081143334508 
-0.01068988814949989 -0.0006827820907346904 -0.00887584313750267 
-0.001009594881907105 0.004237488843500614 -0.01425000093877316 
-0.005958657711744308 0.005524951964616776 0.001928496290929615 
-0.0006190568674355745 -0.003767592599615455 -0.01139157731086016 
0.002627791604027152 0.003746649716049433 -0.005937441717833281 
-0.001407046453095973 0.0004798572044819593 -0.01387788914144039 
-0.01320897229015827 -0.0001533253816887736 -0.006744773592799902 
-0.01200026925653219 0.001135925413109362 -0.00219252984970808 
-0.001149304560385644 -0.001536471070721745 -0.01083429250866175 
-0.00843107420951128 -0.001329065416939557 -0.0008299791952595115 
0.001374019542708993 0.0005088834441266954 -0.0137417558580637 
0.004116182681173086 0.0007270342321135104 -0.002749999985098839 
-0.01278521399945021 -0.0002651367685757577 0.0002516114909667522 
0.002870199037715793 0.001767209032550454 -0.006250000558793545 
-0.001027605147100985 -0.001079694367945194 -0.006375393364578485 
0.0006194680463522673 -0.001366080134175718 -0.01217397674918175 
-0.0003494543780107051 0.001425610389560461 -0.01400471106171608 
-0.0115297632291913 0.001886938116513193 -0.01398408785462379 
0.005818205419927835 -0.005059765186160803 -0.01194475963711739 
-0.01012947969138622 0.004584287293255329 -0.0141504080966115 
0.001079962588846684 -0.006488011684268713 -0.002749999985098839 
-0.01208019629120827 0.002032589400187135 -0.001499894890002906 
-0.01041140221059322 0.0004644508007913828 -0.001686856267042458 
-0.009914323687553406 0.002492086729034781 0.0005142888403497636 
0.003762438660487533 -0.004281649366021156 -0.01375718601047993 
-0.0005789977731183171 0.001773433992639184 -0.002749999985098839 
-0.0006628677365370095 -0.007878098636865616 -0.005506983026862144 
-0.004575906321406364 -0.002802379196509719 -0.01425000000745058 
0.004983739927411079 -0.005871608387678862 -0.01145000103861094 
-0.00742400111630559 0.007016997318714857 0.000926810025703162 
-0.008669846691191196 0.005366132594645023 -0.01425000000745058 
-0.0003536721924319863 -0.001453207340091467 -0.003748365677893162 
-0.008495672605931759 0.004737820941954851 -0.01425000000745058 
-0.001837658113799989 -0.0005846029962413013 -0.002749999985098839 
0.0004203131247777492 -0.001429091556929052 -0.01257292926311493 
-0.002744833938777447 -0.004718737676739693 -0.01074811909347773 
-0.01023733802139759 0.00175346911419183 -0.01013188622891903 
-0.004319033119827509 0.004994678311049938 -0.001446104957722127 
-0.0115140937268734 0.003735850099474192 -0.006349232047796249 
-0.008941845037043095 0.006455579772591591 -0.001382233807817101 
-0.006204023491591215 0.003500576829537749 -0.01424999907612801 
0.002664078259840608 -0.007019134238362312 -0.005574014037847519 
-0.01250951550900936 0.003328933147713542 -0.008955951780080795 
-0.005961614660918713 0.00667953584343195 -0.01337655261158943 
-0.001255666022188962 -0.007465433795005083 -0.002946236869320273 
-0.01168898399919271 0.002570257987827063 -0.01384175103157759 
-0.01083240937441587 0.004040742758661509 -0.002998787444084883 
-0.005801577586680651 0.004168165847659111 -0.01425000000745058 
-0.0002239631721749902 -0.0023964315187186 -0.01425000000745058 
-0.01110431458801031 0.005132917780429125 0.0005287058302201331 
-0.003007621038705111 0.005820866208523512 -0.01047207973897457 
-0.008945045061409473 0.004877782426774502 -0.01425000000745058 
-0.01209584623575211 0.005215852987021208 -0.01308414619415998 
0.004366269800812006 0.002170329913496971 -0.005072288680821657 
0.0007328461506403983 -0.001584740821272135 -0.002749999985098839 
0.001853119116276503 0.002455067588016391 -0.01145000010728836 
-0.01131518743932247 -0.001035008695907891 -0.008097656071186066 
0.001171678188256919 0.0009276093915104866 -0.005390650127083063 
-0.009624533355236053 0.007744276896119118 -0.007157880812883377 
0.001103424001485109 -0.002839392516762018 -0.002749999985098839 
0.00593532482162118 -0.001192793715745211 -0.006170955952256918 
0.003866683691740036 6.27809640718624e-05 -0.002749999985098839 
-0.009022695943713188 0.005511865485459566 -0.009956345893442631 
-0.00592291122302413 -0.002430259715765715 -0.002034088363870978 
-0.01166857965290546 0.001100654830224812 -0.005025666207075119 
0.00526511250063777 -0.006812976207584143 -0.006080362014472485 
0.005483636632561684 -0.0005535182426683605 -0.002749999985098839 
-0.01025887951254845 0.001940243411809206 0.0002624151529744267 
-0.007140034809708595 0.0010936064645648 -0.01425000000745058 
-0.008341584354639053 0.007371348328888416 -0.005224429070949554 
-0.002220477908849716 0.005592058878391981 -0.01075110677629709 
0.006125793792307377 -0.002886658767238259 -0.01204914692789316 
-0.001956727355718613 -0.005702827125787735 -0.01331707276403904 
-0.009482990950345993 0.001954411389306188 -0.001960994442924857 
-0.002781718969345093 0.001578430295921862 -0.01425000000745058 
-0.0096873939037323 0.001827597734518349 -0.01425000000745058 
-0.004169448744505644 0.004961050115525723 -0.001620846800506115 
-0.01122275553643703 -0.001684365444816649 0.001211208407767117 
-0.004853833932429552 0.004180265124887228 -0.01425000000745058 
-0.01081185415387154 0.00585423968732357 -0.001841382822021842 
-0.01104925200343132 0.002334029180929065 0.001774040749296546 
-0.008939848281443119 0.007545252330601215 -0.002686598803848028 
0.003470828756690025 -0.004135714843869209 -0.01324664335697889 
0.001836553565226495 -0.004750807769596577 -0.004511419683694839 
0.002987507497891784 -0.002938700374215841 -0.006250000093132257 
-0.01090236473828554 -0.0003008765634149313 -0.01022941991686821 
0.0003496321151033044 0.004844976123422384 -0.006371669005602598 
-0.007344895042479038 0.005093810614198446 -0.01424999907612801 
0.003652385668829083 -0.004224461037665606 -0.004752128385007381 
-0.009801236912608147 -0.002097573596984148 -0.01246954128146172 
-0.0002495500084478408 -0.003530002664774656 -0.006270475219935179 
-0.005733608733862638 0.0008054284262470901 -0.01425000000745058 
-0.008886980824172497 0.007529885042458773 -0.007510867435485125 
0.001058880588971078 0.004603687208145857 -0.01266681682318449 
0.003356992732733488 -0.001618824899196625 -0.006250000093132257 
-0.001852129702456295 0.0008829282014630735 -0.002749999985098839 
0.001602911157533526 0.00311292102560401 -0.00627190200611949 
-0.001204703119583428 0.0008512576459906995 -0.01424393057823181 
-0.0004963575629517436 0.001407868694514036 -0.01262174174189568 
-0.01116457395255566 0.002868149429559708 -0.005091284867376089 
-0.009806311689317226 0.007464146707206964 -0.003313401015475392 
-0.004545480478554964 0.004960896447300911 -0.01424999907612801 
-0.001464838860556483 0.0003162000502925366 -0.01083733420819044 
-0.00135273823980242 0.0006098955636844039 -0.005441471934318542 
0.004159898962825537 -0.006988525390625 -0.01145000010728836 
-0.000432055356213823 -0.007945191115140915 -0.01213169191032648 
0.004351282026618719 -0.006292589940130711 -0.01316525973379612 
-0.00409279391169548 -0.003814753377810121 -0.006657726597040892 
-0.009492945857346058 0.003109411103650928 0.0006695179035887122 
-0.001004292513243854 -0.006203918252140284 -0.002749999985098839 
0.0007324855541810393 -0.001285094069316983 -0.004979677032679319 
-0.00144774338696152 -0.006708803121000528 -0.0114113837480545 
-0.001375623978674412 0.002959459321573377 -0.01425000000745058 
-0.0100229736417532 -0.0004792343825101852 -0.001992974895983934 
-0.009486494585871696 0.003201537532731891 -0.009265498258173466 
0.001048967940732837 -0.002901429776102304 -0.002749999985098839 
-0.009969903156161308 0.004151386208832264 -0.01418648939579725 
-0.00240328605286777 0.0008371277945116162 -0.01425000093877316 
-0.007926817983388901 0.007250783499330282 -0.01380415353924036 
-0.001369434176012874 -0.000544793379958719 -0.01284359395503998 
-0.001474472810514271 -9.121356561081484e-05 -0.006601027213037014 
-0.001406362862326205 0.0005175572587177157 -0.006775375455617905 
-0.0006199163617566228 0.002196633256971836 -0.01425000093877316 
-0.006775259971618652 -0.002977167954668403 -0.005805786699056625 
0.00314763467758894 -0.007061083801090717 -0.005816244520246983 
-0.009067254140973091 0.0075822863727808 -0.004720964469015598 
-0.008816002868115902 0.00238695414736867 -0.01425000000745058 
-0.007434490136802197 -0.002207567449659109 -0.01425000000745058 
0.004053135402500629 0.002498672343790531 -0.01153501216322184 
-0.001465923385694623 0.0003003982710652053 -0.01113193109631538 
-0.001712146564386785 -0.001058933790773153 -0.002749999985098839 
-0.002433775458484888 0.002854297170415521 -0.00274593522772193 
-0.005961792543530464 -0.001836350304074585 -0.001822095015086234 
0.0008098811958916485 0.001261327881366014 -0.003563949139788747 
-0.01176025159657001 0.002924414817243814 -0.001655839616432786 
0.004082846455276012 -0.006643597036600113 -0.01149595994502306 
-0.01049206405878067 0.007803695276379585 -1.118356885854155e-05 
-0.007713103666901588 0.007188661023974419 -0.002993661910295486 
-0.009458070620894432 0.003649996593594551 -0.00975758396089077 
-0.01091254223138094 0.003658497706055641 -0.004166261292994022 
-0.006514883600175381 0.00153065868653357 -0.01425000000745058 
2.714048969210126e-05 0.004938718397170305 -0.01230408810079098 
0.005622568540275097 -0.001071873470209539 -0.01145000010728836 
0.004538824781775475 -0.005611187312752008 -0.004256959538906813 
-0.0002526425523683429 0.001470602350309491 -0.006377624347805977 
-0.009188853204250336 0.004574789199978113 -0.008744332008063793 
-0.009123189374804497 0.005843078251928091 -0.008260872215032578 
-0.01109000667929649 0.003325292374938726 -0.005482914857566357 
0.004186056088656187 0.00235929642803967 -0.003900774056091905 
-0.002326375804841518 -0.002995523856952786 -0.01425000093877316 
-0.0008882693364284933 0.005204810760915279 -0.004820070695132017 
0.002320706844329834 -0.008656955324113369 -0.003682319773361087 
0.001612700638361275 -0.005296702031046152 -0.003729837480932474 
0.00305030238814652 0.002763182623311877 -0.01425000000745058 
-0.01183508243411779 0.0001419100444763899 0.001661614747717977 
0.003644041484221816 -0.0002886993752326816 -0.01145000010728836 
-0.0009059548610821366 -0.003099647350609303 -0.01425000000745058 
0.0001761521562002599 0.002741253236308694 -0.01425000000745058 
0.00423538638278842 -0.001369314733892679 -0.01145000010728836 
-0.008038732223212719 -0.00016167969442904 -0.0005392380990087986 
-0.001481446204707026 -0.0002337845216970891 -0.005828327964991331 
-0.001688798773102462 -0.005669078789651394 -0.01425000093877316 
-0.006979040335863829 -0.001211492926813662 0.0008323924848809838 
0.005563440732657909 -0.005789853632450104 -0.002749999985098839 
-0.003916806075721979 4.334263212513179e-05 -0.01425000000745058 
0.002309808740392327 0.0004101393860764802 -0.01145000103861094 
-0.01406301930546761 0.001190535491332412 -0.007810815237462521 
-0.0009551698458380997 0.001571844797581434 -0.009944927878677845 
0.0002344079257454723 -0.001447953982278705 -0.003759368788450956 
-0.005296006333082914 0.002788853831589222 -0.01425000000745058 
-0.01145797595381737 0.0002184943296015263 -0.01414289325475693 
-0.01081196218729019 0.000919324578717351 -0.0003968508099205792 
-0.004713867790997028 -0.0006824220763519406 -0.002463303040713072 
-0.01010202057659626 0.007612278684973717 -0.01389001682400703 
0.00470540439710021 -0.0009574676514603198 -0.002749999985098839 
-0.002456034068018198 0.001315301284193993 -0.01425000000745058 
-0.002952661830931902 -0.002083595842123032 -0.01424999907612801 
-0.003064683638513088 -0.004438396077603102 -0.006531025283038616 
-0.00831172801554203 0.005260566249489784 -0.002001149114221334 
-0.003642704337835312 0.001757583115249872 -0.002579945838078856 
-0.01415647938847542 0.002350838156417012 -0.01012634020298719 
-0.006454889662563801 -0.003070293460041285 -0.009856303222477436 
-0.004435401875525713 0.00575848575681448 -0.01425000000745058 
0.00364034017547965 0.001947295852005482 -0.002749999985098839 
-0.001690355595201254 -0.003692880738526583 -0.002749999985098839 
-0.0004205018340144306 -0.00622634869068861 -0.006250000558793545 
-0.01113967411220074 0.007868330925703049 -0.006908674724400043 
-0.005633705295622349 0.002368383575230837 -6.046243652235717e-05 
-0.007828850299119949 -0.002670909278094769 -0.007245316170156002 
-0.009981680661439896 0.00385982939042151 -0.0005983677110634744 
0.004803629592061043 -0.007578316610306501 -0.01219567097723484 
-0.00475801108404994 0.0063296714797616 -0.01172556914389133 
-0.01241082884371281 0.006381775252521038 -0.007631808985024691 
0.004522192757576704 -0.005802905652672052 -0.003310122760012746 
0.001686154864728451 -0.005040237680077553 -0.01206856593489647 
-0.002280979417264462 0.005609645508229733 -0.007652194704860449 
0.003529444336891174 -0.008474656380712986 -0.005300497636198997 
0.003384057199582458 -0.0006168339750729501 -0.01425000093877316 
0.00197793054394424 -0.002707860199734569 -0.01145000010728836 
0.001574787544086576 -0.006454841233789921 -0.00624999962747097 
-0.008648978546261787 0.005844372324645519 0.0007009358378127217 
0.003849093336611986 0.002462789183482528 -0.01145000010728836 
-0.004728570114821196 -0.003575321286916733 -0.01416236441582441 
0.001524813240393996 -0.008514015935361385 -0.01202214136719704 
-0.01365697849541903 -0.0005230232491157949 -0.009090019389986992 
-0.01298786699771881 -0.001171280862763524 -0.01174389105290174 
-0.009277964010834694 -0.002249679528176785 -0.006110727787017822 
0.00224019680172205 -0.008577702566981316 -0.01424999907612801 
-0.008515900000929832 0.00635611405596137 0.002485456643626094 
-0.008805249817669392 0.004846352618187666 -0.01424999907612801 
-0.01119357254356146 0.004340074490755796 0.0008787199622020125 
-0.01199364569038153 -0.001460282015614212 -0.002146737650036812 
-0.01045781373977661 -0.00190671905875206 -0.003846145235002041 
0.005516428966075182 -0.002192518673837185 -0.002749999985098839 
-0.01403987966477871 0.002476452384144068 -0.01083413884043694 
-0.01028842851519585 0.007937259040772915 -0.001110411947593093 
0.004013704601675272 0.001099846791476011 -0.01424999907612801 
-0.004166771657764912 -0.001400650478899479 -0.00270147668197751 
-0.01140374690294266 0.008261460810899734 -0.01206397544592619 
-0.008756884373724461 0.007492067757993937 -0.01302163116633892 
0.003081883303821087 0.003411152632907033 -0.006052354816347361 
-0.01340473257005215 0.003375188447535038 -0.01200868561863899 
-0.01092906575649977 -0.001304339617490768 -0.008651398122310638 
-0.0140879712998867 0.001018534298054874 -0.01201284769922495 
-0.005491816438734531 0.006542975082993507 -0.006603121757507324 
0.004621030762791634 -0.007806172128766775 -0.005386068485677242 
-0.002224854659289122 -0.003100698115304112 -0.002749999985098839 
-0.0001254817616427317 0.002829094650223851 -0.007089653983712196 
-0.01036497298628092 0.0009404512238688767 -0.009975679218769073 
0.0006910677184350789 -0.008271661587059498 -0.01257180236279964 
-0.008025653660297394 0.00727951293811202 -0.002825555391609669 
-0.00245097721926868 -0.004328165668994188 -0.002749999985098839 
-0.006306713446974754 0.006779849994927645 -0.005308603867888451 
-0.009301140904426575 0.007088687736541033 -0.007874784059822559 
-0.001272376510314643 0.0007382893236353993 -0.01151046343147755 
-0.0006486009224317968 -0.007882244884967804 -0.01229875534772873 
-0.009716496802866459 -0.0002006061840802431 -0.002036044141277671 
-0.01084641180932522 0.00554287526756525 0.0008725970983505249 
-0.008418278768658638 0.0007368986844085157 -0.001737203332595527 
-0.001885482342913747 0.002596644684672356 -0.01425000000745058 
0.004017674829810858 -0.0001066002296283841 -0.006250000093132257 
-0.01174891740083694 0.0004888689145445824 -0.01073376834392548 
0.002293597906827927 -0.00119406112935394 -0.006250000093132257 
-0.005060839466750622 0.001306251622736454 -0.001808342523872852 
-0.01049626804888248 0.0008258605957962573 0.000386785133741796 
-0.003039542585611343 -0.003299377392977476 -0.002749999985098839 
-0.006013160105794668 0.003507243935018778 -0.01425000000745058 
0.004483855329453945 -0.005184491164982319 -0.006027344614267349 
-0.001224673469550908 0.005302597302943468 -0.01137859839946032 
-0.004958904348313808 0.00638806726783514 -0.01279900502413511 
0.005705667193979025 -0.002274686936289072 -0.01145000010728836 
-0.0119594894349575 0.002069040201604366 0.0006165425293147564 
-0.0004762554308399558 0.00399830611422658 -0.009103422984480858 
-0.009566504508256912 -0.001580335665494204 0.0008587012998759747 
-0.001248061773367226 -0.00355280633084476 -0.01115167886018753 
-0.001989591866731644 -0.005632774904370308 -0.004873358178883791 
0.0007194203790277243 0.0047195078805089 -0.01404884271323681 
0.001340577146038413 -0.0006018728017807007 -0.01342380326241255 
-0.01272153109312057 0.0002213235129602253 -0.0009148423559963703 
-0.002252434380352497 -0.003684708150103688 -0.01424999907612801 
0.004105652216821909 -0.004528742283582687 -0.004471389576792717 
-0.006136583629995584 -0.0006254600011743605 -0.01425000000745058 
-0.01006521284580231 0.0009003583109006286 -0.00182767934165895 
0.003881385549902916 -0.006812894251197577 -0.01164200808852911 
-0.006330331321805716 -0.003106500487774611 -0.004263008944690228 
0.001847059233114123 -0.007105921395123005 -0.01425000000745058 
-0.0009041560697369277 -0.00124418328050524 -0.006744351703673601 
0.002804310526698828 -0.003430637530982494 -0.002749999985098839 
-0.0002102810685755685 0.003707876894623041 -0.01425000093877316 
-0.0004375569405965507 -0.002549625700339675 -0.01425000000745058 
-0.001525251660495996 0.004661067854613066 -0.01425000000745058 
-0.01213191449642181 0.004565385635942221 -0.009631849825382233 
0.002506926655769348 -0.004012593533843756 -0.01145000010728836 
0.00369526888243854 -0.006920938845723867 -0.005313023459166288 
-0.004297572188079357 -0.003737634280696511 -0.009082445874810219 
-0.01005099900066853 -0.0006164572550915182 -0.01425000000745058 
-0.007042222656309605 -0.002724698279052973 -0.01425000000745058 
-0.009757829830050468 0.003538439050316811 0.0003148482064716518 
0.00301317498087883 -0.008615165948867798 -0.01346620917320251 
0.001774052856490016 -0.003515807446092367 -0.002749999985098839 
0.001188747934065759 -0.007788291200995445 -0.002749999985098839 
0.001175496960058808 -0.0009682893287390471 -0.01425000000745058 
-0.003290129825472832 0.005902985576540232 -0.002481525763869286 
-0.005324555095285177 0.004610790871083736 0.0008920247782953084 
-0.002207618905231357 -0.005067252553999424 -0.006890324410051107 
-0.00722962012514472 -0.001055564964190125 0.001297451090067625 
-0.01321284100413322 0.005062548443675041 -0.01131647359579802 
-0.002235614461824298 -0.002920993836596608 -0.007706540171056986 
-0.0133679062128067 0.003769566537812352 -0.01182829774916172 
-0.0007820413447916508 -0.00171844894066453 -0.002749999985098839 
-0.001933592488057911 -0.003371103666722775 -0.0106042418628931 
0.003331504995003343 -0.00184083660133183 -0.002749999985098839 
-0.0002974121307488531 -0.00798432994633913 -0.01398454234004021 
-0.006377564743161201 -0.002873113146051764 -0.001696646912023425 
-0.01106550823897123 0.003689938224852085 -0.002568003255873919 
-0.003565836930647492 -0.0002841886598616838 -0.00273037189617753 
-0.007010437548160553 0.001882814802229404 0.00192237482406199 
-0.001988406525924802 0.005180200096219778 -0.01424999907612801 
0.003729047253727913 -0.001170662115328014 -0.01425000000745058 
-0.006504366640001535 0.005378748290240765 -0.0009416242246516049 
-0.004834895022213459 0.005576645955443382 0.0004027471877634525 
0.006095587275922298 -0.002459181938320398 -0.01171634905040264 
-0.006680906284600496 0.006888620555400848 -0.001947444048710167 
-0.0001915781904244795 -0.004204134922474623 -0.002750000217929482 
-0.007312185131013393 0.00707212183624506 -0.005449262447655201 
0.006049738265573978 -0.003766115987673402 -0.006126615218818188 
0.00563281774520874 -0.005700131878256798 -0.01195068936794996 
-0.009618944488465786 -0.000796272826846689 -0.01425000000745058 
-0.01222018711268902 0.005598223302513361 -0.007171366829425097 
-0.001422348665073514 0.005360057577490807 -0.01291978172957897 
-0.01274523045867682 0.002389163244515657 -0.008775116875767708 
-0.01228218711912632 0.00785423256456852 -0.008141237311065197 
-0.003418128006160259 0.005940192379057407 -0.01367839146405458 
-0.0115217687562108 0.004409630782902241 -0.00651942566037178 
-0.01272132713347673 0.001956690102815628 -0.00849047489464283 
-0.00632488215342164 0.002318654907867312 0.001417028252035379 
0.005458355881273746 -0.004218590445816517 -0.006250000093132257 
-0.0002835108316503465 0.003590293461456895 -0.002749999985098839 
0.001283679157495499 -0.0007063040975481272 -0.005594377405941486 
-0.01066871453076601 0.007146277464926243 0.0001397795276716352 
-0.0009524154011160135 0.001117586507461965 -0.01370085775852203 
-0.006646672729402781 0.003605554578825831 -0.01425000000745058 
-0.00136292353272438 -0.006287515163421631 -0.01424999907612801 
0.00447032181546092 -0.006075202487409115 -0.01425000000745058 
-0.009781602770090103 0.0002325106179341674 0.000886225956492126 
-0.001769866794347763 -0.005974498111754656 -0.01148677803575993 
-0.00338390190154314 0.005930243991315365 -0.004637492820620537 
-0.0004355102719273418 -0.004289671313017607 -0.002749999985098839 
0.003208261448889971 0.003317780327051878 -0.004564004018902779 
-0.009457790292799473 -0.002197407186031342 -0.01309067383408546 
-0.00602931622415781 0.006699215620756149 0.001925457268953323 
-0.004971457179635763 0.0005894690984860063 -0.002081221900880337 
-0.01010763738304377 -0.00200850865803659 -0.00998048298060894 
0.0004855933366343379 0.004803996998816729 -0.006239865440875292 
0.004445242695510387 0.002034352160990238 -0.01425000093877316 
-0.005606926511973143 0.002422312973067164 -9.890609362628311e-05 
-0.004852327518165112 -0.0007688888581469655 -0.002410035813227296 
-0.004460852593183517 0.005920355208218098 -0.0006262431852519512 
-0.01207689940929413 0.00181921198964119 -0.007884666323661804 
-0.007391099818050861 0.004373528063297272 -0.01425000000745058 
0.005200677551329136 0.000882138789165765 -0.002917301608249545 
-0.000777337874751538 0.00517256511375308 -0.01247631199657917 
-0.001564581994898617 0.0002985043684020638 -0.008985894732177258 
-0.01244360860437155 0.0009072368848137558 -0.007949864491820335 
0.00608878256753087 -0.003385577816516161 -0.01395076978951693 
0.003554363735020161 0.0008873211918398738 -0.01425000093877316 
0.006078971084207296 -0.002224026247859001 -0.01269092783331871 
-0.01012831274420023 0.006356403231620789 -0.003327167127281427 
-0.01080205850303173 -0.001806653919629753 -0.01146161649376154 
0.005963253788650036 -0.003267798572778702 -0.006250000093132257 
0.004587383009493351 -0.00057915662182495 -0.01425000000745058 
0.002457675989717245 -0.004226286895573139 -0.004648477304726839 
-0.001651814323849976 -0.006232710555195808 -0.004148215055465698 
-0.003354141255840659 0.0039465157315135 -0.01424999907612801 
-0.0005085820448584855 -0.001403530244715512 -0.00624427106231451 
-0.01191061548888683 0.004429528024047613 -0.0133890463039279 
0.005511381663382053 0.0001790705136954784 -0.01283439621329308 
-0.01042051520198584 0.005052081774920225 -0.007766605820506811 
0.001274980953894556 -0.005321952048689127 -0.01425000000745058 
0.002260990906506777 0.003424132009968162 -0.01424999907612801 
-0.009443620219826698 0.0007135458290576935 0.0009240747313015163 
-0.004095033742487431 0.006136956624686718 -0.0127105787396431 
-0.01364204101264477 -0.0004570762976072729 -0.009389549493789673 
-0.002457560738548636 0.003449506359174848 -0.01425000093877316 
-0.01287969388067722 0.006193051114678383 -0.01132697984576225 
-0.00121254799887538 -0.00709052849560976 -0.01425000000745058 
0.005711562931537628 -0.005429232493042946 -0.003962091635912657 
0.001185932895168662 -0.004526490345597267 -0.01425000000745058 
-0.01125791110098362 -0.0005667216028086841 -0.0006489818915724754 
-0.002290256787091494 -0.001690629636868834 -0.01424999907612801 
0.00192672573029995 -0.006509360391646624 -0.01251768413931131 
0.0007295585237443447 0.002577698789536953 -0.01124162040650845 
-0.006690517067909241 -4.409527173265815e-05 0.0009122599149122834 
0.002960936166346073 0.001228918554261327 -0.01145000010728836 
0.002850748365744948 -0.007035328075289726 -0.005216633435338736 
-0.0006735128699801862 0.002341910032555461 -0.007672438398003578 
0.004563411697745323 0.001879889285191894 -0.005013993941247463 
-0.00832950696349144 0.001152848592028022 -0.01425000000745058 
-0.01314000319689512 0.003963109571486712 -0.01222621370106936 
0.006070198491215706 -0.00209987536072731 -0.0118478937074542 
-0.01032008044421673 0.002974521135911345 0.002166580408811569 
-0.001525016268715262 -0.005961225833743811 -0.01132084801793098 
-0.01313057728111744 0.0003176137106493115 -0.01337084174156189 
-0.008697515353560448 0.003183356951922178 -0.002042792038992047 
-0.005309807136654854 0.003562201512977481 1.960148802027106e-05 
-0.000994579866528511 -0.001104947761632502 -0.01174842100590467 
-0.005129208322614431 0.005707724019885063 0.001086140633560717 
-0.008771401830017567 0.007496287580579519 -0.005736704915761948 
-0.00790815893560648 0.007245359942317009 -0.01316797733306885 
-0.0003726539434865117 0.002021636581048369 -0.01059542596340179 
0.002607068512588739 0.003404264803975821 -0.01425000093877316 
-0.004410111345350742 0.006228543817996979 -0.00780899403616786 
-0.002635960001498461 -0.004820710048079491 -0.007007884327322245 
0.002760077826678753 0.001682956703007221 -0.01145000010728836 
0.004727029707282782 0.00125275191385299 -0.01145000010728836 
0.001373845618218184 0.004468248691409826 -0.005294247530400753 
-0.00479535199701786 -0.003552689682692289 -0.008050431497395039 
-0.0008830063743516803 -0.005627643782645464 -0.01425000093877316 
-0.009074215777218342 -0.002308905124664307 -0.00921405665576458 
-0.0008694609277881682 0.001191821647807956 -0.01185681950300932 
-0.0066004553809762 -0.003027980215847492 -0.006339088082313538 
-0.01281387638300657 -0.001221856218762696 -0.006765821017324924 
-0.007570072077214718 0.002690101508051157 -0.001482791732996702 
-0.01337090320885181 0.004714976530522108 -0.008589400909841061 
-0.006202403921633959 -0.003143686568364501 -0.007361069321632385 
-0.004229609854519367 0.006176074966788292 -0.005140546709299088 
-0.005147791467607021 -0.003450242336839437 -0.01243208907544613 
0.004572370089590549 0.001866477890871465 -0.01159701123833656 
-0.004633782897144556 0.00629356037825346 -0.0005548206972889602 
0.0001218123361468315 -0.006588150281459093 -0.01425000000745058 
-0.008327576331794262 0.007367276586592197 -0.007952909916639328 
-0.00262034498155117 -0.004861140623688698 -0.01241937000304461 
-0.01015703473240137 -0.001994149992242455 -0.008646401576697826 
-0.00997545663267374 0.005993158556520939 -0.01070063561201096 
-0.008085120469331741 0.005115626379847527 -0.01425000093877316 
-0.01099879946559668 0.006604104768484831 -0.00659119663760066 
-0.01036764122545719 0.0004516681656241417 -0.01425000000745058 
0.002046550391241908 -0.001232486451044679 -0.01425000000745058 
0.005675490945577621 -0.002861906308680773 -0.006250000558793545 
-0.003985680174082518 0.00610516918823123 -0.0126119451597333 
-0.01271860115230083 0.006182644050568342 -0.008036542683839798 
-0.01146950386464596 0.006522036157548428 -0.008598597720265388 
-0.01022827066481113 0.0007104226388037205 -0.009350736625492573 
0.001632295083254576 -0.005143886897712946 -0.004304876551032066 
-0.01408072933554649 0.002611435484141111 -0.009707723744213581 
-0.005778888240456581 -0.003266794607043266 -0.007454993668943644 
-0.004426890984177589 -0.0009033330716192722 -0.01425000000745058 
0.001611879328265786 0.004335036035627127 -0.01369276735931635 
-0.009664863348007202 0.002611057832837105 0.002463155891746283 
0.003894292982295156 0.002665229607373476 -0.01375731267035007 
-0.00727479625493288 0.006280460394918919 -0.01425000000745058 
-0.007605833932757378 0.007157479412853718 -0.01318587083369493 
0.002604089910164475 -0.0009774591308087111 -0.01145000010728836 
-0.0078195845708251 -0.002673602662980556 -0.00274022831581533 
-0.01258577685803175 0.005134208127856255 -0.01250472851097584 
-0.008449031971395016 -0.0008421717211604118 -0.01425000093877316 
-0.004262892063707113 0.005454765632748604 -0.001320540555752814 
-0.001669271267019212 0.00543183321133256 -0.009535267949104309 
-0.008330798707902431 0.007368212565779686 -0.01183830387890339 
-0.004799935966730118 0.006341858301311731 -0.01149951945990324 
0.001683485810644925 0.004299848806113005 -0.01363123767077923 
-0.006830212660133839 -0.002245053648948669 -0.01425000000745058 
0.001698586624115705 -0.002536885440349579 -0.01145000010728836 
-0.009865974076092243 -0.002078755991533399 -0.003269855864346027 
-0.002440326847136021 -0.003317321417853236 -0.009764795191586018 
-0.01065006572753191 0.0004689634079113603 0.0003148506511934102 
-0.002467276528477669 -0.004996825009584427 -0.005408149678260088 
0.001422587665729225 -0.000451349769718945 -0.004800860770046711 
-0.0005926331505179405 -0.001916859764605761 -0.002749999985098839 
-0.01221594493836164 -0.0001992420293390751 0.001303963596001267 
0.00136379455216229 -0.0005592595553025603 -0.01382966991513968 
-0.0002194592671003193 0.001780179678462446 -0.002749999985098839 
-0.009747973643243313 0.001427731476724148 -0.001932867569848895 
0.004589843563735485 -0.007378502283245325 -0.002749999985098839 
-0.006581541616469622 -0.001066922792233527 -0.01425000000745058 
-0.009500105865299702 0.004620989318937063 -0.008229715749621391 
0.006010811775922775 -0.001496870652772486 -0.0115655567497015 
-0.002259383210912347 0.00560336746275425 -0.00838186964392662 
-0.006676660850644112 -0.003005828941240907 -0.004192968364804983 
-0.007408105302602053 0.003881760640069842 -0.001675593666732311 
0.004704680293798447 -0.002770541235804558 -0.01144999917596579 
0.0006673172465525568 0.001329287420958281 -0.002759331371635199 
-0.009705290198326111 0.004749423824250698 0.002218509558588266 
-0.009336236864328384 0.003226352157071233 -0.001861591241322458 
0.00476472545415163 -0.005177723243832588 -0.006250000093132257 
0.0004878821200691164 0.004686749074608088 -0.002749999985098839 
0.0002912537602242082 0.001899801078252494 -0.006571176927536726 
0.003944314550608397 -0.00437615904957056 -0.01203053072094917 
-0.01129674166440964 0.00760937575250864 -0.009107870049774647 
-0.004338510800153017 0.006207730621099472 -0.01035214494913816 
0.006057083141058683 -0.001914267428219318 -0.004961388185620308 
-0.01107734441757202 0.008166581392288208 -0.01004839222878218 
0.003516302676871419 -0.008479778654873371 -0.005630539264529943 
0.0003985605435445905 0.002480132970958948 -0.01109537202864885 
0.0008617229759693146 -0.007712723687291145 -0.006250000093132257 
-0.008870498277246952 -0.00236812187358737 -0.009218063205480576 
-0.0005454003112390637 0.001470058457925916 -0.01058348268270493 
-0.008243981748819351 -0.002550238277763128 -0.01304266508668661 
-0.006008901633322239 -0.003199934028089046 -0.009797951206564903 
-0.01086919847875834 0.004778477363288403 -0.01069609448313713 
-0.005646291188895702 0.006587877869606018 -0.007665103301405907 
-0.007881946861743927 -0.002655475167557597 -0.002770748222246766 
-0.006881033536046743 0.006946793757379055 0.001498403493314981 
0.006039411295205355 -0.003866766113787889 -0.006122707389295101 
-0.00716913677752018 -0.002403522841632366 0.0004531567683443427 
-0.0004649521724786609 0.001674816012382507 -0.002749999985098839 
-0.005125978961586952 0.00467746565118432 0.0005056198569945991 
0.001637784298509359 -0.00513332337141037 -0.006071715150028467 
-0.002777365734800696 -0.004353247117251158 -0.009694867767393589 
-0.01104975026100874 0.003328525926917791 -0.002933613490313292 
-0.0005723190843127668 -0.001374186482280493 -0.0133407162502408 
-0.01485094055533409 -7.59107933845371e-05 -0.01032985467463732 
-0.01239773072302341 0.008079341612756252 -0.008621539920568466 
-0.006254163570702076 0.006512928754091263 0.002257815795019269 
-0.004439047072082758 -0.003684354946017265 -0.01145470514893532 
-0.003681634552776814 -0.002104999497532845 -0.002749999985098839 
-0.000763751391787082 -0.006834429688751698 -0.01425000000745058 
-0.004642792977392673 0.006296179722994566 -0.008071792311966419 
0.001632175408303738 -0.005925319157540798 -0.0134663125500083 
-0.004054216202348471 0.003272672649472952 -0.01425000000745058 
-0.004479339811950922 0.002914291573688388 -0.001933426829054952 
-0.007499534636735916 0.007126579992473125 0.001837501651607454 
0.0002066640881821513 -0.003331559710204601 -0.002749999985098839 
-0.0144949359819293 0.001174140139482915 -0.009225906804203987 
-0.01199629344046116 0.004238906782120466 -0.01009810436517 
-0.006280905101448298 -0.00312086776830256 -0.005985117983072996 
-0.007716849446296692 0.007189749740064144 -0.007235019933432341 
0.001910199876874685 0.001745381392538548 -0.006250000093132257 
0.004136619158089161 -0.001871802029199898 -0.01145000010728836 
-0.01244918536394835 0.00123763526789844 -0.006522784009575844 
-0.007158450782299042 -0.001635062275454402 0.0009208559058606625 
-0.01019819267094135 0.007172976154834032 -0.005975519306957722 
-0.01252304017543793 -0.001306397025473416 -0.006475096102803946 
-0.008975120261311531 0.007555505260825157 -0.0008249212987720966 
-0.009484514594078064 0.007703576236963272 -0.0002096902899211273 
-0.002144162543118 -0.00415367353707552 -0.01062401290982962 
-0.008488886989653111 -0.002479048911482096 -0.006549213547259569 
-0.005662573501467705 -0.001945864642038941 -0.002110559027642012 
-0.01237072888761759 0.008494168519973755 -0.009613009169697762 
-0.007910827174782753 0.007246134802699089 0.001800086349248886 
-0.00842964556068182 -0.001113508944399655 1.223308208864182e-05 
-0.0005678809247910976 0.003733641933649778 -0.008714386261999607 
-0.0002540838613640517 -0.00513141043484211 -0.01145000010728836 
-0.00164634408429265 0.005425168666988611 -0.00307300710119307 
-0.006720041856169701 0.005144859198480844 0.0001733189128572121 
-0.003080791560932994 -0.003589428262785077 -0.002749999985098839 
0.0005934654618613422 -0.00499652186408639 -0.002749999985098839 
-0.003752168267965317 0.0006570464465767145 -0.01424999907612801 
-0.001308681326918304 -0.0006898546125739813 -0.01366077642887831 
-0.001395155792124569 -0.003903661854565144 -0.006570739671587944 
-0.008471261709928513 -0.002484172116965055 -0.01109910570085049 
0.006102619227021933 -0.002558697946369648 -0.0115691814571619 
-0.006615866906940937 0.0007629243191331625 -0.01425000000745058 
-0.01101741753518581 -0.001744053210131824 -0.01345926243811846 
-0.0002586617483757436 -0.00448140362277627 -0.002749999985098839 
-0.01433684024959803 0.0007712194928899407 -0.00813225656747818 
-0.001483042724430561 2.062381827272475e-05 -0.01064546220004559 
0.002449953928589821 0.002653191797435284 -0.01145000103861094 
-0.001763250445947051 -0.003731049364432693 -0.01425000000745058 
-0.009758735075592995 0.0008599929278716445 -0.01425000000745058 
-0.01157504878938198 0.004053623881191015 6.289569864748046e-05 
0.0006508580408990383 0.001340564107522368 -0.003825048916041851 
-0.002459034323692322 0.005661402363330126 -0.009115776978433132 
0.004521062597632408 -0.005302198696881533 -0.003491204231977463 
-0.01070318184792995 -0.001835395698435605 -0.01050871796905994 
-0.009652042761445045 0.002743010874837637 -0.009078750386834145 
-0.0137681420892477 0.003665715688839555 -0.01029467955231667 
-0.007726826705038548 0.001643026480451226 -0.001270656706765294 
-0.002880551153793931 -0.004611306358128786 -0.004241450224071741 
0.002363085048273206 -0.003317248541861773 -0.002749999985098839 
-0.007442474365234375 0.002693712245672941 0.002295594662427902 
-0.0003089956007897854 0.002461567055433989 -0.007169804070144892 
-0.006971091497689486 -0.0004304066533222795 0.001176738063804805 
-0.00570005364716053 0.002163724973797798 -3.671404920169152e-05 
0.0005331706488505006 0.004085853695869446 -0.01087150722742081 
0.00171458616387099 -0.002346105640754104 -0.002749999985098839 
-0.007194042671471834 0.002870977390557528 -0.0007519730133935809 
0.00331148412078619 -0.002114829607307911 -0.006250000093132257 
3.043445758521557e-05 -0.008079627528786659 -0.003057925030589104 
-0.006005363538861275 0.006692253053188324 -0.0140156839042902 
0.004550687503069639 -0.0003003141318913549 -0.01425000000745058 
-0.007574304938316345 0.007148315198719501 -0.004923666827380657 
0.006069210357964039 -0.003576334565877914 -0.004974913317710161 
-0.001523158047348261 -0.006559406407177448 -0.003367317840456963 
-0.009543789550662041 0.007720806635916233 -0.003442680463194847 
0.001953530125319958 -0.003363035852089524 -0.01145000010728836 
-0.01482066605240107 6.590643897652626e-05 -0.009609343484044075 
0.005190937779843807 -0.002980880439281464 -0.00624999962747097 
-0.008022576570510864 -0.002614596858620644 -0.004601891618221998 
-0.01160983741283417 0.003625381272286177 0.0003618595364969224 
-0.005566706415265799 0.00656474381685257 -0.002270403783768415 
0.004395104944705963 -0.006208257284015417 -0.01340165734291077 
0.003263450227677822 0.001609067083336413 -0.00624999962747097 
0.00118251342792064 0.004552204627543688 -0.004466931335628033 
0.002241828246042132 -0.001654042629525065 -0.00624999962747097 
-0.007317623123526573 -0.002819513436406851 -0.01149825192987919 
-0.007305430248379707 0.004167770966887474 0.002429934684187174 
0.001896844012662768 -0.006473802030086517 -0.004814562853425741 
-0.012946424074471 0.001974009443074465 -0.009336189366877079 
0.005776814185082912 -0.0005542804719880223 -0.005196943413466215 
0.005487821064889431 -0.006198948249220848 -0.005782872904092073 
-0.008536089211702347 0.007192808203399181 -0.009959234856069088 
-0.001529001863673329 -0.003669813275337219 -0.01099873799830675 
-0.006119250319898129 0.006725357845425606 -0.01250366494059563 
-0.001474156510084867 0.000267475435975939 -0.007776961196213961 
-0.01173178106546402 -0.001536401105113328 -0.0006283128750510514 
-0.00304970913566649 0.005833100527524948 -0.01386081054806709 
-0.000186727600521408 0.003435592399910092 -0.002749999985098839 
-0.01067615672945976 -0.0006448678905144334 -0.008888928219676018 
-0.01004355121403933 -0.002027137670665979 0.0009477435960434377 
0.005943914875388145 -0.001227395609021187 -0.01423540897667408 
-0.006198904477059841 -0.003144703805446625 -0.004872662946581841 
-0.008671627379953861 -0.002425929997116327 -0.008277712389826775 
-0.001156415557488799 0.0009398051188327372 -0.01246498338878155 
-0.004098029807209969 0.006137827411293983 -0.001300252159126103 
-0.009763112291693687 0.007784559391438961 -0.007228031754493713 
-0.008696316741406918 -0.002353634452447295 -0.0004406365915201604 
-0.01235563401132822 -0.001306020771153271 -0.003195843193680048 
-0.007877480238676071 0.003455772064626217 -0.001897305017337203 
-0.003898248076438904 0.001297913026064634 -0.01424999907612801 
-0.009839436039328575 0.002903360174968839 0.0004628705210052431 
0.003791823983192444 -0.004296919330954552 -0.01357924100011587 
-0.01185786817222834 0.00298933032900095 -0.01372612547129393 
-0.01275209710001945 -0.0009768785675987601 0.0008465279242955148 
-0.01117485389113426 0.00278093945235014 -0.004990078508853912 
0.005912451539188623 -0.001460656523704529 -0.01425000000745058 
0.001660099253058434 -0.002864246489480138 -0.01425000000745058 
0.0005691637052223086 0.00137260218616575 -0.01418908778578043 
0.005723943468183279 -0.0003413074009586126 -0.01182257104665041 
-0.002321574371308088 -0.00516169611364603 -0.005931094754487276 
-0.010243970900774 0.007148707285523415 -0.01388715393841267 
-0.01385913416743279 0.00259288726374507 -0.008241888135671616 
0.0009159547626040876 -0.003725792281329632 -0.01425000093877316 
-0.00660577230155468 -0.003026434686034918 -0.003677502274513245 
-0.000302474043564871 0.001436925027519464 -0.013827552087605 
-0.0060604028403759 -0.003184963716194034 -0.007880576886236668 
-0.01150424405932426 0.005093787331134081 -0.006632679607719183 
-0.01208213809877634 0.005176478531211615 -0.007008591666817665 
-0.01107774488627911 -0.001216653967276216 -0.008401099592447281 
-0.01035012863576412 0.007236774079501629 0.0008822600357234478 
-0.002137486590072513 0.005567934364080429 -0.008706619963049889 
-0.007254589814692736 0.005269352812319994 0.0007225556764751673 
0.003739177016541362 -0.004269561730325222 -0.004434030503034592 
-0.001187295536510646 -0.007725657429546118 -0.01270820200443268 
-0.007274387404322624 0.006364977918565273 -0.001975366612896323 
-0.002650138456374407 0.003006254089996219 -0.002721656346693635 
-0.01453739311546087 0.000545305316336453 -0.008417627774178982 
-0.002206237986683846 0.005587919149547815 -0.003060324117541313 
-0.001175428042188287 -0.004443055018782616 -0.006408622954040766 
-0.01243521645665169 0.008272318169474602 -0.009316334500908852 
-0.001632414758205414 -0.002830861136317253 -0.006955934688448906 
-0.008137848228216171 0.007312125992029905 -0.008733621798455715 
-0.01457595638930798 0.0007695506792515516 -0.01054301951080561 
-0.009150945581495762 -0.002286601345986128 -0.003051704727113247 
-0.007521428167819977 -0.002760271308943629 -0.01355308759957552 
0.004582345485687256 -0.002504432573914528 -0.006250000093132257 
-0.01084056217223406 0.004462169483304024 -0.005667453166097403 
0.004436124581843615 -0.007957233116030693 -0.01388072781264782 
-0.002464806661009789 0.005663080140948296 -0.01210633572191 
-0.01213354710489511 0.004777321591973305 -0.009326566010713577 
0.003610869869589806 -0.007479913998395205 -0.00624999962747097 
0.002631989307701588 0.003743548411875963 -0.01271359529346228 
-0.010635020211339 0.002989216009154916 0.001935816369950771 
0.004916712641716003 -0.002501207869499922 -0.01425000000745058 
-0.01245561800897121 0.005876991432160139 -0.0123974122107029 
0.004767200909554958 -0.007623773533850908 -0.004129583016037941 
0.001793754287064075 -0.0006865063332952559 -0.002749999985098839 
-0.01392629183828831 -0.0008984983433037996 -0.01273653469979763 
-0.001263849204406142 0.004407864529639482 -0.01425000000745058 
-0.01212748978286982 0.0008443857077509165 0.001031110296025872 
0.003715074621140957 0.002853152574971318 -0.003937113098800182 
-0.01204098761081696 -0.0001725502079352736 -0.003100818255916238 
-0.01187174022197723 0.001625667209737003 -0.00606358889490366 
-0.001809958252124488 -0.005185041576623917 -0.01425000000745058 
-0.009300196543335915 0.007649998646229506 -0.00564993591979146 
-0.006974061951041222 -0.00248906621709466 -0.0003410744830034673 
-0.002553602680563927 -0.00492785545065999 -0.01338253542780876 
-0.01123690884560347 0.005162186454981565 0.0001789463276509196 
-0.006731622386723757 -0.001177132595330477 0.0001725865295156837 
-0.01450279168784618 0.001028234837576747 -0.01052821706980467 
-0.006702974438667297 0.004861091263592243 -0.001143584144301713 
-0.009662095457315445 0.004821357782930136 0.002226745244115591 
-0.005474593956023455 0.006537968292832375 -0.003907456528395414 
-0.01462864875793457 0.0007264857413247228 -0.009256104007363319 
-0.002449095714837313 0.005658513400703669 -0.005647633224725723 
-0.00811440497636795 0.0004639193648472428 -0.001335088862106204 
-0.009848412126302719 0.001420828513801098 0.0007563764811493456 
-0.009742433205246925 -0.002114666858687997 -0.00277580157853663 
-0.01132795959711075 0.0006591313285753131 -0.01066281646490097 
0.00176213844679296 -0.007436403073370457 -0.002749999985098839 
-0.000614491174928844 0.005125228315591812 -0.005764626432210207 
-0.007097903173416853 0.00309156347066164 -0.0005974004743620753 
-0.001534951734356582 -0.0005854408373124897 -0.007665047887712717 
-0.009352168068289757 -0.002228109631687403 -0.008321277797222137 
-0.00944144744426012 0.004438996315002441 -0.008390041999518871 
0.004818178247660398 -0.00753175001591444 -0.01145000010728836 
-0.003849590430036187 0.004360352177172899 -0.01425000000745058 
-0.01279092207551003 -0.0005931197665631771 -0.00636987155303359 
-0.00996426772326231 -0.002050183713436127 -0.01337150484323502 
0.003703511320054531 -0.007728571072220802 -0.01425000000745058 
-0.005415456835180521 -0.00337243708781898 -0.01408692635595798 
-0.01235595718026161 0.001074784435331821 -0.001513421535491943 
0.0001934333704411983 0.002591548021882772 -0.01425000093877316 
-0.003571676556020975 -0.004118534736335278 -0.003577306633815169 
-0.01053184270858765 -0.001885200617834926 -0.009304273873567581 
0.002059126039966941 0.001115923165343702 -0.002749999985098839 
0.003049255814403296 -0.001813963521271944 -0.01425000093877316 
-0.01275764591991901 -0.0002799007052090019 0.0003305836289655417 
-0.005772358737885952 -0.003268692642450333 -0.01039265468716621 
0.00517272250726819 0.0009453953825868666 -0.003048020880669355 
-0.0007348748040385544 -0.002608108334243298 -0.002749999985098839 
-0.008673666045069695 0.007467878051102161 0.0005937156965956092 
0.001344610820524395 0.001204152940772474 -0.002749999985098839 
-0.009863537736237049 -0.00119434914086014 0.002578395418822765 
-0.0004153959453105927 0.005067355930805206 -0.01303226128220558 
-0.01235061045736074 -0.001288739498704672 -0.004620156716555357 
-0.006419238168746233 0.005486349575221539 -0.0004316766280680895 
0.001599760027602315 -0.005445865914225578 -0.006168747786432505 
0.003581988392397761 -0.004187880083918571 -0.00442313589155674 
-0.00574814947322011 0.006617485545575619 -0.005380756687372923 
-0.01174780260771513 0.007905900478363037 -0.01254514325410128 
-0.01379937864840031 0.001603034557774663 -0.01227051299065351 
0.001259489683434367 -0.0007507017580792308 -0.006060325540602207 
-0.01080368459224701 0.006787816993892193 -0.000181737617822364 
-0.01092707645148039 -0.0005923565477132797 0.002340819220989943 
-0.004960984922945499 -0.00350454356521368 -0.01252525392919779 
0.004499976057559252 0.0001103224931284785 -0.006250000093132257 
-0.002337589394301176 -0.004495727829635143 -0.01425000000745058 
0.004360989667475224 -0.006273908540606499 -0.01167572475969791 
-0.006231460720300674 0.0004232812207192183 5.155872349860147e-05 
-0.0120775168761611 0.004617228638380766 -0.00982170831412077 
-0.008868763223290443 -0.002368626417592168 -0.01142601575702429 
-0.006493914872407913 0.004776034969836473 -0.01425000000745058 
-0.009581264108419418 0.007731699384748936 -0.006876365747302771 
-0.007421139627695084 -0.002789423335343599 -0.008960084989666939 
-0.01345796603709459 -0.001034631859511137 -0.01149204932153225 
-0.01053924672305584 -0.001883048214949667 -0.008468774147331715 
0.0003776225494220853 0.002027652692049742 -0.002749999985098839 
-0.003300809534266591 0.001564784441143274 -0.002701153745874763 
-0.0002138159470632672 0.004427808802574873 -0.01425000000745058 
0.00393874105066061 -0.001894906163215637 -0.01424999907612801 
-0.001335027627646923 -0.003082239767536521 -0.006684005260467529 
-0.01107900030910969 0.003085850272327662 -0.004300425760447979 
-0.005531911738216877 0.001935752108693123 -0.0008379485225304961 
0.006081154104322195 -0.00308490265160799 -0.006250000093132257 
-0.00689834076911211 0.006951824761927128 -0.003822604194283485 
-0.005816065240651369 0.001766996458172798 -3.432519224588759e-05 
-0.005910051986575127 0.002883196342736483 -0.01425000000745058 
-0.006356315687298775 9.982904884964228e-05 0.0001583264238433912 
-0.001314991852268577 -0.001716966973617673 -0.01424999907612801 
-0.00616577360779047 0.0003506133798509836 -0.0002699247852433473 
-0.002123153768479824 0.005563768558204174 -0.01022475957870483 
0.004777776077389717 0.001558971591293812 -0.002783852629363537 
-0.01242581009864807 1.105322735384107e-05 -0.002003518166020513 
0.0061144744977355 -0.002726469654589891 -0.003852731781080365 
0.0007671272614970803 -0.004629754461348057 -0.01425000093877316 
-0.003639033529907465 0.003831122536212206 -0.002330808900296688 
-0.01154688932001591 0.003861945355311036 -0.00792558491230011 
-0.00476273987442255 0.006331046111881733 -0.007903044112026691 
0.002864793408662081 0.003571545239537954 -0.01406886801123619 
-0.01240731682628393 -0.001340035581961274 -0.006521239876747131 
-0.001408322481438518 0.00535598024725914 -0.01157039869576693 
-0.01218842435628176 0.003696156665682793 -0.006806240882724524 
-0.01029025204479694 -0.001955426298081875 -0.01081105694174767 
-0.0006135802250355482 0.005124963819980621 -0.01179281622171402 
0.006087926216423512 -0.003393921535462141 -0.005123268812894821 
-0.01006288547068834 0.003141688415780663 4.218506364850327e-05 
-0.007086285389959812 0.007006457075476646 -0.005976423621177673 
-0.008568099699914455 0.004576441831886768 0.002545500174164772 
-0.003872296307235956 0.00607221107929945 -0.01065388042479753 
0.000860569067299366 0.004667137283831835 -0.00439060851931572 
-0.01249669678509235 0.0003226471017114818 -0.01378034986555576 
-0.00942181795835495 0.007665832061320543 0.001830124296247959 
0.004272072575986385 0.002269102027639747 -0.01262387540191412 
-0.01109161600470543 0.002862397814169526 -0.01404557842761278 
0.0003623439115472138 0.004841281101107597 -0.006544548086822033 
0.004278091713786125 0.002262791153043509 -0.003023327793926001 
-0.01283447630703449 0.002378679346293211 -0.006970541086047888 
-0.008394239470362663 0.002553910249844193 -0.01424999907612801 
0.001429526135325432 -0.002273858059197664 -0.002749999985098839 
0.002780840499326587 -0.001264840946532786 -0.01145000010728836 
-0.004157068207859993 -0.003790547605603933 -0.01011104509234428 
0.004932206124067307 0.001327780075371265 -0.01195133477449417 
-0.003191613126546144 0.00541226239874959 -0.01425000000745058 
-0.01212912611663342 -0.000526791496668011 -0.004580186679959297 
0.001017204485833645 -0.002258328953757882 -0.01425000000745058 
-0.003599407617002726 -0.004101770929992199 -0.008921802043914795 
0.0001096466148737818 0.004649166017770767 -0.01424999907612801 
-0.01153096463531256 0.001945104682818055 0.001382248941808939 
-0.007000134792178869 -0.001550625078380108 0.0007106138509698212 
-0.01412343792617321 0.002034130739048123 -0.0111624775454402 
0.005846599116921425 -0.002350070048123598 -0.002749999985098839 
-3.913228283636272e-06 0.003249012865126133 -0.01060627959668636 
-0.006479839794337749 0.005115748848766088 -0.01425000000745058 
-0.01030951552093029 0.006769244093447924 -0.007807533256709576 
-0.009696852415800095 0.007447419222444296 -0.01072816364467144 
0.005075312219560146 -0.002436642767861485 -0.01145000103861094 
-0.003687683958560228 -0.004048408009111881 -0.0044014654122293 
0.003612077794969082 -0.008442453108727932 -0.002941124606877565 
-0.004962489008903503 0.00600999454036355 0.0009622082579880953 
0.003138339146971703 -0.004106870386749506 -0.01178192254155874 
-0.01254376862198114 -0.001300371717661619 -0.001590412110090256 
-0.002359326230362058 -0.005115823820233345 -0.01280953083187342 
-0.01108279451727867 0.008168165571987629 -0.01024352014064789 
-0.01001100055873394 0.00774479890242219 -0.01069532055407763 
-0.007254259195178747 -0.002837931737303734 -0.001782907405868173 
-0.0009655459434725344 0.002341353334486485 -0.00863203126937151 
-0.009415793232619762 -0.001690242905169725 0.0008112153154797852 
-0.004789945669472218 -0.001116507686674595 -0.01425000000745058 
-0.01296370662748814 0.006454209797084332 -0.009294610470533371 
-0.005920988507568836 0.006667727138847113 -0.00914411898702383 
-0.0003639176138676703 -0.001451186253689229 -0.004684442654252052 
-0.0095143998041749 0.0008369244169443846 0.0009037051349878311 
-0.009563539177179337 0.007726547308266163 -0.01400102116167545 
-0.009662208147346973 0.005448841024190187 -0.007948958314955235 
-0.008898463100194931 -0.002359993290156126 -0.01256491057574749 
-0.005800256971269846 0.0001806820509955287 -0.01424999907612801 
0.006115684751421213 -0.003123376751318574 -0.01391848083585501 
-0.0006933381664566696 0.005148147698491812 -0.006513696163892746 
-0.0110400253906846 0.001242841244675219 -0.01064022816717625 
-0.006068896502256393 0.006710721179842949 -0.005195345263928175 
0.002316834405064583 -0.008044201880693436 -0.01145000010728836 
-0.01142752077430487 0.002742132171988487 -0.01392587646842003 
-0.01329059433192015 0.004286918789148331 -0.01165889669209719 
-0.002592029282823205 -0.001817401498556137 -0.002749999985098839 
-0.0018666279502213 0.005265812389552593 -0.002731981221586466 
-0.008118055760860443 0.007306373212486506 -0.009281422942876816 
-0.004368098918348551 -0.003711074125021696 -0.009514827281236649 
-0.01281789503991604 0.006606678012758493 -0.008568407967686653 
0.002360705053433776 -0.00866308156400919 -0.002772921463474631 
-0.008121570572257042 -0.002398442476987839 0.001804420142434537 
0.003161160741001368 -0.007323911413550377 -0.01425000093877316 
-0.002421586075797677 0.00546418409794569 -0.002626254688948393 
-0.002404266968369484 -0.003697913372889161 -0.007595088332891464 
-0.003649833612143993 -0.0008470927132293582 -0.01425000000745058 
-0.009301170706748962 0.005057238973677158 -0.001449986477382481 
-0.009564764797687531 -0.002166311722248793 -0.01304506231099367 
0.0008073283825069666 -0.003138188272714615 -0.006250000093132257 
0.003839660668745637 -0.004321776796132326 -0.003121985588222742 
-0.007498165592551231 0.007126182317733765 -0.01049971859902143 
-0.01057302765548229 0.001044351025484502 0.002295840997248888 
-0.00268238503485918 -0.00383221241645515 -0.00819141510874033 
0.003799247555434704 -0.006881918758153915 -0.01271866355091333 
0.004280359484255314 -0.006429073866456747 -0.0119010703638196 
0.00268328795209527 -0.004154970869421959 -0.003057085443288088 
-0.01119498815387487 0.007750591728836298 -0.009685182943940163 
0.004204611293971539 -0.007452001795172691 -0.006250000093132257 
-0.007515907753258944 -0.001769381924532354 0.001421288121491671 
0.002488721860572696 0.0004526939010247588 -0.006250000093132257 
0.003366353921592236 0.003200976643711329 -0.00411769887432456 
-0.001384504372254014 0.003635962959378958 -0.002749999985098839 
0.0003364475269336253 -0.002317555248737335 -0.01144946925342083 
-0.006745961029082537 0.006907530128955841 -0.01278001628816128 
0.005328809842467308 -0.002345874672755599 -0.002749999985098839 
0.005256143398582935 -0.005531792063266039 -0.002749999985098839 
-0.01083426922559738 0.008095924742519855 -0.00712923426181078 
-0.01198241859674454 0.002246689284220338 0.000431705906521529 
-0.007912284694612026 -0.002646656474098563 -0.003458298742771149 
0.001305787824094296 -0.008450349792838097 -0.002843684749677777 
-0.01008266024291515 0.001881258329376578 -0.009962977841496468 
-0.009901042096316814 -0.001685305498540401 0.0009167718817479908 
-0.004158398602157831 0.006155375391244888 -0.001746823894791305 
-0.008345101028680801 -0.002085566055029631 0.002060315106064081 
0.001123138004913926 -0.007203354965895414 -0.002749999985098839 
-0.007605517748743296 -0.002735827816650271 -0.002649008296430111 
0.0005389518337324262 0.004784135147929192 -0.01283522788435221 
-0.01183050777763128 0.0008269221289083362 -0.002700821496546268 
-0.009763333946466446 0.002648685360327363 0.0005819602520205081 
0.005262322258204222 -0.000967992702499032 -0.01425000000745058 
-0.01260084006935358 -0.0002933718205895275 -0.001837562653236091 
-0.008158799260854721 0.00525351706892252 -0.01424999907612801 
0.005255987867712975 0.0007569804438389838 -0.01365156564861536 
-0.001470076385885477 0.0002585824695415795 -0.01142421271651983 
-0.01117133349180222 -0.0005695889121852815 -4.237403118168004e-05 
-0.01198443491011858 0.003439156804233789 -0.0135467741638422 
0.001186274690553546 -0.003789723850786686 -0.01145000010728836 
0.002801267895847559 -0.004117676988244057 -0.01292460039258003 
-0.01356918178498745 0.004328221082687378 -0.00916599202901125 
-0.0006364438449963927 0.003271890571340919 -0.008235053159296513 
-0.01042426470667124 0.005338268354535103 -0.00411156052723527 
-0.005348458420485258 -0.003391912207007408 -0.00314429821446538 
-0.007460535503923893 -0.00277797132730484 -0.01096298266202211 
-0.009390194900333881 0.004786323290318251 -0.008318604901432991 
-0.007225233130156994 -0.00284636951982975 -0.01424246467649937 
0.001590586500242352 -0.005551609210669994 -0.004797567613422871 
-0.01238613948225975 0.005820680409669876 -0.007422065362334251 
-0.01280860044062138 -5.188595969229937e-05 -0.006513151340186596 
-0.001099855871871114 0.005266314838081598 -0.005597659852355719 
-0.009423070587217808 0.0004986807471141219 -0.002053264528512955 
-0.01095244847238064 0.008130277507007122 -0.007474367972463369 
-0.001376156345941126 0.0008310982375405729 -0.009334039874374866 
0.006038966588675976 -0.003871100023388863 -0.01223534345626831 
-0.01424233429133892 0.00187860184814781 -0.01062501687556505 
-0.006499273702502251 0.00133354845456779 0.001241065911017358 
-0.006150716450065374 0.006734504364430904 -0.01100415270775557 
0.004811289254575968 -0.005538799799978733 -0.006250000558793545 
-0.002254548249766231 -0.002796287182718515 -0.009844140149652958 
-0.001435973565094173 0.0004309881187509745 -0.01378256175667048 
0.001553378184325993 -0.007001051679253578 -0.01425000093877316 
0.002664973959326744 -0.004160759504884481 -0.01233045104891062 
-0.009782798588275909 0.002421024721115828 -0.008899359963834286 
-0.009226496331393719 9.057729039341211e-05 -0.01424999907612801 
0.0008020679233595729 -0.006980035454034805 -0.002749999985098839 
0.003347843419760466 0.001667256350629032 -0.002749999985098839 
-0.003321305382996798 0.003052853513509035 -0.01425000093877316 
-0.001583756529726088 -0.006364369299262762 -0.01138361543416977 
-0.01415508240461349 -0.0008319930639117956 -0.008324788883328438 
-0.001483377534896135 -0.002131675602868199 -0.01424999907612801 
0.004421333782374859 6.326854054350406e-05 -0.002749999985098839 
-0.01292174682021141 0.005967598408460617 -0.0083340834826231 
-0.01370394229888916 0.002206494566053152 -0.00772053562104702 
-0.004103974904865026 0.00613955594599247 -0.009419730864465237 
-0.00787552073597908 -0.002657343167811632 0.000172302796272561 
-0.003368295729160309 -0.004241478629410267 -0.011783167719841 
0.005688132252544165 -0.005509838461875916 -0.004920470993965864 
-0.002873268676921725 0.005781812593340874 -0.006541678216308355 
0.001280428958125412 -0.008442978374660015 -0.00488220201805234 
-0.007470265496522188 0.002941275481134653 -0.001444283407181501 
-0.008437334559857845 0.0073991809040308 -0.01086279004812241 
-0.00856070127338171 -5.607143975794315e-06 -0.01425000093877316 
-0.01002656854689121 0.006432067602872849 0.001636328175663948 
0.002149380510672927 -0.007089758291840553 -0.01144999917596579 
-0.0005585005274042487 -0.00790843553841114 -0.0123190525919199 
0.00382437719963491 -0.0007394392741844058 -0.01425000093877316 
-0.008647141978144646 -0.002433047164231539 0.001419502659700811 
-0.00173305394127965 -0.002766137942671776 -0.007081763818860054 
0.003026058431714773 -0.008613745681941509 -0.00344485230743885 
-0.002531025093048811 0.001916634384542704 -0.002749999985098839 
-0.004254353232681751 -0.003753910306841135 -0.009818529710173607 
0.005060766823589802 0.001135315280407667 -0.01185333915054798 
-0.01182815153151751 0.003437758656218648 -0.006534337997436523 
-0.01225422788411379 0.001399399945512414 -0.0105798551812768 
0.003220641752704978 -0.008340920321643353 -0.006250000093132257 
0.005437474697828293 -0.006372150033712387 -0.003896036185324192 
-0.001143125700764358 -0.005728099029511213 -0.006304355338215828 
-0.0001602154225111008 0.003310004947707057 -0.01425000093877316 
-0.008349166251718998 0.007373552303761244 -0.007535063195973635 
-0.001339234062470496 0.0006947184447199106 -0.008070793002843857 
0.006069597322493792 -0.002091368660330772 -0.01163709722459316 
-0.008895016275346279 0.007005816791206598 -0.008150817826390266 
-0.01106521487236023 0.005896409042179585 -0.0002069631009362638 
0.004640973173081875 -0.006165226455777884 -0.01145000010728836 
-0.003923791460692883 0.00608717929571867 -0.01358348503708839 
0.004123867955058813 -0.007042986806482077 -0.002749999985098839 
0.003649166319519281 -0.004222788382321596 -0.003639011178165674 
-0.006712472997605801 0.002132052090018988 0.001722890534438193 
-0.005754380486905575 6.537884473800659e-05 -0.01425000093877316 
0.004209030419588089 -0.004502692259848118 -0.00624999962747097 
-0.003198294201865792 -0.004344244953244925 -0.005483373068273067 
0.0007101917872205377 -0.003499346086755395 -0.01145000010728836 
-0.003730762284249067 -0.004022366832941771 -0.007885078899562359 
0.001272205612622201 0.004512467887252569 -0.004569957964122295 
0.004515746142715216 -0.005877215415239334 -0.005566693376749754 
-0.01406559161841869 -0.0007835476426407695 -0.01280552707612514 
-0.0001860939228208736 0.001460797153413296 -0.01391470432281494 
0.0003116509178653359 -0.002492053434252739 -0.002749999985098839 
-0.008904237300157547 0.004029740113765001 0.002530239755287766 
0.005292512942105532 -0.002802944276481867 -0.006250000093132257 
0.001485862536355853 0.002640772378072143 -0.006269668228924274 
0.001132590812630951 -0.004538438748568296 -0.01145000010728836 
0.005280903540551662 0.000700599979609251 -0.01393242087215185 
-0.004661756567656994 -0.0007948738057166338 -0.002490634331479669 
0.002443860284984112 0.003882543882355094 -0.003991575445979834 
5.603715544566512e-05 0.001495016505941749 -0.01190870255231857 
-0.01182037312537432 0.008382566273212433 -0.008460202254354954 
0.002093752380460501 -0.008622193709015846 -0.006053118035197258 
-0.001456238562241197 -0.0002952900540549308 -0.003302020719274879 
-0.01009374670684338 -0.002012546872720122 -0.004656515084207058 
-0.006626824848353863 -0.001939057372510433 -0.01425000000745058 
-0.006829923018813133 -0.002961278427392244 -0.009621165692806244 
0.005809025838971138 -0.0006840346613898873 -0.003550937632098794 
-0.00102904811501503 0.002182507887482643 -0.01425000000745058 
-0.006233247928321362 0.006758494302630424 -0.001478299382142723 
-0.001352382358163595 0.0006381485145539045 -0.01010696217417717 
-0.00536876916885376 0.002047613961622119 -0.01425000000745058 
-0.01011916901916265 0.001895608613267541 -0.008478559553623199 
-2.510919875930995e-05 -0.00752859516069293 -0.01145000010728836 
-0.0100135114043951 -0.0006172311841510236 -0.01425000000745058 
-0.01149529498070478 0.008019652217626572 -0.007158234249800444 
0.001749310293234885 -0.002247699303552508 -0.006250000093132257 
0.0007212552591226995 -0.005572599358856678 -0.002749999985098839 
0.001948136370629072 -0.007251803763210773 -0.002749999985098839 
-0.001111676450818777 0.001005261787213385 -0.01255497522652149 
0.001598533475771546 -0.005460005253553391 -0.005910810548812151 
-0.01068779639899731 0.00443166634067893 -0.004275852348655462 
0.004141216166317463 -0.008014533668756485 -0.01425000093877316 
0.005931295454502106 -0.001176563440822065 -0.005617637187242508 
0.001406970550306141 -0.0004800136666744947 -0.003607848659157753 
-0.009325555525720119 0.0076573695987463 0.0008105401648208499 
-0.008979837410151958 0.001797910081222653 0.0009342107223346829 
-0.004598326981067657 0.006283254362642765 -0.00816403329372406 
-0.004826460964977741 0.0002512667269911617 -0.002236874774098396 
-0.01280314940959215 0.005846708547323942 -0.01173781882971525 
-0.006144049577414989 0.00332986144348979 0.001528070657514036 
0.002396832685917616 -0.00866861455142498 -0.003654986619949341 
-0.01032515056431293 0.006201773881912231 0.001342230476438999 
0.005613965913653374 -5.30605684616603e-05 -0.01359749771654606 
-0.001521722297184169 -0.00510321743786335 -0.002749999985098839 
-0.001613307162187994 -0.003799980971962214 -0.01425000000745058 
0.001567341154441237 -0.003731449134647846 -0.00624999962747097 
-0.01092549134045839 0.0005053089116699994 0.002223492134362459 
0.003277250565588474 -0.003470213152468204 -0.01145000010728836 
0.000604540400672704 0.003635283326730132 -0.01101694442331791 
0.002262501744553447 -0.004329985473304987 -0.01390906795859337 
-0.01238146610558033 0.005460713990032673 -0.01264163479208946 
0.005025915801525116 0.001187489950098097 -0.01344064902514219 
-0.002192358952015638 -0.00532440235838294 -0.01087943464517593 
-0.01335856784135103 -0.001063524978235364 -0.007826825603842735 
-0.0117452060803771 0.008360717445611954 -0.01051842607557774 
-0.005859261844307184 -0.003043165430426598 -0.00218878430314362 
-0.01161750312894583 0.002050075214356184 -0.005827802699059248 
-0.009455272927880287 -0.001127749914303422 0.0008625838672742248 
0.006081292405724525 -0.002256874926388264 -0.004941413644701242 
-0.01228357944637537 0.003823765553534031 -0.01324397884309292 
-0.0130499005317688 -0.0001792358234524727 -0.01036376133561134 
-0.001757969614118338 0.004209226462990046 -0.002749999985098839 
-0.006160091608762741 0.006737229414284229 -0.007261078339070082 
0.001725902664475143 0.002976939547806978 -0.01425000093877316 
-0.01175432838499546 0.006724541075527668 -0.007084896322339773 
0.001691897166892886 -0.00386705924756825 -0.002749999985098839 
-0.007220609113574028 -0.001353079685941339 -0.01425000000745058 
-0.007270132191479206 0.003138574305921793 -0.001239087549038231 
0.003984751179814339 0.002570377662777901 -0.005921537987887859 
-0.003706661053001881 -0.004036935977637768 -0.006123107858002186 
2.664885323611088e-05 0.003501817118376493 -0.007135459221899509 
-0.008061408996582031 0.007289906032383442 -0.004471675958484411 
-0.01237558480352163 0.001144345733337104 0.0002514102961868048 
-0.007155302911996841 0.0004666663007810712 0.00168638804461807 
0.001157898688688874 -0.001474519958719611 -0.002749999985098839 
-0.009179786778986454 0.00508747948333621 0.000498463399708271 
-0.008812155574560165 -0.002385081024840474 -0.01212314702570438 
-0.002979598706588149 0.005812720395624638 -0.008949842303991318 
-0.0001454676385037601 -0.008028496988117695 -0.0131797818467021 
0.001227402593940496 0.0008521355921402574 -0.01154837850481272 
-0.01057218201458454 -0.001873474335297942 -0.005216845311224461 
0.003655636217445135 -0.008425476960837841 -0.003179810475558043 
-0.006762749515473843 -0.002980804536491632 -0.003930925857275724 
0.0006531872786581516 -0.003207983216270804 -0.01145000010728836 
-0.006640694104135036 0.006760307122021914 0.002446214202791452 
0.003978140186518431 -0.008293555118143559 -0.01150364987552166 
-0.01189808547496796 0.008405155502259731 -0.00831102579832077 
-0.01099821366369724 -0.001749635208398104 0.0007031151326373219 
-0.001517937518656254 -0.003366823773831129 -0.006750284228473902 
-0.009052636101841927 -0.002315178047865629 -0.006689199712127447 
-0.01092724595218897 0.003840437391772866 -0.005395489279180765 
0.005000721663236618 -0.004370827227830887 -0.01424999907612801 
0.004550162237137556 -0.005480498541146517 -0.002920420840382576 
-0.006911739706993103 0.00695571955293417 -0.01358709763735533 
-0.003992494661360979 -0.00386414909735322 -0.009602911770343781 
-0.007230493240058422 0.007048374973237514 -0.004258065018802881 
0.001502667553722858 -0.001865230151452124 -0.006250000093132257 
-0.01004868000745773 0.007867569103837013 0.0009503837791271508 
0.0009851125068962574 0.001106139970943332 -0.004270763602107763 
-0.01072360295802355 0.007004955317825079 -4.500667273532599e-06 
-0.01010429486632347 0.006439030170440674 -0.00452135456725955 
-0.003524978412315249 0.0002897719969041646 -0.01425000000745058 
-0.005801722407341003 -0.001450091600418091 -0.001874500303529203 
-0.002605561399832368 -0.00487143499776721 -0.01148217264562845 
-0.001574460649862885 0.005404273513704538 -0.01380638219416142 
-0.001123992726206779 0.005273330956697464 -0.01217122003436089 
-0.008871028199791908 0.007443220354616642 -0.0009316034847870469 
0.0032074642367661 0.001068079727701843 -0.01425000093877316 
-0.01021771319210529 0.004254397004842758 -0.01415137574076653 
-0.003865676466375589 -0.003940810449421406 -0.003366334363818169 
-0.001155789592303336 0.005282573401927948 -0.00699823210015893 
-0.01102734915912151 0.006527189165353775 -0.006595063023269176 
-0.001484552747569978 8.31416473374702e-05 -0.0106196217238903 
0.005457679275423288 -0.003471252508461475 -0.01425000000745058 
0.0004322518652770668 0.001434999750927091 -0.004594399128109217 
-0.008230239152908325 -0.002173553220927715 -0.01425000000745058 
-0.0009962435578927398 0.001335209817625582 -0.007714253850281239 
-0.004791379906237125 -0.002285439288243651 -0.002588504692539573 
0.004076558165252209 -0.0008433882030658424 -0.01145000010728836 
-0.01142758969217539 0.005685223266482353 -0.008189094252884388 
0.00147147080861032 -0.004332510754466057 -0.006250000093132257 
-0.007478708401322365 -0.002772689098492265 -0.00728639867156744 
0.001720934407785535 -0.004973307717591524 -0.01344652380794287 
-0.001325256889685988 -0.002256411127746105 -0.006841792725026608 
-0.01039514038711786 0.007733899168670177 -0.001592719578184187 
-0.002175665926188231 -0.005384146235883236 -0.01330353692173958 
-0.009943190962076187 0.006993254646658897 -0.003503159852698445 
-0.01461663190275431 0.0006147717358544469 -0.01057449355721474 
-0.00412057526409626 -0.003804290667176247 -0.005906013771891594 
-0.007331263273954391 0.007077667396515608 -0.007807797752320766 
-5.458372470457107e-05 -0.003962258342653513 -0.01424999907612801 
-0.008900773711502552 -0.002359321340918541 -0.005309505388140678 
-0.004119326826184988 -0.003804761217907071 -0.01264024339616299 
-0.008474141359329224 0.006918471772223711 -0.008905801922082901 
-0.001122790738008916 -0.003556714160367846 -0.01424999907612801 
-0.01036604400724173 0.001905054319649935 -0.01421895809471607 
-0.01085368171334267 0.00630853557959199 -0.001416229759342968 
0.003895898116752505 0.001867171027697623 -0.01425000000745058 
-0.00673925643786788 0.006905581802129745 -0.01158806588500738 
-0.0005549179622903466 0.002803337993100286 -0.007709150202572346 
-0.01073568686842918 -0.001825946965254843 0.002450663829222322 
-0.0006327921873889863 -0.005928867496550083 -0.002749999985098839 
-0.01198121532797813 -0.00146389554720372 -0.007018084172159433 
-0.007937501184642315 0.00725388852879405 -0.01389978639781475 
0.003221814753487706 0.003307766746729612 -0.01161019783467054 
-0.007877225056290627 0.003063976299017668 -0.01424999907612801 
-0.0113427322357893 0.004773293156176805 -0.001198251964524388 
-0.01368222665041685 -0.0004357256402727216 -0.006989061832427979 
-0.01213867869228125 -0.001418123603798449 -0.006794118322432041 
-0.00113476300612092 -0.002034769160673022 -0.002749999985098839 
0.003892722306773067 -0.0004549734585452825 -0.01424999907612801 
-0.004111327696591616 -0.001144709065556526 -0.002698143012821674 
0.005291105248034 -0.006753785535693169 -0.01168015878647566 
-0.006933134514838457 -0.00275182630866766 -0.0007621936383657157 
0.002124226186424494 -0.004446184728294611 -0.01247453968971968 
-0.0134890191257 0.003549793967977166 -0.008047327399253845 
0.002966297790408134 -0.008620334789156914 -0.0126711018383503 
-0.001463083550333977 0.0003189723647665232 -0.008036188781261444 
-0.0003477249410934746 0.005047685001045465 -0.01304354146122932 
-0.0001404062786605209 0.002457384718582034 -0.002749999985098839 
-0.00060082454001531 -0.00439673475921154 -0.01424999907612801 
0.0005608528153970838 -0.001379058579914272 -0.002857068553566933 
-0.01138523500412703 0.003711003111675382 -0.001936533371917903 
-0.01027315575629473 0.003837106516584754 -0.0106377899646759 
-0.01237678900361061 0.008203441277146339 -0.00872315838932991 
0.005338225513696671 -0.003313989145681262 -0.01425000000745058 
-0.01104721613228321 4.751980304718018e-05 -0.0003091655089519918 
0.0007999984081834555 -0.001236457144841552 -0.006053070537745953 
-0.007612843532115221 0.007159517612308264 0.00246144668199122 
-0.01183140091598034 0.004234506748616695 -0.006681003607809544 
-0.004935883916914463 -0.003511840011924505 -0.00878339447081089 
-0.01468662079423666 7.642986020073295e-06 -0.01130623836070299 
-0.01275546010583639 0.006007141433656216 -0.01174026448279619 
-0.004337381571531296 -0.003713831538334489 -0.005066357087343931 
-0.01229134947061539 -0.001373745268210769 -0.00244251498952508 
-0.01055659726262093 0.006410425528883934 -0.002020847517997026 
-0.01162640005350113 0.003672280814498663 -0.007941227406263351 
0.006081848405301571 -0.002264747396111488 -0.005728953517973423 
0.001385234063491225 -0.002737450180575252 -0.006250000093132257 
0.002430013846606016 -0.002731368178501725 -0.006250000093132257 
0.0002489388571120799 -0.008077648468315601 -0.01145000010728836 
-0.007382828742265701 0.007092655636370182 -0.003082836279645562 
-0.01012325379997492 0.007889246568083763 0.0004880696651525795 
-0.00692937383428216 -0.00293237017467618 -0.008528463542461395 
0.001474519958719611 9.083788609132171e-05 -0.01219185627996922 
0.001654223306104541 -0.005101687740534544 -0.01353404484689236 
0.006023441441357136 -0.004022421780973673 -0.01180356647819281 
-0.01078915968537331 0.003399033565074205 0.001738266902975738 
0.003443139139562845 -0.003100103698670864 -0.01425000000745058 
-0.01002983190119267 0.007122899405658245 -0.01072625257074833 
0.0001052692750818096 -0.00292900949716568 -0.002749999985098839 
0.001740015111863613 -0.004936587996780872 -0.002805821597576141 
-0.006572864018380642 0.006213454529643059 0.000408205552957952 
-0.0001036772009683773 -0.007243234664201736 -0.01145000010728836 
-0.0002547350595705211 -0.004331547301262617 -0.002749999985098839 
-0.007980840280652046 0.0001097058120649308 -0.0004378861631266773 
-0.006315555423498154 -0.002504178322851658 -0.001647047349251807 
0.001667238189838827 -0.005076641216874123 -0.01178476586937904 
0.002175682689994574 -0.008634742349386215 -0.005658316425979137 
-0.007665112614631653 0.004814154468476772 0.0008505579316988587 
-0.00236110738478601 -0.005113669205456972 -0.0135523397475481 
0.002683764789253473 0.001103527727536857 -0.01145000010728836 
0.002244503702968359 0.003061770927160978 -0.01145000010728836 
0.0005925286677666008 -0.007056157104671001 -0.01425000000745058 
-0.005130511708557606 -0.003455265425145626 -0.006604005582630634 
-0.0008887615404091775 -0.007812435738742352 -0.01269358769059181 
0.006114515475928783 -0.002727054059505463 -0.01312801521271467 
-0.001893782173283398 0.0008462995756417513 -0.002749999985098839 
-0.010959692299366 -0.001760832965373993 -0.004540891386568546 
0.004070245660841465 -0.002474495442584157 -0.01424999907612801 
0.002316366648301482 0.003221376100555062 -0.006250000558793545 
-0.001001598895527422 0.001110653625801206 -0.01101063005626202 
0.004875099286437035 -0.001506332773715258 -0.006250000558793545 
-0.01066145114600658 -0.001847525825724006 -0.01232616417109966 
-0.0104958601295948 0.005679329391568899 -0.002550950972363353 
-0.01150449458509684 0.006799764465540648 -0.008974701166152954 
-0.004242045804858208 -0.003487435635179281 -0.002748222090303898 
-0.007417666725814342 -0.002790432656183839 -0.0001895598397823051 
-0.0001389539684168994 0.004986999090760946 -0.01340108644217253 
-0.008250811137259007 0.007344961632043123 -0.002220333321020007 
-0.002811010694131255 0.005763715133070946 -0.01047534681856632 
0.0003795356606133282 -0.006139515899121761 -0.006250000093132257 
-0.006567459553480148 0.006855643820017576 -0.003834974253550172 
-0.01204945705831051 -0.001444058725610375 -0.01350711286067963 
0.003738551400601864 -0.004269236698746681 -0.004836292006075382 
0.004809103440493345 -0.007184920366853476 -0.01145000010728836 
0.005631786305457354 -0.00570368068292737 -0.004810173064470291 
0.004235358908772469 -0.007209450472146273 -0.01144999917596579 
-0.01140626519918442 0.004856998100876808 -0.0006135356379672885 
0.005332192406058311 0.0004650850314646959 -0.01145000010728836 
-0.001349156955257058 -0.0005840667290613055 -0.01365406345576048 
-0.001230377703905106 -0.007579977158457041 -0.01373181864619255 
-0.00970827043056488 0.003973488695919514 -0.001317665912210941 
-0.01022299006581306 0.002867520786821842 -0.0002874168858397752 
-0.0008865901618264616 -0.004363379441201687 -0.006330713629722595 
-0.003117269836366177 0.004386776592582464 -0.01424999907612801 
-0.005566857289522886 -0.003328427905216813 -0.01297221891582012 
-0.01137280836701393 -0.001640747883357108 -0.003928836900740862 
0.000649944064207375 0.002966437954455614 -0.002749999985098839 
-0.01033023931086063 0.005661732517182827 -0.004039224237203598 
-0.006977065932005644 0.002277634106576443 0.001994373975321651 
-0.00906837172806263 0.007582611404359341 -0.002246406860649586 
-0.01137498952448368 0.002067590365186334 -0.00423289742320776 
-0.003114949679002166 0.005852064583450556 -0.01210509799420834 
-0.00917282048612833 0.00665018055588007 -0.0005257917800918221 
0.003846831852570176 -0.007117968052625656 -0.002749999985098839 
-0.00981544516980648 0.00351697881706059 -0.01422933023422956 
0.005024333484470844 -0.000141078038723208 -0.002749999985098839 
-0.01083744410425425 -0.001383670372888446 -0.009147044271230698 
-0.00947954785078764 0.003315226640552282 -0.009108503349125385 
-0.01109181717038155 -0.001722426502965391 -0.004606647882610559 
-0.01238843612372875 0.0005674962885677814 -0.006297141313552856 
-0.01085651107132435 -0.001790825393982232 -0.01001014467328787 
-0.009346679784357548 -0.002229704987257719 0.0009638002375140786 
0.0006362332496792078 0.001353543950244784 -0.01179816760122776 
0.005615557543933392 -5.666173456120305e-05 -0.003369168844074011 
-0.008593073114752769 0.00268628797493875 0.002586931688711047 
-0.01177744753658772 0.004668960813432932 -0.008267039433121681 
0.00324630830436945 -0.004116237163543701 -0.01201950944960117 
0.002171030966565013 -0.00863402895629406 -0.005622480995953083 
-0.003380358219146729 -0.004234187304973602 -0.01050033327192068 
0.002478830981999636 -0.004219599533826113 -0.005984737072139978 
0.004238222725689411 -0.004686499945819378 -0.01232777070254087 
-0.01285768393427134 -0.000154372479300946 -0.0005582442390732467 
-0.005296014249324799 0.004765274934470654 0.0009177442407235503 
-0.003088452154770494 0.005844362080097198 -0.01196630671620369 
-0.0103526096791029 0.005670602899044752 -0.01074523385614157 
-0.01402082573622465 0.002811325946822762 -0.01026311703026295 
-0.01086944248527288 0.00189852830953896 0.001995543716475368 
0.001952788094058633 -0.004590251948684454 -0.01172995753586292 
-0.004180990625172853 0.006161942146718502 -0.01408473588526249 
-0.007468865253031254 0.005765361245721579 -0.01425000000745058 
-0.01202634908258915 -5.716143641620874e-05 -0.002981364261358976 
0.003383212257176638 -0.004128113854676485 -0.01258991472423077 
-0.007738226093351841 0.002120009157806635 0.002357959747314453 
0.002988396910950541 0.0007146117277443409 -0.006250000093132257 
-0.006110453978180885 0.003975423984229565 0.001664344919845462 
-0.009159794077277184 0.006627360358834267 -0.0004308821226004511 
0.002564905909821391 0.001837736810557544 -0.006250000093132257 
-0.01247333362698555 0.001069852383807302 -0.0002605694171506912 
-0.006779137067496777 0.006917174905538559 -0.0100344605743885 
-0.005046828184276819 0.005274822469800711 -0.01425000093877316 
0.002901893109083176 -0.007039764896035194 -0.01396829728037119 
0.005456972867250443 -0.006305072922259569 -0.002784225158393383 
-0.01436014845967293 0.001379393506795168 -0.008721399120986462 
-0.001462018233723938 9.535811841487885e-05 -0.004150137305259705 
-0.00269491714425385 -0.004769152030348778 -0.006481433752924204 
0.0005895541980862617 -0.006776865571737289 -0.00624999962747097 
-0.01087136939167976 0.005506791174411774 -0.006206328980624676 
-0.008106458000838757 0.003201584564521909 0.0008453244809061289 
-0.01287993229925632 0.001111485180445015 -0.01013466902077198 
0.001291360706090927 -0.006277418229728937 -0.01425000000745058 
-0.01013181172311306 -0.002001481829211116 -0.01139692775905132 
-0.01266417186707258 0.007034215610474348 -0.008445092476904392 
0.002813132712617517 -0.003913501277565956 -0.01425000000745058 
0.0002949564659502357 -0.00413986761122942 -0.01145000010728836 
-0.002661607461050153 -0.0009753111517056823 -0.002749999985098839 
-0.01241008937358856 0.001342248870059848 -0.008009491488337517 
-0.01232188940048218 0.00248885597102344 -0.006670425180345774 
0.001926319440826774 0.0005586175830103457 -0.006250000093132257 
-0.003210411872714758 -0.0004153532208874822 -0.01425000000745058 
-0.00601161178201437 0.006694069132208824 -0.001212389906868339 
-0.001204617787152529 0.005296767223626375 -0.008984341286122799 
0.002120714401826262 -0.006740204058587551 -0.005375769454985857 
-0.01065120473504066 0.005258789286017418 -0.002485551871359348 
0.005164146423339844 -0.007042895071208477 -0.004292767029255629 
0.003980524837970734 -0.003658432979136705 -0.01425000000745058 
-0.01050045527517796 0.002075444906949997 -0.0005979454144835472 
0.003704347647726536 0.002864400157704949 -0.005746587179601192 
-0.01257493626326323 -0.0007589923916384578 0.001054758671671152 
-0.01283912360668182 0.003808006178587675 -0.007274561561644077 
-0.01086264476180077 -0.001789042493328452 -0.005058310460299253 
-0.01040108315646648 0.0005033992929384112 -0.001686213538050652 
0.001726194634102285 -0.004963184706866741 -0.005695924628525972 
-0.006518874317407608 0.00684152077883482 -0.01230966672301292 
-0.01018221117556095 0.006494922563433647 0.001415521372109652 
-0.001259295851923525 -0.00742171099409461 -0.004443359561264515 
-0.01235728524625301 -0.001354579115286469 -0.002535379258915782 
-0.009966075420379639 0.003028878476470709 0.0002284384972881526 
-0.001616097171790898 0.0001582091499585658 -0.008887824602425098 
-0.008932413533329964 0.00754309119656682 -0.004749277140945196 
0.00505102938041091 -0.001570851192809641 -0.01145000010728836 
0.00188976782374084 -0.006465381011366844 -0.004295875784009695 
-0.005833752453327179 -0.003250846173614264 -0.008632941171526909 
0.003850762499496341 -0.003261618549004197 -0.002749999985098839 
-0.005574441514909267 -0.00244251498952508 -0.00225929799489677 
-0.001273237634450197 -0.002817872446030378 -0.01099464856088161 
-0.009280051104724407 0.0009847204200923443 0.00257409643381834 
-0.001842383062466979 -0.001026342157274485 -0.009611177258193493 
-0.005741573870182037 -0.001123013091273606 -0.01425000093877316 
0.002236101077869534 -0.0007777040591463447 -0.01424999907612801 
-0.01184726413339376 0.005522109102457762 -0.009663466364145279 
0.001099508837796748 -0.002918168902397156 -0.006250000093132257 
0.001407019910402596 -0.0004799230955541134 -0.01236581057310104 
-0.002457075286656618 -0.005006941501051188 -0.006126455031335354 
-0.009173407219350338 0.004224067553877831 0.0006666500121355057 
-0.01072538457810879 0.00299919443204999 -0.010677644982934 
-0.01139794290065765 0.008259773254394531 -0.007513983640819788 
0.005080369301140308 -0.00583484536036849 -0.01425000093877316 
-0.001219124533236027 -0.007633817382156849 -0.004902015905827284 
-0.006968473084270954 -0.0003129871911369264 0.001226265216246247 
-0.01489155925810337 -0.0006179133197292686 -0.008929133415222168 
-0.01104011852294207 0.00452880747616291 -0.01387339364737272 
-0.00698762945830822 -0.002915436401963234 -0.01136293355375528 
-0.009459424763917923 0.00603838637471199 -0.007969114929437637 
-0.008103568106889725 0.007302161306142807 -0.005268381908535957 
-0.01061928644776344 0.006180377211421728 -0.006143463775515556 
0.001354054547846317 0.0005663840565830469 -0.003693901468068361 
-0.004997934214770794 -0.003079812740907073 -0.01425000000745058 
-0.001442388980649412 -0.006768469698727131 -0.01400392781943083 
-0.0004243358271196485 -0.00243084947578609 -0.01425000000745058 
0.001544284634292126 0.00306323729455471 -0.002749999985098839 
-0.003756906138733029 0.006038669031113386 -0.003394435858353972 
-0.007903472520411015 0.007243996951729059 -0.004853351041674614 
-0.01369847822934389 0.002637299709022045 -0.007929304614663124 
-0.007755487225949764 0.006666580215096474 -0.01424999907612801 
0.00289704673923552 -0.008627969771623611 -0.01310583762824535 
-0.01238628569990396 -0.001293951994739473 0.001491705188527703 
-0.01126870140433311 0.0008722486672922969 -0.01414279732853174 
0.005170778371393681 -0.005499799735844135 -0.01145000010728836 
0.004399478901177645 -0.006698303855955601 -0.00624999962747097 
-0.0027120525483042 0.005734949838370085 -0.004927517380565405 
0.0003157486207783222 0.004277338273823261 -0.007068691309541464 
-0.00631687743589282 0.006714320741593838 0.0002495566150173545 
-0.006639402359724045 0.006876556202769279 0.0007940055220387876 
-0.01152899581938982 0.0004928434500470757 -0.01412383280694485 
0.0006198842893354595 -0.005740454886108637 -0.01145000010728836 
-0.008982655592262745 0.007557695731520653 0.0003786514862440526 
-0.0024677156470716 -0.002807713579386473 -0.002749999985098839 
-0.003002552781254053 0.004705454688519239 -0.002510089660063386 
-0.01143952086567879 0.001798715209588408 0.001552374917082489 
-0.006992137525230646 0.00200892286375165 0.00193861301522702 
0.003710108809173107 -0.006916247773915529 -0.0138617604970932 
0.002104868879541755 0.001384156756103039 -0.01144999917596579 
-0.000254510116064921 0.005020588636398315 -0.01114477030932903 
0.001793014234863222 0.001146920258179307 -0.01145000010728836 
-0.0048474813811481 0.006355678662657738 -0.001160979270935059 
-0.0014917878434062 -0.0008453393238596618 -0.01023226510733366 
-0.009233780205249786 0.004136578645557165 -0.01425000093877316 
-0.007810531184077263 -0.002058833139017224 -0.01424999907612801 
-0.009181803092360497 -0.002277631778270006 -0.003721169196069241 
0.000897848978638649 -0.008331770077347755 -0.003280610777437687 
-0.008045922964811325 0.007285404950380325 0.002242541871964931 
-0.0003354577056597918 0.004391275346279144 -0.008346055634319782 
0.005738085601478815 -0.005337989423424006 -0.01275054085999727 
-0.01041668932884932 0.007044973783195019 0.0008554700179956853 
-0.002155334455892444 0.005573122762143612 -0.01261856965720654 
0.002829200820997357 -0.004108847118914127 -0.003899081144481897 
0.0007927176775410771 -0.008301209658384323 -0.003326905192807317 
-0.009430329315364361 0.005510982125997543 -0.0001703176239971071 
-0.01300409063696861 -0.001072022365406156 0.0002904539287555963 
-0.001520192483440042 -0.003888353938236833 -0.006647185422480106 
-0.007392257452011108 0.007095396984368563 -0.002215376123785973 
0.004052613396197557 0.001451613381505013 -0.006250000558793545 
-0.0001824170612962916 0.004999632947146893 -0.01155864726752043 
0.003921487368643284 0.002636714838445187 -0.01229387987405062 
0.005414887331426144 -0.005636140238493681 -0.01425000000745058 
-0.01030265539884567 -0.001951820915564895 -0.003886299207806587 
-0.01201612967997789 -5.2361108828336e-05 -0.003037127666175365 
-0.01477551739662886 0.0002212267718277872 -0.009682063944637775 
-0.008462878875434399 0.004196857567876577 -0.002031337469816208 
-0.005660832859575748 0.006592104211449623 -0.001874761772342026 
0.002919359365478158 0.002220993395894766 -0.006250000093132257 
-0.01212397776544094 -0.0005090781487524509 -0.004740044474601746 
-0.005567848216742277 0.00656507583335042 -0.006839964538812637 
-0.007146596908569336 -0.002118447097018361 0.0006620475905947387 
-0.0005544384475797415 -0.007909616455435753 -0.01189200486987829 
0.001090322388336062 0.003702773014083505 -0.01424999907612801 
0.003622471820563078 -0.008438401855528355 -0.01394692342728376 
0.0008925866568461061 -0.005433298647403717 -0.006250000558793545 
-0.004264067392796278 -1.908454578369856e-06 -0.01424999907612801 
0.005243674386292696 -0.005181607324630022 -0.01145000010728836 
-0.0148888360708952 -0.0001686121977400035 -0.01018577162176371 
0.004517456982284784 -0.005857497919350863 -0.003563437843695283 
0.001063841627910733 0.001038318732753396 -0.01198741234838963 
0.005811296869069338 -0.0006931835087016225 -0.01169697195291519 
-0.0085361422970891 -0.00177390780299902 -0.0004003703070338815 
-0.01052813790738583 0.007414794526994228 -0.01056543551385403 
0.004680788144469261 -0.0007954555912874639 -0.01145000010728836 
-0.009474696591496468 0.007084849290549755 -0.01414129510521889 
-0.002615656703710556 -0.00486531388014555 -0.01235527731478214 
-0.003409676486626267 0.005643921438604593 -0.002140428405255079 
0.002590691205114126 -0.004184240475296974 -0.01174694020301104 
-0.009933796711266041 0.003454634454101324 -0.008146635256707668 
-0.01192917581647635 -0.00147902243770659 -0.004318633582442999 
-0.001365592121146619 -0.005186392925679684 -0.006399445701390505 
0.004940003156661987 0.001316106179729104 -0.004983024671673775 
0.004576358012855053 -0.003675004001706839 -0.01424999907612801 
0.0005086336168460548 -0.004426137544214725 -0.01425000000745058 
-0.01187494117766619 0.003630029503256083 -0.0135865705087781 
0.00244031916372478 -0.00867527537047863 -0.01204852201044559 
-0.0127190537750721 -0.001249419525265694 -0.0015171515988186 
-0.008256520144641399 0.0009914097608998418 0.000567548384424299 
0.004928843583911657 0.001219095778651536 -0.006250000558793545 
0.005653878673911095 -0.005627677775919437 -0.01350552588701248 
-0.009777512401342392 0.00720706395804882 -0.00776977464556694 
-0.001538029406219721 0.00139281339943409 -0.002749999985098839 
-0.003037762362509966 0.005829627625644207 -0.009342114441096783 
-0.004123159684240818 0.00366203673183918 -0.002052536467090249 
-0.00636398745700717 -0.001645249081775546 -0.001247486565262079 
-0.005186364054679871 0.002119077369570732 -0.001411034259945154 
0.004127791151404381 -0.004550324752926826 -0.01145000010728836 
-0.009603777900338173 0.003685975214466453 0.0004746066988445818 
-0.01087520830333233 0.004020684398710728 -0.007762977853417397 
-0.003321657655760646 -0.003168445080518723 -0.002750000217929482 
-0.00299528194591403 -0.004495413508266211 -0.005718796979635954 
0.004621884785592556 -0.007805105298757553 -0.01212943345308304 
-0.007005874998867512 0.005530183203518391 -0.001724956789985299 
-0.003058034926652908 -0.004443668760359287 -0.005714381113648415 
-0.0006987317465245724 -0.003906318452209234 -0.01425000093877316 
-0.007974349893629551 0.005739464890211821 -0.01425000000745058 
0.000991860986687243 -0.003347195219248533 -0.01425000000745058 
-0.002963179722428322 0.004600954707711935 -0.01425000000745058 
-0.01169282663613558 0.006167585030198097 -0.006945382338017225 
-0.00125244609080255 -0.007436971180140972 -0.01424999907612801 
0.001474076532758772 8.421977690886706e-05 -0.00397561164572835 
-0.006926591508090496 0.003904460929334164 -0.0009111044928431511 
-0.001225251471623778 -0.005106285214424133 -0.01424999907612801 
-0.00517661590129137 -0.003441863693296909 -0.005629906430840492 
-0.001276386785320938 0.005317628849297762 -0.005987660028040409 
-0.009865619242191315 0.006804267875850201 -0.01072468981146812 
-0.01193934679031372 0.001502418308518827 -0.002105063758790493 
-0.007114703767001629 -0.002690753201022744 -2.443838457111269e-05 
0.00447547435760498 -0.005157977342605591 -0.01338839717209339 
-0.007342277094721794 -0.002812346909195185 -0.0003934587584808469 
0.001395281171426177 -0.0005014684284105897 -0.01417815312743187 
-0.007561632432043552 0.007144630886614323 -0.004749995190650225 
-0.005505993962287903 -0.002472779713571072 -0.01425000000745058 
-6.888942152727395e-05 0.001602017204277217 -0.006743446458131075 
-0.00855901837348938 0.007434551604092121 -0.01291596330702305 
-0.001472793286666274 0.0002738918119575828 -0.007885362021625042 
0.004114196635782719 -0.007702849805355072 -0.01145000010728836 
0.003216545563191175 -0.008592743426561356 -0.003128324635326862 
-0.008694780059158802 -0.0009759181411936879 0.000454340479336679 
-0.006232467480003834 0.006758267991244793 -0.01015149150043726 
-0.01273275911808014 0.007020441815257072 -0.01073398627340794 
0.00551196001470089 0.0001777615252649412 -0.003118886612355709 
-0.008492553606629372 -1.123035326600075e-05 -0.001645327662117779 
-0.0106735872104764 0.0007241567363962531 -0.001287777326069772 
-0.006188925355672836 -0.003147604176774621 -0.005722817964851856 
-0.003092799335718155 -0.00360664795152843 -0.01424999907612801 
-0.01286158803850412 -6.182472861837596e-05 -0.01365031022578478 
-0.01368905697017908 -0.0006165743689052761 -0.006960497703403234 
-0.01058774814009666 0.004775853827595711 -0.004522052593529224 
0.002664546715095639 -0.007125578355044127 -0.01425000093877316 
0.003674023551866412 0.002805092372000217 -0.01145000010728836 
0.005386100150644779 -0.005794665310531855 -0.01145000010728836 
0.005422517657279968 -0.005768333561718464 -0.00624999962747097 
-0.01003729738295078 -0.0002685276558622718 -0.001978540327399969 
-0.007346967700868845 0.00302274851128459 -0.001301124109886587 
0.001165140187367797 0.003830951638519764 -0.002750000217929482 
-0.009310423396527767 -0.002240243833512068 -0.01134045515209436 
-0.0112751666456461 0.002410999033600092 -0.004474282264709473 
-0.008663584478199482 -0.002428267849609256 -0.002108516870066524 
-0.00579338800162077 0.001955660060048103 7.7047836384736e-05 
-0.004011385608464479 -0.003852729219943285 -0.01236486900597811 
-0.01027272175997496 0.002080926205962896 -0.01422429271042347 
-0.01199285686016083 0.005065181292593479 -0.008898193016648293 
-0.01230963878333569 0.005556954070925713 -0.007250996772199869 
0.005646493751555681 -0.0002642787585500628 -0.002749999985098839 
-0.005672821775078773 0.001671008882112801 -0.0007125417469069362 
-0.01234755292534828 -0.001357408124022186 -0.01312984898686409 
-0.00230616400949657 -0.00374722620472312 -0.007433425635099411 
-0.001019298797473311 0.004453464411199093 -0.002749999985098839 
0.001440298510715365 0.0003354689106345177 -0.01360931061208248 
-0.009802516549825668 0.003122889436781406 0.00235730386339128 
-0.005391907878220081 -0.003379282541573048 -0.01281392108649015 
-0.01211450062692165 -0.001425151480361819 0.00150067824870348 
-0.01129142753779888 -0.001664403476752341 -0.002003532834351063 
-0.01218598149716854 0.008488841354846954 -0.01025589648634195 
-0.009109565988183022 0.007136484608054161 -0.01418555807322264 
-0.0007449323311448097 -0.005665028933435678 -0.01425000093877316 
-0.001153530087321997 -0.006867192685604095 -0.002749999985098839 
-0.008185197599232197 0.0006656953482888639 -0.01424999907612801 
0.0002675617579370737 -0.007260202430188656 -0.01425000000745058 
0.001345353201031685 0.0009764995775185525 -0.01145000010728836 
-0.01248426362872124 -0.001221996964886785 -0.005649305414408445 
-0.003404591698199511 0.005936258006840944 -0.004037648905068636 
0.003576232120394707 0.002998737851157784 -0.003539267694577575 
-0.001267508137971163 -0.007379230111837387 -0.0125381937250495 
-0.003557011019438505 -0.002103985054418445 -0.01425000000745058 
0.005449154414236546 -0.006165482569485903 -0.006250000093132257 
-0.007707007229328156 0.00160476949531585 -0.001226192805916071 
-0.0104337353259325 0.005410738289356232 0.001496306853368878 
0.004322698805481195 -0.003535958472639322 -0.006250000093132257 
-0.008114010095596313 -0.0001676402753219008 -0.01425000000745058 
-0.001176290679723024 -0.002214210107922554 -0.01425000000745058 
-0.007641754578799009 0.007167920935899019 0.001381471054628491 
-0.003445954993367195 0.005948281846940517 -0.008744341321289539 
-0.001358801499009132 -0.004468316212296486 -0.006475294008851051 
-0.001358737703412771 0.005341567099094391 -0.004342121072113514 
-0.007593793328851461 0.00258618826046586 0.0003601369680836797 
-0.006275247316807508 0.001154994359239936 -0.01424999907612801 
-0.01276732981204987 -0.0007590489112772048 -0.01379776932299137 
-0.007869016379117966 -0.001182217965833843 0.001893743639811873 
-0.01286103762686253 0.006599905900657177 -0.008844917640089989 
0.002206464763730764 -0.004377075936645269 -0.013090955093503 
-0.008945397101342678 0.0004949113936163485 0.0008552875951863825 
0.001471309456974268 4.292020457796752e-05 -0.0126299886032939 
0.004577988758683205 0.0003463563916739076 -0.01425000000745058 
0.001630131155252457 -0.003362209536135197 -0.01425000093877316 
-0.01135940663516521 0.001874635345302522 0.001626072684302926 
5.961105853202753e-05 0.001557535375468433 -0.01104953233152628 
-0.002169745974242687 -0.001978418324142694 -0.002749999985098839 
-0.007916087284684181 0.004116031806915998 0.002539047971367836 
-0.002855914179235697 -0.003330344799906015 -0.01425000093877316 
-0.01385844871401787 0.001778831472620368 -0.007754256948828697 
-0.01129498705267906 -0.0009721664246171713 0.002245657378807664 
0.00357857602648437 -0.008455509319901466 -0.01180549245327711 
0.006040595471858978 -0.001680936198681593 -0.005025092978030443 
-0.00145560025703162 0.0003549647517502308 -0.009757332503795624 
-0.01473485585302114 0.0003611060092225671 -0.009330744855105877 
0.0027639449108392 0.003646055236458778 -0.01217971555888653 
-0.01111884601414204 -0.001714569982141256 -0.002447601873427629 
-0.01253869198262691 0.007916344329714775 -0.0097812470048666 
-0.008056385442614555 -4.91004902869463e-05 -0.0008172928355634212 
0.001829300774261355 -0.008581687696278095 -0.01354014407843351 
-0.009685645811259747 0.006193378008902073 -0.007843603380024433 
0.004593513440340757 0.001834824914112687 -0.01221302151679993 
-0.01421972922980785 -0.000535879866220057 -0.007406270131468773 
0.0004212204657960683 -0.008193221874535084 -0.00553495716303587 
0.001719680614769459 -0.006202145013958216 -0.003137832507491112 
0.006126240827143192 -0.002892989432439208 -0.00545841408893466 
-0.01033126749098301 0.003819217206910253 -0.007852103561162949 
-0.008457656018435955 -0.002488127211108804 -0.00229659304022789 
-0.003175790887326002 0.005869749933481216 -0.01366556994616985 
-0.007694529369473457 0.003782358020544052 0.00248069129884243 
0.001470331102609634 0.004421958234161139 -0.01230676658451557 
0.002238382818177342 0.004024061840027571 -0.005390958394855261 
-0.003692277241498232 -0.004001548048108816 -0.01425000000745058 
0.0008560300339013338 0.004032673314213753 -0.006602802313864231 
-0.01146856043487787 -0.001610432518646121 -0.00810656975954771 
-0.01172529626637697 0.002940769772976637 0.0005689437966793776 
0.0009040255099534988 0.004657013341784477 -0.0136464536190033 
-0.008202778175473213 -0.001914998050779104 0.002000560285523534 
-0.007583581376820803 0.007151010911911726 -0.00316011649556458 
-0.006419321987777948 -0.0005750516429543495 -0.0003343230346217752 
0.002582238055765629 -0.007405756041407585 -0.002749999985098839 
0.001347083947621286 -0.008462353609502316 -0.01195007003843784 
-0.001715532969683409 -0.006080911494791508 -0.004725501872599125 
-0.009013677947223186 0.001053112559020519 0.0008993220399133861 
0.003445513313636184 -0.008507366292178631 -0.002890252973884344 
0.001104677910916507 -0.004985236097127199 -0.01424999907612801 
0.000723181408829987 -0.00635929498821497 -0.01425000000745058 
-0.0132286362349987 0.005109273828566074 -0.01116916071623564 
-0.004962270148098469 -0.000982105266302824 -0.01424999907612801 
-0.007438572589308023 -0.002784355543553829 0.0002504413423594087 
0.001900279079563916 -0.0007052255095914006 -0.006250000093132257 
0.003197128418833017 0.003326005768030882 -0.006181456614285707 
-0.01113129872828722 -0.001435634796507657 -0.001532232156023383 
-0.006846454925835133 -0.002956473035737872 -0.007591822184622288 
0.001919071888551116 -0.006500252988189459 -0.004171696025878191 
-0.0007128133438527584 0.001734947087243199 -0.01027495414018631 
-0.003600430442020297 0.003906812984496355 -0.01425000000745058 
-0.00121064274571836 -0.007669608108699322 -0.01347997039556503 
0.001575725851580501 -0.008239421993494034 -0.006250000558793545 
-0.001320595620200038 0.0006992080016061664 -0.01021779514849186 
-0.008405674248933792 0.004565641283988953 0.0009084530174732208 
-0.001588854473084211 -0.002579775173217058 -0.01071685738861561 
-0.004025231581181288 0.001691597746685147 -0.00246283714659512 
0.0006004389142617583 -0.006355928722769022 -0.01145000103861094 
0.002426522318273783 -0.006903354078531265 -0.002911245916038752 
-0.008860373869538307 -0.002371065085753798 -0.005870864726603031 
-0.01255979854613543 0.0003358676331117749 -0.01375372149050236 
-0.0007039178162813187 0.003153093624860048 -0.008408080786466599 
-0.009000108577311039 -0.002330446382984519 -0.006020291708409786 
-0.01254489831626415 0.002821447793394327 -0.008598172105848789 
-0.01011024229228497 -0.0001372648403048515 -0.01425000000745058 
-0.00912807509303093 -0.002293248893693089 -0.006570870988070965 
-0.004876021295785904 -0.0007448975229635835 -0.00239041680470109 
-0.0005200192099437118 0.001401815330609679 -0.01090391725301743 
-0.006311722099781036 -0.003111909609287977 -0.002869388088583946 
-0.004092721734195948 0.0005132846999913454 -0.01424999907612801 
-0.01355569995939732 0.003625134937465191 -0.008234739303588867 
-0.004332303069531918 0.0005216061254031956 -0.00247348053380847 
0.001828873995691538 -0.002471923362463713 -0.01425000093877316 
-0.01023473497480154 9.8584801889956e-05 -0.001868447056040168 
-0.01071035116910934 0.000295548583380878 0.0003006574988830835 
-0.005532718263566494 0.003669403260573745 0.0007891128771007061 
-0.01146218739449978 0.006101923994719982 -0.006789425387978554 
-0.009236298501491547 0.004455552436411381 -0.009817387908697128 
0.005379367619752884 -0.001499371021054685 -0.01145000010728836 
-0.002144378609955311 -0.001888891565613449 -0.008264070376753807 
-0.01292220503091812 0.0009819872211664915 -0.0101280165836215 
-0.007839403115212917 0.002522476017475128 0.0005854722112417221 
0.001963677350431681 -0.007750821299850941 -0.01145000010728836 
-0.003907399717718363 -0.003915588837116957 -0.009570094756782055 
-0.001865673460997641 0.002784451935440302 -0.01424999907612801 
-0.007856419309973717 0.0001902214426081628 0.002143885940313339 
-0.01053526438772678 0.004956407938152552 -0.003502088133245707 
-0.006627629976719618 -0.0009596545714884996 3.139183900202624e-05 
0.003289067652076483 -0.004119946621358395 -0.01151617616415024 
-0.01039536669850349 0.002443102654069662 -0.0005893371999263763 
-0.0006850162171758711 0.002634634962305427 -0.01425000000745058 
-0.001257783733308315 0.0007538230856880546 -0.0140337198972702 
-0.008721704594790936 0.006356018595397472 -0.001672182697802782 
0.002014524536207318 0.0006070196977816522 -0.01145000010728836 
0.003457752056419849 -0.007170579396188259 -0.006250000558793545 
-0.006308989599347115 -0.003112704027444124 -0.002712397137656808 
-0.01411927212029696 0.001843712059780955 -0.01138422079384327 
-0.01386480778455734 0.0001428634859621525 -0.01271979510784149 
0.005892037414014339 -0.004752425011247396 -0.01392456330358982 
-0.007039980031549931 -0.002900218823924661 -0.005287837702780962 
-0.003885960672050714 0.003736692946404219 -0.002190399449318647 
-0.01126202382147312 -0.001672950689680874 -0.003329379018396139 
-5.577217234531417e-05 0.004860131070017815 -0.01424999907612801 
-0.00233724364079535 0.003485882189124823 -0.002737371018156409 
-0.008737482130527496 -0.001050551305525005 0.0004845307557843626 
-0.0109601030126214 0.00414191372692585 -0.01071407552808523 
-0.01424734853208065 0.001909020356833935 -0.01052394974976778 
-0.01160101313143969 0.002992884488776326 0.000839461456052959 
0.004947656765580177 -0.00381297362037003 -0.01145000010728836 
-0.0001774623960955068 0.004132433328777552 -0.01425000000745058 
0.003299242351204157 0.00183235970325768 -0.01145000010728836 
-0.01127558201551437 -0.001047830795869231 4.954000905854627e-05 
-0.01245036255568266 0.00738903833553195 -0.01151633448898792 
-0.01028109155595303 0.005769379436969757 0.001557747833430767 
-2.267147647216916e-05 -0.004000535700470209 -0.00624999962747097 
-0.00530709233134985 0.006489279214292765 -0.008371182717382908 
-0.008427619934082031 -0.00102665473241359 4.920285209664144e-05 
-0.006982126273214817 -0.002917035715654492 -0.004577398300170898 
-0.003679207758978009 0.006016083527356386 -0.004232311621308327 
-0.001484248670749366 9.821574349189177e-05 -0.00677249813452363 
-0.0102638890966773 0.005628170911222696 -0.007764536887407303 
-0.00996861420571804 0.003088518977165222 -0.01422571018338203 
-0.007941910065710545 0.003980199340730906 0.000857125036418438 
-0.01047127414494753 -0.0003186141839250922 0.002479855669662356 
0.004104907158762217 -0.008200463838875294 -0.005981017835438251 
-0.01032601110637188 0.002406925661489367 0.00224075629375875 
-0.001481552491895854 0.0001038182526826859 -0.006571541540324688 
7.32183107174933e-05 -0.003017489798367023 -0.01425000000745058 
-0.01423927582800388 0.0007158452062867582 -0.00789178628474474 
-0.002199353883042932 -0.001060693524777889 -0.002749999985098839 
0.001357039087451994 0.004460835829377174 -0.01385356206446886 
-0.001325300778262317 -0.0006681358790956438 -0.00650307908654213 
-0.01016526389867067 0.001718875719234347 -0.01001385413110256 
-0.005192191805690527 -0.003437335835769773 -0.004214922897517681 
-0.004793876782059669 -0.0035531185567379 -0.005919075571000576 
-0.01105396077036858 0.00777114275842905 -0.006837502587586641 
-0.01015427429229021 0.003069302998483181 -0.0002388449356658384 
-0.004006214439868927 0.006111138500273228 -0.006517087109386921 
0.001699186628684402 -0.006137311924248934 -0.01369926985353231 
-0.01165873650461435 -0.001557633746415377 -0.004946352913975716 
-0.002202871022745967 -0.005335548892617226 -0.003621588461101055 
-0.008123831823468208 -0.0004561597015708685 -0.0005416538333520293 
-0.006281130947172642 0.0003261757083237171 0.0001258117845281959 
-0.00199088966473937 -0.004551657475531101 -0.002749999985098839 
-0.01060920115560293 0.001467056572437286 -0.0009267047280445695 
0.001446262933313847 0.0006320071988739073 -0.002749999985098839 
-0.002188501879572868 0.005582763347774744 -0.003631952218711376 
-0.01045243628323078 0.003628443228080869 -0.01066044811159372 
-0.01052955444902182 -0.001885865465737879 0.001587099628522992 
-0.01290016900748014 -0.001157616265118122 0.0006097208242863417 
-0.01439233589917421 0.001463613356463611 -0.01041077170521021 
6.245281110750511e-05 0.002917647361755371 -0.002749999985098839 
0.004006424453109503 0.002547652460634708 -0.01264291629195213 
0.005088986363261938 -0.0008110139751806855 -0.002749999985098839 
-0.0057469317689538 0.001031737774610519 -0.01425000093877316 
0.001350661739706993 0.0005822699167765677 -0.005578190088272095 
-0.008132871240377426 -0.0001881142379716039 -0.0009914617985486984 
0.0006485836929641664 0.004742482677102089 -0.003163139801472425 
0.001614413107745349 -0.005276961717754602 -0.01315919868648052 
0.005677040200680494 -0.0001957868516910821 -0.01149284280836582 
-0.001248528249561787 -0.007491277530789375 -0.003419526852667332 
-0.01067779026925564 -0.00184277631342411 -0.01327898539602757 
-0.003458047052845359 0.005951796192675829 -0.006676566787064075 
-0.0009635536116547883 -0.001124899834394455 -0.01249078754335642 
-0.009239386767148972 0.006039929576218128 9.205218702845741e-06 
-0.0147066954523325 -0.0006014659302309155 -0.008070566691458225 
0.003870018757879734 -0.00433755200356245 -0.005890824366360903 
-0.01479123253375292 0.0001671634963713586 -0.009512425400316715 
-0.001956584863364697 0.00551535002887249 -0.00695584574714303 
-0.01172618847340345 0.008355188183486462 -0.009050658904016018 
0.001545247505418956 0.00439116358757019 -0.0117246238514781 
0.003751432057470083 -0.007576446048915386 -0.01145000010728836 
-0.009697606787085533 -0.001135316677391529 0.0009084510384127498 
0.006086596753448248 -0.003245651256293058 -0.01425000000745058 
-0.003565873252227902 -0.004122042562812567 -0.0104435607790947 
0.001236780546605587 -0.0007923826342448592 -0.004353620577603579 
-0.001127758296206594 0.005274425726383924 -0.01348896510899067 
-0.001324928016401827 -0.001382476417347789 -0.01063303649425507 
-0.00251950859092176 -0.004220630973577499 -0.007545412983745337 
-0.01271028816699982 0.004739569500088692 -0.01249246578663588 
-0.003611949272453785 -0.004094189498573542 -0.006698918528854847 
-0.01083124708384275 0.0004479914787225425 -0.001176567398943007 
-0.009781952947378159 0.002243169583380222 0.0006456452538259327 
0.0004738900461234152 -0.001414881204254925 -0.006153592374175787 
-0.002818045439198613 0.002193809719756246 -0.01425000093877316 
-0.001624200027436018 -0.005766237154603004 -0.01126876287162304 
0.001249470398761332 -0.002314477926120162 -0.002750000217929482 
-0.005039433017373085 0.006411475129425526 -0.0005897865630686283 
-0.01228058151900768 -0.0006241402006708086 -0.002644953550770879 
-0.000339401129167527 -0.005088531412184238 -0.01145000010728836 
-0.005987572018057108 0.003172475844621658 0.001276962459087372 
-0.005756031721830368 0.00661977706477046 -0.01336225029081106 
-0.01122728176414967 -0.001683049602434039 -0.002186489524319768 
-0.0140073811635375 0.002863765927031636 -0.009277274832129478 
0.0006933251861482859 -0.001314713968895376 -0.004890295211225748 
0.00607287185266614 -0.002137706149369478 -0.005945481359958649 
-0.01265145093202591 0.005107592791318893 -0.01243222132325172 
-0.01154116913676262 0.006668854504823685 -0.01318164076656103 
-0.01187004521489143 0.00315498118288815 -0.006509167142212391 
-0.002988549880683422 -0.004501386545598507 -0.01150166802108288 
0.0004559247463475913 -0.001401207759045064 -0.004732459783554077 
-0.01355157606303692 0.004152607172727585 -0.01084199082106352 
-0.002610797295346856 -0.000560220330953598 -0.01425000093877316 
-0.001270008739084005 0.001316123176366091 -0.008974662981927395 
0.0009636592585593462 0.001120831118896604 -0.003800044301897287 
-0.01041276752948761 0.005377821158617735 -0.004184793215245008 
0.002818293636664748 -0.0001537866191938519 -0.002749999985098839 
-0.007545141503214836 0.00477290665730834 -0.01424999907612801 
-0.001248803455382586 -0.0008301163325086236 -0.01083020865917206 
-0.001721376786008477 0.004026321694254875 -0.01424999907612801 
-0.002843861002475023 -0.004652256146073341 -0.01292513124644756 
-0.0002207950747106224 0.003203136380761862 -0.007348883431404829 
-0.01102302223443985 -0.001102410024031997 -0.01006798073649406 
-0.008379533886909485 -0.001846283674240112 -0.01424999907612801 
-0.005572735797613859 0.002199767855927348 -0.01425000093877316 
0.00221499870531261 -0.004369904287159443 -0.0121350958943367 
-0.003940136171877384 0.002760386560112238 -0.01425000000745058 
-0.005225668661296368 0.0064656101167202 -0.01363362930715084 
0.001934200990945101 0.00417664460837841 -0.01341625768691301 
-0.0004756348789669573 -0.007932523265480995 -0.01163025200366974 
0.000502728100400418 -0.001392491976730525 -0.01415394246578217 
-0.01047858688980341 0.004749622195959091 -0.01072769239544868 
-0.01081779599189758 0.0008385427063331008 -0.0003116575535386801 
-0.005931270308792591 0.001831986475735903 0.000430009444244206 
-0.005670541897416115 -0.003298288676887751 -0.01169566996395588 
-0.01255966350436211 -0.000413336994824931 0.0009174765436910093 
0.003469864372164011 -0.008352940902113914 -0.00624999962747097 
-0.01143755856901407 0.002669165143743157 -0.002419170457869768 
-0.003842735663056374 0.002195816719904542 -0.01425000093877316 
-0.001491336151957512 0.005380110815167427 -0.008575489744544029 
-0.009732414968311787 0.00777563638985157 -0.002239349763840437 
-0.0003377241082489491 0.00371939386241138 -0.007829571142792702 
0.003130022902041674 0.001594927976839244 -0.00624999962747097 
0.003525356063619256 0.002277299528941512 -0.006250000558793545 
-0.002307471353560686 -0.002990925451740623 -0.01425000000745058 
-0.01105855498462915 -0.001555197057314217 -0.008570102043449879 
0.003011186607182026 0.001554257236421108 -0.01145000010728836 
-0.004773028194904327 0.006097816862165928 0.0007045638049021363 
-0.002530646976083517 0.005682218819856644 -0.002811810933053493 
0.00230137980543077 -0.0001648021570872515 -0.006250000093132257 
-0.009380940347909927 -0.002019019098952413 0.0007275340030901134 
-0.01241384912282228 0.00764784961938858 -0.008292867802083492 
0.002477969042956829 -0.003792103845626116 -0.01145000010728836 
0.005281194113194942 -0.006688682828098536 -0.006250000093132257 
0.002196301473304629 -0.008637900464236736 -0.00558441411703825 
-0.001943088602274656 -0.005704017356038094 -0.004535382147878408 
-0.01061044260859489 0.003146959468722343 -0.01414242200553417 
-0.004695970099419355 -0.003587598446756601 -0.0133869769051671 
0.006036658771336079 -0.00162522098980844 -0.003301784861832857 
-0.004946783185005188 0.006384543608874083 -0.01326336525380611 
-0.008470299653708935 -0.002484452212229371 -0.01303459145128727 
0.0002882751869037747 -0.006508157588541508 -0.006250000093132257 
-0.008882297202944756 0.00334643991664052 0.0008851074962876737 
-0.009730439633131027 0.001578584546223283 0.0008026471477933228 
0.0003330955514684319 -0.00304716918617487 -0.01145000010728836 
-0.006372279487550259 -0.003094306914135814 -0.00672575319185853 
0.0002592626260593534 0.002375388285145164 -0.006675118580460548 
-0.006089120171964169 0.006716599687933922 -0.009882106445729733 
0.004453557543456554 -0.004298186860978603 -0.01145000010728836 
-0.008508938364684582 0.002654463751241565 -0.002005158690735698 
-0.001462490647099912 0.0001162167172878981 -0.005240132100880146 
0.002171756001189351 0.002908368594944477 -0.01145000010728836 
-0.0004502535448409617 0.003444416215643287 -0.009816464968025684 
-0.007834084331989288 0.0008820261573418975 -0.001050753053277731 
0.004569338634610176 -0.001618509879335761 -0.002749999985098839 
0.005696156062185764 -0.005482234992086887 -0.01260003354400396 
-0.006199151277542114 0.006748584099113941 -0.007362377364188433 
-0.006702998653054237 -0.00299817300401628 -0.01423373073339462 
0.003166696056723595 -0.00299455039203167 -0.002749999985098839 
-0.009906931780278683 0.003861726028844714 0.002239350462332368 
-0.007151897065341473 -0.001348525285720825 0.00104145985096693 
-0.01095043309032917 -1.558996154926717e-05 -0.001198941376060247 
-0.008248177357017994 0.007344196550548077 -0.00877105351537466 
0.0007299487479031086 0.002124375198036432 -0.01425000000745058 
0.003209827234968543 -0.004113072529435158 -0.005392569117248058 
-0.01215239800512791 0.001712535857222974 -0.01058678887784481 
-0.012363126501441 0.003617893671616912 -0.009830346331000328 
0.004214710555970669 0.002329250564798713 -0.005199122242629528 
-0.001525175524875522 0.001523320330306888 -0.01424999907612801 
-0.01220586616545916 0.008494622074067593 -0.01041247695684433 
-0.008349981158971786 0.003797662677243352 0.0009249344584532082 
-0.0007742694579064846 0.0012507364153862 -0.002840685192495584 
0.003475473495200276 -0.002419296884909272 -0.01145000010728836 
0.00167746830265969 8.426488057011738e-05 -0.01145000010728836 
0.004851432517170906 -0.007518665865063667 -0.003546859603375196 
-0.0120493583381176 -0.0002523731091059744 -0.004722735844552517 
-0.00418039970099926 0.0006315173814073205 -0.002512142527848482 
0.005220912396907806 -0.006913628429174423 -0.0129894195124507 
-0.004200133960694075 0.00616750679910183 -0.003609766950830817 
-0.01033388637006283 0.0003113632556051016 0.0006518088630400598 
0.003567282110452652 -0.008459910750389099 -0.005032458808273077 
-0.009551833383738995 0.004952365532517433 -0.001133565208874643 
-0.01160308718681335 0.005672136787325144 -0.01006446685642004 
-0.01312545500695705 -0.001128716627135873 -0.0003968044184148312 
-0.0110034067183733 0.003904302604496479 -0.002567589981481433 
-0.01059118565171957 -0.000303868087939918 -0.01425000000745058 
-0.009410586208105087 -0.002211128594353795 -0.00653765955939889 
0.004104853142052889 0.00162274984177202 -0.01145000010728836 
0.001450118608772755 -0.0002733558358158916 -0.01216488983482122 
0.001752859679982066 0.001453766599297523 -0.002749999985098839 
0.0008395728073082864 0.003479470266029239 -0.01117086224257946 
-0.009870940819382668 0.007450662087649107 -0.002810904989019036 
-0.01219199970364571 0.002681295853108168 -0.01038069743663073 
-0.0003827227337751538 -0.00403111195191741 -0.006270540878176689 
-0.004996932577341795 0.002147676190361381 -0.001610222505405545 
0.002173280343413353 -0.001377809676341712 -0.002749999985098839 
0.005204543471336365 0.0008733911090530455 -0.00604080967605114 
0.005967441014945507 -0.002777331275865436 -0.006250000093132257 
0.004153241403400898 -0.008164969272911549 -0.01365222875028849 
0.005235827062278986 -0.002668884582817554 -0.006250000093132257 
-0.00108418776653707 -0.001711200107820332 -0.006773938424885273 
0.005820147693157196 -0.0007288368651643395 -0.004272403195500374 
-0.009765895083546638 -0.001691578421741724 0.002568659838289022 
-0.01210907939821482 0.001783807529136539 0.0004512617888394743 
0.004170519299805164 -0.004605934023857117 -0.01256203092634678 
-0.01125927828252316 -0.001673748949542642 -0.004323525354266167 
0.004045322071760893 -0.006675130687654018 -0.01385532319545746 
0.001590247848071158 -0.005792680662125349 -0.003240878693759441 
-0.01137210708111525 0.00646622572094202 -0.01006468757987022 
-0.004389434587210417 -0.003703039139509201 -0.01304630097001791 
-0.004433004185557365 -0.003675660351291299 -0.004124072846025229 
0.001152638578787446 0.00244129216298461 -0.01425000093877316 
-0.002227199031040072 -0.002739283721894026 -0.009870022535324097 
-0.001105281757190824 0.001697355648502707 -0.00827704556286335 
-0.01149172522127628 0.003896351903676987 0.0004593852208927274 
-0.009018915705382824 -0.0005436394130811095 0.002492947038263083 
-0.008373519405722618 0.006693394854664803 -0.001832662848755717 
-0.002242827555164695 -0.005258748773485422 -0.006271863356232643 
-0.01032771170139313 0.005105833988636732 -0.01409003976732492 
0.004158358089625835 -0.00816121231764555 -0.01352770812809467 
0.005475395359098911 -0.006241695489734411 -0.004749181680381298 
0.000374415802070871 -0.003999786917120218 -0.002749999985098839 
-0.01033935137093067 -0.0002275878796353936 -0.01425000000745058 
-0.01201409660279751 -0.0001310642983298749 -0.003619531402364373 
0.005448144860565662 -0.006335443817079067 -0.01275894232094288 
-0.001105694333091378 -0.003824593033641577 -0.01425000000745058 
-0.001463541761040688 -0.006135336123406887 -0.01424999907612801 
-0.001623006071895361 -0.00240724440664053 -0.007077944930642843 
-0.001352963852696121 0.005339888390153646 -0.009222600609064102 
0.001645340234972537 0.001061361748725176 -0.01425000000745058 
-0.004003101959824562 0.006110233254730701 -0.01393252052366734 
-0.01066771242767572 -0.001043926109559834 0.00248517538420856 
0.005284871906042099 -0.003570767119526863 -0.01145000010728836 
-0.01245260797441006 0.005671801511198282 -0.007447969168424606 
-0.01229183189570904 -0.000174471759237349 -0.007800639607012272 
-0.00867808423936367 0.007469161879271269 0.0006582045461982489 
-0.009065734222531319 -0.002311370568349957 0.0008298582397401333 
-0.009962199255824089 0.00391354551538825 -0.0006170350825414062 
-0.01289474219083786 -0.0003001108416356146 -0.0005028180312365294 
-0.009557687677443027 -0.002168369246646762 0.002156348433345556 
-0.01087692193686962 -0.001072927028872073 0.0005615662666969001 
-0.008631828241050243 0.007455716840922832 -0.01193467620760202 
0.00551861384883523 -0.00609301496297121 -0.004425213672220707 
0.002713185269385576 0.003683558199554682 -0.01347030140459538 
0.001886286656372249 0.003556004725396633 -0.002749999985098839 
0.003653617575764656 -0.006934104952961206 -0.005988975055515766 
0.0003310576139483601 0.004850375466048717 -0.006834960076957941 
-0.01034300494939089 -0.001940091955475509 -0.007197543978691101 
-0.007362211123108864 -0.002806552452966571 -0.009762948378920555 
-0.01164125930517912 0.003002001438289881 0.0007331321248784661 
-0.01361557748168707 0.002033765660598874 -0.007565759588032961 
-0.01055008731782436 -0.001879896968603134 -0.004860905464738607 
-0.01192654296755791 -0.001479787519201636 -0.01394267193973064 
-0.002404658123850822 0.004881801083683968 -0.0026862733066082 
-0.0081661157310009 -0.002572872675955296 -0.001513696508482099 
-0.003886697115376592 0.006076396908611059 -0.008379324339330196 
-0.010245056822896 0.007924651727080345 -0.0001584303972776979 
-0.01203322876244783 -0.001448775874450803 -0.01070717722177505 
-0.001908090314827859 -0.005503363907337189 -0.01110186986625195 
-0.01096504181623459 0.005888995714485645 -0.001470194663852453 
0.004087881185114384 -0.006639366038143635 -0.01418080274015665 
-0.001332801883108914 -0.007081295363605022 -0.003790112212300301 
0.001780242891982198 0.00325872516259551 -0.01143407449126244 
-0.00209187064319849 -0.001239024451933801 -0.01425000000745058 
-0.008325538598001003 0.007366684265434742 -0.006454695481806993 
-0.002106903586536646 0.002813086146488786 -0.01425000000745058 
-0.01168250665068626 0.001482270075939596 -0.01072375942021608 
-0.00245925085619092 -0.003518899902701378 -0.002749999985098839 
-0.01234033517539501 0.007703734561800957 -0.008171706460416317 
-0.01099350489675999 -0.0004853709251619875 -0.008216672576963902 
-0.003882817691192031 0.006075269542634487 -0.003728607203811407 
0.004150263965129852 -0.006586942821741104 -0.01381593383848667 
-0.004420722369104624 7.637399539817125e-05 -0.01425000000745058 
0.001824028440751135 -0.0047749113291502 -0.005002256017178297 
-0.00682913651689887 0.000196930835954845 -0.01425000093877316 
-0.01354481466114521 0.003501031082123518 -0.008135383948683739 
-0.004319520201534033 -0.001621621078811586 -0.002678396180272102 
-0.01349718123674393 0.003197684651240706 -0.01191398035734892 
-0.002021671738475561 -0.005448440555483103 -0.00667561125010252 
-0.01306736469268799 0.001211847527883947 -0.009821861051023006 
-0.00967065617442131 0.004387921188026667 -0.008141407743096352 
0.0057950085029006 -0.00514216348528862 -0.005943753756582737 
0.001264013233594596 -0.002665953943505883 -0.002749999985098839 
-0.01011175289750099 0.004227249883115292 -0.01416576933115721 
-0.01251980010420084 0.001428459421731532 -0.01358295604586601 
-0.01159893721342087 0.002366238506510854 -0.007809357717633247 
-0.009608634747564793 0.007739655673503876 -0.003852882189676166 
0.005614057648926973 -0.004435187205672264 -0.002749999985098839 
0.001413863268680871 -0.008481764234602451 -0.003993041813373566 
-0.007299897726625204 -0.002824665745720267 -0.006079355720430613 
0.001269952510483563 -0.008242263458669186 -0.002749999985098839 
-0.008389182388782501 0.0008742622449062765 -0.01425000000745058 
-0.001222307793796062 -0.0008637276478111744 -0.00628863787278533 
-0.00604134239256382 0.006702710874378681 -0.01089377515017986 
-0.002387996530160308 0.001997680403292179 -0.01424999907612801 
-0.01106903702020645 -0.0005419898079708219 0.0001350576203549281 
-0.009662274271249771 -0.002137967385351658 -0.01335414312779903 
-0.006965081673115492 -0.002921990351751447 -0.001220114761963487 
-0.01211564149707556 -0.001424819929525256 -0.01255904976278543 
-0.007714155595749617 0.007188966497778893 -0.00803957786411047 
-0.001667257980443537 -0.000229233643040061 -0.00941542349755764 
0.002703082282096148 0.003649220103397965 -0.01145000010728836 
-0.008294066414237022 -0.002535679610446095 -0.01334193907678127 
-0.01074870862066746 0.006069112569093704 -0.01381121389567852 
0.000695801165420562 -0.007868570275604725 -0.006250000558793545 
-0.008685638196766376 -0.002421857323497534 -0.005991695448756218 
-0.01290731783956289 0.0009903681930154562 -0.01339125446975231 
-0.005198850762099028 0.006457814946770668 -0.0002360187354497612 
-0.009184170514345169 0.007616272661834955 0.001218807767145336 
-0.002525284420698881 -0.00391842145472765 -0.007700232788920403 
-0.008893098682165146 -0.002284389454871416 0.002297327620908618 
-0.002206476405262947 0.005587988998740911 -0.01253954786807299 
-0.001119107706472278 0.0009968529921025038 -0.006061771884560585 
0.003904755925759673 -0.002377625554800034 -0.01425000000745058 
-0.004420463927090168 -0.003691353369504213 -0.01145808957517147 
0.002687269123271108 -0.0004363520129118115 -0.006250000093132257 
-0.006406809203326702 0.006808945443481207 -0.01164767704904079 
0.00391594460234046 -0.008324029855430126 -0.01150287501513958 
0.005639211274683475 -0.003561441088095307 -0.002749999985098839 
0.004942341707646847 -0.003428375814110041 -0.002749999985098839 
-0.0004035987076349556 0.005063925869762897 -0.005880630575120449 
-0.001405087648890913 0.0008610093500465155 -0.002749999985098839 
0.004054629243910313 -0.007950868457555771 -0.002749999985098839 
-0.003424425143748522 -0.001481524435803294 -0.01424999907612801 
0.0005920944968238473 -0.001890747109428048 -0.01145000010728836 
0.00567303691059351 -0.005561769474297762 -0.006142516620457172 
-0.006752986460924149 0.005236209835857153 0.00231956085190177 
-0.00140913506038487 0.0005095074302516878 -0.006965510547161102 
-0.007393237669020891 0.007095681969076395 -0.007763010449707508 
-0.009738986380398273 -0.002115668728947639 -0.005995328072458506 
0.0009210204007104039 -0.007821442559361458 -0.01145000010728836 
-0.006175863556563854 0.006194833666086197 0.002175251487642527 
0.0006399582489393651 -0.001356548746116459 -0.01205967180430889 
0.001239174278452992 0.002259663539007306 -0.002749999985098839 
-0.01133065856993198 -0.0005497785750776529 -0.01050277054309845 
-0.005616450216621161 -0.003314012195914984 -0.006677383091300726 
-0.007355395704507828 0.007084681652486324 -0.01379335392266512 
-0.003369331825524569 0.005792100448161364 -0.00213868310675025 
-0.00765641313046217 0.003374191466718912 0.0006269127479754388 
0.004014694597572088 -0.00786408968269825 -0.01145000010728836 
-0.001284203492105007 -0.007111010141670704 -0.01143565215170383 
-0.005321323405951262 0.006493415683507919 -0.001871009939350188 
0.001481662504374981 -0.008501471951603889 -0.004353770054876804 
-0.006260471884161234 0.006261672358959913 -0.001003199140541255 
0.002420733217149973 0.003146958071738482 -0.002749999985098839 
0.00322852423414588 -0.008591422811150551 -0.01288274861872196 
-0.001414741738699377 0.0004899376071989536 -0.01193630043417215 
-0.01278560981154442 -0.0002337485493626446 -0.00126231275498867 
-0.005597898736596107 0.001958278706297278 -0.0006870293291285634 
0.001217153738252819 -0.0008284059003926814 -0.00387518247589469 
-0.01037967950105667 0.006515795364975929 0.001157105900347233 
-0.001218629186041653 -0.006598095409572124 -0.01425000000745058 
-0.008861959911882877 0.005565738305449486 -0.008931848220527172 
-0.00309964339248836 -0.001495916047133505 -0.002749999985098839 
0.001446319161914289 -0.0003300653770565987 -0.002914661075919867 
-0.01281942427158356 0.001700296066701412 -0.006837991997599602 
-0.01167222112417221 0.003688476514071226 -0.01371913217008114 
-0.0001359330781269819 -0.00236738077364862 -0.006296064704656601 
-0.007169472984969616 0.006532596424221992 0.0008512987405993044 
-0.0005225599161349237 0.003526683896780014 -0.008131260983645916 
0.0009708345169201493 0.003720860462635756 -0.006497691851109266 
-0.01111086830496788 0.008176326751708984 -0.01010950468480587 
0.001150155439972878 -0.005087666213512421 -0.01145000010728836 
-0.01244524773210287 0.006644551642239094 -0.01202988438308239 
-0.001149689429439604 -0.003118667285889387 -0.01113839168101549 
-0.00108883366920054 0.005263111088424921 -0.004913107492029667 
-0.004051838535815477 0.005004613660275936 -0.001735924510285258 
0.003240071469917893 -0.00411569606512785 -0.002971140434965491 
-0.004982301034033298 0.00586238969117403 0.0009259127546101809 
-0.001199048245325685 -0.00399655569344759 -0.006466101389378309 
-0.002645328175276518 -0.004785648547112942 -0.01022354885935783 
-0.0007268313784152269 0.003231558250263333 -0.008849418722093105 
-0.005318658892065287 -0.003400574438273907 -0.007363332901149988 
0.006128364708274603 -0.002999787451699376 -0.01172093860805035 
-0.01042601838707924 0.007977253757417202 -0.0002934289223048836 
0.004348679911345243 -0.00378314102999866 -0.01425000000745058 
-0.01086624246090651 0.00504012918099761 -0.002190895611420274 
-0.007161454763263464 -0.001278817653656006 0.001088326331228018 
0.0004933619638904929 0.001479971338994801 -0.002749999985098839 
-0.0004808175144717097 -0.002906354609876871 -0.006338240578770638 
0.003097307868301868 -0.004103310871869326 -0.003236585762351751 
-0.008200403302907944 7.326400373131037e-05 -0.001295485533773899 
0.004559988621622324 -0.0005154081154614687 -0.002749999752268195 
0.005979759152978659 -0.004387267865240574 -0.006032423581928015 
0.001781148603186011 -0.003130257129669189 -0.006250000558793545 
-0.007309125736355782 0.0001457937760278583 0.001739949686452746 
-0.007776422426104546 0.00720706582069397 -0.01251549273729324 
-0.01301017589867115 0.006115522235631943 -0.01062914449721575 
-0.01303396187722683 0.004164795856922865 -0.01229649595916271 
0.00108140695374459 0.004594979807734489 -0.01208083983510733 
0.0008600084111094475 -0.007203664164990187 -0.01145000010728836 
-0.007908174768090248 0.007245363667607307 -0.003031940665096045 
0.003124268027022481 0.001698399893939495 -0.006250000558793545 
-0.00560037000104785 0.006574529223144054 -0.01399125810712576 
-0.001013461500406265 -0.005517192184925079 -0.006295770406723022 
0.001595843932591379 -0.008534663356840611 -0.005770479328930378 
-0.007632901892066002 -0.002188007580116391 0.001413913210853934 
0.002502777380868793 -0.006942978128790855 -0.004262540955096483 
0.004656037781387568 0.001741222105920315 -0.01237131468951702 
-0.01126545667648315 0.00111806730274111 -0.00782364048063755 
0.00520025659352541 0.0008830904844217002 -0.01213910523802042 
-0.01239702105522156 0.0006486677448265254 -0.01062825135886669 
-0.0107086431235075 -0.001833808142691851 -0.01160478219389915 
-0.01114380173385143 0.003021487267687917 -0.002903270535171032 
-0.01215896755456924 -0.001412226120010018 0.0007860966143198311 
0.0002430195017950609 0.001466112677007914 -0.0131064411252737 
-0.0002109163615386933 -0.001777512021362782 -0.006350540090352297 
-0.004058543127030134 -0.003827652195468545 -0.008937518112361431 
-0.004713554866611958 -0.003577060997486115 -0.005834667012095451 
-0.008954951539635658 0.007549642119556665 -0.001637243432924151 
-0.01410194672644138 -0.0002709737455006689 -0.01257357373833656 
-0.002591259311884642 0.00243651308119297 -0.01425000000745058 
-0.01254746131598949 0.00417707534506917 -0.007117766886949539 
0.005119623616337776 -0.003474858356639743 -0.006250000093132257 
-0.01034771464765072 0.004636262077838182 0.00179740646854043 
-0.007418505847454071 0.0071030268445611 -0.01285769138485193 
0.006083228159695864 -0.002858743071556091 -0.002749999985098839 
-0.002716718707233667 -0.003771391464397311 -0.008382897824048996 
0.003255430143326521 -0.000244748720433563 -0.01424999907612801 
-0.003805830143392086 -0.003976988140493631 -0.0103095518425107 
-0.002317889127880335 -1.254372182302177e-05 -0.01425000093877316 
-0.006484190933406353 0.006831439211964607 0.001452920492738485 
-0.001450668089091778 0.0003756240475922823 -0.01086888648569584 
0.003985383547842503 0.002569714793935418 -0.01381635759025812 
-0.01028349250555038 0.007872968912124634 -0.00631793774664402 
-0.00136170198675245 0.0006162013742141426 -0.01043147593736649 
0.005899789743125439 -0.001049651065841317 -0.003446354996412992 
0.006047953385859728 -0.001785060972906649 -0.006163875106722116 
-0.001584802637808025 0.004494254477322102 -0.01425000000745058 
-0.005684486124664545 -0.00329423532821238 -0.005194909870624542 
-0.002215845510363579 0.005590712185949087 -0.003605988575145602 
0.004540478810667992 -0.001452967990189791 -0.01425000000745058 
0.001097551546990871 -0.008389818482100964 -0.01357975881546736 
-0.001858913572505116 -0.005844944156706333 -0.01178321521729231 
-0.0009298906079493463 0.005216909572482109 -0.01203975267708302 
-0.0104146022349596 -0.001919280271977186 -0.01202847436070442 
-0.002090715803205967 -0.002402484649792314 -0.01424999907612801 
-0.001939083565957844 0.00551026314496994 -0.009386084042489529 
-0.004276452120393515 0.0004719003336504102 -0.01425000093877316 
-0.01193786226212978 0.0006357798702083528 -0.005635805428028107 
-0.009846932254731655 0.002227891236543655 0.0006068029324524105 
-0.007986006326973438 -0.002625226741656661 -0.002160618547350168 
-0.006332667544484138 0.004335671197623014 0.001953536877408624 
-0.002754040528088808 -0.002840697998180985 -0.01424999907612801 
-0.002704106736928225 -0.004752852953970432 -0.01029333751648664 
-0.006402292288839817 0.006807633209973574 -0.003767132526263595 
0.001704473630525172 -0.008562568575143814 -0.005483976099640131 
-0.01063020154833794 0.008036606013774872 -0.0120803602039814 
-0.005710883066058159 0.001938939327374101 -0.0002416945062577724 
0.003661118447780609 -0.001192045980133116 -0.01425000000745058 
-0.009880467317998409 0.007209038361907005 -0.00326299318112433 
0.002373623196035624 3.193601150996983e-05 -0.006250000558793545 
-0.0127558596432209 0.006753528025001287 -0.01113139372318983 
-0.007423761300742626 0.005729581229388714 -0.01425000093877316 
0.005955993197858334 -0.004486197140067816 -0.01176800299435854 
-0.01147009432315826 0.008280747570097446 -0.01159916818141937 
-0.008589677512645721 0.004625750705599785 -0.001983304973691702 
-0.01202076859772205 0.006515806540846825 -0.01270921528339386 
-0.01126318611204624 -0.0009430358768440783 -0.01421020273119211 
0.0006106662913225591 0.00476348539814353 -0.01141840498894453 
0.001693408819846809 -0.006119033321738243 -0.005385654978454113 
-7.358532457146794e-05 0.004369201604276896 -0.007628248538821936 
0.001006855862215161 -0.00437046866863966 -0.01425000000745058 
-0.003012780100107193 -0.004479569382965565 -0.00726608419790864 
-0.004607449285686016 -0.003620935138314962 -0.01294704247266054 
-0.01129287388175726 0.008229231461882591 -0.007403006311506033 
-0.005340354982763529 0.0001664626179262996 -0.001865142257884145 
-0.01091205142438412 0.003660182701423764 -0.004039203748106956 
-0.01469237636774778 0.0001523202954558656 -0.01100250799208879 
-0.01441980339586735 -0.0007550438167527318 -0.009764608927071095 
-0.008526070043444633 0.00693222414702177 -0.008664019405841827 
0.001702008536085486 -0.008562191389501095 -0.006108522415161133 
-0.004263587761670351 -0.00156555965077132 -0.01424999907612801 
-0.01383602619171143 0.003453260753303766 -0.01016248762607574 
0.001694317092187703 0.001865341560915112 -0.01145000010728836 
-0.01233803760260344 0.003283763071522117 -0.008494017645716667 
-0.0005422011017799377 -0.006853138562291861 -0.002749999985098839 
-0.001084530027583241 -0.003753350116312504 -0.002749999985098839 
-0.01148400083184242 -0.0008762991637922823 -0.01417983416467905 
-0.01154123991727829 0.002532850950956345 -0.002294108271598816 
-0.008424378931522369 0.007395414635539055 0.000954443879891187 
-0.004954840056598186 -0.003506329609081149 -0.005433391313999891 
0.005198841448873281 -0.005980524234473705 -0.01425000093877316 
-0.004537495784461498 0.006265571340918541 -0.0002760801580734551 
-0.005019909702241421 0.006405800115317106 -0.01237319782376289 
-0.01029492169618607 0.007602876052260399 0.0007553169270977378 
-0.001490220776759088 -0.0001418576866853982 -0.009912162087857723 
-0.006700656376779079 0.003334287321195006 -0.01425000093877316 
0.004458938725292683 0.001195836812257767 -0.002749999985098839 
-0.001464632456190884 0.0002793052117340267 -0.005221969913691282 
-0.007495211437344551 0.002515689469873905 0.0001890121784526855 
-0.008352755568921566 -0.002518620109185576 -0.002447258681058884 
-0.008935227058827877 0.00754390936344862 -0.00240450631827116 
0.005273076705634594 -0.006794841028749943 -0.00498095341026783 
-0.006920446641743183 -0.001689382595941424 0.0003108273958787322 
-0.002838425803929567 -0.004645997658371925 -0.01216508448123932 
-0.0005910948384553194 0.003904626239091158 -0.01425000093877316 
0.001855615526437759 0.003682617330923676 -0.006265874020755291 
-0.008361136540770531 0.007377031724900007 -0.01166259124875069 
-0.002953109797090292 0.005805020686239004 -0.009524096734821796 
0.005490990355610847 0.0002252121339552104 -0.004070229828357697 
0.004528332501649857 -0.005732134915888309 -0.00328701757825911 
-0.008540911599993706 -0.0006033633835613728 -0.00150217954069376 
-0.009638875722885132 -0.001536919269710779 -0.001988270319998264 
-0.009372618980705738 0.002308235038071871 -0.01425000000745058 
-0.006549203768372536 0.006850337609648705 0.00109075615182519 
-0.01065219379961491 -0.001193999079987407 -0.001841672696173191 
-0.008569997735321522 0.003237778786569834 -0.002049208153039217 
-0.009827587753534317 0.007390954066067934 -0.004518138244748116 
-0.006240356247872114 -0.0001574777998030186 -0.0005731793353334069 
-0.0001569421729072928 -0.001481906045228243 -0.01349389273673296 
0.004074010066688061 0.0002035544603131711 -0.006250000093132257 
-0.002174238674342632 -0.003446080489084125 -0.01425000000745058 
-0.006791857536882162 0.001059553353115916 0.001517343334853649 
0.001456700963899493 -0.0001751147210597992 -0.01199911721050739 
-0.003552535083144903 0.005108627025038004 -0.002148579806089401 
-0.0005654776468873024 -0.003885185811668634 -0.002750000217929482 
-0.005241062492132187 0.004232382401823997 0.0004561234964057803 
-0.005547725595533848 0.00655922619625926 -0.01195144467055798 
-0.005223134532570839 -0.00342834135517478 -0.002935426775366068 
0.0007270470960065722 -0.001285455655306578 -0.01420708373188972 
-0.008940637111663818 0.005691514350473881 -0.008586535230278969 
0.002750814892351627 -0.0008428524597547948 -0.006250000093132257 
-0.009726875461637974 0.002479112939909101 -0.001750314375385642 
0.001444617635570467 0.0003277511859778315 -0.004404768813401461 
-0.003668487071990967 -0.0007292316877283156 -0.01425000000745058 
0.004166906233876944 -0.008154934272170067 -0.004428382962942123 
-0.01198400091379881 0.001560558681376278 0.0009221567888744175 
-0.01200727187097073 -0.00145632098428905 -0.005051282234489918 
-0.001423757523298264 -0.006773841101676226 -0.005535118747502565 
-0.002898261649534106 0.001542159472592175 -0.002740530297160149 
-0.01362263225018978 0.00356623250991106 -0.01137479953467846 
-0.01332994364202023 0.002442807191982865 -0.01255249790847301 
-0.01156730949878693 0.002925765467807651 -0.002025089226663113 
-0.008292887359857559 -0.002536022569984198 -0.01249871961772442 
-0.01222489029169083 -0.0007364272605627775 0.001490859896875918 
-0.006410990841686726 -0.003083053976297379 -0.004852371290326118 
0.003208894282579422 -0.002207491314038634 -0.01425000000745058 
-0.00133563531562686 -0.007065366022288799 -0.005200090352445841 
-0.001486756489612162 -0.006609831936657429 -0.005601790267974138 
6.584945367649198e-05 0.004927466623485088 -0.01348000019788742 
-0.001021696138195693 0.001746914116665721 -0.00805121473968029 
-0.00976601243019104 0.007602783851325512 -0.004496183712035418 
-0.006515078246593475 0.001483886851929128 0.001334586413577199 
-0.008660545572638512 -0.002429151441901922 -0.01279580965638161 
-0.01178001891821623 0.003361251438036561 2.412335379631259e-05 
-0.007266141939908266 0.007058737333863974 -0.01278135553002357 
-0.01115461066365242 -0.0004915892495773733 -0.001042232848703861 
-0.01194905396550894 0.001317728776484728 0.001082967035472393 
-0.0005775096360594034 -0.004413157235831022 -0.002749999985098839 
0.001633201143704355 -0.002907217713072896 -0.002749999985098839 
0.001881019445136189 0.004196379333734512 -0.0141122043132782 
-0.01194600947201252 0.006736618466675282 -0.01272244565188885 
-0.009021790698170662 0.003337084781378508 -0.01425000093877316 
-0.005063938908278942 0.006418598815798759 -0.007642732933163643 
-0.0005389589350670576 0.002047415589913726 -0.01425000000745058 
-0.01055735349655151 0.006409901659935713 -0.006148808635771275 
-0.01209220848977566 0.004650342743843794 -0.00879568699747324 
0.004232573322951794 -0.004242116585373878 -0.002749999985098839 
-0.007843500003218651 -0.0009718530345708132 -0.01425000000745058 
-0.002994805108755827 -0.00449687335640192 -0.00543354032561183 
-0.009131332859396935 0.004529432859271765 -0.009414343163371086 
-0.01087735034525394 0.005218262784183025 -0.007829879410564899 
-0.009892706759274006 0.0051126629114151 -0.01063594222068787 
-0.00993629265576601 -0.002058315789327025 -0.004567298572510481 
-0.005678272340446711 -0.000610652903560549 -0.01424999907612801 
0.004430410452187061 -0.006140314042568207 -0.00499279797077179 
0.001479005324654281 0.0001577837101649493 -0.01162477303296328 
-0.01052658446133137 0.002235641004517674 -0.007993641309440136 
0.006111366674304008 -0.003165456932038069 -0.005795731209218502 
-0.01411273423582315 -0.0007736377883702517 -0.007209572941064835 
0.00406911876052618 -0.007454134523868561 -0.01424999907612801 
0.001674689701758325 -0.002332677133381367 -0.01425000093877316 
-0.007326624821871519 0.007076319307088852 -0.005857191048562527 
-0.008384477347135544 0.007383816409856081 -0.005787616595625877 
-0.01072631310671568 0.007219221442937851 -0.0006835628882981837 
-0.0100643765181303 -0.0003872113884426653 0.0008666223147884011 
-0.010394636541605 0.007405275478959084 -0.001776872668415308 
-0.009248249232769012 0.006382683292031288 -0.0005987781914882362 
-0.003146377857774496 -0.004375627730041742 -0.0140012064948678 
0.005061543546617031 -0.0001630117476452142 -0.01425000000745058 
-0.01042191311717033 0.004241558723151684 0.001826709602028131 
0.004521172493696213 -0.005814667325466871 -0.003611521096900105 
-0.007875288836658001 0.005994250532239676 -0.002043775981292129 
-0.009321417659521103 0.006963199935853481 -0.01061482261866331 
0.001103852642700076 -0.002350188558921218 -0.01425000000745058 
0.005917462985962629 -0.002061790321022272 -0.01145000010728836 
-0.01174048241227865 0.001041825511492789 -0.005393702071160078 
-0.002293833764269948 0.00561338197439909 -0.009959730319678783 
-0.0004666830063797534 0.003730497555807233 -0.008145015686750412 
-0.00223152432590723 -0.00253526889719069 -0.009692549705505371 
0.005897606257349253 -0.00472924392670393 -0.0141631131991744 
-0.002884459681808949 -0.004443936515599489 -0.01425000000745058 
-0.007438096217811108 0.004415581934154034 0.002467434387654066 
-0.009454533457756042 0.001379819703288376 -0.00199833232909441 
-0.008101474493741989 0.002817774657160044 -0.01424999907612801 
-0.01182307675480843 -0.0009882781887426972 0.001912774285301566 
-0.009634936228394508 0.003759094281122088 -0.001512618851847947 
-0.0001566616992931813 -0.001473601907491684 -0.003559258300811052 
-0.009991977363824844 -0.002042128937318921 -0.002850770950317383 
0.003655011765658855 -0.002670034766197205 -0.01145000010728836 
-0.01398193277418613 -0.000882324471604079 -0.009369358420372009 
-0.005989884026348591 0.00257310806773603 0.001006776234135032 
-0.01014896295964718 0.002781489165499806 -0.008134126663208008 
-0.0009144661016762257 0.005212425719946623 -0.007376180961728096 
0.001735726022161543 -0.00625290535390377 -0.003266366198658943 
-0.01167417783290148 0.001038320711813867 -0.004651064518839121 
0.001637335168197751 -0.004328964278101921 -0.002750000217929482 
0.002799322362989187 0.003619917202740908 -0.01303649600595236 
-0.01025444641709328 0.007295630406588316 0.001028302358463407 
-0.01219302788376808 0.00613704975694418 -0.007309090346097946 
0.0004183176206424832 0.004546388983726501 -0.007043104618787766 
0.001118940417654812 -0.00307419546879828 -0.01425000000745058 
-0.01197690702974796 0.002637145575135946 -0.001130811870098114 
-0.0002275601145811379 0.005012755282223225 -0.006379414815455675 
-0.008687347173690796 0.00747185479849577 -0.01068920642137527 
0.002063481835648417 -0.001221241429448128 -0.002749999985098839 
0.001440913998521864 -0.0004107379936613142 -0.00377567857503891 
-0.001370794954709709 -0.003994781523942947 -0.01115444675087929 
-0.01264772098511457 0.002643668092787266 -0.009828325361013412 
-0.007105282973498106 -0.002533428138121963 0.0001012925495160744 
-0.001115578692406416 0.005270885303616524 -0.01311964355409145 
-0.005279073491692543 0.002420657780021429 -0.001057342626154423 
-0.002578310668468475 0.005696074105799198 -0.006275439634919167 
0.003787316381931305 -0.004294576589018106 -0.00468758586794138 
-0.01054936088621616 0.006606257054954767 0.0008427170105278492 
-0.004366806242614985 0.006215955130755901 -0.01236817426979542 
-0.003284720703959465 0.005901413969695568 -0.009915012866258621 
0.002093463903293014 0.002223399002104998 -0.002749999985098839 
0.00277372682467103 -0.004114717245101929 -0.01424999907612801 
-0.007826839573681355 -0.0003392292419448495 0.002055173739790916 
0.001373276696540415 0.0005136519321240485 -0.003256595227867365 
-0.01287338882684708 -0.000245890929363668 -0.0008330838172696531 
-0.008626539260149002 -0.001962209586054087 -0.000228213844820857 
-0.0006299022352322936 0.005129707977175713 -0.002892742166295648 
-0.01194044295698404 0.006020756438374519 -0.01298981904983521 
0.004322324879467487 -0.006348315626382828 -0.012470543384552 
-0.003149900119751692 -0.004373499192297459 -0.003141988767310977 
-0.008737746626138687 -0.0008018481312319636 -0.001655193394981325 
0.001654474064707756 -0.0026976412627846 -0.01145000010728836 
-0.01182208023965359 0.0005295106675475836 -0.003396164160221815 
0.005164014641195536 -0.001582292839884758 -0.002749999752268195 
-0.008779240772128105 0.007498566526919603 -0.01375741511583328 
-0.006360696628689766 -0.003097673645243049 -0.01161929406225681 
-0.01166393049061298 -0.0007951647276058793 0.001987242372706532 
-0.002677381271496415 0.005724871996790171 -0.01039631385356188 
-0.009288988076150417 0.005897845141589642 0.002248989418148994 
-0.008398756384849548 0.007168772630393505 -0.008918485604226589 
0.0003513051779009402 -0.005699001718312502 -0.01145000010728836 
-0.007455401588231325 -0.002779463771730661 -0.004664357751607895 
-0.009040113538503647 -0.00231881788931787 -0.01231944002211094 
0.0006623136578127742 0.003978881519287825 -0.01098684873431921 
0.006121931131929159 -0.003062494797632098 -0.0118256900459528 
0.001005462487228215 -0.001079438719898462 -0.005912262015044689 
0.004530036821961403 -0.005712490994483232 -0.004346164874732494 
-0.0005655325367115438 0.005110996775329113 -0.008847975172102451 
-0.00801886897534132 -0.002615674398839474 -0.01232503913342953 
-0.007437454536557198 -0.0001593944616615772 0.00177499302662909 
0.005192159209400415 -0.006979103200137615 -0.01245784945785999 
-0.003586646169424057 0.00269290478900075 -0.002510385122150183 
0.002564240479841828 7.066273246891797e-05 -0.002749999752268195 
-0.01086613722145557 -0.001788027700968087 -0.003022296354174614 
-0.0008511473424732685 -0.001228903885930777 -0.004109238274395466 
-0.01233754213899374 0.005762883927673101 -0.01258668303489685 
-0.01281130127608776 0.003724807407706976 -0.01273519173264503 
-0.01244525425136089 0.003494559787213802 -0.006930037401616573 
-0.006839607376605272 -0.001422070548869669 0.0002999658754561096 
-0.0112945232540369 0.002344408072531223 -0.004742641933262348 
0.0003844618331640959 -0.008182537741959095 -0.005801654886454344 
-0.004668485373258591 0.006303647998720407 -0.007260158192366362 
-0.006913023069500923 -0.002394246868789196 -0.0004799333983100951 
-0.006641041487455368 0.000299197097774595 -0.01425000093877316 
0.001589403953403234 -0.005790010560303926 -0.01271118968725204 
-0.01346806157380342 0.004485578741878271 -0.008794075809419155 
-0.003586221020668745 0.002665375592187047 -0.002513101324439049 
-0.01028948090970516 0.000460353447124362 -0.009204689413309097 
-0.01221035048365593 0.0008421771344728768 0.0008787061087787151 
-0.006707631051540375 0.006896389182657003 0.001460925908759236 
-0.0007912139990366995 -0.004615809302777052 -0.002749999985098839 
-0.01001760922372341 0.007657347247004509 -0.002359858248382807 
-0.0007017440511845052 -0.002601451240479946 -0.01126943156123161 
-0.0110476128757 -0.001735276076942682 -0.008113130927085876 
-0.007624540477991104 0.005338288843631744 -0.01425000000745058 
-0.003615321591496468 0.005498996470123529 -0.002035818994045258 
0.004916116129606962 -0.00427796458825469 -0.01425000000745058 
0.001034699496813118 -0.004865194670855999 -0.006250000093132257 
0.003196723759174347 -0.008594928309321404 -0.006066313479095697 
-0.01253279577940702 0.005381009075790644 -0.007443120703101158 
-0.0130703141912818 -0.0011473149061203 -0.01362902577966452 
-0.006596265360713005 0.001291102031245828 -0.01425000000745058 
-0.002301144879311323 -0.004215181339532137 -0.007246894296258688 
0.004058071877807379 0.0022827188950032 -0.01145000010728836 
-0.002933247480541468 0.005799247417598963 -0.009930308908224106 
0.0004067312693223357 -0.002150537678971887 -0.01425000000745058 
-0.004916168283671141 0.005963985342532396 0.0008683891501277685 
0.0002102253492921591 0.004885498899966478 -0.01246822439134121 
0.0002826612908393145 0.003300471231341362 -0.01425000093877316 
-0.01269451528787613 -0.001256552757695317 -0.01388291083276272 
-0.003870571963489056 -0.001980845583602786 -0.01425000000745058 
-0.005374135915189981 0.00127037288621068 -0.001476239529438317 
-0.007280400022864342 0.004033918958157301 0.002405589679256082 
0.005298326723277569 -0.005356647074222565 -0.006250000093132257 
-0.0007515869801864028 0.005165079608559608 -0.01217976957559586 
-0.009773977100849152 0.004365215077996254 -0.0008918671519495547 
-0.006816756445914507 -0.00296510593034327 -0.001301882090047002 
0.001218733727000654 -0.004331142641603947 -0.01145000010728836 
-0.009286284446716309 -0.001058180001564324 -0.001947503886185586 
0.004314705263823271 -0.008046397939324379 -0.01364242285490036 
-0.008951026014983654 -0.0007312035886570811 0.002470522187650204 
-0.006775761023163795 0.005652475170791149 -0.001578783616423607 
-0.001287816558033228 -0.001214244053699076 -0.01425000000745058 
-0.00617941515520215 -0.003150369040668011 -0.01183587592095137 
-0.00665765069425106 0.006881860084831715 0.001096830703318119 
0.004435338545590639 -0.006130831316113472 -0.01229159440845251 
-0.009281812235713005 -0.002248560544103384 -0.007605120539665222 
0.002438340103253722 -0.00867497269064188 -0.01378976553678513 
-0.004574646707624197 -0.003624383825808764 -0.003107210388407111 
0.005802313797175884 -0.005117031279951334 -0.003082640701904893 
-0.006269702687859535 -0.003124124370515347 -0.009947318583726883 
0.002375676529482007 0.003932920284569263 -0.01240841206163168 
-0.007428578101098537 -0.002139984164386988 0.001114727230742574 
0.002619855105876923 0.003464962355792522 -0.002749999985098839 
-0.001284825848415494 0.005320081952959299 -0.002982780337333679 
-0.01055287569761276 0.007219031453132629 -0.001577239367179573 
0.0008788100094534457 -0.008326235227286816 -0.006051347125321627 
-0.005604835227131844 0.006575827021151781 -0.0002730069973040372 
0.001120528555475175 -0.007448084652423859 -0.01425000000745058 
-0.0113847441971302 0.004707795567810535 -0.01371562480926514 
-0.009592227637767792 0.0030715421307832 -0.008906491100788116 
-0.001438034698367119 -0.006731973960995674 -0.00538939144462347 
-0.002231888240203261 0.005595375318080187 -0.004548368044197559 
-0.01082254480570555 0.006825644057244062 -0.0004936718614771962 
0.00216826144605875 -0.008633606135845184 -0.0115524884313345 
0.002247991506010294 -0.0004465793608687818 -0.01425000000745058 
-0.01116350386291742 0.008158618584275246 -0.009235397912561893 
-0.01108753308653831 0.003642894793301821 -0.002551505342125893 
-0.01143440697342157 -0.0006175966700538993 0.002115856623277068 
-0.00249715126119554 -0.003763071494176984 -0.009955521672964096 
-0.007750806398689747 -0.00269359489902854 -0.0008485621656291187 
-0.0006903756293468177 -0.004333146847784519 -0.01425000000745058 
0.00264348485507071 -0.001321694464422762 -0.01425000000745058 
0.0003160331398248672 0.002501572947949171 -0.01424999907612801 
-0.01020299270749092 0.003184531815350056 -0.010475710965693 
-0.006804802920669317 -0.001461019972339272 0.0001402447669534013 
0.005126724485307932 -0.005771685391664505 -0.002749999985098839 
0.00572145264595747 -0.005395210348069668 -0.00448302086442709 
-0.0140664130449295 0.002660683589056134 -0.01001262944191694 
0.002765563782304525 0.000590860319789499 -0.01425000000745058 
-0.0008227559737861156 -0.007275149691849947 -0.01144999917596579 
-0.01129984669387341 -0.001555298687890172 0.0002266598457936198 
0.005154115613549948 -0.00469793239608407 -0.01425000000745058 
0.00260608084499836 -0.000561560969799757 -0.01145000010728836 
-0.00411576172336936 -0.002906521549448371 -0.01425000000745058 
0.0002996336261276156 0.004859509412199259 -0.002908624708652496 
0.0004769826773554087 0.004806604702025652 -0.006386674009263515 
-0.01011394895613194 0.004981644451618195 0.001893821521662176 
-0.009253931231796741 0.002476260997354984 0.0008624371257610619 
0.002722882200032473 -0.000407762941904366 -0.01425000000745058 
0.00146760605275631 -1.235415402334183e-05 -0.01208565570414066 
-0.006985835265368223 -0.001660461304709315 0.0005663594929501414 
-0.01353775709867477 -0.001011437969282269 -0.01319371163845062 
-0.01219605654478073 0.008293765597045422 -0.008229320868849754 
-0.007808715105056763 0.004341365303844213 -0.001965071773156524 
-0.01212115306407213 0.0006829935591667891 -0.006036106497049332 
0.003804365172982216 -0.006877618376165628 -0.006039951462298632 
-0.008637374266982079 -0.0002096371026709676 0.00244083721190691 
-0.01136389560997486 0.007440065033733845 -0.009194465354084969 
-0.01037442963570356 -0.001631956081837416 0.002545356750488281 
-0.007650542072951794 0.007170476019382477 -0.006920790299773216 
-0.01251027453690767 0.00580300111323595 -0.01235592924058437 
-0.01053613144904375 0.002177427290007472 -0.007998373359441757 
-0.006181646604090929 0.00534222973510623 0.002058219397440553 
0.001351466053165495 -0.0005818870849907398 -0.01422284170985222 
-0.00660991296172142 0.006867984309792519 -0.01107230968773365 
-0.007501986809074879 0.007127292919903994 -0.004177449736744165 
0.001577458577230573 -0.005702932365238667 -0.004118782468140125 
-0.007743909023702145 -0.001561707118526101 -0.01425000000745058 
-0.009489278309047222 -0.002188254147768021 -0.0091724693775177 
0.001675089122727513 0.004299798980355263 -0.003384222975000739 
-0.001992710866034031 -0.00379816023632884 -0.007028612773865461 
0.001624672440811992 -0.005901583470404148 -0.01402069628238678 
-0.01228147931396961 -0.000380191660951823 0.001287540886551142 
-0.002234497107565403 -7.57800808059983e-05 -0.01425000000745058 
-0.01198364328593016 0.001627807971090078 -0.001950220204889774 
0.0056079076603055 -3.935103450203314e-05 -0.01305162347853184 
-0.008378691039979458 -0.000639983918517828 0.0001404152862960473 
-0.008134233765304089 0.001552998553961515 -0.01425000000745058 
-0.007573171518743038 0.001805612584576011 -2.610253795864992e-05 
-0.006869451142847538 0.004336530808359385 -0.001163699547760189 
-0.01154321525245905 0.005198195576667786 -0.01349512115120888 
-0.004517576191574335 0.005652477033436298 -0.0007084390381351113 
-0.006036611273884773 0.001817271346226335 0.0007349122315645218 
-0.01235578767955303 -0.001306547434069216 -0.003762748092412949 
-0.01213512383401394 0.0006992743001319468 0.001074971747584641 
0.005024698562920094 -0.001332707819528878 -0.01425000000745058 
-0.008052519522607327 0.0007600043900310993 0.0002565052127465606 
0.0006456675473600626 -0.00772187951952219 -0.006250000093132257 
-0.002250147052109241 -0.003001195611432195 -0.01424999907612801 
0.003993875347077847 -0.002801405731588602 -0.01145000103861094 
0.000417733535869047 -0.00235696928575635 -0.002749999985098839 
0.002149475738406181 -0.00675938930362463 -0.01232936326414347 
-2.540687819418963e-05 -0.001497459714300931 -0.01296302396804094 
0.0001115431805374101 -0.001493474235758185 -0.005744786933064461 
-0.009757978841662407 0.005087104625999928 -0.0079549765214324 
-0.004365511704236269 0.006215579807758331 -0.005002467893064022 
-0.0005346718244254589 -0.001388541422784328 -0.004395558498799801 
-0.001450927695259452 -0.003011970547959208 -0.002749999985098839 
0.002640474354848266 0.001740174135193229 -0.002749999752268195 
0.00365288695320487 -0.006934335455298424 -0.01184134837239981 
-0.01091175619512796 0.00187286245636642 -0.01415115129202604 
-0.007556240074336529 0.002637373749166727 -0.001440886175259948 
-0.01095353439450264 -0.0004447821993380785 -0.01024284120649099 
-0.002310165669769049 -0.00226383819244802 -0.008652746677398682 
-0.0008517441456206143 -0.005150470416992903 -0.002749999985098839 
-0.009012432768940926 -0.002326864283531904 -0.004478028975427151 
-0.001554687856696546 -0.001013744971714914 -0.01425000000745058 
-0.01165737956762314 -0.001558028277941048 -0.0008154175593517721 
-0.00777204567566514 0.00720579456537962 -0.008605563081800938 
0.0009476806735619903 0.004636954516172409 -0.004545259289443493 
-0.002394736278802156 -0.005079744849354029 -0.01390155963599682 
-0.0003713085898198187 -0.007903521880507469 -0.01425000000745058 
-0.009603947401046753 0.004333238117396832 -0.01029930915683508 
0.001371037214994431 -0.002031768672168255 -0.01145000010728836 
0.00159474927932024 -0.001050863647833467 -0.01424999907612801 
4.758669820148498e-05 0.003971918951719999 -0.01425000000745058 
0.004831053782254457 -0.005758843850344419 -0.01425000000745058 
-0.006269172299653292 -0.003124277805909514 -0.002270512981340289 
0.005500749684870243 -0.006154472939670086 -0.01234783791005611 
-0.004633405245840549 0.0007566921995021403 -0.002266391180455685 
-0.008358728140592575 -0.00251688389107585 -0.007781829684972763 
-0.008372079581022263 0.007345306221395731 0.0005986656760796905 
-0.009536090306937695 0.003773864125832915 0.0005179106956347823 
-0.01390424929559231 0.003183224238455296 -0.009181017987430096 
-0.006252580787986517 0.006764114368706942 0.002230906626209617 
0.001371246064081788 -0.0005455827922560275 -0.006222673691809177 
-0.01178637146949768 -0.0004270019708201289 -0.007809927687048912 
-0.01160526741296053 0.006762008182704449 -0.01311446074396372 
0.002069750102236867 -0.004491963423788548 -0.01185566280037165 
0.003038301598280668 -0.007416687905788422 -0.006250000093132257 
0.002509528072550893 0.001209429698064923 -0.01145000010728836 
-0.005365574732422829 0.006506278179585934 -0.002500517293810844 
-0.00283091701567173 -0.004662528168410063 -0.003670923644676805 
0.0006506727659143507 -0.001349657773971558 -0.01184017863124609 
0.002718590199947357 -0.003754580160602927 -0.01424999907612801 
0.00494160782545805 -0.004018539562821388 -0.01145000010728836 
0.003727441187947989 -0.00839749351143837 -0.01222416199743748 
-0.01220821309834719 0.001961551140993834 -0.0009528807131573558 
0.0006562502821907401 -0.001341816270723939 -0.0130293108522892 
0.004166289698332548 -0.003422897076234221 -0.01424999907612801 
0.002078385092318058 -0.002790681552141905 -0.01425000093877316 
0.001510708592832088 -0.008509915322065353 -0.003406553063541651 
-0.009796278551220894 0.007529526948928833 -0.003137852996587753 
-0.002981358440592885 0.002185964491218328 -0.002713591791689396 
-0.01429745927453041 0.0008751953137107193 -0.00811288133263588 
0.006040495820343494 -0.001679520355537534 -0.004417584277689457 
-0.005515762139111757 0.003012087428942323 -0.01424999907612801 
0.00425291620194912 5.503524153027683e-05 -0.01145000010728836 
0.0007332271779887378 0.00471831951290369 -0.01215590164065361 
-0.006433663424104452 -0.0005600823787972331 -0.0002567848714534193 
-0.001295429770834744 0.005323164630681276 -0.009235895238816738 
0.003771720919758081 0.002793754450976849 -0.01291137374937534 
-0.00907604955136776 -0.001109799952246249 -0.01425000000745058 
-0.009499597363173962 0.003495745128020644 -0.008758400566875935 
-0.002277261344715953 0.005608564242720604 -0.01388749480247498 
-0.002483713906258345 -0.004987054038792849 -0.004061221145093441 
-0.01237622462213039 -0.00134907360188663 -0.0006008488708175719 
-0.01179433427751064 0.0006422284641303122 -0.003162822918966413 
-0.0001003048819256946 -0.001479186350479722 -0.003978054504841566 
-0.004318965598940849 0.003519252175465226 -0.00191645638551563 
-0.004060172941535711 -0.003827038453891873 -0.00829251017421484 
-0.01192065142095089 0.0008453128393739462 -0.007786361966282129 
-0.002311049960553646 -0.005174491554498672 -0.006601190660148859 
0.005651840940117836 -0.005634686909615993 -0.004641005303710699 
-0.007531869690865278 0.007135978899896145 -0.002990870969370008 
-0.01289121061563492 0.0004834871215280145 -0.006661931052803993 
-0.001371420221403241 -0.002327169291675091 -0.01425000093877316 
-0.007543408311903477 -0.002753881737589836 -0.01033310033380985 
-0.009548680856823921 -0.002170986961573362 -0.01356265507638454 
-0.0008577596163377166 0.001220216974616051 -0.007214288227260113 
0.001448153285309672 0.0003181736974511296 -0.003341343253850937 
-0.01052658632397652 0.004931051284074783 -0.01403114385902882 
0.005630703177303076 -0.0007396594155579805 -0.01145000010728836 
-0.007231607101857662 0.007048699073493481 -0.01097444444894791 
-0.00699063204228878 -0.002293845405802131 -5.455913196783513e-05 
-0.01094722468405962 0.004648467991501093 -0.0106884092092514 
0.001014461042359471 -0.001996870152652264 -0.01145000010728836 
0.005350340157747269 -0.006618897430598736 -0.003174432553350925 
6.765219586668536e-05 -0.00405986700206995 -0.01425000000745058 
-0.002426936058327556 -0.005038863979279995 -0.006393490359187126 
-0.01255660224705935 0.006388713140040636 -0.007820535451173782 
-0.0100416075438261 0.001454893033951521 -0.009494304656982422 
0.003086982294917107 0.002600722014904022 -0.01425000093877316 
0.001654931460507214 -0.005997308995574713 -0.006017554551362991 
-0.0006039567524567246 -0.005822042003273964 -0.002749999985098839 
-0.002495831809937954 -0.0009652221342548728 -0.002749999985098839 
0.001644314033910632 -0.0001834054273786023 -0.01425000000745058 
-0.002218508394435048 0.001075322041288018 -0.002749999985098839 
-0.01005514990538359 0.00688626803457737 -0.002728524152189493 
0.006113084498792887 -0.002706804778426886 -0.01418912597000599 
-0.000643610255792737 -0.001347290934063494 -0.01227014698088169 
0.001585806719958782 -0.0057786307297647 -0.004397260490804911 
0.000743957469239831 0.003861112985759974 -0.006638542748987675 
-0.003149823751300573 0.005862201564013958 -0.003800410078838468 
-0.004085823427885771 -0.002651347313076258 -0.002742573618888855 
-0.009200322441756725 0.007395675405859947 -0.007882215082645416 
-0.007131702266633511 0.002407487481832504 -0.01424999907612801 
-0.007764425128698349 0.001738622435368598 -0.01425000000745058 
-0.006483687087893486 -0.003061922965571284 -0.00481042405590415 
-0.009392274543642998 0.001541810459457338 0.0008878950029611588 
0.002320494968444109 -0.004281251691281796 -0.01334501337260008 
0.005196547601372004 -0.0001306110061705112 -0.01425000000745058 
-0.01122908759862185 -0.0008689796086400747 -0.001154978410340846 
0.002261228393763304 0.001683277077972889 -0.01145000010728836 
0.002050940180197358 -0.004507770296186209 -0.00382329011335969 
-0.0002538618573453277 -0.004120897967368364 -0.01144587993621826 
-0.01405571401119232 -0.0008608779171481729 -0.01195109263062477 
0.003447667928412557 -0.00699920579791069 -0.002764569129794836 
-0.009714074432849884 0.002761652460321784 -0.001705831964500248 
-0.007877090014517307 0.005217785015702248 0.0009134571300819516 
-0.001870755688287318 -0.00202060048468411 -0.01424999907612801 
0.004673613235354424 -0.007740556262433529 -0.005294954404234886 
0.001939134672284126 0.000324916560202837 -0.002750000217929482 
0.0007600889657624066 -0.008291724137961864 -0.0123473796993494 
-0.01176901254802942 0.006084860302507877 -0.009248462505638599 
0.004417130723595619 -0.004973404109477997 -0.002937747165560722 
-0.005510278511792421 0.006548340898007154 -0.01405770983546972 
-0.00746028171852231 0.005518098827451468 0.002530208323150873 
-0.001485294313170016 -0.0003075530403293669 -0.0077203419059515 
-0.01117434538900852 0.005394005682319403 -0.00113689003046602 
-0.007848257198929787 0.004356286022812128 -0.01425000000745058 
-0.009206775575876236 0.00568064721301198 0.0002118856355082244 
0.0008398890495300293 -0.007919912226498127 -0.01424999907612801 
0.005404381081461906 0.0004211939522065222 -0.004232010338455439 
-0.007435731589794159 -0.002285782247781754 0.001059363130480051 
0.005010974127799273 -0.00445930240675807 -0.01145000010728836 
0.0003654871834442019 -0.004618430510163307 -0.01425000000745058 
0.005013658199459314 0.00120584003161639 -0.01215944439172745 
-0.00251572229899466 -0.004365707281976938 -0.002749999985098839 
-0.001285727950744331 -0.00571548193693161 -0.006333178840577602 
-0.001472142059355974 -5.567954212892801e-05 -0.003930146340280771 
0.0014704754576087 3.047296195290983e-05 -0.005890286527574062 
-0.002185312565416098 0.005581836681813002 -0.0102149210870266 
-0.009706527926027775 -0.0005726995877921581 0.002576355589553714 
-0.01278233714401722 -0.000315636454615742 -0.007939125411212444 
-0.008616145700216293 0.007204925641417503 0.002357230056077242 
-0.01033486425876617 0.007950756698846817 -0.001342659583315253 
0.004548663739115 0.001901968149468303 -0.005351330153644085 
-0.01186097878962755 0.0002821699599735439 0.00157697219401598 
-0.008447063155472279 0.000179374823346734 -0.01425000093877316 
-0.007550875190645456 0.007141504436731339 -0.0080754105001688 
-0.008267028257250786 0.005335879046469927 -0.01424999907612801 
-0.008760413154959679 -0.002400121418759227 0.002074783202260733 
-0.007519518956542015 -0.002760826144367456 -0.009929915890097618 
0.005539478734135628 -0.006021235603839159 -0.01424318086355925 
0.004238475579768419 -0.00211516791023314 -0.01425000000745058 
-0.008235789835453033 0.007340595591813326 -0.00250110705383122 
-0.01184502802789211 0.003243758343160152 -0.0009043353493325412 
0.004913559649139643 -0.005679102148860693 -0.00624999962747097 
0.001931967562995851 -0.001451609539799392 -0.01425000000745058 
-0.007534095086157322 0.007136626169085503 -0.00279800221323967 
-0.007397206500172615 -0.002796380314975977 -0.00921340100467205 
-0.007849548012018204 -0.002664892701432109 -0.005345777608454227 
-0.002613987773656845 0.005706444382667542 -0.005876701325178146 
0.002819076180458069 0.003605322446674109 -0.01423393003642559 
-0.007116899825632572 0.004294362384825945 -0.01425000000745058 
-0.007097097579389811 -0.001844089827500284 0.0007289364002645016 
-0.001228355104103684 -0.003338646376505494 -0.006569859106093645 
-0.012208616361022 -0.0002068940084427595 -0.002547510899603367 
-0.009337370283901691 0.005950083024799824 -0.000337735895300284 
-0.006539300084114075 0.006847458425909281 -0.007189965806901455 
0.005642396863549948 -0.005667177960276604 -0.01166400499641895 
-0.005536435171961784 0.006555944215506315 -0.002610278315842152 
-0.009886921383440495 0.007820548489689827 -0.006227324716746807 
-0.001155395060777664 -0.007139311637729406 -0.002749999985098839 
-0.01186567079275846 -0.001497481716796756 -0.01118912827223539 
-0.01440540887415409 3.213807940483093e-05 -0.01194165274500847 
-0.007835609838366508 0.007224271073937416 0.0008736931486055255 
-0.003030312480404973 -0.004465643316507339 -0.008772674947977066 
-0.003845630213618279 0.0005138111300766468 -0.00263106869533658 
-0.006541327107697725 -0.002973407041281462 -0.001549044507555664 
-0.008649416267871857 -0.001812397968024015 0.002245843410491943 
-0.004018780309706926 -0.00116171664558351 -0.00270967953838408 
0.003475088393315673 -0.006990538444370031 -0.003970294259488583 
0.001472478383220732 -0.006864589173346758 -0.01145000010728836 
-0.0005136243999004364 0.002117809141054749 -0.01425000000745058 
0.001831147354096174 -0.004761212039738894 -0.004537555389106274 
-0.0007644561119377613 -0.001289021456614137 -0.01346212532371283 
-0.01016601733863354 0.00622668769210577 -0.004223065450787544 
-0.008547826670110226 0.004412677604705095 -0.002003128873184323 
-0.005919713992625475 0.006667356006801128 -0.001061806455254555 
-0.005840151105076075 -0.001040753442794085 -0.001701889559626579 
0.001763683860190213 -0.004752157721668482 -0.002749999985098839 
-0.01267570722848177 0.00289052352309227 -0.009356962516903877 
-0.008448027074337006 0.00729218777269125 -0.001673178281635046 
-0.001529065193608403 -0.001828109845519066 -0.007152614183723927 
-0.01113477721810341 0.005558982491493225 -0.007977674715220928 
0.0008873140905052423 -0.007509350776672363 -0.01425000000745058 
0.003301965072751045 -0.0003374764637555927 -0.01145000010728836 
-0.01143336482346058 0.003988959360867739 0.0005373212043195963 
-0.007626388687640429 0.003555616363883018 -0.01425000000745058 
-0.00970534048974514 0.00200520409271121 -0.01425000000745058 
0.003155812621116638 -0.007061793468892574 -0.01262187678366899 
-0.003079546149820089 0.00413760868832469 -0.01425000000745058 
0.001596393762156367 -0.002042389940470457 -0.006250000558793545 
-0.003965613897889853 -0.003880398347973824 -0.006032711826264858 
-0.008419851772487164 -0.002499116118997335 -0.003043955424800515 
-0.0003550066903699189 -0.003339318558573723 -0.006285333074629307 
-0.001421958906576037 0.0004712544614449143 -0.01065646018832922 
0.0008040479151532054 -0.008304502815008163 -0.01165462285280228 
-0.01439318247139454 0.001280621741898358 -0.008750429376959801 
-0.009616346098482609 0.002957267686724663 -0.01425000000745058 
-0.008582294918596745 0.00296464841812849 -0.002036392455920577 
-0.009152019396424294 0.007606926374137402 -0.0004964036052115262 
-0.01121082622557878 0.005061076954007149 -0.001444082241505384 
-0.003015587339177728 0.001855734502896667 -0.01425000000745058 
-0.01049054879695177 0.0008945387089625001 0.0003663145762402564 
-0.01443635486066341 0.001109806937165558 -0.01083984412252903 
-0.01267220266163349 0.001243221573531628 -0.006663075182586908 
0.002974167466163635 -0.00704603549093008 -0.003154957666993141 
0.001128270057961345 -0.004437854513525963 -0.006250000558793545 
0.0007392289116978645 -0.006801181938499212 -0.00624999962747097 
-0.01153570879250765 -0.0009065006161108613 -0.0105678029358387 
-0.001013244967907667 0.001077101333066821 -0.003521125065162778 
-0.002931069582700729 -0.004402227699756622 -0.008643167093396187 
-0.003434279700741172 -0.004201591014862061 -0.007884277030825615 
0.0061161401681602 -0.003118936438113451 -0.01205597724765539 
-0.003120304783806205 -0.004394303075969219 -0.01099213119596243 
0.003488264745101333 -0.000692229310516268 -0.01145000010728836 
-0.005458196625113487 0.004226605407893658 0.000926547683775425 
-0.004134516231715679 -0.002370533300563693 -0.01424999907612801 
0.0006627570255659521 -0.001336981425993145 -0.004497393034398556 
-0.00201621581800282 -0.001401565154083073 -0.009381282143294811 
-0.00269050057977438 -0.00447124894708395 -0.007708728313446045 
-0.01236704923212528 0.004380274564027786 -0.007041985169053078 
-0.005097500048577785 0.006428354419767857 -0.006553353741765022 
-0.001119293970987201 0.00527196517214179 -0.008981565944850445 
0.003435279941186309 -0.004132631234824657 -0.01404955796897411 
-0.007871908135712147 -0.002658393001183867 -0.0135395172983408 
0.0003023266908712685 0.002816503401845694 -0.006736110895872116 
-0.004120897967368364 -0.003804169362410903 -0.008867641910910606 
-0.0104469358921051 -0.0005937627865932882 0.0007480867207050323 
0.0009682608069851995 -0.001107411459088326 -0.01371263712644577 
-0.01265229191631079 0.0005482141277752817 -0.000546092342119664 
-0.009028811939060688 0.007571111898869276 -0.01224376168102026 
-0.0005031900363974273 0.003838589414954185 -0.009281504899263382 
-0.006589627824723721 -0.003031128086149693 -0.005474706180393696 
0.001464119181036949 -6.439676508307457e-05 -0.003384682349860668 
0.004832648206502199 -0.00754210539162159 -0.004686109721660614 
-0.008260982111096382 -0.0007321324083022773 -0.0008465159917250276 
-0.01150033716112375 0.006618791725486517 -0.008700677193701267 
-0.005750482901930809 0.006618164479732513 -0.005296353250741959 
0.00345576461404562 0.00187094253487885 -0.002749999985098839 
0.001925333170220256 -0.0074825887568295 -0.006250000093132257 
-0.00916959997266531 0.0004585417918860912 -0.01425000000745058 
-0.010200010612607 0.007911557331681252 -0.001802963437512517 
-0.01010316796600819 0.001035296590998769 -0.001778159756213427 
-0.006387748289853334 -0.0003865639446303248 -0.0002380209625698626 
0.00028355693211779 -0.004279956221580505 -0.01145000010728836 
-0.009254250675439835 0.00304652820341289 -0.001944049028679729 
-0.01460355240851641 0.0007552152965217829 -0.01037212647497654 
0.00554667878895998 9.919883450493217e-05 -0.003651783103123307 
-0.006988805253058672 -0.00291509460657835 -0.006287327501922846 
-0.003717746585607529 0.004028243012726307 -0.01424999907612801 
-0.001436774618923664 -0.0003881148877553642 -0.01210015825927258 
-0.0001240255078300834 0.004917788319289684 -0.002749999985098839 
-0.001280250959098339 -0.007317732088267803 -0.01250175945460796 
-0.009464680217206478 0.007697811350226402 -0.005134944338351488 
0.005101961083710194 -0.007184501271694899 -0.002771834377199411 
0.001415390521287918 -0.005094743333756924 -0.002749999985098839 
-0.005225562956184149 0.006465579383075237 0.0005647263024002314 
-0.01235509943217039 0.001198743237182498 -0.01055255718529224 
0.0005852940957993269 -0.008240915834903717 -0.003803082974627614 
-0.001382116577588022 0.0005774617893621325 -0.007849383167922497 
-0.009788235649466515 0.002329593524336815 -0.009498585015535355 
0.001419783569872379 -0.0004564964037854224 -0.01350609678775072 
-0.006547138094902039 0.005009973421692848 -0.0004827202646993101 
0.0008646831847727299 -0.006498656235635281 -0.01425000000745058 
-0.01372226420789957 -0.000957805197685957 -0.0107448399066925 
-0.00244322489015758 -0.003543661674484611 -0.00992742832750082 
-0.01272502727806568 -0.0007802898180671036 -0.001870837062597275 
-0.01346284989267588 -0.000122997269500047 -0.009785793721675873 
-0.007933810353279114 -0.001210964284837246 0.001943666953593493 
-0.008531203493475914 0.007426466792821884 -0.01248752884566784 
-0.01184658147394657 0.001449549570679665 -0.005943144205957651 
-0.01119304820895195 0.007944903336465359 -0.0094218784943223 
-0.01352991908788681 -0.0008393952739425004 -0.0100155295804143 
-0.00249336427077651 -0.004979918710887432 -0.01216020714491606 
-0.01159931719303131 0.0013797179562971 -0.003040503710508347 
0.001791763119399548 -0.004837003536522388 -0.01266604103147984 
0.005133027210831642 -0.007113758008927107 -0.002752081258222461 
0.002999294083565474 -0.007048215251415968 -0.004939581733196974 
0.0003851630899589509 -0.008182740770280361 -0.01338498480618 
-0.005545964930206537 0.00570740457624197 -0.01425000000745058 
-0.0007450909470207989 0.001271992223337293 -0.01301350723952055 
-0.01050577871501446 0.005072110332548618 0.001529811415821314 
0.004840129055082798 0.001216305769048631 -0.002749999985098839 
-0.007460157852619886 -0.000698745425324887 -0.01425000000745058 
-0.01019147410988808 0.001095282728783786 -0.009713159874081612 
-0.001596210175193846 0.004889180883765221 -0.002749999985098839 
0.004625197499990463 0.001760051585733891 -0.01145000010728836 
0.003559615463018417 -0.0032367545645684 -0.01425000000745058 
-0.003987221978604794 -0.003867336548864841 -0.01401910930871964 
-0.01223871856927872 0.0085041718557477 -0.008690505288541317 
-0.003407155396416783 -0.004217987414449453 -0.003922364674508572 
-0.002058205893263221 0.004160861019045115 -0.002745018573477864 
-0.01152894087135792 0.001441963482648134 -0.007755330298095942 
0.002984524006024003 -0.00704693328589201 -0.005834256764501333 
-0.009963035583496094 0.0007682881550863385 0.00252070277929306 
-0.005994455423206091 0.006689082365483046 0.001179574988782406 
-0.006404871121048927 -0.0001820548786781728 4.273298691259697e-05 
0.004297262523323298 -0.00805920735001564 -0.005328006111085415 
-0.007719774264842272 -0.002702615689486265 -0.000875546014867723 
0.004247523844242096 -0.008095732890069485 -0.005877082236111164 
-0.01066944096237421 0.007029722444713116 -0.001286849612370133 
0.002004370559006929 0.004017027094960213 -0.002749999985098839 
-0.003262766171246767 0.003237348981201649 -0.002563765738159418 
-0.00571921793743968 0.001101278350688517 -0.0009463063324801624 
0.00104701635427773 0.004605731926858425 -0.003286026418209076 
-0.001248145010322332 -0.007460156455636024 -0.01192678138613701 
0.0008752173744142056 -0.002979466458782554 -0.002749999985098839 
-0.01145260408520699 0.001800577854737639 -0.003219343489035964 
-0.001950222416780889 0.005513500422239304 -0.01014482229948044 
7.138492946978658e-05 0.001519664190709591 -0.01424999907612801 
-0.00794404000043869 0.006780377123504877 -0.001986996736377478 
-0.005204864777624607 -0.003433652222156525 -0.008268794044852257 
-0.001963574672117829 -0.005658707581460476 -0.006006058305501938 
-0.001226714230142534 -0.0008581388974562287 -0.004202172160148621 
-0.01106661465018988 -0.001729752402752638 -0.01384273171424866 
-0.01211501844227314 -0.001425001537427306 -0.003548954846337438 
-0.00838838703930378 0.007384952623397112 0.001438557985238731 
-0.001925422693602741 -0.0003852208610624075 -0.01425000000745058 
0.005374108906835318 -0.004937774036079645 -0.006250000558793545 
-0.01022463943809271 -0.0004209367907606065 -0.001951218815520406 
-0.00397013034671545 -0.003877668175846338 -0.01299479324370623 
-0.00558259105309844 0.000326317735016346 -0.001548571395687759 
0.004379286430776119 0.002155537251383066 -0.01317718904465437 
-0.009094128385186195 0.003489906201139092 0.002527400618419051 
-0.0073818014934659 0.002917507663369179 0.0001938856876222417 
-0.01488289143890142 -0.0001481611689087003 -0.009787575341761112 
-0.005696289241313934 -0.003290804568678141 -0.005064855329692364 
-0.007509895134717226 0.003390819067135453 0.000536005012691021 
-0.01282610464841127 0.0001000032643787563 -0.01364179328083992 
-0.001613081200048327 -0.006339550483971834 -0.003412379883229733 
0.005634135566651821 -9.870071517070755e-05 -0.005537651944905519 
0.002064878586679697 -0.003298045136034489 -0.01145000010728836 
-0.004695960786193609 0.006311634555459023 -0.0090546989813447 
-0.005887805484235287 0.006658080965280533 -0.01197949890047312 
-0.002808407414704561 0.003703391179442406 -0.01425000093877316 
-0.01211964245885611 0.001985427225008607 0.0002798062632791698 
-0.01282546948641539 0.004924567881971598 -0.007621821947395802 
-0.01177130825817585 -0.0001329200458712876 -0.007796477526426315 
-0.01348817721009254 0.004299031104892492 -0.01099396124482155 
-0.006079763639718294 0.00671387929469347 -0.001868953113444149 
-0.006002586334943771 -0.00320176943205297 -0.004964384250342846 
-0.01177173666656017 0.007972749881446362 -0.007434532977640629 
0.003184267785400152 -0.004110855050384998 -0.01353283599019051 
-0.009283723309636116 0.004013132303953171 0.002453393302857876 
-0.01221882924437523 0.001396568259224296 0.0004582369583658874 
0.006076093297451735 -0.00350924814119935 -0.01277852337807417 
-0.004042473156005144 0.004255190957337618 -0.001985064707696438 
-0.003413964062929153 -0.004213871899992228 -0.009143978357315063 
0.001595761044882238 -0.005810121074318886 -0.0120448861271143 
0.004136181436479092 -0.004565072245895863 -0.005659293383359909 
-0.005636743269860744 -0.003308113431558013 -0.01142597757279873 
-0.01041579805314541 -0.0005048079183325171 -0.001864810008555651 
-0.00489202281460166 -0.003479340812191367 -0.002667921595275402 
0.005846714600920677 -0.004941091872751713 -0.01338245905935764 
0.0002904904831666499 -0.004100843332707882 -0.01145000010728836 
-0.007093124091625214 0.005707011092454195 0.0007005822844803333 
-0.006913382094353437 0.001761327963322401 -0.01425000093877316 
-0.008049745112657547 -0.0002314095618203282 0.00217810133472085 
-0.01099927164614201 0.006730017252266407 -0.006614348851144314 
-0.01117253582924604 0.008194252848625183 -0.008867870084941387 
-0.01359975058585405 -0.000253895646892488 -0.009308592416346073 
-0.009095714427530766 0.002341698622331023 0.002556004095822573 
-0.01351427286863327 0.004452142864465714 -0.009039143100380898 
0.003679915796965361 -0.008416014723479748 -0.01305021531879902 
-0.0103488378226757 0.00795481912791729 -0.01232775114476681 
0.005028335377573967 0.001183867687359452 -0.003861141623929143 
-0.01139391027390957 -0.001261511584743857 -0.01420537941157818 
-0.0003101847250945866 -0.007980616763234138 -0.003723913338035345 
-0.01124395243823528 0.004809789825230837 -0.001594966393895447 
-0.007833351381123066 0.0007062485674396157 0.002205257769674063 
-0.009555237367749214 0.003994306083768606 -0.001528897904790938 
0.002022156491875648 0.0008603983442299068 -0.01425000093877316 
-0.001027942751534283 -0.002737824339419603 -0.01114362385123968 
0.002637836150825024 -8.761181379668415e-05 -0.01424999907612801 
-0.004732474219053984 -0.003572190646082163 -0.01209386624395847 
-0.00124650658108294 0.0007744116010144353 -0.0115925706923008 
0.000401396187953651 -0.00696819182485342 -0.006250000093132257 
-0.01266741193830967 0.004111012443900108 -0.007181150373071432 
0.0008867798605933785 -0.002620552200824022 -0.01425000000745058 
0.003108388744294643 0.001830680528655648 -0.01425000000745058 
0.002441568300127983 -0.008675467222929001 -0.004939415492117405 
-0.01196787226945162 0.004212960600852966 -0.01339324191212654 
-0.008427474647760391 0.007396314758807421 -0.008512828499078751 
0.005229316186159849 -0.006190123967826366 -0.002749999985098839 
0.003184277564287186 -0.0006842497386969626 -0.002749999985098839 
0.001036116504110396 0.004217696376144886 -0.01425000000745058 
-0.004136743955314159 -0.0007214638171717525 -0.002652971772477031 
-0.0008559017442166805 0.005195402074605227 -0.009260432794690132 
0.002444049809128046 -0.008198997005820274 -0.006250000093132257 
-0.001348372548818588 -0.007014065980911255 -0.01176194380968809 
-0.002062961691990495 -0.005504405125975609 -0.006292844656854868 
-0.01284307055175304 -0.0009332476183772087 0.0005895879585295916 
0.0003103672061115503 -0.002788192126899958 -0.01145000010728836 
-0.01119517348706722 0.0013359310105443 -0.01413505338132381 
0.003329365514218807 -0.003199089784175158 -0.002749999985098839 
0.005271293222904205 0.0007223476422950625 -0.01236198097467422 
-0.01149860396981239 -0.001604181015864015 0.0003405619936529547 
-0.009183991700410843 0.007616220042109489 -0.006803698837757111 
-0.01065848767757416 0.0007011429406702518 -0.001319091999903321 
-0.007877206429839134 0.00330436835065484 0.0007555560441687703 
0.005724416114389896 -0.000343209772836417 -0.004434282425791025 
-0.001837141695432365 0.005480629857629538 -0.005315183661878109 
-0.01000957656651735 0.0009918228024616838 0.0007329831714741886 
-0.008668770082294941 -0.002426760504022241 -0.007809480652213097 
0.002987261628732085 0.003038950962945819 -0.01424999907612801 
-0.006703604012727737 0.004718711599707603 -0.01425000000745058 
0.0002610294613987207 0.004870731383562088 -0.004672285635024309 
-0.01182188559323549 0.002033971948549151 -0.007833493873476982 
-0.01165786944329739 -0.001520625199191272 -0.007968354038894176 
-0.008829681202769279 -0.002379986457526684 0.0004474171437323093 
-0.004001731052994728 0.006109834648668766 -0.009342117235064507 
-0.01309164986014366 0.004601648077368736 -0.01190801337361336 
-0.0009898110292851925 -0.004745467565953732 -0.006328933872282505 
-0.01007090415805578 0.002141353441402316 -0.01005473546683788 
-0.00292677991092205 -0.00456449668854475 -0.004641189239919186 
-0.002219921676442027 0.005591896362602711 -0.004228357225656509 
0.0001179194077849388 0.004759159870445728 -0.002749999985098839 
-0.01280278712511063 0.002345551270991564 -0.008991780690848827 
-0.01202832255512476 -0.0001800053287297487 -0.003433269914239645 
-0.009278677403926849 0.005331817083060741 -0.01024900749325752 
0.004052420146763325 0.002499422989785671 -0.003213527146726847 
-0.00732193049043417 0.005162357352674007 -0.01425000000745058 
-0.01184433046728373 0.002734348177909851 -0.007906123995780945 
-0.005001076031476259 0.004275219514966011 -0.0003690139565151185 
-0.0001233499933732674 0.002611920703202486 -0.007020873483270407 
-0.003522234037518501 0.005970454309135675 -0.0074514364823699 
-0.004314503632485867 -0.0004075009492225945 -0.01425000000745058 
0.002832388738170266 -0.008577249012887478 -0.006250000093132257 
-0.0142413517460227 -0.0008069163886830211 -0.008827253244817257 
0.002495262073352933 -0.008672269992530346 -0.01351641025394201 
-0.0006367305759340525 -0.003806966356933117 -0.002749999985098839 
0.001803587190806866 -0.008577749133110046 -0.01190877333283424 
0.005732561927288771 -0.000376024458091706 -0.002881421707570553 
0.003638695925474167 -0.001896291389130056 -0.01145000010728836 
-0.00210626982152462 -0.00289804907515645 -0.01020234450697899 
-0.002690176712349057 0.005728591233491898 -0.007863453589379787 
0.004051256459206343 -0.008239862509071827 -0.01182000059634447 
-0.006130194757133722 0.001135059865191579 -0.01425000093877316 
-0.004725730046629906 -0.003573658410459757 -0.0101478761062026 
6.560992915183306e-05 -0.005149999633431435 -0.01425000000745058 
0.006091831717640162 -0.00240603438578546 -0.01328187063336372 
-0.001333105028606951 0.0009953373810276389 -0.00928497314453125 
-0.005961868911981583 0.006679609883576632 -0.0081408666446805 
-0.006445270963013172 -0.003073089756071568 -0.007024423219263554 
-0.001531199901364744 0.0001174098215415142 -0.009551633149385452 
-0.002960930345579982 -0.004541910719126463 -0.01325737033039331 
-0.002469282364472747 -0.003214444732293487 -0.009586110711097717 
-0.001380959060043097 -0.006457628682255745 -0.006304831709712744 
-0.00234682415612042 -0.003128653392195702 -0.01425000000745058 
-0.008808266371488571 0.007507003378123045 -0.007005483377724886 
-0.001899890601634979 -0.005785642191767693 -0.01390086952596903 
-0.006063633598387241 -3.836839459836483e-05 -0.0009205358219332993 
0.005145089235156775 -0.007086290512233973 -0.003564562648534775 
-0.002220385242253542 0.004889236763119698 -0.01425000000745058 
-0.007089877966791391 0.003699723398312926 -0.01425000000745058 
-0.008295565843582153 -0.002535243984311819 0.0008384280372411013 
-0.01142810005694628 0.002034256234765053 -0.002920152153819799 
-0.007997029460966587 0.007271192967891693 -0.006970576476305723 
0.005586724262684584 -0.005858701653778553 -0.01179947145283222 
-0.009054319933056831 -0.002314688637852669 -0.01371868699789047 
-0.01317257713526487 0.005735655315220356 -0.009841500781476498 
-0.01061526034027338 -0.001860952470451593 -0.009355638176202774 
-0.000601409818045795 -0.001587750972248614 -0.01425000000745058 
-0.001600711839273572 -0.004052697215229273 -0.01425000000745058 
-0.01188283134251833 0.008400721475481987 -0.01030332967638969 
-0.006895213853567839 -0.001383275026455522 -0.01425000000745058 
-0.008497611619532108 0.002810127334669232 0.002576038241386414 
-0.01300388481467962 0.0004148641892243177 -0.008252454921603203 
-0.007272710558027029 -0.002832568483427167 -0.002761602867394686 
-0.006245379336178303 0.006762021221220493 -0.004255058243870735 
-0.00960211455821991 0.007615889888256788 -0.01408843696117401 
-0.001862721983343363 -0.001154506346210837 -0.008046016097068787 
0.003891501110047102 -0.008333556354045868 -0.01197835616767406 
0.004864119924604893 -0.007502833846956491 -0.01306371763348579 
-0.01264248788356781 0.005588879808783531 -0.007633126340806484 
0.005734502803534269 -0.005350315012037754 -0.01272991858422756 
-0.005161978770047426 0.006447097286581993 -0.006449951324611902 
0.002370548900216818 -0.008105838671326637 -0.002749999985098839 
4.687086402554996e-06 -0.00258744927123189 -0.002749999985098839 
-0.003678138833492994 0.006015772931277752 -0.007703614886850119 
-0.0118155013769865 0.008381150662899017 -0.01197789330035448 
-0.01488026697188616 -0.0006211958825588226 -0.009860772639513016 
-0.01106602512300014 0.003538947552442551 -0.005576690193265676 
-0.001311613945290446 -0.0007259130943566561 -0.01090584322810173 
0.004586834460496902 -0.005555559415370226 -0.01145000010728836 
-0.004294811747968197 0.001464362256228924 -0.01425000000745058 
-0.001657862099818885 -0.001974036917090416 -0.0104365898296237 
-0.002764647593721747 0.005750238429754972 -0.01379900984466076 
-0.01219233777374029 0.002212129766121507 -0.01046798378229141 
-0.01241761911660433 -0.0006563325878232718 -0.002392692258581519 
0.002949613146483898 -0.007043905556201935 -0.01294499263167381 
-0.002932804869487882 -0.004386656917631626 -0.008956511504948139 
0.0009354103822261095 -0.001133165205828846 -0.006032864563167095 
0.002917115343734622 -0.007041085511445999 -0.01384665165096521 
-0.006742714904248714 0.004549179226160049 -0.0009281490929424763 
-1.822953345254064e-05 0.004951906390488148 -0.005118890199810266 
-0.01012623310089111 -0.002003103960305452 0.001651644008234143 
-0.01157655287533998 0.007453245110809803 -0.01292410958558321 
-0.01074995659291744 0.005591409280896187 -0.002106592990458012 
0.001455921679735184 -0.001112518017180264 -0.006250000093132257 
0.001643966650590301 -0.001257567433640361 -0.01424999907612801 
0.003621721640229225 0.002951039234176278 -0.005477661266922951 
-0.01282753236591816 -0.0005099864210933447 -0.001457823091186583 
-0.007414062973111868 0.005771781783550978 -0.01425000000745058 
-0.01145610120147467 0.001048222649842501 -0.01070889551192522 
-0.007093241438269615 0.005794487427920103 -0.01425000000745058 
-0.01344180107116699 0.0007705164607614279 -0.007057887502014637 
-0.001157785300165415 0.001643555122427642 -0.008526228368282318 
0.004259826615452766 0.002281942404806614 -0.01315877959132195 
-0.001419079955667257 0.0004806277866009623 -0.007557889446616173 
-0.001716230763122439 -0.0009844962041825056 -0.002749999985098839 
-0.009294928051531315 0.007648466620594263 -0.004406269639730453 
-0.00889311172068119 0.005981473717838526 -0.001632059458643198 
-0.008658214472234249 -0.002429828746244311 -0.001017106114886701 
0.004968004301190376 -0.006654384545981884 -0.01425000000745058 
0.00156771601177752 0.002589817624539137 -0.01143099833279848 
-0.01011819485574961 -0.002005439950153232 -0.01071341335773468 
-0.006644626148045063 0.006725082639604807 -0.01425000093877316 
-0.009628565981984138 0.002871381584554911 -0.009011946618556976 
0.004290367010980844 -0.006409815512597561 -0.01287664007395506 
-0.001978622283786535 -0.002319306135177612 -0.0101444898173213 
-0.00966569222509861 -0.00213697412982583 -0.01293265633285046 
-0.00021922099404037 0.001468944130465388 -0.01199906319379807 
0.004241189919412136 -0.0008810096769593656 -0.006250000558793545 
-0.01261422224342823 -0.001279892167076468 -0.001008592545986176 
0.001579366507939994 -0.008483174256980419 -0.006250000558793545 
-0.006295308470726013 -0.003116680774837732 -0.006297368556261063 
-0.002570343436673284 -0.00491210725158453 -0.01339405309408903 
-0.002877422142773867 -0.00462391646578908 -0.01377724856138229 
-0.01050892844796181 0.002691772300750017 0.002089475048705935 
0.005587236024439335 7.423841452691704e-06 -0.005004363134503365 
-0.00622132420539856 0.0008318553445860744 0.0004277071275282651 
-0.006272371392697096 -0.0006104027852416039 -0.0008372796582989395 
0.004013579338788986 -0.004419177304953337 -0.01290652900934219 
-0.004998181015253067 0.006399484351277351 -0.01395899243652821 
-0.002975737443193793 -0.002455623354762793 -0.01424999907612801 
0.002800343325361609 0.002872316865250468 -0.006250000093132257 
0.002562995767220855 -0.006974270567297935 -0.004379712045192719 
-0.01223978120833635 0.002971693407744169 -0.01027755346149206 
-0.004987908061593771 0.006396498065441847 -0.01074519101530313 
-0.01085390150547028 0.00230521010234952 -0.01066366210579872 
0.00483593437820673 -0.0009471483062952757 -0.006250000093132257 
-0.001543717691674829 0.0003724256530404091 -0.008980198763310909 
-0.001989315263926983 0.001666356227360666 -0.01425000000745058 
3 2130 2953 1865 
3 2845 2953 2130 
3 2826 2331 742 
3 2331 2826 907 
3 274 2380 742 
3 2380 2826 742 
3 3936 2645 1756 
3 2645 3936 627 
3 353 3936 1756 
3 1375 1548 1192 
3 1375 1864 1548 
3 1375 1713 274 
3 1864 1375 274 
3 3017 1192 3745 
3 2158 3080 3862 
3 950 1795 440 
3 2558 2703 789 
3 2703 2558 959 
3 2508 1812 642 
3 1885 2508 642 
3 369 1885 642 
3 698 950 440 
3 698 369 950 
3 369 698 1885 
3 1812 973 642 
3 1788 973 1812 
3 3408 3732 2953 
3 3732 3408 1219 
3 1100 1614 907 
3 1614 1100 2130 
3 1713 1037 274 
3 2331 3937 742 
3 3937 37 819 
3 2645 194 1756 
3 3095 2645 627 
3 3114 2001 3375 
3 1207 3114 1865 
3 3114 1207 2001 
3 3937 2402 742 
3 2402 3937 819 
3 2161 2402 819 
3 3936 2812 627 
3 2812 1574 627 
3 2812 3936 3745 
3 1574 2812 3745 
3 1229 353 1756 
3 1849 1229 3926 
3 1229 1849 353 
3 2635 3973 1446 
3 2635 3194 1312 
3 1559 274 742 
3 1559 812 274 
3 772 1574 3745 
3 1574 772 1685 
3 1192 772 3745 
3 1548 772 1192 
3 1459 1864 274 
3 1210 99 3239 
3 2299 1659 2758 
3 2534 2845 2246 
3 3410 2845 2130 
3 3239 783 2130 
3 1717 783 575 
3 3017 2087 1192 
3 3936 2044 3745 
3 297 575 1808 
3 2534 69 2074 
3 3362 2558 789 
3 3362 369 642 
3 522 2558 642 
3 833 522 642 
3 522 833 3421 
3 522 3421 959 
3 2558 522 959 
3 3396 2158 3862 
3 3194 2663 1312 
3 2703 517 789 
3 366 2508 440 
3 2385 366 440 
3 2508 493 440 
3 493 2508 1885 
3 493 698 440 
3 698 493 1885 
3 602 1795 950 
3 369 602 950 
3 1109 1788 1812 
3 823 1109 1812 
3 1109 823 3778 
3 1788 3821 799 
3 3476 973 1788 
3 973 3476 642 
3 3476 833 642 
3 3476 3396 833 
3 69 3476 2074 
3 3476 69 2158 
3 3396 3476 2158 
3 1632 2074 1219 
3 3408 1632 1219 
3 2845 57 2953 
3 57 3408 2953 
3 294 1412 2839 
3 1396 294 2839 
3 1614 3823 907 
3 3823 2371 907 
3 2371 1894 903 
3 903 1894 1865 
3 1894 2130 1865 
3 1894 1614 2130 
3 1100 2497 2130 
3 1105 1625 1713 
3 1625 1105 2380 
3 1068 2380 274 
3 1037 1068 274 
3 890 1037 1713 
3 1625 890 1713 
3 890 1625 2380 
3 1068 890 2380 
3 890 1068 1037 
3 2001 626 3375 
3 626 3836 3375 
3 1207 626 2001 
3 626 1207 1865 
3 3836 626 1865 
3 2273 3732 1219 
3 1412 137 2839 
3 1396 137 2466 
3 137 1396 2839 
3 3006 194 2645 
3 2465 3095 627 
3 2161 1826 3111 
3 3038 3114 1259 
3 2568 3038 1259 
3 3038 2371 903 
3 3038 2568 2371 
3 3089 903 1865 
3 3114 3089 1865 
3 3089 3038 903 
3 3038 3089 3114 
3 405 1703 37 
3 2988 2571 2538 
3 2571 2988 2462 
3 3885 2420 3836 
3 733 3885 3836 
3 2988 3885 2462 
3 3885 2988 1334 
3 1664 1646 661 
3 823 3964 3778 
3 366 2810 1812 
3 2402 1547 2257 
3 1547 2161 3111 
3 1547 2402 2161 
3 2541 1719 742 
3 1719 1559 742 
3 1559 1719 1021 
3 1602 2257 627 
3 791 1602 627 
3 1574 2544 627 
3 2544 791 627 
3 2544 1574 1685 
3 3953 1229 1756 
3 1229 3953 115 
3 3953 3479 115 
3 85 1229 115 
3 1229 1666 3926 
3 85 1666 1229 
3 3183 726 1312 
3 2635 3606 3194 
3 3606 3362 3194 
3 1795 3606 440 
3 3973 428 406 
3 428 3926 406 
3 428 1849 3926 
3 657 105 730 
3 657 3973 406 
3 105 657 406 
3 3479 1910 115 
3 1910 2471 115 
3 2471 1910 3479 
3 3403 405 3331 
3 405 3403 1703 
3 3926 2409 406 
3 1559 3475 812 
3 3475 1559 1021 
3 704 1021 1685 
3 772 704 1685 
3 704 772 1021 
3 772 2525 1021 
3 2525 772 1864 
3 1459 2525 1864 
3 812 2525 274 
3 2525 1459 274 
3 1864 2154 1548 
3 2154 772 1548 
3 772 2154 1864 
3 96 1375 1192 
3 2087 96 1192 
3 96 2087 3128 
3 99 1136 3239 
3 2177 99 1210 
3 1956 2177 1210 
3 2177 1956 1808 
3 1136 2177 1808 
3 2177 1136 99 
3 2347 1210 3239 
3 2347 3239 2130 
3 2497 2347 2130 
3 2347 2497 1100 
3 2781 781 472 
3 2874 3410 2130 
3 3410 2874 239 
3 575 1436 1808 
3 783 1436 575 
3 2087 103 1808 
3 103 2087 2158 
3 103 297 1808 
3 297 103 2158 
3 2172 3017 3745 
3 2172 2087 3017 
3 2044 2172 3745 
3 2087 2172 2158 
3 2158 2172 3080 
3 2172 2044 3080 
3 297 481 575 
3 481 297 2158 
3 736 69 2246 
3 3569 2534 2246 
3 69 3569 2246 
3 3569 69 2534 
3 3102 1901 1312 
3 3080 3257 3862 
3 910 1811 3862 
3 1811 3396 3862 
3 3362 2886 369 
3 602 2886 1795 
3 2886 602 369 
3 2886 3606 1795 
3 3606 2886 3362 
3 2558 1998 642 
3 1998 3362 642 
3 3362 1998 2558 
3 3396 2690 833 
3 2703 2557 3194 
3 2557 2663 3194 
3 1149 2557 2703 
3 2557 1149 2663 
3 2563 3102 1312 
3 2563 1149 3102 
3 2663 2563 1312 
3 1149 2563 2663 
3 1451 2703 959 
3 2751 2703 3194 
3 2751 517 2703 
3 517 2751 789 
3 2751 3362 789 
3 3362 2751 3194 
3 1706 366 1812 
3 366 1706 2508 
3 1745 1788 799 
3 1745 1396 1788 
3 1745 294 1396 
3 1396 2489 1788 
3 3476 2489 2074 
3 2489 3476 1788 
3 3589 1109 3778 
3 3589 1432 1109 
3 1818 3589 3778 
3 1818 3821 1788 
3 3589 1818 1788 
3 580 1632 3408 
3 2534 580 2845 
3 580 2534 2074 
3 1632 580 2074 
3 580 57 2845 
3 57 580 3408 
3 697 1745 799 
3 1745 697 294 
3 267 3823 1614 
3 3823 267 2371 
3 1894 267 1614 
3 267 1894 2371 
3 2371 243 907 
3 2030 3836 1865 
3 3885 1962 2462 
3 1962 3885 733 
3 250 2571 2462 
3 1962 250 2462 
3 2953 250 1865 
3 250 1962 733 
3 250 2030 1865 
3 250 733 3836 
3 2030 250 3836 
3 3732 2965 2953 
3 2965 250 2953 
3 250 2965 2571 
3 1046 2075 2960 
3 1046 1834 869 
3 2965 1834 2571 
3 781 1790 472 
3 194 636 1756 
3 230 3031 194 
3 1434 3006 819 
3 3006 1434 194 
3 230 1434 819 
3 1434 230 194 
3 1420 3006 2645 
3 1420 2161 819 
3 3006 1420 819 
3 3095 1420 2645 
3 2257 3030 627 
3 3030 2465 627 
3 2465 3030 2257 
3 2574 1826 2161 
3 2465 2574 3095 
3 3403 1989 1703 
3 2471 1989 3331 
3 1989 3403 3331 
3 37 1989 819 
3 1703 1989 37 
3 405 2444 3331 
3 2444 405 3463 
3 3937 2584 37 
3 2584 405 37 
3 995 2568 1259 
3 2444 3340 3331 
3 2075 3928 2960 
3 3928 1834 2960 
3 1646 359 1512 
3 359 781 2781 
3 2032 1646 1664 
3 2032 1664 2692 
3 2706 1646 1661 
3 2021 3463 1263 
3 1390 3606 1446 
3 1646 1390 1661 
3 3606 1390 440 
3 343 3964 823 
3 343 366 2385 
3 343 2810 366 
3 343 823 1812 
3 2810 343 1812 
3 1719 3781 2402 
3 2402 3781 742 
3 3781 2541 742 
3 1602 206 2257 
3 206 1602 791 
3 206 2402 2257 
3 1845 2544 1685 
3 2544 1845 1719 
3 1021 1845 1685 
3 1719 1845 1021 
3 1480 1719 2402 
3 1480 2544 1719 
3 3370 1666 85 
3 3370 85 115 
3 2999 3370 2471 
3 252 2635 1446 
3 3606 252 1446 
3 252 3606 2635 
3 2635 292 3973 
3 292 428 3973 
3 1849 795 353 
3 428 795 1849 
3 2260 2635 1312 
3 726 2260 1312 
3 428 2260 726 
3 2260 292 2635 
3 292 2260 428 
3 1642 428 726 
3 1666 2861 3926 
3 2409 3849 406 
3 3818 3475 1021 
3 2525 3818 1021 
3 3475 3818 812 
3 3818 2525 812 
3 1375 322 1713 
3 96 322 1375 
3 322 1105 1713 
3 322 96 3128 
3 2375 1293 1105 
3 322 2375 1105 
3 1293 581 2758 
3 937 2531 2299 
3 371 2531 937 
3 2531 1956 1210 
3 2531 371 1956 
3 2347 3178 1210 
3 3178 2347 2299 
3 3178 2531 1210 
3 2531 3178 2299 
3 2299 444 1659 
3 3360 2273 1219 
3 102 2006 661 
3 1646 102 661 
3 102 1646 1512 
3 3856 1664 661 
3 2006 3856 661 
3 3856 3786 2692 
3 1664 3856 2692 
3 2845 227 2246 
3 227 3585 957 
3 227 736 2246 
3 736 227 957 
3 495 3410 239 
3 495 3585 3410 
3 3585 495 957 
3 783 2537 2130 
3 2537 2874 2130 
3 1717 2537 783 
3 2874 960 239 
3 960 2874 129 
3 495 960 957 
3 960 495 239 
3 3379 783 3239 
3 3379 1436 783 
3 3289 1717 575 
3 481 3289 575 
3 3289 481 1717 
3 2874 213 1264 
3 213 481 1264 
3 481 213 1717 
3 503 736 957 
3 960 503 957 
3 503 960 129 
3 481 503 1264 
3 503 2874 1264 
3 2874 503 129 
3 736 503 69 
3 69 503 2158 
3 503 481 2158 
3 478 3183 1312 
3 1901 478 1312 
3 478 1901 3183 
3 3338 1811 3183 
3 1901 3338 3183 
3 3338 1901 3102 
3 2889 910 3183 
3 1811 2889 3183 
3 2889 1811 910 
3 1811 1389 3396 
3 1389 2690 3396 
3 1389 3102 833 
3 2690 1389 833 
3 1987 1451 959 
3 1451 1987 1629 
3 3421 1987 959 
3 833 1987 3421 
3 3760 1987 833 
3 1987 3760 1629 
3 500 1451 1629 
3 1451 500 2703 
3 2508 3876 1812 
3 3876 1706 1812 
3 1706 3876 2508 
3 2074 3059 1219 
3 2489 3059 2074 
3 3059 3360 1219 
3 3360 3059 891 
3 3059 2781 472 
3 891 3059 472 
3 3888 1396 2466 
3 3888 2489 1396 
3 3888 3856 2006 
3 3888 102 2781 
3 102 3888 2006 
3 3059 3888 2781 
3 3888 3059 2489 
3 1109 202 1788 
3 1432 202 1109 
3 202 3589 1788 
3 3589 202 1432 
3 3821 551 799 
3 1818 551 3821 
3 551 697 799 
3 697 551 1965 
3 797 697 1965 
3 697 797 294 
3 2195 243 2371 
3 869 2817 1281 
3 3169 869 1281 
3 3169 1046 869 
3 2571 1528 2538 
3 1834 1528 2571 
3 1528 3928 2538 
3 3928 1528 1834 
3 2071 1046 2960 
3 1834 2071 2960 
3 2071 1834 1046 
3 1834 3710 869 
3 3710 2817 869 
3 3710 2965 3732 
3 3710 1834 2965 
3 3529 437 2142 
3 437 3529 1969 
3 3529 3710 3732 
3 2273 3529 3732 
3 1969 3529 2273 
3 1790 2552 472 
3 3212 2552 3016 
3 2552 891 472 
3 2552 3212 891 
3 1420 1342 2161 
3 1342 2574 2161 
3 1342 1420 3095 
3 2574 1342 3095 
3 1715 2465 2257 
3 1715 2574 2465 
3 1547 1715 2257 
3 2574 1715 1826 
3 1826 1715 3111 
3 1715 1547 3111 
3 3278 3953 1756 
3 1757 230 819 
3 1490 3278 1756 
3 3278 1490 1989 
3 2444 1009 3822 
3 1009 2444 3463 
3 1679 2584 3937 
3 1679 2331 907 
3 1679 3937 2331 
3 2584 1679 405 
3 243 1679 907 
3 2195 1679 243 
3 405 1348 3463 
3 3463 1348 1263 
3 1348 995 1263 
3 1679 1348 405 
3 1348 1679 2195 
3 995 1348 2568 
3 2568 1348 2371 
3 1348 2195 2371 
3 995 2546 1263 
3 3114 2546 1259 
3 2546 3114 3375 
3 2523 2471 3331 
3 3340 2523 3331 
3 2471 2523 2593 
3 287 2444 3822 
3 3340 287 3822 
3 287 3340 2444 
3 2236 105 406 
3 2368 657 730 
3 657 2368 3973 
3 437 2820 2142 
3 2820 3529 2142 
3 3529 2820 3136 
3 3427 2032 2692 
3 3786 3427 2692 
3 3427 137 1412 
3 2021 936 3125 
3 3541 359 1646 
3 2706 3541 1646 
3 1400 2706 564 
3 2398 2021 1263 
3 2988 2398 1334 
3 2398 2988 2538 
3 3928 2398 2538 
3 1046 3892 2075 
3 2657 3892 1046 
3 1033 2706 1661 
3 1390 1033 1661 
3 2706 1033 3125 
3 2032 1996 1646 
3 1996 1390 1646 
3 1390 454 440 
3 454 1390 3778 
3 454 2385 440 
3 454 343 2385 
3 343 454 3964 
3 3964 454 3778 
3 2700 1719 2541 
3 3781 2700 2541 
3 2700 3781 1719 
3 206 3116 2402 
3 3116 1480 2402 
3 1480 3116 2544 
3 2544 3116 791 
3 3116 206 791 
3 1658 3370 2999 
3 1658 2471 2593 
3 1658 2999 2471 
3 2471 44 115 
3 44 3370 115 
3 3370 44 2471 
3 795 3098 353 
3 3098 795 2044 
3 353 3098 3936 
3 3098 2044 3936 
3 795 1750 2044 
3 2044 1750 3080 
3 910 1750 3183 
3 1750 726 3183 
3 1750 1642 726 
3 1750 795 428 
3 1642 1750 428 
3 1750 3257 3080 
3 1750 910 3862 
3 3257 1750 3862 
3 2355 1226 3849 
3 2355 2409 3926 
3 2355 3849 2409 
3 1675 322 3128 
3 1675 2375 322 
3 2375 1675 1293 
3 1675 581 1293 
3 809 2299 2758 
3 581 809 2758 
3 2347 142 2299 
3 142 444 2299 
3 444 142 1659 
3 142 2682 1659 
3 2682 142 2347 
3 2380 414 2826 
3 414 2682 2826 
3 2682 414 1659 
3 1659 414 2758 
3 414 1293 2758 
3 1105 414 2380 
3 1293 414 1105 
3 2826 316 907 
3 2682 316 2826 
3 316 1100 907 
3 316 2347 1100 
3 316 2682 2347 
3 209 891 3026 
3 209 3360 891 
3 3360 879 2273 
3 879 3360 2924 
3 273 879 2924 
3 3360 1074 2924 
3 209 1074 3360 
3 1074 209 3026 
3 3212 1801 891 
3 359 464 1512 
3 464 102 1512 
3 464 359 2781 
3 102 464 2781 
3 1749 227 2845 
3 227 1749 3585 
3 3410 1749 2845 
3 3585 1749 3410 
3 1136 130 3239 
3 130 3379 3239 
3 130 1136 1808 
3 1436 130 1808 
3 3379 130 1436 
3 2537 2656 2874 
3 2656 213 2874 
3 3338 3397 1811 
3 3397 1389 1811 
3 3397 3338 3102 
3 1389 3397 3102 
3 3760 3032 1629 
3 3032 500 1629 
3 3856 2245 3786 
3 3888 2245 3856 
3 2245 3888 2466 
3 137 2245 2466 
3 2245 3427 3786 
3 3427 2245 137 
3 3169 3753 1046 
3 3753 2657 1046 
3 3753 3169 1281 
3 3710 2295 741 
3 2295 2820 741 
3 2820 2295 3136 
3 2295 3529 3136 
3 3529 2295 3710 
3 2867 1969 2273 
3 2867 437 1969 
3 2949 2471 3479 
3 843 2949 3479 
3 1438 1989 2471 
3 1438 843 1989 
3 2949 1438 2471 
3 1438 2949 843 
3 843 1108 1989 
3 1108 3278 1989 
3 1108 843 3479 
3 3953 1108 3479 
3 3278 1108 3953 
3 1757 3053 230 
3 1989 3053 819 
3 3053 1757 819 
3 230 3412 3031 
3 1490 3412 230 
3 3412 1490 1756 
3 636 3412 1756 
3 3031 3412 194 
3 3412 636 194 
3 3101 1226 3822 
3 3101 2486 105 
3 2236 3101 105 
3 1226 3101 3849 
3 3849 3101 406 
3 3101 2236 406 
3 2546 3358 1263 
3 3358 3885 1334 
3 3885 3358 2420 
3 3358 2398 1263 
3 2398 3358 1334 
3 3358 2546 3375 
3 3836 3358 3375 
3 2420 3358 3836 
3 3075 995 1259 
3 2546 3075 1259 
3 3075 2546 995 
3 717 2523 3340 
3 717 3340 3822 
3 2861 717 3926 
3 717 2355 3926 
3 1073 2861 1666 
3 1073 717 2861 
3 717 1073 2523 
3 2820 3301 741 
3 3301 3710 741 
3 359 1127 781 
3 1127 1790 781 
3 3541 1127 359 
3 1127 2552 1790 
3 2552 1127 3016 
3 1127 3541 3016 
3 2386 2706 3125 
3 936 2386 3125 
3 2386 936 2706 
3 673 3212 3016 
3 673 1801 3212 
3 673 1400 2176 
3 1801 673 2176 
3 1853 3541 2706 
3 1400 1853 2706 
3 673 1853 1400 
3 3541 1853 3016 
3 1853 673 3016 
3 672 1400 564 
3 1400 672 2176 
3 672 564 3026 
3 891 672 3026 
3 2176 672 891 
3 2841 2398 3928 
3 2841 3928 2075 
3 1907 1996 2032 
3 1907 3427 1412 
3 3427 1907 2032 
3 294 1907 1412 
3 1226 3121 3822 
3 2355 3121 1226 
3 3121 717 3822 
3 717 3121 2355 
3 3252 371 937 
3 1956 3252 1808 
3 371 3252 1956 
3 3252 937 2299 
3 809 3252 2299 
3 3252 2087 1808 
3 2087 3252 3128 
3 3252 1675 3128 
3 2374 273 2924 
3 1074 2374 2924 
3 564 3809 3026 
3 3809 1074 3026 
3 3809 2374 1074 
3 1618 2176 891 
3 1801 1618 891 
3 1618 1801 2176 
3 1876 2537 1717 
3 213 1876 1717 
3 3032 882 1149 
3 882 3032 3760 
3 882 3760 833 
3 3102 882 833 
3 1149 882 3102 
3 500 1054 2703 
3 3032 1054 500 
3 1054 1149 2703 
3 1054 3032 1149 
3 3053 28 230 
3 28 3053 1989 
3 28 1490 230 
3 1490 28 1989 
3 3370 1807 1666 
3 1807 1073 1666 
3 1073 1807 2523 
3 2523 1807 2593 
3 1807 1658 2593 
3 1658 1807 3370 
3 2828 386 2368 
3 2828 2368 730 
3 386 2828 1009 
3 105 2828 730 
3 1009 2828 3822 
3 2486 2828 105 
3 2828 3101 3822 
3 3101 2828 2486 
3 2398 1693 2021 
3 2841 1693 2398 
3 1693 3753 1281 
3 961 936 2021 
3 1693 961 2021 
3 3892 2862 2075 
3 2862 2841 2075 
3 2862 1693 2841 
3 1693 2862 3753 
3 2862 3892 2657 
3 3753 2862 2657 
3 2041 1907 294 
3 2041 797 1965 
3 797 2041 294 
3 1390 2041 3778 
3 1996 2041 1390 
3 1907 2041 1996 
3 551 2041 1965 
3 2041 551 1818 
3 2041 1818 3778 
3 1675 1055 581 
3 3252 1055 1675 
3 1055 809 581 
3 1055 3252 809 
3 2867 3596 437 
3 936 3596 2706 
3 3596 2820 437 
3 961 3596 936 
3 2424 3470 273 
3 3470 2424 2867 
3 2656 536 213 
3 536 1876 213 
3 536 2656 2537 
3 1876 536 2537 
3 2216 879 273 
3 3470 2216 273 
3 2021 58 3463 
3 58 1217 3463 
3 1217 744 3463 
3 744 1009 3463 
3 744 386 1009 
3 616 3301 2820 
3 3596 616 2820 
3 616 3596 961 
3 616 961 1281 
3 3301 616 3710 
3 3710 616 2817 
3 2817 616 1281 
3 2436 1693 1281 
3 961 2436 1281 
3 2436 961 1693 
3 124 3809 564 
3 2374 3931 273 
3 3931 2424 273 
3 2424 3931 2374 
3 846 3596 2867 
3 2424 846 2867 
3 124 846 3809 
3 2706 846 564 
3 3596 846 2706 
3 3809 846 2374 
3 846 2424 2374 
3 501 2216 3470 
3 501 2867 2273 
3 501 3470 2867 
3 879 501 2273 
3 2216 501 879 
3 3234 124 564 
3 846 3234 564 
3 3234 846 124 
3 744 1033 1390 
3 3973 744 1446 
3 744 1390 1446 
3 1033 744 3125 
3 744 2021 3125 
3 2368 744 3973 
3 386 744 2368 
3 744 58 2021 
3 58 744 1217 
Vertices and facets:
- p2953(v26): -0.0089 -0.0023 0.0023
  neighbors: f97 f205 f535 f937 f938 f1483 f1489 f1491
- p2130(v14): -0.011 -0.0018 0.0025
  neighbors: f97 f205 f561 f802 f1290 f812 f1289 f953 f954 f966 f1321 f1822 f1823
- p1865(v5): 0.0024 -0.0087 -0.0028
  neighbors: f97 f642 f952 f953 f984 f985 f1072 f1474 f1071 f1483 f1486
- p2845(v47): -0.0098 -0.0017 0.0026
  neighbors: f205 f799 f1813 f802 f1448 f937 f1445 f2240 f2242
- p2331(v63): -0.015 -0.00062 -0.0089
  neighbors: f282 f283 f618 f2003 f2004
- p2826(v34): -0.013 -0.0011 -0.0004
  neighbors: f282 f283 f293 f2201 f2200 f2207 f2208
- p742(v1): -0.015 -0.00054 -0.0092
  neighbors: f282 f292 f293 f618 f694 f743 f1169 f1168 f1682 f1683
- p907(v18): -0.0011 -0.0078 -0.0049
  neighbors: f283 f2007 f559 f1468 f947 f948 f2003 f2207 f2209
- p2380(v64): -0.013 -0.0011 0.00029
  neighbors: f292 f293 f979 f978 f973 f972 f2200 f2205
- p274(v23): -0.015 0.00066 -0.0085
  neighbors: f292 f411 f412 f569 f743 f744 f974 f754 f973 f1249 f1250
- p2645(v72): -0.012 0.0074 -0.012
  neighbors: f328 f329 f623 f625 f1037 f1548 f1551
- p3936(v22): -0.012 0.0084 -0.012
  neighbors: f328 f329 f375 f699 f701 f835 f2148 f2149
- p1756(v10): -0.012 0.0079 -0.013
  neighbors: f328 f1985 f375 f623 f1993 f708 f1536 f1181 f2300 f2301
- p627(v21): -0.012 0.008 -0.011
  neighbors: f329 f625 f699 f700 f1043 f1173 f1176 f1172 f1175 f1553 f1554
- p353(v80): -0.011 0.0081 -0.013
  neighbors: f375 f708 f1713 f716 f2146 f2148
- p1375(v86): -0.011 0.0071 0.00014
  neighbors: f406 f408 f411 f412 f1254 f1745 f1746
- p1548(v44): -0.012 0.0081 -0.0086
  neighbors: f406 f408 f750 f1251 f1252
- p1192(v25): -0.01 0.0078 -1.1e-05
  neighbors: f406 f454 f749 f750 f826 f1254 f1255
- p1864(v85): -0.013 0.0066 -0.0086
  neighbors: f408 f412 f1248 f754 f1247 f1251 f1253
- p1713(v45): -0.011 0.0052 0.00018
  neighbors: f411 f569 f977 f976 f971 f1745 f1747
- p3017(v95): -0.01 0.008 -0.00029
  neighbors: f454 f826 f1336 f1337
- p3745(v3): -0.012 0.0085 -0.0087
  neighbors: f454 f701 f702 f747 f749 f835 f1336 f1338
- p2158(v98): -0.0076 0.0072 0.0025
  neighbors: f464 f932 f1335 f1333 f931 f1340 f1339 f871 f1349 f1853 f1854
- p3080(v53): -0.0019 0.0055 -0.0094
  neighbors: f464 f1366 f1341 f1340 f2151 f2157
- p3862(v29): 0.00026 0.0049 -0.0047
  neighbors: f464 f1373 f871 f1366 f1372 f2158 f2159
- p1795(v101): 0.0029 0.0036 -0.014
  neighbors: f1207 f903 f485 f1375 f1377
- p950(v54): 0.0031 0.0034 -0.013
  neighbors: f485 f520 f522 f903 f904
- p440(v15): 0.0035 0.0031 -0.014
  neighbors: f901 f485 f520 f1666 f895 f897 f899 f1207 f2121 f2123
- p2703(v105): 0.0015 0.0044 -0.012
  neighbors: f509 f510 f1401 f893 f1387 f1385 f1393 f1400 f1881 f2439 f2441
- p2558(v103): 0.0022 0.004 -0.0054
  neighbors: f509 f510 f863 f870 f866 f1379 f1381
- p789(v30): 0.0022 0.004 -0.012
  neighbors: f509 f893 f863 f1402 f1403
- p959(v56): 0.0015 0.0044 -0.0052
  neighbors: f1393 f510 f869 f870 f1871 f1873
- p2508(v106): 0.0036 0.003 -0.0035
  neighbors: f513 f514 f895 f900 f899 f1407 f1882 f1884
- p1812(v32): 0.0043 0.0023 -0.003
  neighbors: f513 f530 f532 f915 f1154 f913 f1406 f1679 f1678 f1882 f1883
- p642(v8): 0.0025 0.0039 -0.003
  neighbors: f513 f514 f515 f530 f864 f928 f866 f867 f927 f1379 f1380
- p1885(v57): 0.0034 0.0032 -0.0041
  neighbors: f514 f515 f523 f900 f902
- p369(v107): 0.0031 0.0034 -0.012
  neighbors: f515 f522 f523 f904 f864 f1374 f1376
- p698(v108): 0.0033 0.0033 -0.012
  neighbors: f520 f522 f523 f901 f902
- p973(v110): 0.0026 0.0036 -0.0027
  neighbors: f530 f532 f926 f927
- p1788(v109): 0.0048 0.0016 -0.0028
  neighbors: f532 f926 f1409 f913 f1419 f1443 f918 f1408 f1417 f1442 f1902 f1904
- p3408(v111): -0.0086 -0.00021 0.0024
  neighbors: f535 f536 f938 f934 f1444 f1449
- p3732(v89): 0.0051 -0.0071 -0.0028
  neighbors: f535 f536 f1489 f1941 f1013 f1955 f1957
- p1219(v49): 0.0056 -0.0058 -0.0027
  neighbors: f536 f1013 f934 f1785 f933 f1885 f1887
- p1100(v117): -0.0013 -0.0075 -0.0029
  neighbors: f1294 f559 f561 f966 f2209 f2210
- p1614(v62): 3e-05 -0.0081 -0.0031
  neighbors: f559 f561 f947 f954 f1458 f1460
- p1037(v119): -0.012 0.002 0.00018
  neighbors: f569 f974 f976 f980
- p3937(v128): -0.015 -0.00062 -0.0099
  neighbors: f1579 f618 f619 f694 f697 f2002 f2004
- p37(v70): -0.014 -0.00079 -0.012
  neighbors: f1572 f619 f1077 f1571 f1579 f1580
- p819(v38): -0.014 -0.00052 -0.012
  neighbors: f1550 f1549 f619 f697 f698 f1544 f1546 f1571 f1987 f2296 f2297
- p194(v129): -0.012 0.0067 -0.012
  neighbors: f623 f1037 f1547 f1540 f1536 f1545 f2302 f2303
- p3095(v130): -0.013 0.0068 -0.011
  neighbors: f625 f1043 f1551 f1559 f1971 f1972
- p3114(v133): 0.0017 -0.0086 -0.0061
  neighbors: f638 f642 f643 f1074 f1072 f1067 f2022 f2023
- p2001(v61): 0.0021 -0.0086 -0.0061
  neighbors: f638 f643 f981 f983
- p3375(v9): 0.0022 -0.0086 -0.012
  neighbors: f638 f2023 f981 f982 f2324 f2325
- p1207(v115): 0.0023 -0.0087 -0.0037
  neighbors: f642 f643 f983 f984
- p2402(v141): -0.015 -0.00017 -0.01
  neighbors: f1686 f1682 f694 f1160 f1156 f697 f698 f1680 f1693 f2130 f2131
- p2161(v131): -0.015 7.6e-06 -0.011
  neighbors: f1160 f698 f1159 f1549 f1044 f1556 f1969 f1970
- p2812(v142): -0.012 0.0085 -0.01
  neighbors: f699 f700 f701 f702
- p1574(v79): -0.012 0.0085 -0.0096
  neighbors: f748 f700 f702 f747 f1175 f1177
- p1229(v144): -0.01 0.0076 -0.014
  neighbors: f716 f708 f1182 f1186 f715 f1181 f1191 f1193
- p1849(v145): -0.0096 0.0077 -0.014
  neighbors: f716 f715 f1211 f1713 f1714
- p3926(v43): -0.0096 0.0076 -0.014
  neighbors: f1235 f1210 f715 f1191 f1211 f1731 f2174 f2334 f2335
- p2635(v146): -5.6e-05 0.0049 -0.014
  neighbors: f1200 f720 f721 f1710 f1709 f1707 f1719 f1722
- p3973(v81): -0.0066 0.0067 -0.014
  neighbors: f720 f1219 f1209 f1711 f1710 f2044 f2565 f2569
- p1446(v41): 0.0026 0.0034 -0.014
  neighbors: f1660 f720 f1707 f1708 f2565 f2566
- p3194(v55): 0.0019 0.0042 -0.014
  neighbors: f1386 f1385 f721 f1200 f1201 f880 f1400 f1404
- p1312(v16): 0.00072 0.0047 -0.014
  neighbors: f1364 f721 f1720 f1391 f880 f1194 f1389 f1719 f1855 f1856
- p1559(v150): -0.014 0.0012 -0.0092
  neighbors: f744 f743 f1171 f1169 f1239 f1240
- p812(v83): -0.014 0.0039 -0.0088
  neighbors: f1239 f744 f1249 f1743 f1744
- p772(v151): -0.012 0.0084 -0.0089
  neighbors: f1243 f1242 f747 f748 f749 f750 f1247 f1244 f1252 f1253
- p1685(v42): -0.012 0.0083 -0.0093
  neighbors: f748 f1242 f1241 f1177 f1689 f1691
- p1459(v152): -0.013 0.0047 -0.0086
  neighbors: f754 f1248 f1250
- p99(v155): -0.011 0.0015 0.0017
  neighbors: f1268 f772 f1273 f1277
- p1210(v88): -0.012 0.00014 0.0017
  neighbors: f772 f1286 f1274 f1273 f1768 f1770 f1772
- p3239(v28): -0.012 -0.00099 0.0019
  neighbors: f1268 f772 f1289 f1286 f812 f1833 f2244 f2245
- p2299(v157): -0.013 -0.00076 0.0011
  neighbors: f1774 f1773 f1766 f780 f1771 f2196 f2189 f2195 f2411 f2412
- p1659(v154): -0.013 -0.00098 0.00085
  neighbors: f2198 f780 f2197 f1774 f2202 f2203
- p2758(v87): -0.013 -0.00041 0.00092
  neighbors: f780 f2190 f2189 f1759 f2203 f2204
- p2534(v160): -0.0079 0.0041 0.0025
  neighbors: f799 f1362 f843 f1360 f1445 f1446
- p2246(v4): -0.0086 0.0027 0.0026
  neighbors: f1361 f799 f1360 f1354 f1813 f1816
- p3410(v161): -0.01 -0.0016 0.0025
  neighbors: f802 f1322 f1819 f1321 f1818 f2242 f2243
- p783(v163): -0.011 -0.00088 0.0022
  neighbors: f812 f821 f1331 f1825 f1822 f1833 f1834
- p1717(v164): -0.0097 0.0048 0.0022
  neighbors: f821 f1840 f1825 f1838 f1844 f2432 f2433
- p575(v96): -0.0091 0.0069 0.0022
  neighbors: f1331 f821 f837 f1330 f1347 f1838 f1839
- p2087(v165): -0.01 0.0079 0.00095
  neighbors: f1339 f1333 f1256 f1337 f826 f1332 f1255 f2413 f2414
- p2044(v166): -0.012 0.0084 -0.011
  neighbors: f2149 f1341 f1338 f835 f2147 f2150 f2151
- p297(v167): -0.0085 0.0074 0.0024
  neighbors: f837 f1335 f1334 f1347 f1349
- p1808(v12): -0.0094 0.0077 0.0018
  neighbors: f1330 f2247 f2246 f1276 f1275 f1334 f837 f1332 f2409 f2413
- p69(v168): -0.0069 0.0068 0.0025
  neighbors: f843 f1362 f931 f930 f1361 f1354 f1852 f1853
- p2074(v58): -0.0066 0.0068 0.0024
  neighbors: f843 f1447 f933 f930 f1418 f1446 f1885 f1886
- p3362(v172): 0.0024 0.0039 -0.012
  neighbors: f1381 f1378 f1201 f863 f864 f1374 f1380 f1403 f1404
- p522(v173): 0.0021 0.0041 -0.0031
  neighbors: f866 f867 f868 f869 f870
- p833(v104): 0.001 0.0046 -0.0029
  neighbors: f1870 f867 f868 f929 f1875 f1869 f1383 f928 f1874 f2436 f2437
- p3421(v102): 0.0017 0.0043 -0.0034
  neighbors: f869 f868 f1873 f1874
- p3396(v174): 0.0003 0.0049 -0.0029
  neighbors: f871 f1373 f932 f929 f1383 f1865 f1866
- p2663(v176): 0.0014 0.0045 -0.014
  neighbors: f880 f1388 f1386 f1391 f1392
- p517(v179): 0.0019 0.0042 -0.013
  neighbors: f893 f1401 f1402
- p366(v180): 0.0036 0.003 -0.0062
  neighbors: f895 f1407 f897 f1154 f1406 f1676 f1677
- p2385(v139): 0.0039 0.0026 -0.012
  neighbors: f897 f1676 f2123 f2124
- p493(v181): 0.0034 0.0032 -0.0047
  neighbors: f899 f900 f901 f902
- p602(v182): 0.0029 0.0036 -0.014
  neighbors: f903 f904 f1375 f1376
- p1109(v184): 0.0044 0.0022 -0.0051
  neighbors: f913 f916 f915 f1433 f1432 f1902 f1903
- p823(v140): 0.0044 0.0022 -0.012
  neighbors: f916 f1150 f915 f1673 f1678
- p3778(v59): 0.0044 0.0022 -0.013
  neighbors: f2126 f1150 f916 f2122 f1432 f1441 f2491 f2496
- p3821(v185): 0.005 0.0012 -0.0039
  neighbors: f918 f1442 f1906 f1907
- p799(v60): 0.0051 0.0011 -0.0036
  neighbors: f1456 f918 f1408 f1906 f1909
- p3476(v187): -0.0063 0.0068 0.0022
  neighbors: f932 f926 f927 f928 f929 f930 f931 f1418 f1419
- p1632(v188): -0.0073 0.0042 0.0024
  neighbors: f933 f934 f1444 f1447
- p57(v189): -0.0093 -0.0018 0.0025
  neighbors: f937 f938 f1448 f1449
- p294(v190): 0.0052 0.00093 -0.012
  neighbors: f1457 f1411 f2398 f943 f1913 f946 f2488 f2490
- p1412(v125): 0.0055 0.00018 -0.013
  neighbors: f2072 f1027 f943 f2396 f2398
- p2839(v113): 0.0052 0.00087 -0.006
  neighbors: f943 f946 f1027 f1029
- p1396(v183): 0.0052 0.00088 -0.0029
  neighbors: f1029 f946 f1411 f1409 f1028 f1417 f1892 f1893
- p3823(v191): -0.00031 -0.008 -0.0037
  neighbors: f947 f948 f1458 f1459
- p2371(v116): 0.0009 -0.0083 -0.0033
  neighbors: f948 f1070 f950 f1069 f1461 f1459 f1468 f1919 f2015 f2016
- p1894(v192): 0.0013 -0.0085 -0.0028
  neighbors: f950 f954 f952 f953 f1460 f1461
- p903(v33): 0.0016 -0.0085 -0.003
  neighbors: f950 f952 f1069 f1071 f1073
- p2497(v195): -0.012 -0.0014 0.0015
  neighbors: f966 f1290 f1294
- p1625(v196): -0.012 0.0036 0.00036
  neighbors: f971 f972 f977 f978
- p1105(v118): -0.011 0.0051 0.00053
  neighbors: f1751 f1747 f971 f972 f1750 f2205 f2206
- p1068(v197): -0.013 -0.00027 0.00025
  neighbors: f973 f974 f979 f980
- p890(v198): -0.013 0.00028 0.00024
  neighbors: f976 f977 f978 f979 f980
- p626(v199): 0.0024 -0.0087 -0.0044
  neighbors: f981 f982 f983 f984 f985
- p3836(v120): 0.0024 -0.0087 -0.0049
  neighbors: f1488 f982 f985 f1109 f1106 f1474 f1487 f2325 f2326
- p2273(v205): 0.0055 -0.0063 -0.0028
  neighbors: f1013 f1785 f2216 f1958 f1957 f2278 f2557 f2559
- p137(v208): 0.0055 0.00031 -0.0033
  neighbors: f1027 f1028 f1029 f2072 f2264 f2266
- p2466(v17): 0.0055 0.00018 -0.0031
  neighbors: f1892 f1028 f2263 f2264
- p3006(v210): -0.012 0.0066 -0.012
  neighbors: f1545 f1037 f1544 f1548 f1550
- p2465(v211): -0.013 0.007 -0.011
  neighbors: f1555 f1043 f1554 f1559 f1973 f1974
- p1826(v212): -0.014 0.002 -0.011
  neighbors: f1044 f1556 f1976 f1977
- p3111(v71): -0.015 0.00015 -0.011
  neighbors: f1044 f1159 f1977 f1978
- p3038(v217): 0.0016 -0.0085 -0.0058
  neighbors: f1067 f1068 f1069 f1070 f1073 f1074
- p1259(v74): 0.0015 -0.0085 -0.012
  neighbors: f1586 f1067 f1068 f2022 f2327 f2328
- p2568(v193): 0.0013 -0.0085 -0.012
  neighbors: f1586 f1068 f1070 f2014 f2015
- p3089(v218): 0.0017 -0.0086 -0.0055
  neighbors: f1071 f1072 f1073 f1074
- p405(v219): -0.00088 -0.0078 -0.014
  neighbors: f2005 f1227 f1077 f1574 f1573 f1228 f1580 f2009 f2012
- p1703(v127): -0.014 -0.0009 -0.013
  neighbors: f1077 f1228 f1568 f1572
- p2988(v222): 0.0032 -0.0086 -0.013
  neighbors: f1098 f1099 f1112 f1111 f2096 f2097
- p2571(v203): 0.0034 -0.0085 -0.0029
  neighbors: f1099 f1098 f1481 f1492 f1511 f1932 f1933
- p2538(v65): 0.0036 -0.0085 -0.012
  neighbors: f1934 f1098 f1932 f2097 f2098
- p2462(v122): 0.0032 -0.0086 -0.0031
  neighbors: f1111 f1479 f1099 f1481 f1482
- p3885(v223): 0.0025 -0.0087 -0.014
  neighbors: f1112 f1111 f1106 f1480 f1479 f1109 f2320 f2321
- p2420(v137): 0.0024 -0.0087 -0.012
  neighbors: f1106 f2321 f2326
- p733(v202): 0.003 -0.0086 -0.0035
  neighbors: f1480 f1109 f1485 f1487
- p1334(v136): 0.003 -0.0086 -0.013
  neighbors: f1112 f2096 f2320 f2323
- p1646(v225): 0.0059 -0.0012 -0.014
  neighbors: f2081 f1804 f1123 f1642 f1635 f1626 f1663 f1803 f2080 f2114 f2115
- p1664(v207): 0.0057 -0.00034 -0.012
  neighbors: f1635 f1637 f1123 f1805 f1808
- p661(v37): 0.0059 -0.00089 -0.013
  neighbors: f1123 f1803 f1802 f1805 f1806
- p3964(v228): 0.0043 0.0023 -0.013
  neighbors: f1673 f1150 f2125 f2126
- p2810(v229): 0.0042 0.0023 -0.0052
  neighbors: f1154 f1677 f1679
- p1547(v230): -0.015 -7.6e-05 -0.01
  neighbors: f1156 f1159 f1160 f1975 f1978
- p2257(v78): -0.014 0.0028 -0.01
  neighbors: f1555 f1553 f1686 f1684 f1156 f1172 f1973 f1975
- p1719(v232): -0.015 0.00073 -0.0093
  neighbors: f1171 f1692 f1694 f1169 f1168 f1680 f1690 f1693 f2127 f2129
- p2541(v231): -0.015 0.00036 -0.0093
  neighbors: f1168 f1683 f2127 f2128
- p1021(v84): -0.013 0.0061 -0.0092
  neighbors: f1243 f1171 f1240 f1692 f1241 f1244 f1691 f1741 f1742
- p1602(v233): -0.014 0.0037 -0.01
  neighbors: f1172 f1173 f1684 f1685
- p791(v143): -0.013 0.0062 -0.01
  neighbors: f1176 f1173 f1685 f2133 f2134
- p2544(v234): -0.013 0.0079 -0.0098
  neighbors: f1175 f1176 f1177 f1694 f1690 f1689 f2132 f2133
- p3953(v235): -0.012 0.0075 -0.013
  neighbors: f1181 f1182 f1183 f1985 f2292 f2293
- p115(v39): -0.011 0.0068 -0.014
  neighbors: f1183 f1222 f1182 f1186 f1221 f1704 f2139 f2140
- p3479(v73): -0.012 0.0068 -0.013
  neighbors: f1223 f1221 f1183 f2283 f2282 f2291 f2292
- p85(v236): -0.011 0.0055 -0.014
  neighbors: f1186 f1193 f1702 f1704
- p1666(v237): -0.01 0.0071 -0.014
  neighbors: f1193 f1191 f1702 f1731 f2336 f2454 f2455
- p726(v238): -0.00063 0.0051 -0.014
  neighbors: f1194 f1721 f1720 f1725 f2153 f2154
- p3183(v99): 6.6e-05 0.0049 -0.013
  neighbors: f1857 f1858 f1863 f1860 f1855 f1194 f1862 f2152 f2153
- p3606(v239): 0.0028 0.0036 -0.014
  neighbors: f1666 f1200 f1201 f1207 f1378 f1377 f1660 f1708 f1709
- p428(v240): -0.0071 0.007 -0.014
  neighbors: f1723 f1209 f1210 f1211 f1721 f1714 f1711 f1725 f2155 f2156
- p406(v6): -0.009 0.0073 -0.014
  neighbors: f1220 f1219 f1738 f1210 f1209 f1235 f2038 f2311 f2312
- p657(v241): -0.0083 0.0069 -0.014
  neighbors: f1220 f1218 f1219 f2040 f2044
- p105(v147): -0.0087 0.0069 -0.014
  neighbors: f1220 f1218 f2309 f2038 f2308 f2463 f2465
- p730(v75): -0.0097 0.003 -0.014
  neighbors: f1218 f2040 f2461 f2463
- p1910(v242): -0.012 0.0034 -0.014
  neighbors: f1221 f1222 f1223
- p2471(v148): -0.013 -6.2e-05 -0.014
  neighbors: f2282 f1222 f1223 f1569 f2141 f1706 f2026 f2138 f2024 f2137 f2139 f2285 f2287
- p3403(v243): -0.014 -0.001 -0.013
  neighbors: f1228 f1227 f1568 f1570
- p3331(v20): -0.013 -0.0011 -0.014
  neighbors: f1573 f1570 f1227 f1569 f1593 f2024 f2025
- p2409(v245): -0.0095 0.0071 -0.014
  neighbors: f1235 f1738 f2174 f2175
- p3475(v246): -0.014 0.0032 -0.0092
  neighbors: f1240 f1239 f1741 f1743
- p704(v247): -0.013 0.0072 -0.0091
  neighbors: f1241 f1242 f1243
- p2525(v248): -0.013 0.0066 -0.0088
  neighbors: f1244 f1250 f1249 f1247 f1248 f1742 f1744
- p2154(v249): -0.012 0.0082 -0.0087
  neighbors: f1251 f1252 f1253
- p96(v250): -0.01 0.0076 0.00059
  neighbors: f1254 f1255 f1256 f1746 f1749
- p3128(v153): -0.01 0.0076 0.00076
  neighbors: f1256 f1749 f2176 f2414 f2415
- p1136(v252): -0.011 0.0023 0.0018
  neighbors: f1277 f1268 f1276 f2244 f2246
- p2177(v254): -0.011 0.0034 0.0017
  neighbors: f1273 f1274 f1275 f1276 f1277
- p1956(v156): -0.01 0.0064 0.0016
  neighbors: f1768 f1274 f1769 f1275 f2409 f2410
- p2347(v257): -0.012 -0.0013 0.0015
  neighbors: f1286 f1294 f1771 f1289 f1290 f2199 f1770 f2195 f2210 f2211
- p781(v261): 0.006 -0.0016 -0.005
  neighbors: f1629 f1312 f1534 f2362 f2363
- p2781(v158): 0.006 -0.0016 -0.0033
  neighbors: f1900 f1890 f1629 f1312 f1898 f2238 f2239
- p472(v90): 0.0061 -0.0027 -0.0036
  neighbors: f1312 f1534 f1891 f1890 f1961 f1964
- p2874(v263): -0.011 -0.001 0.0025
  neighbors: f1828 f1321 f1322 f1827 f1851 f1823 f1841 f1850 f2249 f2250
- p239(v94): -0.01 -0.00093 0.0025
  neighbors: f1818 f1322 f1827 f1832
- p1436(v264): -0.01 0.003 0.0022
  neighbors: f1331 f1330 f1834 f2247 f2248
- p103(v265): -0.0086 0.0075 0.0021
  neighbors: f1332 f1333 f1334 f1335
- p2172(v266): -0.01 0.0079 0.00049
  neighbors: f1336 f1337 f1338 f1339 f1340 f1341
- p481(v268): -0.0084 0.0072 0.0024
  neighbors: f1840 f1347 f1839 f1349 f1844 f1842 f1849 f1854
- p736(v269): -0.0081 0.0061 0.0025
  neighbors: f1354 f1817 f1816 f1846 f1852
- p3569(v270): -0.0075 0.0055 0.0025
  neighbors: f1360 f1361 f1362
- p1901(v271): 0.00054 0.0048 -0.013
  neighbors: f1857 f1364 f1856 f1860 f1861
- p3102(v169): 0.00061 0.0048 -0.011
  neighbors: f2255 f1390 f1861 f1364 f1389 f1869 f2254 f2437 f2438
- p3257(v272): -0.00023 0.005 -0.0064
  neighbors: f1366 f2157 f2159
- p1811(v273): 0.00036 0.0048 -0.0065
  neighbors: f1373 f1864 f1863 f1372 f1858 f1865 f2252 f2253
- p910(v170): 0.00022 0.0049 -0.0067
  neighbors: f1864 f1862 f1372 f2152 f2158
- p2886(v274): 0.0027 0.0037 -0.013
  neighbors: f1374 f1375 f1376 f1377 f1378
- p1998(v275): 0.0024 0.0039 -0.004
  neighbors: f1379 f1380 f1381
- p2690(v276): 0.00065 0.0047 -0.0032
  neighbors: f1383 f1866 f1870
- p2557(v277): 0.0015 0.0044 -0.012
  neighbors: f1385 f1386 f1387 f1388
- p1149(v177): 0.0011 0.0046 -0.013
  neighbors: f1388 f2438 f1387 f1392 f1390 f2434 f2441 f2442
- p2563(v278): 0.0009 0.0047 -0.014
  neighbors: f1389 f1390 f1391 f1392
- p1451(v279): 0.0014 0.0045 -0.0053
  neighbors: f1393 f1872 f1871 f1877 f1881
- p2751(v281): 0.0019 0.0042 -0.013
  neighbors: f1400 f1401 f1402 f1403 f1404
- p1706(v282): 0.0037 0.0029 -0.0039
  neighbors: f1407 f1406 f1883 f1884
- p1745(v283): 0.0052 0.00095 -0.003
  neighbors: f1408 f1409 f1411 f1456 f1457
- p2489(v285): 0.0056 -0.00026 -0.0027
  neighbors: f1417 f1418 f1419 f1886 f1893 f1901
- p3589(v287): 0.0045 0.0019 -0.0054
  neighbors: f1433 f1432 f1443 f1441 f1904 f1905
- p1432(v286): 0.0046 0.0019 -0.005
  neighbors: f1433 f1903 f1905
- p1818(v289): 0.0049 0.0013 -0.012
  neighbors: f1907 f1442 f1443 f1441 f2495 f2496
- p580(v290): -0.0087 -0.00031 0.0025
  neighbors: f1444 f1445 f1446 f1447 f1448 f1449
- p697(v292): 0.0051 0.001 -0.0043
  neighbors: f1457 f1910 f1456 f1909 f1912 f1913
- p267(v293): -5.5e-05 -0.0081 -0.0033
  neighbors: f1458 f1459 f1460 f1461
- p243(v295): -0.00058 -0.0079 -0.006
  neighbors: f1468 f1919 f2007 f2008
- p2030(v297): 0.0024 -0.0087 -0.0037
  neighbors: f1474 f1486 f1488
- p1962(v298): 0.003 -0.0086 -0.0034
  neighbors: f1480 f1479 f1482 f1485
- p250(v299): 0.0026 -0.0087 -0.0027
  neighbors: f1481 f1482 f1483 f1488 f1485 f1486 f1487 f1491 f1492
- p2965(v300): 0.0041 -0.008 -0.0027
  neighbors: f1489 f1492 f1491 f1511 f1941 f1942
- p1046(v302): 0.004 -0.0083 -0.0043
  neighbors: f1508 f1938 f1501 f2109 f1931 f2108 f1936 f2267 f2268
- p2075(v200): 0.004 -0.0083 -0.012
  neighbors: f1605 f1501 f2108 f2388 f2482 f2483
- p2960(v35): 0.0039 -0.0083 -0.012
  neighbors: f1608 f1501 f1605 f1936 f1937
- p1834(v303): 0.0036 -0.0084 -0.0029
  neighbors: f1511 f1608 f1935 f1508 f1938 f1937 f1933 f1939 f1942
- p869(v301): 0.0047 -0.0077 -0.0036
  neighbors: f1924 f1931 f1508 f1930 f1939 f1940
- p1790(v309): 0.0061 -0.0027 -0.0039
  neighbors: f1961 f1534 f2363 f2365
- p636(v310): -0.012 0.0073 -0.012
  neighbors: f1536 f2301 f2303
- p230(v311): -0.013 0.0034 -0.012
  neighbors: f1547 f1540 f1546 f2295 f1987 f2299 f2298 f2447 f2449
- p3031(v209): -0.013 0.0042 -0.012
  neighbors: f1540 f2298 f2302
- p1434(v312): -0.013 0.004 -0.012
  neighbors: f1544 f1545 f1546 f1547
- p1420(v313): -0.013 0.0062 -0.011
  neighbors: f1548 f1549 f1550 f1551 f1969 f1971
- p3030(v314): -0.013 0.0061 -0.011
  neighbors: f1553 f1554 f1555
- p2574(v315): -0.013 0.0051 -0.011
  neighbors: f1556 f1972 f1970 f1559 f1974 f1976
- p1989(v316): -0.014 -0.00078 -0.013
  neighbors: f1572 f1994 f2290 f1571 f2289 f1568 f1569 f1570 f2286 f2296 f2285 f2448 f2450
- p2444(v317): -0.0013 -0.0074 -0.014
  neighbors: f1573 f1574 f1999 f1593 f1996 f2032 f2034
- p3463(v135): -0.00037 -0.0079 -0.014
  neighbors: f2010 f1999 f1649 f1574 f2009 f2526 f2525 f2528 f2529
- p2584(v318): -0.0012 -0.0077 -0.013
  neighbors: f1579 f1580 f2002 f2005
- p995(v319): 0.00095 -0.0083 -0.014
  neighbors: f2014 f2011 f1586 f2018 f2327 f2329
- p3340(v320): -0.013 -0.0013 -0.014
  neighbors: f2033 f2034 f1593 f2025 f2330 f2332
- p3928(v323): 0.0039 -0.0083 -0.012
  neighbors: f1605 f1935 f1934 f1608 f2098 f2387 f2388
- p359(v326): 0.006 -0.0016 -0.014
  neighbors: f1626 f2238 f2236 f1629 f2080 f2362 f2364
- p1512(v68): 0.006 -0.0015 -0.012
  neighbors: f1626 f1804 f2236 f2237
- p2032(v327): 0.0056 -5.3e-05 -0.014
  neighbors: f1635 f2114 f1637 f2069 f2395 f2397
- p2692(v69): 0.0057 -0.0002 -0.011
  neighbors: f1808 f1637 f1807 f2069 f2071
- p2706(v328): 0.0061 -0.0032 -0.014
  neighbors: f1642 f2081 f2113 f2378 f2090 f2370 f2110 f2368 f2377 f2506 f2552 f2553
- p1661(v138): 0.0059 -0.0015 -0.014
  neighbors: f1642 f1663 f2110 f2111
- p2021(v329): 0.0041 -0.008 -0.014
  neighbors: f1649 f2479 f2078 f2095 f2470 f2478 f2525 f2568 f2571
- p1263(v76): 0.0022 -0.0086 -0.014
  neighbors: f2011 f2018 f2095 f1649 f2010 f2319 f2322
- p1390(v330): 0.0044 0.002 -0.014
  neighbors: f1660 f2111 f2121 f1663 f2122 f2115 f1666 f2491 f2492 f2564 f2566
- p343(v331): 0.0041 0.0025 -0.013
  neighbors: f1679 f1673 f1678 f1677 f1676 f2124 f2125
- p3781(v332): -0.015 -0.00015 -0.0098
  neighbors: f1680 f1683 f1682 f2128 f2129
- p206(v333): -0.014 0.0035 -0.01
  neighbors: f1684 f1685 f1686 f2130 f2134
- p1845(v334): -0.013 0.0065 -0.0093
  neighbors: f1689 f1690 f1691 f1692
- p1480(v335): -0.014 0.0026 -0.0097
  neighbors: f1693 f1694 f2131 f2132
- p3370(v337): -0.011 0.0047 -0.014
  neighbors: f1706 f1702 f2141 f1704 f2136 f2140 f2454 f2459
- p2999(v336): -0.012 0.0037 -0.014
  neighbors: f1706 f2136 f2138
- p252(v338): 0.0016 0.004 -0.014
  neighbors: f1707 f1708 f1709
- p292(v339): -0.0041 0.0061 -0.014
  neighbors: f1710 f1711 f1722 f1723
- p795(v340): -0.009 0.0076 -0.014
  neighbors: f1713 f1714 f2147 f2146 f2150 f2155
- p2260(v341): -0.0042 0.0062 -0.014
  neighbors: f1719 f1720 f1721 f1722 f1723
- p1642(v342): -0.003 0.0058 -0.014
  neighbors: f1725 f2154 f2156
- p2861(v343): -0.01 0.0051 -0.014
  neighbors: f1731 f2334 f2336 f2339
- p3849(v344): -0.011 0.0013 -0.014
  neighbors: f2175 f2169 f1738 f2310 f2311
- p3818(v345): -0.014 0.0045 -0.009
  neighbors: f1741 f1742 f1743 f1744
- p322(v346): -0.011 0.0065 0.00028
  neighbors: f1745 f1746 f1747 f1749 f1751 f2176 f2177
- p2375(v347): -0.01 0.007 0.00086
  neighbors: f1750 f1751 f2177 f2181
- p1293(v251): -0.011 0.0055 0.00087
  neighbors: f1750 f2182 f2181 f1759 f2204 f2206
- p581(v348): -0.011 0.0038 0.00097
  neighbors: f2182 f1759 f2190 f2497 f2499
- p2531(v350): -0.011 0.0019 0.0016
  neighbors: f1769 f1766 f1767 f1768 f1772 f1773
- p937(v256): -0.011 0.0033 0.0015
  neighbors: f1767 f1766 f2408 f2411
- p371(v349): -0.01 0.0051 0.0016
  neighbors: f1769 f1767 f2408 f2410
- p3178(v351): -0.012 -0.00074 0.0015
  neighbors: f1770 f1771 f1772 f1773
- p444(v352): -0.013 -0.00095 0.0011
  neighbors: f1774 f2196 f2197
- p3360(v354): 0.0058 -0.0051 -0.0031
  neighbors: f1888 f2217 f1785 f2216 f1887 f2213 f2220 f2222
- p102(v358): 0.006 -0.0015 -0.0037
  neighbors: f1804 f1899 f1898 f1802 f1803 f2237 f2239
- p2006(v259): 0.0058 -0.00068 -0.0036
  neighbors: f1806 f1802 f1895 f1899
- p3856(v359): 0.0057 -0.00034 -0.0044
  neighbors: f1805 f1806 f1807 f1808 f1895 f2261 f2262
- p3786(v126): 0.0056 -9.9e-05 -0.0055
  neighbors: f2071 f1807 f2261 f2265
- p227(v360): -0.0093 0.00051 0.0026
  neighbors: f1813 f1817 f1815 f1816 f2240 f2241
- p3585(v262): -0.0097 -0.00057 0.0026
  neighbors: f1815 f1821 f1819 f2241 f2243
- p957(v93): -0.0089 0.0027 0.0026
  neighbors: f1817 f1831 f1821 f1815 f1846 f1847
- p495(v361): -0.0097 8.9e-05 0.0026
  neighbors: f1818 f1819 f1821 f1831 f1832
- p2537(v362): -0.011 -0.00097 0.0022
  neighbors: f1822 f1823 f1825 f2249 f2432 f2518 f2519
- p960(v363): -0.01 -3.4e-05 0.0025
  neighbors: f1827 f1828 f1832 f1831 f1847 f1848
- p129(v162): -0.0098 0.0018 0.0025
  neighbors: f1828 f1848 f1851
- p3379(v364): -0.011 -0.00062 0.0021
  neighbors: f1833 f1834 f2245 f2248
- p3289(v365): -0.0093 0.0059 0.0022
  neighbors: f1838 f1839 f1840
- p213(v366): -0.009 0.0049 0.0025
  neighbors: f1841 f1842 f2250 f1844 f2433 f2516 f2517
- p1264(v27): -0.0085 0.0064 0.0025
  neighbors: f1842 f1841 f1849 f1850
- p503(v367): -0.0083 0.0069 0.0025
  neighbors: f1846 f1847 f1848 f1849 f1850 f1851 f1852 f1853 f1854
- p478(v368): 0.00061 0.0048 -0.014
  neighbors: f1855 f1856 f1857
- p3338(v369): 0.00021 0.0049 -0.012
  neighbors: f1858 f1861 f1860 f2252 f2254
- p2889(v370): 0.00033 0.0049 -0.0068
  neighbors: f1862 f1863 f1864
- p1389(v371): 0.00049 0.0048 -0.0062
  neighbors: f1865 f1866 f1870 f1869 f2253 f2255
- p1987(v372): 0.0013 0.0045 -0.0046
  neighbors: f1871 f1872 f1873 f1874 f1875 f1876
- p1629(v178): 0.0012 0.0046 -0.0045
  neighbors: f1876 f1872 f1877 f2256 f2257
- p3760(v280): 0.001 0.0046 -0.0033
  neighbors: f2256 f1876 f1875 f2435 f2436
- p500(v373): 0.0011 0.0046 -0.011
  neighbors: f1877 f1881 f2257 f2439 f2440
- p3876(v374): 0.0041 0.0025 -0.0032
  neighbors: f1882 f1883 f1884
- p3059(v375): 0.0061 -0.0029 -0.0027
  neighbors: f1885 f1886 f1887 f1888 f1891 f1890 f1900 f1901
- p891(v258): 0.006 -0.0039 -0.0032
  neighbors: f2213 f1891 f2386 f1965 f2212 f1888 f1964 f2231 f2385 f2427 f2428
- p3888(v376): 0.0057 -0.00038 -0.0029
  neighbors: f1892 f1893 f1901 f1895 f1900 f1899 f1898 f2262 f2263
- p202(v377): 0.0047 0.0017 -0.0035
  neighbors: f1902 f1903 f1904 f1905
- p551(v378): 0.0051 0.0011 -0.0052
  neighbors: f1906 f1907 f1910 f1909 f2494 f2495
- p1965(v114): 0.0051 0.0011 -0.012
  neighbors: f1912 f1910 f2489 f2494
- p797(v379): 0.0051 0.0011 -0.011
  neighbors: f1913 f1912 f2489 f2490
- p2195(v380): -0.00089 -0.0078 -0.013
  neighbors: f2008 f1919 f2013 f2016
- p2817(v381): 0.0049 -0.0075 -0.0035
  neighbors: f1924 f1940 f2536 f2537
- p1281(v121): 0.0046 -0.0078 -0.0054
  neighbors: f1930 f2537 f2269 f1924 f2473 f2534 f2538 f2539
- p3169(v383): 0.0042 -0.0082 -0.0044
  neighbors: f1931 f1930 f2267 f2269
- p1528(v384): 0.0035 -0.0085 -0.0056
  neighbors: f1932 f1933 f1934 f1935
- p2071(v385): 0.0037 -0.0084 -0.0032
  neighbors: f1936 f1937 f1938
- p3710(v386): 0.0051 -0.0072 -0.0028
  neighbors: f1939 f1940 f1941 f1942 f2276 f1955 f2352 f2272 f2535 f2536
- p3529(v388): 0.0054 -0.0066 -0.0032
  neighbors: f1958 f1953 f1954 f1955 f2059 f1957 f2058 f2275 f2276
- p437(v325): 0.0054 -0.0063 -0.013
  neighbors: f1954 f2053 f1953 f2279 f2501 f2507
- p2142(v204): 0.0053 -0.0068 -0.012
  neighbors: f1953 f2053 f2058
- p1969(v307): 0.0054 -0.0064 -0.0039
  neighbors: f1958 f1954 f2278 f2279
- p2552(v389): 0.0061 -0.0029 -0.0055
  neighbors: f1965 f1964 f1961 f1963 f2365 f2366
- p3212(v355): 0.0061 -0.0032 -0.0058
  neighbors: f2231 f1965 f1963 f2373 f2374
- p3016(v2): 0.0061 -0.003 -0.012
  neighbors: f1963 f2367 f2366 f2373 f2380 f2381
- p1342(v391): -0.013 0.0051 -0.011
  neighbors: f1969 f1970 f1971 f1972
- p1715(v392): -0.015 0.001 -0.011
  neighbors: f1973 f1974 f1975 f1976 f1977 f1978
- p3278(v394): -0.012 0.006 -0.013
  neighbors: f1994 f1993 f1985 f2290 f2293
- p1757(v395): -0.014 0.0016 -0.012
  neighbors: f1987 f2295 f2297
- p1490(v396): -0.013 0.0051 -0.013
  neighbors: f2300 f1994 f1993 f2299 f2449 f2450
- p1009(v397): -0.01 -0.0017 -0.014
  neighbors: f2464 f1996 f1999 f2462 f2529 f2530
- p3822(v220): -0.011 -0.0013 -0.014
  neighbors: f2033 f2404 f2032 f1996 f2307 f2402 f2332 f2464 f2466
- p1679(v398): -0.0012 -0.0077 -0.013
  neighbors: f2002 f2003 f2004 f2005 f2008 f2007 f2012 f2013
- p1348(v399): -0.0003 -0.008 -0.014
  neighbors: f2009 f2010 f2011 f2012 f2013 f2014 f2015 f2016
- p2546(v400): 0.0018 -0.0086 -0.014
  neighbors: f2023 f2018 f2022 f2324 f2319 f2328 f2329
- p2523(v401): -0.013 -0.00076 -0.014
  neighbors: f2024 f2025 f2026 f2330 f2340 f2456 f2457
- p2593(v82): -0.013 0.00034 -0.014
  neighbors: f2137 f2026 f2457 f2458
- p287(v402): -0.012 -0.0013 -0.014
  neighbors: f2032 f2033 f2034
- p2236(v403): -0.0098 0.0035 -0.014
  neighbors: f2038 f2309 f2312
- p2368(v404): -0.0092 0.0041 -0.014
  neighbors: f2040 f2044 f2460 f2461 f2569 f2570
- p2820(v407): 0.0052 -0.0069 -0.013
  neighbors: f2053 f2274 f2350 f2273 f2059 f2058 f2507 f2531 f2532
- p3136(v306): 0.0053 -0.0068 -0.005
  neighbors: f2059 f2274 f2275
- p3427(v409): 0.0056 -3.9e-05 -0.013
  neighbors: f2069 f2266 f2071 f2072 f2265 f2396 f2397
- p936(v410): 0.0051 -0.0068 -0.014
  neighbors: f2478 f2369 f2370 f2078 f2506 f2509
- p3125(v227): 0.0052 -0.006 -0.014
  neighbors: f2078 f2113 f2368 f2369 f2567 f2568
- p3541(v411): 0.0061 -0.0027 -0.014
  neighbors: f2080 f2081 f2364 f2367 f2377 f2380
- p1400(v412): 0.0061 -0.0034 -0.014
  neighbors: f2379 f2090 f2375 f2378 f2382 f2383
- p564(v224): 0.006 -0.0045 -0.014
  neighbors: f2090 f2382 f2422 f2384 f2541 f2552 f2561 f2562
- p2398(v413): 0.0036 -0.0084 -0.014
  neighbors: f2323 f2095 f2096 f2097 f2098 f2322 f2387 f2470 f2471
- p3892(v414): 0.0041 -0.0082 -0.012
  neighbors: f2108 f2109 f2482 f2486
- p2657(v382): 0.0041 -0.0082 -0.006
  neighbors: f2109 f2268 f2486 f2487
- p1033(v415): 0.0056 -0.0039 -0.014
  neighbors: f2110 f2111 f2113 f2564 f2567
- p1996(v416): 0.0053 0.0007 -0.014
  neighbors: f2114 f2115 f2395 f2492 f2493
- p454(v417): 0.0039 0.0026 -0.014
  neighbors: f2121 f2122 f2123 f2124 f2125 f2126
- p2700(v418): -0.015 0.00017 -0.0095
  neighbors: f2127 f2128 f2129
- p3116(v419): -0.014 0.0035 -0.01
  neighbors: f2130 f2131 f2132 f2133 f2134
- p1658(v420): -0.012 0.003 -0.014
  neighbors: f2138 f2136 f2137 f2458 f2459
- p44(v421): -0.011 0.0053 -0.014
  neighbors: f2139 f2140 f2141
- p3098(v423): -0.011 0.0083 -0.012
  neighbors: f2146 f2147 f2148 f2149
- p1750(v424): -0.00042 0.0051 -0.013
  neighbors: f2150 f2151 f2152 f2153 f2154 f2155 f2156 f2157 f2158 f2159
- p2355(v427): -0.012 0.00049 -0.014
  neighbors: f2175 f2174 f2169 f2335 f2403 f2405
- p1226(v426): -0.011 0.00022 -0.014
  neighbors: f2310 f2169 f2307 f2402 f2403
- p1675(v428): -0.01 0.0072 0.00088
  neighbors: f2176 f2177 f2182 f2181 f2415 f2497 f2498
- p809(v430): -0.012 0.0023 0.00099
  neighbors: f2189 f2190 f2412 f2499 f2500
- p142(v431): -0.012 -0.0012 0.0013
  neighbors: f2195 f2196 f2197 f2198 f2199
- p2682(v353): -0.013 -0.0012 0.00061
  neighbors: f2199 f2202 f2198 f2201 f2208 f2211
- p414(v432): -0.013 -0.0011 0.0004
  neighbors: f2200 f2201 f2202 f2203 f2204 f2205 f2206
- p316(v433): -0.013 -0.0012 0.00059
  neighbors: f2207 f2208 f2209 f2210 f2211
- p209(v434): 0.006 -0.0045 -0.0046
  neighbors: f2212 f2213 f2222 f2226
- p3026(v159): 0.006 -0.0044 -0.006
  neighbors: f2226 f2385 f2212 f2384 f2422 f2423
- p879(v435): 0.0057 -0.0056 -0.0038
  neighbors: f2216 f2217 f2219 f2520 f2559 f2560
- p2924(v305): 0.0058 -0.0051 -0.0059
  neighbors: f2219 f2217 f2220 f2416 f2417
- p273(v387): 0.0057 -0.0054 -0.012
  neighbors: f2219 f2511 f2416 f2521 f2520 f2545 f2546
- p1074(v436): 0.0058 -0.0051 -0.012
  neighbors: f2220 f2226 f2222 f2417 f2423 f2424
- p1801(v438): 0.0061 -0.0034 -0.0051
  neighbors: f2231 f2376 f2374 f2428 f2429
- p464(v439): 0.006 -0.0015 -0.0044
  neighbors: f2236 f2237 f2238 f2239
- p1749(v440): -0.0099 -0.0012 0.0026
  neighbors: f2240 f2241 f2242 f2243
- p130(v441): -0.011 0.0033 0.002
  neighbors: f2244 f2245 f2246 f2247 f2248
- p2656(v442): -0.01 -0.00032 0.0025
  neighbors: f2249 f2250 f2516 f2518
- p3397(v443): 0.00048 0.0048 -0.0064
  neighbors: f2252 f2253 f2254 f2255
- p3032(v444): 0.0011 0.0046 -0.012
  neighbors: f2256 f2257 f2435 f2434 f2440 f2442
- p2245(v445): 0.0056 -5.7e-05 -0.0034
  neighbors: f2261 f2262 f2263 f2264 f2265 f2266
- p3753(v446): 0.0043 -0.0081 -0.0053
  neighbors: f2267 f2268 f2269 f2473 f2485 f2487
- p2295(v447): 0.0052 -0.007 -0.0043
  neighbors: f2272 f2273 f2274 f2275 f2276
- p741(v304): 0.0051 -0.0071 -0.006
  neighbors: f2273 f2272 f2350 f2352
- p2867(v448): 0.0054 -0.0063 -0.013
  neighbors: f2501 f2278 f2279 f2549 f2512 f2548 f2557 f2558
- p2949(v449): -0.013 0.00099 -0.013
  neighbors: f2282 f2283 f2287 f2288
- p843(v393): -0.013 0.0013 -0.013
  neighbors: f2288 f2283 f2286 f2289 f2291
- p1438(v450): -0.013 0.00032 -0.013
  neighbors: f2285 f2286 f2287 f2288
- p1108(v451): -0.012 0.0052 -0.013
  neighbors: f2289 f2290 f2291 f2292 f2293
- p3053(v452): -0.014 -0.00027 -0.013
  neighbors: f2297 f2295 f2296 f2447 f2448
- p3412(v453): -0.013 0.0058 -0.012
  neighbors: f2298 f2299 f2300 f2301 f2302 f2303
- p3101(v454): -0.011 -0.00094 -0.014
  neighbors: f2312 f2311 f2310 f2307 f2308 f2309 f2466 f2467
- p2486(v321): -0.01 0.0021 -0.014
  neighbors: f2308 f2465 f2467
- p3358(v456): 0.0024 -0.0087 -0.014
  neighbors: f2319 f2320 f2321 f2322 f2323 f2324 f2325 f2326
- p3075(v457): 0.0011 -0.0084 -0.014
  neighbors: f2327 f2328 f2329
- p717(v458): -0.012 -0.00057 -0.014
  neighbors: f2330 f2335 f2332 f2340 f2334 f2339 f2404 f2405
- p1073(v459): -0.012 0.0019 -0.014
  neighbors: f2336 f2340 f2339 f2455 f2456
- p3301(v461): 0.0052 -0.007 -0.012
  neighbors: f2352 f2350 f2531 f2535
- p1127(v463): 0.0061 -0.0029 -0.012
  neighbors: f2362 f2363 f2364 f2365 f2366 f2367
- p2386(v464): 0.0054 -0.0056 -0.014
  neighbors: f2368 f2369 f2370
- p673(v465): 0.0061 -0.0031 -0.013
  neighbors: f2376 f2375 f2373 f2374 f2379 f2381
- p2176(v324): 0.006 -0.004 -0.012
  neighbors: f2376 f2375 f2386 f2383 f2427 f2429
- p1853(v466): 0.0061 -0.0031 -0.014
  neighbors: f2377 f2378 f2379 f2380 f2381
- p672(v467): 0.006 -0.0042 -0.014
  neighbors: f2382 f2383 f2384 f2385 f2386
- p2841(v468): 0.0042 -0.0082 -0.014
  neighbors: f2387 f2388 f2471 f2483 f2484
- p1907(v469): 0.0053 0.00076 -0.014
  neighbors: f2395 f2396 f2397 f2398 f2488 f2493
- p3121(v470): -0.011 -0.00088 -0.014
  neighbors: f2402 f2403 f2404 f2405
- p3252(v471): -0.01 0.0073 0.001
  neighbors: f2415 f2414 f2408 f2409 f2410 f2411 f2412 f2413 f2498 f2500
- p2374(v472): 0.0057 -0.0053 -0.013
  neighbors: f2416 f2417 f2424 f2547 f2545 f2554 f2555
- p3809(v473): 0.0058 -0.0049 -0.013
  neighbors: f2422 f2423 f2424 f2541 f2551 f2554
- p1618(v474): 0.0061 -0.0036 -0.005
  neighbors: f2427 f2428 f2429
- p1876(v475): -0.011 0.001 0.0023
  neighbors: f2433 f2432 f2517 f2519
- p882(v476): 0.0011 0.0046 -0.012
  neighbors: f2434 f2435 f2436 f2437 f2438
- p1054(v477): 0.0011 0.0046 -0.012
  neighbors: f2439 f2440 f2441 f2442
- p28(v479): -0.014 -0.00012 -0.013
  neighbors: f2447 f2448 f2449 f2450
- p1807(v481): -0.012 0.00032 -0.014
  neighbors: f2454 f2455 f2456 f2457 f2458 f2459
- p2828(v482): -0.011 -0.0003 -0.014
  neighbors: f2460 f2461 f2462 f2463 f2464 f2465 f2466 f2467
- p386(v455): -0.0089 -0.0013 -0.014
  neighbors: f2462 f2460 f2530 f2570
- p1693(v483): 0.0044 -0.008 -0.014
  neighbors: f2485 f2479 f2470 f2471 f2473 f2484 f2538 f2540
- p961(v484): 0.0047 -0.0077 -0.014
  neighbors: f2534 f2509 f2478 f2479 f2533 f2539 f2540
- p2862(v485): 0.0042 -0.0082 -0.014
  neighbors: f2482 f2483 f2484 f2485 f2486 f2487
- p2041(v486): 0.005 0.0012 -0.013
  neighbors: f2488 f2489 f2490 f2491 f2492 f2493 f2494 f2495 f2496
- p1055(v487): -0.011 0.0048 0.00099
  neighbors: f2497 f2498 f2499 f2500
- p3596(v488): 0.0055 -0.006 -0.014
  neighbors: f2501 f2509 f2533 f2532 f2507 f2506 f2548 f2553
- p2424(v489): 0.0057 -0.0056 -0.014
  neighbors: f2547 f2511 f2512 f2546 f2549 f2555
- p3470(v478): 0.0055 -0.0062 -0.012
  neighbors: f2512 f2521 f2511 f2556 f2558
- p536(v490): -0.011 -0.00014 0.0024
  neighbors: f2516 f2517 f2518 f2519
- p2216(v491): 0.0056 -0.0057 -0.0048
  neighbors: f2520 f2521 f2556 f2560
- p58(v492): 0.0024 -0.0075 -0.014
  neighbors: f2525 f2526 f2571 f2572
- p1217(v480): -0.0017 -0.0057 -0.014
  neighbors: f2526 f2528 f2572
- p744(v493): -0.0076 -0.0024 -0.014
  neighbors: f2528 f2529 f2530 f2564 f2565 f2566 f2567 f2568 f2569 f2570 f2571 f2572
- p616(v494): 0.005 -0.0074 -0.013
  neighbors: f2531 f2532 f2533 f2534 f2535 f2536 f2537
- p2436(v495): 0.0046 -0.0078 -0.012
  neighbors: f2538 f2539 f2540
- p124(v496): 0.0059 -0.0049 -0.014
  neighbors: f2541 f2551 f2561 f2563
- p3931(v497): 0.0057 -0.0054 -0.013
  neighbors: f2545 f2546 f2547
- p846(v498): 0.0056 -0.0058 -0.014
  neighbors: f2548 f2549 f2555 f2551 f2552 f2553 f2554 f2562 f2563
- p501(v499): 0.0055 -0.0062 -0.0052
  neighbors: f2556 f2557 f2558 f2559 f2560
- p3234(v500): 0.0059 -0.0047 -0.014
  neighbors: f2561 f2562 f2563
- f97
    - flags: bottom simplicial
    - normal:   -0.1325  -0.7494   0.6488
    - offset: -0.004380255
    - vertices: p2953(v26) p2130(v14) p1865(v5)
    - neighboring facets: f953 f1483 f205
- f205
    - flags: top simplicial
    - normal:  -0.04273  -0.4671   0.8832
    - offset: -0.003476021
    - vertices: p2845(v47) p2953(v26) p2130(v14)
    - neighboring facets: f97 f802 f937
- f282
    - flags: bottom simplicial
    - normal:   -0.8021  -0.5826   0.1311
    - offset: -0.01113342
    - vertices: p2331(v63) p2826(v34) p742(v1)
    - neighboring facets: f293 f618 f283
- f283
    - flags: top simplicial
    - normal:   -0.4692   -0.882  0.04431
    - offset: -0.00713592
    - vertices: p2331(v63) p2826(v34) p907(v18)
    - neighboring facets: f2207 f2003 f282
- f292
    - flags: bottom simplicial
    - normal:   -0.9494   0.2321   0.2114
    - offset: -0.01215922
    - vertices: p2380(v64) p274(v23) p742(v1)
    - neighboring facets: f743 f293 f973
- f293
    - flags: top simplicial
    - normal:   -0.9562  -0.2251   0.1874
    - offset: -0.01272957
    - vertices: p2380(v64) p2826(v34) p742(v1)
    - neighboring facets: f282 f292 f2200
- f328
    - flags: bottom simplicial
    - normal:   -0.8454   0.3555  -0.3987
    - offset: -0.0177436
    - vertices: p2645(v72) p3936(v22) p1756(v10)
    - neighboring facets: f375 f623 f329
- f329
    - flags: top simplicial
    - normal:   -0.8577   0.3965  -0.3275
    - offset:  -0.017379
    - vertices: p2645(v72) p3936(v22) p627(v21)
    - neighboring facets: f699 f625 f328
- f375
    - flags: top simplicial
    - normal:   -0.4965   0.6353  -0.5915
    - offset: -0.01827593
    - vertices: p353(v80) p3936(v22) p1756(v10)
    - neighboring facets: f328 f708 f2148
- f406
    - flags: top simplicial
    - normal:   -0.9296   0.2992   0.2153
    - offset: -0.01208577
    - vertices: p1375(v86) p1548(v44) p1192(v25)
    - neighboring facets: f750 f1254 f408
- f408
    - flags: top simplicial
    - normal:   -0.9372   0.2751   0.2143
    - offset: -0.01199512
    - vertices: p1375(v86) p1864(v85) p1548(v44)
    - neighboring facets: f1251 f406 f412
- f411
    - flags: top simplicial
    - normal:   -0.9377   0.2728   0.2151
    - offset: -0.01198363
    - vertices: p1375(v86) p1713(v45) p274(v23)
    - neighboring facets: f569 f412 f1745
- f412
    - flags: bottom simplicial
    - normal:   -0.9376   0.2737   0.2144
    - offset: -0.01198878
    - vertices: p1375(v86) p1864(v85) p274(v23)
    - neighboring facets: f754 f411 f408
- f454
    - flags: top simplicial
    - normal:   -0.7592   0.6185   0.2027
    - offset: -0.01278979
    - vertices: p3017(v95) p1192(v25) p3745(v3)
    - neighboring facets: f749 f1336 f826
- f464
    - flags: top simplicial
    - normal:    0.2791   0.9603 6.302e-08
    - offset: -0.004749999
    - vertices: p2158(v98) p3080(v53) p3862(v29)
    - neighboring facets: f1366 f871 f1340
- f485
    - flags: bottom simplicial
    - normal:    0.6121   0.7908 -0.005768
    - offset: -0.004658926
    - vertices: p1795(v101) p950(v54) p440(v15)
    - neighboring facets: f520 f1207 f903
- f509
    - flags: bottom simplicial
    - normal:    0.4671   0.8842 0.0001351
    - offset: -0.004602911
    - vertices: p2703(v105) p2558(v103) p789(v30)
    - neighboring facets: f863 f893 f510
- f510
    - flags: top simplicial
    - normal:    0.4628   0.8864 0.0007269
    - offset: -0.00459919
    - vertices: p2703(v105) p2558(v103) p959(v56)
    - neighboring facets: f870 f1393 f509
- f513
    - flags: top simplicial
    - normal:    0.6526   0.7392   0.1666
    - offset: -0.003960648
    - vertices: p2508(v106) p1812(v32) p642(v8)
    - neighboring facets: f530 f514 f1882
- f514
    - flags: bottom simplicial
    - normal:    0.6273   0.7775  0.04425
    - offset: -0.004418303
    - vertices: p2508(v106) p1885(v57) p642(v8)
    - neighboring facets: f515 f513 f900
- f515
    - flags: top simplicial
    - normal:    0.5942   0.8043 4.764e-08
    - offset: -0.004574924
    - vertices: p369(v107) p1885(v57) p642(v8)
    - neighboring facets: f514 f864 f523
- f520
    - flags: top simplicial
    - normal:     0.615   0.7885 -0.003809
    - offset: -0.004635073
    - vertices: p698(v108) p950(v54) p440(v15)
    - neighboring facets: f485 f901 f522
- f522
    - flags: top simplicial
    - normal:    0.5942   0.8043 -2.728e-07
    - offset: -0.004574929
    - vertices: p698(v108) p369(v107) p950(v54)
    - neighboring facets: f904 f520 f523
- f523
    - flags: bottom simplicial
    - normal:    0.5942   0.8043 -3.087e-08
    - offset: -0.004574926
    - vertices: p698(v108) p369(v107) p1885(v57)
    - neighboring facets: f515 f902 f522
- f530
    - flags: bottom simplicial
    - normal:    0.6465   0.7326   0.2132
    - offset: -0.003778844
    - vertices: p973(v110) p1812(v32) p642(v8)
    - neighboring facets: f513 f927 f532
- f532
    - flags: bottom simplicial
    - normal:    0.5919   0.6024   0.5354
    - offset: -0.002276779
    - vertices: p973(v110) p1788(v109) p1812(v32)
    - neighboring facets: f913 f530 f926
- f535
    - flags: top simplicial
    - normal:    0.3053  -0.1031   0.9467
    - offset: 0.000304697
    - vertices: p3408(v111) p3732(v89) p2953(v26)
    - neighboring facets: f1489 f938 f536
- f536
    - flags: bottom simplicial
    - normal:    0.3063  -0.1011   0.9466
    - offset: 0.0003139032
    - vertices: p3408(v111) p3732(v89) p1219(v49)
    - neighboring facets: f1013 f934 f535
- f559
    - flags: top simplicial
    - normal:   -0.4218  -0.9013  0.09919
    - offset: -0.006965621
    - vertices: p1100(v117) p1614(v62) p907(v18)
    - neighboring facets: f947 f2209 f561
- f561
    - flags: bottom simplicial
    - normal:   -0.4054  -0.8882    0.216
    - offset: -0.006503811
    - vertices: p1100(v117) p1614(v62) p2130(v14)
    - neighboring facets: f954 f966 f559
- f569
    - flags: bottom simplicial
    - normal:   -0.9378   0.2725   0.2153
    - offset: -0.01198255
    - vertices: p1037(v119) p1713(v45) p274(v23)
    - neighboring facets: f411 f974 f976
- f618
    - flags: bottom simplicial
    - normal:   -0.5732  -0.8194 -0.004061
    - offset: -0.009078622
    - vertices: p3937(v128) p2331(v63) p742(v1)
    - neighboring facets: f282 f694 f2004
- f619
    - flags: top simplicial
    - normal:   -0.8024  -0.5705  -0.1751
    - offset: -0.01402118
    - vertices: p3937(v128) p37(v70) p819(v38)
    - neighboring facets: f1571 f697 f1579
- f623
    - flags: bottom simplicial
    - normal:   -0.8509   0.3039  -0.4284
    - offset: -0.01777389
    - vertices: p194(v129) p2645(v72) p1756(v10)
    - neighboring facets: f328 f1536 f1037
- f625
    - flags: top simplicial
    - normal:   -0.9237   0.2987  -0.2399
    - offset: -0.0164704
    - vertices: p3095(v130) p2645(v72) p627(v21)
    - neighboring facets: f329 f1043 f1551
- f638
    - flags: top simplicial
    - normal:   -0.1514  -0.9885 1.429e-08
    - offset: -0.008205802
    - vertices: p3114(v133) p2001(v61) p3375(v9)
    - neighboring facets: f981 f2023 f643
- f642
    - flags: bottom simplicial
    - normal:   -0.1514  -0.9885 1.983e-07
    - offset: -0.008205801
    - vertices: p3114(v133) p1207(v115) p1865(v5)
    - neighboring facets: f984 f1072 f643
- f643
    - flags: top simplicial
    - normal:   -0.1514  -0.9885 1.57e-07
    - offset: -0.008205802
    - vertices: p3114(v133) p1207(v115) p2001(v61)
    - neighboring facets: f983 f638 f642
- f694
    - flags: bottom simplicial
    - normal:   -0.9771  -0.1359  -0.1635
    - offset: -0.01623681
    - vertices: p2402(v141) p3937(v128) p742(v1)
    - neighboring facets: f618 f1682 f697
- f697
    - flags: top simplicial
    - normal:     -0.97  -0.1536  -0.1883
    - offset: -0.01638669
    - vertices: p2402(v141) p3937(v128) p819(v38)
    - neighboring facets: f619 f698 f694
- f698
    - flags: bottom simplicial
    - normal:   -0.9734  -0.1207  -0.1947
    - offset: -0.01649618
    - vertices: p2402(v141) p2161(v131) p819(v38)
    - neighboring facets: f1549 f697 f1160
- f699
    - flags: bottom simplicial
    - normal:   -0.7853   0.5719  -0.2373
    - offset: -0.01691343
    - vertices: p2812(v142) p3936(v22) p627(v21)
    - neighboring facets: f329 f700 f701
- f700
    - flags: top simplicial
    - normal:   -0.8261   0.5372  -0.1701
    - offset: -0.01641768
    - vertices: p2812(v142) p1574(v79) p627(v21)
    - neighboring facets: f1175 f699 f702
- f701
    - flags: top simplicial
    - normal:    0.2791   0.9603 -1.39e-07
    - offset: -0.004750017
    - vertices: p2812(v142) p3936(v22) p3745(v3)
    - neighboring facets: f835 f702 f699
- f702
    - flags: bottom simplicial
    - normal:  -0.03265   0.9994 -0.006166
    - offset: -0.008952637
    - vertices: p2812(v142) p1574(v79) p3745(v3)
    - neighboring facets: f747 f701 f700
- f708
    - flags: top simplicial
    - normal:   -0.5086   0.4657  -0.7241
    - offset: -0.0187419
    - vertices: p1229(v144) p353(v80) p1756(v10)
    - neighboring facets: f375 f1181 f716
- f715
    - flags: top simplicial
    - normal:   -0.2834   0.6534   -0.702
    - offset: -0.01758713
    - vertices: p1849(v145) p1229(v144) p3926(v43)
    - neighboring facets: f1191 f1211 f716
- f716
    - flags: bottom simplicial
    - normal:   -0.2836   0.7067  -0.6482
    - offset: -0.01724786
    - vertices: p1849(v145) p1229(v144) p353(v80)
    - neighboring facets: f708 f1713 f715
- f720
    - flags: top simplicial
    - normal:  1.337e-06 3.725e-06       -1
    - offset: -0.01425002
    - center: -0.001364443269267213 0.004996492837866147 -0.01425000031789144 
    - vertices: p2635(v146) p3973(v81) p1446(v41)
    - neighboring facets: f2565 f1707 f1710
    - ridges:
- f721
    - flags: top simplicial
    - normal:    0.2931   0.7262  -0.6219
    - offset: -0.01237506
    - vertices: p2635(v146) p3194(v55) p1312(v16)
    - neighboring facets: f880 f1719 f1200
- f743
    - flags: top simplicial
    - normal:   -0.9506   0.2763   0.1415
    - offset: -0.01279723
    - vertices: p1559(v150) p274(v23) p742(v1)
    - neighboring facets: f292 f1169 f744
- f744
    - flags: top simplicial
    - normal:   -0.9506   0.2763   0.1415
    - offset: -0.01279723
    - vertices: p1559(v150) p812(v83) p274(v23)
    - neighboring facets: f1249 f743 f1239
- f747
    - flags: top simplicial
    - normal:   -0.8098   0.5764   0.1096
    - offset: -0.01385976
    - vertices: p772(v151) p1574(v79) p3745(v3)
    - neighboring facets: f702 f749 f748
- f748
    - flags: bottom simplicial
    - normal:   -0.9197   0.3831  0.08654
    - offset: -0.01379874
    - vertices: p772(v151) p1574(v79) p1685(v42)
    - neighboring facets: f1177 f1242 f747
- f749
    - flags: bottom simplicial
    - normal:   -0.8591   0.4666   0.2105
    - offset: -0.01265198
    - vertices: p772(v151) p1192(v25) p3745(v3)
    - neighboring facets: f454 f747 f750
- f750
    - flags: bottom simplicial
    - normal:     -0.92   0.3283   0.2141
    - offset: -0.01221191
    - vertices: p772(v151) p1548(v44) p1192(v25)
    - neighboring facets: f406 f749 f1252
- f754
    - flags: top simplicial
    - normal:   -0.9506   0.2763   0.1415
    - offset: -0.0127972
    - vertices: p1459(v152) p1864(v85) p274(v23)
    - neighboring facets: f412 f1250 f1248
- f772
    - flags: bottom simplicial
    - normal:   -0.5889   0.1694   0.7903
    - offset: -0.008306312
    - vertices: p99(v155) p1210(v88) p3239(v28)
    - neighboring facets: f1286 f1268 f1273
- f780
    - flags: top simplicial
    - normal:   -0.8464   0.2285   0.4811
    - offset: -0.01097741
    - vertices: p2299(v157) p1659(v154) p2758(v87)
    - neighboring facets: f2203 f2189 f1774
- f799
    - flags: top simplicial
    - normal:    0.1799 -0.05231   0.9823
    - offset: -0.0008543006
    - vertices: p2534(v160) p2845(v47) p2246(v4)
    - neighboring facets: f1813 f1360 f1445
- f802
    - flags: top simplicial
    - normal:  -0.06853  -0.3317   0.9409
    - offset: -0.003647132
    - vertices: p3410(v161) p2845(v47) p2130(v14)
    - neighboring facets: f205 f1321 f2242
- f812
    - flags: bottom simplicial
    - normal:   -0.5256  -0.1439   0.8385
    - offset: -0.007960234
    - vertices: p783(v163) p3239(v28) p2130(v14)
    - neighboring facets: f1289 f1822 f1833
- f821
    - flags: top simplicial
    - normal:   -0.3449   0.1003   0.9333
    - offset: -0.00589395
    - vertices: p1717(v164) p783(v163) p575(v96)
    - neighboring facets: f1331 f1838 f1825
- f826
    - flags: bottom simplicial
    - normal:   -0.6749   0.6885   0.2655
    - offset: -0.01245099
    - vertices: p2087(v165) p3017(v95) p1192(v25)
    - neighboring facets: f454 f1255 f1337
- f835
    - flags: bottom simplicial
    - normal:    0.2791   0.9603 -1.385e-07
    - offset: -0.004750017
    - vertices: p2044(v166) p3936(v22) p3745(v3)
    - neighboring facets: f701 f1338 f2149
- f837
    - flags: top simplicial
    - normal:    -0.437    0.243    0.866
    - offset: -0.00756508
    - vertices: p297(v167) p575(v96) p1808(v12)
    - neighboring facets: f1330 f1334 f1347
- f843
    - flags: bottom simplicial
    - normal:    0.1799 -0.05231   0.9823
    - offset: -0.0008542911
    - vertices: p69(v168) p2534(v160) p2074(v58)
    - neighboring facets: f1446 f930 f1362
- f863
    - flags: top simplicial
    - normal:    0.5505   0.8349 -7.302e-05
    - offset: -0.004592061
    - vertices: p3362(v172) p2558(v103) p789(v30)
    - neighboring facets: f509 f1403 f1381
- f864
    - flags: top simplicial
    - normal:    0.5942   0.8043 -8.003e-09
    - offset: -0.004574924
    - vertices: p3362(v172) p369(v107) p642(v8)
    - neighboring facets: f515 f1380 f1374
- f866
    - flags: top simplicial
    - normal:    0.5142   0.8577  0.00742
    - offset: -0.004562171
    - vertices: p522(v173) p2558(v103) p642(v8)
    - neighboring facets: f1379 f867 f870
- f867
    - flags: bottom simplicial
    - normal:    0.4629   0.8542   0.2367
    - offset: -0.003726982
    - vertices: p522(v173) p833(v104) p642(v8)
    - neighboring facets: f928 f866 f868
- f868
    - flags: top simplicial
    - normal:    0.4417   0.8971  0.01315
    - offset: -0.004552595
    - vertices: p522(v173) p833(v104) p3421(v102)
    - neighboring facets: f1874 f869 f867
- f869
    - flags: top simplicial
    - normal:    0.4431   0.8964  0.01052
    - offset: -0.004561052
    - vertices: p522(v173) p3421(v102) p959(v56)
    - neighboring facets: f1873 f870 f868
- f870
    - flags: bottom simplicial
    - normal:    0.4633   0.8862 0.003749
    - offset: -0.004582938
    - vertices: p522(v173) p2558(v103) p959(v56)
    - neighboring facets: f510 f869 f866
- f871
    - flags: top simplicial
    - normal:    0.2791   0.9603 2.506e-07
    - offset: -0.004749998
    - vertices: p3396(v174) p2158(v98) p3862(v29)
    - neighboring facets: f464 f1373 f932
- f880
    - flags: bottom simplicial
    - normal:    0.4029   0.9083  -0.1124
    - offset: -0.006156325
    - vertices: p2663(v176) p3194(v55) p1312(v16)
    - neighboring facets: f721 f1391 f1386
- f893
    - flags: bottom simplicial
    - normal:    0.4668   0.8843 -0.004373
    - offset: -0.004655892
    - vertices: p517(v179) p2703(v105) p789(v30)
    - neighboring facets: f509 f1402 f1401
- f895
    - flags: top simplicial
    - normal:    0.7237   0.6902 9.965e-08
    - offset: -0.004657576
    - vertices: p366(v180) p2508(v106) p440(v15)
    - neighboring facets: f899 f897 f1407
- f897
    - flags: bottom simplicial
    - normal:    0.7237   0.6901 -2.587e-08
    - offset: -0.004657579
    - vertices: p366(v180) p2385(v139) p440(v15)
    - neighboring facets: f2123 f895 f1676
- f899
    - flags: bottom simplicial
    - normal:    0.7003   0.7139 0.0004115
    - offset: -0.004643602
    - vertices: p493(v181) p2508(v106) p440(v15)
    - neighboring facets: f895 f901 f900
- f900
    - flags: top simplicial
    - normal:    0.6875   0.7261 0.004412
    - offset: -0.00462067
    - vertices: p493(v181) p2508(v106) p1885(v57)
    - neighboring facets: f514 f902 f899
- f901
    - flags: top simplicial
    - normal:    0.6325   0.7746 -0.00102
    - offset: -0.004614437
    - vertices: p493(v181) p698(v108) p440(v15)
    - neighboring facets: f520 f899 f902
- f902
    - flags: bottom simplicial
    - normal:    0.5942   0.8043 -6.488e-08
    - offset: -0.004574928
    - vertices: p493(v181) p698(v108) p1885(v57)
    - neighboring facets: f523 f900 f901
- f903
    - flags: top simplicial
    - normal:    0.5942   0.8043 -2.568e-07
    - offset: -0.004574928
    - vertices: p602(v182) p1795(v101) p950(v54)
    - neighboring facets: f485 f904 f1375
- f904
    - flags: bottom simplicial
    - normal:    0.5942   0.8043 -2.427e-07
    - offset: -0.004574927
    - vertices: p602(v182) p369(v107) p950(v54)
    - neighboring facets: f522 f903 f1376
- f913
    - flags: top simplicial
    - normal:    0.8139   0.5809 0.008816
    - offset: -0.004769879
    - vertices: p1109(v184) p1788(v109) p1812(v32)
    - neighboring facets: f532 f915 f1902
- f915
    - flags: bottom simplicial
    - normal:    0.7237   0.6901 -8.776e-09
    - offset: -0.004657582
    - vertices: p1109(v184) p823(v140) p1812(v32)
    - neighboring facets: f1678 f913 f916
- f916
    - flags: top simplicial
    - normal:    0.7357   0.6773 -5.467e-05
    - offset: -0.004682507
    - vertices: p1109(v184) p823(v140) p3778(v59)
    - neighboring facets: f1150 f1432 f915
- f918
    - flags: bottom simplicial
    - normal:    0.8315   0.5555 2.899e-07
    - offset: -0.004838887
    - vertices: p3821(v185) p1788(v109) p799(v60)
    - neighboring facets: f1408 f1906 f1442
- f926
    - flags: top simplicial
    - normal:    0.5468   0.5544   0.6274
    - offset: -0.001730282
    - vertices: p3476(v187) p973(v110) p1788(v109)
    - neighboring facets: f532 f1419 f927
- f927
    - flags: bottom simplicial
    - normal:    0.4865   0.7915     0.37
    - offset: -0.003137598
    - vertices: p3476(v187) p973(v110) p642(v8)
    - neighboring facets: f530 f928 f926
- f928
    - flags: top simplicial
    - normal:    0.4593   0.8359   0.3006
    - offset: -0.003453187
    - vertices: p3476(v187) p833(v104) p642(v8)
    - neighboring facets: f867 f927 f929
- f929
    - flags: top simplicial
    - normal:    0.3196   0.9459  0.05688
    - offset: -0.004526727
    - vertices: p3476(v187) p3396(v174) p833(v104)
    - neighboring facets: f1383 f928 f932
- f930
    - flags: bottom simplicial
    - normal:    0.3211   0.7392   0.5919
    - offset: -0.004312943
    - vertices: p3476(v187) p69(v168) p2074(v58)
    - neighboring facets: f843 f1418 f931
- f931
    - flags: top simplicial
    - normal:    0.3166    0.753   0.5769
    - offset: -0.00440023
    - vertices: p3476(v187) p69(v168) p2158(v98)
    - neighboring facets: f1853 f932 f930
- f932
    - flags: bottom simplicial
    - normal:    0.2791   0.9603 6.426e-07
    - offset: -0.004749997
    - vertices: p3476(v187) p3396(v174) p2158(v98)
    - neighboring facets: f871 f931 f929
- f933
    - flags: top simplicial
    - normal:    0.3138 -0.08639   0.9456
    - offset: 0.0003545418
    - vertices: p1632(v188) p2074(v58) p1219(v49)
    - neighboring facets: f1885 f934 f1447
- f934
    - flags: bottom simplicial
    - normal:    0.3098 -0.09191   0.9463
    - offset: 0.0003467419
    - vertices: p1632(v188) p3408(v111) p1219(v49)
    - neighboring facets: f536 f933 f1444
- f937
    - flags: bottom simplicial
    - normal:    0.1177  -0.2648   0.9571
    - offset: -0.001757368
    - vertices: p57(v189) p2845(v47) p2953(v26)
    - neighboring facets: f205 f938 f1448
- f938
    - flags: top simplicial
    - normal:      0.29  -0.1016   0.9516
    - offset: 0.0001610701
    - vertices: p57(v189) p3408(v111) p2953(v26)
    - neighboring facets: f535 f937 f1449
- f943
    - flags: top simplicial
    - normal:    0.9147   0.4042 -1.21e-08
    - offset: -0.005113448
    - vertices: p294(v190) p1412(v125) p2839(v113)
    - neighboring facets: f1027 f946 f2398
- f946
    - flags: bottom simplicial
    - normal:    0.9147   0.4042 1.731e-08
    - offset: -0.005113443
    - vertices: p294(v190) p1396(v183) p2839(v113)
    - neighboring facets: f1029 f943 f1411
- f947
    - flags: bottom simplicial
    - normal:   -0.2791  -0.9603 5.173e-06
    - offset: -0.007749966
    - vertices: p3823(v191) p1614(v62) p907(v18)
    - neighboring facets: f559 f948 f1458
- f948
    - flags: top simplicial
    - normal:   -0.2791  -0.9603 2.562e-07
    - offset: -0.007749998
    - vertices: p3823(v191) p2371(v116) p907(v18)
    - neighboring facets: f1468 f947 f1459
- f950
    - flags: bottom simplicial
    - normal:   -0.2791  -0.9603 6.051e-08
    - offset: -0.007750003
    - vertices: p1894(v192) p2371(v116) p903(v33)
    - neighboring facets: f1069 f952 f1461
- f952
    - flags: bottom simplicial
    - normal:   -0.2036  -0.9729   0.1097
    - offset: -0.007643599
    - vertices: p1894(v192) p903(v33) p1865(v5)
    - neighboring facets: f1071 f953 f950
- f953
    - flags: top simplicial
    - normal:      -0.2  -0.8073   0.5552
    - offset: -0.004982258
    - vertices: p1894(v192) p2130(v14) p1865(v5)
    - neighboring facets: f97 f952 f954
- f954
    - flags: top simplicial
    - normal:   -0.3162  -0.8725   0.3725
    - offset: -0.005900648
    - vertices: p1894(v192) p1614(v62) p2130(v14)
    - neighboring facets: f561 f953 f1460
- f966
    - flags: bottom simplicial
    - normal:   -0.4061  -0.8882   0.2147
    - offset: -0.006508281
    - vertices: p2497(v195) p1100(v117) p2130(v14)
    - neighboring facets: f561 f1290 f1294
- f971
    - flags: bottom simplicial
    - normal:   -0.8954   0.2603   0.3612
    - offset: -0.01146993
    - vertices: p1625(v196) p1105(v118) p1713(v45)
    - neighboring facets: f1747 f977 f972
- f972
    - flags: top simplicial
    - normal:   -0.8954   0.2603   0.3612
    - offset: -0.01146992
    - vertices: p1625(v196) p1105(v118) p2380(v64)
    - neighboring facets: f2205 f978 f971
- f973
    - flags: top simplicial
    - normal:   -0.9396   0.2653   0.2162
    - offset: -0.01199721
    - vertices: p1068(v197) p2380(v64) p274(v23)
    - neighboring facets: f292 f974 f979
- f974
    - flags: bottom simplicial
    - normal:   -0.9389   0.2678   0.2163
    - offset: -0.01198693
    - vertices: p1068(v197) p1037(v119) p274(v23)
    - neighboring facets: f569 f973 f980
- f976
    - flags: top simplicial
    - normal:   -0.8954   0.2603   0.3612
    - offset: -0.01146998
    - vertices: p890(v198) p1037(v119) p1713(v45)
    - neighboring facets: f569 f977 f980
- f977
    - flags: bottom simplicial
    - normal:   -0.8954   0.2603   0.3612
    - offset: -0.01146994
    - vertices: p890(v198) p1625(v196) p1713(v45)
    - neighboring facets: f971 f976 f978
- f978
    - flags: top simplicial
    - normal:   -0.8954   0.2603   0.3612
    - offset: -0.01146993
    - vertices: p890(v198) p1625(v196) p2380(v64)
    - neighboring facets: f972 f979 f977
- f979
    - flags: bottom simplicial
    - normal:   -0.8954   0.2603   0.3612
    - offset: -0.01147008
    - vertices: p890(v198) p1068(v197) p2380(v64)
    - neighboring facets: f973 f978 f980
- f980
    - flags: top simplicial
    - normal:   -0.8955   0.2603   0.3611
    - offset: -0.0114705
    - vertices: p890(v198) p1068(v197) p1037(v119)
    - neighboring facets: f974 f976 f979
- f981
    - flags: bottom simplicial
    - normal:   -0.1514  -0.9885 2.816e-08
    - offset: -0.008205806
    - vertices: p626(v199) p2001(v61) p3375(v9)
    - neighboring facets: f638 f982 f983
- f982
    - flags: top simplicial
    - normal:   -0.1514  -0.9885 1.97e-09
    - offset: -0.008205809
    - vertices: p626(v199) p3836(v120) p3375(v9)
    - neighboring facets: f2325 f981 f985
- f983
    - flags: bottom simplicial
    - normal:   -0.1514  -0.9885 1.02e-07
    - offset: -0.008205804
    - vertices: p626(v199) p1207(v115) p2001(v61)
    - neighboring facets: f643 f981 f984
- f984
    - flags: top simplicial
    - normal:   -0.1514  -0.9885 1.387e-07
    - offset: -0.008205806
    - vertices: p626(v199) p1207(v115) p1865(v5)
    - neighboring facets: f642 f985 f983
- f985
    - flags: bottom simplicial
    - normal:   -0.1514  -0.9885 1.385e-07
    - offset: -0.008205812
    - vertices: p626(v199) p3836(v120) p1865(v5)
    - neighboring facets: f1474 f984 f982
- f1013
    - flags: top simplicial
    - normal:    0.4744  -0.1556   0.8665
    - offset: -0.001157174
    - vertices: p2273(v205) p3732(v89) p1219(v49)
    - neighboring facets: f536 f1785 f1957
- f1027
    - flags: bottom simplicial
    - normal:    0.9147   0.4042 -6.255e-09
    - offset: -0.005113448
    - vertices: p137(v208) p1412(v125) p2839(v113)
    - neighboring facets: f943 f1029 f2072
- f1028
    - flags: bottom simplicial
    - normal:    0.9147   0.4042 9.394e-07
    - offset: -0.005113446
    - vertices: p137(v208) p1396(v183) p2466(v17)
    - neighboring facets: f1892 f2264 f1029
- f1029
    - flags: top simplicial
    - normal:    0.9147   0.4042 2.701e-08
    - offset: -0.005113448
    - vertices: p137(v208) p1396(v183) p2839(v113)
    - neighboring facets: f946 f1027 f1028
- f1037
    - flags: top simplicial
    - normal:   -0.8872   0.2579  -0.3827
    - offset: -0.0173581
    - vertices: p3006(v210) p194(v129) p2645(v72)
    - neighboring facets: f623 f1548 f1545
- f1043
    - flags: top simplicial
    - normal:    -0.952   0.2767  -0.1305
    - offset: -0.01546601
    - vertices: p2465(v211) p3095(v130) p627(v21)
    - neighboring facets: f625 f1554 f1559
- f1044
    - flags: bottom simplicial
    - normal:     -0.95   0.2746  -0.1488
    - offset: -0.01563643
    - vertices: p1826(v212) p2161(v131) p3111(v71)
    - neighboring facets: f1159 f1977 f1556
- f1067
    - flags: top simplicial
    - normal:    -0.252  -0.9677 -0.0003331
    - offset: -0.007859038
    - vertices: p3038(v217) p3114(v133) p1259(v74)
    - neighboring facets: f2022 f1068 f1074
- f1068
    - flags: bottom simplicial
    - normal:   -0.2791  -0.9603 -3.514e-08
    - offset: -0.007750005
    - vertices: p3038(v217) p2568(v193) p1259(v74)
    - neighboring facets: f1586 f1067 f1070
- f1069
    - flags: top simplicial
    - normal:   -0.2791  -0.9603 -4.475e-09
    - offset: -0.007750004
    - vertices: p3038(v217) p2371(v116) p903(v33)
    - neighboring facets: f950 f1073 f1070
- f1070
    - flags: top simplicial
    - normal:   -0.2791  -0.9603 -2.134e-08
    - offset: -0.007750004
    - vertices: p3038(v217) p2568(v193) p2371(v116)
    - neighboring facets: f2015 f1069 f1068
- f1071
    - flags: top simplicial
    - normal:   -0.1724   -0.985 0.005202
    - offset: -0.008111977
    - vertices: p3089(v218) p903(v33) p1865(v5)
    - neighboring facets: f952 f1072 f1073
- f1072
    - flags: bottom simplicial
    - normal:   -0.1514  -0.9885 6.202e-07
    - offset: -0.008205792
    - vertices: p3089(v218) p3114(v133) p1865(v5)
    - neighboring facets: f642 f1071 f1074
- f1073
    - flags: top simplicial
    - normal:   -0.2498  -0.9683 0.0004065
    - offset: -0.007863061
    - vertices: p3089(v218) p3038(v217) p903(v33)
    - neighboring facets: f1069 f1071 f1074
- f1074
    - flags: bottom simplicial
    - normal:   -0.2498  -0.9683 0.0004012
    - offset: -0.007863142
    - vertices: p3089(v218) p3038(v217) p3114(v133)
    - neighboring facets: f1067 f1072 f1073
- f1077
    - flags: top simplicial
    - normal:   -0.4722  -0.8748  -0.1085
    - offset: -0.008744334
    - vertices: p405(v219) p1703(v127) p37(v70)
    - neighboring facets: f1572 f1580 f1228
- f1098
    - flags: top simplicial
    - normal:     0.362  -0.9322 -1.931e-05
    - offset: -0.009177711
    - vertices: p2988(v222) p2571(v203) p2538(v65)
    - neighboring facets: f1932 f2097 f1099
- f1099
    - flags: bottom simplicial
    - normal:    0.3491  -0.9371 0.0003018
    - offset: -0.009174087
    - vertices: p2988(v222) p2571(v203) p2462(v122)
    - neighboring facets: f1481 f1111 f1098
- f1106
    - flags: top simplicial
    - normal:   0.05365  -0.9986 -3.637e-05
    - offset: -0.008794142
    - vertices: p3885(v223) p2420(v137) p3836(v120)
    - neighboring facets: f2326 f1109 f2321
- f1109
    - flags: bottom simplicial
    - normal:    0.1042  -0.9946 0.0002813
    - offset: -0.008881198
    - vertices: p3885(v223) p733(v202) p3836(v120)
    - neighboring facets: f1487 f1106 f1480
- f1111
    - flags: bottom simplicial
    - normal:    0.1096   -0.994 1.173e-08
    - offset: -0.008893496
    - vertices: p3885(v223) p2988(v222) p2462(v122)
    - neighboring facets: f1099 f1479 f1112
- f1112
    - flags: top simplicial
    - normal:    0.1096   -0.994 -1.486e-06
    - offset: -0.008893518
    - center: 0.002912320429459214 -0.008626286250849565 -0.01328845601528883 
    - vertices: p3885(v223) p2988(v222) p1334(v136)
    - neighboring facets: f2096 f2320 f1111
- f1123
    - flags: bottom simplicial
    - normal:    0.9705   0.2409 -4.214e-07
    - offset: -0.00547309
    - vertices: p1646(v225) p1664(v207) p661(v37)
    - neighboring facets: f1805 f1803 f1635
- f1150
    - flags: bottom simplicial
    - normal:    0.7267   0.6869 -0.0007035
    - offset: -0.004672538
    - vertices: p3964(v228) p823(v140) p3778(v59)
    - neighboring facets: f916 f2126 f1673
- f1154
    - flags: bottom simplicial
    - normal:    0.7237   0.6901 -8.791e-09
    - offset: -0.004657579
    - vertices: p2810(v229) p366(v180) p1812(v32)
    - neighboring facets: f1406 f1679 f1677
- f1156
    - flags: bottom simplicial
    - normal:    -0.958   0.2771 -0.07366
    - offset: -0.01496706
    - vertices: p1547(v230) p2402(v141) p2257(v78)
    - neighboring facets: f1686 f1975 f1160
- f1159
    - flags: top simplicial
    - normal:    -0.957   0.2544  -0.1393
    - offset: -0.01563232
    - vertices: p1547(v230) p2161(v131) p3111(v71)
    - neighboring facets: f1044 f1978 f1160
- f1160
    - flags: top simplicial
    - normal:   -0.9748   0.1655  -0.1499
    - offset: -0.01601167
    - vertices: p1547(v230) p2402(v141) p2161(v131)
    - neighboring facets: f698 f1159 f1156
- f1168
    - flags: bottom simplicial
    - normal:   -0.9606   0.2777 0.007333
    - offset: -0.01418661
    - vertices: p1719(v232) p2541(v231) p742(v1)
    - neighboring facets: f1683 f1169 f2127
- f1169
    - flags: top simplicial
    - normal:   -0.9543   0.2776   0.1108
    - offset: -0.0131364
    - vertices: p1719(v232) p1559(v150) p742(v1)
    - neighboring facets: f743 f1168 f1171
- f1171
    - flags: bottom simplicial
    - normal:   -0.9543   0.2776   0.1107
    - offset: -0.01313744
    - vertices: p1719(v232) p1559(v150) p1021(v84)
    - neighboring facets: f1240 f1692 f1169
- f1172
    - flags: top simplicial
    - normal:    -0.952   0.2767  -0.1305
    - offset: -0.01546578
    - vertices: p1602(v233) p2257(v78) p627(v21)
    - neighboring facets: f1553 f1173 f1684
- f1173
    - flags: bottom simplicial
    - normal:   -0.9555   0.2833 -0.08231
    - offset: -0.01504123
    - vertices: p1602(v233) p791(v143) p627(v21)
    - neighboring facets: f1176 f1172 f1685
- f1175
    - flags: bottom simplicial
    - normal:   -0.9526   0.2967 -0.06788
    - offset: -0.01495639
    - vertices: p2544(v234) p1574(v79) p627(v21)
    - neighboring facets: f700 f1176 f1177
- f1176
    - flags: top simplicial
    - normal:    -0.955   0.2886 -0.06901
    - offset: -0.01493368
    - vertices: p2544(v234) p791(v143) p627(v21)
    - neighboring facets: f1173 f1175 f2133
- f1177
    - flags: top simplicial
    - normal:   -0.9603   0.2791 8.93e-07
    - offset: -0.01424999
    - vertices: p2544(v234) p1574(v79) p1685(v42)
    - neighboring facets: f748 f1689 f1175
- f1181
    - flags: top simplicial
    - normal:   -0.5289   0.4182  -0.7385
    - offset: -0.0187841
    - vertices: p3953(v235) p1229(v144) p1756(v10)
    - neighboring facets: f708 f1985 f1182
- f1182
    - flags: bottom simplicial
    - normal:   -0.5461   0.2898   -0.786
    - offset: -0.01864027
    - vertices: p3953(v235) p1229(v144) p115(v39)
    - neighboring facets: f1186 f1183 f1181
- f1183
    - flags: top simplicial
    - normal:   -0.5805   0.2385  -0.7786
    - offset: -0.01855982
    - vertices: p3953(v235) p3479(v73) p115(v39)
    - neighboring facets: f1221 f1182 f2292
- f1186
    - flags: top simplicial
    - normal:   -0.4033    0.125  -0.9065
    - offset: -0.01761656
    - vertices: p85(v236) p1229(v144) p115(v39)
    - neighboring facets: f1182 f1704 f1193
- f1191
    - flags: bottom simplicial
    - normal:   -0.3675   0.1068  -0.9239
    - offset: -0.01735805
    - vertices: p1666(v237) p1229(v144) p3926(v43)
    - neighboring facets: f715 f1731 f1193
- f1193
    - flags: bottom simplicial
    - normal:   -0.3675   0.1068  -0.9239
    - offset: -0.01735809
    - vertices: p1666(v237) p85(v236) p1229(v144)
    - neighboring facets: f1186 f1191 f1702
- f1194
    - flags: bottom simplicial
    - normal:    0.2904   0.9568 -0.01613
    - offset: -0.004950953
    - vertices: p726(v238) p3183(v99) p1312(v16)
    - neighboring facets: f1855 f1720 f2153
- f1200
    - flags: bottom simplicial
    - normal:    0.2468   0.5552  -0.7942
    - offset: -0.01400251
    - vertices: p3606(v239) p2635(v146) p3194(v55)
    - neighboring facets: f721 f1201 f1709
- f1201
    - flags: top simplicial
    - normal:    0.5308   0.8472  -0.0231
    - offset: -0.004879605
    - vertices: p3606(v239) p3362(v172) p3194(v55)
    - neighboring facets: f1404 f1200 f1378
- f1207
    - flags: bottom simplicial
    - normal:    0.6127   0.7903 -0.007971
    - offset: -0.004689897
    - center: 0.003057537833228708 0.00342244771309197 -0.01403652969747782 
    - vertices: p3606(v239) p1795(v101) p440(v15)
    - neighboring facets: f485 f1666 f1377
- f1209
    - flags: bottom simplicial
    - normal:    0.1275   0.5661  -0.8144
    - offset: -0.01456555
    - vertices: p428(v240) p3973(v81) p406(v6)
    - neighboring facets: f1219 f1210 f1711
- f1210
    - flags: top simplicial
    - normal:    0.1297    0.582  -0.8028
    - offset: -0.01449691
    - vertices: p428(v240) p3926(v43) p406(v6)
    - neighboring facets: f1235 f1209 f1211
- f1211
    - flags: top simplicial
    - normal:    0.1307   0.5861  -0.7996
    - offset: -0.0144737
    - vertices: p428(v240) p1849(v145) p3926(v43)
    - neighboring facets: f715 f1210 f1714
- f1218
    - flags: top simplicial
    - normal:  -0.01016 0.003616  -0.9999
    - offset: -0.01435818
    - center: -0.008877824060618877 0.00561116449534893 -0.01424855397393306 
    - vertices: p657(v241) p105(v147) p730(v75)
    - neighboring facets: f2463 f2040 f1220
- f1219
    - flags: top simplicial
    - normal:   0.02585   0.1912  -0.9812
    - offset: -0.01509615
    - center: -0.007966600358486176 0.007001735270023346 -0.01423093552390734 
    - vertices: p657(v241) p3973(v81) p406(v6)
    - neighboring facets: f1209 f1220 f2044
- f1220
    - flags: bottom simplicial
    - normal:  -0.01771   0.1116  -0.9936
    - offset: -0.01508019
    - vertices: p657(v241) p105(v147) p406(v6)
    - neighboring facets: f2038 f1219 f1218
- f1221
    - flags: bottom simplicial
    - normal:   -0.5846   0.1699  -0.7934
    - offset: -0.01833745
    - vertices: p1910(v242) p3479(v73) p115(v39)
    - neighboring facets: f1183 f1222 f1223
- f1222
    - flags: top simplicial
    - normal:   -0.5846   0.1699  -0.7934
    - offset: -0.01833745
    - vertices: p1910(v242) p2471(v148) p115(v39)
    - neighboring facets: f2139 f1221 f1223
- f1223
    - flags: bottom simplicial
    - normal:   -0.5846   0.1699  -0.7934
    - offset: -0.01833745
    - vertices: p1910(v242) p2471(v148) p3479(v73)
    - neighboring facets: f2282 f1221 f1222
- f1227
    - flags: top simplicial
    - normal:   -0.4681  -0.8513  -0.2369
    - offset: -0.01032439
    - vertices: p3403(v243) p405(v219) p3331(v20)
    - neighboring facets: f1573 f1570 f1228
- f1228
    - flags: bottom simplicial
    - normal:   -0.4715  -0.8616  -0.1878
    - offset: -0.009732484
    - vertices: p3403(v243) p405(v219) p1703(v127)
    - neighboring facets: f1077 f1568 f1227
- f1235
    - flags: bottom simplicial
    - normal:   -0.1398   0.0648  -0.9881
    - offset: -0.01575624
    - vertices: p2409(v245) p3926(v43) p406(v6)
    - neighboring facets: f1210 f1738 f2174
- f1239
    - flags: bottom simplicial
    - normal:   -0.9506   0.2763   0.1415
    - offset: -0.01279723
    - vertices: p3475(v246) p1559(v150) p812(v83)
    - neighboring facets: f744 f1743 f1240
- f1240
    - flags: top simplicial
    - normal:   -0.9506   0.2763   0.1415
    - offset: -0.01279732
    - vertices: p3475(v246) p1559(v150) p1021(v84)
    - neighboring facets: f1171 f1741 f1239
- f1241
    - flags: top simplicial
    - normal:   -0.9533   0.2798   0.1138
    - offset: -0.01310851
    - vertices: p704(v247) p1021(v84) p1685(v42)
    - neighboring facets: f1691 f1242 f1243
- f1242
    - flags: bottom simplicial
    - normal:   -0.9522   0.2808   0.1198
    - offset: -0.01304802
    - vertices: p704(v247) p772(v151) p1685(v42)
    - neighboring facets: f748 f1241 f1243
- f1243
    - flags: top simplicial
    - normal:   -0.9506   0.2763   0.1415
    - offset: -0.01279738
    - vertices: p704(v247) p772(v151) p1021(v84)
    - neighboring facets: f1244 f1241 f1242
- f1244
    - flags: bottom simplicial
    - normal:   -0.9506   0.2763   0.1415
    - offset: -0.01279724
    - vertices: p2525(v248) p772(v151) p1021(v84)
    - neighboring facets: f1243 f1742 f1247
- f1247
    - flags: top simplicial
    - normal:   -0.9506   0.2763   0.1415
    - offset: -0.0127972
    - vertices: p2525(v248) p772(v151) p1864(v85)
    - neighboring facets: f1253 f1248 f1244
- f1248
    - flags: bottom simplicial
    - normal:   -0.9506   0.2763   0.1415
    - offset: -0.0127972
    - vertices: p2525(v248) p1459(v152) p1864(v85)
    - neighboring facets: f754 f1247 f1250
- f1249
    - flags: bottom simplicial
    - normal:   -0.9506   0.2763   0.1415
    - offset: -0.01279721
    - vertices: p2525(v248) p812(v83) p274(v23)
    - neighboring facets: f744 f1250 f1744
- f1250
    - flags: top simplicial
    - normal:   -0.9506   0.2763   0.1415
    - offset: -0.0127972
    - vertices: p2525(v248) p1459(v152) p274(v23)
    - neighboring facets: f754 f1249 f1248
- f1251
    - flags: bottom simplicial
    - normal:   -0.9506   0.2763   0.1415
    - offset: -0.01279719
    - vertices: p2154(v249) p1864(v85) p1548(v44)
    - neighboring facets: f408 f1252 f1253
- f1252
    - flags: top simplicial
    - normal:   -0.9506   0.2763   0.1416
    - offset: -0.01279717
    - vertices: p2154(v249) p772(v151) p1548(v44)
    - neighboring facets: f750 f1251 f1253
- f1253
    - flags: bottom simplicial
    - normal:   -0.9506   0.2763   0.1415
    - offset: -0.01279719
    - vertices: p2154(v249) p772(v151) p1864(v85)
    - neighboring facets: f1247 f1251 f1252
- f1254
    - flags: top simplicial
    - normal:   -0.9025   0.3109   0.2981
    - offset: -0.01189211
    - vertices: p96(v250) p1375(v86) p1192(v25)
    - neighboring facets: f406 f1255 f1746
- f1255
    - flags: bottom simplicial
    - normal:   -0.7947   0.5076   0.3327
    - offset: -0.01229601
    - vertices: p96(v250) p2087(v165) p1192(v25)
    - neighboring facets: f826 f1254 f1256
- f1256
    - flags: top simplicial
    - normal:   -0.8004   0.4841   0.3535
    - offset: -0.01218771
    - vertices: p96(v250) p2087(v165) p3128(v153)
    - neighboring facets: f2414 f1749 f1255
- f1268
    - flags: bottom simplicial
    - normal:   -0.5776   0.1679   0.7989
    - offset: -0.00819064
    - vertices: p1136(v252) p99(v155) p3239(v28)
    - neighboring facets: f772 f2244 f1277
- f1273
    - flags: top simplicial
    - normal:   -0.6093   0.1775   0.7728
    - offset: -0.00852017
    - vertices: p2177(v254) p99(v155) p1210(v88)
    - neighboring facets: f772 f1274 f1277
- f1274
    - flags: bottom simplicial
    - normal:   -0.6234   0.1823   0.7603
    - offset: -0.008667658
    - vertices: p2177(v254) p1956(v156) p1210(v88)
    - neighboring facets: f1768 f1273 f1275
- f1275
    - flags: top simplicial
    - normal:   -0.6139   0.1802   0.7686
    - offset: -0.008571586
    - vertices: p2177(v254) p1956(v156) p1808(v12)
    - neighboring facets: f2409 f1276 f1274
- f1276
    - flags: bottom simplicial
    - normal:   -0.5776   0.1679   0.7989
    - offset: -0.008190646
    - vertices: p2177(v254) p1136(v252) p1808(v12)
    - neighboring facets: f2246 f1275 f1277
- f1277
    - flags: top simplicial
    - normal:   -0.5776   0.1679   0.7989
    - offset: -0.00819067
    - vertices: p2177(v254) p1136(v252) p99(v155)
    - neighboring facets: f1268 f1273 f1276
- f1286
    - flags: top simplicial
    - normal:   -0.6451   0.1592   0.7473
    - offset: -0.008899384
    - vertices: p2347(v257) p1210(v88) p3239(v28)
    - neighboring facets: f772 f1289 f1770
- f1289
    - flags: top simplicial
    - normal:   -0.5339    -0.16   0.8303
    - offset: -0.008058758
    - vertices: p2347(v257) p3239(v28) p2130(v14)
    - neighboring facets: f812 f1290 f1286
- f1290
    - flags: bottom simplicial
    - normal:   -0.4273  -0.8677    0.254
    - offset: -0.006793856
    - vertices: p2347(v257) p2497(v195) p2130(v14)
    - neighboring facets: f966 f1289 f1294
- f1294
    - flags: top simplicial
    - normal:   -0.4339  -0.8888   0.1477
    - offset: -0.006744876
    - vertices: p2347(v257) p2497(v195) p1100(v117)
    - neighboring facets: f966 f2210 f1290
- f1312
    - flags: bottom simplicial
    - normal:    0.9975  0.07049 3.263e-07
    - offset: -0.005907089
    - vertices: p781(v261) p2781(v158) p472(v90)
    - neighboring facets: f1890 f1534 f1629
- f1321
    - flags: top simplicial
    - normal:   -0.2426 -0.02172   0.9699
    - offset: -0.005020648
    - vertices: p2874(v263) p3410(v161) p2130(v14)
    - neighboring facets: f802 f1823 f1322
- f1322
    - flags: bottom simplicial
    - normal:   -0.1594  0.02154    0.987
    - offset: -0.004130257
    - vertices: p2874(v263) p3410(v161) p239(v94)
    - neighboring facets: f1818 f1827 f1321
- f1330
    - flags: bottom simplicial
    - normal:   -0.5681   0.1666   0.8059
    - offset: -0.00810481
    - vertices: p1436(v264) p575(v96) p1808(v12)
    - neighboring facets: f837 f2247 f1331
- f1331
    - flags: bottom simplicial
    - normal:   -0.5376   0.1569   0.8285
    - offset: -0.007809868
    - vertices: p1436(v264) p783(v163) p575(v96)
    - neighboring facets: f821 f1330 f1834
- f1332
    - flags: bottom simplicial
    - normal:    0.2392   0.9696   0.0519
    - offset: -0.005274029
    - vertices: p103(v265) p2087(v165) p1808(v12)
    - neighboring facets: f2413 f1334 f1333
- f1333
    - flags: top simplicial
    - normal:    0.2791   0.9603 4.443e-06
    - offset: -0.004750036
    - vertices: p103(v265) p2087(v165) p2158(v98)
    - neighboring facets: f1339 f1335 f1332
- f1334
    - flags: top simplicial
    - normal:    0.2056   0.9682   0.1423
    - offset: -0.005746134
    - vertices: p103(v265) p297(v167) p1808(v12)
    - neighboring facets: f837 f1332 f1335
- f1335
    - flags: bottom simplicial
    - normal:    0.2397   0.9633   0.1209
    - offset: -0.005369965
    - vertices: p103(v265) p297(v167) p2158(v98)
    - neighboring facets: f1349 f1333 f1334
- f1336
    - flags: top simplicial
    - normal:    0.2791   0.9603 1.273e-06
    - offset: -0.004750066
    - vertices: p2172(v266) p3017(v95) p3745(v3)
    - neighboring facets: f454 f1338 f1337
- f1337
    - flags: top simplicial
    - normal:    0.2791   0.9603 1.63e-06
    - offset: -0.004750076
    - vertices: p2172(v266) p2087(v165) p3017(v95)
    - neighboring facets: f826 f1336 f1339
- f1338
    - flags: bottom simplicial
    - normal:    0.2791   0.9603 6.388e-08
    - offset: -0.004750005
    - vertices: p2172(v266) p2044(v166) p3745(v3)
    - neighboring facets: f835 f1336 f1341
- f1339
    - flags: bottom simplicial
    - normal:    0.2791   0.9603 6.378e-07
    - offset: -0.004750006
    - vertices: p2172(v266) p2087(v165) p2158(v98)
    - neighboring facets: f1333 f1340 f1337
- f1340
    - flags: bottom simplicial
    - normal:    0.2791   0.9603 3.721e-08
    - offset:   -0.00475
    - vertices: p2172(v266) p2158(v98) p3080(v53)
    - neighboring facets: f464 f1341 f1339
- f1341
    - flags: top simplicial
    - normal:    0.2791   0.9603 3.022e-09
    - offset:   -0.00475
    - vertices: p2172(v266) p2044(v166) p3080(v53)
    - neighboring facets: f2151 f1340 f1338
- f1347
    - flags: bottom simplicial
    - normal:   -0.3449   0.1003   0.9333
    - offset: -0.005893917
    - vertices: p481(v268) p297(v167) p575(v96)
    - neighboring facets: f837 f1839 f1349
- f1349
    - flags: top simplicial
    - normal:  -0.005374   0.2647   0.9643
    - offset: -0.004309407
    - vertices: p481(v268) p297(v167) p2158(v98)
    - neighboring facets: f1335 f1854 f1347
- f1354
    - flags: top simplicial
    - normal:   0.03279 0.006805   0.9994
    - offset: -0.002322026
    - vertices: p736(v269) p69(v168) p2246(v4)
    - neighboring facets: f1361 f1816 f1852
- f1360
    - flags: top simplicial
    - normal:    0.1799 -0.05231   0.9823
    - offset: -0.0008543235
    - vertices: p3569(v270) p2534(v160) p2246(v4)
    - neighboring facets: f799 f1361 f1362
- f1361
    - flags: bottom simplicial
    - normal:    0.1799  -0.0523   0.9823
    - offset: -0.0008545261
    - vertices: p3569(v270) p69(v168) p2246(v4)
    - neighboring facets: f1354 f1360 f1362
- f1362
    - flags: top simplicial
    - normal:    0.1799 -0.05231   0.9823
    - offset: -0.000854318
    - vertices: p3569(v270) p69(v168) p2534(v160)
    - neighboring facets: f843 f1360 f1361
- f1364
    - flags: bottom simplicial
    - normal:    0.3221   0.9467 -0.002508
    - offset: -0.004734891
    - vertices: p1901(v271) p3102(v169) p1312(v16)
    - neighboring facets: f1389 f1856 f1861
- f1366
    - flags: bottom simplicial
    - normal:    0.2791   0.9603 5.123e-08
    - offset: -0.004749999
    - vertices: p3257(v272) p3080(v53) p3862(v29)
    - neighboring facets: f464 f2159 f2157
- f1372
    - flags: bottom simplicial
    - normal:    0.2791   0.9603 9.603e-09
    - offset: -0.004749999
    - vertices: p1811(v273) p910(v170) p3862(v29)
    - neighboring facets: f2158 f1373 f1864
- f1373
    - flags: top simplicial
    - normal:    0.2791   0.9603 1.695e-07
    - offset: -0.004749995
    - vertices: p1811(v273) p3396(v174) p3862(v29)
    - neighboring facets: f871 f1372 f1865
- f1374
    - flags: bottom simplicial
    - normal:    0.5942   0.8043 -1.343e-07
    - offset: -0.004574926
    - vertices: p2886(v274) p3362(v172) p369(v107)
    - neighboring facets: f864 f1376 f1378
- f1375
    - flags: bottom simplicial
    - normal:    0.5942   0.8043 -1.811e-07
    - offset: -0.004574927
    - vertices: p2886(v274) p602(v182) p1795(v101)
    - neighboring facets: f903 f1377 f1376
- f1376
    - flags: top simplicial
    - normal:    0.5942   0.8043 -1.802e-07
    - offset: -0.004574927
    - vertices: p2886(v274) p602(v182) p369(v107)
    - neighboring facets: f904 f1374 f1375
- f1377
    - flags: top simplicial
    - normal:    0.5942   0.8043 -3.459e-07
    - offset: -0.004574929
    - vertices: p2886(v274) p3606(v239) p1795(v101)
    - neighboring facets: f1207 f1375 f1378
- f1378
    - flags: bottom simplicial
    - normal:    0.5942   0.8043 -3.986e-07
    - offset: -0.004574929
    - vertices: p2886(v274) p3606(v239) p3362(v172)
    - neighboring facets: f1201 f1374 f1377
- f1379
    - flags: bottom simplicial
    - normal:    0.5639   0.8258 0.0007124
    - offset: -0.004581616
    - vertices: p1998(v275) p2558(v103) p642(v8)
    - neighboring facets: f866 f1380 f1381
- f1380
    - flags: top simplicial
    - normal:    0.5942   0.8043 2.486e-07
    - offset: -0.004574931
    - vertices: p1998(v275) p3362(v172) p642(v8)
    - neighboring facets: f864 f1379 f1381
- f1381
    - flags: bottom simplicial
    - normal:    0.5656   0.8247 0.0003543
    - offset: -0.004582693
    - vertices: p1998(v275) p3362(v172) p2558(v103)
    - neighboring facets: f863 f1379 f1380
- f1383
    - flags: bottom simplicial
    - normal:    0.3204   0.9473 0.003698
    - offset: -0.004688557
    - vertices: p2690(v276) p3396(v174) p833(v104)
    - neighboring facets: f929 f1870 f1866
- f1385
    - flags: bottom simplicial
    - normal:    0.4467   0.8946 -0.01016
    - offset: -0.004737864
    - vertices: p2557(v277) p2703(v105) p3194(v55)
    - neighboring facets: f1400 f1386 f1387
- f1386
    - flags: top simplicial
    - normal:    0.4465   0.8947 -0.01022
    - offset: -0.004738659
    - vertices: p2557(v277) p2663(v176) p3194(v55)
    - neighboring facets: f880 f1385 f1388
- f1387
    - flags: bottom simplicial
    - normal:     0.407   0.9134 -0.004057
    - offset: -0.004687458
    - vertices: p2557(v277) p1149(v177) p2703(v105)
    - neighboring facets: f2441 f1385 f1388
- f1388
    - flags: top simplicial
    - normal:    0.4092   0.9124 -0.007035
    - offset: -0.004722927
    - vertices: p2557(v277) p1149(v177) p2663(v176)
    - neighboring facets: f1392 f1386 f1387
- f1389
    - flags: top simplicial
    - normal:    0.3253   0.9456 -0.002361
    - offset: -0.004730036
    - vertices: p2563(v278) p3102(v169) p1312(v16)
    - neighboring facets: f1364 f1391 f1390
- f1390
    - flags: top simplicial
    - normal:    0.3327    0.943 -0.001259
    - offset: -0.004709653
    - vertices: p2563(v278) p1149(v177) p3102(v169)
    - neighboring facets: f2438 f1389 f1392
- f1391
    - flags: bottom simplicial
    - normal:    0.3844   0.9226 -0.03307
    - offset: -0.005095225
    - vertices: p2563(v278) p2663(v176) p1312(v16)
    - neighboring facets: f880 f1389 f1392
- f1392
    - flags: bottom simplicial
    - normal:    0.3927   0.9196 -0.01202
    - offset: -0.004801587
    - vertices: p2563(v278) p1149(v177) p2663(v176)
    - neighboring facets: f1388 f1391 f1390
- f1393
    - flags: top simplicial
    - normal:    0.4336   0.9011 0.0007554
    - offset: -0.004618063
    - vertices: p1451(v279) p2703(v105) p959(v56)
    - neighboring facets: f510 f1871 f1881
- f1400
    - flags: top simplicial
    - normal:    0.4518   0.8921 -0.009232
    - offset: -0.004723592
    - vertices: p2751(v281) p2703(v105) p3194(v55)
    - neighboring facets: f1385 f1404 f1401
- f1401
    - flags: top simplicial
    - normal:    0.4566   0.8897 -0.007844
    - offset: -0.004704097
    - vertices: p2751(v281) p517(v179) p2703(v105)
    - neighboring facets: f893 f1400 f1402
- f1402
    - flags: bottom simplicial
    - normal:    0.4729   0.8811 -0.006177
    - offset: -0.004677569
    - vertices: p2751(v281) p517(v179) p789(v30)
    - neighboring facets: f893 f1403 f1401
- f1403
    - flags: top simplicial
    - normal:    0.5077   0.8614 -0.01408
    - offset: -0.004768787
    - vertices: p2751(v281) p3362(v172) p789(v30)
    - neighboring facets: f863 f1402 f1404
- f1404
    - flags: bottom simplicial
    - normal:    0.5083   0.8611 -0.01443
    - offset: -0.004773026
    - vertices: p2751(v281) p3362(v172) p3194(v55)
    - neighboring facets: f1201 f1400 f1403
- f1406
    - flags: top simplicial
    - normal:    0.7237   0.6901 5.086e-08
    - offset: -0.004657578
    - vertices: p1706(v282) p366(v180) p1812(v32)
    - neighboring facets: f1154 f1883 f1407
- f1407
    - flags: bottom simplicial
    - normal:    0.7237   0.6901 1.47e-07
    - offset: -0.004657577
    - vertices: p1706(v282) p366(v180) p2508(v106)
    - neighboring facets: f895 f1884 f1406
- f1408
    - flags: top simplicial
    - normal:    0.8437   0.5366  0.01511
    - offset: -0.00482553
    - vertices: p1745(v283) p1788(v109) p799(v60)
    - neighboring facets: f918 f1456 f1409
- f1409
    - flags: top simplicial
    - normal:    0.8521   0.5188  0.06885
    - offset: -0.004688323
    - vertices: p1745(v283) p1396(v183) p1788(v109)
    - neighboring facets: f1417 f1408 f1411
- f1411
    - flags: top simplicial
    - normal:    0.9147   0.4042 2.199e-08
    - offset: -0.005113442
    - vertices: p1745(v283) p294(v190) p1396(v183)
    - neighboring facets: f946 f1409 f1457
- f1417
    - flags: bottom simplicial
    - normal:    0.7642   0.3739   0.5255
    - offset: -0.002771081
    - vertices: p2489(v285) p1396(v183) p1788(v109)
    - neighboring facets: f1409 f1419 f1893
- f1418
    - flags: bottom simplicial
    - normal:    0.4744   0.1947   0.8585
    - offset: -0.0002660873
    - vertices: p2489(v285) p3476(v187) p2074(v58)
    - neighboring facets: f930 f1886 f1419
- f1419
    - flags: top simplicial
    - normal:    0.4965    0.252   0.8306
    - offset: -0.0004529553
    - vertices: p2489(v285) p3476(v187) p1788(v109)
    - neighboring facets: f926 f1417 f1418
- f1432
    - flags: top simplicial
    - normal:    0.8272   0.5619 0.000303
    - offset: -0.004829772
    - vertices: p3589(v287) p1109(v184) p3778(v59)
    - neighboring facets: f916 f1441 f1433
- f1433
    - flags: top simplicial
    - normal:    0.8273   0.5617 0.0005927
    - offset: -0.004828466
    - vertices: p3589(v287) p1432(v286) p1109(v184)
    - neighboring facets: f1903 f1432 f1905
- f1441
    - flags: top simplicial
    - normal:    0.8315   0.5555 9.119e-09
    - offset: -0.004838887
    - vertices: p1818(v289) p3589(v287) p3778(v59)
    - neighboring facets: f1432 f2496 f1443
- f1442
    - flags: top simplicial
    - normal:    0.8315   0.5555 3.362e-08
    - offset: -0.004838887
    - vertices: p1818(v289) p3821(v185) p1788(v109)
    - neighboring facets: f918 f1443 f1907
- f1443
    - flags: bottom simplicial
    - normal:    0.8315   0.5555 3.241e-08
    - offset: -0.004838887
    - vertices: p1818(v289) p3589(v287) p1788(v109)
    - neighboring facets: f1904 f1442 f1441
- f1444
    - flags: top simplicial
    - normal:      0.18 -0.05231   0.9823
    - offset: -0.0008542646
    - vertices: p580(v290) p1632(v188) p3408(v111)
    - neighboring facets: f934 f1449 f1447
- f1445
    - flags: bottom simplicial
    - normal:    0.1799 -0.05231   0.9823
    - offset: -0.0008542879
    - vertices: p580(v290) p2534(v160) p2845(v47)
    - neighboring facets: f799 f1448 f1446
- f1446
    - flags: top simplicial
    - normal:    0.1799 -0.05231   0.9823
    - offset: -0.0008542822
    - vertices: p580(v290) p2534(v160) p2074(v58)
    - neighboring facets: f843 f1447 f1445
- f1447
    - flags: bottom simplicial
    - normal:    0.1799 -0.05231   0.9823
    - offset: -0.0008542817
    - vertices: p580(v290) p1632(v188) p2074(v58)
    - neighboring facets: f933 f1446 f1444
- f1448
    - flags: top simplicial
    - normal:    0.1799 -0.05231   0.9823
    - offset: -0.0008542859
    - vertices: p580(v290) p57(v189) p2845(v47)
    - neighboring facets: f937 f1445 f1449
- f1449
    - flags: bottom simplicial
    - normal:      0.18 -0.05231   0.9823
    - offset: -0.0008542559
    - vertices: p580(v290) p57(v189) p3408(v111)
    - neighboring facets: f938 f1444 f1448
- f1456
    - flags: top simplicial
    - normal:    0.8631   0.5051 0.004714
    - offset: -0.004927554
    - vertices: p697(v292) p1745(v283) p799(v60)
    - neighboring facets: f1408 f1909 f1457
- f1457
    - flags: bottom simplicial
    - normal:    0.8915   0.4531 -0.0001298
    - offset: -0.005040042
    - vertices: p697(v292) p1745(v283) p294(v190)
    - neighboring facets: f1411 f1913 f1456
- f1458
    - flags: top simplicial
    - normal:   -0.2791  -0.9603 4.771e-06
    - offset: -0.007749969
    - vertices: p267(v293) p3823(v191) p1614(v62)
    - neighboring facets: f947 f1460 f1459
- f1459
    - flags: bottom simplicial
    - normal:   -0.2791  -0.9603 8.436e-07
    - offset: -0.007749995
    - vertices: p267(v293) p3823(v191) p2371(v116)
    - neighboring facets: f948 f1461 f1458
- f1460
    - flags: bottom simplicial
    - normal:   -0.2791  -0.9603 2.914e-06
    - offset: -0.007749988
    - vertices: p267(v293) p1894(v192) p1614(v62)
    - neighboring facets: f954 f1458 f1461
- f1461
    - flags: top simplicial
    - normal:   -0.2791  -0.9603 1.753e-06
    - offset: -0.007749992
    - vertices: p267(v293) p1894(v192) p2371(v116)
    - neighboring facets: f950 f1459 f1460
- f1468
    - flags: bottom simplicial
    - normal:   -0.2791  -0.9603 2.215e-07
    - offset: -0.007749998
    - vertices: p243(v295) p2371(v116) p907(v18)
    - neighboring facets: f948 f2007 f1919
- f1474
    - flags: top simplicial
    - normal:   -0.1512  -0.9885 7.005e-06
    - offset: -0.008206456
    - vertices: p2030(v297) p3836(v120) p1865(v5)
    - neighboring facets: f985 f1486 f1488
- f1479
    - flags: bottom simplicial
    - normal:    0.1096   -0.994 1.178e-07
    - offset: -0.008893492
    - vertices: p1962(v298) p3885(v223) p2462(v122)
    - neighboring facets: f1111 f1482 f1480
- f1480
    - flags: top simplicial
    - normal:    0.1096   -0.994 1.68e-06
    - offset: -0.008893426
    - vertices: p1962(v298) p3885(v223) p733(v202)
    - neighboring facets: f1109 f1485 f1479
- f1481
    - flags: top simplicial
    - normal:    0.1899  -0.9679   0.1645
    - offset: -0.008413383
    - vertices: p250(v299) p2571(v203) p2462(v122)
    - neighboring facets: f1099 f1482 f1492
- f1482
    - flags: bottom simplicial
    - normal:    0.1011  -0.9949 0.005157
    - offset: -0.008857708
    - vertices: p250(v299) p1962(v298) p2462(v122)
    - neighboring facets: f1479 f1481 f1485
- f1483
    - flags: bottom simplicial
    - normal:   -0.0656  -0.6893   0.7215
    - offset: -0.003815573
    - vertices: p250(v299) p2953(v26) p1865(v5)
    - neighboring facets: f97 f1486 f1491
- f1485
    - flags: top simplicial
    - normal:       0.1   -0.995 0.004417
    - offset: -0.008857947
    - vertices: p250(v299) p1962(v298) p733(v202)
    - neighboring facets: f1480 f1487 f1482
- f1486
    - flags: top simplicial
    - normal:   0.02603  -0.9996 0.007337
    - offset: -0.008701028
    - vertices: p250(v299) p2030(v297) p1865(v5)
    - neighboring facets: f1474 f1483 f1488
- f1487
    - flags: top simplicial
    - normal:   0.09756  -0.9952 0.002879
    - offset: -0.00885802
    - vertices: p250(v299) p733(v202) p3836(v120)
    - neighboring facets: f1109 f1488 f1485
- f1488
    - flags: bottom simplicial
    - normal:    0.0312  -0.9995 0.006419
    - offset: -0.008715538
    - vertices: p250(v299) p2030(v297) p3836(v120)
    - neighboring facets: f1474 f1487 f1486
- f1489
    - flags: bottom simplicial
    - normal:    0.2316  -0.2961   0.9266
    - offset: -0.0007452227
    - vertices: p2965(v300) p3732(v89) p2953(v26)
    - neighboring facets: f535 f1491 f1941
- f1491
    - flags: top simplicial
    - normal:    0.1828  -0.3872   0.9037
    - offset: -0.00133486
    - vertices: p2965(v300) p250(v299) p2953(v26)
    - neighboring facets: f1483 f1489 f1492
- f1492
    - flags: bottom simplicial
    - normal:    0.2133  -0.4518   0.8663
    - offset: -0.002074602
    - vertices: p2965(v300) p250(v299) p2571(v203)
    - neighboring facets: f1481 f1511 f1491
- f1501
    - flags: top simplicial
    - normal:      0.44   -0.898 -0.0002394
    - offset: -0.00920073
    - vertices: p1046(v302) p2075(v200) p2960(v35)
    - neighboring facets: f1605 f1936 f2108
- f1508
    - flags: bottom simplicial
    - normal:     0.585  -0.8082  0.06803
    - offset: -0.008735951
    - vertices: p1834(v303) p1046(v302) p869(v301)
    - neighboring facets: f1931 f1939 f1938
- f1511
    - flags: bottom simplicial
    - normal:    0.4416  -0.6414   0.6273
    - offset: -0.005165288
    - vertices: p1834(v303) p2965(v300) p2571(v203)
    - neighboring facets: f1492 f1933 f1942
- f1534
    - flags: bottom simplicial
    - normal:    0.9975  0.07049 2.325e-07
    - offset: -0.00590709
    - vertices: p1790(v309) p781(v261) p472(v90)
    - neighboring facets: f1312 f1961 f2363
- f1536
    - flags: bottom simplicial
    - normal:   -0.8217    0.268  -0.5029
    - offset: -0.01808163
    - vertices: p636(v310) p194(v129) p1756(v10)
    - neighboring facets: f623 f2301 f2303
- f1540
    - flags: top simplicial
    - normal:   -0.8077   0.2375  -0.5396
    - offset: -0.01815231
    - vertices: p230(v311) p3031(v209) p194(v129)
    - neighboring facets: f2302 f1547 f2298
- f1544
    - flags: top simplicial
    - normal:   -0.8872   0.2579  -0.3827
    - offset: -0.01735807
    - vertices: p1434(v312) p3006(v210) p819(v38)
    - neighboring facets: f1550 f1546 f1545
- f1545
    - flags: bottom simplicial
    - normal:   -0.8872   0.2579  -0.3827
    - offset: -0.01735809
    - vertices: p1434(v312) p3006(v210) p194(v129)
    - neighboring facets: f1037 f1547 f1544
- f1546
    - flags: bottom simplicial
    - normal:   -0.8179   0.2386  -0.5236
    - offset: -0.01809401
    - vertices: p1434(v312) p230(v311) p819(v38)
    - neighboring facets: f1987 f1544 f1547
- f1547
    - flags: top simplicial
    - normal:   -0.8098    0.238  -0.5364
    - offset: -0.01814081
    - vertices: p1434(v312) p230(v311) p194(v129)
    - neighboring facets: f1540 f1545 f1546
- f1548
    - flags: top simplicial
    - normal:   -0.8872   0.2579  -0.3827
    - offset: -0.01735805
    - vertices: p1420(v313) p3006(v210) p2645(v72)
    - neighboring facets: f1037 f1551 f1550
- f1549
    - flags: top simplicial
    - normal:   -0.8872   0.2579  -0.3827
    - offset: -0.01735805
    - vertices: p1420(v313) p2161(v131) p819(v38)
    - neighboring facets: f698 f1550 f1969
- f1550
    - flags: bottom simplicial
    - normal:   -0.8872   0.2579  -0.3827
    - offset: -0.01735805
    - vertices: p1420(v313) p3006(v210) p819(v38)
    - neighboring facets: f1544 f1549 f1548
- f1551
    - flags: bottom simplicial
    - normal:    -0.923   0.2916  -0.2511
    - offset: -0.01653826
    - vertices: p1420(v313) p3095(v130) p2645(v72)
    - neighboring facets: f625 f1548 f1971
- f1553
    - flags: bottom simplicial
    - normal:    -0.952   0.2767  -0.1305
    - offset: -0.01546581
    - vertices: p3030(v314) p2257(v78) p627(v21)
    - neighboring facets: f1172 f1554 f1555
- f1554
    - flags: top simplicial
    - normal:    -0.952   0.2767  -0.1305
    - offset: -0.01546582
    - vertices: p3030(v314) p2465(v211) p627(v21)
    - neighboring facets: f1043 f1553 f1555
- f1555
    - flags: bottom simplicial
    - normal:    -0.952   0.2767  -0.1305
    - offset: -0.01546586
    - vertices: p3030(v314) p2465(v211) p2257(v78)
    - neighboring facets: f1973 f1553 f1554
- f1556
    - flags: top simplicial
    - normal:   -0.9464    0.275  -0.1692
    - offset: -0.01581466
    - vertices: p2574(v315) p1826(v212) p2161(v131)
    - neighboring facets: f1044 f1970 f1976
- f1559
    - flags: bottom simplicial
    - normal:    -0.952   0.2767  -0.1305
    - offset: -0.01546601
    - vertices: p2574(v315) p2465(v211) p3095(v130)
    - neighboring facets: f1043 f1972 f1974
- f1568
    - flags: bottom simplicial
    - normal:   -0.5362   -0.804   -0.257
    - offset: -0.01146315
    - vertices: p1989(v316) p3403(v243) p1703(v127)
    - neighboring facets: f1228 f1572 f1570
- f1569
    - flags: bottom simplicial
    - normal:   -0.6117   0.1022  -0.7845
    - offset: -0.01856916
    - vertices: p1989(v316) p2471(v148) p3331(v20)
    - neighboring facets: f2024 f1570 f2285
- f1570
    - flags: top simplicial
    - normal:   -0.6151  -0.6398  -0.4608
    - offset: -0.01505422
    - vertices: p1989(v316) p3403(v243) p3331(v20)
    - neighboring facets: f1227 f1569 f1568
- f1571
    - flags: bottom simplicial
    - normal:   -0.7707  -0.5968  -0.2234
    - offset: -0.01416807
    - vertices: p1989(v316) p37(v70) p819(v38)
    - neighboring facets: f619 f2296 f1572
- f1572
    - flags: bottom simplicial
    - normal:   -0.5755  -0.7998  -0.1707
    - offset: -0.01090707
    - vertices: p1989(v316) p1703(v127) p37(v70)
    - neighboring facets: f1077 f1571 f1568
- f1573
    - flags: bottom simplicial
    - normal:   -0.4611  -0.8374  -0.2936
    - offset: -0.01098877
    - vertices: p2444(v317) p405(v219) p3331(v20)
    - neighboring facets: f1227 f1593 f1574
- f1574
    - flags: top simplicial
    - normal:   -0.4452  -0.8407  -0.3083
    - offset: -0.01120279
    - center: -0.000834160445568463 -0.007718614923457307 -0.0140859109039108 
    - vertices: p2444(v317) p405(v219) p3463(v135)
    - neighboring facets: f2009 f1999 f1573
- f1579
    - flags: bottom simplicial
    - normal:   -0.4697  -0.8808 -0.05876
    - offset: -0.008116539
    - vertices: p2584(v318) p3937(v128) p37(v70)
    - neighboring facets: f619 f1580 f2002
- f1580
    - flags: top simplicial
    - normal:    -0.472  -0.8753  -0.1048
    - offset: -0.008697281
    - vertices: p2584(v318) p405(v219) p37(v70)
    - neighboring facets: f1077 f1579 f2005
- f1586
    - flags: top simplicial
    - normal:   -0.2791  -0.9603 -4.036e-07
    - offset: -0.007750009
    - vertices: p995(v319) p2568(v193) p1259(v74)
    - neighboring facets: f1068 f2327 f2014
- f1593
    - flags: bottom simplicial
    - normal:    -0.458  -0.8288  -0.3213
    - offset: -0.0113165
    - vertices: p3340(v320) p2444(v317) p3331(v20)
    - neighboring facets: f1573 f2025 f2034
- f1605
    - flags: bottom simplicial
    - normal:      0.44   -0.898 -0.004625
    - offset: -0.009251084
    - center: 0.003928528632968664 -0.008317047109206518 -0.0116616270194451 
    - vertices: p3928(v323) p2075(v200) p2960(v35)
    - neighboring facets: f1501 f1608 f2388
- f1608
    - flags: top simplicial
    - normal:    0.3631  -0.9317 2.867e-07
    - offset: -0.00917781
    - vertices: p3928(v323) p1834(v303) p2960(v35)
    - neighboring facets: f1937 f1605 f1935
- f1626
    - flags: bottom simplicial
    - normal:    0.9722   0.2342 -0.0007161
    - offset: -0.005501215
    - vertices: p359(v326) p1646(v225) p1512(v68)
    - neighboring facets: f1804 f2236 f2080
- f1629
    - flags: top simplicial
    - normal:    0.9975  0.07052 4.883e-08
    - offset: -0.005907018
    - vertices: p359(v326) p781(v261) p2781(v158)
    - neighboring facets: f1312 f2238 f2362
- f1635
    - flags: top simplicial
    - normal:    0.9606   0.2777 -0.01442
    - offset: -0.005573822
    - center: 0.005760608085741599 -0.0005405878594804866 -0.01321849257995685 
    - vertices: p2032(v327) p1646(v225) p1664(v207)
    - neighboring facets: f1123 f1637 f2114
- f1637
    - flags: top simplicial
    - normal:    0.9473   0.3204 -0.00666
    - offset: -0.005391431
    - vertices: p2032(v327) p1664(v207) p2692(v69)
    - neighboring facets: f1808 f2069 f1635
- f1642
    - flags: top simplicial
    - normal:    0.2598  0.02534  -0.9653
    - offset: -0.01525494
    - center: 0.005980987722675007 -0.001977901129672925 -0.01424513633052508 
    - vertices: p2706(v328) p1646(v225) p1661(v138)
    - neighboring facets: f1663 f2110 f2081
- f1649
    - flags: top simplicial tested
    - normal:  -2.657e-07 -2.411e-06       -1
    - offset: -0.01425002
    - center: 0.002003368126073231 -0.008165252705415091 -0.01425000000745058 
    - vertices: p2021(v329) p3463(v135) p1263(v76)
    - neighboring facets: f2010 f2095 f2525
- f1660
    - flags: top simplicial tested
    - normal:    0.0333  0.04469  -0.9984
    - offset: -0.01446681
    - center: 0.003290462462852398 0.003014646470546722 -0.01424464397132397 
    - vertices: p1390(v330) p3606(v239) p1446(v41)
    - neighboring facets: f1708 f2566 f1666
    - ridges:
- f1663
    - flags: bottom simplicial tested
    - normal:    0.1119  0.04699  -0.9926
    - offset: -0.01473779
    - center: 0.005433869703362386 -0.0002178999905784926 -0.01424513664096594 
    - vertices: p1390(v330) p1646(v225) p1661(v138)
    - neighboring facets: f1642 f2111 f2115
- f1666
    - flags: bottom simplicial tested
    - normal:    0.6776   0.7036  -0.2143
    - offset: -0.00749635
    - center: 0.003584354262178143 0.002910050020242731 -0.01409690733999014 
    - vertices: p1390(v330) p3606(v239) p440(v15)
    - neighboring facets: f1207 f2121 f1660
- f1673
    - flags: top simplicial
    - normal:    0.7237   0.6901 -7.724e-07
    - offset: -0.004657592
    - vertices: p343(v331) p3964(v228) p823(v140)
    - neighboring facets: f1150 f1678 f2125
- f1676
    - flags: top simplicial
    - normal:    0.7237   0.6901 -1.271e-08
    - offset: -0.004657579
    - vertices: p343(v331) p366(v180) p2385(v139)
    - neighboring facets: f897 f2124 f1677
- f1677
    - flags: top simplicial
    - normal:    0.7237   0.6901 -1.046e-08
    - offset: -0.004657579
    - vertices: p343(v331) p2810(v229) p366(v180)
    - neighboring facets: f1154 f1676 f1679
- f1678
    - flags: top simplicial
    - normal:    0.7237   0.6901 -3.122e-08
    - offset: -0.00465758
    - vertices: p343(v331) p823(v140) p1812(v32)
    - neighboring facets: f915 f1679 f1673
- f1679
    - flags: bottom simplicial
    - normal:    0.7237   0.6901 -1.23e-08
    - offset: -0.004657579
    - vertices: p343(v331) p2810(v229) p1812(v32)
    - neighboring facets: f1154 f1678 f1677
- f1680
    - flags: bottom simplicial
    - normal:   -0.9603   0.2791 -2.003e-07
    - offset:   -0.01425
    - vertices: p3781(v332) p1719(v232) p2402(v141)
    - neighboring facets: f1693 f1682 f2129
- f1682
    - flags: bottom simplicial
    - normal:   -0.9615   0.2746 0.0002495
    - offset: -0.01426746
    - vertices: p3781(v332) p2402(v141) p742(v1)
    - neighboring facets: f694 f1683 f1680
- f1683
    - flags: top simplicial
    - normal:   -0.9608   0.2772 0.002272
    - offset: -0.0142361
    - vertices: p3781(v332) p2541(v231) p742(v1)
    - neighboring facets: f1168 f1682 f2128
- f1684
    - flags: bottom simplicial
    - normal:   -0.9575   0.2808 -0.06573
    - offset: -0.01488919
    - vertices: p206(v333) p1602(v233) p2257(v78)
    - neighboring facets: f1172 f1686 f1685
- f1685
    - flags: top simplicial
    - normal:   -0.9573    0.282 -0.06309
    - offset: -0.01486398
    - vertices: p206(v333) p1602(v233) p791(v143)
    - neighboring facets: f1173 f2134 f1684
- f1686
    - flags: top simplicial
    - normal:   -0.9599   0.2788 -0.03065
    - offset: -0.01455635
    - vertices: p206(v333) p2402(v141) p2257(v78)
    - neighboring facets: f1156 f1684 f2130
- f1689
    - flags: top simplicial
    - normal:   -0.9603   0.2791 1.176e-06
    - offset: -0.01424999
    - vertices: p1845(v334) p2544(v234) p1685(v42)
    - neighboring facets: f1177 f1691 f1690
- f1690
    - flags: bottom simplicial
    - normal:   -0.9603   0.2791 9.769e-07
    - offset: -0.01424999
    - vertices: p1845(v334) p2544(v234) p1719(v232)
    - neighboring facets: f1694 f1692 f1689
- f1691
    - flags: bottom simplicial
    - normal:   -0.9568   0.2791  0.08106
    - offset: -0.01345208
    - vertices: p1845(v334) p1021(v84) p1685(v42)
    - neighboring facets: f1241 f1689 f1692
- f1692
    - flags: bottom simplicial
    - normal:   -0.9571   0.2787  0.07928
    - offset: -0.01346962
    - vertices: p1845(v334) p1719(v232) p1021(v84)
    - neighboring facets: f1171 f1691 f1690
- f1693
    - flags: top simplicial
    - normal:   -0.9603   0.2791 -6.844e-07
    - offset: -0.01425001
    - vertices: p1480(v335) p1719(v232) p2402(v141)
    - neighboring facets: f1680 f2131 f1694
- f1694
    - flags: top simplicial
    - normal:   -0.9603   0.2791 1.367e-07
    - offset:   -0.01425
    - vertices: p1480(v335) p2544(v234) p1719(v232)
    - neighboring facets: f1690 f1693 f2132
- f1702
    - flags: top simplicial
    - normal:   -0.3675   0.1068  -0.9239
    - offset: -0.01735808
    - vertices: p3370(v337) p1666(v237) p85(v236)
    - neighboring facets: f1193 f1704 f2454
- f1704
    - flags: top simplicial
    - normal:   -0.4326   0.1307  -0.8921
    - offset: -0.01777552
    - vertices: p3370(v337) p85(v236) p115(v39)
    - neighboring facets: f1186 f2140 f1702
- f1706
    - flags: bottom simplicial
    - normal:   -0.5214   0.1499    -0.84
    - offset: -0.01816346
    - vertices: p3370(v337) p2999(v336) p2471(v148)
    - neighboring facets: f2138 f2141 f2136
- f1707
    - flags: top simplicial
    - normal:  4.966e-06 1.036e-05       -1
    - offset: -0.01425005
    - vertices: p252(v338) p2635(v146) p1446(v41)
    - neighboring facets: f720 f1708 f1709
- f1708
    - flags: bottom simplicial
    - normal:   0.02836   0.0499  -0.9984
    - offset: -0.01447031
    - vertices: p252(v338) p3606(v239) p1446(v41)
    - neighboring facets: f1660 f1707 f1709
- f1709
    - flags: top simplicial
    - normal:   0.03065  0.05745  -0.9979
    - offset: -0.01449727
    - vertices: p252(v338) p3606(v239) p2635(v146)
    - neighboring facets: f1200 f1707 f1708
- f1710
    - flags: bottom simplicial
    - normal:  1.397e-06 3.938e-06       -1
    - offset: -0.01425002
    - vertices: p292(v339) p2635(v146) p3973(v81)
    - neighboring facets: f720 f1711 f1722
- f1711
    - flags: top simplicial
    - normal:    0.1574   0.6025  -0.7824
    - offset: -0.01415555
    - vertices: p292(v339) p428(v240) p3973(v81)
    - neighboring facets: f1209 f1710 f1723
- f1713
    - flags: bottom simplicial
    - normal:    0.2791   0.9603 -1.268e-06
    - offset: -0.004750023
    - vertices: p795(v340) p1849(v145) p353(v80)
    - neighboring facets: f716 f2146 f1714
- f1714
    - flags: bottom simplicial
    - normal:    0.2791   0.9603 -1.945e-06
    - offset: -0.004750029
    - vertices: p795(v340) p428(v240) p1849(v145)
    - neighboring facets: f1211 f1713 f2155
- f1719
    - flags: top simplicial
    - normal:    0.2621   0.8807  -0.3945
    - offset: -0.009887093
    - vertices: p2260(v341) p2635(v146) p1312(v16)
    - neighboring facets: f721 f1720 f1722
- f1720
    - flags: bottom simplicial
    - normal:     0.274   0.9243  -0.2655
    - offset: -0.008289691
    - vertices: p2260(v341) p726(v238) p1312(v16)
    - neighboring facets: f1194 f1719 f1721
- f1721
    - flags: bottom simplicial
    - normal:    0.2791   0.9603 -2.907e-05
    - offset: -0.004750406
    - vertices: p2260(v341) p428(v240) p726(v238)
    - neighboring facets: f1725 f1720 f1723
- f1722
    - flags: top simplicial
    - normal:    0.2589   0.8729  -0.4135
    - offset: -0.01011993
    - vertices: p2260(v341) p292(v339) p2635(v146)
    - neighboring facets: f1710 f1719 f1723
- f1723
    - flags: bottom simplicial
    - normal:    0.2588   0.8729  -0.4135
    - offset: -0.01012131
    - vertices: p2260(v341) p292(v339) p428(v240)
    - neighboring facets: f1711 f1721 f1722
- f1725
    - flags: top simplicial
    - normal:    0.2791   0.9603 -8.265e-07
    - offset: -0.004750011
    - vertices: p1642(v342) p428(v240) p726(v238)
    - neighboring facets: f1721 f2154 f2156
- f1731
    - flags: bottom simplicial
    - normal:   -0.3675   0.1068  -0.9239
    - offset: -0.01735805
    - vertices: p2861(v343) p1666(v237) p3926(v43)
    - neighboring facets: f1191 f2334 f2336
- f1738
    - flags: bottom simplicial
    - normal:   -0.1253  0.03643  -0.9914
    - offset:  -0.015466
    - vertices: p3849(v344) p2409(v245) p406(v6)
    - neighboring facets: f1235 f2311 f2175
- f1741
    - flags: top simplicial
    - normal:   -0.9506   0.2763   0.1415
    - offset: -0.01279724
    - vertices: p3818(v345) p3475(v246) p1021(v84)
    - neighboring facets: f1240 f1742 f1743
- f1742
    - flags: bottom simplicial
    - normal:   -0.9506   0.2763   0.1415
    - offset: -0.01279724
    - vertices: p3818(v345) p2525(v248) p1021(v84)
    - neighboring facets: f1244 f1741 f1744
- f1743
    - flags: bottom simplicial
    - normal:   -0.9506   0.2763   0.1415
    - offset: -0.01279723
    - vertices: p3818(v345) p3475(v246) p812(v83)
    - neighboring facets: f1239 f1744 f1741
- f1744
    - flags: top simplicial
    - normal:   -0.9506   0.2763   0.1415
    - offset: -0.01279723
    - vertices: p3818(v345) p2525(v248) p812(v83)
    - neighboring facets: f1249 f1743 f1742
- f1745
    - flags: bottom simplicial
    - normal:   -0.9054   0.2658   0.3311
    - offset: -0.01160495
    - vertices: p322(v346) p1375(v86) p1713(v45)
    - neighboring facets: f411 f1747 f1746
- f1746
    - flags: bottom simplicial
    - normal:   -0.9005   0.2674   0.3429
    - offset: -0.01156611
    - vertices: p322(v346) p96(v250) p1375(v86)
    - neighboring facets: f1254 f1745 f1749
- f1747
    - flags: top simplicial
    - normal:   -0.8954   0.2603   0.3612
    - offset: -0.01146993
    - vertices: p322(v346) p1105(v118) p1713(v45)
    - neighboring facets: f971 f1745 f1751
- f1749
    - flags: top simplicial
    - normal:   -0.8954   0.2603   0.3612
    - offset: -0.01146993
    - vertices: p322(v346) p96(v250) p3128(v153)
    - neighboring facets: f1256 f2176 f1746
- f1750
    - flags: top simplicial
    - normal:   -0.8954   0.2603   0.3612
    - offset: -0.01146992
    - vertices: p2375(v347) p1293(v251) p1105(v118)
    - neighboring facets: f2206 f1751 f2181
- f1751
    - flags: bottom simplicial
    - normal:   -0.8954   0.2603   0.3612
    - offset: -0.01146993
    - vertices: p2375(v347) p322(v346) p1105(v118)
    - neighboring facets: f1747 f1750 f2177
- f1759
    - flags: bottom simplicial
    - normal:   -0.8954   0.2603   0.3612
    - offset: -0.0114699
    - vertices: p581(v348) p1293(v251) p2758(v87)
    - neighboring facets: f2204 f2190 f2182
- f1766
    - flags: bottom simplicial
    - normal:   -0.7659   0.2226   0.6032
    - offset: -0.01009807
    - vertices: p2531(v350) p937(v256) p2299(v157)
    - neighboring facets: f2411 f1773 f1767
- f1767
    - flags: bottom simplicial
    - normal:   -0.7659   0.2226   0.6032
    - offset: -0.01009807
    - vertices: p2531(v350) p371(v349) p937(v256)
    - neighboring facets: f2408 f1766 f1769
- f1768
    - flags: top simplicial
    - normal:   -0.7659   0.2226   0.6032
    - offset: -0.01009798
    - vertices: p2531(v350) p1956(v156) p1210(v88)
    - neighboring facets: f1274 f1772 f1769
- f1769
    - flags: top simplicial
    - normal:   -0.7659   0.2226   0.6032
    - offset: -0.01009803
    - vertices: p2531(v350) p371(v349) p1956(v156)
    - neighboring facets: f2410 f1768 f1767
- f1770
    - flags: bottom simplicial
    - normal:   -0.7659   0.2226   0.6032
    - offset: -0.01009805
    - vertices: p3178(v351) p2347(v257) p1210(v88)
    - neighboring facets: f1286 f1772 f1771
- f1771
    - flags: top simplicial
    - normal:   -0.7659   0.2226   0.6032
    - offset: -0.01009807
    - vertices: p3178(v351) p2347(v257) p2299(v157)
    - neighboring facets: f2195 f1773 f1770
- f1772
    - flags: top simplicial
    - normal:   -0.7659   0.2226   0.6032
    - offset: -0.01009807
    - vertices: p3178(v351) p2531(v350) p1210(v88)
    - neighboring facets: f1768 f1770 f1773
- f1773
    - flags: bottom simplicial
    - normal:   -0.7659   0.2226   0.6032
    - offset: -0.01009807
    - vertices: p3178(v351) p2531(v350) p2299(v157)
    - neighboring facets: f1766 f1771 f1772
- f1774
    - flags: bottom simplicial
    - normal:   -0.8462   0.2277   0.4817
    - offset: -0.01097657
    - vertices: p444(v352) p2299(v157) p1659(v154)
    - neighboring facets: f780 f2197 f2196
- f1785
    - flags: top simplicial
    - normal:    0.9448  -0.2118     0.25
    - offset: -0.0057954
    - vertices: p3360(v354) p2273(v205) p1219(v49)
    - neighboring facets: f1013 f1887 f2216
- f1802
    - flags: top simplicial
    - normal:    0.9705   0.2409 2.669e-10
    - offset: -0.005473088
    - vertices: p102(v358) p2006(v259) p661(v37)
    - neighboring facets: f1806 f1803 f1899
- f1803
    - flags: bottom simplicial
    - normal:    0.9705   0.2409 -3.486e-08
    - offset: -0.005473089
    - vertices: p102(v358) p1646(v225) p661(v37)
    - neighboring facets: f1123 f1802 f1804
- f1804
    - flags: top simplicial
    - normal:    0.9705   0.2409 -6.229e-08
    - offset: -0.005473092
    - vertices: p102(v358) p1646(v225) p1512(v68)
    - neighboring facets: f1626 f2237 f1803
- f1805
    - flags: top simplicial
    - normal:    0.9705   0.2409 -5.008e-08
    - offset: -0.005473087
    - vertices: p3856(v359) p1664(v207) p661(v37)
    - neighboring facets: f1123 f1806 f1808
- f1806
    - flags: bottom simplicial
    - normal:    0.9705   0.2409 2.374e-11
    - offset: -0.005473088
    - vertices: p3856(v359) p2006(v259) p661(v37)
    - neighboring facets: f1802 f1805 f1895
- f1807
    - flags: top simplicial
    - normal:    0.9366   0.3505 0.001034
    - offset: -0.005236449
    - vertices: p3856(v359) p3786(v126) p2692(v69)
    - neighboring facets: f2071 f1808 f2261
- f1808
    - flags: bottom simplicial
    - normal:    0.9518   0.3067 1.809e-05
    - offset: -0.005343115
    - vertices: p3856(v359) p1664(v207) p2692(v69)
    - neighboring facets: f1637 f1807 f1805
- f1813
    - flags: bottom simplicial
    - normal:    0.0551 -0.01893   0.9983
    - offset: -0.002058205
    - vertices: p227(v360) p2845(v47) p2246(v4)
    - neighboring facets: f799 f1816 f2240
- f1815
    - flags: top simplicial
    - normal:  -0.08576  0.02493    0.996
    - offset: -0.003384235
    - vertices: p227(v360) p3585(v262) p957(v93)
    - neighboring facets: f1821 f1817 f2241
- f1816
    - flags: top simplicial
    - normal:  -0.07032  0.02164   0.9973
    - offset: -0.003242313
    - vertices: p227(v360) p736(v269) p2246(v4)
    - neighboring facets: f1354 f1813 f1817
- f1817
    - flags: bottom simplicial
    - normal:  -0.08576  0.02493    0.996
    - offset: -0.003384199
    - vertices: p227(v360) p736(v269) p957(v93)
    - neighboring facets: f1846 f1815 f1816
- f1818
    - flags: top simplicial
    - normal:  -0.08576  0.02493    0.996
    - offset: -0.003384257
    - vertices: p495(v361) p3410(v161) p239(v94)
    - neighboring facets: f1322 f1832 f1819
- f1819
    - flags: top simplicial
    - normal:  -0.08576  0.02493    0.996
    - offset: -0.003384257
    - vertices: p495(v361) p3585(v262) p3410(v161)
    - neighboring facets: f2243 f1818 f1821
- f1821
    - flags: bottom simplicial
    - normal:  -0.08576  0.02493    0.996
    - offset: -0.003384254
    - vertices: p495(v361) p3585(v262) p957(v93)
    - neighboring facets: f1815 f1831 f1819
- f1822
    - flags: bottom simplicial
    - normal:   -0.5119  -0.1315   0.8489
    - offset: -0.007816341
    - vertices: p2537(v362) p783(v163) p2130(v14)
    - neighboring facets: f812 f1823 f1825
- f1823
    - flags: top simplicial
    - normal:   -0.3577 -0.01012   0.9338
    - offset: -0.006147112
    - vertices: p2537(v362) p2874(v263) p2130(v14)
    - neighboring facets: f1321 f1822 f2249
- f1825
    - flags: bottom simplicial
    - normal:   -0.3449   0.1003   0.9333
    - offset: -0.005893904
    - vertices: p2537(v362) p1717(v164) p783(v163)
    - neighboring facets: f821 f1822 f2432
- f1827
    - flags: bottom simplicial
    - normal:   -0.1664  0.03819   0.9853
    - offset: -0.004184062
    - vertices: p960(v363) p2874(v263) p239(v94)
    - neighboring facets: f1322 f1832 f1828
- f1828
    - flags: top simplicial
    - normal:   -0.2325  0.06558   0.9704
    - offset: -0.00482354
    - vertices: p960(v363) p2874(v263) p129(v162)
    - neighboring facets: f1851 f1848 f1827
- f1831
    - flags: bottom simplicial
    - normal:  -0.08576  0.02493    0.996
    - offset: -0.003384258
    - vertices: p960(v363) p495(v361) p957(v93)
    - neighboring facets: f1821 f1847 f1832
- f1832
    - flags: top simplicial
    - normal:  -0.08576  0.02493    0.996
    - offset: -0.003384258
    - vertices: p960(v363) p495(v361) p239(v94)
    - neighboring facets: f1818 f1827 f1831
- f1833
    - flags: top simplicial
    - normal:   -0.5774   0.1677    0.799
    - offset: -0.008189633
    - vertices: p3379(v364) p783(v163) p3239(v28)
    - neighboring facets: f812 f2245 f1834
- f1834
    - flags: top simplicial
    - normal:   -0.5772   0.1678   0.7992
    - offset: -0.008187242
    - vertices: p3379(v364) p1436(v264) p783(v163)
    - neighboring facets: f1331 f1833 f2248
- f1838
    - flags: top simplicial
    - normal:   -0.3449   0.1003   0.9333
    - offset: -0.005893907
    - vertices: p3289(v365) p1717(v164) p575(v96)
    - neighboring facets: f821 f1839 f1840
- f1839
    - flags: bottom simplicial
    - normal:   -0.3449   0.1003   0.9333
    - offset: -0.005893906
    - vertices: p3289(v365) p481(v268) p575(v96)
    - neighboring facets: f1347 f1838 f1840
- f1840
    - flags: top simplicial
    - normal:   -0.3449   0.1003   0.9333
    - offset: -0.005893905
    - vertices: p3289(v365) p481(v268) p1717(v164)
    - neighboring facets: f1844 f1838 f1839
- f1841
    - flags: bottom simplicial
    - normal:   -0.3449   0.1002   0.9333
    - offset: -0.005893572
    - vertices: p213(v366) p2874(v263) p1264(v27)
    - neighboring facets: f1850 f1842 f2250
- f1842
    - flags: top simplicial
    - normal:   -0.3449   0.1003   0.9333
    - offset: -0.005893859
    - vertices: p213(v366) p481(v268) p1264(v27)
    - neighboring facets: f1849 f1841 f1844
- f1844
    - flags: bottom simplicial
    - normal:   -0.3449   0.1003   0.9333
    - offset: -0.005893899
    - vertices: p213(v366) p481(v268) p1717(v164)
    - neighboring facets: f1840 f2433 f1842
- f1846
    - flags: top simplicial
    - normal:  -0.08576  0.02493    0.996
    - offset: -0.003384247
    - vertices: p503(v367) p736(v269) p957(v93)
    - neighboring facets: f1817 f1847 f1852
- f1847
    - flags: bottom simplicial
    - normal:  -0.08576  0.02493    0.996
    - offset: -0.003384258
    - vertices: p503(v367) p960(v363) p957(v93)
    - neighboring facets: f1831 f1846 f1848
- f1848
    - flags: top simplicial
    - normal:  -0.08578  0.02493    0.996
    - offset: -0.003384376
    - vertices: p503(v367) p960(v363) p129(v162)
    - neighboring facets: f1828 f1851 f1847
- f1849
    - flags: bottom simplicial
    - normal:   -0.3222  0.09706   0.9417
    - offset: -0.005701442
    - vertices: p503(v367) p481(v268) p1264(v27)
    - neighboring facets: f1842 f1850 f1854
- f1850
    - flags: top simplicial
    - normal:   -0.3027  0.08799    0.949
    - offset: -0.005495822
    - vertices: p503(v367) p2874(v263) p1264(v27)
    - neighboring facets: f1841 f1849 f1851
- f1851
    - flags: bottom simplicial
    - normal:   -0.2801  0.08115   0.9565
    - offset: -0.005280819
    - vertices: p503(v367) p2874(v263) p129(v162)
    - neighboring facets: f1828 f1848 f1850
- f1852
    - flags: bottom simplicial
    - normal:  0.008742  0.04543   0.9989
    - offset: -0.002751719
    - vertices: p503(v367) p736(v269) p69(v168)
    - neighboring facets: f1354 f1853 f1846
- f1853
    - flags: bottom simplicial
    - normal:   0.01461   0.1637   0.9864
    - offset: -0.003488522
    - vertices: p503(v367) p69(v168) p2158(v98)
    - neighboring facets: f931 f1854 f1852
- f1854
    - flags: top simplicial
    - normal:  -0.008322   0.2213   0.9752
    - offset: -0.00404818
    - vertices: p503(v367) p481(v268) p2158(v98)
    - neighboring facets: f1349 f1853 f1849
- f1855
    - flags: top simplicial
    - normal:    0.2963   0.9551 -0.008751
    - offset: -0.004843515
    - vertices: p478(v368) p3183(v99) p1312(v16)
    - neighboring facets: f1194 f1856 f1857
- f1856
    - flags: bottom simplicial
    - normal:    0.3188   0.9478 -0.003061
    - offset: -0.004745553
    - vertices: p478(v368) p1901(v271) p1312(v16)
    - neighboring facets: f1364 f1855 f1857
- f1857
    - flags: top simplicial
    - normal:    0.2967    0.955 -0.005406
    - offset: -0.004797952
    - vertices: p478(v368) p1901(v271) p3183(v99)
    - neighboring facets: f1860 f1855 f1856
- f1858
    - flags: top simplicial
    - normal:    0.2791   0.9603 -1.17e-07
    - offset: -0.004749997
    - vertices: p3338(v369) p1811(v273) p3183(v99)
    - neighboring facets: f1863 f1860 f2252
- f1860
    - flags: bottom simplicial
    - normal:    0.2925   0.9563 -0.00208
    - offset: -0.004759192
    - vertices: p3338(v369) p1901(v271) p3183(v99)
    - neighboring facets: f1857 f1858 f1861
- f1861
    - flags: top simplicial
    - normal:    0.2937   0.9559 -0.0009346
    - offset: -0.004743419
    - vertices: p3338(v369) p1901(v271) p3102(v169)
    - neighboring facets: f1364 f2254 f1860
- f1862
    - flags: top simplicial
    - normal:    0.2791   0.9603 -1.74e-08
    - offset: -0.004749999
    - vertices: p2889(v370) p910(v170) p3183(v99)
    - neighboring facets: f2152 f1863 f1864
- f1863
    - flags: bottom simplicial
    - normal:    0.2791   0.9603 -2.129e-08
    - offset: -0.004749999
    - vertices: p2889(v370) p1811(v273) p3183(v99)
    - neighboring facets: f1858 f1862 f1864
- f1864
    - flags: top simplicial
    - normal:    0.2791   0.9603 -1.177e-08
    - offset: -0.004749999
    - vertices: p2889(v370) p1811(v273) p910(v170)
    - neighboring facets: f1372 f1862 f1863
- f1865
    - flags: bottom simplicial
    - normal:    0.2891   0.9573 0.0001874
    - offset: -0.004738051
    - vertices: p1389(v371) p1811(v273) p3396(v174)
    - neighboring facets: f1373 f1866 f2253
- f1866
    - flags: top simplicial
    - normal:    0.3193   0.9477 0.002032
    - offset: -0.004694891
    - vertices: p1389(v371) p2690(v276) p3396(v174)
    - neighboring facets: f1383 f1865 f1870
- f1869
    - flags: top simplicial
    - normal:     0.329   0.9443 0.0005594
    - offset: -0.004692789
    - vertices: p1389(v371) p3102(v169) p833(v104)
    - neighboring facets: f2437 f1870 f2255
- f1870
    - flags: bottom simplicial
    - normal:    0.3215   0.9469 0.001899
    - offset: -0.004693184
    - vertices: p1389(v371) p2690(v276) p833(v104)
    - neighboring facets: f1383 f1869 f1866
- f1871
    - flags: top simplicial
    - normal:    0.4324   0.9017 0.005632
    - offset: -0.004593083
    - vertices: p1987(v372) p1451(v279) p959(v56)
    - neighboring facets: f1393 f1873 f1872
- f1872
    - flags: bottom simplicial
    - normal:    0.4062   0.9138  0.00122
    - offset: -0.004634591
    - vertices: p1987(v372) p1451(v279) p1629(v178)
    - neighboring facets: f1877 f1876 f1871
- f1873
    - flags: bottom simplicial
    - normal:    0.4422   0.8968  0.01059
    - offset: -0.004561162
    - vertices: p1987(v372) p3421(v102) p959(v56)
    - neighboring facets: f869 f1871 f1874
- f1874
    - flags: bottom simplicial
    - normal:    0.4406   0.8976  0.01129
    - offset: -0.004559483
    - vertices: p1987(v372) p833(v104) p3421(v102)
    - neighboring facets: f868 f1873 f1875
- f1875
    - flags: bottom simplicial
    - normal:    0.4109   0.9117  0.00585
    - offset: -0.00460984
    - vertices: p1987(v372) p3760(v280) p833(v104)
    - neighboring facets: f2436 f1874 f1876
- f1876
    - flags: top simplicial
    - normal:    0.4106   0.9118 0.005783
    - offset: -0.004610395
    - vertices: p1987(v372) p3760(v280) p1629(v178)
    - neighboring facets: f2256 f1872 f1875
- f1877
    - flags: top simplicial
    - normal:    0.4016   0.9158 -6.347e-05
    - offset: -0.004644171
    - vertices: p500(v373) p1451(v279) p1629(v178)
    - neighboring facets: f1872 f2257 f1881
- f1881
    - flags: bottom simplicial
    - normal:    0.4042   0.9147 -0.0001912
    - offset: -0.004643305
    - vertices: p500(v373) p1451(v279) p2703(v105)
    - neighboring facets: f1393 f2439 f1877
- f1882
    - flags: bottom simplicial
    - normal:    0.7237   0.6902 3.241e-06
    - offset: -0.004657566
    - vertices: p3876(v374) p2508(v106) p1812(v32)
    - neighboring facets: f513 f1883 f1884
- f1883
    - flags: top simplicial
    - normal:    0.7237   0.6901 1.284e-07
    - offset: -0.004657578
    - vertices: p3876(v374) p1706(v282) p1812(v32)
    - neighboring facets: f1406 f1882 f1884
- f1884
    - flags: bottom simplicial
    - normal:    0.7237   0.6901 4.666e-07
    - offset: -0.004657576
    - vertices: p3876(v374) p1706(v282) p2508(v106)
    - neighboring facets: f1407 f1882 f1883
- f1885
    - flags: bottom simplicial
    - normal:    0.3382 -0.05997   0.9392
    - offset: 0.0003539151
    - vertices: p3059(v375) p2074(v58) p1219(v49)
    - neighboring facets: f933 f1887 f1886
- f1886
    - flags: bottom simplicial
    - normal:    0.4227  0.07116   0.9034
    - offset: 0.0001162386
    - vertices: p3059(v375) p2489(v285) p2074(v58)
    - neighboring facets: f1418 f1885 f1901
- f1887
    - flags: top simplicial
    - normal:    0.9282  -0.1646   0.3336
    - offset: -0.005199699
    - vertices: p3059(v375) p3360(v354) p1219(v49)
    - neighboring facets: f1785 f1885 f1888
- f1888
    - flags: bottom simplicial
    - normal:    0.9589  -0.1544   0.2381
    - offset: -0.005619561
    - vertices: p3059(v375) p3360(v354) p891(v258)
    - neighboring facets: f2213 f1891 f1887
- f1890
    - flags: top simplicial
    - normal:    0.9974  0.05751  0.04439
    - offset: -0.005780692
    - vertices: p3059(v375) p2781(v158) p472(v90)
    - neighboring facets: f1312 f1891 f1900
- f1891
    - flags: bottom simplicial
    - normal:    0.9978 -0.05884  0.02905
    - offset: -0.006158455
    - vertices: p3059(v375) p891(v258) p472(v90)
    - neighboring facets: f1964 f1890 f1888
- f1892
    - flags: top simplicial
    - normal:    0.9191   0.3901  0.05601
    - offset: -0.004960465
    - vertices: p3888(v376) p1396(v183) p2466(v17)
    - neighboring facets: f1028 f2263 f1893
- f1893
    - flags: top simplicial
    - normal:    0.8877   0.3826   0.2561
    - offset: -0.00420725
    - vertices: p3888(v376) p2489(v285) p1396(v183)
    - neighboring facets: f1417 f1892 f1901
- f1895
    - flags: top simplicial
    - normal:    0.9705   0.2409 2.827e-07
    - offset: -0.005473085
    - vertices: p3888(v376) p3856(v359) p2006(v259)
    - neighboring facets: f1806 f1899 f2262
- f1898
    - flags: top simplicial
    - normal:    0.9726   0.2323  0.01334
    - offset: -0.005449483
    - vertices: p3888(v376) p102(v358) p2781(v158)
    - neighboring facets: f2239 f1900 f1899
- f1899
    - flags: bottom simplicial
    - normal:    0.9705   0.2409 6.693e-07
    - offset: -0.005473086
    - vertices: p3888(v376) p102(v358) p2006(v259)
    - neighboring facets: f1802 f1895 f1898
- f1900
    - flags: bottom simplicial
    - normal:    0.9565   0.1484    0.251
    - offset: -0.004704413
    - vertices: p3888(v376) p3059(v375) p2781(v158)
    - neighboring facets: f1890 f1898 f1901
- f1901
    - flags: top simplicial
    - normal:    0.8804   0.1482   0.4505
    - offset: -0.003692825
    - vertices: p3888(v376) p3059(v375) p2489(v285)
    - neighboring facets: f1886 f1893 f1900
- f1902
    - flags: bottom simplicial
    - normal:    0.8238   0.5668 0.003283
    - offset: -0.004810621
    - vertices: p202(v377) p1109(v184) p1788(v109)
    - neighboring facets: f913 f1904 f1903
- f1903
    - flags: bottom simplicial
    - normal:    0.8273   0.5618 0.001075
    - offset: -0.004825964
    - vertices: p202(v377) p1432(v286) p1109(v184)
    - neighboring facets: f1433 f1902 f1905
- f1904
    - flags: top simplicial
    - normal:    0.8315   0.5555 2.907e-07
    - offset: -0.004838884
    - vertices: p202(v377) p3589(v287) p1788(v109)
    - neighboring facets: f1443 f1902 f1905
- f1905
    - flags: bottom simplicial
    - normal:    0.8315   0.5555 6.653e-07
    - offset: -0.004838879
    - vertices: p202(v377) p3589(v287) p1432(v286)
    - neighboring facets: f1433 f1903 f1904
- f1906
    - flags: bottom simplicial
    - normal:    0.8315   0.5555 5.636e-08
    - offset: -0.004838889
    - vertices: p551(v378) p3821(v185) p799(v60)
    - neighboring facets: f918 f1909 f1907
- f1907
    - flags: bottom simplicial
    - normal:    0.8315   0.5555 1.776e-08
    - offset: -0.004838888
    - vertices: p551(v378) p1818(v289) p3821(v185)
    - neighboring facets: f1442 f1906 f2495
- f1909
    - flags: top simplicial
    - normal:    0.8316   0.5554 1.611e-07
    - offset: -0.004838897
    - vertices: p551(v378) p697(v292) p799(v60)
    - neighboring facets: f1456 f1906 f1910
- f1910
    - flags: bottom simplicial
    - normal:    0.8316   0.5554 -8.252e-07
    - offset: -0.004838999
    - vertices: p551(v378) p697(v292) p1965(v114)
    - neighboring facets: f1912 f2494 f1909
- f1912
    - flags: top simplicial
    - normal:    0.8473   0.5312 -0.0004418
    - offset: -0.004896078
    - vertices: p797(v379) p697(v292) p1965(v114)
    - neighboring facets: f1910 f2489 f1913
- f1913
    - flags: bottom simplicial
    - normal:     0.868   0.4966 -0.0009249
    - offset: -0.004968484
    - vertices: p797(v379) p697(v292) p294(v190)
    - neighboring facets: f1457 f2490 f1912
- f1919
    - flags: top simplicial
    - normal:   -0.2791  -0.9603 5.766e-09
    - offset:   -0.00775
    - vertices: p2195(v380) p243(v295) p2371(v116)
    - neighboring facets: f1468 f2016 f2008
- f1924
    - flags: bottom simplicial
    - normal:    0.7803  -0.6254 3.048e-07
    - offset: -0.008487594
    - vertices: p2817(v381) p869(v301) p1281(v121)
    - neighboring facets: f1930 f2537 f1940
- f1930
    - flags: top simplicial
    - normal:     0.627  -0.7789  0.01364
    - offset: -0.008904211
    - vertices: p3169(v383) p869(v301) p1281(v121)
    - neighboring facets: f1924 f2269 f1931
- f1931
    - flags: top simplicial
    - normal:    0.6046  -0.7956  0.03726
    - offset: -0.00884277
    - vertices: p3169(v383) p1046(v302) p869(v301)
    - neighboring facets: f1508 f1930 f2267
- f1932
    - flags: bottom simplicial
    - normal:    0.3631  -0.9317 -1.265e-07
    - offset: -0.009177808
    - vertices: p1528(v384) p2571(v203) p2538(v65)
    - neighboring facets: f1098 f1934 f1933
- f1933
    - flags: bottom simplicial
    - normal:    0.3631  -0.9317 8.729e-08
    - offset: -0.009177808
    - vertices: p1528(v384) p1834(v303) p2571(v203)
    - neighboring facets: f1511 f1932 f1935
- f1934
    - flags: top simplicial
    - normal:    0.3631  -0.9317 -3.103e-08
    - offset: -0.009177809
    - vertices: p1528(v384) p3928(v323) p2538(v65)
    - neighboring facets: f2098 f1932 f1935
- f1935
    - flags: bottom simplicial
    - normal:    0.3631  -0.9317 1.631e-08
    - offset: -0.009177809
    - vertices: p1528(v384) p3928(v323) p1834(v303)
    - neighboring facets: f1608 f1933 f1934
- f1936
    - flags: top simplicial
    - normal:    0.3733  -0.9277 0.0003677
    - offset: -0.009179885
    - vertices: p2071(v385) p1046(v302) p2960(v35)
    - neighboring facets: f1501 f1937 f1938
- f1937
    - flags: bottom simplicial
    - normal:    0.3631  -0.9317 4.893e-07
    - offset: -0.009177811
    - vertices: p2071(v385) p1834(v303) p2960(v35)
    - neighboring facets: f1608 f1936 f1938
- f1938
    - flags: top simplicial
    - normal:    0.3895   -0.921 0.005577
    - offset: -0.009166082
    - vertices: p2071(v385) p1834(v303) p1046(v302)
    - neighboring facets: f1508 f1936 f1937
- f1939
    - flags: bottom simplicial
    - normal:    0.6231  -0.7618   0.1771
    - offset: -0.00816137
    - vertices: p3710(v386) p1834(v303) p869(v301)
    - neighboring facets: f1508 f1940 f1942
- f1940
    - flags: top simplicial
    - normal:    0.7762  -0.6301  0.02078
    - offset: -0.008429785
    - vertices: p3710(v386) p2817(v381) p869(v301)
    - neighboring facets: f1924 f1939 f2536
- f1941
    - flags: top simplicial
    - normal:     0.292   -0.374   0.8802
    - offset: -0.001737306
    - vertices: p3710(v386) p2965(v300) p3732(v89)
    - neighboring facets: f1489 f1955 f1942
- f1942
    - flags: top simplicial
    - normal:    0.4981  -0.6648   0.5567
    - offset: -0.005774788
    - vertices: p3710(v386) p1834(v303) p2965(v300)
    - neighboring facets: f1511 f1941 f1939
- f1953
    - flags: top simplicial
    - normal:    0.9348  -0.3551 -0.0008797
    - offset: -0.0073546
    - center: 0.005362364618728559 -0.006572237548728784 -0.00922818947583437 
    - vertices: p3529(v388) p437(v325) p2142(v204)
    - neighboring facets: f2053 f2058 f1954
- f1954
    - flags: bottom simplicial
    - normal:    0.9428  -0.3335 -0.0001871
    - offset: -0.007251874
    - vertices: p3529(v388) p437(v325) p1969(v307)
    - neighboring facets: f2279 f1958 f1953
- f1955
    - flags: top simplicial
    - normal:    0.9156  -0.4021 5.836e-07
    - offset: -0.007560112
    - vertices: p3529(v388) p3710(v386) p3732(v89)
    - neighboring facets: f1941 f1957 f2276
- f1957
    - flags: bottom simplicial
    - normal:     0.928    -0.37  0.04397
    - offset: -0.007274435
    - vertices: p3529(v388) p2273(v205) p3732(v89)
    - neighboring facets: f1013 f1955 f1958
- f1958
    - flags: bottom simplicial
    - normal:    0.9457  -0.3251 0.003029
    - offset: -0.007201835
    - vertices: p3529(v388) p1969(v307) p2273(v205)
    - neighboring facets: f2278 f1957 f1954
- f1961
    - flags: bottom simplicial
    - normal:    0.9975  0.07048 1.005e-07
    - offset: -0.005907096
    - vertices: p2552(v389) p1790(v309) p472(v90)
    - neighboring facets: f1534 f1964 f2365
- f1963
    - flags: bottom simplicial
    - normal:    0.9984 -0.05611 0.001295
    - offset: -0.006271835
    - vertices: p2552(v389) p3212(v355) p3016(v2)
    - neighboring facets: f2373 f2366 f1965
- f1964
    - flags: top simplicial
    - normal:    0.9978 -0.06493  0.01111
    - offset: -0.006240119
    - vertices: p2552(v389) p891(v258) p472(v90)
    - neighboring facets: f1891 f1961 f1965
- f1965
    - flags: top simplicial
    - normal:    0.9977 -0.06703  0.01015
    - offset: -0.006250655
    - vertices: p2552(v389) p3212(v355) p891(v258)
    - neighboring facets: f2231 f1964 f1963
- f1969
    - flags: bottom simplicial
    - normal:   -0.8872   0.2579  -0.3826
    - offset: -0.01735783
    - vertices: p1342(v391) p1420(v313) p2161(v131)
    - neighboring facets: f1549 f1970 f1971
- f1970
    - flags: top simplicial
    - normal:    -0.943   0.2745  -0.1882
    - offset: -0.01597899
    - vertices: p1342(v391) p2574(v315) p2161(v131)
    - neighboring facets: f1556 f1969 f1972
- f1971
    - flags: top simplicial
    - normal:   -0.9415   0.2757  -0.1938
    - offset: -0.01602882
    - vertices: p1342(v391) p1420(v313) p3095(v130)
    - neighboring facets: f1551 f1972 f1969
- f1972
    - flags: bottom simplicial
    - normal:   -0.9427   0.2754  -0.1884
    - offset: -0.01598202
    - vertices: p1342(v391) p2574(v315) p3095(v130)
    - neighboring facets: f1559 f1971 f1970
- f1973
    - flags: top simplicial
    - normal:    -0.952   0.2767  -0.1305
    - offset: -0.01546596
    - vertices: p1715(v392) p2465(v211) p2257(v78)
    - neighboring facets: f1555 f1975 f1974
- f1974
    - flags: top simplicial
    - normal:    -0.952   0.2767  -0.1305
    - offset: -0.01546598
    - vertices: p1715(v392) p2574(v315) p2465(v211)
    - neighboring facets: f1559 f1973 f1976
- f1975
    - flags: bottom simplicial
    - normal:    -0.952   0.2767  -0.1305
    - offset: -0.01546595
    - vertices: p1715(v392) p1547(v230) p2257(v78)
    - neighboring facets: f1156 f1973 f1978
- f1976
    - flags: bottom simplicial
    - normal:    -0.952   0.2767  -0.1305
    - offset: -0.01546599
    - vertices: p1715(v392) p2574(v315) p1826(v212)
    - neighboring facets: f1556 f1977 f1974
- f1977
    - flags: bottom simplicial
    - normal:    -0.952   0.2767  -0.1305
    - offset:  -0.015466
    - vertices: p1715(v392) p1826(v212) p3111(v71)
    - neighboring facets: f1044 f1978 f1976
- f1978
    - flags: top simplicial
    - normal:    -0.952   0.2767  -0.1305
    - offset: -0.01546599
    - vertices: p1715(v392) p1547(v230) p3111(v71)
    - neighboring facets: f1159 f1977 f1975
- f1985
    - flags: top simplicial
    - normal:   -0.7618   0.2214  -0.6088
    - offset: -0.01833746
    - vertices: p3278(v394) p3953(v235) p1756(v10)
    - neighboring facets: f1181 f1993 f2293
- f1987
    - flags: top simplicial
    - normal:   -0.7844   0.2282  -0.5767
    - offset: -0.01826692
    - vertices: p1757(v395) p230(v311) p819(v38)
    - neighboring facets: f1546 f2297 f2295
- f1993
    - flags: top simplicial
    - normal:   -0.7618   0.2214  -0.6088
    - offset: -0.01833746
    - vertices: p1490(v396) p3278(v394) p1756(v10)
    - neighboring facets: f1985 f2300 f1994
- f1994
    - flags: bottom simplicial
    - normal:   -0.7618   0.2214  -0.6088
    - offset: -0.01833746
    - vertices: p1490(v396) p3278(v394) p1989(v316)
    - neighboring facets: f2290 f2450 f1993
- f1996
    - flags: bottom simplicial tested
    - normal:  -0.07597  -0.1176  -0.9902
    - offset: -0.01507939
    - center: -0.007613145979121327 -0.003453337199365099 -0.01423512616505225 
    - vertices: p1009(v397) p2444(v317) p3822(v220)
    - neighboring facets: f2032 f2464 f1999
- f1999
    - flags: top simplicial tested
    - normal:  -6.335e-06 -9.968e-06       -1
    - offset: -0.01425008
    - center: -0.003938945417758077 -0.005667340631286303 -0.01424999969700972 
    - vertices: p1009(v397) p2444(v317) p3463(v135)
    - neighboring facets: f1574 f2529 f1996
- f2002
    - flags: top simplicial
    - normal:   -0.4681  -0.8823 -0.04991
    - offset: -0.008006058
    - vertices: p1679(v398) p2584(v318) p3937(v128)
    - neighboring facets: f1579 f2004 f2005
- f2003
    - flags: top simplicial
    - normal:   -0.4599   -0.888 0.002316
    - offset: -0.007376724
    - vertices: p1679(v398) p2331(v63) p907(v18)
    - neighboring facets: f283 f2007 f2004
- f2004
    - flags: top simplicial
    - normal:   -0.4609  -0.8874 -0.00246
    - offset: -0.007434491
    - vertices: p1679(v398) p3937(v128) p2331(v63)
    - neighboring facets: f618 f2003 f2002
- f2005
    - flags: bottom simplicial
    - normal:   -0.4376  -0.8977 -0.05195
    - offset: -0.00811477
    - vertices: p1679(v398) p2584(v318) p405(v219)
    - neighboring facets: f1580 f2012 f2002
- f2007
    - flags: bottom simplicial
    - normal:   -0.2791  -0.9603 6.782e-08
    - offset: -0.007749999
    - vertices: p1679(v398) p243(v295) p907(v18)
    - neighboring facets: f1468 f2003 f2008
- f2008
    - flags: bottom simplicial
    - normal:   -0.2791  -0.9603 1.144e-08
    - offset:   -0.00775
    - vertices: p1679(v398) p2195(v380) p243(v295)
    - neighboring facets: f1919 f2007 f2013
- f2009
    - flags: bottom simplicial
    - normal:   -0.3404  -0.9217  -0.1858
    - offset: -0.01005918
    - vertices: p1348(v399) p405(v219) p3463(v135)
    - neighboring facets: f1574 f2010 f2012
- f2010
    - flags: bottom simplicial
    - normal:   -0.2439  -0.9446  -0.2197
    - offset: -0.01068648
    - vertices: p1348(v399) p3463(v135) p1263(v76)
    - neighboring facets: f1649 f2011 f2009
- f2011
    - flags: top simplicial
    - normal:     -0.24  -0.9591  -0.1499
    - offset: -0.009825509
    - vertices: p1348(v399) p995(v319) p1263(v76)
    - neighboring facets: f2018 f2010 f2014
- f2012
    - flags: bottom simplicial
    - normal:   -0.2791  -0.9603 -1.489e-06
    - offset: -0.007750017
    - vertices: p1348(v399) p1679(v398) p405(v219)
    - neighboring facets: f2005 f2009 f2013
- f2013
    - flags: top simplicial
    - normal:   -0.2791  -0.9603 -9.069e-08
    - offset: -0.007750001
    - vertices: p1348(v399) p1679(v398) p2195(v380)
    - neighboring facets: f2008 f2016 f2012
- f2014
    - flags: bottom simplicial
    - normal:   -0.2791  -0.9603 -2.807e-07
    - offset: -0.007750006
    - vertices: p1348(v399) p995(v319) p2568(v193)
    - neighboring facets: f1586 f2015 f2011
- f2015
    - flags: bottom simplicial
    - normal:   -0.2791  -0.9603 -5.31e-08
    - offset: -0.007750002
    - vertices: p1348(v399) p2568(v193) p2371(v116)
    - neighboring facets: f1070 f2016 f2014
- f2016
    - flags: top simplicial
    - normal:   -0.2791  -0.9603 -6.72e-09
    - offset:   -0.00775
    - vertices: p1348(v399) p2195(v380) p2371(v116)
    - neighboring facets: f1919 f2015 f2013
- f2018
    - flags: bottom simplicial
    - normal:    -0.237   -0.961  -0.1426
    - offset: -0.009743826
    - vertices: p2546(v400) p995(v319) p1263(v76)
    - neighboring facets: f2011 f2319 f2329
- f2022
    - flags: bottom simplicial
    - normal:   -0.2229  -0.9748 -0.001261
    - offset: -0.007974943
    - vertices: p2546(v400) p3114(v133) p1259(v74)
    - neighboring facets: f1067 f2328 f2023
- f2023
    - flags: top simplicial
    - normal:   -0.1514  -0.9885 -1.188e-07
    - offset: -0.008205799
    - vertices: p2546(v400) p3114(v133) p3375(v9)
    - neighboring facets: f638 f2324 f2022
- f2024
    - flags: top simplicial
    - normal:    -0.574  0.09443  -0.8134
    - offset: -0.01847981
    - vertices: p2523(v401) p2471(v148) p3331(v20)
    - neighboring facets: f1569 f2025 f2026
- f2025
    - flags: bottom simplicial
    - normal:    -0.546  0.06305  -0.8354
    - offset: -0.01845007
    - vertices: p2523(v401) p3340(v320) p3331(v20)
    - neighboring facets: f1593 f2024 f2330
- f2026
    - flags: bottom simplicial
    - normal:    -0.463   0.1231  -0.8778
    - offset: -0.01792894
    - vertices: p2523(v401) p2471(v148) p2593(v82)
    - neighboring facets: f2137 f2457 f2024
- f2032
    - flags: top simplicial
    - normal:   -0.2139  -0.3447   -0.914
    - offset: -0.01585615
    - vertices: p287(v402) p2444(v317) p3822(v220)
    - neighboring facets: f1996 f2033 f2034
- f2033
    - flags: bottom simplicial
    - normal:   -0.2366  -0.1983  -0.9512
    - offset: -0.01645729
    - vertices: p287(v402) p3340(v320) p3822(v220)
    - neighboring facets: f2332 f2032 f2034
- f2034
    - flags: top simplicial
    - normal:   -0.2993   -0.506   -0.809
    - offset: -0.01566553
    - vertices: p287(v402) p3340(v320) p2444(v317)
    - neighboring facets: f1593 f2032 f2033
- f2038
    - flags: top simplicial
    - normal:   -0.1253  0.03643  -0.9914
    - offset: -0.01546598
    - vertices: p2236(v403) p105(v147) p406(v6)
    - neighboring facets: f1220 f2312 f2309
- f2040
    - flags: top simplicial tested
    - normal:  -3.494e-05 1.244e-05       -1
    - offset: -0.01425038
    - center: -0.009056032014389833 0.004685757992168267 -0.01425000031789144 
    - vertices: p2368(v404) p657(v241) p730(v75)
    - neighboring facets: f1218 f2461 f2044
- f2044
    - flags: bottom simplicial tested
    - normal:  -5.075e-07 5.076e-07       -1
    - offset: -0.01425001
    - center: -0.008046486725409826 0.005935121482859055 -0.0142500006283323 
    - vertices: p2368(v404) p657(v241) p3973(v81)
    - neighboring facets: f1219 f2569 f2040
    - ridges:
- f2053
    - flags: bottom simplicial tested
    - normal:    0.9307  -0.3657 -0.005245
    - offset: -0.007455846
    - center: 0.005319222031782071 -0.00667048121492068 -0.01249985179553429 
    - vertices: p2820(v407) p437(v325) p2142(v204)
    - neighboring facets: f1953 f2058 f2507
- f2058
    - flags: top simplicial tested
    - normal:    0.9156  -0.4021 -7.638e-08
    - offset: -0.007560104
    - center: 0.005287452600896358 -0.006762103798488776 -0.009281336950759092 
    - vertices: p2820(v407) p3529(v388) p2142(v204)
    - neighboring facets: f1953 f2053 f2059
- f2059
    - flags: bottom simplicial tested
    - normal:    0.9156  -0.4021 -3.951e-08
    - offset: -0.007560108
    - center: 0.005281443086763223 -0.006775788962841034 -0.00704826849202315 
    - vertices: p2820(v407) p3529(v388) p3136(v306)
    - neighboring facets: f2275 f2274 f2058
- f2069
    - flags: top simplicial
    - normal:    0.9147   0.4042 -4.035e-07
    - offset: -0.005113468
    - vertices: p3427(v409) p2032(v327) p2692(v69)
    - neighboring facets: f1637 f2071 f2397
- f2071
    - flags: bottom simplicial
    - normal:    0.9147   0.4042 8.643e-09
    - offset: -0.005113454
    - vertices: p3427(v409) p3786(v126) p2692(v69)
    - neighboring facets: f1807 f2069 f2265
- f2072
    - flags: top simplicial
    - normal:    0.9147   0.4042 1.357e-09
    - offset: -0.005113449
    - vertices: p3427(v409) p137(v208) p1412(v125)
    - neighboring facets: f1027 f2396 f2266
- f2078
    - flags: bottom simplicial tested
    - normal:  5.59e-06 -2.907e-06       -1
    - offset: -0.01425005
    - center: 0.004821062553673983 -0.006920670469601949 -0.01425000031789144 
    - vertices: p936(v410) p2021(v329) p3125(v227)
    - neighboring facets: f2568 f2369 f2478
    - ridges:
- f2080
    - flags: top simplicial
    - normal:    0.9808   0.1071   -0.163
    - offset: -0.00801875
    - vertices: p3541(v411) p359(v326) p1646(v225)
    - neighboring facets: f1626 f2081 f2364
- f2081
    - flags: bottom simplicial
    - normal:    0.6607  0.05212  -0.7489
    - offset: -0.01452328
    - vertices: p3541(v411) p2706(v328) p1646(v225)
    - neighboring facets: f1642 f2080 f2377
- f2090
    - flags: top simplicial
    - normal:    0.9926   -0.107 -0.05728
    - offset: -0.007205096
    - vertices: p1400(v412) p2706(v328) p564(v224)
    - neighboring facets: f2552 f2382 f2378
- f2095
    - flags: top simplicial
    - normal:    0.2159  -0.7288  -0.6498
    - offset: -0.01599442
    - vertices: p2398(v413) p2021(v329) p1263(v76)
    - neighboring facets: f1649 f2322 f2470
- f2096
    - flags: bottom simplicial
    - normal:    0.2418   -0.969 -0.04982
    - offset: -0.009747995
    - vertices: p2398(v413) p2988(v222) p1334(v136)
    - neighboring facets: f1112 f2323 f2097
- f2097
    - flags: top simplicial
    - normal:     0.362  -0.9322 -2.628e-05
    - offset: -0.009177799
    - vertices: p2398(v413) p2988(v222) p2538(v65)
    - neighboring facets: f1098 f2098 f2096
- f2098
    - flags: bottom simplicial
    - normal:    0.3631  -0.9317 -1.863e-07
    - offset: -0.009177811
    - vertices: p2398(v413) p3928(v323) p2538(v65)
    - neighboring facets: f1934 f2097 f2387
- f2108
    - flags: bottom simplicial
    - normal:    0.5919   -0.806 -2.274e-08
    - offset: -0.009039374
    - vertices: p3892(v414) p1046(v302) p2075(v200)
    - neighboring facets: f1501 f2482 f2109
- f2109
    - flags: bottom simplicial
    - normal:    0.5919   -0.806 2.866e-08
    - offset: -0.009039367
    - vertices: p3892(v414) p2657(v382) p1046(v302)
    - neighboring facets: f2268 f2108 f2486
- f2110
    - flags: top simplicial tested
    - normal:  1.689e-06 1.648e-07       -1
    - offset: -0.01425001
    - center: 0.005864846364905437 -0.002856395052125057 -0.01425000031789144 
    - vertices: p1033(v415) p2706(v328) p1661(v138)
    - neighboring facets: f1642 f2111 f2113
- f2111
    - flags: bottom simplicial tested
    - normal:  1.186e-06 2.313e-07       -1
    - offset: -0.01425001
    - center: 0.005317728345592816 -0.001096393913030624 -0.0142500006283323 
    - vertices: p1033(v415) p1390(v330) p1661(v138)
    - neighboring facets: f1663 f2110 f2564
    - ridges:
- f2113
    - flags: bottom simplicial tested
    - normal:  2.48e-06 -4.646e-07       -1
    - offset: -0.01425002
    - center: 0.005626976334800323 -0.004363017622381449 -0.0142500006283323 
    - vertices: p1033(v415) p2706(v328) p3125(v227)
    - neighboring facets: f2368 f2567 f2110
    - ridges:
- f2114
    - flags: bottom simplicial
    - normal:    0.9272   0.3426  -0.1511
    - offset: -0.007242199
    - vertices: p1996(v416) p2032(v327) p1646(v225)
    - neighboring facets: f1635 f2115 f2395
- f2115
    - flags: top simplicial
    - normal:    0.7626   0.3479  -0.5453
    - offset: -0.01186887
    - vertices: p1996(v416) p1390(v330) p1646(v225)
    - neighboring facets: f1663 f2114 f2492
- f2121
    - flags: bottom simplicial
    - normal:    0.6971   0.6988  -0.1606
    - offset: -0.006809402
    - vertices: p454(v417) p1390(v330) p440(v15)
    - neighboring facets: f1666 f2123 f2122
- f2122
    - flags: top simplicial
    - normal:    0.7472    0.664 -0.02906
    - offset: -0.005086379
    - vertices: p454(v417) p1390(v330) p3778(v59)
    - neighboring facets: f2491 f2126 f2121
- f2123
    - flags: top simplicial
    - normal:    0.7237   0.6901 -2.646e-08
    - offset: -0.004657579
    - vertices: p454(v417) p2385(v139) p440(v15)
    - neighboring facets: f897 f2121 f2124
- f2124
    - flags: top simplicial
    - normal:    0.7237   0.6901 -2.367e-08
    - offset: -0.004657579
    - vertices: p454(v417) p343(v331) p2385(v139)
    - neighboring facets: f1676 f2123 f2125
- f2125
    - flags: bottom simplicial
    - normal:    0.7237   0.6901 -1.215e-06
    - offset: -0.004657598
    - vertices: p454(v417) p343(v331) p3964(v228)
    - neighboring facets: f1673 f2126 f2124
- f2126
    - flags: bottom simplicial
    - normal:    0.7266   0.6871 -0.002573
    - offset: -0.004696874
    - vertices: p454(v417) p3964(v228) p3778(v59)
    - neighboring facets: f1150 f2122 f2125
- f2127
    - flags: top simplicial
    - normal:   -0.9603   0.2791 1.527e-05
    - offset: -0.01424989
    - vertices: p2700(v418) p1719(v232) p2541(v231)
    - neighboring facets: f1168 f2128 f2129
- f2128
    - flags: bottom simplicial
    - normal:   -0.9603    0.279 9.776e-05
    - offset: -0.0142494
    - vertices: p2700(v418) p3781(v332) p2541(v231)
    - neighboring facets: f1683 f2127 f2129
- f2129
    - flags: top simplicial
    - normal:   -0.9603   0.2791 2.496e-06
    - offset: -0.01424998
    - vertices: p2700(v418) p3781(v332) p1719(v232)
    - neighboring facets: f1680 f2127 f2128
- f2130
    - flags: bottom simplicial
    - normal:   -0.9603   0.2791 -9.983e-06
    - offset: -0.0142501
    - vertices: p3116(v419) p206(v333) p2402(v141)
    - neighboring facets: f1686 f2131 f2134
- f2131
    - flags: top simplicial
    - normal:   -0.9603   0.2791 -1.001e-06
    - offset: -0.01425001
    - vertices: p3116(v419) p1480(v335) p2402(v141)
    - neighboring facets: f1693 f2130 f2132
- f2132
    - flags: bottom simplicial
    - normal:   -0.9603   0.2791 -7.609e-07
    - offset: -0.01425001
    - vertices: p3116(v419) p1480(v335) p2544(v234)
    - neighboring facets: f1694 f2133 f2131
- f2133
    - flags: bottom simplicial
    - normal:   -0.9603   0.2791 -3.174e-06
    - offset: -0.01425003
    - vertices: p3116(v419) p2544(v234) p791(v143)
    - neighboring facets: f1176 f2134 f2132
- f2134
    - flags: top simplicial
    - normal:   -0.9603   0.2791 -9.504e-06
    - offset: -0.0142501
    - vertices: p3116(v419) p206(v333) p791(v143)
    - neighboring facets: f1685 f2133 f2130
- f2136
    - flags: top simplicial
    - normal:   -0.3675   0.1068  -0.9239
    - offset: -0.0173584
    - vertices: p1658(v420) p3370(v337) p2999(v336)
    - neighboring facets: f1706 f2138 f2459
- f2137
    - flags: top simplicial
    - normal:   -0.4756   0.1348  -0.8693
    - offset: -0.01797418
    - vertices: p1658(v420) p2471(v148) p2593(v82)
    - neighboring facets: f2026 f2458 f2138
- f2138
    - flags: top simplicial
    - normal:   -0.4771   0.1354  -0.8684
    - offset: -0.01798131
    - vertices: p1658(v420) p2999(v336) p2471(v148)
    - neighboring facets: f1706 f2137 f2136
- f2139
    - flags: bottom simplicial
    - normal:   -0.5845   0.1699  -0.7934
    - offset: -0.01833742
    - vertices: p44(v421) p2471(v148) p115(v39)
    - neighboring facets: f1222 f2140 f2141
- f2140
    - flags: top simplicial
    - normal:   -0.5689   0.1655  -0.8056
    - offset: -0.01830489
    - vertices: p44(v421) p3370(v337) p115(v39)
    - neighboring facets: f1704 f2139 f2141
- f2141
    - flags: bottom simplicial
    - normal:   -0.5713   0.1659  -0.8038
    - offset: -0.01830968
    - vertices: p44(v421) p3370(v337) p2471(v148)
    - neighboring facets: f1706 f2139 f2140
- f2146
    - flags: bottom simplicial
    - normal:    0.2791   0.9603 -1.489e-07
    - offset: -0.004750003
    - vertices: p3098(v423) p795(v340) p353(v80)
    - neighboring facets: f1713 f2148 f2147
- f2147
    - flags: top simplicial
    - normal:    0.2791   0.9603 -9.312e-08
    - offset: -0.004750002
    - vertices: p3098(v423) p795(v340) p2044(v166)
    - neighboring facets: f2150 f2149 f2146
- f2148
    - flags: bottom simplicial
    - normal:    0.2791   0.9603 -2.283e-07
    - offset: -0.004750007
    - vertices: p3098(v423) p353(v80) p3936(v22)
    - neighboring facets: f375 f2149 f2146
- f2149
    - flags: top simplicial
    - normal:    0.2791   0.9603 -1.766e-07
    - offset: -0.004750007
    - vertices: p3098(v423) p2044(v166) p3936(v22)
    - neighboring facets: f835 f2148 f2147
- f2150
    - flags: bottom simplicial
    - normal:    0.2791   0.9603 -6.506e-08
    - offset: -0.004750001
    - vertices: p1750(v424) p795(v340) p2044(v166)
    - neighboring facets: f2147 f2151 f2155
- f2151
    - flags: bottom simplicial
    - normal:    0.2791   0.9603 -1.213e-08
    - offset:   -0.00475
    - vertices: p1750(v424) p2044(v166) p3080(v53)
    - neighboring facets: f1341 f2157 f2150
- f2152
    - flags: bottom simplicial
    - normal:    0.2791   0.9603 -1.08e-08
    - offset: -0.004749999
    - vertices: p1750(v424) p910(v170) p3183(v99)
    - neighboring facets: f1862 f2153 f2158
- f2153
    - flags: top simplicial
    - normal:    0.2791   0.9603 -6.83e-07
    - offset: -0.004750009
    - vertices: p1750(v424) p726(v238) p3183(v99)
    - neighboring facets: f1194 f2152 f2154
- f2154
    - flags: top simplicial
    - normal:    0.2791   0.9603 -6.719e-07
    - offset: -0.004750009
    - vertices: p1750(v424) p1642(v342) p726(v238)
    - neighboring facets: f1725 f2153 f2156
- f2155
    - flags: top simplicial
    - normal:    0.2791   0.9603 -5.526e-07
    - offset: -0.004750007
    - vertices: p1750(v424) p795(v340) p428(v240)
    - neighboring facets: f1714 f2156 f2150
- f2156
    - flags: bottom simplicial
    - normal:    0.2791   0.9603 -5.939e-07
    - offset: -0.004750008
    - vertices: p1750(v424) p1642(v342) p428(v240)
    - neighboring facets: f1725 f2155 f2154
- f2157
    - flags: top simplicial
    - normal:    0.2791   0.9603 4.329e-08
    - offset: -0.004749999
    - vertices: p1750(v424) p3257(v272) p3080(v53)
    - neighboring facets: f1366 f2151 f2159
- f2158
    - flags: top simplicial
    - normal:    0.2791   0.9603 2.139e-08
    - offset: -0.004749999
    - vertices: p1750(v424) p910(v170) p3862(v29)
    - neighboring facets: f1372 f2159 f2152
- f2159
    - flags: bottom simplicial
    - normal:    0.2791   0.9603 4.285e-08
    - offset: -0.004749999
    - vertices: p1750(v424) p3257(v272) p3862(v29)
    - neighboring facets: f1366 f2158 f2157
- f2169
    - flags: top simplicial
    - normal:   -0.1253  0.03643  -0.9914
    - offset: -0.01546601
    - vertices: p2355(v427) p1226(v426) p3849(v344)
    - neighboring facets: f2310 f2175 f2403
- f2174
    - flags: top simplicial
    - normal:   -0.1819  0.05408  -0.9818
    - offset: -0.01599092
    - vertices: p2355(v427) p2409(v245) p3926(v43)
    - neighboring facets: f1235 f2335 f2175
- f2175
    - flags: top simplicial
    - normal:   -0.1253  0.03644  -0.9914
    - offset: -0.01546604
    - vertices: p2355(v427) p3849(v344) p2409(v245)
    - neighboring facets: f1738 f2174 f2169
- f2176
    - flags: top simplicial
    - normal:   -0.8954   0.2603   0.3612
    - offset: -0.01146993
    - vertices: p1675(v428) p322(v346) p3128(v153)
    - neighboring facets: f1749 f2415 f2177
- f2177
    - flags: top simplicial
    - normal:   -0.8954   0.2603   0.3612
    - offset: -0.01146993
    - vertices: p1675(v428) p2375(v347) p322(v346)
    - neighboring facets: f1751 f2176 f2181
- f2181
    - flags: bottom simplicial
    - normal:   -0.8954   0.2603   0.3612
    - offset: -0.01146992
    - vertices: p1675(v428) p2375(v347) p1293(v251)
    - neighboring facets: f1750 f2182 f2177
- f2182
    - flags: top simplicial
    - normal:   -0.8954   0.2603   0.3612
    - offset: -0.01146988
    - vertices: p1675(v428) p581(v348) p1293(v251)
    - neighboring facets: f1759 f2181 f2497
- f2189
    - flags: top simplicial
    - normal:   -0.8285   0.2379   0.5069
    - offset: -0.01077259
    - vertices: p809(v430) p2299(v157) p2758(v87)
    - neighboring facets: f780 f2190 f2412
- f2190
    - flags: bottom simplicial
    - normal:   -0.8509   0.2459   0.4642
    - offset: -0.01101125
    - vertices: p809(v430) p581(v348) p2758(v87)
    - neighboring facets: f1759 f2189 f2499
- f2195
    - flags: bottom simplicial
    - normal:   -0.7659   0.2226   0.6032
    - offset: -0.01009811
    - vertices: p142(v431) p2347(v257) p2299(v157)
    - neighboring facets: f1771 f2196 f2199
- f2196
    - flags: top simplicial
    - normal:   -0.7659   0.2226   0.6032
    - offset: -0.01009812
    - vertices: p142(v431) p444(v352) p2299(v157)
    - neighboring facets: f1774 f2195 f2197
- f2197
    - flags: bottom simplicial
    - normal:   -0.8573  0.06749   0.5103
    - offset: -0.01129879
    - vertices: p142(v431) p444(v352) p1659(v154)
    - neighboring facets: f1774 f2198 f2196
- f2198
    - flags: top simplicial
    - normal:   -0.8624    0.046   0.5041
    - offset: -0.01137922
    - vertices: p142(v431) p2682(v353) p1659(v154)
    - neighboring facets: f2202 f2197 f2199
- f2199
    - flags: bottom simplicial
    - normal:    -0.864 0.001063   0.5035
    - offset: -0.0114511
    - vertices: p142(v431) p2682(v353) p2347(v257)
    - neighboring facets: f2211 f2195 f2198
- f2200
    - flags: bottom simplicial
    - normal:   -0.9425  -0.2756   0.1892
    - offset: -0.0126065
    - vertices: p414(v432) p2380(v64) p2826(v34)
    - neighboring facets: f293 f2201 f2205
- f2201
    - flags: top simplicial
    - normal:    -0.857  -0.4837   0.1779
    - offset: -0.01172361
    - vertices: p414(v432) p2682(v353) p2826(v34)
    - neighboring facets: f2208 f2200 f2202
- f2202
    - flags: bottom simplicial
    - normal:   -0.8954   0.2603   0.3612
    - offset: -0.01146993
    - vertices: p414(v432) p2682(v353) p1659(v154)
    - neighboring facets: f2198 f2203 f2201
- f2203
    - flags: bottom simplicial
    - normal:   -0.8954   0.2603   0.3612
    - offset: -0.01146992
    - vertices: p414(v432) p1659(v154) p2758(v87)
    - neighboring facets: f780 f2204 f2202
- f2204
    - flags: top simplicial
    - normal:   -0.8954   0.2603   0.3612
    - offset: -0.01146992
    - vertices: p414(v432) p1293(v251) p2758(v87)
    - neighboring facets: f1759 f2203 f2206
- f2205
    - flags: bottom simplicial
    - normal:   -0.8954   0.2603   0.3612
    - offset: -0.01146992
    - vertices: p414(v432) p1105(v118) p2380(v64)
    - neighboring facets: f972 f2200 f2206
- f2206
    - flags: bottom simplicial
    - normal:   -0.8954   0.2603   0.3612
    - offset: -0.01146992
    - vertices: p414(v432) p1293(v251) p1105(v118)
    - neighboring facets: f1750 f2205 f2204
- f2207
    - flags: bottom simplicial
    - normal:   -0.4643  -0.8837  0.05989
    - offset: -0.007067515
    - vertices: p316(v433) p2826(v34) p907(v18)
    - neighboring facets: f283 f2209 f2208
- f2208
    - flags: bottom simplicial
    - normal:   -0.6219  -0.7743    0.117
    - offset: -0.008989985
    - vertices: p316(v433) p2682(v353) p2826(v34)
    - neighboring facets: f2201 f2207 f2211
- f2209
    - flags: top simplicial
    - normal:   -0.4503  -0.8878  0.09486
    - offset: -0.006913912
    - vertices: p316(v433) p1100(v117) p907(v18)
    - neighboring facets: f559 f2207 f2210
- f2210
    - flags: top simplicial
    - normal:   -0.4372  -0.8885    0.139
    - offset: -0.00677279
    - vertices: p316(v433) p2347(v257) p1100(v117)
    - neighboring facets: f1294 f2209 f2211
- f2211
    - flags: top simplicial
    - normal:   -0.5882  -0.7775   0.2226
    - offset: -0.008624004
    - vertices: p316(v433) p2682(v353) p2347(v257)
    - neighboring facets: f2199 f2210 f2208
- f2212
    - flags: top simplicial
    - normal:     0.989  -0.1478 0.005844
    - offset: -0.006527259
    - vertices: p209(v434) p891(v258) p3026(v159)
    - neighboring facets: f2385 f2226 f2213
- f2213
    - flags: top simplicial
    - normal:    0.9823  -0.1859  0.02244
    - offset: -0.006581761
    - vertices: p209(v434) p3360(v354) p891(v258)
    - neighboring facets: f1888 f2212 f2222
- f2216
    - flags: bottom simplicial
    - normal:    0.9603  -0.2791 2.625e-07
    - offset: -0.006999998
    - vertices: p879(v435) p3360(v354) p2273(v205)
    - neighboring facets: f1785 f2559 f2217
- f2217
    - flags: top simplicial
    - normal:    0.9603  -0.2791 4.934e-08
    - offset: -0.006999998
    - vertices: p879(v435) p3360(v354) p2924(v305)
    - neighboring facets: f2220 f2219 f2216
- f2219
    - flags: bottom simplicial
    - normal:    0.9603  -0.2791 1.034e-08
    - offset: -0.006999999
    - vertices: p879(v435) p273(v387) p2924(v305)
    - neighboring facets: f2416 f2217 f2520
- f2220
    - flags: bottom simplicial
    - normal:    0.9617  -0.2742 -4.715e-05
    - offset: -0.006983053
    - vertices: p1074(v436) p3360(v354) p2924(v305)
    - neighboring facets: f2217 f2417 f2222
- f2222
    - flags: bottom simplicial
    - normal:    0.9717  -0.2362 0.0002163
    - offset: -0.006846028
    - vertices: p1074(v436) p209(v434) p3360(v354)
    - neighboring facets: f2213 f2220 f2226
- f2226
    - flags: top simplicial
    - normal:    0.9723  -0.2336 2.934e-07
    - offset: -0.00683914
    - vertices: p1074(v436) p209(v434) p3026(v159)
    - neighboring facets: f2212 f2423 f2222
- f2231
    - flags: bottom simplicial
    - normal:    0.9948  -0.1021 2.784e-06
    - offset: -0.006402495
    - vertices: p1801(v438) p3212(v355) p891(v258)
    - neighboring facets: f1965 f2428 f2374
- f2236
    - flags: bottom simplicial
    - normal:     0.975   0.2223 -0.0001395
    - offset: -0.00552921
    - vertices: p464(v439) p359(v326) p1512(v68)
    - neighboring facets: f1626 f2237 f2238
- f2237
    - flags: top simplicial
    - normal:    0.9705   0.2409 -1.572e-07
    - offset: -0.005473162
    - vertices: p464(v439) p102(v358) p1512(v68)
    - neighboring facets: f1804 f2236 f2239
- f2238
    - flags: top simplicial
    - normal:    0.9853    0.171 0.0001868
    - offset: -0.00566912
    - vertices: p464(v439) p359(v326) p2781(v158)
    - neighboring facets: f1629 f2239 f2236
- f2239
    - flags: bottom simplicial
    - normal:     0.982   0.1887 0.001462
    - offset: -0.005616565
    - vertices: p464(v439) p102(v358) p2781(v158)
    - neighboring facets: f1898 f2238 f2237
- f2240
    - flags: top simplicial
    - normal:    0.0302 -0.01364   0.9995
    - offset: -0.002295366
    - vertices: p1749(v440) p227(v360) p2845(v47)
    - neighboring facets: f1813 f2242 f2241
- f2241
    - flags: bottom simplicial
    - normal:  -0.08576  0.02493    0.996
    - offset: -0.003384209
    - vertices: p1749(v440) p227(v360) p3585(v262)
    - neighboring facets: f1815 f2243 f2240
- f2242
    - flags: bottom simplicial
    - normal:  -0.04095  -0.0276   0.9988
    - offset: -0.003012132
    - vertices: p1749(v440) p3410(v161) p2845(v47)
    - neighboring facets: f802 f2240 f2243
- f2243
    - flags: bottom simplicial
    - normal:  -0.08576  0.02493    0.996
    - offset: -0.00338425
    - vertices: p1749(v440) p3585(v262) p3410(v161)
    - neighboring facets: f1819 f2242 f2241
- f2244
    - flags: bottom simplicial
    - normal:   -0.5775   0.1679   0.7989
    - offset: -0.008190601
    - vertices: p130(v441) p1136(v252) p3239(v28)
    - neighboring facets: f1268 f2245 f2246
- f2245
    - flags: top simplicial
    - normal:   -0.5775   0.1679   0.7989
    - offset: -0.008190599
    - vertices: p130(v441) p3379(v364) p3239(v28)
    - neighboring facets: f1833 f2244 f2248
- f2246
    - flags: top simplicial
    - normal:   -0.5775   0.1679   0.7989
    - offset: -0.008190602
    - vertices: p130(v441) p1136(v252) p1808(v12)
    - neighboring facets: f1276 f2247 f2244
- f2247
    - flags: bottom simplicial
    - normal:   -0.5775   0.1679   0.7989
    - offset: -0.008190589
    - vertices: p130(v441) p1436(v264) p1808(v12)
    - neighboring facets: f1330 f2246 f2248
- f2248
    - flags: bottom simplicial
    - normal:   -0.5775   0.1679   0.7989
    - offset: -0.00819059
    - vertices: p130(v441) p3379(v364) p1436(v264)
    - neighboring facets: f1834 f2247 f2245
- f2249
    - flags: bottom simplicial
    - normal:   -0.3449   0.1003   0.9333
    - offset: -0.005893894
    - vertices: p2656(v442) p2537(v362) p2874(v263)
    - neighboring facets: f1823 f2250 f2518
- f2250
    - flags: top simplicial
    - normal:   -0.3449   0.1002   0.9333
    - offset: -0.005893703
    - vertices: p2656(v442) p213(v366) p2874(v263)
    - neighboring facets: f1841 f2249 f2516
- f2252
    - flags: bottom simplicial
    - normal:    0.2899   0.9571 -0.0003007
    - offset: -0.004740384
    - vertices: p3397(v443) p3338(v369) p1811(v273)
    - neighboring facets: f1858 f2253 f2254
- f2253
    - flags: top simplicial
    - normal:    0.2895   0.9572 2.21e-05
    - offset: -0.004738721
    - vertices: p3397(v443) p1389(v371) p1811(v273)
    - neighboring facets: f1865 f2252 f2255
- f2254
    - flags: top simplicial
    - normal:    0.2925   0.9563 -0.000424
    - offset: -0.00473863
    - vertices: p3397(v443) p3338(v369) p3102(v169)
    - neighboring facets: f1861 f2255 f2252
- f2255
    - flags: bottom simplicial
    - normal:    0.2952   0.9554 -0.0003442
    - offset: -0.004735387
    - vertices: p3397(v443) p1389(v371) p3102(v169)
    - neighboring facets: f1869 f2254 f2253
- f2256
    - flags: bottom simplicial
    - normal:    0.3697   0.9291 0.0003099
    - offset: -0.004665446
    - vertices: p3032(v444) p3760(v280) p1629(v178)
    - neighboring facets: f1876 f2257 f2435
- f2257
    - flags: top simplicial
    - normal:    0.3769   0.9263 0.0001991
    - offset: -0.00466131
    - vertices: p3032(v444) p500(v373) p1629(v178)
    - neighboring facets: f1877 f2256 f2440
- f2261
    - flags: bottom simplicial
    - normal:    0.9363   0.3512 0.001213
    - offset: -0.005233882
    - vertices: p2245(v445) p3856(v359) p3786(v126)
    - neighboring facets: f1807 f2265 f2262
- f2262
    - flags: bottom simplicial
    - normal:    0.9378   0.3473 0.002419
    - offset: -0.005238247
    - vertices: p2245(v445) p3888(v376) p3856(v359)
    - neighboring facets: f1895 f2261 f2263
- f2263
    - flags: top simplicial
    - normal:    0.9246   0.3799  0.02692
    - offset: -0.00508016
    - vertices: p2245(v445) p3888(v376) p2466(v17)
    - neighboring facets: f1892 f2264 f2262
- f2264
    - flags: bottom simplicial
    - normal:    0.9147   0.4042 3.184e-07
    - offset: -0.005113449
    - vertices: p2245(v445) p137(v208) p2466(v17)
    - neighboring facets: f1028 f2263 f2266
- f2265
    - flags: top simplicial
    - normal:    0.9147   0.4042 1.084e-08
    - offset: -0.005113453
    - vertices: p2245(v445) p3427(v409) p3786(v126)
    - neighboring facets: f2071 f2261 f2266
- f2266
    - flags: bottom simplicial
    - normal:    0.9147   0.4042 1.371e-08
    - offset: -0.00511345
    - vertices: p2245(v445) p3427(v409) p137(v208)
    - neighboring facets: f2072 f2264 f2265
- f2267
    - flags: bottom simplicial
    - normal:    0.5919   -0.806 6.427e-07
    - offset: -0.009039362
    - vertices: p3753(v446) p3169(v383) p1046(v302)
    - neighboring facets: f1931 f2268 f2269
- f2268
    - flags: top simplicial
    - normal:    0.5919   -0.806 4.14e-08
    - offset: -0.009039367
    - vertices: p3753(v446) p2657(v382) p1046(v302)
    - neighboring facets: f2109 f2267 f2487
- f2269
    - flags: top simplicial
    - normal:    0.6164  -0.7874 0.005527
    - offset: -0.008965339
    - vertices: p3753(v446) p3169(v383) p1281(v121)
    - neighboring facets: f1930 f2473 f2267
- f2272
    - flags: bottom simplicial
    - normal:    0.9156  -0.4021 -1.291e-09
    - offset: -0.007560128
    - vertices: p2295(v447) p3710(v386) p741(v304)
    - neighboring facets: f2352 f2273 f2276
- f2273
    - flags: top simplicial
    - normal:    0.9156  -0.4021 -4.04e-08
    - offset: -0.007560123
    - vertices: p2295(v447) p2820(v407) p741(v304)
    - neighboring facets: f2350 f2272 f2274
- f2274
    - flags: bottom simplicial
    - normal:    0.9156  -0.4021   -1e-08
    - offset: -0.007560115
    - vertices: p2295(v447) p2820(v407) p3136(v306)
    - neighboring facets: f2059 f2275 f2273
- f2275
    - flags: top simplicial
    - normal:    0.9156  -0.4021 1.193e-07
    - offset: -0.007560113
    - vertices: p2295(v447) p3529(v388) p3136(v306)
    - neighboring facets: f2059 f2274 f2276
- f2276
    - flags: bottom simplicial
    - normal:    0.9156  -0.4021 2.85e-07
    - offset: -0.007560114
    - vertices: p2295(v447) p3529(v388) p3710(v386)
    - neighboring facets: f1955 f2272 f2275
- f2278
    - flags: top simplicial
    - normal:    0.9603  -0.2791 2.972e-08
    - offset: -0.00700001
    - vertices: p2867(v448) p1969(v307) p2273(v205)
    - neighboring facets: f1958 f2557 f2279
- f2279
    - flags: top simplicial
    - normal:    0.9602  -0.2792 -2.589e-07
    - offset: -0.007000319
    - vertices: p2867(v448) p437(v325) p1969(v307)
    - neighboring facets: f1954 f2278 f2501
- f2282
    - flags: top simplicial
    - normal:   -0.5846   0.1699  -0.7934
    - offset: -0.01833746
    - vertices: p2949(v449) p2471(v148) p3479(v73)
    - neighboring facets: f1223 f2283 f2287
- f2283
    - flags: bottom simplicial
    - normal:   -0.5846   0.1699  -0.7934
    - offset: -0.01833746
    - vertices: p2949(v449) p843(v393) p3479(v73)
    - neighboring facets: f2291 f2282 f2288
- f2285
    - flags: top simplicial
    - normal:   -0.6205   0.1298  -0.7734
    - offset: -0.01852956
    - vertices: p1438(v450) p1989(v316) p2471(v148)
    - neighboring facets: f1569 f2287 f2286
- f2286
    - flags: top simplicial
    - normal:   -0.6397   0.1569  -0.7525
    - offset: -0.01851027
    - vertices: p1438(v450) p843(v393) p1989(v316)
    - neighboring facets: f2289 f2285 f2288
- f2287
    - flags: bottom simplicial
    - normal:   -0.5846   0.1699  -0.7934
    - offset: -0.01833746
    - vertices: p1438(v450) p2949(v449) p2471(v148)
    - neighboring facets: f2282 f2285 f2288
- f2288
    - flags: top simplicial
    - normal:   -0.5846   0.1699  -0.7934
    - offset: -0.01833746
    - vertices: p1438(v450) p2949(v449) p843(v393)
    - neighboring facets: f2283 f2286 f2287
- f2289
    - flags: bottom simplicial
    - normal:   -0.7169   0.2044  -0.6666
    - offset: -0.01845879
    - vertices: p1108(v451) p843(v393) p1989(v316)
    - neighboring facets: f2286 f2290 f2291
- f2290
    - flags: top simplicial
    - normal:   -0.7522   0.2181  -0.6218
    - offset: -0.01837162
    - vertices: p1108(v451) p3278(v394) p1989(v316)
    - neighboring facets: f1994 f2289 f2293
- f2291
    - flags: top simplicial
    - normal:   -0.5846   0.1699  -0.7933
    - offset: -0.01833747
    - vertices: p1108(v451) p843(v393) p3479(v73)
    - neighboring facets: f2283 f2292 f2289
- f2292
    - flags: bottom simplicial
    - normal:   -0.7137   0.2134  -0.6672
    - offset: -0.01847496
    - vertices: p1108(v451) p3953(v235) p3479(v73)
    - neighboring facets: f1183 f2291 f2293
- f2293
    - flags: bottom simplicial
    - normal:    -0.742   0.2176  -0.6341
    - offset: -0.01840685
    - vertices: p1108(v451) p3278(v394) p3953(v235)
    - neighboring facets: f1985 f2292 f2290
- f2295
    - flags: bottom simplicial
    - normal:   -0.7618   0.2214  -0.6088
    - offset: -0.01833745
    - vertices: p3053(v452) p1757(v395) p230(v311)
    - neighboring facets: f1987 f2447 f2297
- f2296
    - flags: bottom simplicial
    - normal:   -0.7627    0.221  -0.6078
    - offset: -0.01833832
    - vertices: p3053(v452) p1989(v316) p819(v38)
    - neighboring facets: f1571 f2297 f2448
- f2297
    - flags: top simplicial
    - normal:   -0.7628   0.2214  -0.6076
    - offset: -0.01833607
    - vertices: p3053(v452) p1757(v395) p819(v38)
    - neighboring facets: f1987 f2296 f2295
- f2298
    - flags: bottom simplicial
    - normal:   -0.7618   0.2214  -0.6087
    - offset: -0.01833743
    - vertices: p3412(v453) p230(v311) p3031(v209)
    - neighboring facets: f1540 f2302 f2299
- f2299
    - flags: bottom simplicial
    - normal:   -0.7618   0.2214  -0.6088
    - offset: -0.01833745
    - vertices: p3412(v453) p1490(v396) p230(v311)
    - neighboring facets: f2449 f2298 f2300
- f2300
    - flags: top simplicial
    - normal:   -0.7618   0.2214  -0.6088
    - offset: -0.01833745
    - vertices: p3412(v453) p1490(v396) p1756(v10)
    - neighboring facets: f1993 f2301 f2299
- f2301
    - flags: bottom simplicial
    - normal:   -0.7618   0.2214  -0.6088
    - offset: -0.01833745
    - vertices: p3412(v453) p636(v310) p1756(v10)
    - neighboring facets: f1536 f2300 f2303
- f2302
    - flags: bottom simplicial
    - normal:   -0.8013   0.2362  -0.5496
    - offset: -0.01818666
    - vertices: p3412(v453) p3031(v209) p194(v129)
    - neighboring facets: f1540 f2303 f2298
- f2303
    - flags: top simplicial
    - normal:   -0.7995   0.2364  -0.5522
    - offset: -0.01819661
    - vertices: p3412(v453) p636(v310) p194(v129)
    - neighboring facets: f1536 f2302 f2301
- f2307
    - flags: top simplicial
    - normal:   -0.1253  0.03643  -0.9914
    - offset: -0.01546601
    - center: -0.01137169077992439 -0.0006620177106621363 -0.01418615846584241 
    - vertices: p3101(v454) p1226(v426) p3822(v220)
    - neighboring facets: f2402 f2466 f2310
- f2308
    - flags: top simplicial
    - normal:   -0.1253  0.03641  -0.9915
    - offset: -0.01546537
    - center: -0.01007835473865271 0.002683562828072657 -0.0142267191161712 
    - vertices: p3101(v454) p2486(v321) p105(v147)
    - neighboring facets: f2465 f2309 f2467
- f2309
    - flags: bottom simplicial
    - normal:   -0.1253  0.03642  -0.9914
    - offset: -0.01546565
    - vertices: p3101(v454) p2236(v403) p105(v147)
    - neighboring facets: f2038 f2308 f2312
- f2310
    - flags: bottom simplicial
    - normal:   -0.1253  0.03643  -0.9914
    - offset: -0.01546599
    - vertices: p3101(v454) p1226(v426) p3849(v344)
    - neighboring facets: f2169 f2311 f2307
- f2311
    - flags: bottom simplicial
    - normal:   -0.1253  0.03643  -0.9914
    - offset: -0.01546599
    - vertices: p3101(v454) p3849(v344) p406(v6)
    - neighboring facets: f1738 f2312 f2310
- f2312
    - flags: top simplicial
    - normal:   -0.1253  0.03643  -0.9914
    - offset: -0.01546599
    - vertices: p3101(v454) p2236(v403) p406(v6)
    - neighboring facets: f2038 f2311 f2309
- f2319
    - flags: bottom simplicial
    - normal:   -0.1983  -0.9727  -0.1202
    - offset: -0.009613016
    - vertices: p3358(v456) p2546(v400) p1263(v76)
    - neighboring facets: f2018 f2322 f2324
- f2320
    - flags: top simplicial
    - normal:    0.1109  -0.9937 -0.01326
    - offset: -0.009073867
    - vertices: p3358(v456) p3885(v223) p1334(v136)
    - neighboring facets: f1112 f2323 f2321
- f2321
    - flags: bottom simplicial
    - normal:   0.04852  -0.9988 -0.0002288
    - offset: -0.008786225
    - vertices: p3358(v456) p3885(v223) p2420(v137)
    - neighboring facets: f1106 f2326 f2320
- f2322
    - flags: top simplicial
    - normal:    0.1545  -0.9511  -0.2675
    - offset: -0.01231651
    - vertices: p3358(v456) p2398(v413) p1263(v76)
    - neighboring facets: f2095 f2319 f2323
- f2323
    - flags: bottom simplicial
    - normal:     0.177   -0.975  -0.1342
    - offset: -0.01074047
    - vertices: p3358(v456) p2398(v413) p1334(v136)
    - neighboring facets: f2096 f2320 f2322
- f2324
    - flags: top simplicial
    - normal:   -0.1514  -0.9885 -3.261e-07
    - offset: -0.008205805
    - vertices: p3358(v456) p2546(v400) p3375(v9)
    - neighboring facets: f2023 f2325 f2319
- f2325
    - flags: bottom simplicial
    - normal:   -0.1514  -0.9885 -9.579e-09
    - offset: -0.008205811
    - vertices: p3358(v456) p3836(v120) p3375(v9)
    - neighboring facets: f982 f2324 f2326
- f2326
    - flags: bottom simplicial
    - normal:   -0.1511  -0.9885 -1.329e-07
    - offset: -0.008207056
    - vertices: p3358(v456) p2420(v137) p3836(v120)
    - neighboring facets: f1106 f2325 f2321
- f2327
    - flags: top simplicial
    - normal:   -0.2791  -0.9603 -1.394e-06
    - offset: -0.007750031
    - vertices: p3075(v457) p995(v319) p1259(v74)
    - neighboring facets: f1586 f2328 f2329
- f2328
    - flags: bottom simplicial
    - normal:   -0.2532  -0.9674 -0.00767
    - offset: -0.007942312
    - vertices: p3075(v457) p2546(v400) p1259(v74)
    - neighboring facets: f2022 f2327 f2329
- f2329
    - flags: top simplicial
    - normal:   -0.2504  -0.9665 -0.05603
    - offset: -0.00859502
    - vertices: p3075(v457) p2546(v400) p995(v319)
    - neighboring facets: f2018 f2327 f2328
- f2330
    - flags: top simplicial
    - normal:   -0.3671   0.1045  -0.9243
    - offset: -0.01736065
    - vertices: p717(v458) p2523(v401) p3340(v320)
    - neighboring facets: f2025 f2332 f2340
- f2332
    - flags: top simplicial
    - normal:   -0.2406 -0.04599  -0.9695
    - offset: -0.01657169
    - vertices: p717(v458) p3340(v320) p3822(v220)
    - neighboring facets: f2033 f2404 f2330
- f2334
    - flags: bottom simplicial
    - normal:   -0.3673   0.1068  -0.9239
    - offset: -0.0173573
    - vertices: p717(v458) p2861(v343) p3926(v43)
    - neighboring facets: f1731 f2335 f2339
- f2335
    - flags: top simplicial
    - normal:   -0.2087   0.0613  -0.9761
    - offset: -0.0162218
    - vertices: p717(v458) p2355(v427) p3926(v43)
    - neighboring facets: f2174 f2334 f2405
- f2336
    - flags: top simplicial
    - normal:   -0.3675   0.1068  -0.9239
    - offset: -0.01735805
    - vertices: p1073(v459) p2861(v343) p1666(v237)
    - neighboring facets: f1731 f2455 f2339
- f2339
    - flags: top simplicial
    - normal:   -0.3675   0.1068  -0.9239
    - offset: -0.01735802
    - vertices: p1073(v459) p717(v458) p2861(v343)
    - neighboring facets: f2334 f2336 f2340
- f2340
    - flags: bottom simplicial
    - normal:   -0.3675   0.1068  -0.9239
    - offset: -0.01735804
    - vertices: p1073(v459) p717(v458) p2523(v401)
    - neighboring facets: f2330 f2456 f2339
- f2350
    - flags: bottom simplicial
    - normal:    0.9156  -0.4021 -2.926e-07
    - offset: -0.007560163
    - vertices: p3301(v461) p2820(v407) p741(v304)
    - neighboring facets: f2273 f2352 f2531
- f2352
    - flags: top simplicial
    - normal:    0.9156  -0.4021 -5.854e-07
    - offset: -0.007560226
    - vertices: p3301(v461) p3710(v386) p741(v304)
    - neighboring facets: f2272 f2350 f2535
- f2362
    - flags: bottom simplicial
    - normal:    0.9975  0.07049 -7.877e-08
    - offset: -0.00590709
    - vertices: p1127(v463) p359(v326) p781(v261)
    - neighboring facets: f1629 f2363 f2364
- f2363
    - flags: top simplicial
    - normal:    0.9975  0.07049 2.322e-08
    - offset: -0.005907091
    - vertices: p1127(v463) p1790(v309) p781(v261)
    - neighboring facets: f1534 f2362 f2365
- f2364
    - flags: bottom simplicial
    - normal:    0.9975  0.07049 -2.804e-07
    - offset: -0.005907094
    - vertices: p1127(v463) p3541(v411) p359(v326)
    - neighboring facets: f2080 f2362 f2367
- f2365
    - flags: top simplicial
    - normal:    0.9975  0.07048 4.372e-08
    - offset: -0.005907094
    - vertices: p1127(v463) p2552(v389) p1790(v309)
    - neighboring facets: f1961 f2363 f2366
- f2366
    - flags: bottom simplicial
    - normal:    0.9997  0.02259 -4.612e-05
    - offset: -0.006059589
    - vertices: p1127(v463) p2552(v389) p3016(v2)
    - neighboring facets: f1963 f2367 f2365
- f2367
    - flags: top simplicial
    - normal:         1 0.007267 -0.005328
    - offset: -0.006168765
    - vertices: p1127(v463) p3541(v411) p3016(v2)
    - neighboring facets: f2380 f2366 f2364
- f2368
    - flags: top simplicial
    - normal:  7.808e-06 -2.194e-06       -1
    - offset: -0.01425005
    - vertices: p2386(v464) p2706(v328) p3125(v227)
    - neighboring facets: f2113 f2369 f2370
- f2369
    - flags: bottom simplicial
    - normal:  9.552e-06 -3.288e-06       -1
    - offset: -0.01425007
    - vertices: p2386(v464) p936(v410) p3125(v227)
    - neighboring facets: f2078 f2368 f2370
- f2370
    - flags: top simplicial
    - normal:  3.583e-05 -1.007e-05       -1
    - offset: -0.01425025
    - vertices: p2386(v464) p936(v410) p2706(v328)
    - neighboring facets: f2506 f2368 f2369
- f2373
    - flags: top simplicial
    - normal:    0.9948  -0.1021 1.49e-07
    - offset: -0.006402523
    - vertices: p673(v465) p3212(v355) p3016(v2)
    - neighboring facets: f1963 f2381 f2374
- f2374
    - flags: top simplicial
    - normal:    0.9948  -0.1021 1.173e-07
    - offset: -0.00640253
    - vertices: p673(v465) p1801(v438) p3212(v355)
    - neighboring facets: f2231 f2373 f2376
- f2375
    - flags: top simplicial
    - normal:    0.9948  -0.1021 -2.116e-08
    - offset: -0.006402537
    - vertices: p673(v465) p1400(v412) p2176(v324)
    - neighboring facets: f2383 f2376 f2379
- f2376
    - flags: bottom simplicial
    - normal:    0.9948  -0.1021 4.198e-08
    - offset: -0.006402536
    - vertices: p673(v465) p1801(v438) p2176(v324)
    - neighboring facets: f2429 f2375 f2374
- f2377
    - flags: top simplicial
    - normal:    0.9965 -0.04081 -0.07239
    - offset: -0.007229505
    - vertices: p1853(v466) p3541(v411) p2706(v328)
    - neighboring facets: f2081 f2378 f2380
- f2378
    - flags: bottom simplicial
    - normal:    0.9941 -0.09559 -0.05196
    - offset: -0.007101196
    - vertices: p1853(v466) p1400(v412) p2706(v328)
    - neighboring facets: f2090 f2377 f2379
- f2379
    - flags: bottom simplicial
    - normal:    0.9948  -0.1021 -6.575e-08
    - offset: -0.006402537
    - vertices: p1853(v466) p673(v465) p1400(v412)
    - neighboring facets: f2375 f2378 f2381
- f2380
    - flags: bottom simplicial
    - normal:         1 0.002405 -0.005905
    - offset: -0.006190239
    - vertices: p1853(v466) p3541(v411) p3016(v2)
    - neighboring facets: f2367 f2381 f2377
- f2381
    - flags: top simplicial
    - normal:    0.9948  -0.1021 -3.171e-07
    - offset: -0.006402517
    - vertices: p1853(v466) p673(v465) p3016(v2)
    - neighboring facets: f2373 f2380 f2379
- f2382
    - flags: top simplicial
    - normal:    0.9929  -0.1091 -0.04701
    - offset: -0.007070929
    - vertices: p672(v467) p1400(v412) p564(v224)
    - neighboring facets: f2090 f2384 f2383
- f2383
    - flags: bottom simplicial
    - normal:    0.9948  -0.1021 -1.186e-07
    - offset: -0.006402539
    - vertices: p672(v467) p1400(v412) p2176(v324)
    - neighboring facets: f2375 f2386 f2382
- f2384
    - flags: top simplicial
    - normal:     0.984  -0.1783 -0.000636
    - offset: -0.006669915
    - vertices: p672(v467) p564(v224) p3026(v159)
    - neighboring facets: f2422 f2385 f2382
- f2385
    - flags: bottom simplicial
    - normal:    0.9931  -0.1176 0.0005076
    - offset: -0.006451069
    - vertices: p672(v467) p891(v258) p3026(v159)
    - neighboring facets: f2212 f2384 f2386
- f2386
    - flags: bottom simplicial
    - normal:    0.9948  -0.1021 1.052e-07
    - offset: -0.006402543
    - vertices: p672(v467) p2176(v324) p891(v258)
    - neighboring facets: f2427 f2385 f2383
- f2387
    - flags: top simplicial
    - normal:    0.4651  -0.8851 -0.01642
    - offset: -0.009382704
    - vertices: p2841(v468) p2398(v413) p3928(v323)
    - neighboring facets: f2098 f2388 f2471
- f2388
    - flags: top simplicial
    - normal:    0.4791  -0.8777 -0.01348
    - offset: -0.00933992
    - vertices: p2841(v468) p3928(v323) p2075(v200)
    - neighboring facets: f1605 f2483 f2387
- f2395
    - flags: top simplicial
    - normal:    0.9147   0.4042 -9.98e-07
    - offset: -0.005113461
    - vertices: p1907(v469) p1996(v416) p2032(v327)
    - neighboring facets: f2114 f2397 f2493
- f2396
    - flags: top simplicial
    - normal:    0.9147   0.4042 -5.298e-07
    - offset: -0.005113455
    - vertices: p1907(v469) p3427(v409) p1412(v125)
    - neighboring facets: f2072 f2398 f2397
- f2397
    - flags: bottom simplicial
    - normal:    0.9147   0.4042 -5.751e-07
    - offset: -0.005113455
    - vertices: p1907(v469) p3427(v409) p2032(v327)
    - neighboring facets: f2069 f2395 f2396
- f2398
    - flags: bottom simplicial
    - normal:    0.9147   0.4042 -3.08e-07
    - offset: -0.005113451
    - vertices: p1907(v469) p294(v190) p1412(v125)
    - neighboring facets: f943 f2396 f2488
- f2402
    - flags: bottom simplicial
    - normal:   -0.1253  0.03643  -0.9914
    - offset: -0.01546602
    - vertices: p3121(v470) p1226(v426) p3822(v220)
    - neighboring facets: f2307 f2404 f2403
- f2403
    - flags: bottom simplicial
    - normal:   -0.1253  0.03643  -0.9914
    - offset: -0.01546604
    - vertices: p3121(v470) p2355(v427) p1226(v426)
    - neighboring facets: f2169 f2402 f2405
- f2404
    - flags: top simplicial
    - normal:   -0.1482  0.03088  -0.9885
    - offset: -0.01569174
    - vertices: p3121(v470) p717(v458) p3822(v220)
    - neighboring facets: f2332 f2402 f2405
- f2405
    - flags: bottom simplicial
    - normal:   -0.1451  0.03567  -0.9888
    - offset: -0.01565589
    - vertices: p3121(v470) p717(v458) p2355(v427)
    - neighboring facets: f2335 f2403 f2404
- f2408
    - flags: top simplicial
    - normal:   -0.7659   0.2226   0.6032
    - offset: -0.01009808
    - vertices: p3252(v471) p371(v349) p937(v256)
    - neighboring facets: f1767 f2411 f2410
- f2409
    - flags: bottom simplicial
    - normal:   -0.7272   0.2564   0.6367
    - offset: -0.009982523
    - vertices: p3252(v471) p1956(v156) p1808(v12)
    - neighboring facets: f1275 f2413 f2410
- f2410
    - flags: bottom simplicial
    - normal:   -0.7659   0.2226   0.6032
    - offset: -0.01009807
    - vertices: p3252(v471) p371(v349) p1956(v156)
    - neighboring facets: f1769 f2409 f2408
- f2411
    - flags: top simplicial
    - normal:   -0.7659   0.2226   0.6032
    - offset: -0.01009808
    - vertices: p3252(v471) p937(v256) p2299(v157)
    - neighboring facets: f1766 f2412 f2408
- f2412
    - flags: bottom simplicial
    - normal:   -0.7659   0.2226   0.6032
    - offset: -0.01009811
    - vertices: p3252(v471) p809(v430) p2299(v157)
    - neighboring facets: f2189 f2411 f2500
- f2413
    - flags: top simplicial
    - normal:   -0.7263   0.3425    0.596
    - offset: -0.01055891
    - vertices: p3252(v471) p2087(v165) p1808(v12)
    - neighboring facets: f1332 f2409 f2414
- f2414
    - flags: bottom simplicial
    - normal:   -0.7837   0.3517    0.512
    - offset: -0.01112845
    - vertices: p3252(v471) p2087(v165) p3128(v153)
    - neighboring facets: f1256 f2415 f2413
- f2415
    - flags: top simplicial
    - normal:   -0.8507   0.2821   0.4436
    - offset: -0.01123727
    - vertices: p3252(v471) p1675(v428) p3128(v153)
    - neighboring facets: f2176 f2414 f2498
- f2416
    - flags: top simplicial
    - normal:    0.9603  -0.2791 -4.577e-08
    - offset: -0.006999996
    - vertices: p2374(v472) p273(v387) p2924(v305)
    - neighboring facets: f2219 f2417 f2545
- f2417
    - flags: bottom simplicial
    - normal:     0.961  -0.2765 -8.181e-05
    - offset: -0.006991394
    - vertices: p2374(v472) p1074(v436) p2924(v305)
    - neighboring facets: f2220 f2416 f2424
- f2422
    - flags: bottom simplicial
    - normal:    0.9723  -0.2336 -3.62e-08
    - offset: -0.006839132
    - vertices: p3809(v473) p564(v224) p3026(v159)
    - neighboring facets: f2384 f2423 f2541
- f2423
    - flags: top simplicial
    - normal:    0.9723  -0.2336 1.346e-07
    - offset: -0.006839137
    - vertices: p3809(v473) p1074(v436) p3026(v159)
    - neighboring facets: f2226 f2422 f2424
- f2424
    - flags: top simplicial
    - normal:    0.9633  -0.2685 -0.003063
    - offset: -0.006999735
    - vertices: p3809(v473) p2374(v472) p1074(v436)
    - neighboring facets: f2417 f2423 f2554
- f2427
    - flags: top simplicial
    - normal:    0.9948  -0.1021 7.876e-08
    - offset: -0.006402537
    - vertices: p1618(v474) p2176(v324) p891(v258)
    - neighboring facets: f2386 f2428 f2429
- f2428
    - flags: bottom simplicial
    - normal:    0.9948  -0.1021 2.012e-07
    - offset: -0.006402535
    - vertices: p1618(v474) p1801(v438) p891(v258)
    - neighboring facets: f2231 f2427 f2429
- f2429
    - flags: top simplicial
    - normal:    0.9948  -0.1021 4.429e-08
    - offset: -0.006402536
    - vertices: p1618(v474) p1801(v438) p2176(v324)
    - neighboring facets: f2376 f2427 f2428
- f2432
    - flags: top simplicial
    - normal:   -0.3449   0.1003   0.9333
    - offset: -0.005893903
    - vertices: p1876(v475) p2537(v362) p1717(v164)
    - neighboring facets: f1825 f2433 f2519
- f2433
    - flags: bottom simplicial
    - normal:   -0.3449   0.1003   0.9333
    - offset: -0.005893899
    - vertices: p1876(v475) p213(v366) p1717(v164)
    - neighboring facets: f1844 f2432 f2517
- f2434
    - flags: bottom simplicial
    - normal:    0.3601   0.9329 1.904e-05
    - offset: -0.004675895
    - vertices: p882(v476) p3032(v444) p1149(v177)
    - neighboring facets: f2442 f2438 f2435
- f2435
    - flags: top simplicial
    - normal:    0.3608   0.9326 0.0002706
    - offset: -0.004672383
    - vertices: p882(v476) p3032(v444) p3760(v280)
    - neighboring facets: f2256 f2436 f2434
- f2436
    - flags: top simplicial
    - normal:    0.3502   0.9367 0.0002587
    - offset: -0.004679895
    - vertices: p882(v476) p3760(v280) p833(v104)
    - neighboring facets: f1875 f2437 f2435
- f2437
    - flags: bottom simplicial
    - normal:    0.3359   0.9419 0.000189
    - offset: -0.004689651
    - vertices: p882(v476) p3102(v169) p833(v104)
    - neighboring facets: f1869 f2436 f2438
- f2438
    - flags: bottom simplicial
    - normal:    0.3356    0.942 -8.436e-05
    - offset: -0.004693118
    - vertices: p882(v476) p1149(v177) p3102(v169)
    - neighboring facets: f1390 f2437 f2434
- f2439
    - flags: bottom simplicial
    - normal:    0.4038   0.9149 -0.0009912
    - offset: -0.004652841
    - vertices: p1054(v477) p500(v373) p2703(v105)
    - neighboring facets: f1881 f2441 f2440
- f2440
    - flags: bottom simplicial
    - normal:    0.3789   0.9254 5.184e-05
    - offset: -0.00466148
    - vertices: p1054(v477) p3032(v444) p500(v373)
    - neighboring facets: f2257 f2439 f2442
- f2441
    - flags: top simplicial
    - normal:     0.406   0.9138 -0.003473
    - offset: -0.004681011
    - vertices: p1054(v477) p1149(v177) p2703(v105)
    - neighboring facets: f1387 f2439 f2442
- f2442
    - flags: top simplicial
    - normal:    0.3728   0.9279 -0.000542
    - offset: -0.004673447
    - vertices: p1054(v477) p3032(v444) p1149(v177)
    - neighboring facets: f2434 f2441 f2440
- f2447
    - flags: bottom simplicial
    - normal:   -0.7618   0.2214  -0.6088
    - offset: -0.01833745
    - vertices: p28(v479) p3053(v452) p230(v311)
    - neighboring facets: f2295 f2449 f2448
- f2448
    - flags: top simplicial
    - normal:   -0.7618   0.2214  -0.6088
    - offset: -0.01833745
    - vertices: p28(v479) p3053(v452) p1989(v316)
    - neighboring facets: f2296 f2450 f2447
- f2449
    - flags: top simplicial
    - normal:   -0.7618   0.2214  -0.6088
    - offset: -0.01833745
    - vertices: p28(v479) p1490(v396) p230(v311)
    - neighboring facets: f2299 f2447 f2450
- f2450
    - flags: bottom simplicial
    - normal:   -0.7618   0.2214  -0.6088
    - offset: -0.01833746
    - vertices: p28(v479) p1490(v396) p1989(v316)
    - neighboring facets: f1994 f2448 f2449
- f2454
    - flags: bottom simplicial
    - normal:   -0.3675   0.1068  -0.9239
    - offset: -0.01735806
    - vertices: p1807(v481) p3370(v337) p1666(v237)
    - neighboring facets: f1702 f2455 f2459
- f2455
    - flags: top simplicial
    - normal:   -0.3675   0.1068  -0.9239
    - offset: -0.01735806
    - vertices: p1807(v481) p1073(v459) p1666(v237)
    - neighboring facets: f2336 f2454 f2456
- f2456
    - flags: bottom simplicial
    - normal:   -0.3675   0.1068  -0.9239
    - offset: -0.01735806
    - vertices: p1807(v481) p1073(v459) p2523(v401)
    - neighboring facets: f2340 f2457 f2455
- f2457
    - flags: bottom simplicial
    - normal:   -0.3675   0.1068  -0.9239
    - offset: -0.01735814
    - vertices: p1807(v481) p2523(v401) p2593(v82)
    - neighboring facets: f2026 f2458 f2456
- f2458
    - flags: top simplicial
    - normal:   -0.3675   0.1068  -0.9239
    - offset: -0.01735814
    - vertices: p1807(v481) p1658(v420) p2593(v82)
    - neighboring facets: f2137 f2457 f2459
- f2459
    - flags: bottom simplicial
    - normal:   -0.3675   0.1068  -0.9239
    - offset: -0.01735814
    - vertices: p1807(v481) p1658(v420) p3370(v337)
    - neighboring facets: f2136 f2454 f2458
- f2460
    - flags: top simplicial tested
    - normal:  -5.583e-07 -3.908e-08       -1
    - offset: -0.01425001
    - center: -0.009558992460370064 0.0008383412302161256 -0.0142500006283323 
    - vertices: p2828(v482) p386(v455) p2368(v404)
    - neighboring facets: f2570 f2461 f2462
    - ridges:
- f2461
    - flags: top simplicial tested
    - normal:  -8.095e-06 2.265e-06       -1
    - offset: -0.01425009
    - center: -0.009832742623984814 0.00226990090838323 -0.01425000031789144 
    - vertices: p2828(v482) p2368(v404) p730(v75)
    - neighboring facets: f2040 f2463 f2460
- f2462
    - flags: bottom simplicial tested
    - normal:  -6.459e-07 -1.894e-07       -1
    - offset: -0.01425001
    - center: -0.009878759582837423 -0.001094361262706419 -0.01425000031789144 
    - vertices: p2828(v482) p386(v455) p1009(v397)
    - neighboring facets: f2530 f2464 f2460
- f2463
    - flags: bottom simplicial tested
    - normal:  -0.03412 0.009546  -0.9994
    - offset: -0.01459953
    - center: -0.009654534670213858 0.003195307411563893 -0.01424855397393306 
    - vertices: p2828(v482) p105(v147) p730(v75)
    - neighboring facets: f1218 f2461 f2465
- f2464
    - flags: bottom simplicial tested
    - normal:  -0.04114 -0.01206  -0.9991
    - offset: -0.01467631
    - center: -0.01072605916609367 -0.001075636168631415 -0.01423512647549311 
    - vertices: p2828(v482) p1009(v397) p3822(v220)
    - neighboring facets: f1996 f2466 f2462
- f2465
    - flags: bottom simplicial tested
    - normal:  -0.07886  0.02127  -0.9967
    - offset: -0.01503117
    - center: -0.009854354585210482 0.002896618757707377 -0.01423998487492402 
    - vertices: p2828(v482) p2486(v321) p105(v147)
    - neighboring facets: f2308 f2463 f2467
- f2466
    - flags: top simplicial tested
    - normal:  -0.07331  0.01499  -0.9972
    - offset: -0.01498198
    - center: -0.01108276067922513 -0.0008361385165092846 -0.01422186071674029 
    - vertices: p2828(v482) p3101(v454) p3822(v220)
    - neighboring facets: f2307 f2464 f2467
- f2467
    - flags: bottom simplicial tested
    - normal:  -0.07931  0.02133  -0.9966
    - offset: -0.01503541
    - center: -0.01070903117458026 0.0002780074137263 -0.01422816514968872 
    - vertices: p2828(v482) p3101(v454) p2486(v321)
    - neighboring facets: f2308 f2465 f2466
- f2470
    - flags: bottom simplicial
    - normal:    0.5057   -0.817  -0.2771
    - offset: -0.01259052
    - vertices: p1693(v483) p2398(v413) p2021(v329)
    - neighboring facets: f2095 f2479 f2471
- f2471
    - flags: bottom simplicial
    - normal:    0.5125  -0.8478  -0.1363
    - offset: -0.01091217
    - vertices: p1693(v483) p2841(v468) p2398(v413)
    - neighboring facets: f2387 f2470 f2484
- f2473
    - flags: top simplicial
    - normal:    0.6158  -0.7879 0.0006052
    - offset: -0.008992799
    - vertices: p1693(v483) p3753(v446) p1281(v121)
    - neighboring facets: f2269 f2538 f2485
- f2478
    - flags: top simplicial
    - normal:    0.3879  -0.3053  -0.8697
    - offset:  -0.016446
    - vertices: p961(v484) p936(v410) p2021(v329)
    - neighboring facets: f2078 f2479 f2509
- f2479
    - flags: bottom simplicial
    - normal:    0.5213  -0.8019  -0.2919
    - offset: -0.01274489
    - vertices: p961(v484) p1693(v483) p2021(v329)
    - neighboring facets: f2470 f2478 f2540
- f2482
    - flags: bottom simplicial
    - normal:    0.5919   -0.806 -3.798e-07
    - offset: -0.00903938
    - vertices: p2862(v485) p3892(v414) p2075(v200)
    - neighboring facets: f2108 f2483 f2486
- f2483
    - flags: top simplicial
    - normal:    0.5919   -0.806 -2.113e-06
    - offset: -0.009039427
    - vertices: p2862(v485) p2841(v468) p2075(v200)
    - neighboring facets: f2388 f2482 f2484
- f2484
    - flags: top simplicial
    - normal:    0.5919   -0.806 -3.129e-06
    - offset: -0.009039411
    - vertices: p2862(v485) p1693(v483) p2841(v468)
    - neighboring facets: f2471 f2483 f2485
- f2485
    - flags: bottom simplicial
    - normal:    0.5919   -0.806 -1.851e-08
    - offset: -0.009039364
    - vertices: p2862(v485) p1693(v483) p3753(v446)
    - neighboring facets: f2473 f2487 f2484
- f2486
    - flags: top simplicial
    - normal:    0.5919   -0.806 2.701e-08
    - offset: -0.009039367
    - vertices: p2862(v485) p3892(v414) p2657(v382)
    - neighboring facets: f2109 f2487 f2482
- f2487
    - flags: bottom simplicial
    - normal:    0.5919   -0.806 2.719e-08
    - offset: -0.009039367
    - vertices: p2862(v485) p3753(v446) p2657(v382)
    - neighboring facets: f2268 f2486 f2485
- f2488
    - flags: top simplicial
    - normal:    0.8797   0.4754 -0.01087
    - offset: -0.005131832
    - vertices: p2041(v486) p1907(v469) p294(v190)
    - neighboring facets: f2398 f2490 f2493
- f2489
    - flags: top simplicial
    - normal:    0.8581   0.5135 -0.001961
    - offset: -0.004948811
    - vertices: p2041(v486) p797(v379) p1965(v114)
    - neighboring facets: f1912 f2494 f2490
- f2490
    - flags: bottom simplicial
    - normal:    0.8647   0.5023 -0.002564
    - offset: -0.004976818
    - vertices: p2041(v486) p797(v379) p294(v190)
    - neighboring facets: f1913 f2488 f2489
- f2491
    - flags: bottom simplicial
    - normal:      0.83   0.5577 -0.01197
    - offset: -0.004994475
    - vertices: p2041(v486) p1390(v330) p3778(v59)
    - neighboring facets: f2122 f2496 f2492
- f2492
    - flags: bottom simplicial
    - normal:    0.8528   0.5176 -0.07026
    - offset: -0.005844869
    - vertices: p2041(v486) p1996(v416) p1390(v330)
    - neighboring facets: f2115 f2491 f2493
- f2493
    - flags: bottom simplicial
    - normal:    0.8781   0.4781 -0.01808
    - offset: -0.005224096
    - vertices: p2041(v486) p1907(v469) p1996(v416)
    - neighboring facets: f2395 f2492 f2488
- f2494
    - flags: bottom simplicial
    - normal:    0.8316   0.5554 -1.035e-07
    - offset: -0.004838899
    - vertices: p2041(v486) p551(v378) p1965(v114)
    - neighboring facets: f1910 f2489 f2495
- f2495
    - flags: top simplicial
    - normal:    0.8315   0.5555 -1.778e-08
    - offset: -0.00483889
    - vertices: p2041(v486) p551(v378) p1818(v289)
    - neighboring facets: f1907 f2496 f2494
- f2496
    - flags: top simplicial
    - normal:    0.8315   0.5555 -1.865e-07
    - offset: -0.004838889
    - vertices: p2041(v486) p1818(v289) p3778(v59)
    - neighboring facets: f1441 f2491 f2495
- f2497
    - flags: bottom simplicial
    - normal:   -0.8637   0.2532   0.4357
    - offset: -0.01115673
    - vertices: p1055(v487) p1675(v428) p581(v348)
    - neighboring facets: f2182 f2499 f2498
- f2498
    - flags: bottom simplicial
    - normal:   -0.8529   0.2512   0.4576
    - offset: -0.01104996
    - vertices: p1055(v487) p3252(v471) p1675(v428)
    - neighboring facets: f2415 f2497 f2500
- f2499
    - flags: top simplicial
    - normal:   -0.8249   0.2395    0.512
    - offset: -0.01073908
    - vertices: p1055(v487) p809(v430) p581(v348)
    - neighboring facets: f2190 f2497 f2500
- f2500
    - flags: top simplicial
    - normal:   -0.7659   0.2226   0.6032
    - offset: -0.01009829
    - vertices: p1055(v487) p3252(v471) p809(v430)
    - neighboring facets: f2412 f2499 f2498
- f2501
    - flags: bottom simplicial
    - normal:    0.9602  -0.2792 -5.819e-06
    - offset: -0.007000188
    - vertices: p3596(v488) p2867(v448) p437(v325)
    - neighboring facets: f2279 f2507 f2548
- f2506
    - flags: bottom simplicial
    - normal:    0.0321 -0.008782  -0.9994
    - offset: -0.01446598
    - vertices: p3596(v488) p936(v410) p2706(v328)
    - neighboring facets: f2370 f2553 f2509
- f2507
    - flags: top simplicial
    - normal:     0.932  -0.3619 -0.02078
    - offset: -0.007637806
    - vertices: p3596(v488) p2820(v407) p437(v325)
    - neighboring facets: f2053 f2501 f2532
- f2509
    - flags: bottom simplicial
    - normal:    0.7475  -0.4126  -0.5206
    - offset: -0.01403978
    - vertices: p3596(v488) p961(v484) p936(v410)
    - neighboring facets: f2478 f2506 f2533
- f2511
    - flags: top simplicial
    - normal:    0.9603  -0.2791 -1.773e-07
    - offset: -0.007000001
    - vertices: p2424(v489) p3470(v478) p273(v387)
    - neighboring facets: f2521 f2546 f2512
- f2512
    - flags: bottom simplicial
    - normal:    0.9603  -0.2791 -1.792e-07
    - offset: -0.007000001
    - vertices: p2424(v489) p3470(v478) p2867(v448)
    - neighboring facets: f2558 f2549 f2511
- f2516
    - flags: bottom simplicial
    - normal:   -0.3449   0.1003   0.9333
    - offset: -0.005893897
    - vertices: p536(v490) p2656(v442) p213(v366)
    - neighboring facets: f2250 f2517 f2518
- f2517
    - flags: top simplicial
    - normal:   -0.3449   0.1003   0.9333
    - offset: -0.005893897
    - vertices: p536(v490) p1876(v475) p213(v366)
    - neighboring facets: f2433 f2516 f2519
- f2518
    - flags: top simplicial
    - normal:   -0.3449   0.1003   0.9333
    - offset: -0.005893898
    - vertices: p536(v490) p2656(v442) p2537(v362)
    - neighboring facets: f2249 f2519 f2516
- f2519
    - flags: bottom simplicial
    - normal:   -0.3449   0.1003   0.9333
    - offset: -0.005893898
    - vertices: p536(v490) p1876(v475) p2537(v362)
    - neighboring facets: f2432 f2518 f2517
- f2520
    - flags: top simplicial
    - normal:    0.9603  -0.2791 9.994e-09
    - offset: -0.006999999
    - vertices: p2216(v491) p879(v435) p273(v387)
    - neighboring facets: f2219 f2521 f2560
- f2521
    - flags: bottom simplicial
    - normal:    0.9603  -0.2791 4.882e-09
    - offset: -0.006999999
    - vertices: p2216(v491) p3470(v478) p273(v387)
    - neighboring facets: f2511 f2520 f2556
- f2525
    - flags: bottom simplicial tested
    - normal:  -2.255e-07 -7.772e-07       -1
    - offset: -0.01425001
    - center: 0.002052561205346137 -0.007807934501518806 -0.0142500006283323 
    - vertices: p58(v492) p2021(v329) p3463(v135)
    - neighboring facets: f1649 f2526 f2571
    - ridges:
- f2526
    - flags: top simplicial tested
    - normal:  -2.557e-07 -5.676e-07       -1
    - offset:   -0.01425
    - center: 0.0001092228922061622 -0.007026116208483775 -0.0142500006283323 
    - vertices: p58(v492) p1217(v480) p3463(v135)
    - neighboring facets: f2528 f2525 f2572
    - ridges:
- f2528
    - flags: bottom simplicial tested
    - normal:  -3.444e-07 -6.199e-07       -1
    - offset: -0.01425001
    - center: -0.003223869309294969 -0.005316992212707798 -0.0142500006283323 
    - vertices: p744(v493) p1217(v480) p3463(v135)
    - neighboring facets: f2526 f2529 f2572
    - ridges:
- f2529
    - flags: top simplicial tested
    - normal:  -6.407e-07 -1.008e-06       -1
    - offset: -0.01425001
    - center: -0.006058630242478102 -0.003981142227227489 -0.01425000031789144 
    - vertices: p744(v493) p1009(v397) p3463(v135)
    - neighboring facets: f1999 f2528 f2530
- f2530
    - flags: top simplicial tested
    - normal:  -5.343e-07 -6.248e-07       -1
    - offset: -0.01425001
    - center: -0.008885531220585108 -0.001785863889381289 -0.0142500006283323 
    - vertices: p744(v493) p386(v455) p1009(v397)
    - neighboring facets: f2462 f2529 f2570
    - ridges:
- f2531
    - flags: top simplicial
    - normal:    0.8765  -0.4813 -0.01187
    - offset: -0.008057495
    - vertices: p616(v494) p3301(v461) p2820(v407)
    - neighboring facets: f2350 f2532 f2535
- f2532
    - flags: bottom simplicial
    - normal:    0.8945  -0.4389  -0.0851
    - offset: -0.00880979
    - vertices: p616(v494) p3596(v488) p2820(v407)
    - neighboring facets: f2507 f2531 f2533
- f2533
    - flags: top simplicial
    - normal:    0.8876  -0.4486  -0.1041
    - offset: -0.009100667
    - vertices: p616(v494) p3596(v488) p961(v484)
    - neighboring facets: f2509 f2534 f2532
- f2534
    - flags: top simplicial
    - normal:    0.7803  -0.6254 -7.117e-08
    - offset: -0.008487598
    - vertices: p616(v494) p961(v484) p1281(v121)
    - neighboring facets: f2539 f2537 f2533
- f2535
    - flags: bottom simplicial
    - normal:    0.8681  -0.4964 -0.002443
    - offset: -0.008002236
    - vertices: p616(v494) p3301(v461) p3710(v386)
    - neighboring facets: f2352 f2536 f2531
- f2536
    - flags: bottom simplicial
    - normal:    0.7995  -0.6006 0.0005304
    - offset: -0.008392951
    - vertices: p616(v494) p3710(v386) p2817(v381)
    - neighboring facets: f1940 f2537 f2535
- f2537
    - flags: bottom simplicial
    - normal:    0.7803  -0.6254 4.684e-08
    - offset: -0.008487592
    - vertices: p616(v494) p2817(v381) p1281(v121)
    - neighboring facets: f1924 f2534 f2536
- f2538
    - flags: top simplicial
    - normal:    0.6338  -0.7735 -4.209e-05
    - offset: -0.008967033
    - vertices: p2436(v495) p1693(v483) p1281(v121)
    - neighboring facets: f2473 f2539 f2540
- f2539
    - flags: bottom simplicial
    - normal:    0.7803  -0.6254 -1.065e-07
    - offset: -0.008487605
    - vertices: p2436(v495) p961(v484) p1281(v121)
    - neighboring facets: f2534 f2538 f2540
- f2540
    - flags: top simplicial
    - normal:    0.6863  -0.7272 -0.009627
    - offset: -0.008965002
    - vertices: p2436(v495) p961(v484) p1693(v483)
    - neighboring facets: f2479 f2538 f2539
- f2541
    - flags: top simplicial
    - normal:    0.9723  -0.2336 -2.023e-07
    - offset: -0.006839135
    - vertices: p124(v496) p3809(v473) p564(v224)
    - neighboring facets: f2422 f2561 f2551
- f2545
    - flags: bottom simplicial
    - normal:    0.9603  -0.2791 -9.851e-08
    - offset: -0.006999997
    - vertices: p3931(v497) p2374(v472) p273(v387)
    - neighboring facets: f2416 f2546 f2547
- f2546
    - flags: top simplicial
    - normal:    0.9603  -0.2791 -1.94e-07
    - offset: -0.007000001
    - vertices: p3931(v497) p2424(v489) p273(v387)
    - neighboring facets: f2511 f2545 f2547
- f2547
    - flags: bottom simplicial
    - normal:    0.9603  -0.2791 -3.214e-07
    - offset: -0.007000002
    - vertices: p3931(v497) p2424(v489) p2374(v472)
    - neighboring facets: f2555 f2545 f2546
- f2548
    - flags: top simplicial
    - normal:    0.9603  -0.2791 -2.917e-07
    - offset: -0.007000004
    - vertices: p846(v498) p3596(v488) p2867(v448)
    - neighboring facets: f2501 f2549 f2553
- f2549
    - flags: bottom simplicial
    - normal:    0.9603  -0.2791 -2.689e-07
    - offset: -0.007000003
    - vertices: p846(v498) p2424(v489) p2867(v448)
    - neighboring facets: f2512 f2548 f2555
- f2551
    - flags: bottom simplicial
    - normal:    0.9634   -0.268  -0.0041
    - offset: -0.007011716
    - vertices: p846(v498) p124(v496) p3809(v473)
    - neighboring facets: f2541 f2554 f2563
- f2552
    - flags: bottom simplicial
    - normal:    0.5441  -0.1083   -0.832
    - offset: -0.01551917
    - vertices: p846(v498) p2706(v328) p564(v224)
    - neighboring facets: f2090 f2562 f2553
- f2553
    - flags: bottom simplicial
    - normal:    0.4682 -0.09445  -0.8785
    - offset: -0.01567575
    - vertices: p846(v498) p3596(v488) p2706(v328)
    - neighboring facets: f2506 f2552 f2548
- f2554
    - flags: bottom simplicial
    - normal:    0.9632  -0.2688 -0.003238
    - offset: -0.007002922
    - vertices: p846(v498) p3809(v473) p2374(v472)
    - neighboring facets: f2424 f2555 f2551
- f2555
    - flags: top simplicial
    - normal:    0.9603  -0.2791 -4.384e-07
    - offset: -0.007000002
    - vertices: p846(v498) p2424(v489) p2374(v472)
    - neighboring facets: f2547 f2554 f2549
- f2556
    - flags: top simplicial
    - normal:    0.9603  -0.2791 8.276e-09
    - offset:     -0.007
    - vertices: p501(v499) p2216(v491) p3470(v478)
    - neighboring facets: f2521 f2558 f2560
- f2557
    - flags: top simplicial
    - normal:    0.9603  -0.2791 2.669e-08
    - offset: -0.007000006
    - vertices: p501(v499) p2867(v448) p2273(v205)
    - neighboring facets: f2278 f2559 f2558
- f2558
    - flags: top simplicial
    - normal:    0.9603  -0.2791 6.313e-09
    - offset: -0.007000001
    - vertices: p501(v499) p3470(v478) p2867(v448)
    - neighboring facets: f2512 f2557 f2556
- f2559
    - flags: bottom simplicial
    - normal:    0.9603  -0.2791 8.101e-08
    - offset:     -0.007
    - vertices: p501(v499) p879(v435) p2273(v205)
    - neighboring facets: f2216 f2557 f2560
- f2560
    - flags: bottom simplicial
    - normal:    0.9603  -0.2791 2.315e-08
    - offset:     -0.007
    - vertices: p501(v499) p2216(v491) p879(v435)
    - neighboring facets: f2520 f2559 f2556
- f2561
    - flags: top simplicial
    - normal:    0.9723  -0.2336 -2.301e-05
    - offset: -0.006839462
    - vertices: p3234(v500) p124(v496) p564(v224)
    - neighboring facets: f2541 f2562 f2563
- f2562
    - flags: bottom simplicial
    - normal:    0.9273  -0.2348  -0.2914
    - offset: -0.0107074
    - vertices: p3234(v500) p846(v498) p564(v224)
    - neighboring facets: f2552 f2561 f2563
- f2563
    - flags: top simplicial
    - normal:    0.9521  -0.2491  -0.1774
    - offset: -0.009306299
    - vertices: p3234(v500) p846(v498) p124(v496)
    - neighboring facets: f2551 f2561 f2562
- f2564
    - flags: top simplicial tricoplanar keepcentrum
    - owner of normal & centrum is facet f2564
    - normal:        -0       -0       -1
    - offset:   -0.01425
    - center: -0.001124797958052821 0.0002224963585225244 -0.01425000093877316 
    - vertices: p744(v493) p1033(v415) p1390(v330)
    - neighboring facets: f2111 f2566 f2567
- f2565
    - flags: bottom simplicial tricoplanar
    - owner of normal & centrum is facet f2564
    - normal:        -0       -0       -1
    - offset:   -0.01425
    - center: -0.001124797958052821 0.0002224963585225244 -0.01425000093877316 
    - vertices: p744(v493) p3973(v81) p1446(v41)
    - neighboring facets: f720 f2566 f2569
- f2566
    - flags: top simplicial tricoplanar
    - owner of normal & centrum is facet f2564
    - normal:        -0       -0       -1
    - offset:   -0.01425
    - center: -0.001124797958052821 0.0002224963585225244 -0.01425000093877316 
    - vertices: p744(v493) p1390(v330) p1446(v41)
    - neighboring facets: f1660 f2565 f2564
- f2567
    - flags: bottom simplicial tricoplanar
    - owner of normal & centrum is facet f2564
    - normal:        -0       -0       -1
    - offset:   -0.01425
    - center: -0.001124797958052821 0.0002224963585225244 -0.01425000093877316 
    - vertices: p744(v493) p1033(v415) p3125(v227)
    - neighboring facets: f2113 f2568 f2564
- f2568
    - flags: top simplicial tricoplanar
    - owner of normal & centrum is facet f2564
    - normal:        -0       -0       -1
    - offset:   -0.01425
    - center: -0.001124797958052821 0.0002224963585225244 -0.01425000093877316 
    - vertices: p744(v493) p2021(v329) p3125(v227)
    - neighboring facets: f2078 f2567 f2571
- f2569
    - flags: bottom simplicial tricoplanar
    - owner of normal & centrum is facet f2564
    - normal:        -0       -0       -1
    - offset:   -0.01425
    - center: -0.001124797958052821 0.0002224963585225244 -0.01425000093877316 
    - vertices: p744(v493) p2368(v404) p3973(v81)
    - neighboring facets: f2044 f2565 f2570
- f2570
    - flags: bottom simplicial tricoplanar
    - owner of normal & centrum is facet f2564
    - normal:        -0       -0       -1
    - offset:   -0.01425
    - center: -0.001124797958052821 0.0002224963585225244 -0.01425000093877316 
    - vertices: p744(v493) p386(v455) p2368(v404)
    - neighboring facets: f2460 f2569 f2530
- f2571
    - flags: top simplicial tricoplanar
    - owner of normal & centrum is facet f2564
    - normal:        -0       -0       -1
    - offset:   -0.01425
    - center: -0.001124797958052821 0.0002224963585225244 -0.01425000093877316 
    - vertices: p744(v493) p58(v492) p2021(v329)
    - neighboring facets: f2525 f2568 f2572
- f2572
    - flags: bottom simplicial tricoplanar
    - owner of normal & centrum is facet f2564
    - normal:        -0       -0       -1
    - offset:   -0.01425
    - center: -0.001124797958052821 0.0002224963585225244 -0.01425000093877316 
    - vertices: p744(v493) p58(v492) p1217(v480)
    - neighboring facets: f2526 f2528 f2571
