3
4000 860 1290
0.0007074843160808086 0.004927079658955336 0.001031344407238066 
0.0100094098597765 0.009515279904007912 -0.003877650480717421 
-0.001264035352505744 0.02129554934799671 0.0009174806182272732 
-0.006999384146183729 0.005354094784706831 -0.01024044491350651 
0.007683600299060345 -0.003429684322327375 -0.00494999997317791 
0.008900227025151253 0.03278445452451706 -0.004922185093164444 
0.005737610161304474 -0.001598640810698271 -9.619229240342975e-05 
0.00247557507827878 0.01323460694402456 0.000369228218914941 
-0.0004884755471721292 0.003162347944453359 -0.006090813316404819 
0.005811670329421759 -0.006623818539083004 -0.001493099611252546 
-0.004075028467923403 0.01370708644390106 -0.0100287850946188 
0.002844508970156312 -0.001291438471525908 -0.00494999997317791 
0.003162101842463017 0.01507487520575523 -0.01256988383829594 
-0.004007002804428339 -0.007261649239808321 -0.01057614199817181 
-0.004193039610981941 0.02664932236075401 -0.002396540716290474 
0.004058651626110077 0.01769054867327213 -0.002057577483355999 
-0.002865809015929699 -0.001334642991423607 0.001022817217744887 
0.005130328238010406 -0.008582012727856636 -0.01175748929381371 
0.004599035251885653 0.005295948591083288 -0.001732953358441591 
-0.006937635131180286 -0.006288436241447926 -0.01273996569216251 
-0.001170645002275705 0.03235923871397972 -0.01090813707560301 
-0.001048807753250003 0.02361729741096497 -0.002223290270194411 
0.006530028767883778 0.03310297429561615 -0.005288456100970507 
0.007262995466589928 0.001446229871362448 -0.01170904561877251 
0.005862458143383265 0.01715438812971115 -9.374714136356488e-05 
0.008647999726235867 0.02309791557490826 -0.009347293525934219 
0.004656779579818249 0.01953949593007565 -0.01266933605074883 
0.006446206942200661 0.006665521301329136 -0.01196713373064995 
-0.004103226587176323 0.03336271271109581 -0.0008156753610819578 
-0.00405019847676158 0.03001366555690765 5.215405884939628e-11 
0.008931653574109077 0.01880563423037529 -0.002737627597525716 
-0.0008790423162281513 -0.009436702355742455 -0.01215204037725925 
0.009846681728959084 0.01491309143602848 -0.004831856116652489 
-0.004478484392166138 0.02687470056116581 -0.007834490388631821 
0.006664522923529148 0.03319675847887993 -0.007920792326331139 
-0.002746180631220341 -0.006417669355869293 -0.01303518563508987 
0.0006046167109161615 -0.005514637101441622 -0.003949999809265137 
0.009931363165378571 0.01403602957725525 -0.006443669553846121 
-0.004643137566745281 -0.000933255476411432 0.0009536074940115213 
-0.005285041872411966 0.005318948999047279 -0.001754930010065436 
-0.007581829093396664 0.0190800316631794 -0.003547309897840023 
-0.001951720449142158 0.02279466390609741 -0.009796224534511566 
0.001182798412628472 0.01011485792696476 -0.0101339016109705 
0.007590528577566147 0.01071610674262047 -0.00402821134775877 
-0.001344694523140788 0.03072767704725266 -0.01099999994039536 
0.01019944716244936 -0.003322537522763014 -0.004526871256530285 
0.005910676438361406 0.009606269188225269 -0.0001488082198193297 
0.004316602367907763 -0.0007720791618339717 -0.001575210131704807 
-0.007176620420068502 -0.0007453100988641381 -0.001600803108885884 
0.007459740620106459 0.03402590379118919 -0.008358174934983253 
0.009597703814506531 0.0194481797516346 -0.00634673610329628 
-0.002672779140993953 0.01305679604411125 -0.01289839670062065 
0.007715334184467793 0.009229376912117004 -0.006805064622312784 
0.007003113627433777 -0.002015804639086127 -0.0004687800828833133 
0.009308504872024059 0.02000587619841099 -0.00372899929061532 
0.005720329470932484 0.03263857215642929 -0.00244407425634563 
-0.0004714091774076223 0.03136582672595978 -0.01135944575071335 
-0.004435000941157341 -0.005689387209713459 -0.001465804874897003 
0.003505333326756954 0.01988916471600533 0.0008929275209084153 
-2.42629466811195e-05 0.01246112491935492 0.0009487298084422946 
0.004030919633805752 0.01800173334777355 0.0006933060940355062 
-0.001367295742966235 0.02999737113714218 -0.01235041953623295 
-0.007019302807748318 0.01259418949484825 -0.004807850811630487 
-0.006951530463993549 0.02148164436221123 -0.008292778395116329 
-0.008791511878371239 -0.00362260383553803 -0.01146020274609327 
0.0008588741184212267 -0.005915753543376923 -0.01055154204368591 
-0.006141169462352991 0.007401727605611086 -0.010188864544034 
-0.00471475999802351 -0.004085976630449295 -0.01298660319298506 
0.006663625594228506 0.005286023952066898 -0.0001112596874008887 
-0.005888934247195721 -0.004262271337211132 -0.001506301923654974 
0.006147510837763548 -0.00140630581881851 -0.007050000131130219 
0.005725792143493891 0.00370814511552453 0.0001617027301108465 
0.0008699176833033562 0.03284241259098053 -0.01224948465824127 
0.007311227731406689 0.01404211297631264 -0.007557659409940243 
0.006040595471858978 0.02148302458226681 -0.01191321108490229 
0.004684307146817446 -0.007385162636637688 -0.007050000131130219 
-0.008123578503727913 0.0178173054009676 -0.005580503027886152 
0.0013717005494982 0.01322189904749393 -0.01005322765558958 
0.0009919796139001846 -0.004560482688248158 -0.01051646284759045 
-0.001847747014835477 0.01445497944951057 -0.001985914073884487 
0.008384639397263527 0.02243339270353317 -0.009881285019218922 
-0.007623758632689714 0.01992178149521351 -0.006442953832447529 
-0.001596450689248741 -0.001238774158991873 -0.01268620602786541 
-0.002942770253866911 0.006518064998090267 0.001101052854210138 
-0.004518277943134308 0.02659336663782597 -0.009577932767570019 
-0.001425116322934628 0.004657069686800241 0.0009700349764898419 
0.002920859260484576 0.007853493094444275 -0.01272798888385296 
-0.007344564888626337 -0.005561605095863342 -0.01261219102889299 
-0.001014697132632136 0.01077290344983339 0.001009040744975209 
0.003320867195725441 0.01363786309957504 -0.0124291405081749 
0.008348604664206505 0.01371722482144833 -0.01045284606516361 
0.004958463832736015 -0.003662038128823042 -0.00494999997317791 
0.001585322665050626 0.01850118115544319 0.0009512909455224872 
0.002086038934066892 -0.001399330911226571 -0.006006627343595028 
0.004970070440322161 -0.001989679411053658 -0.001542021986097097 
0.008337637409567833 0.02091439068317413 -0.001939776004292071 
0.004073360469192266 0.02383814007043839 -0.002217975910753012 
0.008905747905373573 0.02774572744965553 -0.007765030488371849 
0.001424515969119966 0.03135129436850548 -0.009580229409039021 
-0.005567756481468678 0.0003244711551815271 -0.001625203294679523 
-0.005592353641986847 0.01961585506796837 -0.005619475152343512 
0.002289371332153678 -0.003979773260653019 -0.008050000295042992 
0.008313191123306751 -0.003848488675430417 -0.005157576873898506 
0.007214684505015612 0.00792232807725668 -0.0006339175160974264 
-0.001270360546186566 0.0288381464779377 -0.01242089178413153 
0.006821685470640659 0.0001312386011704803 -0.006110901944339275 
0.007668680045753717 0.009784908965229988 -0.00537866773083806 
-0.004404041450470686 0.02553653158247471 -0.004303148481994867 
-0.008364202454686165 0.005978202447295189 -0.003990523517131805 
-0.004110228270292282 0.03510225191712379 -0.0002267147210659459 
0.00685120327398181 0.02482614852488041 -0.01179613266140223 
0.007615251000970602 -0.002966146217659116 -0.002293165074661374 
0.004575252067297697 0.01760741695761681 -0.0121840825304389 
-0.006072345189750195 0.01029912289232016 -0.01011340320110321 
0.007804012857377529 -0.002677110489457846 -0.003949999809265137 
-0.001644565258175135 0.03384564816951752 -0.01195520348846912 
0.0002283109206473455 0.009411519393324852 0.0009954142151400447 
-0.002543515525758266 -0.001946321921423078 -0.008047347888350487 
0.007169834338128567 0.01469659805297852 -0.01127214077860117 
0.006667661014944315 0.007626671344041824 -0.0003911524545401335 
0.009311572648584843 0.01449911668896675 -0.003000334138050675 
0.0045354631729424 -0.008825360797345638 -0.0013648581225425 
0.001761362887918949 0.01998444087803364 0.001027968479320407 
0.01018987409770489 0.003277338342741132 -0.002590587828308344 
-0.0004708748310804367 0.009079299867153168 -0.01015734951943159 
0.00146028958261013 -0.0001690201024757698 -0.007461202796548605 
0.007611936889588833 0.01046086475253105 -0.004834830295294523 
-0.003957542590796947 0.02582644671201706 -0.001319420756772161 
-0.003664166899397969 0.0111252423375845 -0.01009705103933811 
0.005446084775030613 0.02917800843715668 -0.002354358788579702 
-0.006651689764112234 0.002579741878435016 -0.001686402014456689 
-0.004044250585138798 0.02889603562653065 -0.009600097313523293 
0.002080937847495079 0.02052957750856876 -0.00986405648291111 
-0.0005864990525878966 0.01382494531571865 0.0009389588958583772 
-0.003003418911248446 -0.004644942469894886 -0.01304138544946909 
0.004895906895399094 -0.007012662943452597 -0.008050000295042992 
0.001773513504303992 0.02648290246725082 0.001060774317011237 
0.006505253724753857 0.02569746039807796 1.905114913824946e-05 
-0.0002804000396281481 0.01215043291449547 -0.001922383904457092 
0.006069236900657415 0.02513304725289345 0.0002765758836176246 
-0.005969070363789797 0.03312348201870918 -0.01079726684838533 
-0.003957611508667469 0.03525893017649651 -0.01152775064110756 
0.005209460388869047 0.01877604052424431 -0.002083416096866131 
-0.003896980779245496 0.03117036074399948 -0.002400000113993883 
0.001565624959766865 0.006335154641419649 -0.01292020175606012 
0.01113905292004347 0.0004051954310853034 -0.006554640829563141 
0.0028117042966187 0.02163267694413662 -0.01305535156279802 
-0.005983745213598013 0.01224545203149319 0.0002385953994235024 
0.004461563192307949 0.0007588950684294105 -0.01038515008985996 
-0.001633288571611047 0.008476704359054565 -0.001829438493587077 
0.0008515688823536038 0.01977285742759705 -0.002118854084983468 
-0.008850401267409325 0.0003012801753357053 -0.01036830246448517 
0.003234862815588713 0.02989651449024677 -0.009622108191251755 
-0.0001453157310606912 -0.009483660571277142 -0.01160791702568531 
-0.004780438262969255 0.02106604911386967 -0.0005286862724460661 
0.00414168881252408 0.01722799614071846 -0.01256821863353252 
0.006250833161175251 0.02360164001584053 -0.009792904369533062 
-0.005038290284574032 0.02234742045402527 -0.005794541910290718 
0.002815796062350273 0.008748739026486874 -0.01274226792156696 
0.004553941078484058 -0.007183725014328957 -0.001407375792041421 
0.008079018443822861 0.004898333456367254 -0.006881868001073599 
-0.006744598969817162 -0.006687380373477936 -0.01177960261702538 
0.00439963536337018 0.01768751814961433 0.0005127795157022774 
0.005573984701186419 0.02386729419231415 -0.009784508496522903 
0.006887675262987614 0.0321110226213932 -0.001174261095002294 
-0.006181187927722931 0.001454900717362761 -0.01269621402025223 
0.00536055164411664 0.01459535490721464 -0.01201778929680586 
-0.004955671261996031 -0.002876485232263803 -0.01295212004333735 
-0.004390696994960308 0.0269189141690731 -0.0035140011459589 
0.003536940785124898 0.02664833515882492 -0.01293384656310081 
-0.005544291809201241 0.01096749864518642 -0.01009710133075714 
0.007975297048687935 0.006133983843028545 -0.003861772129312158 
0.006241200491786003 -0.001818663207814097 -0.008050000295042992 
-0.002274593571200967 -0.001608176622539759 -0.008050000295042992 
0.01011514291167259 0.007863943465054035 -0.008079279214143753 
-0.0001060119830071926 -0.007102723699063063 -0.01058043260127306 
0.005402406211942434 0.02685179188847542 -0.009706252254545689 
0.003529033157974482 0.003474103985354304 0.0006272898172028363 
0.00149212044198066 -0.007656564004719257 -0.012625384144485 
-0.00628040311858058 0.02434565126895905 -0.006785960868000984 
-0.006077425088733435 0.03255679458379745 -0.0005060703260824084 
0.004385378211736679 -0.003527021966874599 -0.0104968324303627 
-0.002483532996848226 -0.0004050061106681824 -0.003949999809265137 
-0.00199286499992013 -0.002586366375908256 -0.007805474568158388 
-0.002324476139619946 -0.0021017761901021 -0.001554887974634767 
0.009833103977143764 0.01316695474088192 -0.008039514534175396 
-0.002682813443243504 0.03347382694482803 -0.001076583401300013 
-0.006374281831085682 0.01583109796047211 -0.003464305307716131 
0.005118737928569317 0.01781591586768627 0.0001925498363561928 
0.004802270792424679 0.007612080313265324 -0.001792956725694239 
-0.0003606134559959173 0.02615028619766235 -0.009712096303701401 
0.001467473688535392 0.0169826652854681 -0.002044708002358675 
-0.0008503694552928209 0.001211758353747427 -0.004861948080360889 
0.00674684951081872 -0.007131698075681925 -0.008285284973680973 
-0.002011376665905118 -0.0006829709745943546 5.215406231884323e-11 
0.00634608743712306 0.02553540095686913 -0.005967700853943825 
-0.001412928337231278 0.002875057980418205 -0.007772854529321194 
0.005678283050656319 0.03052437305450439 -0.01204649358987808 
-0.007684601936489344 0.009356561116874218 -0.008553123101592064 
0.0003131922276224941 0.01445017009973526 0.0009106881334446371 
0.001578209223225713 0.0152025269344449 -0.01000198628753424 
-0.008316610008478165 0.006199917290359735 -0.004356744233518839 
0.005969745106995106 0.02457346022129059 -0.01232820563018322 
-0.007432018406689167 -0.001833115704357624 -0.01244977116584778 
0.01058212295174599 -0.001585564343258739 -0.004164462443441153 
-0.007577395532280207 0.01290508173406124 -0.0008841868839226663 
0.0008544205338694155 0.009941850788891315 -0.00186229357495904 
-0.004771370906382799 -0.001940390095114708 0.0009536854922771454 
0.01070632785558701 0.0007381470641121268 -0.008532611653208733 
-0.002866447204723954 -0.008987836539745331 0.000871017633471638 
0.009060068987309933 0.02345570176839828 -0.008271956816315651 
0.003732275916263461 0.02942668274044991 -0.01264841482043266 
0.005315624643117189 0.006825835909694433 0.000271822907961905 
-0.004057340323925018 -0.006257771514356136 -0.001450157258659601 
0.006582108326256275 0.02272501587867737 -0.007153160870075226 
-0.006317442283034325 -0.006074244622141123 0.0008425620617344975 
-0.005784529726952314 0.03360505029559135 -0.001102847396396101 
0.001426243921741843 0.0003233783063478768 -0.005148119293153286 
0.006939399987459183 0.0008041046094149351 -0.0004705772153101861 
0.002506031421944499 0.01319640967994928 -0.01228431053459644 
0.006619095802307129 0.02228429168462753 -0.00573209673166275 
-0.007384094409644604 0.0108071668073535 -0.007617839612066746 
-0.006574839353561401 0.01709552109241486 -0.001004812191240489 
-0.006646350957453251 0.00740013038739562 -0.01244161278009415 
0.004805261269211769 0.03182951733469963 -0.00957505963742733 
-0.004033335484564304 0.01451594568789005 0.0006501544266939163 
0.003393197897821665 -0.004285646602511406 -0.008050000295042992 
0.005045910365879536 0.03092225268483162 -0.002400742843747139 
0.005968679673969746 0.02991288900375366 -0.01202818937599659 
0.001833414193242788 0.02915354818105698 -0.01266373973339796 
-0.004255862906575203 0.03049754537642002 -0.0007063354132696986 
0.0004341572348494083 0.02734621055424213 -0.002317394595593214 
0.008538884110748768 0.0130252568051219 -0.01026520226150751 
-0.003128038486465812 0.0214034803211689 -0.009829984977841377 
-0.001839909935370088 0.01506268512457609 0.0008937083766795695 
-0.007215735036879778 0.01161256432533264 -0.006890807300806046 
0.002086205873638391 0.00776622211560607 -0.01284715160727501 
-0.002756485249847174 0.02685132622718811 -0.0002181141462642699 
-0.00140984624158591 0.004105189349502325 -0.01028512604534626 
0.006125555373728275 0.02067228220403194 -0.002130920067429543 
-0.001491869799792767 -0.002473454456776381 -0.005182910710573196 
0.007713413797318935 -0.0039213877171278 -0.008142236620187759 
-0.003070143051445484 0.01780641451478004 -0.00207601860165596 
-0.0005805747350677848 0.02673792466521263 -0.01292217150330544 
-0.005115207750350237 0.01864454336464405 -0.002102313563227654 
0.006619433872401714 0.008194979280233383 -0.001804238418117166 
-0.005672667175531387 0.007533640135079622 -0.01018643565475941 
0.005839122459292412 -0.00590582238510251 -0.0001174365752376616 
0.001730770454742014 0.01921221427619457 -0.01297798566520214 
-0.005267067346721888 -0.006181751843541861 -0.01054523698985577 
-0.007976047694683075 -0.002155610593035817 -0.0122396657243371 
-0.005287145730108023 0.01393930613994598 -0.01234754547476768 
0.005588331259787083 0.005113258026540279 -0.0122171463444829 
0.01079736743122339 0.00354205584153533 -0.007841963320970535 
-0.002797061577439308 -0.001879655756056309 -0.01043830811977386 
0.002641329308971763 -0.00499290693551302 -0.008050000295042992 
0.00286006205715239 0.001866470440290868 -0.01035278290510178 
-0.003034842433407903 0.03060281276702881 -0.009613827802240849 
0.007975969463586807 0.006125852931290865 -0.00417675543576479 
-0.000523874128703028 -0.005375959444791079 0.0009175444720312953 
0.008050441741943359 0.03188929706811905 -0.01012254785746336 
0.007239722181111574 -0.004009241703897715 -0.00212080730125308 
-0.003781268838793039 0.0311557725071907 -0.002312837168574333 
0.009010910987854004 -0.005032246932387352 -0.01027571968734264 
0.006098099984228611 0.02849113196134567 -0.002946106716990471 
0.009670994244515896 0.004570873454213142 -0.01011876575648785 
-0.001220407197251916 -0.002669606590643525 -0.008050000295042992 
0.002042497741058469 0.02807625383138657 -0.01297270786017179 
-0.007221678271889687 0.01881400868296623 -0.00255133886821568 
0.01077756285667419 0.002712137531489134 -0.008044332265853882 
-0.008771879598498344 0.01242522150278091 -0.002484129043295979 
-0.008196841925382614 0.002617420628666878 -0.01176510006189346 
0.0068892827257514 -0.006176846101880074 -0.01156868226826191 
0.006326083093881607 0.02577409707009792 -0.007421924732625484 
0.005719605833292007 0.0167301632463932 -0.002028922783210874 
-0.0005003606784157455 0.01113728433847427 -0.01010357961058617 
0.006518627982586622 -0.006883509457111359 -0.00494999997317791 
-0.009596223011612892 0.006511977408081293 -0.009251248091459274 
0.004358981270343065 0.01371962297707796 -0.0122508704662323 
-0.00662728026509285 0.0215331818908453 -0.009027555584907532 
0.008244484663009644 0.0327606238424778 -0.008724145591259003 
0.007517832331359386 -0.00643019238486886 -0.007371090352535248 
0.0005147298215888441 0.01516172848641872 0.0009034047834575176 
0.006557131186127663 0.02424877509474754 1.942118251463398e-05 
0.003114837221801281 -0.002342590596526861 -0.001536824507638812 
-0.007567266002297401 0.009884225204586983 -0.004865284077823162 
-0.004876216873526573 -0.006886211223900318 -0.01300052553415298 
0.01031846553087234 0.005403443705290556 -0.007727177813649178 
-0.004845442250370979 0.02337746135890484 -0.002225242555141449 
-6.328744348138571e-05 0.001461978768929839 -0.006427120417356491 
-0.005987954325973988 0.004212748724967241 -0.01027241721749306 
-0.00769907096400857 0.008040845394134521 -0.01181503664702177 
-0.001850111642852426 0.009009735658764839 0.001048938021995127 
0.005517306737601757 -3.83505794161465e-05 -0.008050000295042992 
0.004212974570691586 0.006714167073369026 -0.0102292001247406 
0.003410692792385817 -0.008308653719723225 -0.01234248094260693 
0.007700623013079166 0.01221307180821896 -0.0009934231638908386 
0.004830589052289724 0.03011506050825119 -0.00238014361821115 
0.006370583549141884 -0.008107569068670273 -0.01105242129415274 
0.001268420252017677 0.02010216936469078 -0.00987345352768898 
0.00116455857641995 -0.004295434802770615 0.0007092973683029413 
0.001954164821654558 0.02742913924157619 -0.002316271420568228 
0.008773259818553925 0.0329400822520256 -0.005273232236504555 
9.646842954680324e-05 0.01461713388562202 -0.01291320100426674 
0.002705265302211046 0.03193715587258339 -0.009892717935144901 
-0.008196763694286346 0.006811343133449554 -0.00383524177595973 
0.009161513298749924 0.02914689294993877 -0.007834562100470066 
-0.002263432601466775 0.002323222812265158 -0.01297837123274803 
-0.006834412924945354 0.01376105844974518 -0.01156479120254517 
0.009601609781384468 0.01956403069198132 -0.006058546248823404 
-0.004043066874146461 0.03159117326140404 -0.00164542649872601 
0.005901973228901625 0.0005377006018534303 -0.000134190428070724 
0.008018387481570244 -0.004642871674150229 -0.0008022449910640717 
0.004758939612656832 0.009668312966823578 -0.01015328895300627 
0.006400118581950665 -0.007826156914234161 -0.0112670473754406 
-0.006031708791851997 0.01751113869249821 -0.008186786435544491 
-0.004437544848769903 0.02681105583906174 -0.002329303417354822 
0.005786590278148651 -0.008102623745799065 -0.007366670295596123 
0.005637933034449816 0.002875686157494783 -0.001683105481788516 
0.005914196372032166 0.003941725939512253 0.0001023884760797955 
-0.002048565540462732 -0.006964221596717834 -0.01057261694222689 
0.005262376740574837 -0.0004042653308715671 -0.00494999997317791 
0.002381002064794302 0.03067722544074059 -0.002400111639872193 
0.008098472841084003 0.004667615052312613 -0.009598486125469208 
0.007021742407232523 -0.00144275464117527 -0.008050000295042992 
0.01089128665626049 0.00156894966494292 -0.004170591942965984 
0.001678109867498279 -0.007755253929644823 -0.0126002999022603 
-0.008329194970428944 0.007176720537245274 -0.0005345405079424381 
-0.003774774027988315 0.03292027115821838 -0.001684601884335279 
0.002504828153178096 0.002674601739272475 -0.00166907487437129 
-0.003522342536598444 0.0142461471259594 -0.01001591421663761 
-0.0008148803026415408 0.02521090023219585 -0.00973562803119421 
-0.006097566802054644 0.01127979066222906 -0.01230943575501442 
0.0008105953456833959 -0.005878443829715252 -0.01273758336901665 
-0.0005020890384912491 0.005347125697880983 0.001095078187063336 
0.00178868230432272 0.01904414966702461 -0.01296571642160416 
0.006063006818294525 0.009806961752474308 -0.01015249080955982 
0.003395249601453543 0.001212993636727333 0.0004054401360917836 
0.0004478194750845432 0.02540263533592224 -0.00226664450019598 
0.007604914717376232 -0.0037007094360888 -0.003777037607505918 
0.001847583334892988 -0.0002093884104397148 -0.003949999809265137 
0.007956935092806816 0.0332903079688549 -0.002644910709932446 
-0.001346372533589602 -0.003785825101658702 -0.001508871326223016 
0.003630641847848892 0.01486240699887276 -0.01001530140638351 
0.008909527212381363 0.03288878872990608 -0.00584260281175375 
0.01022741198539734 0.00275632063858211 -0.009365873411297798 
0.006946751847863197 0.0183822475373745 -0.006445792503654957 
0.002818566747009754 0.01075241342186928 0.0003764616558328271 
-0.002349289134144783 0.0173320434987545 -0.009937919676303864 
-0.006634710356593132 0.01448342110961676 -0.006884364411234856 
-0.002173436339944601 0.006580319255590439 -0.01021888200193644 
0.00726223923265934 0.01462520472705364 -0.006691270507872105 
0.00351244187913835 0.0151892676949501 0.0004156738868914545 
0.007485906593501568 0.02406464517116547 -0.001105003524571657 
0.007571473717689514 -0.00510027352720499 -0.0006277362117543817 
-0.001943744369782507 0.02645359933376312 -0.01232042722404003 
0.005885075312107801 0.001067779026925564 -0.0001314130786340684 
-0.009994396008551121 0.007573479320853949 -0.00413936423137784 
-0.004791822284460068 0.02360020391643047 -0.007152222562581301 
0.003819741308689117 0.01858852058649063 -0.009918471798300743 
0.001394848921336234 0.0115584209561348 -0.001903311349451542 
0.006595449987798929 0.009128568693995476 -0.01163144968450069 
-0.0003648198617156595 0.02083969116210938 -0.00985067430883646 
0.006204073783010244 0.01126063242554665 -0.01174167357385159 
-0.006759028881788254 0.01390863955020905 -0.004039582796394825 
0.005135687068104744 0.02262943983078003 -0.01266559027135372 
0.005581887438893318 0.02374527603387833 -0.01248969417065382 
0.008440606296062469 0.006070756819099188 -0.01111172698438168 
-0.006837061606347561 0.01982994377613068 -0.009625817649066448 
0.002657350385561585 0.02172783762216568 -0.009834032505750656 
-0.002734679263085127 0.0008267061784863472 -0.003949999809265137 
0.006027912255376577 0.01625320501625538 -0.002015808830037713 
-0.008566177450120449 0.0145468283444643 -0.008897994644939899 
0.0005264237406663597 0.001564449397847056 -0.01200000010430813 
0.001270701643079519 -0.007198320236057043 -0.01058590412139893 
0.004579768981784582 -0.006898866035044193 -0.00494999997317791 
0.0009514793637208641 0.002277918858453631 -0.001662082271650434 
0.002432772889733315 -0.0005413158796727657 -0.008049999363720417 
-0.006068343296647072 0.02004252746701241 -0.001399422413669527 
-0.007529135793447495 0.01003546733409166 -0.005876194685697556 
-0.009800389409065247 0.008791225962340832 -0.004494885914027691 
-0.009330578148365021 0.009240436367690563 -0.00234044692479074 
0.001451768446713686 -0.003331734333187342 -0.0126807251945138 
0.004358239006251097 0.007623158860951662 -0.001794206211343408 
-0.009639362804591656 0.005807167384773493 -0.002567569725215435 
0.007341793272644281 0.01367847435176373 -0.008570922538638115 
-0.008218372240662575 0.01731554232537746 -0.00708027696236968 
0.007803884334862232 -0.0009592074202373624 -0.007694961503148079 
0.009980563074350357 0.01335465628653765 -0.005879450589418411 
0.0004419887554831803 0.009490827098488808 -0.001851415261626244 
0.01104492787271738 -3.05348658002913e-05 -0.007472413126379251 
0.005035682581365108 0.004465520847588778 0.0003280934470240027 
-0.003747560083866119 0.002283121924847364 -0.01295732334256172 
-0.0006320989923551679 0.0277123935520649 -0.01265782862901688 
0.002385060302913189 -0.006570841185748577 -0.01057193987071514 
-0.003037712071090937 0.02857562154531479 1.193581283587264e-05 
-0.00432773120701313 0.03313009068369865 -0.0007035693852230906 
-0.002059584017843008 5.961977876722813e-06 -0.01257730089128017 
0.009466586634516716 0.003565388964489102 -0.01037719752639532 
0.01008043624460697 -0.0007237906102091074 -0.002998849144205451 
-0.003730862634256482 0.02542289532721043 -0.01128380373120308 
0.005178281106054783 0.02744367904961109 -0.01253791525959969 
0.006405978463590145 0.00843418762087822 -0.01018905825912952 
-0.001072966842912138 0.02866099402308464 -0.002354965079575777 
-0.0009552403353154659 -0.003008665516972542 -0.008050000295042992 
0.005874704103916883 0.03114991448819637 -0.008544451557099819 
0.005047984421253204 0.0018740005325526 -0.01019356399774551 
-0.004566675052046776 0.01001269370317459 -0.01283934339880943 
-0.007115522399544716 0.0122104212641716 -0.002314866986125708 
0.0063246781937778 0.03295980021357536 -0.00729720015078783 
0.007496573496609926 -0.0005681366310454905 -0.003798025660216808 
0.003693269332870841 0.03161470592021942 -0.01175499334931374 
0.0003309398307465017 0.0293600857257843 0.0006696050986647606 
-0.003563180565834045 0.001821688842028379 -0.01034006010740995 
0.005757453851401806 0.008593288250267506 -0.001816497067920864 
-0.005363550968468189 0.01361695863306522 -0.001971648540347815 
-0.0006028367206454277 0.03226898238062859 -0.0004021223867312074 
0.004248115234076977 0.009472565725445747 -0.01227933820337057 
-0.001549988752231002 0.003453334327787161 -0.01296332105994225 
-0.001929503981955349 0.01610364578664303 -0.009970884770154953 
0.006981190294027328 -0.006718790158629417 -0.003760157153010368 
0.008849602192640305 0.02329994365572929 -0.008817476220428944 
-0.004878060426563025 0.0189125370234251 -0.01185130048543215 
-0.000854696030728519 -0.001211424358189106 -0.001198502024635673 
-0.00276703666895628 0.02367968671023846 -0.00977136567234993 
-0.009989684447646141 0.0052132373675704 -0.008256027474999428 
-0.0005652214167639613 0.01316613703966141 -0.001949506346136332 
0.006110873073339462 0.03281135857105255 -0.002787824487313628 
0.009506478905677795 0.006727528758347034 -0.009366371668875217 
0.008424048312008381 0.02764445915818214 -0.002786914119496942 
0.006418182048946619 -0.0006405939348042011 -0.00494999997317791 
0.008071219548583031 0.004664265550673008 -0.0006514716078527272 
0.008051606826484203 -0.0029819430783391 -0.008081207051873207 
0.0009092401596717536 0.03314554691314697 -0.01000197697430849 
0.00297500379383564 -0.003245140891522169 -0.007050000131130219 
-0.007559011224657297 0.01978897675871849 -0.004361983388662338 
-0.008821943774819374 0.01408799365162849 -0.003871194552630186 
0.006337878294289112 0.02563374489545822 -0.007779777050018311 
0.006389995571225882 0.0184511374682188 -0.009927616454660892 
-0.008563169278204441 0.002534010913223028 -0.0114941131323576 
0.003727036761119962 0.02081949822604656 -0.009860049933195114 
0.006049085408449173 0.005970037542283535 8.696745499037206e-05 
0.00378508772701025 -0.006227562669664621 -0.004258774686604738 
0.0002077951503451914 0.03388252109289169 0.0001092334714485332 
0.003117101965472102 0.03060797229409218 -0.002396712778136134 
-0.005406653974205256 0.002537551801651716 -0.01279835682362318 
0.006739252246916294 0.008721856400370598 -0.01156791765242815 
0.004870419390499592 -0.003136083018034697 -0.01048767939209938 
-0.008189033716917038 0.005058522336184978 -0.001754414173774421 
0.007130781188607216 -0.002605109941214323 -0.01150138862431049 
-0.006146810483187437 0.004993051756173372 0.0005499778781086206 
0.008934445679187775 0.005528991110622883 -0.001211351016536355 
-0.005010672844946384 0.0104660065844655 -0.01011134311556816 
-0.00400511035695672 -0.008661665953695774 -0.01098107546567917 
0.003912441432476044 0.008203836157917976 -0.01018967572599649 
0.001504690502770245 -0.002492837142199278 -0.003949999809265137 
0.005794145166873932 0.0207376666367054 1.645108568482101e-06 
0.006607273127883673 0.030821543186903 -0.0004096087359357625 
-0.003809181973338127 -0.005804377142339945 -0.001461453270167112 
0.005012447480112314 0.001181486179120839 -0.01037531439214945 
0.009994869120419025 0.009019628167152405 -0.003770115086808801 
0.01085860468447208 0.003242467064410448 -0.00438162824138999 
-0.002156206872314215 0.01293514482676983 -0.01005308143794537 
0.002396713942289352 0.004638882353901863 -0.001720569212920964 
0.00743414368480444 -0.006701841484755278 -0.007180412765592337 
0.01053215283900499 -0.00223538582213223 -0.006669899914413691 
-0.004255164414644241 0.02630940452218056 -0.003292512381449342 
-0.00729763600975275 0.01468815468251705 -0.01095686387270689 
-0.005881127901375294 -0.001254409202374518 -0.01283101737499237 
0.006602967157959938 0.03315320983529091 -0.008872224017977715 
0.006529593374580145 0.0233509074896574 -0.008613062091171741 
-0.002790912287309766 0.02755522541701794 -0.01192139461636543 
0.004211072809994221 -0.009057588875293732 -0.0004943960811942816 
0.007000131066888571 0.0002325888635823503 -0.01152591034770012 
0.006305988412350416 0.01623578369617462 -0.009985247626900673 
0.01023265719413757 0.007849950343370438 -0.007356197573244572 
0.006692018359899521 -0.001417617197148502 -0.008050000295042992 
-0.001384098082780838 0.004043872933834791 0.0009492222452536225 
0.002320880303159356 0.01826681382954121 -0.009923625737428665 
0.006187259219586849 -0.002996456809341908 -0.001513116178102791 
-0.008841387927532196 0.01126254256814718 -0.00211905175819993 
-0.002680693753063679 -0.004134107381105423 -0.00150260329246521 
-0.0003816406242549419 -0.004549452569335699 -0.01051320414990187 
-0.002006483264267445 0.0349702499806881 -1.086985008669217e-07 
-0.008694153279066086 0.01288145966827869 -0.009506143629550934 
-0.006439356599003077 0.02420279756188393 -0.005909974686801434 
-0.004605758003890514 0.02459206804633141 -0.002878641942515969 
0.006719178985804319 0.0179605633020401 -0.002058869926258922 
-0.0002427808358334005 -0.006751568987965584 -0.01057097129523754 
0.006291116122156382 -0.003327695187181234 -0.01049575209617615 
-0.007958915084600449 0.007988216355443001 -0.008205680176615715 
0.008826535195112228 -0.006078548729419708 -0.007534246891736984 
0.006253420375287533 0.01458453014492989 -0.0002997944829985499 
0.005085529759526253 0.02053062245249748 -0.01260867808014154 
-0.004671928472816944 0.02127023413777351 -0.0004968945286236703 
0.007011494599282742 0.0145211685448885 -0.001968481810763478 
-0.008959288708865643 -0.001543242833577096 -0.0004496031324379146 
-0.006387326400727034 0.01578377932310104 -0.00900194700807333 
0.003190001705661416 -0.003494500415399671 -0.00494999997317791 
-0.004428069107234478 0.0192924328148365 -0.01201124209910631 
0.003177518025040627 0.02366928383708 -0.009784492664039135 
-0.004755295347422361 0.02470413781702518 -0.01032915897667408 
-0.009520589374005795 0.01023739483207464 -0.008216589689254761 
0.00723234424367547 0.01171425823122263 -0.001894753659144044 
-7.80017944634892e-05 0.004045573063194752 -0.01028956193476915 
-0.002853103680536151 0.01115475781261921 -0.01009803544729948 
0.007493338081985712 0.001476314151659608 -0.006252283230423927 
-0.003055199049413204 0.01975982077419758 0.0005243272171355784 
-0.005391140934079885 0.008593724109232426 -0.01015938073396683 
0.005896615795791149 0.01349953468888998 -0.01183743588626385 
0.007890044711530209 -0.0005057274247519672 -0.00083172443555668 
-0.001313767163082957 -0.006030306685715914 -0.001450363546609879 
-0.00239538075402379 -0.003215793985873461 -0.01047404576092958 
-0.002295875921845436 0.02954842895269394 7.779928273521364e-05 
0.007873333990573883 0.02927058935165405 -0.0106600895524025 
0.001767800655215979 0.006115329917520285 -0.01289771124720573 
-0.0008023103000596166 0.03101965226233006 0.0003550036635715514 
0.005415540654212236 0.01055413484573364 -0.01013159193098545 
-0.002013885648921132 0.02232220955193043 -0.009808419272303581 
0.007904818281531334 0.006973264273256063 -0.008036397397518158 
0.006459226366132498 0.01404872629791498 -0.0003716686042025685 
-0.007541185710579157 0.02013206109404564 -0.007013583090156317 
0.003206161083653569 0.02655964344739914 0.0009672165615484118 
-0.002431459724903107 0.02053188718855381 -0.01265659928321838 
0.008379516191780567 0.02343593910336494 -0.009803835302591324 
0.003093092469498515 -0.007694458123296499 -0.007050000131130219 
-0.0001572551991557702 0.01637565717101097 0.0009285666164942086 
-0.006654949858784676 0.007742603309452534 -0.001821141340769827 
0.006561051122844219 -0.006010009907186031 -0.007050000131130219 
0.007325849495828152 0.01386860013008118 -0.009283281862735748 
-0.007762627676129341 0.01612934470176697 -0.00215394189581275 
0.007531179115176201 0.02692075446248055 -0.00129043695051223 
0.008893091231584549 0.02042525447905064 -0.002854481572285295 
-0.006098205223679543 0.02119285054504871 -0.001917244400829077 
-0.002893275814130902 0.02943890169262886 -0.009620797820389271 
-0.005658427719026804 -0.005642960779368877 -0.01291539426892996 
-0.002915732329711318 -0.008190534077584743 -0.001397432526573539 
-0.007178717758506536 0.01854751631617546 -0.002291432814672589 
0.002992172725498676 -0.00441783806309104 -0.0105170663446188 
0.0009783563436940312 -0.002268934855237603 -0.001543367048725486 
-0.008635482750833035 0.01302384864538908 -0.002424303675070405 
0.003046101424843073 -0.001031845109537244 -0.01244943868368864 
-0.004806270357221365 0.02359136939048767 -0.003147190436720848 
0.005778679624199867 0.03229349851608276 -0.008637816645205021 
0.01112791988998652 0.00122796674259007 -0.005836672149598598 
0.008103329688310623 0.00313083897344768 -0.01135785505175591 
-0.005911941640079021 0.004654229618608952 -0.0102610606700182 
0.001846447237767279 0.00379690807312727 0.0008911262848414481 
-0.005971524398773909 -0.001604287419468164 0.0008249511593021452 
-0.0008338384213857353 0.006582831498235464 -0.01022171322256327 
0.001326161669567227 0.005877024959772825 -0.001755195669829845 
0.005071829073131084 0.02049447596073151 0.0006118222372606397 
0.008767446503043175 0.002573292935267091 -0.01099334470927715 
0.005931308027356863 0.03268750756978989 -0.005538994446396828 
0.002067695604637265 0.01290127076208591 -0.001936899847351015 
0.004549931269139051 0.007212263531982899 -0.01245039328932762 
-0.003287575440481305 0.02731664106249809 -0.002324671950191259 
0.005028392188251019 0.01362536754459143 9.011595830088481e-05 
0.003457397688180208 -0.004050441086292267 -0.00494999997317791 
0.001923498813994229 0.02549163624644279 0.00109134940430522 
-0.0012332295300439 0.02144335210323334 -0.002166956895962358 
0.003634825348854065 0.01678877323865891 0.0006800696719437838 
-0.003928521648049355 0.002797936322167516 -0.01293274760246277 
0.002936567645519972 -0.003948424011468887 -0.00494999997317791 
-0.0008389580762013793 0.004156879615038633 -0.01028501149266958 
0.006135427393019199 0.001410360215231776 -0.01178745087236166 
-0.007670701015740633 0.01910769380629063 -0.003930008038878441 
-0.006039211060851812 0.01715416461229324 -0.002065418288111687 
-0.003711607772856951 0.03103991970419884 -0.01020397245883942 
-0.002819407265633345 0.02249760366976261 0.0003836536779999733 
-0.00405384274199605 -0.00645698606967926 -0.01055504288524389 
-0.00401640497148037 0.003598338924348354 -0.01290945522487164 
-0.006324630230665207 -0.006470507942140102 0.0008464912534691393 
0.0007719617569819093 -0.004460255149751902 -0.003949999809265137 
-0.005396567285060883 0.02628464996814728 -0.007530701346695423 
-0.001816511387005448 -0.004042105283588171 -0.001503170933574438 
-0.007803523913025856 0.01728575676679611 -0.002836283762007952 
0.006660712882876396 -0.005557624157518148 -0.008050000295042992 
0.008684468455612659 -0.001177453203126788 -0.01074107270687819 
0.007910473272204399 0.006905968300998211 -0.008178634569048882 
-0.004639300517737865 -0.004346608649939299 -0.001501349965110421 
0.002196877496317029 0.03114466555416584 -0.002412708709016442 
0.007433050312101841 0.01854157634079456 -0.0009209606796503067 
0.002199872862547636 -0.00480965431779623 -0.01256023161113262 
-0.0009389346232637763 -0.001733277575112879 -0.003949999343603849 
0.006206844933331013 0.0271937157958746 -0.005696539767086506 
-0.004424352198839188 0.007415327243506908 -0.00180777651257813 
0.004388917703181505 0.02645993605256081 -0.009714286774396896 
-0.004993894603103399 -0.008108682930469513 -0.01134590525180101 
-0.00386938126757741 0.01447531208395958 0.0006838117260485888 
0.001656247302889824 0.01146920770406723 0.0008703400962986052 
-0.003598706796765327 0.01538588386029005 0.0006695544579997659 
0.003744797548279166 0.01019689999520779 -0.001862698351033032 
0.01014989987015724 0.0087396539747715 -0.004278294742107391 
-0.007592679932713509 0.01857606694102287 -0.008800700306892395 
-0.002565152710303664 0.01461566239595413 -0.01000834070146084 
0.003612490370869637 -0.008281322196125984 -0.001380846952088177 
-0.003872676519677043 0.0157113429158926 0.0005908922757953405 
0.006707906723022461 -0.002142260549589992 -0.008050000295042992 
-0.005132608115673065 0.03292011097073555 5.215406578829018e-11 
-0.0009408193291164935 0.006951956544071436 0.001090366044081748 
0.001030856743454933 0.01633883640170097 -0.01290038228034973 
-0.007569686509668827 -0.005321456119418144 -0.01051780581474304 
-0.0003308486193418503 -0.006425841711461544 0.0008816526969894767 
-0.00180618604645133 0.02839075773954391 -0.002349498681724072 
0.007757017854601145 -0.004223756026476622 -0.0007157239597290754 
0.008096347562968731 -0.001508956425823271 -0.007834859192371368 
-0.002409487031400204 0.01600554399192333 -0.009972406551241875 
-0.005085869692265987 0.01669474504888058 -0.01206737291067839 
0.006456518545746803 0.01461177412420511 -0.01002795342355967 
0.001272448338568211 0.0166514553129673 -0.01289196498692036 
0.006758665200322866 0.01786755956709385 -0.01151766441762447 
0.005649592261761427 -0.002556361025199294 -0.00494999997317791 
0.006443188991397619 0.01016818173229694 -0.0003255618794355541 
0.001533520873636007 0.002200572052970529 -0.001658804947510362 
0.004402511287480593 0.01979118585586548 -0.009888347238302231 
0.0006209437851794064 0.02123359963297844 -0.009842527098953724 
0.004133009351789951 -0.005087614525109529 -0.01053701341152191 
0.002590143587440252 -0.002300032414495945 0.0005163459572941065 
-0.001875974819995463 0.02529037371277809 0.0005905934958718717 
0.007678805850446224 0.009664812125265598 -0.007992735132575035 
-0.004360341466963291 0.01768475584685802 0.0002653027477208525 
-0.002864247187972069 0.01208100281655788 0.000927334651350975 
-0.006761793512851 0.01388491876423359 -0.007687069941312075 
0.007238643709570169 0.001445474568754435 -0.0002842769317794591 
-0.008448882959783077 0.0007930843275971711 -0.01175152789801359 
-0.007214548531919718 -0.006183728110045195 -0.0005220976890996099 
0.004440666176378727 -0.0004485560057219118 -0.003949999809265137 
0.006364309228956699 -0.007307913154363632 -0.007644303143024445 
-0.005226324312388897 0.01830809190869331 -0.002093773800879717 
0.005751053802669048 0.01803033985197544 -0.01200164202600718 
-0.00100956775713712 0.02333149500191212 -0.009784252382814884 
0.009244285523891449 0.02458849921822548 -0.006169401109218597 
-0.00216352054849267 0.03455179184675217 -0.002400000113993883 
0.009507469832897186 0.01997552625834942 -0.007493306417018175 
0.002793584950268269 0.01087925955653191 0.0001746356138028204 
0.001945645199157298 -5.672971019521356e-05 -0.01200000010430813 
-0.004044179804623127 0.007421131245791912 0.0009991527767851949 
-0.002139863092452288 0.02106050960719585 -0.009841073304414749 
0.00266075786203146 0.03174655139446259 -0.01214045193046331 
0.009819903410971165 -0.001168778399005532 -0.002534531522542238 
-0.007409798447042704 0.0104751531034708 -0.01169564761221409 
0.004320199135690928 0.01909895054996014 -0.01270783413201571 
-3.481633029878139e-05 0.03388995304703712 -0.01224915310740471 
0.008332385681569576 0.001881251228041947 -0.004408916924148798 
0.0022708042524755 0.000434484303696081 -0.01038887817412615 
0.001108301687054336 -0.0009564360370859504 -0.006805854383856058 
0.005073659121990204 -0.006400438491255045 -0.01205405499786139 
0.01025752164423466 0.008308375254273415 -0.005863551050424576 
0.0003444024187047035 -0.009519775398075581 -0.01129724085330963 
-0.003237328492105007 0.01338074076920748 0.0008448579465039074 
-0.0050312215462327 -0.004330648109316826 -0.01295992359519005 
-0.004320858046412468 -0.004371887538582087 0.001021564239636064 
0.006244911812245846 0.008310742676258087 -0.001808069413527846 
0.002328054513782263 -0.005417403765022755 -0.007050000131130219 
-0.0002024231653194875 -0.001435576239600778 -0.00445114728063345 
0.002164960373193026 -0.007005598396062851 -0.01254190411418676 
-0.008868820033967495 0.01428317278623581 -0.005717095918953419 
-0.008294861763715744 0.006266795098781586 -0.006539764814078808 
-0.008600686676800251 0.01552102528512478 -0.006957795470952988 
0.006894459016621113 0.01039554178714752 -0.00055166200036183 
0.004033123143017292 0.008536012843251228 -0.01018126774579287 
-0.00338695733807981 0.02738187089562416 -0.002326589310541749 
0.007022727280855179 0.002292838878929615 -0.0002087382017634809 
-0.004467770457267761 0.02522284165024757 -0.001818874152377248 
0.00658275093883276 0.02271759882569313 -0.00790126621723175 
-0.003713287180289626 0.01104037649929523 -0.01009916048496962 
-0.006864833179861307 -0.006436108145862818 -0.001451677875593305 
-0.007800360675901175 -0.00329538295045495 0.0003714737249538302 
0.006061391439288855 0.02892846614122391 -0.002735935850068927 
-2.594140823930502e-05 0.03395861014723778 0.0002063523570541292 
0.008278440684080124 0.002523228526115417 -0.006299579050391912 
0.001397261512465775 0.008698487654328346 -0.01017132867127657 
0.001909584039822221 0.01164599694311619 -0.01009551621973515 
0.003616503672674298 -0.003704975359141827 0.0003393703955225646 
0.001664611743763089 -0.00415164465084672 -0.01264012604951859 
0.009775696322321892 0.004413146059960127 -0.009972995147109032 
0.000345022592227906 0.02849730104207993 -0.01273518055677414 
0.006266368087381124 0.02648602053523064 -0.002319246530532837 
-0.009312361478805542 0.006370757706463337 -0.009949071332812309 
-0.001219079014845192 0.03400533273816109 -0.009600000455975533 
-0.003115842118859291 0.02672351710498333 -0.0005521277198567986 
0.00639731390401721 -0.008574757725000381 -0.009061740711331367 
0.007842464372515678 0.007715588435530663 -0.007372282911092043 
0.0108038354665041 0.004995086695998907 -0.007033098489046097 
-0.005258958321064711 0.03314937651157379 5.215405884939628e-11 
-0.009016034193336964 0.01338545139878988 -0.007141197565943003 
-0.004817962646484375 0.02348045445978642 -0.007408043835312128 
-0.006432402413338423 0.01452204119414091 -0.0003140316694043577 
-0.0007758846622891724 0.03097038716077805 0.0004255541425663978 
-0.0027781599201262 -0.0004017407773062587 -0.003949999809265137 
-0.001232828013598919 0.002409407403320074 -0.001670237630605698 
-0.005774196237325668 0.01873855665326118 -0.006959641352295876 
0.00440822821110487 0.0001578140654601157 -0.001599278999492526 
-0.004677827470004559 0.02259127050638199 -0.009795635938644409 
7.631697371834889e-05 -0.00263885734602809 -0.006667845882475376 
0.01093166880309582 0.001969851087778807 -0.007571720518171787 
0.00503966910764575 0.02239929884672165 0.0006867675692774355 
0.001355981919914484 0.01128625683486462 -0.01010370627045631 
-0.0004995794151909649 0.03223062679171562 0.0003602817887440324 
0.001792510505765676 -0.006213889922946692 -0.008050000295042992 
0.005362141877412796 0.0209844745695591 0.0005355490720830858 
0.006831567268818617 0.032280582934618 -0.00114723271690309 
-0.008460940793156624 0.01601100340485573 -0.00434970622882247 
0.003081808565184474 0.03169620409607887 -0.002425188198685646 
-0.002451810985803604 0.01902644708752632 -0.009893480688333511 
-0.00360411056317389 0.01561830006539822 -0.009979928843677044 
0.007812634110450745 0.004144495353102684 -0.0114722466096282 
0.003018936142325401 -0.005995068233460188 -0.003949999809265137 
-0.0003610446292441338 0.001451709889806807 -0.007210051640868187 
-0.002123143058270216 0.01267141569405794 -0.01295432820916176 
-0.002934231655672193 0.00330854719504714 -0.01030261814594269 
0.00318655907176435 0.01021388731896877 0.0004609303432516754 
0.009431056678295135 0.0213013794273138 -0.007189597003161907 
0.008949280716478825 0.02863616123795509 -0.005435332655906677 
0.004983848892152309 0.01702769473195076 -0.01219626702368259 
0.0007811444229446352 -0.004937062039971352 -0.0105258347466588 
-0.010037986561656 0.007172022946178913 -0.00414951890707016 
-0.008431972935795784 0.01583712175488472 -0.008156581781804562 
-0.00548633374273777 0.02992349676787853 -0.002118529519066215 
-0.008975858800113201 0.01368006691336632 -0.005354379303753376 
0.007425716146826744 0.01267901621758938 -0.00849345326423645 
-0.003333495697006583 0.02259788848459721 -0.01209056284278631 
0.008743235841393471 -9.41431790124625e-05 -0.001343235722742975 
0.010680191218853 -0.0006777801318094134 -0.007909318432211876 
-0.004700761288404465 0.02409488707780838 -0.008325021713972092 
0.006404401734471321 0.01137525402009487 -0.01167810242623091 
0.003251604735851288 -0.006830637343227863 -0.00494999997317791 
-0.005302052013576031 0.02109493687748909 -0.007589385844767094 
0.005608234088867903 0.003766034264117479 -0.00169084535446018 
-0.003196537494659424 0.006319076754152775 -0.01309738121926785 
-0.003392867045477033 0.002879627980291843 -0.01295840367674828 
0.001132093835622072 -0.006168266758322716 -0.007262606173753738 
-0.009158868342638016 -0.002667880384251475 -0.001257549505680799 
-0.001943249488249421 0.02984075620770454 -0.01171745359897614 
-0.0002462738484609872 0.02238798886537552 -0.01307569816708565 
-0.005227755289524794 -0.001512975548394024 -0.001576709793880582 
-0.006985166110098362 0.01280766539275646 -0.003590364940464497 
0.00885278545320034 0.02878657728433609 -0.003048674669116735 
0.002717495197430253 0.01385230198502541 -0.01210290659219027 
-0.00444495864212513 0.01543841231614351 -0.002017195336520672 
0.00846318993717432 -0.004525057505816221 -0.001052837818861008 
0.002756271045655012 0.01144061516970396 -0.001897292910143733 
0.004410956054925919 -0.00153284496627748 -0.01044484693557024 
0.01058897189795971 -2.486257290001959e-05 -0.003101133741438389 
0.003652429208159447 0.01457486115396023 -0.01238285750150681 
0.00217439653351903 0.005280829034745693 -0.01284369267523289 
0.004361791536211967 0.03150466457009315 -0.01199728064239025 
0.00660949619486928 0.001951204612851143 -0.01192631013691425 
-0.002653103787451982 0.03558235242962837 -0.001744096749462187 
-0.008981131017208099 0.002183051314204931 -0.0008535532979294658 
0.009836481884121895 -0.0006622817018069327 -0.009403782896697521 
0.009533373638987541 -0.00472582271322608 -0.009146679192781448 
-0.004364695399999619 -0.001276178983971477 -0.01041916944086552 
0.00105315912514925 -0.00727139925584197 0.0006860457942821085 
-0.004263866227120161 0.02752291783690453 -0.002671709284186363 
0.01015138812363148 0.009529350325465202 -0.004819120280444622 
0.001300913980230689 0.02635817788541317 -0.01306396164000034 
-0.003737926715984941 0.0005790600553154945 -0.0103721097111702 
0.001422562170773745 0.0003389971097931266 -0.004198513925075531 
-0.004203349351882935 0.01285324431955814 0.0007325466140173376 
0.005312239751219749 -0.003098112996667624 -0.007050000131130219 
0.005194987636059523 0.00689399940893054 -0.01231314055621624 
-0.004152140580117702 0.01940768957138062 0.0001299119903706014 
0.004274608567357063 -0.007721291854977608 -0.007050000131130219 
-0.0002144105674233288 0.01386407576501369 -0.01292738690972328 
0.00357382046058774 0.02354378812015057 -0.01301486976444721 
-0.003904811572283506 0.02145849168300629 -0.01196223963052034 
-0.004673740360885859 0.02421055547893047 -0.007880286313593388 
0.001912908162921667 -0.007822368294000626 -0.00139655964449048 
0.008384373970329762 0.001262386795133352 -0.00832690205425024 
-0.0008150551584549248 -0.001992900157347322 -0.01267216540873051 
0.00197840528562665 0.02485454455018044 -0.002249031327664852 
-0.0005460245884023607 -0.00139438477344811 -0.006014274898916483 
-0.009898466989398003 0.006665790919214487 -0.006042599678039551 
0.006163311190903187 0.02771251834928989 -0.004632392432540655 
0.002495416440069675 0.02436050772666931 -0.002235020510852337 
0.0001405688235536218 -0.00812892522662878 -0.01060774549841881 
-0.007178342901170254 0.01098645105957985 -0.0002280798944411799 
0.004875693935900927 -0.007044637575745583 -0.001410309807397425 
0.00528379762545228 0.0005355835310183465 -0.00494999997317791 
0.008691743016242981 -0.002619724255055189 -0.006466961465775967 
-0.001449495321139693 -0.0001032207510434091 -0.0001094005492632277 
-0.004809150472283363 -0.00228840415365994 -0.00155540369451046 
-0.004284320399165154 0.01086956541985273 -0.01284493505954742 
0.003234495874494314 0.01855729706585407 -0.002081978833302855 
0.007983649149537086 -0.0005050561157986522 -0.0008785532554611564 
-0.0006356852827593684 -0.007777243852615356 -0.01289173774421215 
-0.007825165987014771 0.01233351603150368 -0.01099591329693794 
0.003301601624116302 0.02529236301779747 -0.009742405265569687 
-0.005951962433755398 0.01786383986473083 -0.007061229087412357 
-0.006462930701673031 0.005835249554365873 -0.001770950970239937 
-0.006166227161884308 0.01682359166443348 -0.004433282651007175 
-0.004058650694787502 0.005499479826539755 -0.01292695477604866 
0.003493473399430513 -0.005831328686326742 -0.007117575500160456 
0.008643390610814095 0.02743114158511162 -0.003361552022397518 
0.006058720871806145 0.02739799208939075 -0.002306581940501928 
-0.001352885505184531 0.02659392729401588 -0.009698372334241867 
0.009460163302719593 0.00170324754435569 -0.01048627868294716 
0.005810061004012823 0.02471622452139854 0.0003897200804203749 
0.002920904429629445 -0.0007237757090479136 -0.005172138102352619 
-0.005269517190754414 0.03375936299562454 -0.002400000113993883 
0.001704247901216149 -0.0001337699504802004 5.215405191050237e-11 
-0.004447867162525654 0.02535016275942326 -0.008473696187138557 
0.008867682889103889 0.03082002326846123 -0.003517999080941081 
-0.00612760940566659 0.02016335353255272 -0.01050476357340813 
-0.007502321153879166 0.001735355472192168 0.0002387207059655339 
0.00781231839209795 0.0183112807571888 -0.01074441336095333 
-0.005829805042594671 0.01584909670054913 -0.009969091974198818 
0.004627200774848461 0.02035305462777615 -0.002125829923897982 
-0.008098662830889225 0.007294545881450176 -0.00812197383493185 
0.006125448271632195 0.02816320024430752 -0.005294395610690117 
0.005367420148104429 0.01824036799371243 -0.002069095149636269 
0.00342887151055038 0.03169747814536095 -0.001546164508908987 
-0.00636831670999527 0.01576997898519039 -0.005927259102463722 
0.0008033752674236894 -0.007819855585694313 -0.0106011126190424 
0.005014925263822079 0.02213659882545471 -0.0126849040389061 
0.007617770228534937 -0.007564057130366564 -0.004609264433383942 
0.001126181799918413 -0.002442817436531186 -0.008050000295042992 
-0.0002803282986860722 -0.002161254175007343 -0.01213831081986427 
0.005837040487676859 0.0008280432666651905 -0.004239095374941826 
-0.005578856449574232 0.0253828801214695 -0.007772460579872131 
-0.008000673726201057 0.007775453850626945 -0.001824909122660756 
0.004406115040183067 0.01506642438471317 -0.01001165434718132 
-0.008984224870800972 0.01368256472051144 -0.006230325438082218 
0.006332231685519218 0.03296465799212456 -0.00838441401720047 
-0.003073580330237746 -0.006542336195707321 -0.01304418779909611 
-0.0003216328914277256 -0.002445931313559413 -0.0129361916333437 
0.00812614057213068 0.004337763413786888 -0.008628189563751221 
-0.00123204430565238 0.005779635161161423 -0.01024181302636862 
-0.005818000994622707 0.03358647599816322 -0.01045454107224941 
-0.004833978600800037 -0.004567192401736975 -0.01298048347234726 
0.007627846673130989 0.01027193013578653 -0.008692326955497265 
-0.0008190227090381086 0.02485896088182926 0.000940319208893925 
0.002658890560269356 0.00740494392812252 -0.01276838593184948 
-0.0003224986721761525 0.02690625563263893 -0.002307549584656954 
-0.00599402142688632 0.01361488550901413 -0.01207852270454168 
0.004730995278805494 -0.007366479374468327 -0.01059777662158012 
0.00618778495118022 0.03286498785018921 -0.006836144719272852 
-0.002619413426145911 -0.0006793417269363999 -0.01301639061421156 
0.01013764273375273 0.01012325473129749 -0.005310652777552605 
0.001090170932002366 0.01658789440989494 0.0009044661419466138 
0.006854797713458538 -0.003643022384494543 -0.01160256937146187 
-0.003578951116651297 0.03390594571828842 -0.01195044722408056 
0.008739396929740906 0.0149287236854434 -0.002086706459522247 
-0.001450060168281198 0.03290214762091637 -0.01045336201786995 
0.007388926111161709 0.01311635039746761 -0.006259521469473839 
0.009985800832509995 0.005097012035548687 -0.002375722397118807 
0.008517753332853317 0.02604303695261478 -0.002772669773548841 
-0.004150071647018194 0.03272213786840439 -0.009599999524652958 
-0.001426269533112645 0.006036805920302868 -0.0131164975464344 
-0.009991342201828957 0.00564294122159481 -0.007146849296987057 
0.004255688283592463 0.004902941174805164 -0.01249794568866491 
-0.003487326903268695 0.02295060455799103 -0.01195408310741186 
-0.005862485617399216 0.01485019270330667 -0.002004910493269563 
0.001306562451645732 0.02216517552733421 -0.01313325855880976 
-0.005139300134032965 0.02188697271049023 -0.007257552817463875 
0.003773526754230261 0.009853959083557129 0.000364534294931218 
0.009021720848977566 -0.003027466591447592 -0.01057091914117336 
-0.00505532044917345 0.02706806361675262 -0.004995758179575205 
0.00606736121699214 -0.006614177022129297 -0.003949999809265137 
0.007408523000776768 0.01288408227264881 -0.009380743838846684 
0.000739958428312093 0.03325830027461052 -0.002400000346824527 
-0.001439663115888834 0.02332502603530884 -0.002216508379206061 
0.0004874724545516074 -0.002546993317082524 0.0008286868105642498 
-0.008602827787399292 0.01488831825554371 -0.00355916703119874 
0.001808960689231753 -0.007004753686487675 -0.004326581489294767 
-0.003598127514123917 0.02491132728755474 -0.0004345788038335741 
-0.004092291928827763 -0.001907598692923784 -0.001563785132020712 
0.01044443808495998 -0.002741675125434995 -0.005936999339610338 
-0.001348568825051188 0.03529009222984314 -0.0008435779018327594 
-0.008916697464883327 -0.000381368852686137 -0.0005115081439726055 
-0.005538740195333958 0.0339338481426239 -0.009599999524652958 
-0.004024560563266277 0.010341826826334 -0.01011671684682369 
-0.008283302187919617 0.01676436327397823 -0.007669060025364161 
0.00399556802585721 0.00481428112834692 -0.01254897005856037 
-0.00705777807161212 0.02151691913604736 -0.004228352569043636 
0.007909833453595638 0.00116218626499176 -0.005145639646798372 
-0.004550606943666935 0.02691066265106201 -0.007964009419083595 
-0.004564152099192142 0.02480552159249783 -0.01053912099450827 
0.003724699839949608 0.01579689979553223 0.0002720293123275042 
0.005965362302958965 0.002628735732287169 -0.009593798778951168 
0.0008196755079552531 0.005061491392552853 -0.01026499085128307 
-0.005327297374606133 0.03431489318609238 -0.002044064458459616 
0.007919373922049999 0.004147315863519907 -0.001695797429420054 
-0.00284292921423912 0.01162965036928654 -0.01008566468954086 
0.001523202518001199 0.02666886150836945 -0.009702636860311031 
-0.0009104134514927864 0.03046654909849167 -0.002400000346824527 
-0.005107453092932701 0.02604707144200802 -0.008500167168676853 
0.008764711208641529 0.02048412151634693 -0.00941658578813076 
0.00359738152474165 0.01512942649424076 -0.001991738565266132 
-0.002842329908162355 -0.009076545014977455 -0.0005276543088257313 
0.0077598812058568 0.01977358944714069 -0.01075968146324158 
-0.00404640194028616 0.02844037301838398 -0.01082523912191391 
0.00991503894329071 0.01438900548964739 -0.006358555518090725 
-0.008490024134516716 0.004801932256668806 -0.01025163102895021 
0.006398580968379974 0.02491120621562004 -0.00883299857378006 
-0.004409551154822111 0.01839335449039936 -0.009905767627060413 
-0.005098105873912573 -0.007434855680912733 -0.01057830452919006 
0.00451792124658823 0.02340654842555523 -0.01284932252019644 
0.005378840491175652 -0.00540086068212986 -0.007543689571321011 
-0.001458844402804971 0.03446726873517036 5.478885941556655e-05 
0.00210652849636972 0.01714653894305229 0.0008493209606967866 
0.003508280031383038 0.02648931741714478 -0.01294677890837193 
0.007058764807879925 0.01705014333128929 -0.002608149312436581 
0.00733474874868989 0.02401198074221611 -0.01104241330176592 
0.004512778017669916 -0.006963690742850304 -0.003949999809265137 
0.001476140110753477 0.02103134989738464 -0.01309419050812721 
-0.002690158784389496 0.02443162724375725 -0.009751908481121063 
0.008097324520349503 0.02459429390728474 -0.01012653298676014 
0.008233585394918919 0.01957435347139835 -0.001717025879770517 
0.005061914213001728 0.02622072957456112 -0.00227801501750946 
-1.463422086089849e-05 -0.002629264257848263 -0.005689973942935467 
0.00612413976341486 0.005521534010767937 6.081189349060878e-05 
-0.0007928927079774439 0.03156893700361252 -0.002400000113993883 
0.003348252736032009 0.005586701445281506 -0.001743246102705598 
0.005412002559751272 0.01356433611363173 -0.01199944131076336 
0.000788422767072916 -0.007301350124180317 -0.01058754976838827 
0.006616993807256222 0.02231147326529026 -0.002639917889609933 
0.003383617382496595 0.02650398947298527 0.0009554058779031038 
-0.004071665927767754 0.009939519688487053 -0.01291932817548513 
0.001426059985533357 0.008316228166222572 -0.001818634103983641 
0.007308721542358398 -0.004648972302675247 -0.003728638170287013 
-0.007480709347873926 -0.0006393084768205881 -0.001604216289706528 
0.005834437906742096 -0.002584418281912804 -0.008050000295042992 
0.005219209939241409 -0.001261814730241895 -0.008050000295042992 
-0.0003352009516675025 0.004068066366016865 -0.01291090529412031 
-0.002999387215822935 0.0004728718195110559 -0.001623521442525089 
0.0007577577489428222 0.01440819445997477 -0.01288014370948076 
0.005783464293926954 -0.004396667703986168 -0.001477448968216777 
0.004030577372759581 -0.003599707270041108 -0.007050000131130219 
0.007343738805502653 0.001589142950251698 -0.009668029844760895 
0.001919260481372476 0.01511202659457922 -0.001994913909584284 
-0.0007191814947873354 0.02806202322244644 0.0006235745968297124 
-0.004793977364897728 0.02660590223968029 -0.003007023828104138 
-0.009675391018390656 0.005555648356676102 -0.009431762620806694 
-0.008309760130941868 0.01641785353422165 -0.008083224296569824 
-0.00168653775472194 0.001288800500333309 -0.001641975133679807 
-0.001818602788262069 -0.002763369819149375 -0.004430593922734261 
0.0002201916213380173 0.02941746264696121 0.0006554188439622521 
0.007456440478563309 0.01231291610747576 -0.004168681334704161 
0.006140816956758499 0.03295024484395981 -0.009550945833325386 
0.003983627073466778 0.008047563023865223 -0.01019390765577555 
-0.006111121736466885 0.03253770619630814 -0.01044494844973087 
-0.000735393725335598 0.001268139225430787 -0.005816497374325991 
-0.008072671480476856 0.01674786768853664 -0.003198695369064808 
-0.00461399694904685 0.002064864384010434 -0.01033144071698189 
-0.006477868184447289 0.0172811783850193 -0.01103469915688038 
-0.003635226283222437 0.01425430923700333 -0.0100154560059309 
0.00814550369977951 0.006058433093130589 -0.000707936764229089 
-0.007938606664538383 -0.003776411525905132 -0.01047668792307377 
0.006659219972789288 0.03319299966096878 -0.009056652896106243 
-0.00695021403953433 0.02229421958327293 -0.007161678746342659 
0.008080895990133286 0.004877252504229546 -0.002066886285319924 
0.005009036045521498 -0.001877949573099613 -0.007050000596791506 
0.005971505772322416 0.0299988929182291 -0.002857845276594162 
0.002964076120406389 0.01938713528215885 0.0009091658284887671 
-0.006288004573434591 -0.002506802789866924 -0.001553055830299854 
-0.001269082888029516 0.0202621091157198 0.0009235349716618657 
0.00400111498311162 0.02148679085075855 0.0009180317865684628 
0.005435853265225887 0.03208043426275253 -0.002430124208331108 
0.0002577406703494489 0.00933461356908083 -0.01015226263552904 
0.009528862312436104 0.0192191656678915 -0.004368851892650127 
0.007529834285378456 0.01143877860158682 -0.004419264383614063 
-0.004181616473942995 0.03453537821769714 -0.01200000010430813 
-0.005644123069941998 0.01338240411132574 0.0002590416115708649 
0.007289265282452106 0.01768286153674126 -0.0008247173391282558 
-0.004988175351172686 0.02062774077057838 -0.01142159011214972 
0.0008807592676021159 0.01780281029641628 -0.009932620450854301 
-0.006607952527701855 0.01472820155322552 -0.009944569319486618 
0.007081202231347561 -0.00479409471154213 -0.009183131158351898 
-0.003810360329225659 0.002180734416469932 0.0009545306675136089 
0.008733581751585007 0.02674867026507854 -0.00851010624319315 
-0.00817608367651701 0.00508304825052619 -0.0004742087621707469 
0.0009843725711107254 -0.00841995794326067 -0.001383035909384489 
0.005904722958803177 0.0292659867554903 -0.01212288066744804 
-0.004802283365279436 0.0235140472650528 -0.005784828215837479 
0.008028884418308735 0.001072396873496473 -0.007171581499278545 
-0.002644881373271346 0.009050142951309681 -0.01304782088845968 
0.006254239939153194 0.007429054006934166 -0.01200479082763195 
0.007026583887636662 0.01743143796920776 -0.005876205861568451 
-0.006861437577754259 0.0198730006814003 -0.009546057321131229 
-0.004846297204494476 0.0178612619638443 -0.01201946847140789 
0.004493324086070061 0.02957431226968765 -0.0023667614441365 
0.006738292053341866 0.002045780653133988 -0.01007869280874729 
0.002521097427234054 -0.004347499459981918 0.0005125614115968347 
0.005682668648660183 0.01207915879786015 -0.01191184017807245 
0.004495483823120594 -0.002711387816816568 -0.01217049080878496 
0.005102614406496286 0.006187868304550648 -0.01232896838337183 
0.005741597153246403 -0.008581651374697685 -0.0007687933975830674 
0.004986080341041088 0.007910302840173244 0.0003624717355705798 
0.005384982097893953 0.0006710299057886004 -0.007208176422864199 
0.007407166995108128 0.003637485206127167 -0.01031639985740185 
-0.006759887095540762 -0.0001347422949038446 -0.001615797751583159 
1.710887227091007e-05 0.02144519984722137 0.001071271020919085 
0.008145552128553391 0.002431375905871391 -0.01034947112202644 
0.01072455570101738 0.003969687037169933 -0.003968431148678064 
0.00621738750487566 -0.006792148575186729 -0.0002585701586212963 
-0.007848828099668026 0.002559702144935727 -0.01198592036962509 
0.004957989789545536 -0.001597339403815567 6.877900887047872e-05 
0.007473128847777843 -0.003402441740036011 -0.002251127269119024 
-0.003601562231779099 0.0140607999637723 -0.001979420427232981 
0.008080967701971531 -0.007084793876856565 -0.004880750551819801 
-0.0004353141412138939 -0.004231229424476624 -0.007081195712089539 
-0.0001516860211268067 0.02558694407343864 -0.009727248921990395 
0.01054175011813641 0.0009792252676561475 -0.003100104397162795 
0.006783068180084229 0.02033206820487976 -0.007978623732924461 
-0.002004133770242333 0.02081877365708351 -0.009847675450146198 
0.01007953472435474 0.009767266921699047 -0.00418694457039237 
0.002221238100901246 0.006399961654096842 -0.0128349494189024 
-0.00400634529069066 0.03530053049325943 -0.01046924013644457 
-0.001770862843841314 0.02572919428348541 -0.002279964974150062 
0.007026398088783026 0.01743429899215698 -0.008048675954341888 
0.006906838621944189 0.01885747537016869 -0.006127928383648396 
0.007232734467834234 0.0149767966940999 -0.00478768814355135 
0.008721072226762772 0.006555759347975254 -0.001583611709065735 
0.007406727876514196 0.02090738341212273 -0.01105491816997528 
0.005225017201155424 0.01551310904324055 -0.01000176835805178 
0.007681614719331264 0.009631563909351826 -0.00350533053278923 
0.0002853291807696223 -0.004443366546183825 -0.01282730884850025 
0.007139719557017088 -0.001579046249389648 -0.0005204653716646135 
0.001886551734060049 0.01333404704928398 -0.001948585617356002 
0.002553966362029314 0.03155288472771645 -0.01233775354921818 
0.002683257218450308 0.003965476062148809 -0.01276553049683571 
0.005246927961707115 1.133546174969524e-05 5.214591510593891e-06 
0.009960690513253212 0.00290704658254981 -0.009806755930185318 
-0.002300555119290948 0.001799053512513638 -0.008050000295042992 
0.004332186654210091 0.02572428993880749 -0.002266637980937958 
-0.009255670011043549 0.0002177144197048619 -0.000895592849701643 
0.005661718547344208 0.02376948297023773 -0.002212749095633626 
0.004333388525992632 0.01511224545538425 0.0002797250635921955 
-0.001692259917035699 -0.009235437959432602 0.0009735823841765523 
0.004491474479436874 -0.002389289904385805 -0.01046737097203732 
-0.001774733769707382 0.02304504811763763 0.000738678383640945 
-0.001310586463660002 0.02268334291875362 -0.009800516068935394 
-0.006738945841789246 0.00485009141266346 -0.01235213503241539 
-0.006286963820457458 0.02044510841369629 -0.001837518066167831 
0.00755425076931715 0.003195484867319465 -0.001671747770160437 
-0.005895016714930534 0.01822051033377647 -0.009107941761612892 
0.007045144215226173 0.01721088774502277 -0.00471928808838129 
-0.005457350984215736 0.02032209187746048 -0.007442519068717957 
-0.006433202419430017 0.01551487576216459 -0.004145415034145117 
0.008173397742211819 0.003774605458602309 -0.00446752505376935 
-0.007535142358392477 0.01003423519432545 -0.005102742463350296 
-0.004252186976373196 0.005387897603213787 -0.012853036634624 
-0.009634988382458687 0.00917620025575161 -0.008747459389269352 
0.008915022015571594 -0.005880589131265879 -0.003814585274085402 
-0.005097649060189724 0.02218611910939217 -0.002204796066507697 
0.01027843728661537 0.007184425368905067 -0.004897289909422398 
-0.001112793805077672 0.01159594394266605 -0.01299074944108725 
-0.004264411516487598 0.0152706690132618 -0.01251750998198986 
0.006976040080189705 0.0252278633415699 -0.0003275396884419024 
-0.008379506878554821 0.001292803208343685 -0.0002401499368716031 
-0.007610254921019077 0.007532945368438959 -0.01018226332962513 
0.00325865438207984 0.02461196482181549 -0.009760067798197269 
0.003483117558062077 0.03111042641103268 -0.002409033244475722 
0.00115160527639091 0.002792971907183528 0.0007752376259304583 
0.0008861516253091395 0.01065346039831638 0.0009370191837660968 
-0.002543535083532333 -0.007400947622954845 -0.001417217077687383 
-0.003472696058452129 0.03320015966892242 -0.001699967077001929 
0.004824863746762276 0.02816771157085896 -0.01259605307132006 
-0.00849985983222723 0.008568095974624157 -0.0009468222269788384 
-0.005358947906643152 0.008591445162892342 -0.001840490382164717 
0.0009789234027266502 0.004610818345099688 -0.001722903223708272 
-0.001209034118801355 0.031571876257658 -0.009866482578217983 
0.00234550517052412 0.03108939714729786 -0.009589055553078651 
0.003974882885813713 -0.009061991237103939 -0.01094952877610922 
0.01050398871302605 -0.002139260061085224 -0.007547771092504263 
0.001504398649558425 0.03162574023008347 -0.002426760736852884 
0.007401819340884686 0.01296359207481146 -0.003876577131450176 
-0.008558244444429874 0.01436339318752289 -0.002986877225339413 
-0.006782625801861286 -0.006725606042891741 -0.01063237339258194 
-0.008871550671756268 0.01078345254063606 -0.002014129888266325 
-0.001772551913745701 0.004913092125207186 -0.01309737656265497 
-0.0008286487427540123 0.003999085165560246 -0.01028915122151375 
0.007442118134349585 -0.0005117094842717052 -0.009102212265133858 
-0.0005821171216666698 0.003836014773696661 -0.01291983015835285 
-0.004926657304167747 0.01827949099242687 -0.00209237914532423 
0.002591539639979601 -0.004081979859620333 -0.01050743460655212 
0.0005054370849393308 0.03143999353051186 0.0004872230929322541 
0.005191820673644543 0.01499862503260374 -0.01001512259244919 
-0.006396740674972534 -0.005544241983443499 0.0008230620878748596 
0.001603908836841583 0.02132574655115604 -0.01310620084404945 
0.01102730259299278 0.001543939579278231 -0.007138650864362717 
-0.004640399944037199 0.02437784150242805 -0.004049984738230705 
-0.009880512952804565 0.005127718672156334 -0.007486582733690739 
-0.008292324841022491 0.009818986058235168 -0.01105523761361837 
-0.004880809225142002 0.01850575022399426 -0.01190921943634748 
-0.007331807166337967 0.01283236686140299 -0.01137518789619207 
0.001405591145157814 -0.002895077224820852 -0.012693140655756 
-0.007867357693612576 -0.00526763079687953 -0.01199212204664946 
0.007336339447647333 -0.007218436803668737 -0.004452629946172237 
-0.001996382139623165 -0.0002231371909147128 -0.01039681117981672 
0.002581518143415451 -0.001402492402121425 -0.00494999997317791 
-0.00521103385835886 0.01218034606426954 -0.001933828229084611 
0.002727962331846356 -0.007677308283746243 -0.01060155592858791 
-0.003632665378972888 0.008134635165333748 -0.01300877891480923 
0.00246384646743536 0.02166998945176601 -0.01307979598641396 
0.002461812691763043 0.002209790982306004 0.0005678322049789131 
0.009421858936548233 0.009012800641357899 -0.009305552579462528 
-0.0003748709277715534 -0.004305926151573658 -0.007816946133971214 
0.005844307597726583 0.001856040791608393 -0.01201809290796518 
0.007101936265826225 0.001771515817381442 -0.009075420908629894 
-0.006294203922152519 0.01198820024728775 -0.0121361268684268 
-0.0003187622642144561 0.020328339189291 -0.01302516832947731 
0.005891952663660049 0.01412191055715084 -0.001960483845323324 
-0.00708810007199645 0.01226835884153843 -0.007576681673526764 
-0.000629407586529851 0.009295646101236343 -0.01303673535585403 
-0.0009954387787729502 0.03331124410033226 -0.001000000163912773 
0.007906503975391388 0.0294332429766655 -0.01060636155307293 
0.008090962655842304 -0.004285167902708054 -0.01114824879914522 
-0.001391328871250153 0.02691993862390518 -0.009689781814813614 
0.001678186934441328 -0.001795816118828952 0.0006658064085058868 
-0.003515232820063829 0.01957450062036514 -0.01238496880978346 
0.007180041633546352 0.01560448762029409 -0.007808830123394728 
0.005561503581702709 -0.006237534806132317 -0.01194404251873493 
0.007739704567939043 -0.005710003897547722 -0.005954509135335684 
0.01027053315192461 -0.003292803186923265 -0.006258687004446983 
-0.003826197702437639 0.02661433443427086 -0.00969249103218317 
0.005972641985863447 -0.004089338704943657 -0.00494999997317791 
-0.002733239438384771 0.01526134088635445 -0.002008872106671333 
0.005912350490689278 -0.006815788336098194 -0.0001577456423547119 
0.009073270484805107 -0.005697041749954224 -0.007637298665940762 
-0.001492517068982124 0.03418759629130363 6.296065112110227e-05 
-0.009191541001200676 0.009914877824485302 -0.009728088974952698 
0.00313974916934967 0.0110688041895628 0.0004661394632421434 
-0.005473969504237175 0.02031442895531654 -0.009467974305152893 
0.002947522327303886 0.01727952994406223 -0.009950745850801468 
-0.0039736432954669 0.03256124630570412 -0.01087621506303549 
0.005246514454483986 -0.00134296016767621 -0.01044169813394547 
-0.005033615510910749 0.01085731666535139 -0.01270357146859169 
0.009697032161056995 0.0006422378355637193 -0.01033201068639755 
0.004018377978354692 -0.003914699424058199 -0.00494999997317791 
-0.0001861118653323501 0.03262436389923096 -0.002400000113993883 
-0.009570959024131298 0.009494560770690441 -0.008786146529018879 
-0.005842203740030527 0.01382690574973822 -0.001978162443265319 
-0.001610070117749274 0.000969060231000185 -0.001633465522900224 
0.007064244709908962 0.01698390580713749 -0.008951914496719837 
-5.328282350092195e-05 0.03183756768703461 -0.009599999524652958 
-0.008985583670437336 0.01356190163642168 -0.004853986203670502 
0.00665578618645668 0.02184939384460449 -0.002753812586888671 
-0.00269430223852396 -0.001372842001728714 -0.01042530499398708 
0.009389612823724747 0.01182826515287161 -0.002882247092202306 
0.001161351799964905 0.005572087597101927 -0.01297416444867849 
0.0003958629968110472 0.0229311790317297 0.001130356919020414 
0.00577959232032299 0.01356023550033569 -0.01187658496201038 
0.005210171453654766 -0.004591629840433598 -0.007050000131130219 
-0.0002450610336381942 0.008346667513251305 -0.01303497888147831 
0.003149248892441392 0.01247534062713385 0.0004553393519017845 
0.003648130921646953 0.02701117657124996 -0.009698298759758472 
0.006037709768861532 0.02920985221862793 -0.003673579776659608 
0.001001276657916605 -0.003174868179485202 -0.01274593267589808 
0.00292678689584136 -0.005074511747807264 -0.007050000131130219 
-0.00962340459227562 0.008494138717651367 -0.002832770813256502 
-0.008554628118872643 0.01096719037741423 -0.001531951245851815 
-0.0004336972488090396 0.01609157584607601 -0.002025565365329385 
-0.003305353689938784 0.0004972972092218697 -0.01299233082681894 
0.0001866830716608092 0.006288428790867329 0.001050665508955717 
-0.008352602832019329 0.007187229581177235 -0.0005519801052287221 
-0.004581027664244175 0.01674765534698963 0.000286438618786633 
-0.007164942100644112 0.01192237343639135 -0.003506137756630778 
0.006011624820530415 0.02951888740062714 -0.007218407467007637 
0.005402334965765476 0.006449548527598381 -0.01023867912590504 
0.003877358511090279 -0.00627138651907444 -0.004431514069437981 
-0.001368583645671606 0.03019378148019314 -0.01234597899019718 
0.0002588022616691887 -0.003905538935214281 -0.01283752545714378 
-0.005271373316645622 0.01669586263597012 -0.01198424212634563 
-0.002570752520114183 0.03527474775910378 -0.01193248108029366 
-0.001647595781832933 0.01006513647735119 0.001024959492497146 
-0.002090883208438754 -0.005019375123083591 -0.01052177138626575 
-0.004394720308482647 -0.005327727179974318 -0.01052483543753624 
0.006590159609913826 -0.003775256685912609 -0.01167712267488241 
0.006125605665147305 0.0008525751763954759 -0.003494326025247574 
0.009769413620233536 0.00404002983123064 -0.01000628340989351 
0.009090542793273926 0.01203840039670467 -0.009635504335165024 
-0.006119387224316597 0.007633494213223457 0.0006019111606292427 
-0.007207096554338932 0.01747230067849159 -0.001869885250926018 
-0.004148886539041996 0.01704392954707146 0.0004020320775453001 
-0.002564001828432083 0.008505139499902725 0.00106044253334403 
0.008295388892292976 0.03290147334337234 -0.008538763970136642 
0.008382060565054417 0.02977321483194828 -0.009874057956039906 
0.007942833937704563 0.006520523689687252 -0.007984228432178497 
-0.007768664043396711 0.007759729400277138 -0.01180294249206781 
0.01039318926632404 0.0004493168671615422 -0.002730624051764607 
0.0019983712118119 0.005435401108115911 -0.01025778241455555 
-0.007630955427885056 0.008560131303966045 -0.0002034987410297617 
0.001480185659602284 -0.006168649531900883 -0.01264264993369579 
0.007017433643341064 -0.002455356996506453 -0.003949999809265137 
0.006373518146574497 -0.0009739805245772004 -0.004950000438839197 
-0.003672740189358592 0.0226078238338232 -0.01190592534840107 
-0.00325377844274044 0.01479609683156013 -0.001997856888920069 
0.005993375089019537 0.02639917284250259 -0.009719341993331909 
-0.001122750341892242 0.02648840844631195 -0.002298376057296991 
0.006143790669739246 0.02182332053780556 -0.0002000534295802936 
-0.002625240245833993 -0.001490802736952901 -0.0104285329580307 
-0.003280708100646734 -0.007881129160523415 -0.01304084248840809 
-0.009162379428744316 0.009978030808269978 -0.009771497920155525 
0.008366097696125507 0.001480459934100509 -0.009518185630440712 
-0.005744360387325287 0.01898892968893051 -0.002240328583866358 
0.006554815918207169 0.02987483888864517 -0.0002837590873241425 
-0.004354999400675297 0.02229767665266991 -0.0005087992176413536 
-0.0003030651714652777 0.002559593413025141 0.0009275368647649884 
-0.003206197870895267 1.514155883342028e-06 0.001000393414869905 
0.001982129877433181 0.004720448050647974 -0.001723594381473958 
0.005220460705459118 0.02333187125623226 -0.01263426896184683 
0.0003156834281980991 0.01596088521182537 -0.01291966065764427 
0.0094827925786376 0.008221935480833054 -0.002725306898355484 
-0.007397135253995657 -0.005934651475399733 -3.055411798413843e-05 
-0.009581949561834335 0.01020492520183325 -0.006249492522329092 
0.007624421268701553 0.004224282223731279 -0.0004405041690915823 
0.005897279363125563 0.01884253323078156 -0.002083663828670979 
-0.001338479341939092 0.02022827416658401 -0.009864524006843567 
0.0004853235732298344 0.01889235153794289 -0.01298979390412569 
0.003070203121751547 0.00572482543066144 -0.01270562410354614 
-0.000557548541110009 0.0227728933095932 -0.009799808263778687 
-0.005160601809620857 0.03317937627434731 -0.009599999524652958 
-0.006377762649208307 0.01493426598608494 -0.0003582286299206316 
-0.00395626574754715 0.01545289717614651 -0.01258931029587984 
-0.002918584272265434 0.003664198331534863 -0.001706629060208797 
-0.007835317403078079 0.002448068466037512 -0.01200199499726295 
-0.007022240664809942 0.02206714078783989 -0.005004236474633217 
-0.002100656041875482 0.01866293326020241 -0.009903726167976856 
-0.0002402420213911682 0.02807351388037205 -0.002337832935154438 
-0.001098162611015141 0.03520806506276131 -0.01094743143767118 
-0.006339804269373417 0.01995641179382801 -0.01029349118471146 
-0.009990868158638477 0.007416877429932356 -0.008302641101181507 
0.007120195776224136 -0.0001781016762834042 -0.005714708473533392 
-0.005371510982513428 -0.002785233315080404 0.0009108622325584292 
0.002599612344056368 -0.00665900157764554 -0.00494999997317791 
0.004592252895236015 0.002452190034091473 -0.01232914347201586 
0.0102364793419838 -0.003356097731739283 -0.006547723896801472 
0.0008266505319625139 0.004842733033001423 -0.01301951054483652 
0.002621535677462816 0.005582032259553671 -0.01277467235922813 
-0.003085051430389285 0.03556785732507706 -0.001848770305514336 
0.003346215467900038 -0.002775452798232436 -0.01047497149556875 
0.0002861638786271214 -0.002371706068515778 -0.008050000295042992 
0.0005064850556664169 0.009246551431715488 -0.001844901125878096 
0.006707442458719015 0.01450259890407324 -0.0005002752295695245 
0.001069927588105202 0.005191940814256668 0.000987194012850523 
-0.007642395328730345 -0.002015010453760624 0.0003760168037842959 
-0.008208222687244415 0.005410951562225819 -0.01146243419498205 
0.007454986684024334 0.01232972647994757 -0.00553397461771965 
0.001634107902646065 0.004535681568086147 -0.001719525433145463 
0.002905398840084672 0.001497033517807722 -0.001637478009797633 
-0.004755784757435322 0.02545968815684319 -0.009575702250003815 
-0.002993745496496558 -0.008812405169010162 -0.01061880309134722 
0.0003696864587254822 0.01055535208433867 -0.01012064702808857 
0.007411460392177105 0.02253000810742378 -0.01101894676685333 
0.001688872929662466 0.00775208743289113 -0.001803343649953604 
0.008593808859586716 0.03169338405132294 -0.002884479239583015 
-0.0006624464876949787 0.03481242433190346 -0.009600000455975533 
0.007317397277802229 0.01396835502237082 -0.006769366096705198 
0.008566740900278091 -0.006520499940961599 -0.005237139761447906 
-0.002195455832406878 0.007459377869963646 0.001085723866708577 
-0.007535099983215332 0.01014349609613419 -0.002138511976227164 
0.003474422497674823 0.007706616073846817 -0.001798295415937901 
0.001797509379684925 0.03175485134124756 0.0004101965459994972 
-0.002139891497790813 0.0231531634926796 -0.009786462411284447 
-0.00102910865098238 0.001048395759426057 -0.005870050750672817 
-0.000729368650354445 0.03009890392422676 -0.009608253836631775 
0.001527230720967054 0.002070387359708548 0.0007144443225115538 
0.0097785834223032 0.01627501472830772 -0.006896249018609524 
-0.001291204243898392 0.02910806983709335 -0.01239773258566856 
-0.001449565752409399 0.0148331867530942 0.0009249864378944039 
0.007501359097659588 0.007983732037246227 -0.001796818454749882 
-0.009178537875413895 0.00965077243745327 -0.009850639849901199 
0.002524936571717262 0.0280277319252491 -0.002330658258870244 
0.009624015539884567 0.01847561635077 -0.007214551325887442 
0.007969546131789684 0.03424324095249176 -0.007603474427014589 
0.01013574190437794 -0.003346540266647935 -0.008459390141069889 
0.003484481479972601 -0.0002677411830518395 -0.006566276308149099 
0.008632582612335682 0.0107511393725872 -0.001716331229545176 
0.005064532160758972 0.007437135558575392 0.000341739651048556 
0.006611697375774384 -0.005393005907535553 -0.008050000295042992 
0.007689012214541435 0.02155479416251183 -0.001244838000275195 
0.01032979041337967 0.00572365103289485 -0.004515561740845442 
0.007049019914120436 0.02702996507287025 -0.01162139419466257 
-0.0006095233839005232 0.001466734101995826 5.215405884939628e-11 
-0.003759722923859954 -0.0002522022696211934 0.0009977855952456594 
-0.0002173248212784529 -0.002143167890608311 -0.01211369875818491 
-0.004844145383685827 0.02341539040207863 -0.009157406166195869 
0.01037013158202171 -0.002707996405661106 -0.004381848033517599 
-0.008130801841616631 0.004563941620290279 -0.01161580160260201 
0.006028927862644196 0.0006981499609537423 -0.007050000131130219 
-0.00418861024081707 -0.001022991957142949 -0.01041294261813164 
0.00573181314393878 0.02971207909286022 -0.009632322005927563 
0.003663751762360334 0.0156855471432209 8.643246837891638e-05 
-0.007619738578796387 -0.001954627223312855 -0.01238273456692696 
-0.006283786613494158 0.01631193980574608 -0.009450574405491352 
-0.003586335107684135 -0.006694409996271133 0.001036716159433126 
-0.004802380222827196 0.01099273189902306 0.0007515670149587095 
0.005841630045324564 0.03154353424906731 -0.007798093371093273 
-0.0008931574411690235 -0.006464887876063585 -0.01056208368390799 
0.006956651341170073 0.007903742603957653 -0.00179590901825577 
-0.008323296904563904 -0.003887901082634926 -0.01047876570373774 
0.007180559914559126 0.005927721038460732 -0.01172521337866783 
0.00721662025898695 0.01516887731850147 -0.004412419628351927 
-0.006240366026759148 0.005628854967653751 -0.01023491658270359 
0.006815093569457531 0.01995214074850082 -0.002667831722646952 
0.004858267493546009 -0.001316686975769699 -0.00494999997317791 
-0.005122286267578602 0.03348673135042191 5.215406231884323e-11 
-0.009398190304636955 0.006756176240742207 -0.009679793380200863 
0.0009563126368448138 0.007191853597760201 -0.01298635080456734 
0.007848045788705349 0.02975881844758987 -0.001376725034788251 
0.007559530436992645 0.01108491234481335 -0.007035513408482075 
0.007858064956963062 0.009542436338961124 -0.0109884524717927 
-6.812930223532021e-05 0.01702217943966389 -0.009950939565896988 
0.007368165068328381 0.002902043052017689 -0.001664492301642895 
0.00131091836374253 0.000704755715560168 -0.006321527063846588 
-0.008725397288799286 0.004954823292791843 -0.002002122811973095 
0.005963173694908619 -0.007986403070390224 -0.007497936952859163 
-0.001909418730065227 -0.00242941384203732 -0.005192075856029987 
0.003697993466630578 0.0302717536687851 -0.009613318368792534 
-0.004377407487481833 -0.008468875661492348 -0.01095322798937559 
-0.005836906842887402 0.00628172978758812 -0.001781248603947461 
0.001394119230099022 0.0159396268427372 -0.01286331564188004 
-0.0004775093402713537 0.02620054967701435 0.0009604663937352598 
-0.008315481245517731 0.01689193770289421 -0.007219037041068077 
0.006236034445464611 -0.001689580036327243 -0.01045288424938917 
0.006906336639076471 0.002889183349907398 -0.01033484376966953 
-0.00403575599193573 0.02831084281206131 -0.01064828410744667 
3.772634227061644e-05 0.01370543614029884 0.000927688495721668 
0.002893870696425438 -0.00355486455373466 -0.008050000295042992 
0.00908518023788929 -0.0002867541334126145 -0.01038773637264967 
-0.001452437601983547 0.008458245545625687 0.001062818453647196 
-0.0009390047052875161 0.0138862133026123 -0.01294023357331753 
-0.003620980773121119 0.00905563123524189 0.000977896386757493 
-0.00161333370488137 0.001144519774243236 -0.01036194898188114 
-0.006584919989109039 0.01481955219060183 -0.002666684566065669 
0.008863935247063637 0.03022081963717937 -0.008671330288052559 
-0.001450421754270792 6.167239916976541e-05 -0.004227093886584044 
-0.006833994295448065 0.02201145514845848 -0.008159703575074673 
0.01093585975468159 0.003942834679037333 -0.004962017294019461 
-0.002858547726646066 0.03442774340510368 5.215406578829018e-11 
-0.006510928273200989 -0.00483923964202404 -0.01050751097500324 
0.009014226496219635 -0.0005947189056314528 -0.01047512330114841 
0.001396796316839755 0.002419754397124052 -0.0127361947670579 
0.007634342182427645 0.002222430892288685 -0.0004304329340811819 
0.008318477310240269 0.03242876753211021 -0.002641317434608936 
0.006146556232124567 -0.001845526741817594 -0.001543239457532763 
0.003811617847532034 -0.004586448892951012 -0.008050000295042992 
-0.001538958982564509 0.002150930929929018 -0.001664154231548309 
0.005255843512713909 0.000625064130872488 -0.004127183929085732 
-0.0007240542909130454 0.002336911857128143 -0.008050000295042992 
-0.001747131231240928 -0.001093352097086608 -0.01217071432620287 
-0.009128054603934288 0.001499684294685721 -0.01108387019485235 
-0.005976386368274689 0.03254817426204681 -0.01178800873458385 
0.005483279936015606 -0.0092349573969841 -0.01067632250487804 
0.007170548662543297 0.01292379759252071 -0.01007354725152254 
0.001898273010738194 -0.001598746748641133 -0.00494999997317791 
0.007249761372804642 0.001660024398006499 -0.00412462605163455 
0.006532121449708939 -0.003971150144934654 -0.003949999809265137 
-0.0003969326207879931 -0.002879690378904343 -0.001530461478978395 
-0.003634771332144737 0.007909459993243217 0.001012925524264574 
0.009659155271947384 0.001629826263524592 -0.001690111705102026 
0.0005358653143048286 0.007404603995382786 -0.01020323019474745 
0.006102387327700853 0.00103187351487577 -0.006356993690133095 
0.00264846277423203 0.0119482446461916 -0.01008922606706619 
0.005276749841868877 0.01979827880859375 0.0004574362537823617 
-0.006032503675669432 0.005944039672613144 -0.01252980437129736 
-0.006815807893872261 0.01358279213309288 -0.0067294891923666 
0.0004029219562653452 -0.009530464187264442 -0.001192743657156825 
0.005951965693384409 0.03022995218634605 -0.008965707384049892 
-0.006510163191705942 0.009862725622951984 -0.012266606092453 
-0.002406099578365684 0.02349089086055756 -0.002222927054390311 
-0.007629432249814272 0.009548196569085121 -0.006350991316139698 
0.003073746105656028 0.000787528115324676 0.0004553747421596199 
0.000480852322652936 0.02523698844015598 -0.002262250520288944 
0.009830251336097717 0.007325306534767151 -0.008739599026739597 
-0.00433280086144805 0.01434559747576714 -0.001988434232771397 
0.007022343575954437 0.0006279586814343929 -0.0004990047309547663 
-0.003254214068874717 0.004194900393486023 -0.00172120425850153 
0.007252054288983345 0.01474662218242884 -0.005028875079005957 
-0.008308171294629574 -0.003728691954165697 0.0001396035659126937 
-0.006424395367503166 0.02313197962939739 -0.008337950333952904 
0.004059824626892805 0.01344397198408842 -0.001946754055097699 
-0.006062314845621586 0.01146371942013502 0.0002986405743286014 
-0.009014726616442204 0.01048691757023335 -0.009852930903434753 
-0.007695657666772604 0.01388165913522243 -0.01077395584434271 
-0.008393500000238419 0.01644696108996868 -0.007337524555623531 
0.007160150445997715 -0.003195706522092223 -0.001732798060402274 
-0.003901630640029907 0.03269125148653984 -0.009922638535499573 
0.00673329085111618 0.0248176846653223 -9.039610449690372e-05 
-0.008030854165554047 -0.004284345544874668 -0.01232117880135775 
0.00509548606351018 0.02133005484938622 -0.01263329572975636 
0.008855742402374744 0.01351567823439837 -0.009872431866824627 
0.009266243316233158 0.0235416442155838 -0.004597047809511423 
0.004669636487960815 -0.00260056578554213 -0.00494999997317791 
0.009584027342498302 0.0144293550401926 -0.008450544439256191 
0.004061340820044279 0.02930512279272079 0.0006524715572595596 
0.003565396880730987 0.003414146834984422 0.0006183644291013479 
0.006081272847950459 0.0009144333889707923 -0.008237054571509361 
0.003627520287409425 -0.00809181947261095 -0.00494999997317791 
-0.001984985079616308 -0.001627552090212703 -0.003949999809265137 
0.005892612971365452 0.0001534724142402411 -0.0001316309353569523 
-0.003355727531015873 0.005582110956311226 -0.01310831122100353 
0.00598602183163166 0.02665440179407597 0.0002678823075257242 
-0.008463921025395393 0.005540832411497831 -0.009515809826552868 
0.001227221335284412 0.0008081892738118768 -0.006573247723281384 
0.007890691980719566 -0.004503637086600065 -0.000771032297052443 
0.001275378512218595 0.008273688144981861 -0.01018214970827103 
0.004078409168869257 0.006134168710559607 0.0005354279419407248 
0.004615689162164927 0.02460899576544762 -0.009763080626726151 
-0.004151530563831329 0.004117373842746019 -0.01288779824972153 
0.00768755842000246 0.01784634217619896 -0.01086652372032404 
0.008054289035499096 0.005193375051021576 -0.003548541804775596 
-0.003656284185126424 0.006748203653842211 0.001051968312822282 
-0.00984242744743824 0.008500063791871071 -0.004192926920950413 
0.003569746157154441 -0.008290631696581841 -0.004707581363618374 
0.001798360841348767 0.005280007608234882 0.0009019677527248859 
-0.007598506286740303 0.01384217571467161 -0.001115480903536081 
-0.004230794962495565 0.03041022457182407 -0.01110054738819599 
0.000746199453715235 0.002629705937579274 -0.01032829284667969 
0.00295313261449337 -0.00817363616079092 0.0004132331523578614 
-0.006298511289060116 0.01541046798229218 -0.01160280220210552 
0.006096549797803164 0.003933379892259836 -0.01205924618989229 
0.007795441895723343 -0.001419047126546502 -0.01014029886573553 
0.009897284209728241 0.008341656997799873 -0.008516788482666016 
-0.001765891676768661 0.006044900044798851 -0.01023373566567898 
-0.002014117315411568 0.006320281885564327 0.00111101649235934 
0.005111376754939556 0.0005736423190683126 -0.004371991846710443 
-0.008386015892028809 0.01417242921888828 -0.009621825069189072 
0.004442665725946426 0.02808319590985775 -0.0126891452819109 
0.003240827471017838 0.01665736921131611 -0.01272077858448029 
-0.004773082211613655 -0.006960837170481682 -0.01056663598865271 
-0.0007151959580369294 0.02064082399010658 -0.01299458649009466 
0.002474768552929163 0.01172570511698723 0.0001382343034492806 
0.0005881308461539447 0.003145671915262938 -0.006027639843523502 
0.003750940086320043 -0.005032820627093315 -0.001465243520215154 
-0.001889541163109243 0.01967505551874638 -0.009877769276499748 
0.008719966746866703 0.0306996013969183 -0.008994165807962418 
-0.001295172260142863 0.001306059071794152 -0.008050000295042992 
0.004687273874878883 0.02834697440266609 0.0006148011307232082 
-0.008902603760361671 0.0140811912715435 -0.005398014560341835 
-0.0008414401672780514 -0.001967435935512185 -0.01275637093931437 
0.004203814081847668 0.006165035534650087 -0.01024351082742214 
-0.004740698263049126 0.001376119442284107 -0.001650858903303742 
0.001361668575555086 -0.0005547980545088649 -0.01077191159129143 
-0.002258493099361658 0.0339985191822052 -0.01194431260228157 
-0.003514307085424662 -0.002540947170928121 -0.01045401487499475 
0.00202370504848659 0.001007328857667744 -0.001626605400815606 
0.01042101159691811 0.005283882841467857 -0.004006996750831604 
0.002044011605903506 -0.002298892475664616 -0.001540280878543854 
0.007047086954116821 0.03182510286569595 -0.01079375855624676 
0.00398884667083621 0.011635672301054 -0.01232522074133158 
0.004704221617430449 -0.004502092022448778 -0.007762770634144545 
0.00626862607896328 0.005059389397501945 -0.01201171707361937 
-0.004237053915858269 0.02630672045052052 -0.006201338954269886 
-0.001467785565182567 -0.0002236290893051773 -0.001119911554269493 
-0.001241044956259429 0.02381151728332043 -0.009771225042641163 
-0.001466435613110662 0.01547534205019474 -0.009988282807171345 
0.003865039441734552 0.02428502030670643 0.0009545466164126992 
-0.005573700647801161 0.02472365647554398 -0.008381135761737823 
-0.003355073276907206 0.01514756307005882 -0.01273166388273239 
0.008027136325836182 0.03308184817433357 -0.009234882891178131 
-0.006553325336426497 0.01233750954270363 -2.479636532370932e-05 
0.007430503144860268 0.03292649984359741 -0.001800208119675517 
0.009428501129150391 0.02102214470505714 -0.007522230967879295 
0.0007344689802266657 0.01832042634487152 -0.009918795898556709 
0.005730032455176115 0.006625734269618988 -0.001765210065059364 
-0.003285903483629227 0.02843208611011505 -0.01195894088596106 
0.007155935745686293 0.01589145511388779 -0.007512115407735109 
0.00806116871535778 0.01606533862650394 -0.001394439954310656 
0.003987816628068686 0.009219091385602951 -0.01016334444284439 
0.006877515465021133 0.01983086764812469 -0.01146185025572777 
-0.00804995559155941 0.01436592265963554 -0.01011973433196545 
0.004293892532587051 0.01135012693703175 0.0002485685108695179 
-0.0006217433256097138 0.001331937965005636 -0.01149417739361525 
-0.0005909119499847293 0.0303916409611702 -0.01249709539115429 
-0.002666269196197391 0.02393742650747299 -0.009764856658875942 
-0.006367992144078016 0.02359732426702976 -0.003916670102626085 
-0.006211243104189634 0.00617193290963769 -0.001779192942194641 
-0.008871871046721935 0.01162712275981903 -0.009688309393823147 
0.008556739427149296 0.002189792226999998 -0.000860287225805223 
0.006525223609060049 0.0234033465385437 -0.00226951576769352 
0.005224094726145267 0.01034766342490911 -0.01205756235867739 
0.002521113958209753 0.02357057668268681 -0.002214350504800677 
0.005441538989543915 0.001902402378618717 -1.792678449419327e-05 
-0.0008272102568298578 -0.002411824185401201 -0.0104564568027854 
-0.009210831485688686 0.0123091172426939 -0.005315595306456089 
-0.003658154979348183 0.0200191754847765 -0.002135035581886768 
0.009698852896690369 0.01663871295750141 -0.004343226086348295 
0.01065783016383648 0.0001629200705792755 -0.003266646061092615 
0.006737802177667618 0.008471800945699215 -0.01018879376351833 
0.006417307071387768 0.0164136029779911 -0.002019152510911226 
0.00393789866939187 0.005172761622816324 -0.01026883162558079 
-0.008327464573085308 0.01688272319734097 -0.005127441138029099 
0.005208475515246391 0.009264206513762474 -0.01206382550299168 
-0.006654312368482351 0.01449083350598812 -0.002279761480167508 
0.002896057907491922 0.03172072395682335 -0.01199973560869694 
0.0005351362051442266 0.002234404673799872 -0.01239673607051373 
-0.0004975718329660594 0.006642303429543972 -0.01307517103850842 
0.002515064785256982 -0.003523522056639194 -0.003949999343603849 
0.00834166444838047 0.001771138748154044 -0.008706405758857727 
0.004090565722435713 0.01176866237074137 -0.01230640430003405 
0.003963712137192488 0.00871087983250618 0.000561154040042311 
0.004601992201060057 0.004425517749041319 -0.01028976775705814 
0.01113248150795698 0.0001609597238712013 -0.006845609284937382 
-0.006023423280566931 0.01759618520736694 -0.002614622004330158 
0.00391210475936532 0.03172006830573082 -0.001904911594465375 
-0.005754379089921713 0.03359608352184296 -0.01149149984121323 
-0.001518769189715385 -0.008985665626823902 0.000967122265137732 
-0.004066033288836479 0.03219883143901825 -0.001043271506205201 
-0.006388783920556307 0.02177832461893559 -0.009321511723101139 
0.00460693659260869 0.002178171882405877 -0.01218011230230331 
0.005162589251995087 0.02153060398995876 -0.00215540174394846 
-0.004806677810847759 -0.0081848269328475 -0.01186681166291237 
-0.008720054291188717 0.00416727177798748 -0.0008428547298535705 
0.006035489961504936 -0.004369900096207857 -0.0105223972350359 
-0.006779025308787823 0.003526164684444666 -0.01241604797542095 
0.01037842407822609 0.00497241597622633 -0.00884643942117691 
-0.002355189528316259 0.00137118180282414 0.0009909067302942276 
0.001011882210150361 0.001849575433880091 -0.01034922618418932 
0.00723349628970027 0.01496788952499628 -0.007778267841786146 
0.0009458579588681459 0.02977999672293663 0.0006220050272531807 
-0.008968074806034565 -0.0002493552165105939 -0.01038241758942604 
-0.0008018139051273465 0.01726558059453964 -0.009943000972270966 
-0.003884574398398399 0.02380770817399025 -0.01149553991854191 
-0.002420173957943916 -0.005719428882002831 -0.001460740109905601 
0.001895413734018803 -0.001058635534718633 -0.01042703166604042 
0.007545747794210911 0.01124927587807178 -0.004398754332214594 
-0.007510697469115257 0.005389817990362644 -5.622269600280561e-05 
0.003832850605249405 -0.00399213470518589 -0.007050000131130219 
0.006746726110577583 0.01238089054822922 -0.01008679904043674 
0.002083115512505174 -0.002035809913650155 0.0006004984024912119 
0.008283691480755806 0.002462067874148488 -0.0102925393730402 
0.008336658589541912 -0.003772314637899399 -0.006950216367840767 
0.009072449989616871 0.0267306063324213 -0.00534066604450345 
0.007420789916068316 -0.007587403990328312 -0.002396688098087907 
-0.0003817939141299576 0.003178756684064865 -0.007673286367207766 
0.001768131856806576 0.01716511696577072 -0.002048819093033671 
-0.002012340584769845 0.02657582238316536 -0.01222728192806244 
0.00384440366178751 -0.004633037839084864 -0.00720256008207798 
0.007578098215162754 0.0183589942753315 -0.0109645277261734 
0.008691274560987949 0.01276230905205011 -0.001891336170956492 
-0.003825916210189462 0.01217635348439217 -0.01006927154958248 
-0.006654851138591766 0.01436301693320274 -0.006317430641502142 
0.004489382728934288 0.03190340846776962 -0.002363038249313831 
0.009424278512597084 0.02161244302988052 -0.005138455890119076 
-0.002510507591068745 -0.009156899526715279 -0.0001896299072541296 
0.004404660779982805 -0.003514661220833659 -0.00150344823487103 
-0.009167416021227837 0.005602244753390551 -0.001619510469026864 
0.004661696963012218 0.002577021718025208 -0.01023685000836849 
-0.009981541894376278 0.007904008962213993 -0.006067716982215643 
0.0001203933934448287 0.03421204909682274 -0.01158341206610203 
0.00838303379714489 0.0008052927441895008 -0.00800628773868084 
0.003496130695566535 0.01538949646055698 -0.01211144309490919 
0.001231399714015424 -0.002090886933729053 -0.006526350509375334 
0.003530434332787991 0.01163985673338175 -0.001900817966088653 
0.001190036535263062 -0.006996945943683386 -0.001419666456058621 
0.003520406084135175 -0.005900459364056587 -0.0044831158593297 
0.004332394804805517 -0.004841218702495098 -0.01220255624502897 
-0.007874771952629089 0.01627836003899574 -0.009576864540576935 
-0.007637680042535067 0.0095112519338727 -0.006454530637711287 
0.004617825150489807 0.03193681687116623 -0.01003898493945599 
-0.008443977683782578 0.01606144569814205 -0.004290302749723196 
0.002289735013619065 -0.002833646023645997 -0.00494999997317791 
0.009494708850979805 0.02039730176329613 -0.004842041525989771 
-0.008788810111582279 0.0008172181551344693 -0.01148717477917671 
0.005300895310938358 0.007930795662105083 -0.001800195779651403 
-0.004008435644209385 0.002780707785859704 -0.01031406968832016 
0.00793815404176712 0.01409738790243864 -0.001239355187863111 
-0.004227900877594948 0.0263622310012579 -0.006480975542217493 
0.008173501119017601 0.003772965865209699 -0.005639594048261642 
-0.0002987421466968954 0.01484343875199556 -0.01000729855149984 
-0.006512084975838661 0.01440340559929609 -0.001994655700400472 
-0.004228236153721809 0.003874821122735739 -0.001714957994408906 
-0.005159604363143444 0.02096093446016312 -0.002162859076634049 
0.00952931959182024 0.01953940838575363 -0.00752854160964489 
0.009191263467073441 0.01974815130233765 -0.003419933607801795 
0.005179902538657188 0.01224208809435368 6.21730723651126e-05 
-0.004618726670742035 0.02927675470709801 -0.01177497021853924 
0.005022912286221981 0.01347662881016731 9.211236465489492e-05 
0.003349857870489359 -0.00589347630739212 -0.00494999997317791 
0.003127182135358453 0.006635542027652264 -0.001771095208823681 
0.009772777557373047 0.01594356074929237 -0.004638412967324257 
0.007234099786728621 -0.005149667616933584 -0.008234189823269844 
0.006409747526049614 -0.002262192312628031 -0.008050000295042992 
-0.007607385516166687 0.009733038023114204 -0.003585594706237316 
0.007834197022020817 0.007290142588317394 -0.0009509317460469902 
0.006462045945227146 -0.00680387020111084 -0.009103521704673767 
-0.005965124815702438 0.005884415470063686 -0.01255087368190289 
-0.007106033153831959 0.001032027183100581 -0.01243803650140762 
-6.387432222254574e-05 0.007880073040723801 -0.01303449086844921 
-0.006468410603702068 0.006828737445175648 0.0005517818499356508 
0.006363700143992901 -0.001363085932098329 -0.007050000131130219 
-0.00263892998918891 -0.00246840319596231 -0.01303261891007423 
0.004933042451739311 0.02705773338675499 -0.009699863381683826 
-0.006906034424901009 0.02179094403982162 -0.003879624651744962 
0.006944086402654648 0.01270453073084354 -0.01141152158379555 
-0.006801826413720846 0.00504974415525794 -0.01231565978378057 
0.004185261204838753 0.01646053418517113 -0.002025204710662365 
-0.006332498975098133 0.01048641372472048 0.0002921636332757771 
-0.001648940029554069 0.02106387354433537 -0.009842047467827797 
-0.0002251473197247833 0.01440313644707203 -0.01291944552212954 
0.001861802418716252 0.006840780377388 -0.01288098096847534 
0.000644817017018795 0.02362353540956974 -0.002219790127128363 
-0.004910183139145374 0.02376770600676537 -0.01052457187324762 
0.007507501170039177 0.01170453149825335 -0.007040864787995815 
0.007979696616530418 0.03017065301537514 -0.001600747229531407 
0.004341077990829945 0.014986552298069 -0.01227569673210382 
-0.001373499864712358 -0.008820061571896076 0.0009592463029548526 
0.00154720398131758 -0.006584153976291418 -0.003949999809265137 
0.001094322185963392 0.02526328898966312 -0.00973839033395052 
-0.001082882983610034 -0.001032983418554068 -0.0005296834860928357 
0.009262189269065857 -0.001760871848091483 -0.01027790643274784 
0.001582726137712598 6.984843639656901e-05 -0.001603094162419438 
0.004673351533710957 -0.008253911510109901 -0.007050000131130219 
-0.006795135326683521 0.004660973325371742 -0.001741025014780462 
0.006420118268579245 0.002285750582814217 -0.01008396502584219 
-0.001368451048620045 0.002899611601606011 -0.00778808631002903 
0.007145280949771404 -0.005312177818268538 -0.01152756996452808 
0.002248239237815142 0.02640289627015591 -0.009711146354675293 
0.006763439625501633 0.02056653797626495 -0.003804526291787624 
0.002347115660086274 0.02136827073991299 -0.01307379920035601 
0.003775777295231819 0.01276753656566143 -0.01235378812998533 
0.01015975512564182 0.0001579775998834521 -0.002262710593640804 
0.01009182073175907 0.01112223975360394 -0.005561959929764271 
-0.001826531020924449 -0.009290029294788837 4.820514732273296e-05 
0.005408218130469322 -0.008223710581660271 -0.004120416939258575 
0.00669868616387248 0.02133697643876076 -0.007989581674337387 
-0.006895686965435743 0.0132925221696496 -0.002430626424029469 
-0.004871091339737177 0.01859781332314014 -0.002100565936416388 
0.006014120299369097 0.02949092350900173 -0.003495107404887676 
0.004576079547405243 0.0313904657959938 -0.0120291393250227 
0.003539898199960589 0.01562076807022095 -0.002004685346037149 
0.00694497674703598 0.02476632408797741 -0.01152045000344515 
0.006981135345995426 0.007796407211571932 -0.01020694524049759 
0.007578202523291111 0.01086337864398956 -0.003202722640708089 
0.004336733371019363 0.02494841441512108 0.0008608588832430542 
0.007321400567889214 0.01392159890383482 -0.003507291665300727 
-0.0004200129478704184 0.03077132813632488 -0.01248192135244608 
-0.006941061932593584 -0.005857539363205433 -0.001466987654566765 
-0.00478906137868762 0.02425900474190712 -0.001532707130536437 
-0.003488201647996902 0.01703895628452301 -0.009943105280399323 
0.007582935970276594 -0.006218869239091873 -0.007110378239303827 
-0.0001192614581668749 0.02665670216083527 -0.01299175899475813 
-0.001478488091379404 -0.0007904907106421888 -0.01041273679584265 
-0.005152544938027859 0.03429663926362991 -0.0002187817881349474 
0.008860386908054352 0.01127785444259644 -0.01000802963972092 
-0.007135387510061264 0.02061204984784126 -0.003527170745655894 
0.005745512899011374 0.03255404159426689 -0.00104914593975991 
0.0084702018648386 0.01220064982771873 -0.01039668451994658 
-0.009118965826928616 0.001659213565289974 -0.0009289036970585585 
-0.00492229126393795 0.001527857966721058 0.0008807244012132287 
-0.0003771398914977908 0.0336621105670929 -0.002400000113993883 
0.004629032220691442 0.01655498147010803 -0.00997328944504261 
-0.00426909327507019 0.02761441096663475 -0.009871846064925194 
0.001376171014271677 0.03171378746628761 -0.01244203932583332 
-0.008351346477866173 0.007798278704285622 -0.0006416555261239409 
0.008162898011505604 0.02077635750174522 -0.01029867492616177 
0.007762717083096504 0.008665258064866066 -0.007272850722074509 
0.007212787866592407 -0.007796225138008595 -0.008268922567367554 
-0.002385190222412348 0.002952628303319216 -0.01296823751181364 
0.004609173629432917 -0.008867911994457245 -0.01063669472932816 
-0.008191533386707306 0.01209572516381741 -0.01065887697041035 
-0.001692245248705149 0.02723818272352219 0.0003387961769476533 
0.005197243299335241 0.0135975806042552 -0.01005169656127691 
-0.002476035617291927 0.004982981830835342 0.0009517407161183655 
0.005915616638958454 0.01255641598254442 -0.00191957876086235 
-3.497034776955843e-05 0.01327620353549719 -0.00195123185403645 
0.01012775581330061 0.0007639066316187382 -0.002262757159769535 
0.002608420327305794 0.01974902302026749 0.0009555944707244635 
0.007550362963229418 -0.006785230711102486 -0.001096112886443734 
0.004924936685711145 0.0210602693259716 -0.009856358170509338 
0.006289876997470856 -0.007501602172851562 -0.007902440614998341 
-0.003149737138301134 0.005332212429493666 0.001076099346391857 
0.003799916710704565 0.0182782169431448 -0.002073473064228892 
-0.001081969472579658 0.01916667446494102 -0.01294629648327827 
0.0007208421011455357 0.02939349971711636 0.0006624615634791553 
-0.00822278019040823 0.01171106100082397 -0.001292316475883126 
0.00901210680603981 0.01338846981525421 -0.002352171344682574 
-0.002314875600859523 0.008852674625813961 -0.001840724027715623 
0.002479314338415861 0.005162596236914396 -0.001734057674184442 
-0.003054516389966011 0.002687531989067793 0.0009646007092669606 
0.002044146880507469 0.03179719299077988 -0.0024300676304847 
0.007049055770039558 0.01716439053416252 -0.007818333804607391 
0.006398316007107496 -0.007010736502707005 -0.002904029097408056 
0.001384737086482346 0.02141563594341278 0.001099575660191476 
0.005966495722532272 0.0300564207136631 -0.007501448970288038 
-0.00423475494608283 -0.002385268919169903 -0.01044839434325695 
0.007577186450362206 -0.004084337502717972 -0.003949999809265137 
0.00298437918536365 0.02125189453363419 -0.002152839209884405 
0.007737032137811184 0.01114413700997829 -0.0009951591491699219 
0.007493767887353897 -0.001129790558479726 -0.007050000131130219 
0.0006921680178493261 0.0137714296579361 -0.001962582813575864 
0.001580706331878901 -0.002124800113961101 -0.008050000295042992 
0.00645569059997797 0.02423140965402126 -0.009713733568787575 
0.002712246030569077 -0.0008926175069063902 -0.00595612358301878 
0.008569233119487762 0.03366131335496902 -0.006386172492057085 
0.004614691250026226 0.0131447808817029 -0.01218912750482559 
0.008284701965749264 0.002449961379170418 -0.002089493907988071 
0.001970148179680109 0.009998677298426628 -0.001861363416537642 
0.003524960251525044 0.0022382119204849 -0.01034451927989721 
-0.004568264354020357 0.02473396994173527 -0.007939759641885757 
-0.005517969839274883 0.01507758256047964 -0.009989899583160877 
0.003713284153491259 0.02027090266346931 -0.002125662285834551 
0.001757237361744046 0.01434800494462252 -0.01002467423677444 
-0.007109874859452248 0.001135063474066556 -0.001649691956117749 
-0.001163875684142113 0.02173954248428345 0.0009392189676873386 
-0.0009929398074746132 0.001795731950551271 -0.01279676891863346 
0.01061305589973927 -0.001539177144877613 -0.00440291129052639 
0.004628634080290794 -0.008256091736257076 -0.01205954886972904 
0.01022647600620985 0.008532305248081684 -0.006652595475316048 
-0.0002806998963933438 0.005492754280567169 0.001084695570170879 
0.005517373792827129 0.01860235258936882 -0.002078217454254627 
0.004597549792379141 0.02628769353032112 -0.01276582572609186 
0.006723873782902956 0.002056656870990992 -0.005648696795105934 
-0.001093580620363355 0.01625975221395493 -0.002031381241977215 
-0.003872865345329046 0.01417337823659182 -0.01270442549139261 
0.006958928890526295 0.01823823340237141 -0.009317257441580296 
-0.002907475456595421 0.0007657327223569155 -0.003949999809265137 
-0.001285647274926305 0.0006842076545581222 -0.01163293048739433 
0.005139100831001997 0.01509081851691008 -0.001987397205084562 
0.003508162219077349 -0.001547873253002763 -0.001556713134050369 
0.001246034167706966 -0.002079044934362173 -0.005319185554981232 
0.002124125370755792 0.03101773001253605 -0.009590446949005127 
-0.007755501661449671 -0.003799608442932367 -0.001522362697869539 
0.007944957353174686 0.006495838519185781 -0.009674714878201485 
-0.005635717883706093 0.01197784021496773 -0.00192946195602417 
0.004879060201346874 0.01837842538952827 -0.01217242795974016 
0.001873246743343771 0.0182633250951767 -0.009922748431563377 
0.0006569327088072896 0.03133135288953781 0.0004955689655616879 
0.00854785367846489 0.03360599651932716 -0.006872511468827724 
-0.00294527830556035 0.01847450993955135 -0.00990681629627943 
0.007959555834531784 -0.001133265905082226 -0.01112811174243689 
0.007883111946284771 0.00998962577432394 -0.001075368723832071 
0.001550185726955533 0.01875052414834499 -0.00990933645516634 
0.003043981269001961 -0.005801573861390352 -0.008050000295042992 
-0.003101321868598461 0.02682170458137989 -0.0005342583172023296 
-0.003504918655380607 0.00472330255433917 0.0009265251574106514 
-0.007390297017991543 0.01075577642768621 -0.004946083761751652 
-0.002146169543266296 0.008712884038686752 0.001055698026902974 
-0.005296064075082541 0.01977447047829628 -0.00213219178840518 
0.008458956144750118 0.01290181931108236 -0.01036578137427568 
-0.0001781324826879427 0.02124559320509434 0.001050180522724986 
0.009793862700462341 0.01539919152855873 -0.007538334466516972 
-0.002050998620688915 0.01987933553755283 -0.002127910265699029 
0.00368169043213129 0.007513581309467554 -0.01260839216411114 
-0.003018684452399611 0.00106273137498647 -0.006419850047677755 
-0.003020294709131122 -0.004909658804535866 -0.01304275263100863 
-0.005672348663210869 -0.0006903778994455934 0.0008507695165462792 
-0.002399064134806395 0.02334844321012497 0.0004917510086670518 
0.006275173276662827 0.006952447816729546 -0.001772557152435184 
0.006821536924690008 0.01750491000711918 -0.000531249912455678 
0.004377714358270168 0.02042514085769653 0.0007915333844721317 
-0.006122556980699301 -0.004038006067276001 -0.01283797062933445 
0.006010890007019043 0.01167341042309999 -0.0001960272929864004 
-0.008578929118812084 4.187918966636062e-05 -0.0002831581805367023 
0.005646524019539356 0.02564152888953686 -0.002261635847389698 
-0.007482184562832117 0.01034301891922951 -0.008177405223250389 
-0.0003790700284298509 -0.004108695778995752 -0.01291786506772041 
-0.002921743551269174 0.03467275202274323 -0.009599998593330383 
-0.009017343632876873 0.0134498393163085 -0.006556533742696047 
0.001782220555469394 0.02166029997169971 0.001118629006668925 
0.007908964529633522 0.00692317308858037 -0.006030138581991196 
0.001837281743064523 -0.0008987472392618656 -0.01201807800680399 
-0.001377610955387354 0.001685301656834781 -0.01252817548811436 
-0.007294235751032829 0.01980653405189514 -0.008626422844827175 
0.003911768086254597 0.01237995084375143 -0.001919307163916528 
-0.00364774651825428 -0.007756810635328293 -0.001410200144164264 
-0.003125051967799664 0.02755069173872471 -0.0004168122541159391 
0.007355255074799061 0.01351877301931381 -0.002973727881908417 
-0.001364364055916667 0.02036277204751968 0.0009053613757714629 
0.006003059912472963 0.02734086848795414 -0.009694788604974747 
0.00530138798058033 0.003129510674625635 -0.01008530706167221 
-0.004938413854688406 0.009280873462557793 -0.0101424278691411 
0.007082581520080566 0.01589147374033928 -0.01130539458245039 
0.0005518806865438819 0.01203840505331755 -0.01292038056999445 
0.006801515817642212 0.0201123058795929 -0.007766923867166042 
0.008491418324410915 0.01562929339706898 -0.001827307045459747 
0.01029962301254272 0.007517633493989706 -0.006174711510539055 
-8.020802488317713e-05 0.03320927917957306 -0.01232182793319225 
-0.007838667370378971 0.002840722678229213 -3.31746123265475e-05 
0.006926407106220722 -0.004513509105890989 -0.003949999809265137 
-0.001695669023320079 0.01187632605433464 0.0009841551072895527 
0.008131749927997589 0.005984717980027199 -0.0007000641780905426 
0.003092593979090452 -0.002110309433192015 -0.008050000295042992 
-0.003435140009969473 -0.008563870564103127 -0.01303862407803535 
0.004606516100466251 -0.007646841928362846 -0.003949999809265137 
0.008023973554372787 0.005554637406021357 -0.002913151169195771 
-0.004513375461101532 0.0249395165592432 -0.006154824979603291 
0.004189245868474245 0.001758731668815017 -0.001641531125642359 
-0.007109811995178461 0.01164422463625669 -0.01171955466270447 
0.003067090176045895 0.001924306037835777 -0.001648278557695448 
0.001484474167227745 0.01984555646777153 -0.01302900351583958 
-0.001956924563273787 -0.0003683087998069823 -0.003950000274926424 
-0.004923896864056587 0.02299399673938751 -0.008405749686062336 
0.004749224055558443 0.02794737368822098 0.0006320864195004106 
-0.003301193239167333 0.008595028892159462 -0.001836133422330022 
0.008104998618364334 -0.004458935000002384 -0.003999252803623676 
-0.003055436303839087 0.01445136126130819 -0.01281620189547539 
0.005374039057642221 -0.0002104586455971003 -0.00494999997317791 
0.003912740387022495 -0.002832174766808748 0.0002918211685027927 
0.006734773516654968 0.03325517475605011 -0.009206261485815048 
-0.007677010260522366 -0.003655525855720043 -0.01047409884631634 
0.01038509607315063 0.005797732621431351 -0.006359322927892208 
0.008058263920247555 0.005145847331732512 -0.007899640128016472 
0.0001191041665151715 0.01751829870045185 -0.0020616021938622 
0.005556261166930199 0.01477454416453838 -0.01195917278528214 
0.007420872803777456 0.01273595541715622 -0.006410954054445028 
-0.009074084460735321 0.003911552950739861 -0.001640603179112077 
-0.001753340591676533 -0.008810571394860744 0.0009814794175326824 
-0.006496251095086336 0.01525243371725082 -0.009190186858177185 
-0.007617353461682796 -0.003605643520131707 -0.00152715272270143 
-0.004822542890906334 0.02343570813536644 -0.00680728442966938 
-0.0001812914852052927 0.02351810783147812 0.001078888308256865 
0.0005084130098111928 0.004015165846794844 -0.01291250716894865 
-0.007845285348594189 -0.0001042450458044186 -0.001618940965272486 
0.003183153225108981 0.009371034801006317 -0.01015763822942972 
-0.009426821954548359 0.006845542229712009 -0.009782087989151478 
0.00915125384926796 0.01035425532609224 -0.002324121072888374 
0.006510642357170582 0.02614695578813553 -0.01199798006564379 
-0.005391746759414673 0.01928768306970596 -0.002119695302098989 
0.001372539438307285 0.008903665468096733 -0.01292380504310131 
0.008298709988594055 -0.0007038366748020053 -0.01095737982541323 
-0.0006965913344174623 0.01117338426411152 -0.01010221242904663 
0.004201718140393496 -0.006418017670512199 -0.004361032508313656 
0.00239426176995039 0.004597567021846771 -0.01028050296008587 
-0.002494595944881439 0.00864988099783659 0.001057151239365339 
-0.004754308611154556 -0.004934716504067183 -0.0129915326833725 
0.0004826639778912067 0.01616877317428589 0.0009218356572091579 
-0.002367225009948015 -0.00216965121217072 -0.0043372199870646 
-0.0001801586331566796 0.008460643701255322 0.001030742889270186 
0.00252136867493391 0.03159186244010925 -0.002423677127808332 
0.003993039485067129 -0.002755441702902317 -0.00152415141928941 
0.003340715309605002 0.0009643242228776217 -0.006329309195280075 
0.006499112583696842 -0.008470108732581139 -0.009234512224793434 
0.004057097714394331 -0.0045384312979877 -0.007298016920685768 
0.0008198751602321863 0.007195805665105581 -0.01300256233662367 
0.001878793002106249 -0.003179007675498724 0.000622734718490392 
-0.00820473488420248 0.005635168869048357 -0.01023050304502249 
-0.001109965378418565 0.005079319234937429 -0.01026035286486149 
-0.003061491996049881 -0.0009415625827386975 -0.006464208010584116 
0.008695018477737904 -0.006215535569936037 -0.003888424718752503 
0.006493106484413147 -0.002704009879380465 -0.001520086545497179 
-0.004721114411950111 0.03066470101475716 -0.009600000455975533 
0.009658817201852798 0.01795738935470581 -0.007196175400167704 
-0.001575729693286121 0.03095949068665504 -0.001946530886925757 
0.009045583195984364 0.02714887633919716 -0.005412907805293798 
-0.00691448338329792 0.01031477190554142 -0.01011117268353701 
-0.001404108246788383 0.03504553437232971 -0.002400000113993883 
0.006904181092977524 -0.002233972772955894 -0.008050000295042992 
0.006630874704569578 0.03317294269800186 -0.007683856412768364 
0.01017371006309986 0.004938649013638496 -0.002725148573517799 
-0.005519159603863955 0.01066971570253372 -0.001895072404295206 
-0.006089741364121437 0.01727716997265816 -0.009622430428862572 
-0.005183099769055843 0.01778953894972801 -0.01186972204595804 
0.005943379364907742 -0.006695700343698263 -0.001547375461086631 
0.007111391052603722 0.02148531749844551 -0.0007286331965588033 
-0.003214434022083879 -0.008215530775487423 0.001038283226080239 
0.005083506461232901 0.01862129010260105 -0.01226016040891409 
-0.003480552695691586 0.01294445525854826 -0.0128452368080616 
0.004891165532171726 0.0300596933811903 -0.009621432051062584 
-0.00632762024179101 0.0241735428571701 -0.004467785358428955 
-0.003513461444526911 0.02059018053114414 -0.009850375354290009 
-0.006023133173584938 0.01760506257414818 -0.009588141925632954 
-0.00699319364503026 0.0127276498824358 -0.004687253385782242 
-0.009784910827875137 0.007110138889402151 -0.002718522911891341 
-0.001330570667050779 -0.001495372620411217 0.0002743590157479048 
0.001132006989791989 -0.007484117988497019 -0.01267375610768795 
0.006659809499979019 -0.00447824876755476 -0.003949999809265137 
-0.004155444446951151 0.02681122906506062 -0.008951314724981785 
0.003668363206088543 -0.004798948764801025 -0.007666317280381918 
0.002285684458911419 0.02470173500478268 -0.002244378905743361 
-0.006529331672936678 -0.006933392956852913 -0.0009236070327460766 
0.0004985664272680879 -0.002831567078828812 -0.001529745757579803 
-0.0009073251858353615 0.01992766931653023 0.0009694194886833429 
0.0006770955515094101 -0.005562440492212772 -0.008050000295042992 
0.002102048136293888 -0.00437035271897912 -0.008050000295042992 
0.01066857296973467 0.004809798672795296 -0.003906059078872204 
0.002495996421203017 -0.008729554712772369 -0.01062851399183273 
0.009360795840620995 0.01326435804367065 -0.009031971916556358 
0.007543583866208792 0.01127445790916681 -0.005995552055537701 
0.001336634624749422 0.02172053977847099 0.001110912300646305 
0.006977619137614965 0.02300645597279072 -0.01136933080852032 
-0.002792573533952236 -0.006213241256773472 -0.001448641764000058 
0.001013745437376201 -0.003348984522745013 -0.008050000295042992 
0.007026322185993195 0.005584317725151777 -0.01026477105915546 
0.006499963346868753 0.002806257456541061 -0.01033612992614508 
-0.00990332942456007 0.008050487376749516 -0.003887587692588568 
-0.00824492983520031 0.005026413593441248 -0.01024630293250084 
0.003961500711739063 0.01944044977426529 -0.002103453734889627 
-0.00128883752040565 0.00217505544424057 -0.001664242940023541 
0.006513126194477081 0.02354723587632179 -0.004467287100851536 
0.008159538730978966 0.02850205823779106 -0.01037048362195492 
0.005299841985106468 -0.003664605785161257 -0.01199996192008257 
0.00147516920696944 0.0002140437572961673 -0.001485843560658395 
0.005798358004540205 0.01231047511100769 -0.0118718221783638 
0.01039404515177011 -0.002122155157849193 -0.008406033739447594 
-0.007809765636920929 0.00114316982217133 -0.01211699191480875 
0.00661560008302331 0.02232584170997143 -0.006163939833641052 
0.006038757506757975 0.01212198566645384 -0.001907975412905216 
-0.005377036053687334 0.02703001350164413 -0.006662574596703053 
0.002346245106309652 0.02243931218981743 -0.0131088774651289 
-0.005650287959724665 0.002320423489436507 -0.01032253168523312 
-0.008867152966558933 0.004949270747601986 -0.009408386424183846 
0.008183424361050129 0.02108193002641201 -0.01024975534528494 
0.004379827994853258 -0.007254324853420258 -0.001405917340889573 
0.001309429993852973 0.001714812591671944 -0.01274608168751001 
-0.0009767692536115646 0.03362452983856201 -0.01220063120126724 
0.003769781906157732 0.02976261638104916 -0.009626760147511959 
0.004945118445903063 0.003056998830288649 -0.001821885234676301 
-0.001055527362041175 0.02848524041473866 0.0005086828023195267 
0.009597588330507278 0.004739969503134489 -0.001805517706088722 
-0.00386962597258389 0.02766500413417816 -0.002335021737962961 
-0.002291864715516567 0.011620226316154 -0.01298235356807709 
0.002730480628088117 0.006224185694009066 -0.01023878157138824 
-0.007331501692533493 0.009093464352190495 -6.731763278366998e-05 
-0.003176899859681726 -0.002531286329030991 0.001025661593303084 
-0.001806888612918556 0.02998248673975468 -0.01207799557596445 
-0.00813046470284462 0.00715919304639101 -0.003285429906100035 
-0.004603316076099873 0.03129196539521217 -0.009599999524652958 
0.004050623625516891 0.009159918874502182 -0.001834975322708488 
0.00435181800276041 -0.007985635660588741 -0.008050000295042992 
-0.002298170700669289 -8.966671157395467e-05 -0.01301171537488699 
-0.004740847740322351 0.02620710805058479 -0.002718656091019511 
-0.004731714259833097 0.02909025922417641 -0.0102443490177393 
-0.002374182920902967 0.0002505641023162752 0.001006264123134315 
0.008998566307127476 0.01498886942863464 -0.009518075734376907 
-0.009723644703626633 0.009279428049921989 -0.007142958231270313 
-0.003824150189757347 0.02336355671286583 -0.002222670940682292 
-0.00448099710047245 0.02392197586596012 -0.00223866431042552 
-0.001258314470760524 0.02672297693789005 -0.01264325156807899 
0.0004755369736813009 -0.009323705919086933 -0.01063965074717999 
0.006957848556339741 0.01825033128261566 -0.007158816792070866 
-0.0005575842224061489 0.001355332206003368 -0.006355311721563339 
0.003794422838836908 0.02240785025060177 -0.009818745777010918 
0.003652863204479218 -0.0001314902328886092 -0.006743724923580885 
-0.001110636279918253 0.002018120605498552 -0.001659761997871101 
0.007868876680731773 0.02079056948423386 -0.01061830297112465 
0.007010712288320065 0.01762053370475769 -0.00565556064248085 
5.842305108672008e-05 0.03430818393826485 -0.01142168696969748 
-0.004165790975093842 0.01288258098065853 0.0007372081745415926 
-0.008597487583756447 0.01496335491538048 -0.00835137814283371 
-0.001137934159487486 0.02999578043818474 -0.009599999524652958 
0.000593390257563442 0.003759866347536445 0.0008373690070584416 
-0.009268386289477348 0.008757058531045914 -0.009949163533747196 
0.00730353407561779 -0.003551387460902333 -0.01144981011748314 
-0.005665041506290436 -0.0005369390128180385 0.0008483170531690121 
0.008577236905694008 0.001563281868584454 -0.01114076562225819 
0.007390775717794895 -0.007372056599706411 -0.006167470943182707 
0.009335687384009361 0.02293160185217857 -0.006765619851648808 
-0.002098781522363424 0.01586881838738918 -0.01286480389535427 
0.01048477366566658 -0.002500435337424278 -0.006553248502314091 
0.006117296405136585 0.008545484393835068 -0.001814471441321075 
0.003840108867734671 0.01697411574423313 -0.002039353596046567 
-0.006625351961702108 0.01461450662463903 -0.009191550314426422 
-0.009992910549044609 0.00598266813904047 -0.005831807851791382 
-0.002719435375183821 -0.00174215086735785 -0.00670147780328989 
-0.001274647540412843 0.02317964658141136 -0.0128763485699892 
0.007651499472558498 0.009990361519157887 -0.008999163284897804 
0.003917604219168425 0.02767001464962959 -0.01280612591654062 
0.002334407530725002 0.0006252728053368628 -0.01038403622806072 
0.008824453689157963 0.02177487313747406 -0.009090093895792961 
-0.0002698774042073637 0.005346265155822039 -0.01308554038405418 
0.004332412499934435 0.02770445309579372 -0.002318312879651785 
-0.007626610808074474 0.009555620141327381 -0.005826094187796116 
0.005908939987421036 0.030742222443223 -0.008591185323894024 
0.002199407434090972 0.006187968421727419 0.0008417299250140786 
-0.004789933562278748 0.03333732113242149 -0.002400000113993883 
0.0041639837436378 -0.003402750473469496 -0.007050000131130219 
-0.007776758167892694 -0.005404286086559296 0.0001457969192415476 
0.002426105784252286 -0.006732698529958725 -0.01250782050192356 
0.003421979490667582 -0.005528064910322428 -0.004502086900174618 
0.003435085294768214 0.01216557901352644 -0.01008525583893061 
-0.004323145840317011 0.02222724817693233 -0.002194096334278584 
-0.00310412491671741 0.02210482396185398 -0.009811734780669212 
0.001214514719322324 0.01736613735556602 -0.002055262215435505 
-0.002240903209894896 0.02532155439257622 -0.0124179981648922 
0.0003724216367118061 -0.004735677503049374 -0.007050000131130219 
-0.002023340668529272 0.006551644764840603 0.001105943811126053 
0.004735417664051056 0.01217608526349068 0.0001553337497171015 
0.004074107389897108 -0.007542436011135578 -0.008050000295042992 
0.004991655703634024 0.01999440602958202 -0.00988431740552187 
-0.00356510654091835 -0.005480742081999779 0.001037449692375958 
0.001788098132237792 0.01749829016625881 -0.002057470614090562 
-0.007379321847110987 0.01081173587590456 -0.004899258259683847 
0.002864124719053507 0.01139263994991779 -0.01250686403363943 
-0.006865871604532003 0.004116947297006845 -0.01234805211424828 
0.0005410454468801618 0.02261329628527164 0.001129157608374953 
-0.002898444421589375 0.003393079387024045 -0.00169951026327908 
0.01008556038141251 0.0009396148379892111 -0.009793845005333424 
0.007676795125007629 0.009689479134976864 -0.001906579127535224 
-0.002682514721527696 -0.001788162859156728 -0.005501504056155682 
-0.008348570205271244 0.005992254707962275 -0.005708623211830854 
-0.003201627638190985 -0.0002616538549773395 -0.006187921389937401 
0.004280425608158112 0.02385596372187138 0.0008975712116807699 
0.009236255660653114 0.02914678491652012 -0.004551284946501255 
-0.001551058841869235 0.03382236510515213 -0.0009931918466463685 
-0.008013250306248665 0.01238535344600677 -0.001222121762111783 
-0.005555060226470232 0.005828991997987032 -0.01266227755695581 
0.004975783172994852 0.03168978169560432 -0.002420924371108413 
0.006911010481417179 0.01880906894803047 -0.002164094243198633 
0.002503600902855396 -0.004678918980062008 -0.007050000131130219 
-0.006571129430085421 0.01484640315175056 -0.00378879252821207 
0.00535970414057374 0.0294437613338232 -0.009638519026339054 
0.0007712611695751548 -0.005390016827732325 -0.008050001226365566 
0.001955698244273663 0.02252642437815666 0.001136911800131202 
-0.007599847391247749 0.01250755973160267 -0.0008172690868377686 
0.006229398772120476 0.02692596986889839 -0.008818858303129673 
-0.005855219438672066 -0.007445324212312698 0.0001110852754209191 
-0.004314811434596777 0.01408020965754986 0.0006173556321300566 
-0.005133737809956074 0.02709673345088959 -0.005383429117500782 
0.01058960519731045 0.000831597251817584 -0.003187518566846848 
0.005557546857744455 0.01335654780268669 -5.376815533963963e-05 
0.007332510314881802 -0.006507989950478077 -0.008206695318222046 
0.007336532697081566 0.002012519631534815 -0.01167766191065311 
0.006786627229303122 0.0244439672678709 -0.01180936954915524 
-0.003666084492579103 0.01290575042366982 0.0008229633676819503 
-0.00873982161283493 0.01003877446055412 -0.01047746650874615 
-0.002922673709690571 -0.001209000591188669 0.001020432566292584 
-0.004560292232781649 0.02471043728291988 -0.00576988747343421 
-0.0007014742586761713 0.005947238765656948 -0.01309463009238243 
-0.006410262081772089 0.007347567938268185 -0.001810303307138383 
0.005946897435933352 0.0302900392562151 -0.003849629079923034 
-0.005945980548858643 0.001083557261154056 -0.01276573538780212 
0.007786192931234837 -0.002528199227526784 -0.01123548299074173 
-0.006726331077516079 0.01238867454230785 -0.0001439026673324406 
-0.009730460122227669 0.009360190480947495 -0.006097367033362389 
-0.00405863206833601 0.0008344941888935864 -0.012962831184268 
0.0008738246979191899 0.01771661639213562 0.0009481996530666947 
0.007498690392822027 -0.006492326036095619 -0.006926573812961578 
-0.006416413001716137 0.02213164046406746 -0.009061276912689209 
0.006290966644883156 0.008441351354122162 -0.0002542574657127261 
-0.00909743644297123 0.005002073477953672 -0.005176793783903122 
-0.007104996591806412 0.01215409487485886 -0.006738453172147274 
0.007210886105895042 -0.004865658935159445 -0.00494999997317791 
-0.001187098561786115 -0.001633836422115564 0.0004089921421837062 
-0.001109394594095647 0.00283732358366251 -0.001681137830018997 
-0.007358415983617306 -0.005939805880188942 0.0004723038000520319 
-0.002514408668503165 0.00209197448566556 -0.001664725481532514 
0.003805357497185469 0.009745698422193527 -0.0101492078974843 
-0.007146093528717756 0.0002522198192309588 -0.01246004737913609 
0.003426434006541967 0.01736562326550484 -0.01273395121097565 
0.005920748226344585 0.03033090196549892 -0.002383419079706073 
-0.0006279709050431848 -0.001435838406905532 -0.001568584004417062 
-0.006413042079657316 0.01566035486757755 -0.002899383660405874 
-0.0005296836025081575 0.003156009595841169 -0.004222760442644358 
-0.002123121637851 0.03056152351200581 -0.009600000455975533 
0.0008483831188641489 0.001960736466571689 -0.01256413944065571 
0.002991729183122516 0.003741418709978461 -0.01030413806438446 
-0.005726393312215805 0.03322336450219154 -0.0001581818651175126 
0.009324328973889351 0.02096205949783325 -0.007990820333361626 
0.00715932622551918 0.0242779478430748 -0.000827859912533313 
0.005669319536536932 -0.00727772805839777 -0.00494999997317791 
-0.006497114896774292 0.01216145697981119 -0.001936116721481085 
-0.008845831267535686 0.004944199230521917 -0.003059588838368654 
0.004726100713014603 -0.009178097359836102 -0.0007756876293569803 
-0.00142326217610389 0.03326419740915298 -0.001000000163912773 
-0.005900572519749403 0.005083946045488119 -0.01024987082928419 
0.0005427668220363557 -0.007700498215854168 -0.01274923700839281 
-0.005100645124912262 0.02209146320819855 -0.007623209152370691 
0.005488123279064894 0.00248610065318644 -0.01223377138376236 
0.003676452673971653 0.00404280936345458 -0.001702246023342013 
0.005984053481370211 -0.006452389061450958 -0.01184227503836155 
0.01061777584254742 0.004301301669329405 -0.00831888522952795 
0.001422126544639468 0.02703162841498852 -0.00969295110553503 
0.006950773298740387 0.02895373851060867 -0.0115526020526886 
-0.003196956124156713 0.0003367838799022138 -0.00732717290520668 
0.004712078254669905 -0.007074852474033833 -0.007050000131130219 
0.006411087699234486 0.02274023368954659 -0.0003691133460961282 
0.005918934941291809 0.01207023113965988 -0.001906883902847767 
0.001794047420844436 -0.004238145425915718 -0.001490229275077581 
0.008629981428384781 -0.001063352567143738 -0.0107765244320035 
-0.002323300344869494 0.02952978946268559 7.22171098459512e-05 
0.006339306011795998 0.01626155525445938 -0.01168882288038731 
-0.008068553172051907 0.007424145005643368 -0.007600197568535805 
0.005880399607121944 0.03108149394392967 -0.006816131062805653 
0.009176161140203476 -0.004178974311798811 -0.001594068598933518 
-0.005637479480355978 0.03020333126187325 -0.002400000113993883 
0.008941279724240303 -0.005845057778060436 -0.003850635606795549 
0.0003558803582563996 0.02972092293202877 0.0006336562801152468 
-0.007455968763679266 0.01041799690574408 -0.005306265316903591 
-0.005468358285725117 -0.004849627614021301 -0.001490051043219864 
0.0003211158036720008 0.01176767330616713 -0.01008890569210052 
0.007807738147675991 0.008129958063364029 -0.009645838290452957 
8.980449638329446e-05 0.03284245729446411 -0.002400000113993883 
0.00158063299022615 -0.001789267873391509 -0.008050000295042992 
-0.003579988609999418 0.0265042819082737 -0.0009937064023688436 
0.001222968101501465 0.005873970687389374 -0.001755339093506336 
-0.007267102599143982 0.0208890326321125 -0.007548284251242876 
0.008663573302328587 0.03223703801631927 -0.003168384544551373 
0.005329276900738478 0.009398541413247585 -0.01203426625579596 
-0.002915295772254467 -0.001348026911728084 -0.007195109501481056 
-0.004443699959665537 0.02540106698870659 -0.009342469274997711 
0.00611002603545785 0.02834722027182579 -0.004237392451614141 
0.005522269289940596 0.01238955091685057 -3.604274388635531e-05 
-0.002459662733599544 0.02112352475523949 -0.01262353919446468 
0.003639921313151717 0.01276925858110189 -0.001930054626427591 
-0.005326816812157631 0.0002293918514624238 -0.0128765357658267 
-0.007599021773785353 0.02004436030983925 -0.005711805541068316 
0.006570760160684586 -0.00175794109236449 -0.00494999997317791 
0.0008117982652038336 0.001241735415533185 -0.01055288501083851 
0.009185627102851868 0.007917057722806931 -0.009812514297664165 
-0.006104018539190292 0.01707896217703819 -0.006151782814413309 
-0.0033643813803792 -0.008070411160588264 -0.01059863902628422 
0.003594668116420507 0.005249399691820145 0.0006151834968477488 
0.008344720117747784 -0.001447063637897372 -0.005957366898655891 
-0.003202798776328564 -0.0004117300268262625 -0.004400362260639668 
0.009155808947980404 0.02878511697053909 -0.006089120171964169 
0.002054550684988499 0.009832900017499924 -0.001856854651123285 
-0.006817392073571682 0.009001441299915314 0.0002031816547969356 
-0.001545771840028465 0.0232449509203434 0.0007987925782799721 
-0.00102387904189527 0.0264239814132452 -0.01281387731432915 
0.0106751499697566 0.001258965115994215 -0.008557569235563278 
0.004911139607429504 -0.007478364743292332 -0.008050000295042992 
-0.0005153347156010568 -0.003217979799956083 -0.008050000295042992 
-0.005314583890140057 0.02098206989467144 -0.005794400814920664 
0.00687380600720644 -0.003193761687725782 -0.0004100825753994286 
0.008260462433099747 0.002738469513133168 -0.002431989414617419 
0.007395929656922817 0.0187552236020565 -0.00089694419875741 
0.0004830336547456682 0.03353218361735344 -0.009600000455975533 
0.0009820148115977645 -0.002118129748851061 -0.008050000295042992 
-0.003729484975337982 0.01694875210523605 -0.00205506244674325 
-0.001488314243033528 0.0329657718539238 -0.01012962125241756 
-0.003585903672501445 0.00135981512721628 -0.01297736912965775 
0.003688974305987358 0.0007541002705693245 -0.006322578527033329 
0.003497246652841568 -0.005847333930432796 -0.004243139643222094 
0.008148955181241035 0.004065806046128273 -0.007875918410718441 
0.002969622611999512 0.0172869861125946 -0.01278551667928696 
-0.004543893039226532 0.02700775489211082 -0.009430891834199429 
-0.001264944672584534 0.0007240435807034373 -0.00779116153717041 
-0.0006682582898065448 -0.004173638299107552 0.0009482599562034011 
0.002600904786959291 0.01985545456409454 -0.01297228969633579 
0.004895028192549944 0.002076724544167519 -0.001771900919266045 
0.001214345684275031 0.006991853937506676 -0.001784530584700406 
0.004787002690136433 0.003580946940928698 0.0003803806030191481 
0.004115292336791754 0.01238893251866102 -0.01230014953762293 
-0.001903107506223023 0.002250301418825984 -0.008050000295042992 
-0.002593986224383116 0.03424777835607529 -0.002400000113993883 
-0.009987627156078815 0.005888880230486393 -0.006530024576932192 
0.008485190570354462 0.03432484716176987 -0.006282402202486992 
0.005221799947321415 0.01071997825056314 -0.01205726712942123 
0.002028870861977339 0.01765221916139126 -0.009939033538103104 
-0.001270291395485401 0.01180948130786419 -0.01298587489873171 
-0.003778079058974981 0.02409288659691811 -0.002241604030132294 
-0.003820781130343676 0.01748977974057198 -0.002069378737360239 
-0.001211656257510185 0.03440951183438301 9.464214963372797e-05 
-0.009042747318744659 0.001299667521379888 -0.01120085269212723 
-0.002096504904329777 0.006499392911791801 0.001106913667172194 
0.005902385339140892 -0.005276000127196312 -0.008050000295042992 
0.001915049506351352 0.02665533870458603 -0.009703838266432285 
0.00231244252063334 0.001677626511082053 -0.003949999809265137 
-0.002279267646372318 0.03541292250156403 -0.009599999524652958 
0.0007082482916302979 0.0296405702829361 -0.0023766765370965 
-0.006680046208202839 -0.004998119547963142 -0.01051129214465618 
-0.007338246330618858 0.02014993131160736 -0.003720656968653202 
0.007107928395271301 0.01646354980766773 -0.008591087535023689 
-0.00877358578145504 0.004075154196470976 -0.0008867669384926558 
-0.002086441731080413 0.01464416738599539 -0.01288557052612305 
-0.007196174003183842 0.01709673181176186 -0.01031161285936832 
0.002179204486310482 0.007556324359029531 -0.001797174569219351 
-0.003985267598181963 0.01023969613015652 -0.01011946611106396 
0.005010277032852173 0.021149767562747 -0.002145792823284864 
-0.00246364064514637 0.02495944313704967 0.0003368920879438519 
-0.005067564081400633 -0.004650565795600414 0.0009551101829856634 
-0.003699499182403088 0.01776932179927826 -0.01247730012983084 
0.009583443403244019 0.01898670382797718 -0.004672696813941002 
-0.003600222524255514 0.01538808830082417 -0.002014054916799068 
0.002577572828158736 0.01321541704237461 0.0005336803733371198 
0.0008220865856856108 0.001986115239560604 0.0004461047064978629 
0.004678122699260712 0.0005143487942405045 -0.004671659786254168 
-0.0009503142791800201 -0.001100426306948066 -0.007811143063008785 
0.009745161980390549 0.01746833138167858 -0.006140802521258593 
-0.00271573243662715 0.00704552186653018 -0.001794430776499212 
0.005257816985249519 -0.00095137651078403 4.360510502010584e-06 
0.003709362586960196 -0.009000306949019432 -0.0002181523741455749 
0.007367955520749092 0.01256439182907343 -0.001916645909659564 
0.005897771567106247 0.030875189229846 -0.003517383243888617 
-0.004578634165227413 0.02462314628064632 -0.005678730551153421 
0.0091208815574646 0.02559954673051834 -0.004683977924287319 
0.004898065701127052 0.01016155630350113 0.0001364420022582635 
0.007386067882180214 0.01668670028448105 -0.0008805931429378688 
0.001407744362950325 -0.009379351511597633 -0.01199444476515055 
-0.000777046603616327 0.03410773724317551 -0.009599998593330383 
0.00340105639770627 0.02102550864219666 -0.00985396932810545 
-0.00256377924233675 0.0007624299032613635 -0.00163013581186533 
-0.006638586986809969 0.02361480891704559 -0.005872257985174656 
-0.001761817838996649 0.0005881673423573375 -0.01037614699453115 
-0.006887577474117279 -0.004100379068404436 -0.01269423123449087 
-0.009153946302831173 0.01262280344963074 -0.006822898518294096 
0.006616868078708649 -0.006301318295300007 -0.009183051064610481 
-0.004224860109388828 0.02637042663991451 -0.005704731680452824 
-0.006870563142001629 -0.003049382474273443 -0.01267598569393158 
-0.00261703971773386 0.0342537946999073 -0.009599999524652958 
0.004007019102573395 -0.001287442166358232 -0.00494999997317791 
0.001209489651955664 0.03281247615814209 -0.01068959478288889 
-0.005444755312055349 -0.007732268888503313 0.0004145376151427627 
-0.009814814664423466 0.005117719061672688 -0.00361349806189537 
-0.001328648417256773 0.03135593235492706 -0.001659833826124668 
-0.001803904422558844 0.02924705669283867 -0.009628159925341606 
-0.001436972408555448 0.001644227188080549 -0.01034928951412439 
-0.008455369621515274 0.01560078747570515 -0.008363116532564163 
-0.0004410289111547172 0.03083293884992599 -0.01247557066380978 
0.006069078110158443 0.0288348663598299 -0.007765559479594231 
0.00154605065472424 0.009227235801517963 -0.01015785150229931 
-7.985056436154991e-05 -0.008528003469109535 -0.01281666476279497 
-0.005215466022491455 0.02702325209975243 -0.007692002691328526 
0.002730325562879443 0.01707588881254196 0.0008013452170416713 
0.008291184902191162 0.002371615497395396 -0.005261932965368032 
-0.007527662441134453 0.01028147712349892 -0.0003560117038432509 
0.006539466325193644 0.02323467656970024 -0.002824926050379872 
0.008833364583551884 0.01440840773284435 -0.00984000600874424 
0.008422978222370148 0.0007751666125841439 -0.002873275661841035 
0.003616827074438334 -0.002092898590490222 0.0003502331092022359 
0.006294875871390104 -0.00280293170362711 -0.003949999809265137 
0.0106845386326313 -0.001230563968420029 -0.005747264716774225 
-0.008338944986462593 0.006127606611698866 -0.008677900768816471 
0.007447067648172379 0.0124241765588522 -0.006922264583408833 
-0.005963940173387527 0.01789950951933861 -0.00964069738984108 
0.008035069331526756 0.005421531852334738 -0.005626542959362268 
0.008290963247418404 0.002374010160565376 -0.006035679951310158 
0.009524772875010967 0.01968706212937832 -0.004494302906095982 
3.172128344886005e-06 0.022030059248209 0.001087520970031619 
-0.00640927953645587 0.01560364104807377 -0.004946100059896708 
-0.0001322292810073122 0.02589941024780273 -0.01302018016576767 
-0.005728431046009064 0.01900957152247429 -0.003820629324764013 
-0.002056396333500743 0.0287463404238224 -0.002359319245442748 
-0.001415207516402006 0.02497571893036366 -0.009740467183291912 
-0.005491148214787245 0.009632041677832603 0.0006513993139378726 
-0.0004800037713721395 0.03486723452806473 -0.001685894792899489 
0.002135477028787136 -0.009027521125972271 -0.01063551008701324 
-0.004774120636284351 -0.001124756876379251 0.000945792649872601 
0.0009069863590411842 -0.004471376072615385 -0.007050000131130219 
-0.000678646843880415 0.009672823362052441 0.001033206935971975 
0.0077474070712924 0.01302297506481409 -0.001053984742611647 
0.009461730718612671 0.02045825868844986 -0.007546275854110718 
-0.007466327399015427 0.004122014157474041 6.973021663725376e-05 
-0.002321831649169326 0.003751194104552269 -0.01295786164700985 
-0.0004130194720346481 -0.002048716647550464 -0.001552147674374282 
0.006668934598565102 0.02169146202504635 -0.008480971679091454 
-0.0008740006014704704 -0.006165094207972288 -0.01294474303722382 
-0.008070831187069416 0.007454747334122658 -0.008738161996006966 
-0.005615534726530313 -0.002799475099891424 0.0008903572452254593 
-0.005851580295711756 0.003747691866010427 -0.01267894823104143 
0.006313641089946032 0.0006577156018465757 -0.006637288257479668 
-0.009420468471944332 0.0008773031295277178 -0.01071642804890871 
0.001097249216400087 0.002568339463323355 0.0007822885527275503 
-0.002100547077134252 -0.002050598151981831 0.001018336857669055 
-0.001437911298125982 0.03442981466650963 -0.01205558981746435 
0.00199544127099216 0.01116784196346998 -0.001891819760203362 
0.006959669757634401 0.01885654032230377 -0.01140348613262177 
-0.001489405520260334 0.03358255326747894 -0.002400000113993883 
0.007595172617584467 -0.006947011686861515 -0.001324893906712532 
0.005667288322001696 0.02800007537007332 0.0003326585283502936 
-0.003986112773418427 -0.00541126262396574 -0.001472093630582094 
0.009524425491690636 -0.00292679644189775 -0.001954729435965419 
-0.005735821556299925 0.03090631775557995 -0.009600000455975533 
-0.005398590117692947 -0.007788220420479774 6.111900438554585e-05 
0.00609833188354969 0.0009727919823490083 -0.006527321878820658 
-0.008947430178523064 0.01324028335511684 -0.003617809154093266 
0.005158036947250366 0.006133383139967918 -0.01024640072137117 
-0.000908935209736228 0.02557028643786907 -0.002273953752592206 
0.003935261629521847 -0.006113890558481216 -0.001436632825061679 
-0.007807957008481026 0.008791189640760422 -0.00975498091429472 
-0.003770747687667608 0.025418845936656 -0.009723808616399765 
0.004960555583238602 -0.00393518153578043 -0.003949999809265137 
-0.002800836227834225 0.001193208387121558 -0.001641890266910195 
-0.001962032401934266 0.03417737409472466 -0.009599999524652958 
0.008427958004176617 0.008621549233794212 -0.01059632189571857 
-0.0006010473007336259 0.01032970659434795 -0.01301741134375334 
0.008018610998988152 0.001080146059393883 -0.008088909089565277 
-0.0003889055224135518 0.03166837990283966 -0.009599999524652958 
0.00355927599593997 -0.000421741628088057 -0.001585990656167269 
0.006864379625767469 0.01936428248882294 -0.0039318623021245 
-0.004527244716882706 0.003666076110675931 -0.001710157026536763 
-0.003047126112505794 -0.003260388039052486 0.001031428226269782 
0.00693565933033824 0.01851509883999825 -0.00431618420407176 
0.002250592689961195 0.01617937535047531 -0.002022051252424717 
0.008393754251301289 0.001150305615738034 -0.007281238678842783 
0.002100802259519696 0.01053811050951481 0.0008326995884999633 
0.006054567638784647 0.01380520686507225 -0.01004813238978386 
-0.002038429956883192 0.02419807575643063 -0.01259038783609867 
0.00585522735491395 0.002781735034659505 -0.00166462454944849 
-0.006665841676294804 0.02036879770457745 -0.002351815579459071 
-0.001383236260153353 -0.0005132866790518165 -3.962239497923292e-05 
0.006577297113835812 0.002855933737009764 -0.001664999173954129 
-0.002116361167281866 0.02044366113841534 -0.002142778597772121 
-0.009554318152368069 0.005078673362731934 -0.003521886887028813 
-0.001869634259492159 0.002260342938825488 -0.01033227518200874 
-0.007945559918880463 0.01503007113933563 -0.01001481059938669 
0.008466013707220554 0.01725851930677891 -0.01012167427688837 
0.003200033213943243 0.01766503788530827 -0.002058768644928932 
0.002025269437581301 0.01744880713522434 0.0008694890420883894 
-0.008033008314669132 0.007558739744126797 -0.005516037344932556 
0.002329898765310645 -0.006018017418682575 -0.01252910122275352 
0.007312960922718048 -0.003498641541227698 -0.0005543912411667407 
-0.002529837423935533 0.02531354874372482 -0.002270759548991919 
0.006093571893870831 0.02854466438293457 -0.003501704894006252 
-0.008253411389887333 0.01721492782235146 -0.006704569794237614 
0.006140025332570076 0.03079252690076828 -0.0001689628697931767 
0.005841845646500587 0.03154148161411285 -0.009297792799770832 
-0.004824374802410603 0.02349612861871719 -0.001284050638787448 
0.00646432489156723 0.002252410631626844 -0.003277119714766741 
0.009520925581455231 -0.003656574292108417 -0.001953305909410119 
-0.0068736607208848 0.02269277349114418 -0.00538904033601284 
-0.005853897891938686 -0.00131177541334182 -0.01041687745600939 
0.005927266087383032 0.02848531678318977 -0.0121895307675004 
0.004524882882833481 0.02270053885877132 -0.002187312114983797 
-0.002419753698632121 0.02470176108181477 -0.002254555933177471 
0.008349832147359848 0.03404921665787697 -0.007947075180709362 
0.003801229642704129 -0.005444244481623173 -0.01054560113698244 
-0.008948375470936298 0.0138528710231185 -0.005460013635456562 
0.006669594906270504 0.008414497599005699 -0.0116069195792079 
0.005716466810554266 0.02000153623521328 -0.002114300616085529 
0.001524414168670774 -0.006653104908764362 -0.007417473942041397 
0.009559057652950287 0.01934527792036533 -0.007322074845433235 
-0.001818045508116484 -0.004100343678146601 0.001011436805129051 
0.001475041499361396 0.000116378563689068 -0.007255937438458204 
0.006950411945581436 0.01833902671933174 -0.007524247281253338 
-0.0004282680165488273 0.02395952865481377 -0.009769120253622532 
-0.004898419138044119 0.02454860508441925 -0.001799570978619158 
0.004113002680242062 0.01439696364104748 0.0002999613643623888 
0.006736036390066147 -0.0004411419504322112 -0.0116208977997303 
0.00624264869838953 -0.007317785173654556 -0.00494999997317791 
-0.002848540665581822 0.03512824699282646 -2.685629988263827e-05 
0.006419674959033728 0.01958250068128109 -0.002101844642311335 
-0.005230733659118414 0.0343751460313797 -0.01077954843640327 
0.01038834732025862 0.003289060667157173 -0.008984502404928207 
0.008734521456062794 0.001502674422226846 -0.0009431098005734384 
-0.007726572453975677 0.006303858477622271 -0.01021408662199974 
0.007964244112372398 0.006265005562454462 -0.005574964918196201 
-0.001693852944299579 -0.009390930645167828 -0.01091434340924025 
-0.004056219942867756 0.03164627403020859 -0.00219595362432301 
0.007685326971113682 -0.002832097699865699 -0.002503002062439919 
-0.002149371895939112 0.001800661091692746 -0.01034366618841887 
0.007120686583220959 0.01631095446646214 -0.006712025031447411 
-0.008036583662033081 0.01799130439758301 -0.007337212562561035 
0.005676266737282276 -0.008137930184602737 -0.007302388548851013 
0.002654685406014323 -0.004519130103290081 -0.001481019775383174 
0.009045343846082687 0.02712548896670341 -0.006624293979257345 
0.007692067883908749 0.001122966641560197 -0.01151036098599434 
0.0006711533642373979 0.03256365656852722 -0.012398443184793 
-0.005780948325991631 -0.007235541474074125 0.0009209585841745138 
0.003792458679527044 0.01037610322237015 0.0003542136400938034 
-0.002318581333383918 0.01425407268106937 -0.001981689594686031 
-0.003286482766270638 0.01884914934635162 -0.01251328364014626 
0.01071724202483892 -0.000116100643936079 -0.008621853776276112 
0.0004688838380388916 0.03381456062197685 -0.001727934810332954 
-0.001075407955795527 0.01608851552009583 -0.01293088309466839 
-0.008178465068340302 0.001202743733301759 -9.102399053517729e-05 
0.006750834640115499 0.03116330876946449 -0.0005686866352334619 
0.004628429654985666 0.01165341213345528 0.0001757719874149188 
0.006240885239094496 0.008666349574923515 -0.001817358424887061 
0.0004925821558572352 0.008185677230358124 -0.01300381775945425 
-0.006915632635354996 -0.002981680445373058 -0.01045816019177437 
0.0028778868727386 0.03100545145571232 -0.002407602965831757 
0.007212928496301174 -0.0008705341024324298 -0.01041295006871223 
-0.007872319780290127 0.008347118273377419 -0.005670748185366392 
0.007219485938549042 0.01513450033962727 -0.004987103398889303 
0.009329015389084816 0.02913723886013031 -0.005806311033666134 
0.005205725319683552 -0.002187525620684028 -0.007050000131130219 
-0.004643070511519909 0.02693430334329605 -0.004134356509894133 
0.01017348747700453 0.00969111081212759 -0.005643459968268871 
0.007200588472187519 -0.0002614121476653963 -0.003873692359775305 
-0.007617194671183825 0.009698053821921349 -0.003218880854547024 
0.00589442253112793 0.01115055102854967 -0.0001541905221529305 
0.004345173016190529 0.0008925695437937975 -0.01222690753638744 
-0.0003661328228190541 -0.003863051068037748 -0.008050000295042992 
-0.001489693066105247 0.0007998420624062419 -0.001628789119422436 
-0.0008036862127482891 -0.008454922586679459 -0.001386071904562414 
0.005369410384446383 0.01901046000421047 -0.009910812601447105 
-0.001559272175654769 0.009386749938130379 -0.01014697179198265 
0.007361171301454306 0.01344704441726208 -0.006738691590726376 
-0.001404860988259315 0.01247490383684635 -0.01006671600043774 
0.0082506462931633 0.02379471622407436 -0.009965837001800537 
-0.006058934144675732 0.03133045509457588 -0.0006330441683530807 
-0.003023616969585419 0.008812964893877506 -0.01303102821111679 
0.01089659612625837 0.004605205729603767 -0.007012347225099802 
0.006365344393998384 0.03302472084760666 -0.01048075780272484 
0.004192402586340904 0.02316285111010075 -0.01291837263852358 
0.009796852245926857 0.01551622245460749 -0.004601371474564075 
0.00641483161598444 -6.819615373387933e-05 -0.008050000295042992 
0.006433657836169004 0.0244931522756815 -0.007909903302788734 
0.00316660525277257 0.02380794659256935 -0.002219149144366384 
-0.006797594018280506 0.01373500656336546 -0.00842119287699461 
-0.009509077295660973 0.01010560989379883 -0.003487992333248258 
0.003132180776447058 0.02561476826667786 -0.01300784945487976 
-0.002521688118577003 -0.001998314633965492 0.001031027524732053 
0.004705928266048431 0.01814997009932995 -0.002068166853860021 
0.002655843272805214 -0.001645345822907984 -0.008050000295042992 
0.009087562561035156 0.02614348009228706 -0.004808767233043909 
0.007063398137688637 0.01699456386268139 -0.003175524296239018 
0.006284103728830814 0.02627441473305225 -0.008582315407693386 
0.001696773571893573 0.004400932230055332 -0.0102841267362237 
-0.008304908871650696 0.01667617820203304 -0.007643240503966808 
0.0006301968242041767 0.03347422555088997 -0.001059415051713586 
0.006603521294891834 0.002147428458556533 -0.006248591467738152 
-0.004386432468891144 0.01215795241296291 -0.001931460225023329 
0.0004730490909423679 -0.008790291845798492 -0.01062572374939919 
0.007101861760020256 0.02575233392417431 -0.01156161539256573 
0.006884491536766291 0.01912516728043556 -0.003344433382153511 
-0.001164755783975124 -0.005220388062298298 -0.01298232190310955 
-0.004670059308409691 0.02420873753726482 -0.007337393239140511 
0.003489774186164141 -0.001072058686986566 -0.001569170039147139 
0.005974205676466227 0.02996421977877617 -0.00637285690754652 
0.005804873071610928 0.005293942987918854 -0.01215660944581032 
-0.007364066317677498 0.0003457111306488514 -0.01037035696208477 
0.006877186242491007 0.01921059936285019 -0.00589816365391016 
-0.00769126508384943 0.01958495378494263 -0.005209716036915779 
-0.004301538690924644 0.02606328763067722 -0.003753996919840574 
-0.000899910693988204 0.0212503969669342 -0.002161200623959303 
0.008982927538454533 0.02928189560770988 -0.003485655412077904 
0.009056405164301395 -0.004291155841201544 -0.001494491938501596 
0.001743289642035961 0.006040355656296015 -0.0102414432913065 
0.007139186840504408 -0.005147524178028107 -0.008310760371387005 
-0.00255498755723238 0.006983017548918724 -0.01020754780620337 
-0.007590040564537048 0.009878886863589287 -0.001950214034877717 
0.006607857532799244 0.000352828239556402 -0.008655701763927937 
-0.001130839576944709 0.0009824309963732958 -0.01038159057497978 
0.005229735281318426 -0.003912254702299833 -0.004950000438839197 
0.0002952320501208305 0.03092170879244804 -0.009600000455975533 
-0.001972130034118891 0.002080582780763507 0.0009854852687567472 
0.002795662963762879 0.01260815374553204 -0.0125096132978797 
0.006900130305439234 -0.002470758045092225 -0.007050000131130219 
0.00559048168361187 0.02439300157129765 0.00047856051241979 
-0.003014559391885996 0.02500957436859608 -1.169126335298643e-06 
0.003326911013573408 0.01897196844220161 -0.01284385565668344 
-0.003102666698396206 0.03353850916028023 -0.01100000087171793 
4.436516246641986e-05 0.01423745695501566 -0.01002385467290878 
0.001347137847915292 0.03265714272856712 -0.0003883427707478404 
-0.004265625029802322 0.02841056883335114 -0.002594587858766317 
0.006984650157392025 0.01793167740106583 -0.004252797923982143 
0.007232683710753918 0.01497716270387173 -0.006631933618336916 
0.0003106005024164915 -0.006172454450279474 0.0008013771730475128 
0.001463008928112686 -0.002327607478946447 -0.01269234716892242 
-0.008445687592029572 0.005535731092095375 -0.00692745903506875 
0.004976917058229446 -0.004558760672807693 -0.00494999997317791 
0.003017872106283903 -0.002551315352320671 -0.003949999809265137 
0.003405091119930148 -0.001279275165870786 -0.003949999809265137 
-0.005351643543690443 0.02087581157684326 -0.003704509697854519 
-0.003625168465077877 0.02948493510484695 5.215405884939628e-11 
0.00240709213539958 -0.007374604232609272 0.0005042932461947203 
-0.008757608011364937 0.003396674524992704 -0.01122140511870384 
0.008148474618792534 -0.002470139414072037 -0.007703105919063091 
0.0002494190994184464 0.00888520386070013 -0.01016397308558226 
-0.00910797156393528 0.003497719299048185 -0.01028432976454496 
0.006136973388493061 0.0007846280932426453 -0.004903978202491999 
0.001335434149950743 0.01814091205596924 -0.01295093540102243 
-0.005406724754720926 0.01340392883867025 -0.01236311439424753 
-0.001812768168747425 0.01550932787358761 0.0008887280127964914 
-0.0002480029070284218 0.006487131118774414 0.001067284378223121 
-0.003314056433737278 0.02251738123595715 -0.002199485432356596 
-0.007905233651399612 0.01622863113880157 -0.009537298232316971 
-0.00427208561450243 0.02241888642311096 -0.0115236472338438 
0.001999462489038706 0.02716617286205292 -0.009690688923001289 
-0.007743502967059612 0.01786135882139206 -0.008941885083913803 
-0.004416476469486952 0.02647634781897068 -0.009808799251914024 
0.005150746554136276 0.03007103130221367 0.0002969070919789374 
-0.00729861855506897 0.004807076882570982 -0.01025407202541828 
-0.0009853338124230504 0.01368185505270958 -0.001963873161002994 
0.005580045748502016 -0.005305874161422253 -0.001454161945730448 
0.006897816434502602 0.01297109667211771 -0.01007172372192144 
-0.001854640664532781 -0.002201719908043742 -0.01300934888422489 
-0.00479313638061285 -0.008172708563506603 -0.01216636784374714 
0.01036642491817474 0.006192742381244898 -0.005673350766301155 
0.01107410527765751 0.000611341733019799 -0.007126829586923122 
0.005956538952887058 -0.005814782809466124 -0.007050000131130219 
0.003469438757747412 0.009828030131757259 -0.01227970700711012 
-0.007570882327854633 0.0192220713943243 -0.003628568258136511 
-0.00776226120069623 0.008941249921917915 -0.004304456990212202 
0.00781303271651268 -0.007463844958692789 -0.005984867457300425 
0.006086345762014389 -0.008257638663053513 -0.003429740900173783 
-0.008279305882751942 0.006338479463011026 -0.006398675497621298 
0.0003586227830965072 -0.005001074634492397 -0.003949999809265137 
0.006384474225342274 0.02699968218803406 3.586411185096949e-05 
-0.008594903163611889 0.003002104815095663 -0.01029837317764759 
0.002169423503801227 -0.008588893339037895 -0.01062413677573204 
0.001364404801279306 0.03080937080085278 -0.01252619177103043 
0.002967730397358537 0.01805092021822929 -0.01283187419176102 
-0.004579204134643078 0.03258730843663216 -0.01099999994039536 
-0.006315866019576788 0.01125497743487358 -0.001912068575620651 
-0.004219124559313059 -0.005614839494228363 -0.01302834320813417 
0.004014268517494202 0.01912155747413635 0.0007703469600528479 
-0.001355453510768712 0.02181071043014526 -0.009823191910982132 
-0.008193952962756157 0.006790925282984972 -0.004767808597534895 
0.008201087825000286 0.003445458598434925 -0.002746175043284893 
-0.0001483431842643768 -0.008409146219491959 -0.01061443332582712 
0.001517509110271931 0.02525455877184868 -0.009739533066749573 
-0.006814002525061369 0.002473248401656747 0.0004643136053346097 
0.005319045856595039 0.01594465970993042 -0.01205876469612122 
-0.005126667208969593 -0.003154940903186798 -0.01293926127254963 
0.005665523931384087 0.03254884481430054 -0.001495170406997204 
0.001384979928843677 0.0009542002808302641 -0.001626600162126124 
-0.0028987608384341 0.001380496774800122 -0.005783380940556526 
0.006580515764653683 0.0003811585484072566 -0.005071914289146662 
0.003453642129898071 0.0002554782549850643 0.0003903927863575518 
-0.005124935880303383 0.007033290341496468 -0.00179932196624577 
0.008551504462957382 -0.006399530917406082 -0.008408854715526104 
0.005829035770148039 -0.007735481485724449 -0.003949999809265137 
0.01020201668143272 0.006985939107835293 -0.007938135415315628 
0.002260571345686913 0.0004944154643453658 -0.008050000295042992 
-0.007513093762099743 -0.005387935321778059 0.0005600760341621935 
0.0008693646523170173 -0.009408924728631973 -0.0126559054479003 
0.004461699165403843 0.03189361467957497 -0.002427355386316776 
0.00710311671718955 0.0190049484372139 -0.0006856952677480876 
-0.004180914256721735 0.02988583222031593 -0.002400000113993883 
0.009467232041060925 0.02095003053545952 -0.006940805353224277 
0.009020941331982613 0.02222175896167755 -0.003394081257283688 
0.007018928416073322 -7.316147093661129e-05 -0.008830884471535683 
-0.004612793680280447 0.01414263248443604 -0.01252558268606663 
0.00115766900125891 0.00242289830930531 -0.01277355942875147 
-0.007105051539838314 0.0069438680075109 -0.01227003242820501 
-0.005132706370204687 0.02416403219103813 -0.01005946286022663 
-0.001333100721240044 0.007544283289462328 -0.01019554398953915 
-0.0007949875434860587 0.01341686118394136 -0.00195654621347785 
0.007009265944361687 0.02579458430409431 -0.01168748643249273 
0.0062047871761024 0.0276090819388628 -0.01211437396705151 
-0.0001245689782081172 0.03450501710176468 -0.001053291489370167 
0.01014937832951546 0.0020139638800174 -0.009596683084964752 
0.006862293928861618 0.0193879883736372 -0.005802933126688004 
0.0008742665522731841 0.02260826341807842 -0.009807201102375984 
-0.004805519245564938 0.003035688307136297 -0.001694307895377278 
0.006345135159790516 0.02554922178387642 -0.002651251619681716 
-0.007512268610298634 0.01019848976284266 -0.0116654708981514 
0.000565619207918644 0.02037284523248672 -0.01304775197058916 
0.009979241527616978 0.01244507171213627 -0.00450241519138217 
-0.007912028580904007 0.008215680718421936 -0.00809070747345686 
0.00580541742965579 -0.002436887938529253 -0.007050000131130219 
0.008189678192138672 0.0121534438803792 -0.001350886886939406 
-0.00403016759082675 0.02852275036275387 -0.002526530064642429 
-0.007093429565429688 0.0217063631862402 -0.004713887814432383 
-0.009775946848094463 0.006908665876835585 -0.003470506751909852 
-0.0005916180671192706 -0.004163873381912708 -0.001497423741966486 
0.005173040088266134 0.02038157172501087 -0.002125393599271774 
-0.003228557296097279 0.03069532290101051 -0.009599999524652958 
-0.009163933806121349 0.005020461976528168 -0.002438499126583338 
0.001341534429229796 -0.009396238252520561 -0.01185899041593075 
0.003714958438649774 0.007388453930616379 0.0006005158647894859 
0.0004533238825388253 0.01666523329913616 0.0009284336701966822 
-0.004885300062596798 0.003086726181209087 -0.00169581244699657 
3.933586776838638e-05 0.003243530867621303 -0.004609505645930767 
0.008333242498338223 -0.006789445877075195 -0.006964073050767183 
-0.003464990295469761 -0.004307458642870188 -0.001499772653914988 
0.002906060311943293 0.01820999756455421 -0.01284756883978844 
0.006506354548037052 0.008445166982710361 -0.001811012043617666 
-0.007798595819622278 -0.004228121135383844 -0.001511280657723546 
0.004416034091264009 0.002016760874539614 -0.01035222504287958 
0.008813370019197464 -0.00222492590546608 -0.004285624250769615 
-0.007433505728840828 0.009679719805717468 -0.0002182535972679034 
-0.003794018179178238 0.007338064257055521 -0.001804397092200816 
0.002575805876404047 0.02216961793601513 -0.009822327643632889 
0.009348041377961636 0.02263814397156239 -0.006963002029806376 
-0.006337696686387062 0.01311638951301575 -0.001960691995918751 
0.0008459865348413587 0.02131192199885845 -0.009840969927608967 
9.451125515624881e-05 0.01715538091957569 -0.009947815909981728 
0.00117719080299139 -0.003943532705307007 0.0007121350499801338 
0.002023706212639809 0.004574458114802837 -0.01028030551970005 
0.001460849191062152 0.02655306831002235 -0.002294476144015789 
-0.0003436155384406447 0.0227389968931675 -0.01306696701794863 
-0.009391909465193748 0.01095178630203009 -0.008012447506189346 
0.00857931561768055 -0.002663740422576666 -0.003997284919023514 
-0.0001793112169252709 -0.008280910551548004 0.0008337959880009294 
0.007450552191585302 0.03398878872394562 -0.008652053773403168 
0.005747549701482058 0.009296400472521782 -0.0119053553789854 
-0.007094038650393486 -0.006395582109689713 -0.001453253207728267 
0.005632008425891399 0.0252256877720356 -0.009749185293912888 
0.002871111035346985 0.02660517022013664 0.0009940513409674168 
-0.002120879478752613 0.01822174713015556 0.0008203494362533092 
0.002129290718585253 -0.003978543449193239 -0.007050000131130219 
-0.003765703411772847 -0.006322743371129036 0.001034283661283553 
0.005536902695894241 0.01344914361834526 -0.001943694776855409 
0.003260287456214428 0.0256468802690506 -0.009733064100146294 
0.002701973542571068 -0.007904532365500927 -0.001392676378600299 
0.01004527509212494 0.01192906498908997 -0.005502128507941961 
0.001997193787246943 -0.006706193555146456 -0.003949999809265137 
0.002956033684313297 -0.00143041810952127 -0.01246179640293121 
0.00736856646835804 0.01092839613556862 -0.01012604869902134 
0.0003837575204670429 -0.002671284601092339 -0.006670753471553326 
0.005701154470443726 -0.006804183125495911 -0.01053980365395546 
0.008594239130616188 -0.006536169908940792 -0.005877408664673567 
0.003213785588741302 0.01936697959899902 -0.01288904994726181 
-0.007756585255265236 0.01632086746394634 -0.00978838000446558 
0.003145844209939241 -0.0005417593056336045 -0.006006864830851555 
0.01070358511060476 0.001292534521780908 -0.008464600890874863 
-0.009936629794538021 0.006129125133156776 -0.005178359337151051 
0.006154002156108618 0.02782343700528145 -0.004475037101656199 
0.005943809170275927 0.02245505899190903 -0.01235113758593798 
0.002391261281445622 -0.008003653958439827 -0.01060934364795685 
0.003283206140622497 0.02981880307197571 -0.01244754064828157 
-0.004044803790748119 0.02268115803599358 -0.0003604466328397393 
0.004097912460565567 -0.00452027702704072 -0.0048280144110322 
0.0072445934638381 0.004427052102982998 -0.01169486902654171 
-0.001302117481827736 0.03531445562839508 -0.002028175629675388 
0.0006300919922068715 0.01919722557067871 -0.00210431101731956 
-0.003967472352087498 0.01279437076300383 0.0007781492313370109 
0.007515075616538525 -0.003267288906499743 -0.009621777571737766 
-0.002030898351222277 0.03068581223487854 -0.01066563650965691 
0.002290048636496067 -0.006125618703663349 -0.00494999997317791 
-0.004640504717826843 0.02435586042702198 -0.004633175674825907 
-0.002861417131498456 0.01927758194506168 0.0006188249681144953 
-0.002745212055742741 0.02768214792013168 1.117889041779563e-05 
0.005997651256620884 0.001912444713525474 -0.0120631530880928 
0.005641026422381401 -0.002402812009677291 -0.008050000295042992 
-0.0004002346831839532 0.02937994711101055 0.0006019994034431875 
0.006602833047509193 -0.000465375545900315 -0.0003378892433829606 
0.0006274182815104723 0.01293204165995121 -0.01290125772356987 
-0.002075329422950745 0.02652394957840443 0.0001917760528158396 
0.004258756525814533 -0.00794161856174469 -0.00494999997317791 
-0.008148628287017345 0.01332105416804552 -0.001653439248912036 
0.006883149966597557 0.03317039459943771 -0.01043973676860332 
-0.001030376879498363 0.009056264534592628 -0.01304993219673634 
0.005131840240210295 0.01119522284716368 -0.001885751378722489 
0.001045000506564975 -0.00416550412774086 -0.00494999997317791 
0.001219002646394074 0.0177791640162468 0.00093955168267712 
0.003772569121792912 -0.00383125594817102 -0.01050344668328762 
-0.002565127797424793 -0.006148115266114473 0.001032723230309784 
0.002759955124929547 -0.004388280212879181 -0.001484206994064152 
-0.002906590467318892 0.008297441527247429 -0.001827514264732599 
-0.006469154730439186 0.003160845255479217 -0.010298827663064 
1.381534093525261e-05 0.01877713389694691 -0.009905319660902023 
0.002268071286380291 -0.007445087656378746 -0.008050000295042992 
-0.00375729869119823 0.02159448899328709 -0.009823639877140522 
-0.004048416391015053 0.02845682017505169 -0.002593902172520757 
-0.006734644994139671 0.01402032002806664 -0.004279281012713909 
-0.002856983104720712 0.001491196686401963 -0.005763519555330276 
0.007916593924164772 0.002686536405235529 -0.01145321596413851 
0.001019488205201924 -0.008009269833564758 -0.001393661135807633 
-0.002433802932500839 0.004925007466226816 -0.01294040493667126 
0.006940228864550591 0.00189347704872489 -0.01017892267554998 
0.0004043655353598297 0.03171523660421371 -0.009599999524652958 
-0.006867739837616682 0.0005770293064415455 -0.01036539394408464 
0.002236476168036461 0.01043365057557821 0.0008154807146638632 
-0.009025027975440025 0.00960041768848896 -0.001880497904494405 
0.001280349912121892 -0.001360432826913893 -0.01043357793241739 
-0.001793290139175951 0.02708669938147068 -0.00968456082046032 
0.004341105464845896 0.01784520223736763 -0.002061002422124147 
-0.004219883121550083 0.02893029898405075 -0.0002697535965126008 
-0.001424176152795553 -0.001405032817274332 0.0003894045948982239 
-0.002280153566971421 0.02988183498382568 6.673522875644267e-06 
2.399826189503074e-05 0.01565938070416451 -0.009986703284084797 
0.009674001485109329 0.01281816698610783 -0.003525412641465664 
0.005476470105350018 -0.004275845363736153 -0.00494999997317791 
0.009433193132281303 0.02098355069756508 -0.007513644173741341 
0.0003816447861026973 0.0106548834592104 0.0009612087742425501 
0.006517867557704449 -0.004037179984152317 -0.003949999809265137 
0.006972430739551783 -0.006269500590860844 -0.003738215193152428 
-0.003297661198303103 0.02736475877463818 -0.009674050845205784 
0.004451399203389883 -0.0009640196803957224 -0.003949999809265137 
0.002920974511653185 0.03021135181188583 -0.002386786509305239 
-0.0009392180945724249 0.02785119786858559 -0.009666455909609795 
-9.184228838421404e-05 0.007850577123463154 0.00103702605701983 
-0.001393861253745854 0.009335469454526901 -0.0101486686617136 
-0.001904107863083482 -0.006935772486031055 0.001007513259537518 
0.00375245651230216 0.000720680458471179 -0.007072024513036013 
0.00458886381238699 0.02681059762835503 -0.002294431906193495 
0.007936698384582996 0.006593275349587202 -0.004898261744529009 
-0.008348151110112667 0.006107883062213659 -0.00937851145863533 
0.008065961301326752 -0.001597565482370555 -0.008690855465829372 
-0.004808659665286541 0.02533074468374252 -0.002498634625226259 
0.003945717122405767 0.01662133820354939 -0.01251769065856934 
-0.007079094648361206 0.02002346515655518 -0.002966912463307381 
0.003402482951059937 -0.007908603176474571 0.0003443636524025351 
0.006518301088362932 0.0001487863482907414 -0.001690088072791696 
-0.009618723765015602 0.005088535603135824 -0.005411638878285885 
0.005009045358747244 0.02959053032100201 -0.002366069471463561 
0.009656681679189205 -0.004830454010516405 -0.005960792768746614 
-0.005486545618623495 -0.002624686807394028 -0.001548098400235176 
-0.006746385712176561 0.02067901566624641 -0.002684321254491806 
0.002391950925812125 0.01776228472590446 -0.0128609873354435 
0.001656624721363187 0.02403071150183678 -0.002228228142485023 
0.001442523673176765 -0.004042332991957664 -0.01267267018556595 
0.006393098272383213 0.0170387290418148 -0.009964480996131897 
-0.00503136869519949 0.01403600163757801 0.0004179175302851945 
-0.002429474843665957 -0.00254330993629992 -0.01045642234385014 
0.001815268537029624 0.02922426909208298 -0.01265727914869785 
0.008453167974948883 0.03346916660666466 -0.007874617353081703 
0.0003101475886069238 0.004809826146811247 -0.001729542855173349 
-0.003559443634003401 -0.004431070759892464 0.001031444175168872 
0.007121453061699867 0.01630232110619545 -0.008095363155007362 
0.001982124289497733 0.03222126513719559 -0.01147531811147928 
0.01026858855038881 0.007021309807896614 -0.007442898582667112 
0.006592129357159138 -0.006715068593621254 -0.004420968238264322 
-0.00319299753755331 0.03465601056814194 -0.009599999524652958 
0.006315738894045353 0.001724537927657366 -0.005948320496827364 
-0.007455967366695404 -0.0008034046622924507 -0.0123915933072567 
-0.007188623305410147 0.001034359214827418 -0.01035276520997286 
0.0002209886151831597 -0.009547751396894455 -0.01083018444478512 
0.00759687926620245 0.009232955053448677 -0.0008476549992337823 
-0.004365603439509869 0.01337360497564077 -0.01003685966134071 
0.0006061042658984661 0.03177832067012787 -0.002400000113993883 
0.008297564461827278 0.001296057133004069 -0.00162057182751596 
0.006197089329361916 -0.002099489094689488 -0.003949999809265137 
-0.009499621577560902 0.005668915808200836 -0.002219927730038762 
0.002143777441233397 0.006920062936842442 -0.01021935231983662 
0.01022837869822979 -0.003221363993361592 -0.007476459257304668 
-0.009851327165961266 0.00816282257437706 -0.00845930352807045 
-0.004652105737477541 0.02031588181853294 -0.01172203198075294 
0.002024086657911539 0.02253674156963825 -0.009811554104089737 
0.0005736470920965075 0.02525045908987522 0.001096447696909308 
0.001345211756415665 0.03267686814069748 -0.01129960734397173 
0.005123748444020748 0.02545707859098911 -0.00974204670637846 
-9.236688492819667e-05 -0.004655051045119762 -0.007990872487425804 
0.008005028590559959 0.01482662744820118 -0.01067677605897188 
0.007303468883037567 0.0141348410397768 -0.008474103175103664 
0.01067260652780533 0.005134603939950466 -0.005288160406053066 
-0.003132894169539213 -0.003551270812749863 0.001032024854794145 
0.001160695916041732 0.02423579432070255 -0.00223465240560472 
-0.001047421712428331 0.02335650660097599 0.0009325322462245822 
-0.003835952840745449 0.02628679573535919 -0.00229898258112371 
0.001976803643628955 0.01227238960564137 -0.01282147131860256 
0.008391490206122398 0.02484395913779736 -0.002369815716519952 
0.007201987784355879 0.00437914626672864 -0.0102966008707881 
-0.005600255448371172 0.01961776614189148 -0.004505913704633713 
-0.008723159320652485 0.004915747791528702 -0.003365636337548494 
0.001041987095959485 0.01339308265596628 0.0008698450983501971 
0.007767087779939175 -0.0008537474786862731 -0.002466913545504212 
-0.007128725294023752 0.02058841660618782 -0.008515762165188789 
0.01093096006661654 0.004772286396473646 -0.00647670216858387 
-0.005089294165372849 0.02950169146060944 -0.00112091051414609 
0.002583332592621446 0.0009281562524847686 -0.008050000295042992 
-0.004549847915768623 0.03152161836624146 -0.0001830925903050229 
-0.003097017295658588 -0.0008427930297330022 -0.005330238956958055 
0.002276618499308825 -0.00836554728448391 -0.0106185395270586 
-0.001370225334540009 0.02939032018184662 0.0003555589937604964 
-0.006107355002313852 0.01973042264580727 -0.0106576569378376 
-0.007662124931812286 0.01928959041833878 -0.004182536620646715 
-0.0004337669524829835 -0.001421534921973944 -0.01175133977085352 
0.008682750165462494 -0.0006771424668841064 -0.01072194799780846 
0.006240089889615774 0.0210663378238678 -0.01184437889605761 
0.005867407657206059 0.001496506738476455 -0.002881659660488367 
-0.007259772159159184 0.01145715452730656 -0.003413710510358214 
0.0001051269937306643 0.003176801837980747 -0.001687370240688324 
0.009569074958562851 0.01049575582146645 -0.008920431137084961 
0.00969855859875679 0.01797197572886944 -0.006388838868588209 
-0.001517126453109086 0.004975137300789356 -0.001737808808684349 
-0.003797218203544617 0.01817988976836205 -0.01240723859518766 
0.008072302676737309 -0.004301678389310837 -0.003916838206350803 
0.00188096018973738 -0.0007233349024318159 -0.01226460095494986 
-0.002593295183032751 0.02995974384248257 -0.01169839315116405 
-0.003208390669897199 0.02160341292619705 -0.002175405621528625 
0.005985706578940153 0.0008262086194008589 -0.007670276798307896 
-0.006546951830387115 0.01960460841655731 -0.01015070173889399 
0.001953420229256153 -0.001506643136963248 -0.005707893054932356 
0.0110053438693285 0.003964555915445089 -0.006085338070988655 
0.001464809291064739 -0.000148547173012048 -0.004440640565007925 
-0.001913431333377957 0.02121759578585625 -0.01276206225156784 
-0.004802839830517769 0.003276768140494823 -0.01285386085510254 
0.009870896115899086 -0.004157895687967539 -0.007797358091920614 
-0.009310027584433556 0.00809110514819622 -0.01006476581096649 
-0.004899864550679922 0.008163740858435631 0.0008679743041284382 
-0.003367699915543199 0.01076657883822918 0.000942468992434442 
-0.0004439030890353024 0.001430618693120778 -0.01176551170647144 
0.003802378429099917 -0.006461062468588352 -0.007050000131130219 
-0.0007125632837414742 -0.005137313157320023 -0.0105278305709362 
0.01074415259063244 0.0002718172618187964 -0.003504374530166388 
-0.005170546006411314 0.008858060464262962 -0.01279320660978556 
-0.002843826543539762 0.03533683344721794 -0.009599999524652958 
-0.002786851720884442 0.005426970310509205 -0.01312243193387985 
0.007718757260590792 0.01068675145506859 -0.01104995142668486 
0.006897186394780874 0.003158285282552242 -0.01032780203968287 
0.006036571227014065 0.02922144159674644 -0.006149855442345142 
-0.00760219432413578 -0.005728420801460743 -0.01127808913588524 
-0.003087201155722141 0.02592974342405796 -0.009711954742670059 
-0.005129877012223005 -0.001094798906706274 0.0009154225699603558 
0.003254962153732777 0.002379042562097311 -0.001659739296883345 
0.004318742547184229 0.03042509779334068 -0.01220533438026905 
0.002601589309051633 0.03087166883051395 -0.002404709113761783 
0.001978741027414799 0.02763349376618862 -0.002321551088243723 
0.005311761051416397 0.001925375545397401 -0.002158202696591616 
-0.00714167533442378 0.01184880547225475 -0.01166471000760794 
0.007226810324937105 0.01504788175225258 -0.0088193379342556 
0.006452477071434259 0.02426928281784058 -0.008627398870885372 
-0.001898874412290752 0.0009737231303006411 -0.008050000295042992 
0.006589977536350489 0.02263294160366058 -0.003050948260352015 
0.005870148539543152 0.03120600432157516 -0.002893497468903661 
-0.001001427765004337 0.01715558953583241 -0.01294128503650427 
-0.003221702761948109 0.001772479387000203 0.0009755113278515637 
-0.002268397947773337 0.01705794781446457 -0.009945246390998363 
0.004918447230011225 -0.002988298889249563 -0.001516073243692517 
0.007778289262205362 0.01093387696892023 -0.00102051894646138 
0.006007231771945953 0.0295707993209362 -0.005939502269029617 
0.00662565790116787 0.03316925838589668 -0.007769007701426744 
0.003654106520116329 0.0166526585817337 -0.002031367039307952 
-0.004394617862999439 0.02561910077929497 -0.003324479563161731 
0.007349043153226376 0.01359140127897263 -0.005539446137845516 
-0.00768217071890831 -0.00560959056019783 -0.0006119899917393923 
-0.0007058781338855624 -0.002556355902925134 -0.00677257776260376 
0.007797096390277147 -0.0008795649628154933 -0.003545582992956042 
0.003459880128502846 -0.005192367359995842 -0.007903122343122959 
0.008453479968011379 -0.003393115475773811 -0.006797150243073702 
0.004035756457597017 0.009484954178333282 -0.01232130359858274 
0.008382535539567471 0.01726879552006721 -0.01022169459611177 
0.002670689253136516 0.01274595130234957 -0.001931542530655861 
0.007107095792889595 -0.004546866752207279 -0.009710401296615601 
0.001911934348754585 0.03123090043663979 0.0004469067789614201 
-0.007285874336957932 0.01133012026548386 -0.003360584145411849 
-0.004339336883276701 0.02649949304759502 -0.009952379390597343 
0.005460524931550026 -0.006243608891963959 -0.007050000131130219 
-0.008283690549433231 0.006439306307584047 -0.009728861972689629 
-0.004665356129407883 0.02424758113920689 -0.004238251596689224 
-0.0005386979319155216 -0.008869573473930359 -0.01062560547143221 
-0.005897677503526211 0.02413967996835709 -0.003188326023519039 
-0.001697648782283068 0.01948468945920467 -0.009883152320981026 
-0.002042739884927869 0.03554480522871017 -0.009748394601047039 
0.001468281494453549 0.01616477966308594 -0.009976637549698353 
0.008108881302177906 -0.004856203217059374 -0.01111184060573578 
0.00680173747241497 0.02010953612625599 -0.007418624591082335 
0.008098949678242207 0.00466126250103116 -0.007726306095719337 
0.009665968827903271 0.01583265513181686 -0.008035719394683838 
0.005078023299574852 -0.002663177903741598 -0.01204835250973701 
-0.00339922122657299 -0.007995146326720715 -0.001403495203703642 
-0.0004192559281364083 0.001964816823601723 -0.001656875945627689 
0.00304894638247788 -0.007407385855913162 -0.01059520523995161 
0.01041052583605051 0.005433912388980389 -0.005786934867501259 
0.004998872522264719 0.006775989662855864 -0.01235285960137844 
-0.008429033681750298 0.01265014801174402 -0.001893967157229781 
-0.002084206091240048 0.001024814089760184 -0.01036405377089977 
-0.003111049067229033 0.02114578522741795 -0.00983674731105566 
0.007502592168748379 0.02834608778357506 -0.01114362757652998 
0.008170525543391705 0.001395961036905646 -0.01135432347655296 
0.008999332785606384 0.02385033294558525 -0.003623106284067035 
0.006130043882876635 -0.005724288523197174 -0.01047516893595457 
-0.00309208407998085 0.01668769121170044 0.0007057619513943791 
-0.0009889425709843636 0.02410392463207245 -0.009764139540493488 
-0.001457482343539596 0.01793773844838142 -0.009924042969942093 
0.004572359845042229 -0.008582215756177902 3.408737757126801e-05 
-0.00356187648139894 -0.003723450005054474 -0.01302927918732166 
9.884158498607576e-05 -0.00445092748850584 -0.008050000295042992 
0.0008427667198702693 0.02409139275550842 -0.009768428280949593 
0.007362586446106434 0.02670927718281746 -0.01124078966677189 
-0.001465653185732663 0.0293608084321022 0.0003285155398771167 
0.008285698480904102 -0.006801826879382133 -0.004443039651960135 
0.00129960326012224 -0.002486657351255417 -0.01046300958842039 
-0.005885441787540913 0.005650284700095654 -0.01023512426763773 
-0.001174292759969831 0.02634816057980061 -0.002294827718287706 
0.007300914265215397 0.001621443778276443 -0.003973938059061766 
-0.007748313248157501 0.007466926239430904 -0.01185313612222672 
-6.660306826233864e-05 0.02987620979547501 0.000588675495237112 
-0.001839416683651507 0.02271751314401627 -0.009798481129109859 
-0.001638657529838383 -0.009321754798293114 -0.01243154890835285 
-0.008606423623859882 -0.001343419309705496 -0.0001863492361735553 
-8.842331590130925e-05 0.00322388019412756 -0.007381116505712271 
0.008298175409436226 0.0008692931151017547 -0.007322998717427254 
-0.008045357652008533 0.006134304217994213 -0.01021782215684652 
0.00562235526740551 -0.004398015327751637 -0.007050000131130219 
0.001848000683821738 -0.006861421745270491 -0.004949999507516623 
0.007164197508245707 -0.007676782552152872 -0.01037571858614683 
0.006859375163912773 0.02825271524488926 -0.0003194182936567813 
0.008008838631212711 0.005735234823077917 -0.001822961610741913 
0.003278332529589534 0.002778786467388272 -0.01032987888902426 
0.007140908390283585 0.01607069559395313 -0.004241298418492079 
0.003584787249565125 -0.003695155493915081 -0.008050000295042992 
0.008546231314539909 -0.003042717929929495 -0.007907784543931484 
-0.002725569764152169 -0.003498153062537313 -0.001519295619800687 
0.002490379614755511 0.02754096314311028 -0.002318029990419745 
0.006787871476262808 0.01368824578821659 -0.01005277037620544 
0.01014787796884775 0.009530315175652504 -0.007264791056513786 
0.00658815074712038 0.006867261603474617 -0.01023034285753965 
-0.009903102181851864 0.008190566673874855 -0.007497751619666815 
-0.002814484294503927 0.02277135848999023 -0.009794967249035835 
0.004863733891397715 -0.006301663350313902 -0.004254412371665239 
0.005837400443851948 -0.008071008138358593 -0.007958760485053062 
0.004976505879312754 0.007749769371002913 -0.01236372441053391 
0.0004876237944699824 0.03370308130979538 -0.01108431257307529 
0.00439944164827466 -0.008259076625108719 -0.008050000295042992 
0.002699421485885978 0.02604300901293755 -0.002278486732393503 
-0.005792240612208843 -0.006432486698031425 -0.001449377508834004 
0.002458039438351989 -0.003419226035475731 -0.01048985123634338 
0.007368176244199276 -0.004695606883615255 -0.007576643954962492 
-0.005763841327279806 0.006052611861377954 0.0007402231567539275 
0.002676695585250854 0.002570611424744129 -0.01033401116728783 
-0.002859402913600206 0.02505513280630112 -0.0120911318808794 
-0.007559578865766525 -0.004018757957965136 -0.01249379850924015 
-0.001178690232336521 0.006217676214873791 -0.01311036385595798 
-0.001913424115628004 -0.009225708432495594 -0.0129888541996479 
0.006679982878267765 0.02155946008861065 -0.007241405081003904 
0.0001445312373107299 0.02064877562224865 -0.01306578144431114 
-0.007344032637774944 0.01385177485644817 -0.01114459149539471 
0.00576365739107132 -0.002441702410578728 -0.007050000131130219 
0.007672069128602743 0.009744721464812756 -0.007100834511220455 
0.006105636246502399 0.002971578855067492 5.606452759820968e-05 
0.004621055442839861 0.009768981486558914 -0.01219974458217621 
-0.001546646817587316 -0.0006793057546019554 -0.001590313389897346 
0.0005528942565433681 0.02892343699932098 -0.00964170228689909 
0.006714674644172192 -0.0006012385128997266 -0.001574482303112745 
0.005595125257968903 -0.001715010730549693 -6.58661883790046e-05 
0.006279430352151394 0.007765352260321379 -0.0002432117762509733 
-0.005080131348222494 0.03400232270359993 -0.002400000113993883 
-0.004777498543262482 -0.003516929224133492 -0.01047675218433142 
-0.0006128319655545056 0.0261455625295639 -0.002288326155394316 
-0.003099245717749 0.03480510041117668 -0.002400000113993883 
-0.0004995556664653122 0.03368952125310898 0.0002554919337853789 
0.003152891760692 0.01062947791069746 -0.01246770564466715 
-0.001622186042368412 0.02507499605417252 -0.01268181204795837 
-0.008019709959626198 -0.002106536645442247 -0.01043293438851833 
-0.006481167394667864 0.002859849249944091 0.0005596312694251537 
0.00728923873975873 0.03123863600194454 -0.01102841831743717 
0.008679404854774475 0.01896075718104839 -0.00228678435087204 
9.938613220583647e-05 0.02842391468584538 0.0007150149322114885 
0.005547724198549986 0.01698856800794601 2.90875650534872e-05 
0.001649356447160244 0.03059779107570648 -0.002399621531367302 
0.001591345760971308 0.02831661328673363 -0.002340216189622879 
-0.004908564034849405 0.03100233525037766 -0.002400000113993883 
0.009325631894171238 0.022113386541605 -0.004346247296780348 
0.004639477003365755 -0.002764479955658317 -0.008050000295042992 
-0.0007380869938060641 0.03493883460760117 -0.002400000113993883 
-0.007909718900918961 0.008288685232400894 -0.009764990769326687 
0.009191825985908508 0.008769402280449867 -0.002257691929116845 
0.009842059575021267 0.0118401451036334 -0.003777329344302416 
-0.004057052079588175 0.03169315308332443 -0.01042256876826286 
-0.003413559403270483 0.00852518156170845 -0.001834553782828152 
0.007171019446104765 0.01172538846731186 -0.01010482292622328 
0.0005100947455503047 -0.005399586632847786 -0.007640170864760876 
0.001996305305510759 0.002529001329094172 -0.006786378566175699 
0.003413098864257336 0.007851074449717999 -0.01265235990285873 
0.005112068727612495 0.01225923467427492 7.543215178884566e-05 
0.007419175934046507 0.005481272470206022 -0.01162074413150549 
-0.003985806368291378 0.02117402106523514 -0.009834119118750095 
-0.006065497174859047 -0.005649067927151918 -0.0128734614700079 
0.0009839027188718319 0.02438580617308617 -0.002238949527963996 
-0.003936879336833954 -0.0008871814934536815 0.001004677615128458 
0.006893962621688843 0.02495131269097328 -0.01175257004797459 
0.005470208823680878 0.0130652878433466 -0.01006617769598961 
-0.008183540776371956 0.01757583953440189 -0.005710133351385593 
-0.008954616263508797 0.01381365396082401 -0.005436232313513756 
-0.003334560664370656 0.01253836788237095 -0.0128715168684721 
0.005617448594421148 0.009595248848199844 -0.00184294767677784 
0.004567046649754047 -0.001508655142970383 -0.008050000295042992 
0.001462405314669013 -0.0004572513280436397 5.215404844105542e-11 
0.003914230037480593 -0.003634573426097631 -0.008050000295042992 
-0.003330536186695099 0.02440833486616611 -0.009751130826771259 
-0.00451059453189373 -0.005852937698364258 0.001021168893203139 
-0.0006241496885195374 0.02454070746898651 -0.01298851706087589 
0.009001009166240692 -0.0001535282499389723 -0.01046678237617016 
0.008378133177757263 -0.001481690211221576 -0.006041134241968393 
-0.00255335564725101 0.03030990995466709 -0.01099999994039536 
0.005555741488933563 -0.006236332468688488 -5.73837969568558e-05 
0.00752844475209713 0.01145597826689482 -0.009488876909017563 
0.005563253071159124 0.0003595406888052821 -0.01194934360682964 
0.002085126005113125 0.02268370427191257 -0.01312983874231577 
0.004887036047875881 0.01660805568099022 0.0001978637592401356 
0.002780765760689974 0.0004386830842122436 -0.01250231731683016 
-0.0003628736594691873 0.005111683160066605 -0.01309274695813656 
-0.008231690153479576 0.01652828603982925 -0.00357108935713768 
0.01089605875313282 0.00484105758368969 -0.006750261411070824 
0.001013022498227656 0.009305848740041256 -0.0129611287266016 
-0.001050404505804181 0.03388522565364838 0.0001660728885326535 
0.0061345468275249 0.01801928132772446 -0.01182470098137856 
-0.001581050688400865 -0.001936325104907155 -0.01299840956926346 
0.01004232466220856 0.01093459036201239 -0.004337691701948643 
0.00802677683532238 0.005520387552678585 -0.006655788980424404 
-0.004544212482869625 0.03501430153846741 -0.009725160896778107 
-0.001626963261514902 0.005634917877614498 -0.01024473551660776 
0.005988338962197304 0.01811317168176174 -0.01189461722970009 
0.006373843643814325 0.001851547742262483 -0.01198931131511927 
-0.0012208700645715 0.02424512431025505 -0.002240046393126249 
-0.00390501506626606 0.02617907524108887 -0.001316352863796055 
0.01096764206886292 -0.000518577522598207 -0.004282674286514521 
0.007157470099627972 0.01921902224421501 -0.01127212308347225 
0.006114026065915823 0.01100546959787607 -0.0002270369732286781 
-0.0006113735144026577 0.002307495335116982 -0.008050000295042992 
0.001686471747234464 0.0001675167586654425 -0.001605418743565679 
-0.005029386840760708 0.02241267636418343 -0.006783602759242058 
-0.006019859574735165 0.02010209113359451 -0.0013694524532184 
-0.002168751321732998 0.0243494026362896 0.0005260780453681946 
0.003469862276688218 -0.005147152114659548 -0.007912827655673027 
0.006112921983003616 0.02831247076392174 -0.005028204526752234 
0.008785378187894821 0.01962379738688469 -0.009473826736211777 
-0.005624898243695498 -0.007678717374801636 -0.01058352831751108 
0.008988726884126663 -0.004290685057640076 -0.01056464575231075 
0.008789031766355038 -0.005201216787099838 -0.01049165055155754 
0.009769244119524956 0.01050036400556564 -0.003458947176113725 
0.002028814284130931 -0.005498150829225779 -0.01257704943418503 
-0.006163367535918951 0.001403466914780438 -0.01270292978733778 
0.002667988417670131 0.008871066384017467 -0.01276368927210569 
-0.007174357771873474 0.01185097079724073 -0.004182255826890469 
0.0002950426423922181 0.02594042755663395 -0.01306205149739981 
0.0001639742986299098 -0.002002086956053972 -0.001552101108245552 
-0.004067778121680021 0.01847855001688004 0.000292545126285404 
-0.007846961729228497 0.008504871279001236 -0.00721119437366724 
0.00857335701584816 0.03372170776128769 -0.006220843642950058 
-0.00473324116319418 0.02388671040534973 -0.004928891081362963 
0.001900291303172708 -0.007633640896528959 -0.001401505898684263 
-0.007145015057176352 -0.006307641044259071 -0.0111927529796958 
-0.005899582058191299 0.002079464495182037 0.0007396262371912599 
-0.004347789101302624 0.02344269305467606 -0.009774131700396538 
-0.003954295534640551 0.02629226259887218 -0.01057934761047363 
0.009174255654215813 0.02021035738289356 -0.008517998270690441 
0.007572822738438845 -0.002445604652166367 -0.00494999997317791 
0.007589882239699364 0.03386783599853516 -0.005962956696748734 
-0.008578088134527206 0.004910164047032595 -0.004291752818971872 
-0.0001170292889582925 0.001479680300690234 -0.001222731079906225 
0.002061607083305717 0.02836278825998306 -0.01292462646961212 
0.002481895498931408 0.02647750452160835 -0.0130342822521925 
0.0005349628627300262 0.007132257800549269 -0.01021033618599176 
-0.004996806848794222 0.003696060506626964 0.000825361639726907 
-0.007152144331485033 -0.003393119666725397 -0.01046838611364365 
-0.005428275093436241 0.01104534417390823 0.0005687898374162614 
-0.0007016888121142983 0.01950325444340706 -0.002115177689120173 
0.001944500370882452 -0.005846761632710695 -0.003949999809265137 
-0.006349706090986729 0.02295872569084167 -0.008652403950691223 
0.005580397322773933 0.02127906493842602 -0.002147933933883905 
-0.007162515074014664 0.0138959027826786 -0.01131744496524334 
-0.0004908452974632382 -0.002763180527836084 0.0009482193272560835 
0.003971502184867859 -0.006102103739976883 -0.01225921139121056 
-0.004527496173977852 0.02134544588625431 -0.01159265451133251 
-0.00464616809040308 0.006441899575293064 -0.001782853389158845 
0.00648409640416503 0.001562371617183089 -0.0001580286043463275 
0.004655661061406136 -0.004018242470920086 -0.007050000131130219 
-0.009746100753545761 0.005107600707560778 -0.004268135409802198 
-0.001727249007672071 -0.0004680315614677966 -0.008050000295042992 
0.002887214301154017 -0.00424645422026515 -0.007050000131130219 
0.009063972160220146 0.02689273096621037 -0.005405547097325325 
-0.008556423708796501 0.005018543917685747 -0.00425579771399498 
0.004102881066501141 0.0005511758499778807 -0.007154795341193676 
0.001165029127150774 -0.0008842530660331249 -0.007112551480531693 
0.008325380273163319 0.009567337110638618 -0.001363447750918567 
0.000875714817084372 -0.003985756076872349 -0.00494999997317791 
-0.009011055342853069 0.01269137114286423 -0.003396465443074703 
0.001570890890434384 -0.002619101200252771 -0.001532947761006653 
-1.584610436111689e-05 -0.00263717514462769 -0.007050000131130219 
-0.006039897911250591 0.03125784546136856 -0.0005300529301166534 
0.006894899066537619 -0.004041286651045084 -0.008050000295042992 
-0.006008041091263294 0.02462970837950706 -0.005344560369849205 
0.003421852365136147 0.02043106779456139 -0.009869527071714401 
0.009015209972858429 0.009280487895011902 -0.002062764251604676 
-0.001692980993539095 0.0248413160443306 0.0006702467799186707 
0.0009656817419454455 0.006525292992591858 -0.001772892777808011 
-0.004410526715219021 0.003721030429005623 -0.001711338758468628 
-0.005100395996123552 0.004741782788187265 0.0007796919089742005 
0.004387927707284689 8.337276085512713e-05 -0.007049999665468931 
-0.008885310031473637 0.01276200544089079 -0.002967759501188993 
0.00210865237750113 0.02983097359538078 -0.009621383622288704 
0.008831338956952095 -0.005994422826915979 -0.008360948413610458 
-0.003217591671273112 -0.008872554637491703 0.0008958849939517677 
0.006303916219621897 0.02603787928819656 -0.005203107837587595 
-0.0006877253181301057 -0.007219342049211264 -0.001418016036041081 
0.00578094320371747 0.01002820394933224 -0.01188984420150518 
0.0004945080727338791 -0.003446727292612195 -0.003949999809265137 
0.001526388456113636 0.001306392601691186 -0.01239276770502329 
0.004095420707017183 0.03116722777485847 -0.009590808302164078 
-0.005596792325377464 0.01961157470941544 -0.005139552056789398 
0.003947587683796883 0.01625172607600689 0.0003011228982359171 
0.007379794027656317 0.01322629675269127 -0.003300319192931056 
0.009840360842645168 0.009902955964207649 -0.008459914475679398 
0.00449069170281291 -0.002368260407820344 -0.007050000596791506 
0.003095727413892746 0.02536698430776596 -0.01301717851310968 
-0.004716260358691216 0.003974064718931913 -0.001718603307381272 
-0.002012943616136909 0.02032799646258354 0.0007813554839231074 
0.003682393580675125 0.00541339535266161 -0.01026199944317341 
0.003266474232077599 -0.003044124227017164 0.00040129863191396 
0.004803047049790621 0.02575476840138435 -0.009733584709465504 
-0.006943370215594769 0.008638651110231876 -0.0101548507809639 
0.009462975896894932 0.01731851324439049 -0.008320801891386509 
0.007180052809417248 0.001712598605081439 -0.006571185309439898 
0.0002018414525082335 0.03401990234851837 -1.927835910464637e-05 
0.005964200012385845 0.02128073573112488 -0.0002027454029303044 
0.004605078604072332 -0.002788784448057413 -0.007050000131130219 
0.003602813929319382 -0.004882355220615864 -0.004315588623285294 
0.002682670019567013 -0.007864047773182392 -0.0077523123472929 
0.008046752773225307 0.02568867057561874 -0.001876216847449541 
-0.003861506469547749 0.03357922285795212 -0.001000000163912773 
0.009284672327339649 0.004210003186017275 -0.01054216362535954 
0.00220846408046782 0.005941457115113735 -0.001754968892782927 
0.006949897855520248 0.0183462705463171 -0.002203783020377159 
-0.008210280910134315 0.0004918016493320465 -0.001635284977965057 
0.009413345716893673 0.008882719092071056 -0.009331586770713329 
0.00759752606973052 -0.005149032454937696 -0.01136675849556923 
0.005152333993464708 -0.002845521317794919 -0.008050000295042992 
-0.0002095786039717495 0.01146196387708187 0.0009762172121554613 
-0.00319941365160048 2.197697540395893e-05 -0.006184725556522608 
-0.008488387800753117 0.01619357988238335 -0.00609116442501545 
0.009197206236422062 0.02474381774663925 -0.004964512307196856 
-0.007393100764602423 0.009870470501482487 -0.0002133912348654121 
0.004997496958822012 0.02254929393529892 -0.009817656129598618 
-0.002204259159043431 0.004545744508504868 -0.001728089177049696 
-0.004588986746966839 0.01093865931034088 0.0007911027641966939 
0.008192704990506172 -0.004003084264695644 -0.008044623769819736 
0.008524234406650066 -0.003163449931889772 -0.005413282662630081 
-0.001186680048704147 0.005724988412111998 0.001116123283281922 
0.002771484199911356 0.0131639838218689 0.000507175107486546 
0.007755964994430542 0.01166276633739471 -0.001021171920001507 
0.008363962173461914 0.001902757445350289 -0.0007553986506536603 
-0.0005210340023040771 0.02978960797190666 -0.009616775438189507 
-0.002825905568897724 0.03347128629684448 -0.01022052578628063 
0.008041378110647202 0.005347456783056259 -0.00936864223331213 
0.006013918668031693 0.01731206849217415 -0.01186502538621426 
-0.002606245689094067 0.01519091427326202 -0.01282497495412827 
0.007673895917832851 0.009723283350467682 -0.007994442246854305 
0.001558720483444631 0.01223145518451929 -0.01286392565816641 
-0.005293275229632854 0.01249682158231735 -0.001942264847457409 
9.439830319024622e-05 0.0325823649764061 0.0003703903930727392 
-0.00502457283437252 0.02705682069063187 -0.006864655297249556 
0.001613885629922152 -0.005084130447357893 -0.001468580099754035 
-0.001314684515818954 0.01901049166917801 -0.01292826421558857 
0.007394171319901943 -0.007376968860626221 -0.004983027465641499 
-0.007161436136811972 0.01193960011005402 -0.008491332642734051 
-0.00562986359000206 -0.007569397799670696 0.0008170250803232193 
0.007402926217764616 0.02391118183732033 -0.001017835922539234 
-0.001688054646365345 -0.002474777866154909 -0.003949999809265137 
0.008438216522336006 0.005576204508543015 -0.0008659461745992303 
-0.005330580286681652 -0.0004247376346029341 -0.01288991142064333 
0.007902730256319046 0.006998669356107712 -0.002738664858043194 
0.003549902932718396 -0.0002148036001017317 -0.00599818816408515 
-0.005606983788311481 0.009655783884227276 -0.01262145675718784 
-0.0005573531379923224 0.004892774857580662 -0.01026641670614481 
0.009608975611627102 0.01924028433859348 -0.005573747679591179 
0.004789351020008326 -0.005703497678041458 -0.01055450458079576 
0.0008026557043194771 0.002004866721108556 -0.01200841274112463 
0.006842680275440216 0.0001094782492145896 -0.009790848009288311 
0.002733594505116343 0.0194738507270813 -0.009893018752336502 
-0.009436559863388538 0.01082254387438297 -0.007602399215102196 
-0.002419535769149661 0.0005652733379974961 -0.008050000295042992 
-0.0006325636059045792 0.01539399661123753 -0.0129191605374217 
0.006122109945863485 0.0007941622752696276 -0.004934585187584162 
0.003942107316106558 -0.006302002351731062 -0.00492898840457201 
0.006343720480799675 0.02556432224810123 -0.00823073647916317 
0.001245190040208399 -0.002771382685750723 -0.00494999997317791 
-0.002445027465000749 0.004432480782270432 -0.01294710300862789 
0.003058522008359432 0.001302732620388269 -0.004812880419194698 
0.008749366737902164 0.02487161010503769 -0.008817602880299091 
-0.004190036095678806 0.00481730792671442 0.000869878800585866 
-0.00583945494145155 -0.007457295898348093 0.0001040313654812053 
0.01106385700404644 0.001673301565460861 -0.005134236998856068 
-0.005577713251113892 0.01285969652235508 -0.001952349790371954 
-0.002180886454880238 0.02387632988393307 -0.009767500683665276 
0.004648957401514053 3.038384602405131e-05 0.0001495895266998559 
-0.001484628766775131 0.002316158032044768 -0.01297350134700537 
-0.009469214826822281 -0.0002575356047600508 -0.01093228626996279 
0.005551937501877546 0.00144347466994077 -0.002109178574755788 
-0.003178464248776436 0.01833204738795757 -0.0020899698138237 
0.006064601242542267 0.01034054718911648 -0.0002047902526101097 
-0.0007975107291713357 0.02741994522511959 -0.01262930873781443 
-0.008688912726938725 0.01491044368594885 -0.007484153844416142 
0.006302620284259319 0.0207368154078722 -0.01180783379822969 
0.009126976132392883 0.02038042992353439 -0.00859474390745163 
0.003864374477416277 0.0221558790653944 -0.002174526918679476 
-0.007579957600682974 0.0080693569034338 -0.0001079477806342766 
-0.006191692315042019 0.02417381107807159 -0.008065719157457352 
-0.006307192146778107 -0.0009651767322793603 0.0007485918467864394 
-0.006236261688172817 0.02388308010995388 -0.003781689098104835 
0.007751589175313711 -0.00261802296154201 -0.008967344649136066 
-0.005538226570934057 0.02562898397445679 -0.007664085365831852 
0.008153918199241161 0.004007299430668354 -0.009546943008899689 
0.01048141159117222 -0.002093489980325103 -0.003964079543948174 
0.005753109231591225 -0.004240456968545914 -0.001481591258198023 
0.007326578255742788 -0.007113125175237656 -0.005426776595413685 
-0.0005872657056897879 0.01294822804629803 0.0009556692093610764 
0.003129481570795178 -0.005791439209133387 -0.007050000131130219 
0.009103735908865929 0.009778889827430248 -0.009796971455216408 
-0.007204154040664434 0.01177858375012875 -0.009852699004113674 
0.006994029507040977 0.02626216039061546 -0.0003103989001829177 
0.005660471972078085 0.03034105524420738 8.868800068739802e-05 
0.002838384592905641 0.02892542257905006 -0.00964659359306097 
-0.009198208339512348 -0.0007852616836316884 -0.01039590500295162 
-0.005156140774488449 0.01211475115269423 -0.01255626045167446 
0.01011013053357601 0.01035015098750591 -0.004896377213299274 
0.004087358247488737 -0.003926537930965424 -0.01050661318004131 
-0.0009794564684852958 -0.008523711934685707 -0.0106156263500452 
-0.004783870652318001 -0.007602683268487453 -0.01300590485334396 
-0.001743402914144099 0.0007153925253078341 -0.003949999809265137 
-0.009126419201493263 -0.002825003582984209 -0.01058758050203323 
0.006271455436944962 0.02642630599439144 -0.003251931397244334 
-0.001598506583832204 0.0145167913287878 -0.01292775757610798 
-0.001179815037176013 -0.008017095737159252 -0.00139830366242677 
0.001602652133442461 -0.009321928955614567 -0.01251940056681633 
0.006102735176682472 -0.004356469959020615 -0.00494999997317791 
-0.009335554204881191 0.005642659962177277 -0.01010499801486731 
0.006353173870593309 0.001846072496846318 -0.006813850253820419 
0.00876182597130537 0.02311534620821476 -0.009061460383236408 
0.001398675376549363 0.02977583184838295 0.0006190682761371136 
-0.006752359680831432 -0.006646263413131237 -0.01226484309881926 
-0.004465822596102953 0.0002458195667713881 0.0009427504846826196 
0.006690410897135735 0.02143601328134537 -0.004200316034257412 
0.005671681836247444 -0.003101810580119491 -0.01048851758241653 
-0.003896829904988408 0.02187860198318958 -0.01189887709915638 
0.01092854980379343 0.004109807312488556 -0.004967262502759695 
0.009281044825911522 -0.005493937060236931 -0.005569382105022669 
0.006814507767558098 0.009095787070691586 -0.001827324507758021 
0.009114015847444534 0.0255463682115078 -0.007510414347052574 
-0.0007716093678027391 -0.00382683239877224 -0.007375153247267008 
0.006283754482865334 -0.00259956088848412 -0.003949999809265137 
0.00357901444658637 0.0008119875565171242 -0.005477090366184711 
-0.004051766358315945 0.03281678259372711 -0.001000000163912773 
-0.002752039348706603 0.02378165163099766 -0.002231263089925051 
0.00870810728520155 0.01423985697329044 -0.009993628598749638 
0.003782704239711165 0.03167853504419327 -0.002423211233690381 
0.008682426996529102 0.01459783781319857 -0.001999451545998454 
8.409967995248735e-05 0.01846577040851116 0.0009728355798870325 
0.006776949856430292 -0.006234121508896351 -0.007541441358625889 
0.00157773878891021 -0.006719004362821579 -0.00418411660939455 
0.006764478981494904 0.02055330947041512 -0.007588241249322891 
-0.002963343402370811 -0.0008272334234789014 -0.008050000295042992 
-0.002997895237058401 -0.0003092871629633009 -0.01300701405853033 
-0.0002548715565353632 0.002338350517675281 -0.001666268217377365 
0.006190599873661995 0.01428112201392651 -0.01172247901558876 
-0.001042391872033477 0.0264937411993742 -0.002298341365531087 
0.007515289820730686 0.007708469405770302 -0.01123189553618431 
-0.005376743618398905 -0.004194714594632387 -0.01049314439296722 
0.004251840058714151 0.02331786602735519 -0.002204012824222445 
-0.006955047603696585 -0.00380275584757328 -0.01267079077661037 
0.008894201368093491 -0.0004872747813351452 -0.01055858284235001 
0.006649776827543974 0.01812796294689178 -0.009936611168086529 
0.002018959727138281 -0.0001691312354523689 -0.01243225298821926 
-0.008664870634675026 0.0132394777610898 -0.009396035224199295 
-0.007319713942706585 0.01108089461922646 -0.006410087458789349 
-0.002953774994239211 0.007646848447620869 0.001073433901183307 
-0.000346591928973794 0.01304266136139631 -0.001945811090990901 
0.004059039056301117 0.0008350027492269874 0.0002824814291670918 
0.005234601441770792 -0.002996760420501232 -0.01201348099857569 
-0.007769155316054821 0.01928206346929073 -0.005333784967660904 
0.008151203393936157 -0.002455022186040878 -0.007793489843606949 
-0.003717825748026371 -0.005519067402929068 -0.01053129322826862 
0.001936913118697703 -0.006266453303396702 0.0005814910400658846 
-0.002012941287830472 0.009763283655047417 -0.01013616565614939 
-0.0051262560300529 0.02709399908781052 -0.006418785080313683 
-0.008588878437876701 0.01557334698736668 -0.007010936737060547 
0.00912631768733263 0.03056686744093895 -0.0074187982827425 
-0.003199970116838813 -0.008973054587841034 -0.01098675467073917 
0.0004362012259662151 -0.00668850913643837 0.000778804300352931 
-0.001606133300811052 -0.009360615164041519 -0.0005066189332865179 
0.002607949543744326 0.02460907585918903 -0.002241263864561915 
0.001048099482432008 0.01826176233589649 0.0009674971224740148 
0.002191327977925539 0.01752921007573605 0.0008624137844890356 
-0.005274640396237373 0.02124897390604019 -0.008058737963438034 
0.003419060260057449 0.01276440359652042 0.0004107588611077517 
0.00304683088324964 0.01520289480686188 -0.001994846621528268 
0.00673891045153141 -0.004272208083420992 -0.001634961110539734 
-0.004476560745388269 0.007710782811045647 -0.001815599855035543 
-0.004237943328917027 -0.004839598201215267 -0.01051243580877781 
-0.005470810458064079 0.03405966609716415 -0.0007165417191572487 
0.003192054107785225 0.009129227139055729 0.0006859205313958228 
-0.006815352011471987 0.0004016110324300826 -0.001629914622753859 
0.006619516760110855 0.03000898286700249 -0.0003412965743336827 
-0.002284773392602801 -0.004525727592408657 -0.0105084702372551 
-0.006984300911426544 0.004814186599105597 -0.0102545665577054 
9.284520638175309e-05 0.01571272313594818 0.0009184426162391901 
-0.003706258488819003 0.02905556745827198 -0.00237693265080452 
-0.00700110662728548 0.008555879816412926 -0.001843113801442087 
-0.007049675099551678 0.01240920182317495 -0.006243420299142599 
0.004734811838716269 -0.007280225865542889 -0.008050000295042992 
-0.00585879385471344 0.03340547531843185 -0.01091758161783218 
-3.944346099160612e-05 0.01461034640669823 -0.01001394167542458 
-0.006848010700196028 0.01989183761179447 -0.009562849998474121 
-0.005608947016298771 -0.004426142666488886 -0.00150144740473479 
-0.001331500941887498 -0.005764852277934551 -0.01054286770522594 
-0.00901695154607296 0.008595596998929977 -0.01042651291936636 
-0.007802204228937626 0.002596679143607616 -0.001689332304522395 
0.004263074137270451 -0.007434064988046885 -0.01059852726757526 
-0.0058409683406353 0.01782837137579918 -0.01142616756260395 
0.008382606320083141 0.03411188721656799 -0.007815079763531685 
-0.0009926074417307973 0.02596633322536945 -0.009715529158711433 
0.009003774262964725 0.02411114424467087 -0.008319977670907974 
0.006519837770611048 -0.002915099030360579 -0.001514520146884024 
-0.003527172608301044 -0.007003222592175007 0.001037452486343682 
0.003477979451417923 0.01562925055623055 -0.01251401472836733 
-0.009309060871601105 0.01144940219819546 -0.007846147753298283 
-0.004859338514506817 -0.001838721334934235 -0.01294766552746296 
0.006114122923463583 -0.004636971745640039 -0.01180203072726727 
-0.008420916274189949 0.002467568963766098 -0.01031269878149033 
0.005158862099051476 0.02390207350254059 -0.002217296976596117 
-0.004574433900415897 0.02240073122084141 -0.002199167385697365 
0.005265866871923208 -0.001736791338771582 -0.007050000131130219 
-0.0009543311898596585 0.01625966839492321 0.0009318820084445179 
-0.001314804190769792 0.01634194143116474 -0.002034004544839263 
0.009940287098288536 0.008363449946045876 -0.003560098120942712 
0.008620514534413815 0.02324803546071053 -0.009381399489939213 
0.005114148370921612 -0.009200852364301682 -0.01130961813032627 
-0.006103747524321079 0.02131365984678268 -0.01001995615661144 
0.00597673375159502 -0.007972123101353645 -0.00753431674093008 
-0.006474832538515329 0.01344673149287701 -0.01003039069473743 
0.00499858520925045 -0.00759961549192667 -0.001395561033859849 
-0.005850541405379772 0.01844407990574837 -0.009210879914462566 
0.00447351485490799 -0.008245594799518585 -0.003949999809265137 
0.009081402793526649 0.006060127634555101 -0.01035882532596588 
0.0002081234997604042 0.02264753356575966 0.001122949528507888 
0.006077740807086229 0.01273479778319597 -0.00192388310097158 
0.008607979863882065 0.02048913203179836 -0.009700408205389977 
0.006582673173397779 0.03315751999616623 -0.009456154890358448 
-0.008316156454384327 0.004815456457436085 -0.0005505486042238772 
0.001546222250908613 0.01957856863737106 0.001010921900160611 
-0.0002769460261333734 -0.006322381552308798 -0.001440484658814967 
-0.002698413794860244 0.02044032700359821 -0.01259397529065609 
-0.004784876946359873 0.02000096440315247 -0.002136996947228909 
0.00812098290771246 -0.001975588733330369 -0.008154962211847305 
0.008235130459070206 0.02157354727387428 -0.001853376044891775 
-0.002172894310206175 0.0339772067964077 -0.0005449795862659812 
0.005505453795194626 0.01517409831285477 -0.0100112222135067 
0.006098643410950899 0.0009377913665957749 -0.007526658475399017 
-0.008348776958882809 -0.003395219799131155 -0.01046585291624069 
-0.007092132233083248 0.01232368871569633 -0.002378045581281185 
-0.004566872026771307 0.002713034395128489 -0.01288445852696896 
0.0100110275670886 -0.003436223836615682 -0.008979309350252151 
0.008546256460249424 0.02608259208500385 -0.002858913503587246 
0.004668997135013342 0.01739758998155594 0.0003032098466064781 
-0.008186348713934422 0.003060055430978537 -0.001702255452983081 
-0.008045284077525139 0.007628831081092358 -0.01003836188465357 
-0.008165985345840454 -0.004049174021929502 -0.001516741351224482 
-0.001099895220249891 -0.003869608044624329 0.000984374200925231 
-0.007243367843329906 0.01155279204249382 -0.003017463721334934 
0.003292232984676957 0.02980569377541542 0.0004477247421164066 
0.007900699973106384 0.01715558394789696 -0.01068792585283518 
-0.001053897198289633 0.003073260653764009 -0.007545959670096636 
0.003955673892050982 0.02285189926624298 -0.009807506576180458 
-0.003716095816344023 0.01881113089621067 -0.01237362250685692 
0.008882520720362663 0.02944257296621799 -0.003191262949258089 
0.002364536747336388 0.01146015711128712 0.0007011024281382561 
0.008273914456367493 0.01636935397982597 -0.01039724424481392 
0.002126423874869943 -0.004311503376811743 -0.001487583969719708 
0.0006436738185584545 0.01637967675924301 -0.009969246573746204 
0.00229948153719306 -0.004204273223876953 -0.00494999997317791 
0.01047756336629391 -0.002564195077866316 -0.006427817512303591 
0.009038371033966541 0.0269381832331419 -0.007018643897026777 
-0.007688209414482117 0.01661010086536407 -0.002226005773991346 
-0.001346487086266279 0.00169423664920032 -0.01230701990425587 
-0.002202032133936882 0.02986231073737144 -0.0007692015497013927 
-0.001783145708031952 0.01588458754122257 -0.002023082226514816 
0.001838840777054429 -0.001552224159240723 -0.001560210017487407 
-0.003506904002279043 -0.008563307113945484 -0.01303786970674992 
0.003975478000938892 0.02003619447350502 -0.01284110359847546 
-0.006369606591761112 0.01577713154256344 -0.006440611556172371 
0.002188646700233221 -0.007102177478373051 -0.003949999809265137 
-0.002427047584205866 0.007556846830993891 -0.01308292429894209 
0.004142842255532742 0.03177661448717117 -0.00990042369812727 
0.004341253079473972 0.02392170391976833 -0.002219577319920063 
0.002520285779610276 -0.006243524607270956 -0.00494999997317791 
-0.0007988814613781869 -0.002713537542149425 0.0009704655967652798 
0.004967785440385342 0.01850127056241035 -0.002076768083497882 
0.009139633737504482 0.02606498450040817 -0.005806426517665386 
-0.007754565682262182 -0.001256829942576587 -0.0122973108664155 
0.0074030258692801 0.001544430502690375 -0.003308327402919531 
-0.0006230150465853512 -0.001311217434704304 -0.01191105879843235 
-0.00449318764731288 0.02614195831120014 -0.002211162820458412 
-0.00430624932050705 0.00596216693520546 -0.0130299674347043 
0.008076467551290989 -0.001886198297142982 -0.00494999997317791 
-0.002008367097005248 0.02534492500126362 0.0005269416142255068 
0.007428093813359737 0.01265010051429272 -0.005259393714368343 
0.007857996970415115 -0.007382909767329693 -0.005537985824048519 
-0.001683660550042987 0.02323475480079651 -0.002214680425822735 
0.009932622313499451 0.01031266804784536 -0.008197383023798466 
-0.006993175484240055 0.01303758565336466 -0.0115753747522831 
0.004091005772352219 -0.001939313486218452 -0.007050000131130219 
-0.001586567377671599 0.01113899890333414 -0.0101011861115694 
-0.008313688449561596 0.006161102093756199 -0.006195551715791225 
-0.001266241539269686 0.01620211824774742 0.0009284504922106862 
0.001061574090272188 -0.001535657793283463 -0.001562323188409209 
0.007938005030155182 0.006578314118087292 -0.008806483820080757 
0.00340525945648551 0.004904324654489756 -0.01264902949333191 
0.01012084633111954 0.00918152742087841 -0.007754410151392221 
0.01032255776226521 0.0001630722836125642 -0.009425894357264042 
0.001863108831457794 -0.006841583177447319 -0.00494999997317791 
0.00548919290304184 0.0005521145649254322 -0.00160723109729588 
0.007394992746412754 0.01304453425109386 -0.004594468045979738 
0.007044079713523388 0.01722415164113045 -0.009239660575985909 
-0.005442589987069368 -0.003957843873649836 -0.01048682071268559 
-0.001680892775766551 -0.002846142277121544 -0.01300416421145201 
-0.007116306107491255 0.0120936306193471 -0.005384250078350306 
-0.009078921750187874 0.001212361734360456 -0.01034403219819069 
0.002184772165492177 -0.009147283621132374 -0.01063874177634716 
-0.006173823494464159 -0.001496775075793266 -0.001579207717441022 
0.001250380533747375 0.01064517814666033 -0.01012020837515593 
0.001120509579777718 0.019527368247509 -0.01301063969731331 
0.0009522006730549037 0.03153621405363083 -0.01247682143002748 
0.009865999221801758 0.01532902289181948 -0.005714734550565481 
0.007559696678072214 0.0026751181576401 -0.01034184452146292 
-0.004625014495104551 0.02911575138568878 -0.01091495435684919 
0.004563181661069393 -0.008353819139301777 -0.01062317937612534 
0.0007931292639113963 -0.001232973765581846 -0.00510572362691164 
-0.001668187673203647 0.02394015341997147 -0.01271532103419304 
0.009057676419615746 0.01633685827255249 -0.002712348941713572 
0.002960973652079701 0.02701053954660892 -0.009696830064058304 
0.001454982324503362 -0.002873440505936742 -0.001526560983620584 
-0.005355648696422577 0.003112353384494781 0.000791262136772275 
0.008520803414285183 0.0195454191416502 -0.002096302574500442 
-0.00150913221295923 0.02305385284125805 -0.002209581900388002 
-0.0002435589703964069 0.02263465896248817 -0.01307726092636585 
0.007450246717780828 0.01942403987050056 -0.01105093769729137 
-0.005624862853437662 0.02353116869926453 -0.009669339284300804 
0.007798748090863228 0.0008149537025019526 -0.0007787705981172621 
0.001106329029425979 0.003318497678264976 0.0007790118106640875 
0.001005583442747593 -0.006011921912431717 -0.004872254561632872 
0.001058543100953102 0.02806521207094193 -0.01282080262899399 
0.001947785494849086 0.01769647374749184 -0.002062297193333507 
-0.0001800198369892314 0.008473681285977364 -0.01017378363758326 
-0.002630120608955622 0.005994266830384731 0.001113468781113625 
0.002946426393464208 9.400275303050876e-06 0.0004716276307590306 
0.007917953655123711 0.001156062702648342 -0.004336954560130835 
-0.004991605877876282 0.0009867588523775339 -0.001641240669414401 
0.0001828316744649783 0.03425990790128708 -0.009973247535526752 
-0.000962746562436223 -0.003399301320314407 -0.01297815889120102 
0.002951107919216156 0.01612883619964123 -0.012737100943923 
0.007246126420795918 0.003418751293793321 -0.0002975817187689245 
0.003592201741412282 0.003310292959213257 -0.0126147698611021 
-0.004711841698735952 0.01547940168529749 -0.009981158189475536 
0.004586230032145977 -0.001200029510073364 -0.001563459169119596 
-0.007904216647148132 0.003332789288833737 -0.01189562305808067 
0.002572744386270642 0.02843069098889828 -0.01291356235742569 
-0.002594847464933991 0.006987896747887135 -0.001792665338143706 
0.003688500495627522 0.005295309238135815 0.0005998749984428287 
-0.007697466760873795 0.009225755929946899 -0.005274718627333641 
-0.001940395683050156 -0.008172666653990746 0.0009983915369957685 
-0.00680087972432375 0.02287386171519756 -0.005058555863797665 
-0.00585893401876092 0.01841609552502632 -0.002422189572826028 
0.003348591737449169 0.009246496483683586 -0.01266197673976421 
0.008525809273123741 0.02406764402985573 -0.002532944083213806 
0.004124271217733622 0.0292314887046814 0.0006427860935218632 
-0.009018301963806152 0.002826722571626306 -0.001697965431958437 
0.00619962252676487 -0.007192408666014671 -0.00191356532741338 
-0.002792582148686051 0.006276272237300873 0.001106832176446915 
-0.005672423169016838 -0.007599566131830215 -0.01199147664010525 
0.003174531273543835 -0.002095280447974801 -0.001543149352073669 
0.01012672483921051 0.01010793074965477 -0.007013438735157251 
0.006877141539007425 0.006554776336997747 -0.001760877785272896 
-0.005456962622702122 -0.001080683199688792 -0.01041170489042997 
-0.001219163648784161 0.0116299819201231 -0.001910832244902849 
0.008858863264322281 0.03096297383308411 -0.008498712442815304 
-0.006531203165650368 -0.006173824425786734 -0.001457790844142437 
0.002980290912091732 0.0004033860168419778 0.000468385114800185 
0.006257653702050447 0.02000808902084827 -0.002113301306962967 
0.007661640644073486 0.00986863300204277 -0.006319280713796616 
0.0005637627327814698 0.001749692717567086 -0.01200000010430813 
0.0003397561958990991 -0.009295539930462837 0.0007556007476523519 
0.002043109154328704 -0.004279420711100101 -0.001488603884354234 
-0.003933742642402649 -0.008697990328073502 -0.01092464942485094 
0.008025143295526505 0.02348789572715759 -0.01029843371361494 
0.0102156437933445 0.008423373103141785 -0.004931908566504717 
-0.009812054224312305 0.008760594762861729 -0.007195740472525358 
0.01070146076381207 0.002590127987787127 -0.008290538564324379 
-0.00458959024399519 0.02910865843296051 -0.01118903607130051 
0.003518119687214494 0.02799388580024242 0.0008482828852720559 
0.001472272910177708 -0.00294054951518774 -0.008050000295042992 
0.00434879632666707 0.03178343921899796 -0.01066380273550749 
0.007186224684119225 0.008460637181997299 -0.001809945562854409 
-0.008033692836761475 0.01824015751481056 -0.006085209548473358 
-0.005407582968473434 0.014393568970263 -0.00199201051145792 
0.004327830392867327 0.006557400338351727 -0.01023354008793831 
0.007646671496331692 -0.003386697266250849 -0.003735378151759505 
-0.005342930089682341 0.00766853429377079 -0.01282044500112534 
0.007241304032504559 -0.004960016347467899 -0.008256971836090088 
0.001324234995990992 0.0274309478700161 -0.00968231912702322 
-0.001868006074801087 0.03055371716618538 -0.001000000163912773 
0.002912685973569751 -0.003847877494990826 -0.003949999809265137 
0.004760168492794037 -0.005079702474176884 -0.001461837440729141 
-0.004556096158921719 -0.003929511178284883 -0.01299788616597652 
0.004963475279510021 0.02022795006632805 -0.002121837809681892 
0.009964906610548496 0.002937646815553308 -0.002194917295128107 
0.006617456674575806 -0.006483503617346287 -0.003474696772173047 
0.002689400920644403 0.01332712545990944 -0.0019466687226668 
-0.002042971085757017 0.01854591816663742 -0.01282548904418945 
-0.001069528632797301 0.01990096271038055 -0.0098736472427845 
-0.009729653596878052 0.00648708688095212 -0.003217519260942936 
0.003631244413554668 0.01567292027175426 0.0001107035568566062 
-0.008779352530837059 -0.00375580508261919 -0.01069781184196472 
-0.005916228517889977 0.01882068440318108 -0.01112454570829868 
-0.00402851402759552 -0.008197327144443989 0.001032278756611049 
0.007266644388437271 0.01457320339977741 -0.00798424519598484 
-0.006355734542012215 0.01623611338436604 -0.0005975174135528505 
0.003839269746094942 0.0002175523550249636 -0.01232495531439781 
-0.007912284694612026 -0.001289850333705544 0.0002171127416659147 
0.00638267258182168 0.009487602859735489 -0.010161517187953 
0.007091003470122814 -0.0001478520862292498 -0.008804222568869591 
0.001003401121124625 0.02116335928440094 -0.009845186956226826 
-0.003367676865309477 -0.00166890793479979 -0.01043157465755939 
0.005317273084074259 -0.004871408920735121 -0.008050000295042992 
-0.005113237537443638 0.004154819995164871 -0.01279423199594021 
0.00651807663962245 0.03294177353382111 -0.01072552986443043 
0.002580885309726 0.004226920660585165 -0.01278125680983067 
0.006345129571855068 0.03272297233343124 -0.001031447667628527 
-0.008434931747615337 0.005585590843111277 -0.006838101893663406 
-0.0003135254373773932 0.02392531558871269 0.001058624708093703 
-0.0004225991433486342 0.001438531326130033 -0.01107572484761477 
0.00166715681552887 0.01562529616057873 -0.01283729635179043 
-0.00243034353479743 0.0002249552780995145 -0.01038417965173721 
-0.004180202260613441 0.02668741345405579 -0.003086254699155688 
0.007901675067842007 0.002027218928560615 -0.0005302266799844801 
0.002147094812244177 0.008774431422352791 0.000834714446682483 
-0.007850412279367447 0.0186839010566473 -0.007467316463589668 
0.001503433450125158 0.03249509260058403 4.568416625261307e-05 
0.006909506861120462 0.01882592588663101 -0.006833290681242943 
0.003465834306553006 -0.0070885238237679 -0.00494999997317791 
0.003171295626088977 0.01331607531756163 0.0004485461686272174 
0.001341209281235933 0.03190046548843384 0.0004267751064617187 
-0.005084400065243244 0.03217675536870956 5.215406925773713e-11 
0.005863630678504705 0.003889063838869333 -0.001693503698334098 
0.009250255301594734 0.023980762809515 -0.0049522346816957 
-0.006970003247261047 0.02120628580451012 -0.008468586951494217 
0.003450756892561913 -0.005794808268547058 0.0003515123389661312 
-0.001955532701686025 0.03002037294209003 -0.001000000163912773 
-0.002875150414183736 0.03551402688026428 -0.009599999524652958 
-0.002086176071316004 0.02705456502735615 -0.002315234392881393 
-0.00230293651111424 0.02761195227503777 -0.009669750928878784 
0.00721901748329401 0.02599316462874413 -0.01131204422563314 
-0.001461105770431459 0.0001991501776501536 -0.000717205461114645 
-0.006877025123685598 -0.0064852274954319 -0.01271052565425634 
0.002300734398886561 0.01694101840257645 0.0008279747562482953 
-0.0006302105030044913 0.01243709493428469 -0.01006937865167856 
0.003429621458053589 0.001806000946089625 -0.01035559177398682 
-0.0001805097272153944 0.01904653571546078 -0.00210213172249496 
-0.006379629485309124 -0.00701699685305357 -0.01210292708128691 
-0.001221003360114992 0.02635097503662109 0.0007557061035186052 
0.002372658113017678 0.01896568015217781 0.0009215419413521886 
0.004444897174835205 0.02542662434279919 -0.01283072214573622 
0.007032852619886398 0.001823617145419121 -0.002595220459625125 
0.006801480427384377 -0.004080278798937798 -0.003949999809265137 
0.000259304215433076 0.02949319966137409 -0.002373801311478019 
0.007504486013203859 -0.006473513785749674 -0.008013704791665077 
-0.00702866492792964 0.01130700670182705 -0.01182950474321842 
-0.001919267815537751 0.02523799985647202 -0.009732532314956188 
0.003264536149799824 0.02405628375709057 -0.009774582460522652 
-0.0006850681966170669 0.002178415888920426 -0.003949999809265137 
0.007674247492104769 0.009718555957078934 -0.00646735355257988 
0.0048375204205513 0.01556263864040375 -0.009999637492001057 
-0.008570126257836819 0.0104466276243329 -0.01062330417335033 
0.0003250733425375074 0.00328771211206913 0.0008731164271011949 
0.009382834658026695 0.00940285436809063 -0.009337993338704109 
-8.974262891570106e-05 -0.001453111530281603 -0.0005941636627539992 
0.007844301871955395 0.0336061529815197 -0.002587154973298311 
0.008007628843188286 0.001088429009541869 -0.007749134674668312 
-0.00526812020689249 0.0196508951485157 -0.01143139600753784 
0.002322765998542309 -0.003489319933578372 -0.004949999507516623 
-0.001391442958265543 -0.0004368509980849922 -0.006876825354993343 
0.005292462185025215 -0.003950093872845173 3.614331944845617e-08 
0.006445345468819141 -0.007097036577761173 -0.007154852617532015 
0.004353767726570368 0.02684909291565418 -0.01277929171919823 
0.01008861698210239 0.01054710708558559 -0.004626953043043613 
-0.00488281948491931 0.01719728298485279 -0.002064042491838336 
0.002266455208882689 0.01998530700802803 -0.01300231460481882 
-0.004012565594166517 0.02734885923564434 -0.01031824201345444 
0.00928747933357954 0.01832952722907066 -0.008556664921343327 
-0.003803560510277748 0.01724182069301605 0.0004910537973046303 
-0.00341078988276422 0.02171928249299526 -0.01218397635966539 
0.008020489476621151 -0.001364976866170764 -0.009597279131412506 
-0.005238735117018223 0.02148517966270447 -0.002305146539583802 
0.008711433969438076 0.02352344803512096 -0.009130745194852352 
0.003623594995588064 0.00240983790718019 -0.001659745699726045 
-0.007451209239661694 0.006599187385290861 -0.01020697504281998 
-0.007645139470696449 0.009601457044482231 -0.002091196831315756 
0.008454355411231518 -0.006263424642384052 -0.001997747924178839 
-0.001673565362580121 0.01702458597719669 -0.01289523579180241 
-0.003995971754193306 0.03151284903287888 -0.00188484659884125 
0.001866609789431095 0.02125568687915802 -0.002155355643481016 
0.0002818965876940638 -0.005265284329652786 -0.01053331978619099 
0.005952955223619938 0.006311532109975815 0.0001184367210953496 
-0.009306757710874081 0.0116059947758913 -0.007512363605201244 
-0.005168492440134287 0.004757068119943142 -0.01276836544275284 
0.003304156707599759 -0.00435536028817296 -0.01238610595464706 
-0.008554959669709206 0.01529883872717619 -0.00379128847271204 
0.003699999302625656 -0.006199972238391638 -0.01230842154473066 
0.007705326657742262 0.001316429348662496 -0.004130197688937187 
0.005292526446282864 0.03104150295257568 -0.009596677497029305 
0.00860817264765501 0.02838451042771339 -0.008914296515285969 
-0.008925611153244972 0.01367861591279507 -0.007778489962220192 
0.003666135715320706 -0.004788195714354515 -0.007050000131130219 
0.00231151538901031 0.02845872193574905 0.000907552894204855 
0.007789730094373226 -0.001835303613916039 -0.003949999809265137 
-0.00264982576481998 -0.008742712438106537 0.001021057949401438 
-0.007245413493365049 0.01165431085973978 -0.01162306685000658 
-0.005619796924293041 0.01221530232578516 -0.01241014152765274 
0.007994560524821281 0.01835161074995995 -0.001422998961061239 
0.005654854699969292 -0.007138518150895834 -0.001476212288253009 
-0.00317163416184485 0.03059089370071888 -0.009599999524652958 
0.002515831030905247 0.005839378107339144 0.0007924652891233563 
0.003226327477023005 -0.007289118133485317 -0.01059250347316265 
-0.001376004656776786 0.02749789319932461 -0.009674731642007828 
-0.009132012724876404 0.01278943009674549 -0.005494634155184031 
0.001469123177230358 3.633831511251628e-05 -0.001273724599741399 
0.01003209594637156 0.01196766458451748 -0.006802549585700035 
0.006941146682947874 0.03008445538580418 -0.01145177707076073 
0.002550407312810421 -0.003291982226073742 -0.01048672944307327 
-0.009821689687669277 0.005118914414197206 -0.00470694899559021 
0.000904638902284205 0.01546138152480125 -0.01288472767919302 
0.01056418940424919 -0.001847368781454861 -0.004485462326556444 
-4.912442091153935e-05 -0.009467541240155697 -0.01200452260673046 
0.00845910981297493 -0.001591471838764846 -0.008236844092607498 
0.002844689413905144 0.000288158655166626 0.0004903505323454738 
0.008248887024819851 0.02967886067926884 -0.001907276920974255 
0.004464376252144575 0.00888361781835556 -0.01187638565897942 
-0.004833598621189594 -0.005165942944586277 -0.001480362378060818 
0.002070589456707239 -0.006297117564827204 -0.008050000295042992 
-0.001904864795506001 0.02533435821533203 -0.002269950928166509 
-0.00532931974157691 0.008151034824550152 -0.01279772818088531 
-0.002709834836423397 0.02982581779360771 2.041224797721952e-05 
0.002352098468691111 0.01570339314639568 -0.01279361546039581 
0.006241478957235813 0.02610590681433678 0.0001519823126727715 
0.0008373353630304337 0.002846982562914491 -0.001677179709076881 
-0.005172223318368196 0.02176540531218052 -0.003624351928010583 
-0.002704123966395855 0.01497648470103741 -0.01282354537397623 
0.00426882691681385 0.006170277018100023 -0.01024351455271244 
-0.007565070874989033 -0.002176282927393913 -0.01241446100175381 
0.0002330503339180723 -0.003919648472219706 -0.007050000131130219 
-0.006863884627819061 0.01986267417669296 -0.00245341844856739 
-0.005672941915690899 0.02256230264902115 -0.010043915361166 
0.006618499755859375 0.02229254506528378 -0.009743873961269855 
0.006614283658564091 0.01999928243458271 -0.002112300135195255 
0.007215043064206839 -0.002852534875273705 -0.0005296056042425334 
0.005174105986952782 0.02731969952583313 -0.002306451788172126 
0.008784306235611439 0.009749457240104675 -0.001838128664530814 
0.005656077992171049 0.02399933710694313 -0.01245846692472696 
0.00610470212996006 0.01615818962454796 -0.002013163408264518 
-0.00683307833969593 0.01122594345360994 -0.01197458524256945 
-0.005522154271602631 0.02005890011787415 -0.008994495496153831 
-0.007658755406737328 0.01372378878295422 -0.01085403934121132 
-0.00136769691016525 0.03370223194360733 -0.002400000113993883 
0.006925559602677822 0.01478780247271061 -0.0006184877711348236 
0.006219126749783754 0.02704812213778496 -0.008291527628898621 
0.007994616404175758 0.005229525733739138 -0.0006212869193404913 
0.007422417402267456 0.01271761395037174 -0.00656609982252121 
-0.0005362593801692128 0.02105746045708656 -0.002155379159376025 
0.00774588156491518 0.008865588344633579 -0.005205582361668348 
0.002118821954354644 0.01383962482213974 0.0007917995098978281 
0.009872199967503548 0.01504207774996758 -0.005450715776532888 
-0.003366988152265549 0.02716234512627125 -0.01120633259415627 
-0.005748757626861334 0.02482098340988159 -0.004172548186033964 
0.00457864161580801 0.01782132126390934 0.0003459205036051571 
-0.007966029457747936 -0.00421512546017766 -0.01048807706683874 
-0.001383763737976551 0.01097781769931316 -0.01300456002354622 
0.002519698813557625 -0.002479862421751022 -0.001534529495984316 
0.007102783303707838 -0.001229115179739892 -0.007049999665468931 
0.005114769097417593 0.002174714347347617 -0.01000919099897146 
-0.004020197317004204 -0.001517145428806543 0.001011865912005305 
0.008240197785198689 0.002979994751513004 -0.0101446034386754 
0.007107946090400219 0.01646258868277073 -0.006419667974114418 
0.0039058574475348 0.01627304404973984 0.0002884635759983212 
0.006983161903917789 0.01794969290494919 -0.009444787167012691 
0.0002942738065030426 0.002574218669906259 -0.01288360357284546 
0.01018280349671841 0.006292163394391537 -0.003867547493427992 
0.001454157289117575 0.001133516896516085 5.215406578829018e-11 
0.009786356240510941 0.01570749469101429 -0.004622926935553551 
-0.003995881415903568 0.03529931977391243 -0.001440831692889333 
-0.0008052164921537042 -0.003406433388590813 -0.008050000295042992 
0.003918011672794819 -0.004210509359836578 -0.00494999997317791 
0.005122777540236712 -0.008941613137722015 -0.00136030197609216 
0.005570797715336084 -0.006139685399830341 -0.003949999809265137 
0.008825469762086868 0.03043995797634125 -0.008746973238885403 
-0.005653259344398975 0.01930958777666092 -0.005763313733041286 
0.0008110359776765108 0.006025648675858974 0.001011424814350903 
-0.009615168906748295 0.009993903338909149 -0.005605333484709263 
0.009040647186338902 0.006102895364165306 -0.01012277789413929 
-0.004024166613817215 -0.0003267319407314062 -0.01298926863819361 
0.004293407313525677 -0.00399636710062623 -0.01050888188183308 
0.006286020390689373 0.02096081525087357 -0.01181738637387753 
0.003505080938339233 -0.001363547402434051 -0.00494999997317791 
0.005931224208325148 -0.005066600628197193 -0.0118495300412178 
-0.003033933229744434 0.005961520131677389 -0.01023316942155361 
0.00443643843755126 -0.001328545506112278 -0.01043957006186247 
0.001522129867225885 0.001832834677770734 -0.008050000295042992 
0.004697283729910851 -0.001958469627425075 0.000124490208690986 
0.000302638130960986 0.01366214547306299 -0.01291007734835148 
-0.001678214757703245 0.02226867340505123 -0.009810542687773705 
0.003428229596465826 0.02631776407361031 -0.002284080488607287 
0.0007449028780683875 0.008704181760549545 -0.0129835344851017 
-0.001765460474416614 0.006324419286102057 -0.01310895010828972 
0.005738493986427784 0.03181972727179527 -0.009577332995831966 
-0.002747476333752275 0.01296360231935978 0.000899363134521991 
0.005755900405347347 0.0325641930103302 -0.005052441265434027 
-0.002911673625931144 0.001346281147561967 -0.004921915475279093 
0.002732956549152732 0.03190314397215843 -0.001824264880269766 
0.005182168446481228 -0.00199854513630271 -0.007050000131130219 
-0.004993285518139601 0.01163324527442455 0.0006434137467294931 
0.006031248718500137 0.02928534336388111 -0.007654844783246517 
0.001400393201038241 0.01523750834167004 -0.001999310683459044 
-0.0002295416488777846 0.007718207314610481 -0.01304481271654367 
-0.002970218658447266 -0.004907791037112474 -0.01051695737987757 
0.008986776694655418 0.008147938176989555 -0.001954938052222133 
-0.001139860833063722 0.0166368056088686 -0.002041321247816086 
-0.0004080533981323242 0.006551870610564947 -0.01307257916778326 
-0.001903049880638719 -0.004320588428527117 0.001014325302094221 
0.003918165806680918 8.318691106978804e-05 -0.00666028494015336 
-0.002251971513032913 0.007432066835463047 -0.001803515246137977 
0.008477143011987209 0.02993146702647209 -0.009675913490355015 
0.007152954116463661 0.0159265547990799 -0.005724966526031494 
0.0006831241771578789 0.01749756932258606 -0.002059841528534889 
-0.003339305752888322 0.02757021971046925 -0.00966859795153141 
-0.006417102180421352 0.02121630869805813 -0.002383165992796421 
0.007777848746627569 -0.00352423288859427 -0.008050000295042992 
-0.006195173598825932 0.03205564990639687 -0.009781673550605774 
0.004111780319362879 0.02353107929229736 -0.009790119715034962 
-0.003541901241987944 0.03545573726296425 -0.002153042005375028 
-0.004364334978163242 0.02579904161393642 -0.002497941488400102 
0.003093816339969635 -0.001390383578836918 -0.001561719225719571 
0.01092443894594908 0.00431370735168457 -0.006933589931577444 
-0.00420275516808033 0.01700190827250481 -0.01238856837153435 
-0.0007475253660231829 0.001262190286070108 -0.00721562746912241 
-0.001501147169619799 0.002755145309492946 -0.008050000295042992 
-0.005368074402213097 0.01619764789938927 -0.002039005048573017 
-0.005344280041754246 0.02091451361775398 -0.008362483233213425 
0.007012097164988518 0.01760438270866871 -0.007412232458591461 
0.00106596399564296 0.03225962817668915 -0.009599999524652958 
0.007935703732073307 0.01887981779873371 -0.01063227467238903 
0.005954969674348831 -0.007864796556532383 -0.007050000596791506 
-0.001403722795657814 0.0005043983110226691 -0.005566856823861599 
-0.0001670927740633488 0.03044598549604416 0.000526845979038626 
-0.006899371743202209 -0.006594840437173843 -0.01075585745275021 
0.001771968440152705 0.01988764479756355 -0.002119859214872122 
0.002439688192680478 0.01221896428614855 -0.01252000872045755 
0.001028809696435928 -0.001057585584931076 -0.004892323166131973 
-0.003390059340745211 0.02768506295979023 -0.0006621881620958447 
-0.004575820174068213 0.02260402403771877 -0.0112511832267046 
0.01049070991575718 -0.002365397289395332 -0.005050224252045155 
0.001335337874479592 0.01765640079975128 -0.009937424212694168 
0.002977202646434307 -0.002262778114527464 0.0004534856416285038 
0.007733621634542942 0.009011452086269855 -0.006415218580514193 
-0.0078472550958395 0.000154188193846494 0.0001586026628501713 
0.0001342828618362546 0.0192864965647459 -0.00210771313868463 
0.009949894621968269 0.0009494341211393476 -0.009971040301024914 
0.008157383650541306 0.02651300653815269 -0.002126146340742707 
0.005260688252747059 -0.004032412078231573 -0.01051191426813602 
-0.00143633340485394 -0.001893540844321251 -0.003949999809265137 
-0.0076625463552773 0.009387877769768238 -0.005558552220463753 
0.005090024322271347 -0.001109995064325631 -0.01043528039008379 
0.00657297158613801 0.0001142573746619746 -0.003949999343603849 
0.00699375057592988 0.02793442830443382 -0.0004013575962744653 
0.008226465433835983 0.0138201080262661 -0.001444695051759481 
0.007486297283321619 0.003766816342249513 -0.0115977805107832 
-0.005330894142389297 0.007970576174557209 0.0008032265468500555 
-0.009118185378611088 -0.0005067904130555689 -0.0006672246381640434 
7.86323580541648e-05 0.03428136557340622 -0.0005745764938183129 
0.007319801487028599 0.01393979974091053 -0.006986867636442184 
0.008803739212453365 -0.005827907007187605 -0.002265788847580552 
-0.009830369614064693 0.006212912034243345 -0.00835223775357008 
0.009968340396881104 0.01333868131041527 -0.005518405698239803 
-0.006722577847540379 0.004936627112329006 -0.01025193836539984 
0.002748114056885242 0.02292766608297825 -0.01308568846434355 
-0.005119653418660164 0.01668677106499672 5.318885814631358e-05 
-0.004395582713186741 -2.131680957973003e-05 -0.01038635522127151 
-0.001658078283071518 -0.009397984482347965 -0.0108735878020525 
-0.003148638643324375 0.03384331986308098 -0.009599999524652958 
-0.007776036858558655 0.01676584780216217 -0.009521599858999252 
0.007264018058776855 0.02587307803332806 -0.01103976555168629 
0.0003615096502471715 0.03394840285181999 -0.01075858809053898 
-0.002643862273544073 0.0120876282453537 -0.001925856457091868 
-0.003649670165032148 0.01013930421322584 -0.01012281235307455 
0.002798926085233688 -0.006958605721592903 -0.001417113933712244 
0.002950923517346382 0.01133948843926191 -0.01249334961175919 
-0.005181292537599802 0.004972750321030617 -0.001745671033859253 
-0.004648457281291485 0.007911436259746552 -0.01017879135906696 
-0.007444099057465792 0.005915281362831593 -0.0102248378098011 
-0.0008192128734663129 0.001226375461556017 -0.01079438906162977 
0.007655422203242779 0.001354067819193006 -0.005600194446742535 
0.0003019785799551755 0.03293594717979431 -0.00959999393671751 
0.00993911549448967 -0.003409364027902484 -0.002723560901358724 
0.008765768259763718 0.02938351780176163 -0.009127883240580559 
0.007517251186072826 0.008608541451394558 -0.01018691062927246 
-0.003132512327283621 0.01330546010285616 0.0008559109410271049 
-0.005458087660372257 0.01170676574110985 0.0004997509531676769 
0.005021680612117052 0.02316353470087051 -0.002198320347815752 
-0.006794733460992575 -0.002679605968296528 0.0006839048000983894 
-0.006360149011015892 0.009855654090642929 -0.01233543269336224 
-0.006831394974142313 0.002396957017481327 -0.0103179793804884 
0.001890513580292463 -0.003692226484417915 -0.01261571142822504 
-0.001961920177564025 0.0140839722007513 -0.0100235203281045 
-0.006672787480056286 0.0233320165425539 -0.005144630558788776 
-0.002706276020035148 -0.001758550526574254 -0.004890364594757557 
0.007653839886188507 0.009962568990886211 -0.009226925671100616 
-0.002878872910514474 0.001433194382116199 -0.006251822225749493 
0.006132220849394798 -0.004456503316760063 -0.003949999809265137 
0.0027430709451437 -0.002905984874814749 0.0004874370060861111 
0.002970198169350624 0.02098768576979637 -0.01301583647727966 
0.007300719618797302 0.01210249215364456 -0.001904737437143922 
0.01016372907906771 0.009618147276341915 -0.005263951607048512 
0.006222913973033428 0.001423172652721405 -0.006774922367185354 
0.009401182644069195 -0.005300176795572042 -0.005858222022652626 
-0.001572550274431705 -0.003116433275863528 -0.01300064660608768 
0.009273252449929714 -0.005325417965650558 -0.003943398594856262 
-0.002467002021148801 0.008919378742575645 -0.001842793775722384 
-0.00777826551347971 0.001800885191187263 8.145208994392306e-05 
0.002559351269155741 -0.004600341431796551 -0.00494999997317791 
0.001080002635717392 -0.00277989893220365 -0.003949999809265137 
-0.0005779685452580452 0.0257780384272337 0.0009550826507620513 
-0.0006968830712139606 0.03505157679319382 -0.001929225283674896 
0.009471375495195389 -0.003787178546190262 -0.01011499296873808 
-0.002992953173816204 0.003929549362510443 -0.0129481703042984 
0.006164956837892532 0.02769351750612259 -0.0091447364538908 
0.003103008028119802 0.003534066025167704 -0.0126964533701539 
0.006092507392168045 -0.003660517046228051 -0.01050400733947754 
0.0005606424529105425 0.03042325004935265 -0.01256856229156256 
0.007554975803941488 -0.004209508188068867 -0.004659691825509071 
-0.008421832695603371 0.01571519672870636 -0.003586161183193326 
0.004342667758464813 0.0145298196002841 -0.01226101443171501 
0.009473266080021858 0.02094809524714947 -0.006805209908634424 
0.007128733675926924 0.009042378515005112 -0.0006241993396542966 
0.01097660511732101 0.002149324864149094 -0.004729649517685175 
0.007679302245378494 0.009658508934080601 -0.005133883096277714 
0.005243811756372452 -0.006510679610073566 -0.01057655178010464 
-0.003201233223080635 -0.000211156700970605 -0.005249513778835535 
0.002458186820149422 -0.001716258353553712 -0.00494999997317791 
0.00274750730022788 0.005907234270125628 -0.01024708896875381 
0.005525744054466486 0.02669645100831985 -0.002289426745846868 
0.007784764748066664 -0.002510332968086004 -0.008810918778181076 
6.153117283247411e-06 0.004845096729695797 -0.001731120748445392 
0.009321912191808224 0.01593882963061333 -0.003196688834577799 
0.008034802041947842 -0.001698709791526198 -0.0033684226218611 
-0.001187684247270226 0.03097567893564701 -0.01099999994039536 
0.003261459991335869 -0.008168887346982956 -0.00452340254560113 
0.005146467592567205 0.02603844925761223 0.0006233672029338777 
-0.005310708656907082 0.02111446484923363 -0.002715518698096275 
-0.004313561134040356 0.02602384611964226 -0.008768850937485695 
0.00974356010556221 0.01109836809337139 -0.008517949841916561 
-5.719428008887917e-05 0.008040344342589378 0.001032166997902095 
0.006897252984344959 0.005067296791821718 -0.001722016138955951 
0.005428451579064131 0.01288611348718405 -0.001929236343130469 
0.00362133071757853 -0.004574083723127842 0.0003329411265440285 
0.0007976062479428947 -0.002441903343424201 -0.006890889722853899 
0.007247366476804018 0.02609502337872982 -0.01126207690685987 
0.001788481371477246 0.031653743237257 -0.01241998374462128 
0.00110599584877491 0.003988912329077721 -0.001706398790702224 
-0.0004348733345977962 0.03229689970612526 -0.009599999524652958 
-0.003614684799686074 -0.005662897136062384 -0.001464724307879806 
0.006686598062515259 0.0082620894536376 -0.001805844716727734 
0.004001635126769543 0.02466226182878017 -0.009760362096130848 
0.003191458061337471 -0.00274064252153039 -0.00494999997317791 
-0.00249223574064672 -0.002025297842919827 -0.006224531214684248 
0.004601918160915375 0.03184835240244865 -0.01136921159923077 
0.008844026364386082 0.02955378964543343 -0.00309775210916996 
0.001534668146632612 0.02880942448973656 -0.01271867379546165 
0.005199664272367954 -0.005332354456186295 -0.01054570637643337 
-0.0009749532910063863 -0.001951272832229733 -0.008050000295042992 
-0.0004775648703798652 0.007883470505475998 -0.01018854230642319 
-0.006430190987884998 0.01555341482162476 -0.003502226434648037 
0.007288020104169846 0.03364566713571548 -0.006261040456593037 
-0.005612443201243877 0.006525200325995684 -0.01282391417771578 
0.00488364091143012 0.001231254544109106 -0.001626263838261366 
-0.003501832950860262 0.01397695112973452 -0.001977016683667898 
0.008318991400301456 0.02591072581708431 -0.00235149497166276 
-0.00460538687184453 0.004999611526727676 -0.01025487389415503 
0.005684167146682739 0.02767183259129524 -0.002314538229256868 
-0.002123367041349411 0.02706615440547466 -0.00231561716645956 
0.0006622729124501348 0.001426950329914689 -0.0103594996035099 
0.00776308961212635 0.02652380615472794 -0.001552651403471828 
0.006133923307061195 0.02463247627019882 0.0002484384749550372 
0.00646362267434597 0.000502292939927429 -0.005465442314743996 
0.003309744875878096 0.02422102726995945 -0.01302625145763159 
-0.003106442280113697 0.02085669152438641 -0.002155698370188475 
0.003587658051401377 -0.0007224916480481625 -0.001578080817125738 
0.002581853419542313 -0.006435316987335682 -0.01056882739067078 
0.004795130342245102 0.004294317215681076 0.0003775187651626766 
0.006175797898322344 -0.007732501719146967 -0.007178297732025385 
0.001087952754460275 0.01328032370656729 0.0008687570807524025 
0.0009138302411884069 -0.001179286977276206 -0.005649314261972904 
-0.009696131572127342 0.008441905491054058 -0.003013402223587036 
0.006136131472885609 0.004513610620051622 -0.001709212898276746 
0.002619441598653793 0.00367677747271955 -0.001694980193860829 
-0.001172348391264677 0.01614553667604923 0.0009317650110460818 
0.005679740570485592 0.00349121680483222 0.0001725827751215547 
-0.007367630954831839 -0.006058460101485252 -0.001100691268220544 
-0.003847797634080052 0.03362737968564034 -0.01163924485445023 
0.004451240412890911 0.01217051222920418 0.000218855042476207 
-0.007848999463021755 0.002062545623630285 -0.0120242778211832 
0.009044692851603031 -0.005632309708744287 -0.008770798332989216 
0.004315084777772427 0.005787394940853119 -0.01249098498374224 
-0.00179827818647027 -0.0008801264339126647 -0.008050000295042992 
0.00770610710605979 0.009339406155049801 -0.007212334778159857 
0.004304531030356884 0.004990226589143276 -0.001725611975416541 
-0.005154692102223635 0.0342586375772953 -0.0118033941835165 
0.007876673713326454 -0.00337237142957747 -0.007648424245417118 
0.004960837308317423 0.01672182977199554 -0.00203034607693553 
-0.006016106344759464 0.01754848845303059 -0.004894083365797997 
0.008279508911073208 -0.001379489083774388 -0.007392387371510267 
0.005502517800778151 -0.00151547696441412 -0.01196590438485146 
0.002874478464946151 0.003885220037773252 -0.01030013151466846 
-0.003974660765379667 0.03001438081264496 -0.002400000113993883 
0.002980579156428576 0.01432015374302864 0.0004471816937439144 
0.004055919591337442 -0.007630817592144012 -0.0106032146140933 
0.006709510460495949 0.03322868049144745 -0.006800923030823469 
0.008344318717718124 -0.003747449722141027 -0.005154815968126059 
0.008430999703705311 0.03271897509694099 -0.003375300671905279 
0.002600522246211767 0.0312998965382576 0.0003785008739214391 
0.007715589366853237 0.01724318414926529 -0.001128199859522283 
0.005764045286923647 0.00621100002899766 -0.0121751269325614 
-0.0004633120843209326 0.01344736106693745 -0.01294119469821453 
0.008212686516344547 0.02023445069789886 -0.001728252973407507 
0.004389023408293724 -0.005489677656441927 0.0001902455987874418 
-0.003785206470638514 -0.006977079901844263 0.001033772947266698 
-0.009939342737197876 0.006068782415241003 -0.005061028059571981 
0.007096118293702602 0.01660465821623802 -0.009857781231403351 
-0.001871436834335327 0.0007615574868395925 -0.01224871166050434 
0.000307185371639207 -0.004945221822708845 -0.007050000131130219 
-0.006745857186615467 0.002879538806155324 -0.01030557043850422 
0.008094653487205505 -0.001500509679317474 -0.004677394405007362 
-0.003726167138665915 0.02556934207677841 -0.01108444761484861 
-0.007238829508423805 -0.005708193872123957 0.0006456756382249296 
0.001445988891646266 0.001933498308062553 0.0007262203725986183 
-0.002464468125253916 -0.008524300530552864 -0.0130161764100194 
-0.004372819792479277 -0.0008980545680969954 -0.01040928438305855 
0.004627092741429806 0.02763365395367146 -0.01268343348056078 
0.009994382038712502 0.003769078990444541 -0.009697520174086094 
0.005516201723366976 0.0006170456763356924 -5.267795131658204e-05 
-0.0009757013758644462 0.002858226653188467 -0.003949999809265137 
0.005827526096254587 0.0002215909480582923 -0.007050000131130219 
0.0080043850466609 0.005787680856883526 -0.008431065827608109 
-0.008399901911616325 0.01649283990263939 -0.007076255977153778 
0.005094473250210285 0.004071167670190334 -0.001699919463135302 
0.009061755612492561 0.02663526497781277 -0.00699615478515625 
-0.007282987236976624 -0.003833369351923466 -0.01047959271818399 
-0.006554476916790009 -0.004086860455572605 -0.01277969963848591 
-5.881580000277609e-05 0.01091989036649466 -0.0101102078333497 
0.006205404177308083 -0.008385132066905499 -0.009665876626968384 
-0.001004668069072068 0.0189729630947113 -0.009898005984723568 
-0.006135499104857445 0.03158899024128914 -0.001464426168240607 
0.008243848569691181 0.00293636042624712 -0.009674539789557457 
0.0004529013822320849 0.01660804823040962 -0.009962873533368111 
-0.001143025932833552 0.008086318150162697 -0.01307346019893885 
-0.0005731030832976103 -0.001374696148559451 -0.005603568628430367 
-0.005096047185361385 0.01499909441918135 -0.01228813733905554 
0.0005987477488815784 0.002701511140912771 -0.01032610051333904 
-0.0002305199741385877 0.001460789237171412 -0.007657128386199474 
0.007872254587709904 0.007360824849456549 -0.007381724659353495 
-0.005275300238281488 0.02576479129493237 -0.008294316940009594 
-0.004224373493343592 0.03522227331995964 -0.01005213893949986 
0.001453492557629943 -0.0002462776319589466 -0.01143993996083736 
-0.005893837660551071 0.0333753302693367 -0.01048576273024082 
-0.0001015593734337017 -0.003299000207334757 -0.007050000131130219 
-0.001050631748512387 0.01754382811486721 -0.0129356449469924 
0.003125788643956184 0.01313770562410355 0.0004558010550681502 
-0.003243414219468832 0.03333801776170731 -0.01074287667870522 
0.001157839433290064 -0.001019374816678464 -0.003949999809265137 
0.00998812448233366 -0.003646492958068848 -0.003090625628829002 
-0.00284830154851079 0.007656189147382975 0.001079738489352167 
-0.0007095102919265628 0.007823912426829338 -0.01306507177650928 
-0.006014689803123474 0.0326811708509922 -0.002399999881163239 
0.006643788889050484 0.002117057563737035 -0.006216328591108322 
0.0102974995970726 0.007274949457496405 -0.00541620422154665 
0.006166194565594196 0.02767854370176792 -0.008468340151011944 
0.008063493296504021 0.01895991712808609 -0.01050426904112101 
-0.0001905736280605197 0.01886230148375034 -0.002097345655784011 
-0.002905090805143118 -0.004730012733489275 -0.01304295938462019 
0.001800044323317707 0.01638486236333847 -0.01284692529588938 
-0.001402672263793647 0.01455189753323793 -0.01292901206761599 
0.00770815834403038 0.02008632197976112 -0.001208405243232846 
0.01061062980443239 0.001986989518627524 -0.003352180356159806 
-0.004193598404526711 -0.0006154350121505558 -0.001597733120433986 
0.009280571714043617 -0.00207915878854692 -0.001715773018077016 
0.0021210010163486 0.03177662938833237 -0.01235713437199593 
-0.00519613828510046 0.02164274081587791 -0.008251548744738102 
0.002923750318586826 0.003094530198723078 -0.01259265188127756 
0.002485125325620174 -0.004846689291298389 -0.008050000295042992 
0.002394150942564011 0.002389606786891818 -0.01033812295645475 
0.0007846530061215162 0.02803988009691238 -0.009665260091423988 
0.00309553393162787 0.02092497982084751 -0.002144067548215389 
0.006710841786116362 0.02119163982570171 -0.006264404393732548 
-0.00664796307682991 0.01449738442897797 -0.009045138955116272 
0.00299156503751874 -0.001363708055578172 -0.01245639473199844 
-0.006940538063645363 -0.003207246540114284 -0.01266172342002392 
-0.005480417050421238 0.02026987820863724 -0.009122973307967186 
0.009213765151798725 0.02482873573899269 -0.005503647029399872 
0.008787537924945354 0.02461297065019608 -0.008769664913415909 
-0.001747649163007736 0.02074720151722431 -0.002149902516975999 
-0.005072373896837234 0.007783501408994198 0.000859717489220202 
-0.008185993880033493 0.006900912150740623 -0.002846984658390284 
-0.006630078423768282 0.01233843341469765 -0.01193287596106529 
-0.005539774429053068 0.03006517887115479 -0.0008888565935194492 
0.009400731883943081 0.01013621501624584 -0.009242746978998184 
-0.00492565892636776 0.01692160218954086 -0.009943058714270592 
0.005539647303521633 0.002821791684255004 -0.009857977740466595 
0.005664635915309191 0.02857199683785439 -0.009661927819252014 
0.0006897090352140367 0.001291509019210935 -0.005817512050271034 
-0.004665227606892586 0.01775124110281467 -0.01212033722549677 
0.00541197881102562 0.004894282668828964 -0.01027928665280342 
0.0009155359584838152 0.02046627923846245 -0.009863188490271568 
0.008062461391091347 0.02268588915467262 -0.001707983203232288 
-0.002764019416645169 0.03391646966338158 -0.002400000113993883 
0.001101745176129043 -0.001114733167923987 -0.01200000010430813 
-0.005365331657230854 0.01531234662979841 -0.002015896141529083 
0.0061066341586411 0.02838724106550217 -0.005337564274668694 
-0.001115180435590446 0.0220590028911829 0.0009454954997636378 
0.004923158325254917 0.02975937910377979 -0.01240811683237553 
-0.003448392730206251 0.01455039624124765 -0.001991865923628211 
-0.00255600200034678 0.01096921134740114 -0.01298779062926769 
-0.003831029403954744 0.02029402554035187 -0.009857418015599251 
-2.458799281157553e-05 0.004516419488936663 -0.01308741327375174 
0.002182121854275465 0.01008597575128078 -0.001863183104433119 
0.006783512886613607 -0.0008582447189837694 -0.008050000295042992 
0.004262027330696583 0.02387934178113937 -0.009781356900930405 
-0.004240816924721003 0.01746474951505661 0.000332792173139751 
0.001347523182630539 -0.00870615616440773 -0.01263298466801643 
0.007606128230690956 0.01053066924214363 -0.008947590366005898 
0.002737008268013597 -0.004200563300400972 -0.01051084417849779 
-0.001538290525786579 -0.002797643654048443 -0.01299865730106831 
-0.008562157861888409 0.01523291599005461 -0.008192747831344604 
0.002378705190494657 0.002151079243049026 -0.00518798315897584 
0.005392465740442276 0.01617274433374405 -0.01204324513673782 
-0.002804850228130817 0.01120252348482609 0.0009638888877816498 
-0.000907217210624367 -0.004330229014158249 0.0009686921839602292 
0.00575443496927619 0.002935700584203005 -0.01033113896846771 
-0.006110424641519785 0.03148148953914642 -0.001390477293170989 
0.00611666077747941 0.01762670278549194 -0.011827084235847 
-0.00780250271782279 0.01361784525215626 -0.001272005727514625 
0.006535266526043415 0.0232827290892601 -0.005646108649671078 
0.004673122894018888 0.03165370225906372 -0.0001205952430609614 
0.005277950782328844 0.003321214811876416 -0.001679951557889581 
0.009663079865276814 0.01499133836477995 -0.003814402502030134 
-0.00107319513335824 0.001046009245328605 -0.0107794851064682 
0.0005876758368685842 0.001367579097859561 -0.01093942020088434 
-0.008271474391222 0.001998336287215352 -0.001674732542596757 
0.004499835427850485 0.02457957156002522 0.0008364925161004066 
0.005868134088814259 -0.004001019988209009 -0.001487590838223696 
0.003808722831308842 -0.007566291373223066 -0.003949999809265137 
0.005819875746965408 0.02146411314606667 -0.009847754612565041 
0.009149598889052868 0.0120704798027873 -0.009526788257062435 
-0.00261668162420392 0.01639150455594063 -0.01280640065670013 
0.008409015834331512 0.000968354579526931 -0.005335931666195393 
-0.002273603342473507 0.02067380212247372 0.0006958507001399994 
-0.00306147919036448 0.01394170243293047 -0.01002485584467649 
-0.005493608303368092 0.02013958059251308 -0.007351864129304886 
-0.006630271673202515 0.00727521488443017 -0.01019110903143883 
0.006774657405912876 0.02043364942073822 -0.002778089605271816 
0.001189517788589001 -0.0008530927007086575 -0.005327504593878984 
-0.001276771654374897 0.01084616035223007 -0.0130075691267848 
3 425 1225 717 
3 1225 425 3120 
3 2740 3120 1346 
3 1225 2740 1346 
3 2740 1225 3120 
3 1225 1543 717 
3 3367 1395 855 
3 141 3480 1010 
3 3480 141 2795 
3 3480 1233 1010 
3 1233 2795 749 
3 1233 3480 2795 
3 943 1225 1346 
3 180 216 2042 
3 850 2931 855 
3 1347 2494 649 
3 733 1028 3707 
3 733 3153 3120 
3 425 733 3120 
3 1028 733 717 
3 109 1233 749 
3 1233 109 3620 
3 3026 3415 2249 
3 3026 891 3415 
3 2030 3872 2334 
3 2493 2030 1962 
3 2030 2493 3872 
3 2493 1584 3872 
3 1543 357 717 
3 357 1543 180 
3 2749 1395 3310 
3 1395 2749 855 
3 2749 850 855 
3 3367 3325 1395 
3 2910 3325 3812 
3 3120 1558 1346 
3 1383 1558 3120 
3 2864 87 3812 
3 2864 1383 87 
3 3886 2910 3812 
3 3444 733 1962 
3 733 3444 3153 
3 3669 3620 1010 
3 1233 3669 1010 
3 3669 1233 3620 
3 943 140 180 
3 140 216 180 
3 140 943 1346 
3 1500 140 1346 
3 1543 3667 180 
3 3667 943 180 
3 943 3667 1543 
3 2850 1543 1225 
3 943 2850 1225 
3 2850 943 1543 
3 3620 3900 1010 
3 2943 3900 3620 
3 3900 141 1010 
3 883 216 830 
3 883 2943 3620 
3 3961 2931 850 
3 2931 3961 1894 
3 3845 964 141 
3 964 3845 1346 
3 3845 1500 1346 
3 1223 1268 2795 
3 964 1167 141 
3 141 1167 2795 
3 1167 1223 2795 
3 1268 1167 3242 
3 1223 1167 1268 
3 3966 2494 295 
3 3733 2056 3625 
3 3407 3209 3242 
3 1131 2961 3762 
3 3341 1131 3762 
3 2678 1347 649 
3 2678 1361 1347 
3 1361 2048 1347 
3 2048 989 1347 
3 3259 2494 1347 
3 1028 1158 3707 
3 1158 180 2042 
3 1158 1028 180 
3 1858 3831 180 
3 1028 1858 180 
3 1858 1028 717 
3 1948 425 717 
3 733 1948 717 
3 1948 733 425 
3 2082 1338 3508 
3 1338 1456 3508 
3 1338 2082 1249 
3 109 1638 3620 
3 1638 883 3620 
3 2048 2817 989 
3 209 3026 1031 
3 3026 209 891 
3 3089 2030 2334 
3 2030 2777 1962 
3 2777 3444 1962 
3 3444 2777 2753 
3 1584 3706 3872 
3 1081 3706 3939 
3 3706 1081 3872 
3 733 1373 1962 
3 1373 2493 1962 
3 3872 572 2334 
3 1081 572 3872 
3 3831 1880 180 
3 1880 357 180 
3 1858 1880 3831 
3 357 1880 717 
3 1880 1858 717 
3 1636 267 964 
3 2550 3325 3367 
3 625 1383 1346 
3 1558 625 1346 
3 625 1558 1383 
3 223 3812 1346 
3 223 2864 3812 
3 1383 223 1346 
3 2864 223 1383 
3 3151 3485 3310 
3 1395 3151 3310 
3 3886 19 2910 
3 19 3151 2910 
3 3151 19 3485 
3 3485 19 87 
3 87 19 3812 
3 19 3886 3812 
3 3485 1090 2753 
3 1090 3444 2753 
3 1090 3485 87 
3 1383 1090 87 
3 216 3902 830 
3 3902 140 830 
3 140 3902 216 
3 3233 1500 830 
3 140 3233 830 
3 3233 140 1500 
3 647 2053 295 
3 2055 647 295 
3 647 2055 2053 
3 1611 272 3059 
3 272 1611 2055 
3 1702 2055 295 
3 272 1702 17 
3 1702 272 2055 
3 1778 3961 850 
3 1778 2749 3310 
3 2749 1778 850 
3 2318 3845 141 
3 3900 2318 141 
3 2318 3900 2943 
3 883 2318 2943 
3 2318 883 830 
3 1500 2318 830 
3 3845 2318 1500 
3 643 1167 964 
3 1885 260 1109 
3 2056 1329 3625 
3 1329 3407 3625 
3 1131 1982 265 
3 3341 1982 1131 
3 3733 1510 2056 
3 2338 1510 3341 
3 2338 3341 3762 
3 3284 2338 3762 
3 3407 306 3209 
3 306 2369 3209 
3 1329 306 3407 
3 2739 1230 1269 
3 1230 2739 2657 
3 869 45 1281 
3 3259 3157 2494 
3 3157 3259 17 
3 1702 3157 17 
3 2494 3157 295 
3 3157 1702 295 
3 2132 1268 3242 
3 870 2132 3508 
3 2132 870 749 
3 2795 2132 749 
3 1268 2132 2795 
3 3209 344 3242 
3 344 2132 3242 
3 1870 2403 1988 
3 2316 109 749 
3 870 2316 749 
3 883 3222 216 
3 1638 3222 883 
3 216 3222 2042 
3 3222 1638 2042 
3 2839 3143 2466 
3 3413 2817 2048 
3 3413 1361 1031 
3 3413 2048 1361 
3 312 2320 741 
3 209 1539 891 
3 1539 2323 891 
3 2188 3026 2249 
3 2188 3089 3026 
3 1501 3413 1031 
3 0 1501 1031 
3 496 733 3707 
3 496 1373 733 
3 1158 496 3707 
3 496 1158 2042 
3 1584 668 2042 
3 668 1373 2042 
3 2493 668 1584 
3 1373 668 2493 
3 215 1081 3939 
3 572 215 3939 
3 215 572 1081 
3 572 637 2334 
3 637 1406 2334 
3 637 572 3939 
3 2550 2216 3325 
3 3325 2216 3812 
3 243 964 1346 
3 243 1636 964 
3 243 2216 1636 
3 3812 243 1346 
3 2216 243 3812 
3 1023 766 1231 
3 3151 286 2910 
3 286 3325 2910 
3 3325 286 1395 
3 286 3151 1395 
3 3485 2455 3310 
3 3444 64 3153 
3 1090 64 3444 
3 64 1090 1383 
3 3153 64 3120 
3 64 1383 3120 
3 23 1611 3059 
3 23 2578 365 
3 1885 514 265 
3 514 1885 1109 
3 514 1131 265 
3 514 2810 1131 
3 267 1772 964 
3 1772 643 964 
3 643 1772 267 
3 643 211 3957 
3 3966 2197 2494 
3 2197 1023 1231 
3 1023 2197 3966 
3 3661 1510 3733 
3 3407 1430 3625 
3 260 1430 3407 
3 3661 1430 260 
3 1430 3733 3625 
3 1430 3661 3733 
3 2301 3407 3242 
3 2301 260 3407 
3 260 2888 1109 
3 2888 514 1109 
3 514 2888 2810 
3 2797 1110 3059 
3 272 2797 3059 
3 263 2838 3840 
3 2961 263 3762 
3 263 3284 3762 
3 1827 2838 1347 
3 2838 1827 2462 
3 2838 2489 3840 
3 2489 2838 2462 
3 3877 1885 265 
3 1982 3877 265 
3 390 3284 1269 
3 390 2338 3284 
3 1510 2105 2056 
3 2105 2338 2056 
3 2338 2105 1510 
3 2709 3672 2735 
3 2369 3672 3209 
3 3672 2709 3209 
3 3703 1303 1354 
3 3143 3703 1354 
3 3703 2839 1303 
3 2839 3703 3143 
3 2320 451 1354 
3 451 3143 1354 
3 3143 451 2320 
3 1599 3567 1303 
3 1338 1599 1456 
3 1599 1338 1249 
3 3567 1599 1249 
3 1382 3143 2320 
3 312 3466 2320 
3 869 1117 45 
3 45 1117 2657 
3 1117 1230 2657 
3 2069 2295 3732 
3 2404 2320 1354 
3 2069 2404 1354 
3 2320 2404 741 
3 891 3210 3415 
3 2323 3210 891 
3 2404 1663 741 
3 2817 1663 989 
3 997 1663 2817 
3 2351 344 3209 
3 2709 2351 3209 
3 2351 2709 2735 
3 5 1988 2082 
3 344 5 2132 
3 5 2351 1988 
3 2351 5 344 
3 5 2082 3508 
3 2132 5 3508 
3 544 2735 145 
3 544 3115 2735 
3 3115 3168 2735 
3 3168 2351 2735 
3 2351 3168 1988 
3 3168 1870 1988 
3 1988 804 2082 
3 804 2403 2082 
3 2403 804 1988 
3 2082 3805 1249 
3 3805 3567 1249 
3 1638 1300 2042 
3 1300 1638 109 
3 2316 1300 109 
3 1788 2245 3786 
3 1456 3459 3508 
3 1396 139 3786 
3 2245 1396 3786 
3 1396 3575 139 
3 1396 2245 2466 
3 3575 1396 2466 
3 2245 1199 2466 
3 1199 2839 2466 
3 959 177 547 
3 0 959 547 
3 1121 997 2817 
3 2653 1121 2817 
3 177 1413 547 
3 2653 1413 177 
3 1413 3413 547 
3 1413 2653 2817 
3 3413 1413 2817 
3 354 1121 624 
3 1121 354 997 
3 3466 354 624 
3 354 3466 312 
3 354 1663 997 
3 354 312 741 
3 1663 354 741 
3 1539 3212 2323 
3 1361 3212 1031 
3 2777 3836 2753 
3 3490 1071 2960 
3 3089 1865 2030 
3 1865 1071 2556 
3 1071 1865 2960 
3 3547 3392 1031 
3 1406 2923 2334 
3 2923 1406 83 
3 3413 1601 547 
3 1501 1601 3413 
3 1601 0 547 
3 0 1601 1501 
3 1998 559 1451 
3 959 1998 1451 
3 1998 959 0 
3 1373 2832 2042 
3 2832 496 2042 
3 496 2832 1373 
3 637 3461 1406 
3 3461 1806 1406 
3 3461 637 3939 
3 757 2985 267 
3 2985 757 2931 
3 2931 757 855 
3 2578 1204 365 
3 2053 3384 295 
3 3415 1313 2249 
3 748 23 365 
3 1611 748 2055 
3 23 748 1611 
3 2810 1276 1131 
3 2058 1276 2810 
3 1276 2058 2508 
3 2797 1940 1110 
3 1940 2961 1131 
3 1940 2797 2961 
3 1778 3874 3961 
3 787 2197 1231 
3 1180 260 1885 
3 1180 3661 260 
3 3877 1180 1885 
3 3661 1180 1510 
3 1180 3877 1510 
3 752 263 3840 
3 263 752 3284 
3 3284 752 1269 
3 752 2739 1269 
3 2739 752 2657 
3 752 3753 2657 
3 3753 752 3840 
3 3259 314 17 
3 314 272 17 
3 682 1827 1347 
3 1827 682 2462 
3 989 682 1347 
3 491 2489 2571 
3 2571 2533 2462 
3 2533 2489 2462 
3 2489 2533 2571 
3 1510 2510 3341 
3 3877 2510 1510 
3 2510 1982 3341 
3 2510 3877 1982 
3 306 253 2369 
3 253 1329 2056 
3 253 306 1329 
3 2735 1497 145 
3 3672 1497 2735 
3 1083 3672 2369 
3 283 1382 2320 
3 1382 283 139 
3 3466 3074 2320 
3 799 3466 2416 
3 139 799 3786 
3 799 2416 3786 
3 2866 3210 2323 
3 3210 2866 3415 
3 2866 31 2494 
3 2455 2866 3310 
3 2866 1778 3310 
3 2866 3874 1778 
3 2197 2866 2494 
3 787 2866 2197 
3 3874 2866 3961 
3 3961 2866 1231 
3 2866 787 1231 
3 2494 3564 649 
3 31 3564 2494 
3 3564 2678 649 
3 3564 31 2678 
3 3710 2069 3732 
3 3168 461 1870 
3 2403 3297 2082 
3 3297 3805 2082 
3 3297 2403 1870 
3 3805 3297 1870 
3 1303 1904 1354 
3 3567 1904 1303 
3 847 1904 3567 
3 847 1844 123 
3 3805 1844 3567 
3 1844 847 3567 
3 544 2949 3115 
3 2949 544 145 
3 1497 2949 145 
3 2949 1497 869 
3 2949 869 1281 
3 559 919 1451 
3 1432 1389 2449 
3 2245 1432 2449 
3 1788 1432 2245 
3 483 870 3508 
3 483 2316 870 
3 3459 483 3508 
3 1389 670 2449 
3 3980 670 3459 
3 670 483 3459 
3 483 670 2316 
3 3545 670 1389 
3 137 1382 139 
3 3575 137 139 
3 137 3575 2466 
3 3143 137 2466 
3 1382 137 3143 
3 2342 3459 1456 
3 1599 2342 1456 
3 2342 1599 1303 
3 2839 2342 1303 
3 697 3466 624 
3 3466 697 2416 
3 2416 697 3786 
3 959 2127 177 
3 3835 2127 959 
3 2127 2653 177 
3 1121 2872 624 
3 2872 1121 3835 
3 697 2872 3835 
3 3717 3212 1361 
3 3212 3717 2323 
3 2678 3717 1361 
3 31 3717 2678 
3 3212 1618 1031 
3 1618 3212 1539 
3 1618 209 1031 
3 1618 1539 209 
3 1207 2777 2030 
3 3836 1207 2030 
3 1207 3836 2777 
3 3401 3490 2960 
3 3401 2455 3485 
3 3490 3401 3485 
3 3836 2975 2753 
3 2975 3836 2556 
3 2975 3485 2753 
3 3163 3490 3485 
3 2975 3163 3485 
3 1865 626 2030 
3 626 1865 2556 
3 626 3836 2030 
3 3836 626 2556 
3 2001 1865 3089 
3 2001 2188 2249 
3 2188 2001 3089 
3 1865 2001 2960 
3 2923 3446 2334 
3 3547 3446 1850 
3 3446 3089 2334 
3 3089 3446 3026 
3 3026 3446 1031 
3 3446 3547 1031 
3 334 1998 0 
3 3547 334 3392 
3 3392 334 1031 
3 334 0 1031 
3 3706 685 3939 
3 685 3706 1584 
3 685 1584 2042 
3 1300 685 2042 
3 1316 3545 136 
3 1316 685 1300 
3 1316 3461 3939 
3 685 1316 3939 
3 2216 2968 1636 
3 1636 2968 267 
3 2968 757 267 
3 2968 2550 3367 
3 2968 2216 2550 
3 2968 3367 855 
3 757 2968 855 
3 3714 2985 2931 
3 3714 3823 2985 
3 3823 3714 766 
3 3714 2931 1894 
3 766 3714 1231 
3 3961 3714 1894 
3 3714 3961 1231 
3 2985 3038 2378 
3 3038 3823 2378 
3 3823 3038 2985 
3 3589 366 2578 
3 366 1204 2578 
3 1204 366 3589 
3 3823 903 2378 
3 903 3823 766 
3 903 2985 2378 
3 2298 401 2508 
3 401 1204 3589 
3 401 1706 1204 
3 899 748 365 
3 1204 899 365 
3 2371 766 1023 
3 2371 3384 2053 
3 899 2371 2053 
3 453 1313 3415 
3 1313 453 2455 
3 2866 453 3415 
3 453 2866 2455 
3 1506 1313 2455 
3 2888 3559 2810 
3 3559 2058 2810 
3 2058 3559 2508 
3 552 1940 1131 
3 1940 552 2507 
3 1812 1940 2507 
3 1812 1276 2508 
3 1276 1812 2507 
3 23 2811 2578 
3 2811 23 3059 
3 1110 2811 3059 
3 1940 2811 1110 
3 2301 1454 260 
3 2601 2888 260 
3 1454 2601 260 
3 2601 1454 2301 
3 643 2601 1167 
3 1624 643 3957 
3 197 1624 3957 
3 228 197 3957 
3 228 2298 2508 
3 3559 228 2508 
3 197 228 2888 
3 228 3559 2888 
3 263 2962 2838 
3 314 2962 272 
3 2962 2797 272 
3 2797 2962 2961 
3 2962 263 2961 
3 298 314 3259 
3 298 3259 1347 
3 2838 298 1347 
3 2962 298 2838 
3 298 2962 314 
3 2489 3025 3840 
3 491 3025 2489 
3 3753 1122 2571 
3 1122 491 2571 
3 1122 3753 3840 
3 3025 1122 3840 
3 1122 3025 491 
3 390 269 2338 
3 253 269 390 
3 2338 269 2056 
3 269 253 2056 
3 1230 2686 1269 
3 1117 2686 1230 
3 3303 1117 869 
3 1497 3303 869 
3 3303 2686 1117 
3 3303 1497 390 
3 2686 3303 1269 
3 3303 390 1269 
3 696 253 390 
3 1083 696 390 
3 253 696 2369 
3 696 1083 2369 
3 2457 1497 3672 
3 1083 2457 3672 
3 1497 2457 390 
3 2457 1083 390 
3 3821 283 2320 
3 283 3821 139 
3 3074 3821 2320 
3 3821 3074 3466 
3 3821 799 139 
3 799 3821 3466 
3 2831 2866 2323 
3 2866 2831 31 
3 3717 2831 2323 
3 2831 3717 31 
3 3529 2404 2069 
3 3710 3529 2069 
3 3529 1663 2404 
3 3908 3710 3732 
3 45 3908 1281 
3 3908 45 2657 
3 3908 2949 1281 
3 2949 3908 3732 
3 1616 847 123 
3 1616 1904 847 
3 1904 1616 1354 
3 1616 2069 1354 
3 1616 2295 2069 
3 3921 3805 1870 
3 3921 1844 3805 
3 3921 1005 1844 
3 2746 2949 1482 
3 2746 3921 1870 
3 3921 2746 1482 
3 3421 3545 1389 
3 919 3421 1788 
3 1432 3421 1389 
3 3421 1432 1788 
3 919 1629 1451 
3 1629 919 1788 
3 1629 1788 3786 
3 3545 2558 136 
3 2558 559 136 
3 2558 919 559 
3 3421 2558 3545 
3 2558 3421 919 
3 2883 670 3545 
3 670 2883 2316 
3 2883 1300 2316 
3 2883 1316 1300 
3 1316 2883 3545 
3 1199 457 2839 
3 457 2342 2839 
3 2291 3980 3459 
3 2342 2291 3459 
3 670 2291 2449 
3 2291 670 3980 
3 457 2291 2342 
3 2291 1199 2245 
3 2291 457 1199 
3 1121 2928 3835 
3 2928 2127 3835 
3 2928 1121 2653 
3 2127 2928 2653 
3 663 697 624 
3 2872 663 624 
3 663 2872 697 
3 1071 3684 2556 
3 3684 2975 2556 
3 3163 3684 1071 
3 3684 3163 2975 
3 161 1071 3490 
3 3163 161 3490 
3 161 3163 1071 
3 2960 3114 2249 
3 3114 2001 2249 
3 2001 3114 2960 
3 3376 2923 83 
3 3376 3446 2923 
3 1144 3376 83 
3 3446 3376 1850 
3 3376 1144 1998 
3 334 3071 1998 
3 3071 3376 1998 
3 3376 3071 1850 
3 3071 3547 1850 
3 3071 334 3547 
3 1406 3267 83 
3 3267 1144 83 
3 1806 3267 1406 
3 1144 3267 1806 
3 1998 2690 559 
3 1144 2690 1998 
3 559 2690 136 
3 2690 1316 136 
3 1316 2690 3461 
3 3461 2690 1806 
3 2690 1144 1806 
3 3493 903 766 
3 903 3493 1706 
3 2371 3493 766 
3 3493 2371 899 
3 1706 3493 1204 
3 3493 899 1204 
3 2985 3388 267 
3 903 3388 2985 
3 3388 643 267 
3 3388 211 643 
3 211 1422 3957 
3 2946 899 2053 
3 899 2946 748 
3 2055 2946 2053 
3 748 2946 2055 
3 3765 2371 1023 
3 2371 3765 3384 
3 3384 3765 295 
3 3765 3966 295 
3 3765 1023 3966 
3 3401 588 2455 
3 588 1506 2455 
3 588 3401 2960 
3 1506 588 1313 
3 588 2960 2249 
3 1313 588 2249 
3 798 552 1131 
3 552 798 2507 
3 1276 798 1131 
3 798 1276 2507 
3 1812 202 1940 
3 2811 202 2578 
3 202 2811 1940 
3 202 3589 2578 
3 202 1812 2508 
3 401 202 2508 
3 202 401 3589 
3 3457 197 2888 
3 2601 3457 2888 
3 3457 1624 197 
3 3457 2601 643 
3 1624 3457 643 
3 2554 2301 3242 
3 2554 2601 2301 
3 1167 2554 3242 
3 2601 2554 1167 
3 975 228 3957 
3 228 975 2298 
3 1663 2244 989 
3 3529 2244 1663 
3 1528 682 989 
3 2244 1528 989 
3 1528 2244 3529 
3 3169 3753 2571 
3 3753 3169 2657 
3 1834 3169 2571 
3 3169 1834 2071 
3 1834 3529 3710 
3 1332 461 3168 
3 1332 3773 461 
3 1332 3168 3115 
3 3773 1332 3115 
3 3773 325 461 
3 2746 325 2949 
3 2949 325 3115 
3 325 3773 3115 
3 461 325 1870 
3 1183 1005 1482 
3 1183 1616 123 
3 1844 1183 123 
3 1005 1183 1844 
3 2004 3921 1482 
3 1005 2004 1482 
3 2004 1005 3921 
3 697 3986 3786 
3 3986 1629 3786 
3 3144 2245 2449 
3 2291 3144 2449 
3 3144 2291 2245 
3 1422 1060 3957 
3 1060 401 2298 
3 1060 975 3957 
3 975 1060 2298 
3 1952 3515 1422 
3 3388 1952 211 
3 1952 1422 211 
3 3169 3755 2657 
3 3755 3908 2657 
3 3908 3755 3710 
3 3755 2071 3710 
3 3755 3169 2071 
3 2071 1046 3710 
3 1046 1834 3710 
3 1834 1046 2071 
3 996 2746 1870 
3 325 996 1870 
3 996 325 2746 
3 744 1183 1482 
3 1183 744 1616 
3 744 2949 3732 
3 2949 744 1482 
3 2295 744 3732 
3 1616 744 2295 
3 1987 3986 697 
3 1987 3835 959 
3 1987 697 3835 
3 1987 959 1451 
3 1629 1987 1451 
3 3986 1987 1629 
3 3876 3515 1706 
3 3515 3876 1422 
3 3876 1060 1422 
3 401 3876 1706 
3 1060 3876 401 
3 1952 169 3515 
3 169 903 1706 
3 3515 169 1706 
3 169 3388 903 
3 169 1952 3388 
3 817 3329 2462 
3 682 817 2462 
3 1528 817 682 
3 2823 1528 3529 
3 1834 2823 3529 
3 2823 1002 1528 
3 1002 817 1528 
3 817 1002 3329 
3 1002 2571 2462 
3 3329 1002 2462 
3 1252 1834 2571 
3 1252 2823 1834 
3 1002 1252 2571 
3 1252 1002 2823 
Vertices and facets:
- p425(v50): -0.01 0.0052 -0.0083
- p1225(v25): -0.01 0.0074 -0.0083
- p717(v1): -0.01 0.0072 -0.0041
- p3120(v13): -0.0095 -0.00026 -0.011
- p2740(v51): -0.0093 0.0081 -0.01
- p1346(v7): -0.006 0.033 -0.012
- p1543(v52): -0.01 0.0079 -0.0061
- p3367(v55): -0.00024 0.023 -0.013
- p1395(v27): -0.0034 0.0056 -0.013
- p855(v4): 0.0013 0.022 -0.013
- p3480(v60): -0.0029 0.036 -0.0096
- p141(v34): -0.004 0.035 -0.012
- p1010(v15): -0.004 0.035 -0.01
- p2795(v30): -0.002 0.036 -0.0097
- p1233(v61): -0.0031 0.036 -0.0018
- p749(v3): -0.0027 0.036 -0.0017
- p943(v62): -0.0061 0.033 -0.01
- p216(v63): -0.0058 0.034 -0.0011
- p180(v20): -0.0061 0.033 -0.00051
- p2042(v10): -0.0057 0.033 -0.00016
- p2931(v66): 0.0021 0.023 -0.013
- p850(v53): -0.0014 0.006 -0.013
- p2494(v71): 0.00087 -0.0094 -0.013
- p1347(v40): 0.0055 -0.0092 -0.011
- p649(v35): 0.00034 -0.0095 -0.011
- p733(v84): -0.0092 -0.0027 -0.0013
- p1028(v83): -0.0093 0.00022 -0.0009
- p3707(v42): -0.0091 -0.00051 -0.00067
- p3153(v26): -0.0091 -0.0028 -0.011
- p109(v87): -0.0041 0.035 -0.00023
- p3620(v31): -0.004 0.035 -0.0014
- p3026(v91): -0.0032 -0.0089 0.0009
- p3415(v46): -0.0039 -0.0087 -0.011
- p2249(v23): -0.0054 -0.0078 6.1e-05
- p891(v90): -0.0028 -0.0091 -0.00053
- p2030(v92): -0.0074 -0.0059 0.00047
- p3872(v48): -0.0072 -0.0057 0.00065
- p2334(v47): -0.0058 -0.0072 0.00092
- p2493(v95): -0.0075 -0.0054 0.00056
- p1962(v12): -0.0078 -0.0054 0.00015
- p1584(v94): -0.0065 0.0068 0.00055
- p357(v100): -0.01 0.0076 -0.0041
- p2749(v101): -0.0028 0.0054 -0.013
- p3310(v5): -0.0035 -0.0086 -0.013
- p3325(v103): -0.0043 0.006 -0.013
- p2910(v57): -0.0061 -0.0056 -0.013
- p3812(v14): -0.0056 0.0065 -0.013
- p1558(v104): -0.0088 0.00082 -0.011
- p1383(v56): -0.008 -0.0043 -0.012
- p2864(v105): -0.0076 -0.004 -0.012
- p87(v29): -0.0073 -0.0056 -0.013
- p3886(v108): -0.0066 -0.0041 -0.013
- p3444(v109): -0.0088 -0.0038 -0.011
- p3669(v110): -0.0035 0.035 -0.0022
- p140(v111): -0.006 0.033 -0.011
- p1500(v69): -0.0058 0.034 -0.011
- p3667(v112): -0.0062 0.032 -0.0098
- p2850(v113): -0.0099 0.0082 -0.0075
- p3900(v114): -0.0042 0.035 -0.01
- p2943(v64): -0.0045 0.035 -0.0097
- p883(v115): -0.0053 0.034 -0.002
- p830(v32): -0.0058 0.034 -0.01
- p3961(v119): -2.5e-05 0.0045 -0.013
- p1894(v33): 0.0023 0.022 -0.013
- p3845(v121): -0.0052 0.034 -0.012
- p964(v54): -0.0042 0.035 -0.012
- p1223(v123): -0.0011 0.035 -0.011
- p1268(v59): 0.008 0.034 -0.0076
- p1167(v125): -0.0026 0.035 -0.012
- p3242(v8): 0.0084 0.034 -0.0078
- p3966(v126): 0.0013 -0.0087 -0.013
- p295(v17): 0.0034 -0.0083 -0.012
- p3733(v127): 0.0088 0.029 -0.0091
- p2056(v72): 0.011 0.0043 -0.0083
- p3625(v36): 0.0088  0.03 -0.0087
- p3407(v128): 0.0089 0.031 -0.0085
- p3209(v73): 0.0091 0.031 -0.0074
- p2961(v129): 0.009 -0.0043 -0.011
- p1131(v74): 0.0097 0.00064 -0.01
- p3762(v37): 0.0095 -0.0038 -0.01
- p3341(v130):  0.01 0.00016 -0.0094
- p2678(v137): 0.00022 -0.0095 -0.011
- p1361(v79): 0.0004 -0.0095 -0.0012
- p2048(v138): 0.0047 -0.0092 -0.00078
- p989(v80): 0.0057 -0.0086 -0.00077
- p3259(v139): 0.0051 -0.0092 -0.011
- p1158(v143): -0.0084 0.0072 -0.00055
- p1858(v144): -0.0098 0.0071 -0.0027
- p3831(v41): -0.0097 0.0084 -0.003
- p1948(v145): -0.01 0.006 -0.0058
- p1338(v149): 0.0083 0.032 -0.0026
- p2082(v85): 0.0087 0.032 -0.0032
- p3508(v43): 0.0078 0.034 -0.0026
- p1456(v86): 0.0074 0.033 -0.0018
- p1249(v21): 0.0086 0.032 -0.0029
- p1638(v152): -0.0052 0.034 -0.00022
- p2817(v157): 0.0046 -0.0086 3.4e-05
- p209(v159): -0.0029 -0.009 0.00087
- p1031(v6): -0.0017 -0.0092 0.00097
- p3089(v160): -0.0056 -0.0076 0.00082
- p2777(v161): -0.0077 -0.0056 -0.00061
- p2753(v58): -0.0076 -0.0057 -0.011
- p3706(v163): -0.0053 0.008 0.0008
- p1081(v96): -0.0064 -0.0055 0.00082
- p3939(v24): -0.0051 0.0078 0.00086
- p1373(v164): -0.0083 -0.0037 0.00014
- p572(v165): -0.0063 -0.0065 0.00085
- p1880(v167): -0.0099 0.0081 -0.0039
- p1636(v168): -0.00012 0.027 -0.013
- p267(v102): 0.002 0.028 -0.013
- p2550(v171): -0.00034 0.023 -0.013
- p625(v172): -0.0084 0.00079 -0.012
- p223(v173): -0.0066 0.0074 -0.012
- p3151(v175): -0.0048 -0.0076 -0.013
- p3485(v107): -0.0069 -0.0065 -0.013
- p19(v177): -0.0069 -0.0063 -0.013
- p1090(v178): -0.0079 -0.0053 -0.012
- p3902(v179): -0.0059 0.033 -0.01
- p3233(v180): -0.0059 0.033 -0.011
- p647(v183): 0.0051 -0.0064 -0.012
- p2053(v65): 0.0055 0.0025 -0.012
- p2055(v116): 0.006 -0.0065 -0.012
- p272(v184): 0.0069 -0.0062 -0.012
- p1611(v182): 0.0071 -0.0053 -0.012
- p3059(v9): 0.0076 -0.0051 -0.011
- p1702(v185): 0.0046 -0.0083 -0.012
- p17(v81): 0.0051 -0.0086 -0.012
- p1778(v188): -0.0034 -0.0086 -0.013
- p2318(v190): -0.0052 0.034 -0.011
- p643(v192): -3.5e-05 0.034 -0.012
- p260(v195): 0.0081 0.032 -0.01
- p1885(v194): 0.0082 0.029 -0.01
- p1109(v117): 0.0079 0.029 -0.011
- p1329(v196): 0.0089  0.03 -0.0087
- p1982(v199):  0.01 0.00094 -0.0098
- p265(v18): 0.0097 0.0046 -0.01
- p1510(v200):  0.01 0.005 -0.0088
- p2338(v201): 0.011 -0.00012 -0.0086
- p3284(v141):  0.01 -0.0034 -0.009
- p306(v203): 0.0092 0.029 -0.0078
- p2369(v131): 0.011 0.0046 -0.007
- p1230(v208):  0.01 -0.0034 -0.0065
- p2739(v140): 0.0099 -0.0042 -0.0078
- p1269(v75):  0.01 -0.0033 -0.0085
- p2657(v19): 0.0097 -0.0048 -0.006
- p869(v209):  0.01 -0.0027 -0.0059
- p45(v134):  0.01 -0.0033 -0.0045
- p1281(v78):  0.01 -0.0027 -0.0044
- p3157(v212): 0.0016 -0.0093 -0.013
- p2132(v214): 0.0085 0.034 -0.0063
- p870(v151): -0.0013 0.035 -0.00084
- p344(v215): 0.0089 0.033 -0.0058
- p2403(v217): 0.009 0.029 -0.0035
- p1870(v148): 0.011 0.0048 -0.0039
- p1988(v147): 0.0092 0.029 -0.0046
- p2316(v219): -0.0028 0.035 -2.7e-05
- p3222(v220): -0.0055 0.034 -0.00072
- p2839(v224): 0.0069 0.028 -0.00032
- p3143(v204): 0.007 0.026 -0.00031
- p2466(v11): 0.0064 0.027 3.6e-05
- p3413(v229): 0.00034 -0.0093 0.00076
- p312(v230): 0.008 -0.0046 -0.0008
- p2320(v133): 0.0087 0.0015 -0.00094
- p741(v39): 0.0085 -0.0045 -0.0011
- p1539(v231): -0.0025 -0.0092 -0.00019
- p2323(v211): -0.0017 -0.0094 -0.011
- p2188(v232): -0.0054 -0.0077 0.00041
- p1501(v236): -0.0015 -0.009 0.00097
- p0(v237): 0.00071 0.0049 0.001
- p496(v238): -0.009 -0.0015 -0.00045
- p668(v239): -0.0078 -0.0033 0.00037
- p215(v240): -0.0063 -0.0061 0.00084
- p637(v241): -0.004 0.0074 0.001
- p1406(v166): -0.0037 0.0067 0.0011
- p2216(v243): -0.00013 0.026 -0.013
- p243(v244): -0.00058 0.027 -0.013
- p766(v246): 0.0036 0.024 -0.013
- p1023(v189): 0.0027 0.004 -0.013
- p1231(v68): 0.00083 0.0048 -0.013
- p286(v248): -0.0049 -0.0069 -0.013
- p2455(v249): -0.0048 -0.0082 -0.012
- p64(v250): -0.0088 -0.0036 -0.011
- p23(v251): 0.0073 0.0014 -0.012
- p2578(v187): 0.0059 0.022 -0.012
- p365(v118): 0.0051 0.023 -0.013
- p514(v252): 0.0079 0.029 -0.011
- p2810(v186): 0.0075 0.028 -0.011
- p1772(v255): -8e-05 0.033 -0.012
- p211(v256): 0.0037 0.029 -0.013
- p3957(v169): 0.0049  0.03 -0.012
- p2197(v257): -8e-05 -0.0085 -0.013
- p3661(v258): 0.0085  0.03 -0.0097
- p1430(v259): 0.0087 0.031 -0.009
- p2301(v260): 0.0083 0.034 -0.0079
- p2888(v261): 0.0073 0.031 -0.011
- p2797(v262): 0.0081 -0.0049 -0.011
- p1110(v197): 0.0081 -0.0043 -0.011
- p263(v263): 0.009 -0.005 -0.01
- p2838(v198): 0.0072 -0.0077 -0.01
- p3840(v82): 0.009 -0.0056 -0.0088
- p1827(v264): 0.0065 -0.0085 -0.0092
- p2462(v142): 0.0078 -0.0075 -0.006
- p2489(v265): 0.0086 -0.0064 -0.0084
- p3877(v266):  0.01 0.0038 -0.0097
- p390(v267): 0.011 -3.1e-05 -0.0075
- p2105(v268): 0.011 0.0013 -0.0086
- p3672(v269): 0.011 0.0043 -0.0069
- p2709(v202): 0.011 0.0048 -0.0065
- p2735(v76): 0.011 0.004 -0.0061
- p3703(v270): 0.007 0.028 -0.0004
- p1303(v132): 0.0078  0.03 -0.0014
- p1354(v77): 0.0097 0.0016 -0.0017
- p451(v271): 0.0089 0.0055 -0.0012
- p1599(v272): 0.008  0.03 -0.0016
- p3567(v205): 0.0082  0.03 -0.0019
- p1382(v273): 0.0067 0.025 -9e-05
- p3466(v275): 0.0079 0.002 -0.00053
- p1117(v276):  0.01 -0.0033 -0.0063
- p2295(v277): 0.0095 -0.0037 -0.002
- p2069(v210): 0.0092 -0.0042 -0.0016
- p3732(v136): 0.0099 -0.0034 -0.0027
- p2404(v278): 0.0091 -0.0043 -0.0015
- p3210(v279): -0.0032 -0.009 -0.011
- p1663(v282): 0.0076 -0.0068 -0.0011
- p997(v227): 0.0062 -0.0068 -0.00026
- p2351(v283): 0.0093 0.029 -0.0058
- p5(v284): 0.0089 0.033 -0.0049
- p544(v285): 0.011 0.0012 -0.0058
- p145(v2): 0.011 0.00041 -0.0066
- p3115(v216): 0.011 0.0017 -0.0051
- p3168(v286): 0.011 0.0041 -0.005
- p804(v288): 0.0089 0.031 -0.0035
- p3805(v289): 0.0088  0.03 -0.0031
- p1300(v293): -0.0051 0.033 5.2e-11
- p1788(v295): 0.0047 0.028 0.00063
- p2245(v223): 0.0057 0.028 0.00033
- p3786(v88): 0.0051 0.026 0.00062
- p3459(v296): 0.0063 0.033 -0.001
- p1396(v299): 0.006 0.027 0.00027
- p139(v206): 0.0061 0.025 0.00028
- p3575(v298): 0.0062 0.026 0.00015
- p1199(v300): 0.0066  0.03 -0.00028
- p959(v301): 0.004 0.021 0.00092
- p177(v225): 0.0035 0.0035 0.00063
- p547(v155): 0.0018 0.0038 0.00089
- p1121(v303): 0.0059 -0.0068 -0.00016
- p2653(v228): 0.0034 -0.0079 0.00034
- p1413(v304): 0.003 -0.0082 0.00041
- p354(v305): 0.0076 -0.0051 -0.00063
- p624(v158): 0.0072 0.0014 -0.00028
- p3212(v306): -0.0016 -0.0094 -0.00051
- p3836(v307): -0.0074 -0.0061 -0.0011
- p1071(v309): -0.0068 -0.0067 -0.011
- p3490(v308): -0.0064 -0.007 -0.012
- p2960(v176): -0.0056 -0.0077 -0.011
- p1865(v310): -0.0065 -0.0069 -0.00092
- p2556(v233): -0.0071 -0.0064 -0.0015
- p3547(v311): -0.0026 -0.0087 0.001
- p3392(v162): -0.0019 -0.0082 0.001
- p2923(v312): -0.0045 -0.0059 0.001
- p83(v99): -0.0029 0.0065 0.0011
- p1601(v313): -0.0014 -0.0088 0.00096
- p1998(v315): 0.002 0.023 0.0011
- p559(v314): 0.0019 0.025 0.0011
- p1451(v45): 0.0039 0.024 0.00095
- p2832(v316): -0.0086 -0.0013 -0.00019
- p3461(v317): -0.00031 0.024 0.0011
- p1806(v242): -0.00018 0.024 0.0011
- p757(v318): 0.0013 0.026 -0.013
- p2985(v247): 0.0025 0.026 -0.013
- p1204(v320): 0.0052 0.023 -0.013
- p3384(v323): 0.0036 0.0033 -0.013
- p1313(v324): -0.0044 -0.0085 -0.011
- p748(v325): 0.0066 0.002 -0.012
- p1276(v328): 0.007 0.027 -0.012
- p2058(v327): 0.007 0.029 -0.012
- p2508(v67): 0.0062 0.028 -0.012
- p1940(v329): 0.0086 0.0016 -0.011
- p3874(v331): -0.0025 -0.0085 -0.013
- p787(v332): -0.00064 -0.0078 -0.013
- p1180(v333): 0.0084  0.03 -0.0099
- p752(v336): 0.0095 -0.0047 -0.0091
- p3753(v281): 0.0094 -0.0053 -0.0059
- p314(v337): 0.0064 -0.0078 -0.011
- p682(v338): 0.0064 -0.0086 -0.0091
- p491(v339): 0.0088 -0.0061 -0.0075
- p2571(v213): 0.0086 -0.0065 -0.0059
- p2533(v340): 0.0083 -0.0068 -0.007
- p2510(v341):  0.01 0.002 -0.0096
- p253(v342): 0.011 0.0035 -0.0078
- p1497(v344): 0.011 0.00016 -0.0068
- p1083(v345): 0.011 0.0015 -0.0071
- p283(v346): 0.0066 0.024 1.9e-05
- p3074(v347): 0.0084 0.0019 -0.00076
- p799(v348): 0.0058 0.025 0.00039
- p2416(v274): 0.0056 0.024 0.00048
- p2866(v349): -0.0019 -0.0092 -0.013
- p31(v280): -0.00088 -0.0094 -0.012
- p3564(v350): -4.9e-05 -0.0095 -0.012
- p3710(v351): 0.0088 -0.0058 -0.0023
- p461(v352): 0.011 0.0032 -0.0044
- p3297(v354): 0.0089 0.029 -0.0032
- p1904(v356): 0.0096 0.0047 -0.0018
- p847(v290):  0.01 0.0051 -0.0024
- p1844(v357):  0.01 0.0049 -0.0027
- p123(v218):  0.01 0.0033 -0.0026
- p2949(v358): 0.011 -0.00052 -0.0043
- p919(v359): 0.0034 0.027 0.00096
- p1432(v360): 0.0047 0.028 0.00061
- p1389(v221): 0.0041 0.029 0.00065
- p2449(v154): 0.0052  0.03 0.0003
- p483(v363): -0.002 0.035 -1.1e-07
- p670(v364): -2.6e-05 0.034 0.00021
- p3980(v361): 0.0047 0.032 -0.00012
- p3545(v294): 0.0023 0.028 0.00091
- p137(v365): 0.0065 0.026 1.9e-05
- p2342(v366): 0.0068 0.031 -0.00057
- p697(v367): 0.005 0.022 0.00069
- p2127(v368): 0.0048 0.0036 0.00038
- p3835(v302): 0.0057 0.0035 0.00017
- p2872(v369): 0.0061 0.003 5.6e-05
- p3717(v370): -0.0017 -0.0094 -0.011
- p1618(v371): -0.0018 -0.0093 4.8e-05
- p1207(v372): -0.0074 -0.0059 -3.1e-05
- p3401(v373): -0.0057 -0.0076 -0.012
- p2975(v374): -0.0071 -0.0063 -0.011
- p3163(v375): -0.0068 -0.0066 -0.012
- p626(v376): -0.0072 -0.0062 -0.00052
- p2001(v377): -0.0059 -0.0074 0.00011
- p3446(v378): -0.004 -0.0082 0.001
- p1850(v234): -0.0032 -0.0082 0.001
- p334(v380): -0.0005 0.0053 0.0011
- p685(v382): -0.0053 0.033 5.2e-11
- p1316(v383): -0.00048 0.026 0.00096
- p136(v153): 0.0018 0.026 0.0011
- p2968(v384): 0.0003 0.026 -0.013
- p3714(v385): 0.0027 0.023 -0.013
- p3823(v319): 0.0033 0.024 -0.013
- p3038(v386): 0.0031 0.025 -0.013
- p2378(v170): 0.0031 0.026 -0.013
- p366(v387): 0.0056 0.024 -0.012
- p3589(v254): 0.0057 0.024 -0.012
- p903(v388): 0.0035 0.026 -0.013
- p401(v389): 0.0052 0.027 -0.013
- p2298(v245): 0.0059 0.028 -0.012
- p1706(v321): 0.0046 0.026 -0.013
- p899(v390): 0.0045 0.023 -0.013
- p2371(v391): 0.0042 0.023 -0.013
- p453(v392): -0.004 -0.0087 -0.011
- p1506(v393): -0.0048 -0.0082 -0.012
- p3559(v394): 0.0069  0.03 -0.011
- p552(v395): 0.0088 0.0026 -0.011
- p2507(v253): 0.007 0.026 -0.012
- p1812(v396): 0.0065 0.026 -0.012
- p2811(v397): 0.0082 0.0014 -0.011
- p1454(v398): 0.008 0.033 -0.0092
- p2601(v399): 0.0069 0.033 -0.01
- p1624(v400): 0.0046 0.031 -0.012
- p197(v335): 0.0057 0.031 -0.012
- p228(v401): 0.006  0.03 -0.012
- p2962(v402): 0.0088 -0.0052 -0.01
- p298(v403): 0.0064 -0.0081 -0.011
- p3025(v404): 0.0088 -0.006 -0.0084
- p1122(v405): 0.0091 -0.0057 -0.0076
- p269(v407): 0.011 0.0027 -0.008
- p2686(v408):  0.01 -0.0032 -0.0075
- p3303(v409):  0.01 -0.0026 -0.0064
- p696(v410): 0.011 0.002 -0.0076
- p2457(v411): 0.011 0.00061 -0.0071
- p3821(v412): 0.0061 0.025 0.00025
- p2831(v413): -0.0016 -0.0093 -0.012
- p3529(v414): 0.0085 -0.0063 -0.002
- p3908(v416):  0.01 -0.0036 -0.0031
- p1616(v418):  0.01 0.00016 -0.0023
- p3921(v419): 0.011 0.002 -0.0034
- p1005(v420): 0.011 0.00098 -0.0031
- p2746(v421): 0.011 0.00027 -0.0035
- p1482(v292): 0.011 0.00016 -0.0033
- p3421(v422): 0.0035 0.028 0.00085
- p1629(v423): 0.0043 0.025 0.00086
- p2558(v424): 0.0029 0.027 0.00099
- p2883(v425): -0.0005 0.034 0.00026
- p457(v426): 0.0066 0.031 -0.00041
- p2291(v427): 0.0061 0.031 -0.00017
- p2928(v428): 0.0056 -0.0062 -5.7e-05
- p663(v429): 0.007 0.0023 -0.00021
- p3684(v430): -0.0069 -0.0066 -0.011
- p161(v431): -0.0067 -0.0067 -0.012
- p3114(v432): -0.0058 -0.0075 0.0001
- p3376(v433): -0.0026 0.006 0.0011
- p1144(v381): 0.0004 0.023 0.0011
- p3071(v434): -0.0012 0.0057 0.0011
- p3267(v435): 0.00021 0.023 0.0011
- p2690(v436): 0.00057 0.025 0.0011
- p3493(v437): 0.0044 0.025 -0.013
- p3388(v438): 0.0026 0.028 -0.013
- p1422(v439): 0.0044 0.028 -0.013
- p2946(v440): 0.0064 0.0019 -0.012
- p3765(v441): 0.0031 0.0035 -0.013
- p588(v442): -0.005 -0.0081 -0.011
- p798(v443): 0.0095 0.0017 -0.01
- p202(v444): 0.006 0.025 -0.012
- p3457(v445): 0.0065 0.033 -0.011
- p2554(v446): 0.0075 0.034 -0.0087
- p975(v447): 0.0059 0.029 -0.012
- p2244(v448): 0.0076 -0.0069 -0.0013
- p1528(v449): 0.0074 -0.0076 -0.0024
- p3169(v450): 0.0093 -0.0055 -0.0056
- p1834(v451): 0.0087 -0.0062 -0.0039
- p2071(v415): 0.0089 -0.0058 -0.0039
- p1332(v452): 0.011 0.0039 -0.005
- p3773(v417): 0.011 0.0021 -0.0047
- p325(v453): 0.011 0.0016 -0.0042
- p1183(v454):  0.01 0.00045 -0.0027
- p2004(v455): 0.011 0.00083 -0.0032
- p3986(v456): 0.0045 0.025 0.00084
- p3144(v457): 0.0057  0.03 8.9e-05
- p1060(v459): 0.0048 0.028 -0.013
- p1952(v460): 0.0039 0.028 -0.013
- p3515(v458): 0.0044 0.027 -0.013
- p3755(v462): 0.0093 -0.0053 -0.0039
- p1046(v463): 0.0089 -0.0059 -0.0038
- p996(v464): 0.011 0.004 -0.004
- p744(v465): 0.011 -2.5e-05 -0.0031
- p1987(v466): 0.0043 0.024 0.0009
- p3876(v467): 0.0046 0.028 -0.013
- p169(v468): 0.0035 0.027 -0.013
- p817(v469): 0.0076 -0.0076 -0.0046
- p3329(v461): 0.0079 -0.0074 -0.0055
- p2823(v470): 0.0083 -0.0068 -0.0044
- p1002(v471): 0.0081 -0.0071 -0.0049
- p1252(v472): 0.0086 -0.0065 -0.0052
- f211
    - flags: top simplicial
    - normal:   -0.9999 -0.0007781 -0.01139
    - offset: -0.01007902
    - vertices: p425(v50) p1225(v25) p717(v1)
    - neighboring facets: f219 f687 f212
- f212
    - flags: bottom simplicial
    - normal:   -0.9832 -0.004383  -0.1823
    - offset: -0.01130413
    - vertices: p425(v50) p1225(v25) p3120(v13)
    - neighboring facets: f217 f381 f211
- f215
    - flags: top simplicial
    - normal:   -0.8276   0.0736  -0.5564
    - offset: -0.01390116
    - vertices: p2740(v51) p3120(v13) p1346(v7)
    - neighboring facets: f483 f216 f217
- f216
    - flags: bottom simplicial
    - normal:   -0.9405   0.1054   -0.323
    - offset: -0.01286043
    - vertices: p2740(v51) p1225(v25) p1346(v7)
    - neighboring facets: f266 f215 f217
- f217
    - flags: top simplicial
    - normal:   -0.9382  0.05343   -0.342
    - offset: -0.0126092
    - vertices: p2740(v51) p1225(v25) p3120(v13)
    - neighboring facets: f212 f215 f216
- f219
    - flags: bottom simplicial
    - normal:   -0.9984  0.05595 -0.008029
    - offset: -0.01045652
    - vertices: p1543(v52) p1225(v25) p717(v1)
    - neighboring facets: f211 f462 f525
- f230
    - flags: top simplicial
    - normal:  -0.03369 0.007968  -0.9994
    - offset: -0.01325799
    - vertices: p3367(v55) p1395(v27) p855(v4)
    - neighboring facets: f468 f1970 f480
- f256
    - flags: bottom simplicial
    - normal:   -0.1512   0.9874 -0.04577
    - offset: -0.03594219
    - vertices: p3480(v60) p141(v34) p1010(v15)
    - neighboring facets: f530 f260 f257
- f257
    - flags: top simplicial
    - normal:  -0.05469   0.9934  -0.1007
    - offset: -0.03640432
    - vertices: p3480(v60) p141(v34) p2795(v30)
    - neighboring facets: f583 f262 f256
- f260
    - flags: bottom simplicial
    - normal:   -0.1768   0.9842 -0.01162
    - offset: -0.03557198
    - vertices: p1233(v61) p3480(v60) p1010(v15)
    - neighboring facets: f256 f514 f262
- f261
    - flags: top simplicial
    - normal:  -0.03182   0.9995 -0.007114
    - offset: -0.03566026
    - vertices: p1233(v61) p2795(v30) p749(v3)
    - neighboring facets: f1058 f396 f262
- f262
    - flags: top simplicial
    - normal:  -0.03837   0.9992 -0.007978
    - offset: -0.03567365
    - vertices: p1233(v61) p3480(v60) p2795(v30)
    - neighboring facets: f257 f261 f260
- f266
    - flags: top simplicial
    - normal:   -0.9848   0.1438 -0.09767
    - offset: -0.01171602
    - vertices: p943(v62) p1225(v25) p1346(v7)
    - neighboring facets: f216 f520 f526
- f268
    - flags: bottom simplicial
    - normal:   -0.9061     0.37   0.2053
    - offset: -0.01744943
    - vertices: p216(v63) p180(v20) p2042(v10)
    - neighboring facets: f680 f1093 f517
- f285
    - flags: bottom simplicial
    - normal:  0.005731 -0.00201       -1
    - offset: -0.01309595
    - vertices: p2931(v66) p850(v53) p855(v4)
    - neighboring facets: f469 f1618 f556
- f315
    - flags: bottom simplicial
    - normal:   0.06215  -0.9964 -0.05728
    - offset: -0.01015426
    - vertices: p2494(v71) p1347(v40) p649(v35)
    - neighboring facets: f648 f1780 f659
- f379
    - flags: top simplicial
    - normal:     -0.94 -0.07333   0.3332
    - offset: -0.008385765
    - vertices: p733(v84) p1028(v83) p3707(v42)
    - neighboring facets: f677 f1188 f383
- f380
    - flags: top simplicial
    - normal:   -0.9912  -0.1325 -0.001216
    - offset: -0.009433132
    - vertices: p733(v84) p3153(v26) p3120(v13)
    - neighboring facets: f1255 f381 f508
- f381
    - flags: bottom simplicial
    - normal:   -0.9951 -0.09831  0.00743
    - offset: -0.009367179
    - vertices: p733(v84) p425(v50) p3120(v13)
    - neighboring facets: f212 f380 f689
- f383
    - flags: bottom simplicial
    - normal:     -0.99 -0.04974   0.1317
    - offset: -0.00903465
    - vertices: p733(v84) p1028(v83) p717(v1)
    - neighboring facets: f684 f688 f379
- f396
    - flags: top simplicial
    - normal:  -0.08681   0.9708   0.2238
    - offset: -0.03438206
    - vertices: p109(v87) p1233(v61) p749(v3)
    - neighboring facets: f261 f1085 f397
- f397
    - flags: bottom simplicial
    - normal:   -0.2238   0.9652   0.1356
    - offset: -0.03476827
    - vertices: p109(v87) p1233(v61) p3620(v31)
    - neighboring facets: f515 f726 f396
- f422
    - flags: top simplicial
    - normal:   -0.4494  -0.8932  0.01404
    - offset: -0.009383651
    - vertices: p3026(v91) p3415(v46) p2249(v23)
    - neighboring facets: f1649 f1156 f423
- f423
    - flags: top simplicial
    - normal:   -0.4382  -0.8988  0.01328
    - offset: -0.009396303
    - vertices: p3026(v91) p891(v90) p3415(v46)
    - neighboring facets: f1397 f422 f768
- f428
    - flags: top simplicial
    - normal:   -0.5028  -0.3364   0.7962
    - offset: -0.006074162
    - vertices: p2030(v92) p3872(v48) p2334(v47)
    - neighboring facets: f797 f769 f440
- f439
    - flags: top simplicial
    - normal:   -0.7976  -0.3062   0.5197
    - offset: -0.007933236
    - vertices: p2493(v95) p2030(v92) p1962(v12)
    - neighboring facets: f774 f793 f440
- f440
    - flags: bottom simplicial
    - normal:   -0.5706  -0.2826   0.7711
    - offset: -0.006241362
    - vertices: p2493(v95) p2030(v92) p3872(v48)
    - neighboring facets: f428 f441 f439
- f441
    - flags: top simplicial
    - normal:   -0.2723  0.02394   0.9619
    - offset: -0.002455391
    - vertices: p2493(v95) p1584(v94) p3872(v48)
    - neighboring facets: f785 f440 f1195
- f462
    - flags: bottom simplicial
    - normal:   -0.9941   0.1076  0.01182
    - offset: -0.01070191
    - vertices: p357(v100) p1543(v52) p717(v1)
    - neighboring facets: f219 f810 f463
- f463
    - flags: top simplicial
    - normal:   -0.9882   0.1521  0.01948
    - offset: -0.01094745
    - vertices: p357(v100) p1543(v52) p180(v20)
    - neighboring facets: f522 f808 f462
- f466
    - flags: top simplicial
    - normal:  -0.02609 -0.004699  -0.9996
    - offset: -0.01316504
    - vertices: p2749(v101) p1395(v27) p3310(v5)
    - neighboring facets: f850 f910 f468
- f468
    - flags: bottom simplicial
    - normal:  -0.02343 0.005083  -0.9997
    - offset: -0.01321154
    - vertices: p2749(v101) p1395(v27) p855(v4)
    - neighboring facets: f230 f469 f466
- f469
    - flags: top simplicial
    - normal:  0.005224 -0.001924       -1
    - offset: -0.01309723
    - vertices: p2749(v101) p850(v53) p855(v4)
    - neighboring facets: f285 f468 f911
- f480
    - flags: bottom simplicial
    - normal:  -0.07591  0.01567   -0.997
    - offset: -0.01341107
    - vertices: p3325(v103) p3367(v55) p1395(v27)
    - neighboring facets: f230 f1246 f832
- f481
    - flags: bottom simplicial
    - normal:   -0.1517  0.00967  -0.9884
    - offset: -0.01358957
    - vertices: p3325(v103) p2910(v57) p3812(v14)
    - neighboring facets: f503 f1217 f1245
- f483
    - flags: bottom simplicial
    - normal:   -0.6804  0.05338  -0.7309
    - offset: -0.01441947
    - vertices: p1558(v104) p3120(v13) p1346(v7)
    - neighboring facets: f215 f836 f485
- f485
    - flags: bottom simplicial
    - normal:    -0.656  0.02585  -0.7543
    - offset: -0.01445157
    - vertices: p1558(v104) p1383(v56) p3120(v13)
    - neighboring facets: f1256 f483 f837
- f488
    - flags: top simplicial
    - normal:   -0.3162   0.0287  -0.9483
    - offset: -0.01412231
    - vertices: p2864(v105) p87(v29) p3812(v14)
    - neighboring facets: f862 f839 f489
- f489
    - flags: top simplicial
    - normal:   -0.3549  0.02226  -0.9346
    - offset: -0.01427059
    - vertices: p2864(v105) p1383(v56) p87(v29)
    - neighboring facets: f867 f488 f841
- f503
    - flags: top simplicial
    - normal:   -0.1577 0.009889  -0.9874
    - offset: -0.01361259
    - vertices: p3886(v108) p2910(v57) p3812(v14)
    - neighboring facets: f481 f863 f858
- f507
    - flags: top simplicial
    - normal:   -0.8956  -0.4446  0.01523
    - offset: -0.009369758
    - vertices: p3444(v109) p733(v84) p1962(v12)
    - neighboring facets: f792 f775 f508
- f508
    - flags: bottom simplicial
    - normal:   -0.9369  -0.3496  0.00263
    - offset: -0.009510252
    - vertices: p3444(v109) p733(v84) p3153(v26)
    - neighboring facets: f380 f1252 f507
- f513
    - flags: top simplicial
    - normal:    -0.325   0.9457 0.0005035
    - offset: -0.03468061
    - vertices: p3669(v110) p3620(v31) p1010(v15)
    - neighboring facets: f528 f514 f515
- f514
    - flags: bottom simplicial
    - normal:   -0.2352   0.9719 -0.005004
    - offset: -0.03530447
    - vertices: p3669(v110) p1233(v61) p1010(v15)
    - neighboring facets: f260 f513 f515
- f515
    - flags: top simplicial
    - normal:   -0.2649   0.9633  0.04273
    - offset: -0.03500191
    - vertices: p3669(v110) p1233(v61) p3620(v31)
    - neighboring facets: f397 f513 f514
- f516
    - flags: bottom simplicial
    - normal:   -0.9714   0.2373 0.002838
    - offset: -0.01362752
    - vertices: p140(v111) p943(v62) p180(v20)
    - neighboring facets: f523 f517 f520
- f517
    - flags: top simplicial
    - normal:   -0.9624   0.2716 0.004826
    - offset: -0.0146904
    - vertices: p140(v111) p216(v63) p180(v20)
    - neighboring facets: f268 f516 f872
- f520
    - flags: top simplicial
    - normal:    -0.979   0.1792 -0.09682
    - offset: -0.01282459
    - vertices: p140(v111) p943(v62) p1346(v7)
    - neighboring facets: f266 f521 f516
- f521
    - flags: bottom simplicial
    - normal:   -0.9613   0.2413   -0.133
    - offset: -0.01516676
    - vertices: p140(v111) p1500(v69) p1346(v7)
    - neighboring facets: f567 f520 f875
- f522
    - flags: bottom simplicial
    - normal:   -0.9878   0.1555 0.004138
    - offset: -0.01106402
    - vertices: p3667(v112) p1543(v52) p180(v20)
    - neighboring facets: f463 f523 f524
- f523
    - flags: top simplicial
    - normal:   -0.9844   0.1758    0.003
    - offset: -0.01170388
    - vertices: p3667(v112) p943(v62) p180(v20)
    - neighboring facets: f516 f522 f524
- f524
    - flags: bottom simplicial
    - normal:   -0.9882   0.1527 -0.01422
    - offset: -0.01115689
    - vertices: p3667(v112) p943(v62) p1543(v52)
    - neighboring facets: f527 f522 f523
- f525
    - flags: top simplicial
    - normal:   -0.9899   0.1397 -0.02631
    - offset: -0.01114373
    - vertices: p2850(v113) p1543(v52) p1225(v25)
    - neighboring facets: f219 f526 f527
- f526
    - flags: bottom simplicial
    - normal:   -0.9881   0.1495   -0.036
    - offset: -0.01127994
    - vertices: p2850(v113) p943(v62) p1225(v25)
    - neighboring facets: f266 f525 f527
- f527
    - flags: top simplicial
    - normal:   -0.9882    0.151 -0.02395
    - offset: -0.0112031
    - vertices: p2850(v113) p943(v62) p1543(v52)
    - neighboring facets: f524 f525 f526
- f528
    - flags: bottom simplicial
    - normal:    -0.337   0.9415 0.0005168
    - offset: -0.03458074
    - vertices: p3900(v114) p3620(v31) p1010(v15)
    - neighboring facets: f513 f530 f529
- f529
    - flags: bottom simplicial
    - normal:   -0.5402   0.8415 0.006805
    - offset: -0.03185314
    - vertices: p3900(v114) p2943(v64) p3620(v31)
    - neighboring facets: f534 f528 f920
- f530
    - flags: top simplicial
    - normal:   -0.4292   0.9015 -0.05519
    - offset: -0.03412188
    - vertices: p3900(v114) p141(v34) p1010(v15)
    - neighboring facets: f256 f528 f919
- f532
    - flags: top simplicial
    - normal:   -0.8395   0.5433 0.001926
    - offset: -0.02311236
    - vertices: p883(v115) p216(v63) p830(v32)
    - neighboring facets: f870 f922 f1091
- f534
    - flags: top simplicial
    - normal:    -0.598   0.8014  0.01201
    - offset: -0.03066152
    - vertices: p883(v115) p2943(v64) p3620(v31)
    - neighboring facets: f529 f727 f921
- f556
    - flags: top simplicial
    - normal:   0.01618 -0.004213  -0.9999
    - offset: -0.01306616
    - vertices: p3961(v119) p2931(v66) p850(v53)
    - neighboring facets: f285 f909 f557
- f557
    - flags: bottom simplicial
    - normal:   0.07026 -0.01049  -0.9975
    - offset: -0.01300526
    - vertices: p3961(v119) p2931(v66) p1894(v33)
    - neighboring facets: f1975 f1977 f556
- f564
    - flags: top simplicial
    - normal:   -0.3172   0.5853  -0.7462
    - offset: -0.03049316
    - vertices: p3845(v121) p964(v54) p141(v34)
    - neighboring facets: f582 f918 f566
- f566
    - flags: bottom simplicial
    - normal:    -0.224   0.0989  -0.9696
    - offset: -0.01598685
    - vertices: p3845(v121) p964(v54) p1346(v7)
    - neighboring facets: f1222 f567 f564
- f567
    - flags: top simplicial
    - normal:   -0.6952   0.3282  -0.6395
    - offset: -0.02237633
    - vertices: p3845(v121) p1500(v69) p1346(v7)
    - neighboring facets: f521 f566 f924
- f578
    - flags: top simplicial
    - normal:    0.1588    0.976   -0.149
    - offset: -0.03581999
    - vertices: p1223(v123) p1268(v59) p2795(v30)
    - neighboring facets: f1059 f584 f591
- f582
    - flags: bottom simplicial
    - normal:   -0.2341   0.5812  -0.7794
    - offset: -0.03040231
    - vertices: p1167(v125) p964(v54) p141(v34)
    - neighboring facets: f564 f583 f930
- f583
    - flags: bottom simplicial
    - normal:  -0.04404   0.9927  -0.1121
    - offset: -0.03646882
    - vertices: p1167(v125) p141(v34) p2795(v30)
    - neighboring facets: f257 f584 f582
- f584
    - flags: top simplicial
    - normal:    0.1491   0.9763  -0.1568
    - offset: -0.03592681
    - vertices: p1167(v125) p1223(v123) p2795(v30)
    - neighboring facets: f578 f583 f591
- f590
    - flags: bottom simplicial
    - normal:    0.1871   0.9555  -0.2279
    - offset: -0.03594471
    - vertices: p1167(v125) p1268(v59) p3242(v8)
    - neighboring facets: f1053 f2283 f591
- f591
    - flags: bottom simplicial
    - normal:    0.1751   0.9648  -0.1965
    - offset: -0.03592542
    - vertices: p1167(v125) p1223(v123) p1268(v59)
    - neighboring facets: f578 f590 f584
- f592
    - flags: top simplicial
    - normal:    0.1526 -0.07168  -0.9857
    - offset: -0.01328183
    - vertices: p3966(v126) p2494(v71) p295(v17)
    - neighboring facets: f1043 f2257 f1286
- f598
    - flags: top simplicial
    - normal:    0.9474  0.05981  -0.3144
    - offset: -0.01293199
    - vertices: p3733(v127) p2056(v72) p3625(v36)
    - neighboring facets: f954 f1301 f973
- f603
    - flags: top simplicial
    - normal:    0.9678   0.1838  -0.1723
    - offset: -0.01572733
    - vertices: p3407(v128) p3209(v73) p3242(v8)
    - neighboring facets: f1062 f1303 f989
- f607
    - flags: bottom simplicial
    - normal:    0.7183 -0.07051  -0.6921
    - offset: -0.01407137
    - vertices: p2961(v129) p1131(v74) p3762(v37)
    - neighboring facets: f616 f1322 f1677
- f616
    - flags: top simplicial
    - normal:    0.8033  -0.0699  -0.5915
    - offset: -0.0138558
    - vertices: p3341(v130) p1131(v74) p3762(v37)
    - neighboring facets: f607 f984 f969
- f648
    - flags: top simplicial
    - normal:   0.06055  -0.9972 -0.04373
    - offset: -0.01000807
    - vertices: p2678(v137) p1347(v40) p649(v35)
    - neighboring facets: f315 f1782 f649
- f649
    - flags: top simplicial
    - normal:   0.05932  -0.9982 0.0006708
    - offset: -0.009536781
    - vertices: p2678(v137) p1361(v79) p1347(v40)
    - neighboring facets: f655 f648 f1894
- f655
    - flags: bottom simplicial
    - normal:    0.0801  -0.9967  0.01185
    - offset: -0.009517312
    - vertices: p2048(v138) p1361(v79) p1347(v40)
    - neighboring facets: f649 f656 f1143
- f656
    - flags: top simplicial
    - normal:    0.5057  -0.8616  0.04363
    - offset: -0.01026402
    - vertices: p2048(v138) p989(v80) p1347(v40)
    - neighboring facets: f1720 f655 f759
- f659
    - flags: top simplicial
    - normal:   0.08042  -0.9917  -0.1003
    - offset: -0.01066991
    - vertices: p3259(v139) p2494(v71) p1347(v40)
    - neighboring facets: f315 f2068 f1040
- f677
    - flags: bottom simplicial
    - normal:   -0.7506  0.06484   0.6576
    - offset: -0.006372428
    - vertices: p1158(v143) p1028(v83) p3707(v42)
    - neighboring facets: f379 f1190 f681
- f680
    - flags: top simplicial
    - normal:   -0.7639  0.06735   0.6418
    - offset: -0.006510543
    - vertices: p1158(v143) p180(v20) p2042(v10)
    - neighboring facets: f268 f1191 f681
- f681
    - flags: top simplicial
    - normal:    -0.764  0.06735   0.6417
    - offset: -0.006511057
    - vertices: p1158(v143) p1028(v83) p180(v20)
    - neighboring facets: f683 f680 f677
- f682
    - flags: top simplicial
    - normal:   -0.9618   0.1187   0.2465
    - offset: -0.009585355
    - vertices: p1858(v144) p3831(v41) p180(v20)
    - neighboring facets: f807 f683 f809
- f683
    - flags: bottom simplicial
    - normal:   -0.8424  0.07637   0.5333
    - offset: -0.007336393
    - vertices: p1858(v144) p1028(v83) p180(v20)
    - neighboring facets: f681 f682 f684
- f684
    - flags: top simplicial
    - normal:   -0.9845 -0.02989   0.1728
    - offset: -0.008950925
    - vertices: p1858(v144) p1028(v83) p717(v1)
    - neighboring facets: f383 f811 f683
- f687
    - flags: top simplicial
    - normal:   -0.9977 -0.06521  0.01937
    - offset: -0.009466688
    - vertices: p1948(v145) p425(v50) p717(v1)
    - neighboring facets: f211 f688 f689
- f688
    - flags: bottom simplicial
    - normal:   -0.9963  -0.0802     0.03
    - offset: -0.009301458
    - vertices: p1948(v145) p733(v84) p717(v1)
    - neighboring facets: f383 f687 f689
- f689
    - flags: top simplicial
    - normal:   -0.9962 -0.08285  0.02497
    - offset: -0.009314147
    - vertices: p1948(v145) p733(v84) p425(v50)
    - neighboring facets: f381 f687 f688
- f705
    - flags: bottom simplicial
    - normal:    0.8419   0.3191   0.4352
    - offset: -0.01620042
    - vertices: p1338(v149) p2082(v85) p3508(v43)
    - neighboring facets: f1431 f706 f707
- f706
    - flags: top simplicial
    - normal:    0.7375   0.2685   0.6197
    - offset: -0.0132053
    - vertices: p1338(v149) p1456(v86) p3508(v43)
    - neighboring facets: f1501 f705 f1368
- f707
    - flags: top simplicial
    - normal:    0.8514   0.1528   0.5018
    - offset: -0.01071213
    - vertices: p1338(v149) p2082(v85) p1249(v21)
    - neighboring facets: f1451 f1369 f705
- f726
    - flags: bottom simplicial
    - normal:   -0.6097   0.7895  0.07073
    - offset: -0.03020291
    - vertices: p1638(v152) p109(v87) p3620(v31)
    - neighboring facets: f397 f727 f1483
- f727
    - flags: top simplicial
    - normal:   -0.6125   0.7877  0.06652
    - offset: -0.03015535
    - vertices: p1638(v152) p883(v115) p3620(v31)
    - neighboring facets: f534 f726 f1092
- f759
    - flags: bottom simplicial
    - normal:    0.4058  -0.6977   0.5904
    - offset: -0.007863022
    - vertices: p2817(v157) p2048(v138) p989(v80)
    - neighboring facets: f656 f1420 f1141
- f767
    - flags: top simplicial
    - normal:   -0.2161  -0.7839    0.582
    - offset: -0.008172246
    - vertices: p209(v159) p3026(v91) p1031(v6)
    - neighboring facets: f1932 f1899 f768
- f768
    - flags: bottom simplicial
    - normal:   -0.3079  -0.9498  0.05493
    - offset: -0.009467355
    - vertices: p209(v159) p3026(v91) p891(v90)
    - neighboring facets: f423 f1152 f767
- f769
    - flags: top simplicial
    - normal:   -0.5757   -0.469   0.6697
    - offset: -0.007338909
    - vertices: p3089(v160) p2030(v92) p2334(v47)
    - neighboring facets: f428 f1930 f1572
- f774
    - flags: bottom simplicial
    - normal:    -0.804  -0.5916  0.05991
    - offset: -0.009458454
    - vertices: p2777(v161) p2030(v92) p1962(v12)
    - neighboring facets: f439 f775 f1901
- f775
    - flags: top simplicial
    - normal:   -0.8894  -0.4569  0.01277
    - offset: -0.009387958
    - vertices: p2777(v161) p3444(v109) p1962(v12)
    - neighboring facets: f507 f774 f776
- f776
    - flags: bottom simplicial
    - normal:   -0.8588  -0.5123 -0.0007323
    - offset: -0.00947172
    - vertices: p2777(v161) p3444(v109) p2753(v58)
    - neighboring facets: f865 f1560 f775
- f785
    - flags: bottom simplicial
    - normal:   -0.2366  0.02182   0.9714
    - offset: -0.002215467
    - vertices: p3706(v163) p1584(v94) p3872(v48)
    - neighboring facets: f441 f787 f1956
- f786
    - flags: bottom simplicial
    - normal:   -0.2015  0.01733   0.9793
    - offset: -0.001998719
    - vertices: p3706(v163) p1081(v96) p3939(v24)
    - neighboring facets: f1197 f1955 f787
- f787
    - flags: top simplicial
    - normal:   -0.2094  0.01795   0.9777
    - offset: -0.002044868
    - vertices: p3706(v163) p1081(v96) p3872(v48)
    - neighboring facets: f798 f785 f786
- f792
    - flags: bottom simplicial
    - normal:   -0.8995   -0.284    0.332
    - offset: -0.008578595
    - vertices: p1373(v164) p733(v84) p1962(v12)
    - neighboring facets: f507 f793 f1189
- f793
    - flags: top simplicial
    - normal:   -0.8111  -0.2553   0.5263
    - offset: -0.007763976
    - vertices: p1373(v164) p2493(v95) p1962(v12)
    - neighboring facets: f439 f792 f1196
- f797
    - flags: bottom simplicial
    - normal:   -0.3189  -0.1353   0.9381
    - offset: -0.003686551
    - vertices: p572(v165) p3872(v48) p2334(v47)
    - neighboring facets: f428 f1200 f798
- f798
    - flags: bottom simplicial
    - normal:   -0.2077 0.008571   0.9782
    - offset: -0.002086272
    - vertices: p572(v165) p1081(v96) p3872(v48)
    - neighboring facets: f787 f797 f1199
- f807
    - flags: bottom simplicial
    - normal:   -0.9764   0.1284   0.1739
    - offset: -0.01002697
    - vertices: p1880(v167) p3831(v41) p180(v20)
    - neighboring facets: f682 f808 f809
- f808
    - flags: top simplicial
    - normal:    -0.986   0.1418    0.088
    - offset: -0.01056382
    - vertices: p1880(v167) p357(v100) p180(v20)
    - neighboring facets: f463 f807 f810
- f809
    - flags: bottom simplicial
    - normal:   -0.9772   0.1059   0.1842
    - offset: -0.009813928
    - vertices: p1880(v167) p1858(v144) p3831(v41)
    - neighboring facets: f682 f807 f811
- f810
    - flags: bottom simplicial
    - normal:   -0.9816   0.1025   0.1608
    - offset: -0.009921654
    - vertices: p1880(v167) p357(v100) p717(v1)
    - neighboring facets: f462 f811 f808
- f811
    - flags: top simplicial
    - normal:   -0.9793  0.09722   0.1774
    - offset: -0.0097916
    - vertices: p1880(v167) p1858(v144) p717(v1)
    - neighboring facets: f684 f810 f809
- f812
    - flags: top simplicial
    - normal:  -0.05483  0.09683  -0.9938
    - offset: -0.01549874
    - vertices: p1636(v168) p267(v102) p964(v54)
    - neighboring facets: f1278 f1223 f1966
- f832
    - flags: top simplicial
    - normal:  -0.08408  0.01766  -0.9963
    - offset: -0.01344917
    - vertices: p2550(v171) p3325(v103) p3367(v55)
    - neighboring facets: f480 f1968 f1214
- f835
    - flags: top simplicial
    - normal:    -0.577  0.04399  -0.8155
    - offset: -0.01449396
    - vertices: p625(v172) p1383(v56) p1346(v7)
    - neighboring facets: f840 f836 f837
- f836
    - flags: bottom simplicial
    - normal:   -0.6112  0.04668  -0.7901
    - offset: -0.01448587
    - vertices: p625(v172) p1558(v104) p1346(v7)
    - neighboring facets: f483 f835 f837
- f837
    - flags: top simplicial
    - normal:   -0.6117  0.03828  -0.7901
    - offset: -0.01448414
    - vertices: p625(v172) p1558(v104) p1383(v56)
    - neighboring facets: f485 f835 f836
- f838
    - flags: top simplicial
    - normal:   -0.3218  0.03317  -0.9462
    - offset: -0.01415684
    - vertices: p223(v173) p3812(v14) p1346(v7)
    - neighboring facets: f1225 f840 f839
- f839
    - flags: top simplicial
    - normal:    -0.324  0.03024  -0.9456
    - offset: -0.01414175
    - vertices: p223(v173) p2864(v105) p3812(v14)
    - neighboring facets: f488 f838 f841
- f840
    - flags: bottom simplicial
    - normal:   -0.3673  0.03394  -0.9295
    - offset: -0.01425668
    - vertices: p223(v173) p1383(v56) p1346(v7)
    - neighboring facets: f835 f838 f841
- f841
    - flags: bottom simplicial
    - normal:   -0.3601  0.03306  -0.9323
    - offset: -0.01423772
    - vertices: p223(v173) p2864(v105) p1383(v56)
    - neighboring facets: f489 f840 f839
- f847
    - flags: top simplicial
    - normal:   -0.3513  -0.4394  -0.8268
    - offset: -0.01577387
    - vertices: p3151(v175) p3485(v107) p3310(v5)
    - neighboring facets: f1251 f850 f860
- f850
    - flags: bottom simplicial
    - normal:  -0.02854 -0.004673  -0.9996
    - offset: -0.01317251
    - vertices: p3151(v175) p1395(v27) p3310(v5)
    - neighboring facets: f466 f847 f1247
- f858
    - flags: bottom simplicial
    - normal:   -0.1583 0.009724  -0.9873
    - offset: -0.0136156
    - vertices: p19(v177) p3886(v108) p2910(v57)
    - neighboring facets: f503 f859 f863
- f859
    - flags: top simplicial
    - normal:   -0.1356 -0.02182  -0.9905
    - offset: -0.01369729
    - vertices: p19(v177) p3151(v175) p2910(v57)
    - neighboring facets: f1244 f858 f860
- f860
    - flags: bottom simplicial
    - normal:   -0.2495   -0.218  -0.9435
    - offset: -0.01512231
    - vertices: p19(v177) p3151(v175) p3485(v107)
    - neighboring facets: f847 f861 f859
- f861
    - flags: bottom simplicial
    - normal:   -0.7498  -0.3178  -0.5804
    - offset: -0.01459402
    - vertices: p19(v177) p3485(v107) p87(v29)
    - neighboring facets: f866 f862 f860
- f862
    - flags: bottom simplicial
    - normal:    -0.265  0.02109   -0.964
    - offset: -0.01398746
    - vertices: p19(v177) p87(v29) p3812(v14)
    - neighboring facets: f488 f863 f861
- f863
    - flags: top simplicial
    - normal:   -0.1607  0.01015   -0.987
    - offset: -0.01362464
    - vertices: p19(v177) p3886(v108) p3812(v14)
    - neighboring facets: f503 f862 f858
- f864
    - flags: bottom simplicial
    - normal:   -0.7977  -0.5965  -0.0887
    - offset: -0.01048156
    - vertices: p1090(v178) p3485(v107) p2753(v58)
    - neighboring facets: f1911 f865 f866
- f865
    - flags: top simplicial
    - normal:     -0.86  -0.5103 -0.009933
    - offset: -0.009572614
    - vertices: p1090(v178) p3444(v109) p2753(v58)
    - neighboring facets: f776 f864 f1253
- f866
    - flags: top simplicial
    - normal:   -0.7916  -0.3472  -0.5028
    - offset: -0.01408654
    - vertices: p1090(v178) p3485(v107) p87(v29)
    - neighboring facets: f861 f867 f864
- f867
    - flags: bottom simplicial
    - normal:   -0.7943  -0.3074   -0.524
    - offset: -0.01415207
    - vertices: p1090(v178) p1383(v56) p87(v29)
    - neighboring facets: f489 f866 f1254
- f870
    - flags: bottom simplicial
    - normal:   -0.9413   0.3377 0.002698
    - offset: -0.01678923
    - vertices: p3902(v179) p216(v63) p830(v32)
    - neighboring facets: f532 f871 f872
- f871
    - flags: top simplicial
    - normal:   -0.9374   0.3444 -0.05203
    - offset: -0.01756397
    - vertices: p3902(v179) p140(v111) p830(v32)
    - neighboring facets: f874 f870 f872
- f872
    - flags: bottom simplicial
    - normal:   -0.9596   0.2813 0.004291
    - offset: -0.01500072
    - vertices: p3902(v179) p140(v111) p216(v63)
    - neighboring facets: f517 f870 f871
- f873
    - flags: top simplicial
    - normal:   -0.9354   0.3494 -0.05416
    - offset: -0.01774227
    - vertices: p3233(v180) p1500(v69) p830(v32)
    - neighboring facets: f923 f874 f875
- f874
    - flags: bottom simplicial
    - normal:   -0.9374   0.3444 -0.05203
    - offset: -0.01756408
    - vertices: p3233(v180) p140(v111) p830(v32)
    - neighboring facets: f871 f873 f875
- f875
    - flags: top simplicial
    - normal:   -0.9378   0.3425 -0.05688
    - offset: -0.01755579
    - vertices: p3233(v180) p140(v111) p1500(v69)
    - neighboring facets: f521 f873 f874
- f884
    - flags: top simplicial
    - normal:    0.2033 -0.02928  -0.9787
    - offset: -0.01301599
    - vertices: p647(v183) p2053(v65) p295(v17)
    - neighboring facets: f1645 f885 f886
- f885
    - flags: bottom simplicial
    - normal:    0.2237 -0.04783  -0.9735
    - offset: -0.0131756
    - vertices: p647(v183) p2055(v116) p295(v17)
    - neighboring facets: f893 f884 f886
- f886
    - flags: top simplicial
    - normal:    0.2248 -0.03018  -0.9739
    - offset: -0.01307372
    - vertices: p647(v183) p2055(v116) p2053(v65)
    - neighboring facets: f2252 f884 f885
- f889
    - flags: bottom simplicial
    - normal:    0.3537 -0.06033  -0.9334
    - offset: -0.01360766
    - vertices: p272(v184) p1611(v182) p3059(v9)
    - neighboring facets: f1260 f1319 f890
- f890
    - flags: top simplicial
    - normal:    0.3013  -0.0439  -0.9525
    - offset: -0.01336614
    - vertices: p272(v184) p1611(v182) p2055(v116)
    - neighboring facets: f1654 f897 f889
- f893
    - flags: top simplicial
    - normal:    0.2282 -0.05436  -0.9721
    - offset: -0.01322805
    - vertices: p1702(v185) p2055(v116) p295(v17)
    - neighboring facets: f885 f1044 f897
- f896
    - flags: bottom simplicial
    - normal:     0.395  -0.2188  -0.8922
    - offset: -0.01439505
    - vertices: p1702(v185) p272(v184) p17(v81)
    - neighboring facets: f1716 f1042 f897
- f897
    - flags: top simplicial
    - normal:    0.3228  -0.1297  -0.9375
    - offset: -0.01387094
    - vertices: p1702(v185) p272(v184) p2055(v116)
    - neighboring facets: f890 f893 f896
- f909
    - flags: top simplicial
    - normal:   0.01302 -0.007124  -0.9999
    - offset: -0.01305348
    - vertices: p1778(v188) p3961(v119) p850(v53)
    - neighboring facets: f556 f911 f1684
- f910
    - flags: top simplicial
    - normal:  -0.01055 -0.005501  -0.9999
    - offset: -0.01312106
    - vertices: p1778(v188) p2749(v101) p3310(v5)
    - neighboring facets: f466 f1773 f911
- f911
    - flags: bottom simplicial
    - normal:  0.007196 -0.006323       -1
    - offset: -0.01306746
    - vertices: p1778(v188) p2749(v101) p850(v53)
    - neighboring facets: f469 f909 f910
- f918
    - flags: top simplicial
    - normal:   -0.6171   0.7754  -0.1341
    - offset: -0.0313276
    - vertices: p2318(v190) p3845(v121) p141(v34)
    - neighboring facets: f564 f919 f924
- f919
    - flags: bottom simplicial
    - normal:   -0.6029   0.7928 -0.08929
    - offset: -0.03136986
    - vertices: p2318(v190) p3900(v114) p141(v34)
    - neighboring facets: f530 f918 f920
- f920
    - flags: top simplicial
    - normal:    -0.604   0.7922 -0.08695
    - offset: -0.03132919
    - vertices: p2318(v190) p3900(v114) p2943(v64)
    - neighboring facets: f529 f921 f919
- f921
    - flags: bottom simplicial
    - normal:   -0.6794   0.7338 -0.002449
    - offset: -0.02880372
    - vertices: p2318(v190) p883(v115) p2943(v64)
    - neighboring facets: f534 f920 f922
- f922
    - flags: top simplicial
    - normal:    -0.803    0.596 -0.004766
    - offset: -0.02473814
    - vertices: p2318(v190) p883(v115) p830(v32)
    - neighboring facets: f532 f923 f921
- f923
    - flags: bottom simplicial
    - normal:   -0.8099   0.5849 -0.04427
    - offset: -0.02481819
    - vertices: p2318(v190) p1500(v69) p830(v32)
    - neighboring facets: f873 f922 f924
- f924
    - flags: bottom simplicial
    - normal:   -0.7646   0.6315  -0.1287
    - offset: -0.02709451
    - vertices: p2318(v190) p3845(v121) p1500(v69)
    - neighboring facets: f567 f923 f918
- f930
    - flags: top simplicial
    - normal:  -0.03377   0.1636  -0.9859
    - offset: -0.01762315
    - vertices: p643(v192) p1167(v125) p964(v54)
    - neighboring facets: f582 f1279 f2048
- f946
    - flags: bottom simplicial
    - normal:    0.8044   0.0691  -0.5901
    - offset: -0.01465235
    - vertices: p260(v195) p1885(v194) p1109(v117)
    - neighboring facets: f1267 f1308 f1690
- f954
    - flags: bottom simplicial
    - normal:    0.9492  0.06003  -0.3088
    - offset: -0.01290575
    - vertices: p1329(v196) p2056(v72) p3625(v36)
    - neighboring facets: f598 f955 f1737
- f955
    - flags: top simplicial
    - normal:    0.9575  0.07157  -0.2796
    - offset: -0.01307373
    - vertices: p1329(v196) p3407(v128) p3625(v36)
    - neighboring facets: f1298 f954 f993
- f968
    - flags: bottom simplicial
    - normal:    0.8002  0.03779  -0.5986
    - offset: -0.01396806
    - vertices: p1982(v199) p1131(v74) p265(v18)
    - neighboring facets: f1268 f1337 f969
- f969
    - flags: bottom simplicial
    - normal:    0.8168 -0.02388  -0.5765
    - offset:  -0.013861
    - vertices: p1982(v199) p3341(v130) p1131(v74)
    - neighboring facets: f616 f968 f1731
- f973
    - flags: bottom simplicial
    - normal:    0.9347  0.05771  -0.3507
    - offset: -0.01309005
    - vertices: p1510(v200) p3733(v127) p2056(v72)
    - neighboring facets: f598 f1350 f1295
- f981
    - flags: top simplicial
    - normal:    0.9025  0.04117  -0.4287
    - offset: -0.01336388
    - vertices: p2338(v201) p1510(v200) p3341(v130)
    - neighboring facets: f1729 f984 f1352
- f984
    - flags: top simplicial
    - normal:    0.8772  -0.1074  -0.4679
    - offset: -0.01344814
    - vertices: p2338(v201) p3341(v130) p3762(v37)
    - neighboring facets: f616 f985 f981
- f985
    - flags: bottom simplicial
    - normal:    0.9101  -0.1521  -0.3855
    - offset: -0.01309486
    - vertices: p2338(v201) p3284(v141) p3762(v37)
    - neighboring facets: f1323 f984 f1347
- f989
    - flags: bottom simplicial
    - normal:     0.974  0.08558  -0.2098
    - offset: -0.01306146
    - vertices: p306(v203) p3407(v128) p3209(v73)
    - neighboring facets: f603 f990 f993
- f990
    - flags: top simplicial
    - normal:    0.9881   0.0652   -0.139
    - offset: -0.01204261
    - vertices: p306(v203) p2369(v131) p3209(v73)
    - neighboring facets: f1355 f989 f1734
- f993
    - flags: bottom simplicial
    - normal:     0.964  0.06648  -0.2575
    - offset: -0.01278667
    - vertices: p306(v203) p1329(v196) p3407(v128)
    - neighboring facets: f955 f989 f1738
- f1012
    - flags: bottom simplicial
    - normal:    0.9364  -0.3473 -0.05108
    - offset: -0.01108506
    - vertices: p1230(v208) p2739(v140) p1269(v75)
    - neighboring facets: f1709 f2089 f1015
- f1015
    - flags: top simplicial
    - normal:    0.9261   -0.376 -0.02968
    - offset: -0.01093665
    - vertices: p1230(v208) p2739(v140) p2657(v19)
    - neighboring facets: f1710 f1386 f1012
- f1018
    - flags: top simplicial
    - normal:     0.959  -0.2786  0.05186
    - offset: -0.01047225
    - vertices: p869(v209) p45(v134) p1281(v78)
    - neighboring facets: f2128 f1831 f1384
- f1040
    - flags: bottom simplicial
    - normal:    0.1887  -0.8672  -0.4608
    - offset: -0.01415577
    - vertices: p3157(v212) p3259(v139) p2494(v71)
    - neighboring facets: f659 f1043 f1041
- f1041
    - flags: top simplicial
    - normal:    0.2858  -0.5667  -0.7728
    - offset: -0.01541545
    - vertices: p3157(v212) p3259(v139) p17(v81)
    - neighboring facets: f1714 f1042 f1040
- f1042
    - flags: bottom simplicial
    - normal:    0.2723  -0.3943  -0.8777
    - offset: -0.01510064
    - vertices: p3157(v212) p1702(v185) p17(v81)
    - neighboring facets: f896 f1041 f1044
- f1043
    - flags: bottom simplicial
    - normal:    0.2016   -0.192  -0.9605
    - offset: -0.01413722
    - vertices: p3157(v212) p2494(v71) p295(v17)
    - neighboring facets: f592 f1044 f1040
- f1044
    - flags: top simplicial
    - normal:    0.2294  -0.2449   -0.942
    - offset: -0.01444384
    - vertices: p3157(v212) p1702(v185) p295(v17)
    - neighboring facets: f893 f1043 f1042
- f1053
    - flags: top simplicial
    - normal:    0.2295   0.9618   -0.149
    - offset: -0.03589832
    - vertices: p2132(v214) p1268(v59) p3242(v8)
    - neighboring facets: f590 f1063 f1059
- f1056
    - flags: bottom simplicial
    - normal:    0.2163   0.9507   0.2224
    - offset: -0.03306921
    - vertices: p2132(v214) p870(v151) p3508(v43)
    - neighboring facets: f1851 f1432 f1057
- f1057
    - flags: top simplicial
    - normal:    0.1516   0.9834  0.09956
    - offset: -0.03441643
    - vertices: p2132(v214) p870(v151) p749(v3)
    - neighboring facets: f1086 f1058 f1056
- f1058
    - flags: bottom simplicial
    - normal:    0.1138   0.9935 0.004018
    - offset: -0.03504197
    - vertices: p2132(v214) p2795(v30) p749(v3)
    - neighboring facets: f261 f1057 f1059
- f1059
    - flags: bottom simplicial
    - normal:    0.1533   0.9808  -0.1204
    - offset: -0.03572365
    - vertices: p2132(v214) p1268(v59) p2795(v30)
    - neighboring facets: f578 f1058 f1053
- f1062
    - flags: bottom simplicial
    - normal:    0.9717   0.1879  -0.1431
    - offset: -0.01567209
    - vertices: p344(v215) p3209(v73) p3242(v8)
    - neighboring facets: f603 f1063 f1422
- f1063
    - flags: top simplicial
    - normal:    0.9621   0.2538 -0.09966
    - offset: -0.01750053
    - vertices: p344(v215) p2132(v214) p3242(v8)
    - neighboring facets: f1053 f1062 f1428
- f1072
    - flags: bottom simplicial
    - normal:    0.9727  0.06317   0.2232
    - offset: -0.00980936
    - vertices: p2403(v217) p1870(v148) p1988(v147)
    - neighboring facets: f1440 f1450 f1805
- f1085
    - flags: top simplicial
    - normal:  -0.05934   0.9667   0.2489
    - offset: -0.03412132
    - vertices: p2316(v219) p109(v87) p749(v3)
    - neighboring facets: f396 f1086 f1484
- f1086
    - flags: bottom simplicial
    - normal:   0.03713   0.9651   0.2594
    - offset: -0.0337878
    - vertices: p2316(v219) p870(v151) p749(v3)
    - neighboring facets: f1057 f1085 f1852
- f1091
    - flags: bottom simplicial
    - normal:   -0.8298   0.5578  0.01752
    - offset: -0.02352405
    - vertices: p3222(v220) p883(v115) p216(v63)
    - neighboring facets: f532 f1093 f1092
- f1092
    - flags: bottom simplicial
    - normal:   -0.6648   0.7436  0.07109
    - offset: -0.02891282
    - vertices: p3222(v220) p1638(v152) p883(v115)
    - neighboring facets: f727 f1091 f1094
- f1093
    - flags: bottom simplicial
    - normal:   -0.8806   0.4181   0.2231
    - offset: -0.0188973
    - vertices: p3222(v220) p216(v63) p2042(v10)
    - neighboring facets: f268 f1094 f1091
- f1094
    - flags: top simplicial
    - normal:   -0.8306   0.4617   0.3113
    - offset: -0.02004606
    - vertices: p3222(v220) p1638(v152) p2042(v10)
    - neighboring facets: f1481 f1093 f1092
- f1116
    - flags: top simplicial
    - normal:    0.5294  0.03965   0.8475
    - offset: -0.004480764
    - vertices: p2839(v224) p3143(v204) p2466(v11)
    - neighboring facets: f1866 f1521 f1362
- f1141
    - flags: top simplicial
    - normal:    0.2315   -0.762   0.6047
    - offset: -0.007619247
    - vertices: p3413(v229) p2817(v157) p2048(v138)
    - neighboring facets: f759 f1143 f1546
- f1142
    - flags: top simplicial
    - normal:  -0.01658  -0.9927   0.1192
    - offset: -0.009312426
    - vertices: p3413(v229) p1361(v79) p1031(v6)
    - neighboring facets: f1556 f1178 f1143
- f1143
    - flags: top simplicial
    - normal:   0.06897  -0.9902   0.1216
    - offset: -0.009319561
    - vertices: p3413(v229) p2048(v138) p1361(v79)
    - neighboring facets: f655 f1142 f1141
- f1147
    - flags: top simplicial
    - normal:    0.4981 -0.03819   0.8663
    - offset: -0.003476698
    - vertices: p312(v230) p2320(v133) p741(v39)
    - neighboring facets: f1394 f1552 f1380
- f1152
    - flags: bottom simplicial
    - normal:   -0.2882   -0.956  0.05566
    - offset: -0.009466524
    - vertices: p1539(v231) p209(v159) p891(v90)
    - neighboring facets: f768 f1153 f1900
- f1153
    - flags: top simplicial
    - normal:   -0.2383  -0.9712 0.003048
    - offset: -0.009490733
    - vertices: p1539(v231) p2323(v211) p891(v90)
    - neighboring facets: f1398 f1152 f1555
- f1156
    - flags: top simplicial
    - normal:   -0.4677  -0.8804  0.07829
    - offset: -0.00938654
    - vertices: p2188(v232) p3026(v91) p2249(v23)
    - neighboring facets: f422 f1922 f1158
- f1158
    - flags: top simplicial
    - normal:   -0.4744  -0.8701   0.1339
    - offset: -0.009366091
    - vertices: p2188(v232) p3089(v160) p3026(v91)
    - neighboring facets: f1931 f1156 f1923
- f1178
    - flags: top simplicial
    - normal:    0.1052 -0.04735   0.9933
    - offset: -0.001226434
    - vertices: p1501(v236) p3413(v229) p1031(v6)
    - neighboring facets: f1142 f1185 f1589
- f1185
    - flags: top simplicial
    - normal:   0.05692 -0.01372   0.9983
    - offset: -0.001002264
    - vertices: p0(v237) p1501(v236) p1031(v6)
    - neighboring facets: f1178 f1942 f1591
- f1188
    - flags: top simplicial
    - normal:   -0.9394 -0.07374   0.3347
    - offset: -0.008379957
    - vertices: p496(v238) p733(v84) p3707(v42)
    - neighboring facets: f379 f1190 f1189
- f1189
    - flags: top simplicial
    - normal:   -0.8909  -0.1499   0.4287
    - offset: -0.008020701
    - vertices: p496(v238) p1373(v164) p733(v84)
    - neighboring facets: f792 f1188 f1607
- f1190
    - flags: bottom simplicial
    - normal:   -0.6637  0.05487    0.746
    - offset: -0.005526513
    - vertices: p496(v238) p1158(v143) p3707(v42)
    - neighboring facets: f677 f1188 f1191
- f1191
    - flags: top simplicial
    - normal:   -0.6492  0.05401   0.7587
    - offset: -0.005392251
    - vertices: p496(v238) p1158(v143) p2042(v10)
    - neighboring facets: f680 f1606 f1190
- f1193
    - flags: bottom simplicial
    - normal:   -0.3965  0.03582   0.9174
    - offset: -0.003315211
    - vertices: p668(v239) p1584(v94) p2042(v10)
    - neighboring facets: f1957 f1194 f1195
- f1194
    - flags: top simplicial
    - normal:   -0.4418  0.03809   0.8963
    - offset: -0.003653388
    - vertices: p668(v239) p1373(v164) p2042(v10)
    - neighboring facets: f1605 f1193 f1196
- f1195
    - flags: bottom simplicial
    - normal:   -0.3724  0.03247   0.9275
    - offset: -0.003142329
    - vertices: p668(v239) p2493(v95) p1584(v94)
    - neighboring facets: f441 f1193 f1196
- f1196
    - flags: bottom simplicial
    - normal:   -0.4308  0.02216   0.9022
    - offset: -0.00362282
    - vertices: p668(v239) p1373(v164) p2493(v95)
    - neighboring facets: f793 f1195 f1194
- f1197
    - flags: top simplicial
    - normal:   -0.1568  0.01287   0.9875
    - offset: -0.00174469
    - vertices: p215(v240) p1081(v96) p3939(v24)
    - neighboring facets: f786 f1198 f1199
- f1198
    - flags: bottom simplicial
    - normal:   -0.1537  0.01258    0.988
    - offset: -0.001726928
    - vertices: p215(v240) p572(v165) p3939(v24)
    - neighboring facets: f1202 f1197 f1199
- f1199
    - flags: top simplicial
    - normal:   -0.1582  0.01266   0.9873
    - offset: -0.001754286
    - vertices: p215(v240) p572(v165) p1081(v96)
    - neighboring facets: f798 f1197 f1198
- f1200
    - flags: bottom simplicial
    - normal:   -0.1229 0.009267   0.9924
    - offset: -0.001557276
    - vertices: p637(v241) p572(v165) p2334(v47)
    - neighboring facets: f797 f1201 f1202
- f1201
    - flags: top simplicial
    - normal:   -0.1197 0.008893   0.9928
    - offset: -0.001542195
    - vertices: p637(v241) p1406(v166) p2334(v47)
    - neighboring facets: f1586 f1200 f1608
- f1202
    - flags: top simplicial
    - normal:   -0.1307  0.01056   0.9914
    - offset: -0.001597566
    - vertices: p637(v241) p572(v165) p3939(v24)
    - neighboring facets: f1198 f1610 f1200
- f1214
    - flags: bottom simplicial
    - normal:  -0.09994  0.02141  -0.9948
    - offset: -0.01351974
    - vertices: p2216(v243) p2550(v171) p3325(v103)
    - neighboring facets: f832 f1217 f1969
- f1217
    - flags: bottom simplicial
    - normal:   -0.1429  0.03041  -0.9893
    - offset: -0.01368696
    - vertices: p2216(v243) p3325(v103) p3812(v14)
    - neighboring facets: f481 f1226 f1214
- f1222
    - flags: top simplicial
    - normal:   -0.1625  0.04156  -0.9858
    - offset: -0.01394479
    - vertices: p243(v244) p964(v54) p1346(v7)
    - neighboring facets: f566 f1225 f1223
- f1223
    - flags: top simplicial
    - normal:   -0.1399  0.05231  -0.9888
    - offset: -0.01425703
    - vertices: p243(v244) p1636(v168) p964(v54)
    - neighboring facets: f812 f1222 f1224
- f1224
    - flags: top simplicial
    - normal:   -0.1422  0.03955   -0.989
    - offset: -0.01392076
    - vertices: p243(v244) p2216(v243) p1636(v168)
    - neighboring facets: f1965 f1223 f1226
- f1225
    - flags: bottom simplicial
    - normal:   -0.1674  0.03688  -0.9852
    - offset: -0.01381417
    - vertices: p243(v244) p3812(v14) p1346(v7)
    - neighboring facets: f838 f1222 f1226
- f1226
    - flags: bottom simplicial
    - normal:   -0.1534   0.0334  -0.9876
    - offset: -0.01374387
    - vertices: p243(v244) p2216(v243) p3812(v14)
    - neighboring facets: f1217 f1225 f1224
- f1237
    - flags: bottom simplicial
    - normal:     0.127 -0.01841  -0.9917
    - offset: -0.01292774
    - vertices: p766(v246) p1023(v189) p1231(v68)
    - neighboring facets: f1289 f1976 f2006
- f1244
    - flags: bottom simplicial
    - normal:   -0.1136 -0.007185  -0.9935
    - offset: -0.01351952
    - vertices: p286(v248) p3151(v175) p2910(v57)
    - neighboring facets: f859 f1245 f1247
- f1245
    - flags: top simplicial
    - normal:   -0.1038 0.002327  -0.9946
    - offset: -0.01342054
    - vertices: p286(v248) p3325(v103) p2910(v57)
    - neighboring facets: f481 f1244 f1246
- f1246
    - flags: bottom simplicial
    - normal:  -0.08161 0.001337  -0.9967
    - offset: -0.0133459
    - vertices: p286(v248) p3325(v103) p1395(v27)
    - neighboring facets: f480 f1247 f1245
- f1247
    - flags: top simplicial
    - normal:  -0.06426 -0.0007902  -0.9979
    - offset: -0.01329245
    - vertices: p286(v248) p3151(v175) p1395(v27)
    - neighboring facets: f850 f1246 f1244
- f1251
    - flags: bottom simplicial
    - normal:   -0.5074  -0.7585  -0.4089
    - offset: -0.01360629
    - vertices: p2455(v249) p3485(v107) p3310(v5)
    - neighboring facets: f847 f1771 f1906
- f1252
    - flags: bottom simplicial
    - normal:   -0.9378  -0.3443  -0.0452
    - offset: -0.01000969
    - vertices: p64(v250) p3444(v109) p3153(v26)
    - neighboring facets: f508 f1255 f1253
- f1253
    - flags: bottom simplicial
    - normal:   -0.8791  -0.4717  -0.0684
    - offset: -0.01022125
    - vertices: p64(v250) p1090(v178) p3444(v109)
    - neighboring facets: f865 f1252 f1254
- f1254
    - flags: top simplicial
    - normal:   -0.8175  -0.3004  -0.4914
    - offset: -0.01390663
    - vertices: p64(v250) p1090(v178) p1383(v56)
    - neighboring facets: f867 f1256 f1253
- f1255
    - flags: bottom simplicial
    - normal:   -0.9616  -0.1585  -0.2242
    - offset: -0.01159704
    - vertices: p64(v250) p3153(v26) p3120(v13)
    - neighboring facets: f380 f1256 f1252
- f1256
    - flags: top simplicial
    - normal:   -0.7688  -0.0549  -0.6371
    - offset: -0.01425916
    - vertices: p64(v250) p1383(v56) p3120(v13)
    - neighboring facets: f485 f1255 f1254
- f1260
    - flags: top simplicial
    - normal:    0.3448  -0.0312  -0.9381
    - offset: -0.01344422
    - vertices: p23(v251) p1611(v182) p3059(v9)
    - neighboring facets: f889 f2037 f1655
- f1261
    - flags: top simplicial
    - normal:    0.3615 -0.005793  -0.9323
    - offset: -0.01353427
    - vertices: p23(v251) p2578(v187) p365(v118)
    - neighboring facets: f1629 f1652 f2035
- f1266
    - flags: bottom simplicial
    - normal:    0.7635  0.04144  -0.6445
    - offset: -0.01409462
    - vertices: p514(v252) p1885(v194) p265(v18)
    - neighboring facets: f1336 f1268 f1267
- f1267
    - flags: top simplicial
    - normal:    0.7742  0.05054   -0.631
    - offset: -0.01430073
    - vertices: p514(v252) p1885(v194) p1109(v117)
    - neighboring facets: f946 f1309 f1266
- f1268
    - flags: top simplicial
    - normal:    0.7545  0.04056  -0.6551
    - offset: -0.01411041
    - vertices: p514(v252) p1131(v74) p265(v18)
    - neighboring facets: f968 f1266 f1269
- f1269
    - flags: top simplicial
    - normal:     0.754  0.04052  -0.6556
    - offset: -0.01411145
    - vertices: p514(v252) p2810(v186) p1131(v74)
    - neighboring facets: f1666 f1268 f1310
- f1278
    - flags: bottom simplicial
    - normal:  -0.04296   0.1082  -0.9932
    - offset: -0.01583396
    - vertices: p1772(v255) p267(v102) p964(v54)
    - neighboring facets: f812 f1279 f1280
- f1279
    - flags: top simplicial
    - normal:  -0.04272   0.1089  -0.9931
    - offset: -0.01585667
    - vertices: p1772(v255) p643(v192) p964(v54)
    - neighboring facets: f930 f1278 f1280
- f1280
    - flags: bottom simplicial
    - normal:  -0.04143   0.1088  -0.9932
    - offset: -0.01585472
    - vertices: p1772(v255) p643(v192) p267(v102)
    - neighboring facets: f2242 f1278 f1279
- f1282
    - flags: bottom simplicial
    - normal:    0.1386   0.2037  -0.9692
    - offset: -0.01877056
    - vertices: p211(v256) p643(v192) p3957(v169)
    - neighboring facets: f2051 f2247 f2243
- f1286
    - flags: bottom simplicial
    - normal:    0.1213  -0.0502  -0.9913
    - offset: -0.01312417
    - vertices: p2197(v257) p3966(v126) p2494(v71)
    - neighboring facets: f592 f1775 f1290
- f1289
    - flags: top simplicial
    - normal:    0.1246  -0.0235  -0.9919
    - offset: -0.01290365
    - vertices: p2197(v257) p1023(v189) p1231(v68)
    - neighboring facets: f1237 f1687 f1290
- f1290
    - flags: bottom simplicial
    - normal:    0.1247 -0.02352  -0.9919
    - offset: -0.01290367
    - vertices: p2197(v257) p1023(v189) p3966(v126)
    - neighboring facets: f2258 f1286 f1289
- f1295
    - flags: top simplicial
    - normal:    0.9051  0.05493  -0.4217
    - offset: -0.01339701
    - vertices: p3661(v258) p1510(v200) p3733(v127)
    - neighboring facets: f973 f1302 f1693
- f1298
    - flags: bottom simplicial
    - normal:    0.9461  0.08759  -0.3118
    - offset: -0.01374342
    - vertices: p1430(v259) p3407(v128) p3625(v36)
    - neighboring facets: f955 f1301 f1299
- f1299
    - flags: bottom simplicial
    - normal:    0.9177   0.1811  -0.3536
    - offset: -0.01674282
    - vertices: p1430(v259) p260(v195) p3407(v128)
    - neighboring facets: f1304 f1298 f1300
- f1300
    - flags: bottom simplicial
    - normal:    0.8977  0.09761  -0.4297
    - offset: -0.01468933
    - vertices: p1430(v259) p3661(v258) p260(v195)
    - neighboring facets: f1691 f1299 f1302
- f1301
    - flags: top simplicial
    - normal:     0.941  0.06646  -0.3318
    - offset: -0.01323023
    - vertices: p1430(v259) p3733(v127) p3625(v36)
    - neighboring facets: f598 f1298 f1302
- f1302
    - flags: top simplicial
    - normal:    0.9107  0.07301  -0.4066
    - offset: -0.01383954
    - vertices: p1430(v259) p3661(v258) p3733(v127)
    - neighboring facets: f1295 f1301 f1300
- f1303
    - flags: top simplicial
    - normal:    0.9207   0.2106  -0.3286
    - offset: -0.01746936
    - vertices: p2301(v260) p3407(v128) p3242(v8)
    - neighboring facets: f603 f2281 f1304
- f1304
    - flags: top simplicial
    - normal:    0.9177   0.2115  -0.3363
    - offset: -0.01753536
    - vertices: p2301(v260) p260(v195) p3407(v128)
    - neighboring facets: f1299 f1303 f2040
- f1308
    - flags: bottom simplicial
    - normal:    0.7293  0.09084  -0.6781
    - offset: -0.01563225
    - vertices: p2888(v261) p260(v195) p1109(v117)
    - neighboring facets: f946 f1309 f2043
- f1309
    - flags: top simplicial
    - normal:    0.7162  0.08286   -0.693
    - offset: -0.01545127
    - vertices: p2888(v261) p514(v252) p1109(v117)
    - neighboring facets: f1267 f1308 f1310
- f1310
    - flags: bottom simplicial
    - normal:     0.711  0.08027  -0.6986
    - offset: -0.01539454
    - vertices: p2888(v261) p514(v252) p2810(v186)
    - neighboring facets: f1269 f2020 f1309
- f1318
    - flags: top simplicial
    - normal:    0.4648  -0.0418  -0.8844
    - offset: -0.01379971
    - vertices: p2797(v262) p1110(v197) p3059(v9)
    - neighboring facets: f2038 f1319 f1674
- f1319
    - flags: bottom simplicial
    - normal:    0.5267  -0.2006   -0.826
    - offset: -0.01442406
    - vertices: p2797(v262) p272(v184) p3059(v9)
    - neighboring facets: f889 f1318 f2064
- f1321
    - flags: top simplicial
    - normal:    0.8006  -0.5501  -0.2373
    - offset: -0.01242164
    - vertices: p263(v263) p2838(v198) p3840(v82)
    - neighboring facets: f1332 f1706 f2061
- f1322
    - flags: bottom simplicial
    - normal:    0.7745  -0.2094  -0.5969
    - offset: -0.01416628
    - vertices: p263(v263) p2961(v129) p3762(v37)
    - neighboring facets: f607 f1323 f2066
- f1323
    - flags: top simplicial
    - normal:    0.8964   -0.288  -0.3369
    - offset: -0.01298898
    - vertices: p263(v263) p3284(v141) p3762(v37)
    - neighboring facets: f985 f1322 f1707
- f1330
    - flags: top simplicial
    - normal:     0.686  -0.7205  -0.1011
    - offset: -0.01149505
    - vertices: p1827(v264) p2838(v198) p1347(v40)
    - neighboring facets: f2069 f1718 f1331
- f1331
    - flags: bottom simplicial
    - normal:    0.7115   -0.699 -0.07125
    - offset: -0.01120309
    - vertices: p1827(v264) p2838(v198) p2462(v142)
    - neighboring facets: f1333 f1719 f1330
- f1332
    - flags: bottom simplicial
    - normal:     0.789  -0.5892  -0.1739
    - offset: -0.01198041
    - vertices: p2489(v265) p2838(v198) p3840(v82)
    - neighboring facets: f1321 f2072 f1333
- f1333
    - flags: top simplicial
    - normal:     0.731  -0.6783 -0.07512
    - offset: -0.01122313
    - vertices: p2489(v265) p2838(v198) p2462(v142)
    - neighboring facets: f1331 f1727 f1332
- f1336
    - flags: top simplicial
    - normal:    0.8334  0.04685  -0.5506
    - offset: -0.01384602
    - vertices: p3877(v266) p1885(v194) p265(v18)
    - neighboring facets: f1266 f1337 f1692
- f1337
    - flags: bottom simplicial
    - normal:    0.8324  0.04562  -0.5522
    - offset: -0.01384695
    - vertices: p3877(v266) p1982(v199) p265(v18)
    - neighboring facets: f968 f1336 f1732
- f1346
    - flags: top simplicial
    - normal:    0.9592   -0.205  -0.1947
    - offset: -0.01205544
    - vertices: p390(v267) p3284(v141) p1269(v75)
    - neighboring facets: f1708 f2096 f1347
- f1347
    - flags: top simplicial
    - normal:    0.9503  -0.1744  -0.2579
    - offset: -0.01242869
    - vertices: p390(v267) p2338(v201) p3284(v141)
    - neighboring facets: f985 f1346 f2083
- f1350
    - flags: bottom simplicial
    - normal:    0.9304  0.04607  -0.3635
    - offset: -0.01310158
    - vertices: p2105(v268) p1510(v200) p2056(v72)
    - neighboring facets: f973 f1351 f1352
- f1351
    - flags: top simplicial
    - normal:    0.9367  0.04491  -0.3472
    - offset: -0.01302743
    - vertices: p2105(v268) p2338(v201) p2056(v72)
    - neighboring facets: f2085 f1350 f1352
- f1352
    - flags: bottom simplicial
    - normal:    0.9288  0.04562  -0.3676
    - offset: -0.01311918
    - vertices: p2105(v268) p2338(v201) p1510(v200)
    - neighboring facets: f981 f1350 f1351
- f1353
    - flags: bottom simplicial
    - normal:    0.9958  0.05707 -0.07149
    - offset: -0.01162048
    - vertices: p3672(v269) p2709(v202) p2735(v76)
    - neighboring facets: f1426 f1745 f1356
- f1355
    - flags: bottom simplicial
    - normal:    0.9921  0.06598  -0.1065
    - offset: -0.01186155
    - vertices: p3672(v269) p2369(v131) p3209(v73)
    - neighboring facets: f990 f1356 f1752
- f1356
    - flags: top simplicial
    - normal:    0.9945  0.06662 -0.08106
    - offset: -0.01171352
    - vertices: p3672(v269) p2709(v202) p3209(v73)
    - neighboring facets: f1425 f1355 f1353
- f1359
    - flags: top simplicial
    - normal:    0.7151  0.03827   0.6979
    - offset: -0.005790334
    - vertices: p3703(v270) p1303(v132) p1354(v77)
    - neighboring facets: f1811 f1360 f1361
- f1360
    - flags: bottom simplicial
    - normal:    0.7142  0.03813   0.6989
    - offset: -0.005779879
    - vertices: p3703(v270) p3143(v204) p1354(v77)
    - neighboring facets: f1364 f1359 f1362
- f1361
    - flags: top simplicial
    - normal:    0.6621   0.0879   0.7443
    - offset: -0.006786933
    - vertices: p3703(v270) p2839(v224) p1303(v132)
    - neighboring facets: f1874 f1359 f1362
- f1362
    - flags: bottom simplicial
    - normal:    0.5937   0.0438   0.8035
    - offset: -0.00505334
    - vertices: p3703(v270) p2839(v224) p3143(v204)
    - neighboring facets: f1116 f1360 f1361
- f1363
    - flags: bottom simplicial
    - normal:    0.6266  0.02079   0.7791
    - offset: -0.004769197
    - vertices: p451(v271) p2320(v133) p1354(v77)
    - neighboring facets: f1392 f1364 f1365
- f1364
    - flags: top simplicial
    - normal:    0.6517  0.02805    0.758
    - offset: -0.005059227
    - vertices: p451(v271) p3143(v204) p1354(v77)
    - neighboring facets: f1360 f1363 f1365
- f1365
    - flags: bottom simplicial
    - normal:    0.6092  0.02256   0.7927
    - offset: -0.00460708
    - vertices: p451(v271) p3143(v204) p2320(v133)
    - neighboring facets: f1373 f1363 f1364
- f1366
    - flags: top simplicial
    - normal:    0.8009  0.06759   0.5949
    - offset: -0.007477987
    - vertices: p1599(v272) p3567(v205) p1303(v132)
    - neighboring facets: f1814 f1873 f1370
- f1368
    - flags: bottom simplicial
    - normal:    0.7296   0.1929   0.6561
    - offset: -0.01059116
    - vertices: p1599(v272) p1338(v149) p1456(v86)
    - neighboring facets: f706 f1872 f1369
- f1369
    - flags: top simplicial
    - normal:    0.8267   0.1284   0.5478
    - offset: -0.009593813
    - vertices: p1599(v272) p1338(v149) p1249(v21)
    - neighboring facets: f707 f1370 f1368
- f1370
    - flags: bottom simplicial
    - normal:    0.8331   0.1194   0.5401
    - offset: -0.009384285
    - vertices: p1599(v272) p3567(v205) p1249(v21)
    - neighboring facets: f1455 f1369 f1366
- f1373
    - flags: top simplicial
    - normal:    0.5784  0.01982   0.8155
    - offset: -0.004312278
    - vertices: p1382(v273) p3143(v204) p2320(v133)
    - neighboring facets: f1365 f1758 f1867
- f1380
    - flags: bottom simplicial
    - normal:    0.4291 -0.02931   0.9028
    - offset: -0.002852475
    - vertices: p3466(v275) p312(v230) p2320(v133)
    - neighboring facets: f1147 f1761 f1550
- f1384
    - flags: bottom simplicial
    - normal:    0.9474  -0.3184  0.03342
    - offset: -0.01056923
    - vertices: p1117(v276) p869(v209) p45(v134)
    - neighboring facets: f1018 f1385 f2091
- f1385
    - flags: bottom simplicial
    - normal:    0.9304  -0.3652  0.03192
    - offset: -0.01055826
    - vertices: p1117(v276) p45(v134) p2657(v19)
    - neighboring facets: f2129 f1386 f1384
- f1386
    - flags: top simplicial
    - normal:    0.9266  -0.3751 -0.02702
    - offset: -0.01092078
    - vertices: p1117(v276) p1230(v208) p2657(v19)
    - neighboring facets: f1015 f1385 f2090
- f1391
    - flags: bottom simplicial
    - normal:    0.8718  -0.3206   0.3704
    - offset: -0.008749016
    - vertices: p2295(v277) p2069(v210) p3732(v136)
    - neighboring facets: f1784 f2367 f2142
- f1392
    - flags: top simplicial
    - normal:    0.6312 -0.03866   0.7747
    - offset: -0.004724282
    - vertices: p2404(v278) p2320(v133) p1354(v77)
    - neighboring facets: f1363 f1393 f1394
- f1393
    - flags: bottom simplicial
    - normal:    0.6621 -0.04268   0.7482
    - offset: -0.005061271
    - vertices: p2404(v278) p2069(v210) p1354(v77)
    - neighboring facets: f2141 f1392 f2115
- f1394
    - flags: bottom simplicial
    - normal:    0.6072 -0.04178   0.7934
    - offset: -0.004492532
    - vertices: p2404(v278) p2320(v133) p741(v39)
    - neighboring facets: f1147 f1417 f1392
- f1397
    - flags: bottom simplicial
    - normal:   -0.3508  -0.9364  0.00273
    - offset: -0.009495343
    - vertices: p3210(v279) p891(v90) p3415(v46)
    - neighboring facets: f423 f1769 f1398
- f1398
    - flags: bottom simplicial
    - normal:   -0.2673  -0.9636 -0.0003933
    - offset: -0.009506253
    - vertices: p3210(v279) p2323(v211) p891(v90)
    - neighboring facets: f1153 f1397 f1767
- f1417
    - flags: bottom simplicial
    - normal:    0.6414  -0.2728   0.7171
    - offset: -0.005907816
    - vertices: p1663(v282) p2404(v278) p741(v39)
    - neighboring facets: f1394 f1553 f2117
- f1420
    - flags: bottom simplicial
    - normal:     0.522  -0.3872     0.76
    - offset: -0.00573557
    - vertices: p1663(v282) p2817(v157) p989(v80)
    - neighboring facets: f759 f2288 f1421
- f1421
    - flags: bottom simplicial
    - normal:    0.5031  -0.3319    0.798
    - offset: -0.005175833
    - vertices: p1663(v282) p997(v227) p2817(v157)
    - neighboring facets: f1537 f1420 f1551
- f1422
    - flags: top simplicial
    - normal:    0.9935   0.1108 -0.02662
    - offset: -0.01265211
    - vertices: p2351(v283) p344(v215) p3209(v73)
    - neighboring facets: f1062 f1425 f1430
- f1425
    - flags: bottom simplicial
    - normal:    0.9956  0.06726 -0.06552
    - offset: -0.01162799
    - vertices: p2351(v283) p2709(v202) p3209(v73)
    - neighboring facets: f1356 f1422 f1426
- f1426
    - flags: top simplicial
    - normal:    0.9964  0.06692 -0.05126
    - offset: -0.01154344
    - vertices: p2351(v283) p2709(v202) p2735(v76)
    - neighboring facets: f1353 f1438 f1425
- f1427
    - flags: top simplicial
    - normal:    0.9803   0.1075   0.1658
    - offset: -0.01143159
    - vertices: p5(v284) p1988(v147) p2082(v85)
    - neighboring facets: f1448 f1431 f1429
- f1428
    - flags: bottom simplicial
    - normal:    0.9545   0.2952  0.04311
    - offset: -0.01796164
    - vertices: p5(v284) p344(v215) p2132(v214)
    - neighboring facets: f1063 f1432 f1430
- f1429
    - flags: top simplicial
    - normal:    0.9924  0.09908   0.0726
    - offset: -0.01172369
    - vertices: p5(v284) p2351(v283) p1988(v147)
    - neighboring facets: f1439 f1427 f1430
- f1430
    - flags: bottom simplicial
    - normal:    0.9935   0.1113  0.02266
    - offset: -0.01238042
    - vertices: p5(v284) p2351(v283) p344(v215)
    - neighboring facets: f1422 f1428 f1429
- f1431
    - flags: top simplicial
    - normal:     0.874   0.4176   0.2483
    - offset: -0.02024831
    - vertices: p5(v284) p2082(v85) p3508(v43)
    - neighboring facets: f705 f1432 f1427
- f1432
    - flags: bottom simplicial
    - normal:    0.8656   0.4416    0.236
    - offset: -0.02102101
    - vertices: p5(v284) p2132(v214) p3508(v43)
    - neighboring facets: f1056 f1431 f1428
- f1433
    - flags: top simplicial
    - normal:    0.9986  0.04178  -0.0324
    - offset: -0.01135277
    - vertices: p544(v285) p2735(v76) p145(v2)
    - neighboring facets: f1744 f1824 f1434
- f1434
    - flags: top simplicial
    - normal:     0.997  0.05004   0.0592
    - offset: -0.01081032
    - vertices: p544(v285) p3115(v216) p2735(v76)
    - neighboring facets: f1437 f1433 f1822
- f1437
    - flags: bottom simplicial
    - normal:    0.9968  0.05112  0.06182
    - offset: -0.01079633
    - vertices: p3168(v286) p3115(v216) p2735(v76)
    - neighboring facets: f1434 f1438 f2310
- f1438
    - flags: top simplicial
    - normal:     0.996  0.06567  0.05988
    - offset: -0.01085774
    - vertices: p3168(v286) p2351(v283) p2735(v76)
    - neighboring facets: f1426 f1437 f1439
- f1439
    - flags: bottom simplicial
    - normal:    0.9951  0.06605  0.07305
    - offset: -0.01078402
    - vertices: p3168(v286) p2351(v283) p1988(v147)
    - neighboring facets: f1429 f1440 f1438
- f1440
    - flags: top simplicial
    - normal:    0.9781  0.06282   0.1982
    - offset: -0.009963459
    - vertices: p3168(v286) p1870(v148) p1988(v147)
    - neighboring facets: f1072 f1439 f1794
- f1448
    - flags: bottom simplicial
    - normal:    0.9754  0.09103   0.2005
    - offset: -0.01074994
    - vertices: p804(v288) p1988(v147) p2082(v85)
    - neighboring facets: f1427 f1449 f1450
- f1449
    - flags: top simplicial
    - normal:    0.9653  0.07757   0.2492
    - offset: -0.01007438
    - vertices: p804(v288) p2403(v217) p2082(v85)
    - neighboring facets: f1803 f1448 f1450
- f1450
    - flags: bottom simplicial
    - normal:    0.9721  0.07749   0.2213
    - offset: -0.01023032
    - vertices: p804(v288) p2403(v217) p1988(v147)
    - neighboring facets: f1072 f1448 f1449
- f1451
    - flags: bottom simplicial
    - normal:    0.9278  0.07203   0.3659
    - offset: -0.009201152
    - vertices: p3805(v289) p2082(v85) p1249(v21)
    - neighboring facets: f707 f1455 f1804
- f1455
    - flags: top simplicial
    - normal:    0.8953  0.06073   0.4412
    - offset: -0.008346362
    - vertices: p3805(v289) p3567(v205) p1249(v21)
    - neighboring facets: f1370 f1451 f1818
- f1481
    - flags: bottom simplicial
    - normal:   -0.3403   0.2334   0.9109
    - offset: -0.009557203
    - vertices: p1300(v293) p1638(v152) p2042(v10)
    - neighboring facets: f1094 f1958 f1483
- f1483
    - flags: top simplicial
    - normal:   -0.1858   0.2498   0.9503
    - offset: -0.009315667
    - vertices: p1300(v293) p1638(v152) p109(v87)
    - neighboring facets: f726 f1484 f1481
- f1484
    - flags: bottom simplicial
    - normal:   -0.1568   0.2329   0.9598
    - offset: -0.008603633
    - vertices: p1300(v293) p2316(v219) p109(v87)
    - neighboring facets: f1085 f1483 f2177
- f1495
    - flags: top simplicial
    - normal:    0.3064  0.05943     0.95
    - offset: -0.0037168
    - vertices: p1788(v295) p2245(v223) p3786(v88)
    - neighboring facets: f1514 f2166 f1841
- f1501
    - flags: bottom simplicial
    - normal:     0.394   0.5829   0.7106
    - offset: -0.02084147
    - vertices: p3459(v296) p1456(v86) p3508(v43)
    - neighboring facets: f706 f1853 f1871
- f1513
    - flags: top simplicial
    - normal:    0.3737  0.02574   0.9272
    - offset: -0.003171465
    - vertices: p1396(v299) p139(v206) p3786(v88)
    - neighboring facets: f1765 f1514 f1515
- f1514
    - flags: bottom simplicial
    - normal:    0.3637  0.04135   0.9306
    - offset: -0.003528532
    - vertices: p1396(v299) p2245(v223) p3786(v88)
    - neighboring facets: f1495 f1513 f1516
- f1515
    - flags: top simplicial
    - normal:    0.4667  0.03058   0.8839
    - offset: -0.003845322
    - vertices: p1396(v299) p3575(v298) p139(v206)
    - neighboring facets: f1864 f1513 f1517
- f1516
    - flags: top simplicial
    - normal:    0.4588  0.06601   0.8861
    - offset: -0.004743052
    - vertices: p1396(v299) p2245(v223) p2466(v11)
    - neighboring facets: f1520 f1517 f1514
- f1517
    - flags: bottom simplicial
    - normal:    0.4784  0.03744   0.8773
    - offset: -0.00409678
    - vertices: p1396(v299) p3575(v298) p2466(v11)
    - neighboring facets: f1865 f1516 f1515
- f1520
    - flags: bottom simplicial
    - normal:     0.464  0.07067    0.883
    - offset: -0.004902174
    - vertices: p1199(v300) p2245(v223) p2466(v11)
    - neighboring facets: f1516 f1521 f2191
- f1521
    - flags: top simplicial
    - normal:    0.4734  0.06957   0.8781
    - offset: -0.004932119
    - vertices: p1199(v300) p2839(v224) p2466(v11)
    - neighboring facets: f1116 f1520 f2183
- f1525
    - flags: top simplicial
    - normal:    0.1512 -0.01991   0.9883
    - offset: -0.001084191
    - vertices: p959(v301) p177(v225) p547(v155)
    - neighboring facets: f1542 f1527 f1883
- f1527
    - flags: bottom simplicial
    - normal:    0.1078 -0.01465   0.9941
    - offset: -0.001029346
    - vertices: p959(v301) p0(v237) p547(v155)
    - neighboring facets: f1590 f1525 f1604
- f1537
    - flags: top simplicial
    - normal:    0.3205  -0.1414   0.9366
    - offset: -0.002711466
    - vertices: p1121(v303) p997(v227) p2817(v157)
    - neighboring facets: f1421 f1538 f1548
- f1538
    - flags: bottom simplicial
    - normal:     0.222 -0.06271    0.973
    - offset: -0.001586233
    - vertices: p1121(v303) p2653(v228) p2817(v157)
    - neighboring facets: f1545 f1537 f2195
- f1542
    - flags: bottom simplicial
    - normal:    0.1501 -0.02558   0.9883
    - offset: -0.001060696
    - vertices: p1413(v304) p177(v225) p547(v155)
    - neighboring facets: f1525 f1544 f1543
- f1543
    - flags: bottom simplicial
    - normal:    0.1666 -0.02635   0.9857
    - offset: -0.001114728
    - vertices: p1413(v304) p2653(v228) p177(v225)
    - neighboring facets: f1885 f1542 f1545
- f1544
    - flags: top simplicial
    - normal:     0.141 -0.02647   0.9897
    - offset: -0.001041769
    - vertices: p1413(v304) p3413(v229) p547(v155)
    - neighboring facets: f1588 f1542 f1546
- f1545
    - flags: top simplicial
    - normal:    0.2045 -0.09359   0.9744
    - offset: -0.001771626
    - vertices: p1413(v304) p2653(v228) p2817(v157)
    - neighboring facets: f1538 f1546 f1543
- f1546
    - flags: bottom simplicial
    - normal:    0.1902  -0.1469   0.9707
    - offset: -0.0021635
    - vertices: p1413(v304) p3413(v229) p2817(v157)
    - neighboring facets: f1141 f1545 f1544
- f1547
    - flags: top simplicial
    - normal:    0.3052 -0.03442   0.9517
    - offset: -0.001888761
    - vertices: p354(v305) p1121(v303) p624(v158)
    - neighboring facets: f1888 f1549 f1548
- f1548
    - flags: bottom simplicial
    - normal:    0.3168  -0.0468   0.9474
    - offset: -0.002042345
    - vertices: p354(v305) p1121(v303) p997(v227)
    - neighboring facets: f1537 f1551 f1547
- f1549
    - flags: bottom simplicial
    - normal:    0.3706 -0.02987   0.9283
    - offset: -0.002375321
    - vertices: p354(v305) p3466(v275) p624(v158)
    - neighboring facets: f1876 f1547 f1550
- f1550
    - flags: top simplicial
    - normal:    0.3907 -0.03068     0.92
    - offset: -0.002536782
    - vertices: p354(v305) p3466(v275) p312(v230)
    - neighboring facets: f1380 f1552 f1549
- f1551
    - flags: top simplicial
    - normal:     0.518  -0.2351   0.8224
    - offset: -0.004604744
    - vertices: p354(v305) p1663(v282) p997(v227)
    - neighboring facets: f1421 f1548 f1553
- f1552
    - flags: top simplicial
    - normal:    0.5196  -0.1899    0.833
    - offset: -0.004379674
    - vertices: p354(v305) p312(v230) p741(v39)
    - neighboring facets: f1147 f1553 f1550
- f1553
    - flags: bottom simplicial
    - normal:    0.5366  -0.2322   0.8113
    - offset: -0.00473777
    - vertices: p354(v305) p1663(v282) p741(v39)
    - neighboring facets: f1417 f1552 f1551
- f1555
    - flags: bottom simplicial
    - normal:   -0.2182  -0.9759 0.004682
    - offset: -0.009483051
    - vertices: p3212(v306) p1539(v231) p2323(v211)
    - neighboring facets: f1153 f1893 f1898
- f1556
    - flags: bottom simplicial
    - normal:  -0.05651  -0.9951  0.08087
    - offset: -0.009364747
    - vertices: p3212(v306) p1361(v79) p1031(v6)
    - neighboring facets: f1142 f1897 f1892
- f1560
    - flags: bottom simplicial
    - normal:   -0.8188  -0.5741 0.0002559
    - offset: -0.009510347
    - vertices: p3836(v307) p2777(v161) p2753(v58)
    - neighboring facets: f776 f1909 f1903
- f1569
    - flags: bottom simplicial
    - normal:   -0.6349  -0.7723 -0.02096
    - offset: -0.009723461
    - vertices: p1071(v309) p3490(v308) p2960(v176)
    - neighboring facets: f1905 f1577 f2204
- f1572
    - flags: bottom simplicial
    - normal:   -0.6929  -0.7145    0.097
    - offset: -0.009388344
    - vertices: p1865(v310) p3089(v160) p2030(v92)
    - neighboring facets: f769 f1917 f1921
- f1575
    - flags: top simplicial
    - normal:   -0.6909  -0.7229 0.002553
    - offset: -0.009521225
    - vertices: p1865(v310) p1071(v309) p2556(v233)
    - neighboring facets: f2200 f1918 f1577
- f1577
    - flags: bottom simplicial
    - normal:   -0.6356   -0.772 5.892e-05
    - offset: -0.009502684
    - vertices: p1865(v310) p1071(v309) p2960(v176)
    - neighboring facets: f1569 f1925 f1575
- f1578
    - flags: top simplicial
    - normal:   0.04265 -0.01336    0.999
    - offset: -0.001023826
    - vertices: p3547(v311) p3392(v162) p1031(v6)
    - neighboring facets: f1941 f1933 f1939
- f1586
    - flags: bottom simplicial
    - normal:  -0.08202 0.003125   0.9966
    - offset: -0.001369387
    - vertices: p2923(v312) p1406(v166) p2334(v47)
    - neighboring facets: f1201 f1928 f1587
- f1587
    - flags: top simplicial
    - normal:  -0.06793 0.002167   0.9977
    - offset: -0.001312548
    - vertices: p2923(v312) p1406(v166) p83(v99)
    - neighboring facets: f2222 f2210 f1586
- f1588
    - flags: bottom simplicial
    - normal:    0.1117 -0.02313   0.9935
    - offset: -0.001003662
    - vertices: p1601(v313) p3413(v229) p547(v155)
    - neighboring facets: f1544 f1590 f1589
- f1589
    - flags: bottom simplicial
    - normal:    0.1055 -0.04531   0.9934
    - offset: -0.001207587
    - vertices: p1601(v313) p1501(v236) p3413(v229)
    - neighboring facets: f1178 f1588 f1591
- f1590
    - flags: top simplicial
    - normal:     0.102 -0.02065   0.9946
    - offset: -0.0009961385
    - vertices: p1601(v313) p0(v237) p547(v155)
    - neighboring facets: f1527 f1588 f1591
- f1591
    - flags: bottom simplicial
    - normal:   0.07255 -0.01621   0.9972
    - offset: -0.0009999392
    - vertices: p1601(v313) p0(v237) p1501(v236)
    - neighboring facets: f1185 f1589 f1590
- f1602
    - flags: top simplicial
    - normal:   0.08028  0.01619   0.9966
    - offset: -0.001654711
    - vertices: p1998(v315) p559(v314) p1451(v45)
    - neighboring facets: f1836 f1603 f2226
- f1603
    - flags: bottom simplicial
    - normal:    0.1024 -0.008002   0.9947
    - offset: -0.001150869
    - vertices: p1998(v315) p959(v301) p1451(v45)
    - neighboring facets: f2372 f1602 f1604
- f1604
    - flags: top simplicial
    - normal:   0.09983 -0.01305   0.9949
    - offset: -0.001032444
    - vertices: p1998(v315) p959(v301) p0(v237)
    - neighboring facets: f1527 f1938 f1603
- f1605
    - flags: bottom simplicial
    - normal:   -0.5501  0.04516   0.8338
    - offset: -0.004518729
    - vertices: p2832(v316) p1373(v164) p2042(v10)
    - neighboring facets: f1194 f1606 f1607
- f1606
    - flags: top simplicial
    - normal:   -0.6155  0.05064   0.7865
    - offset: -0.005082373
    - vertices: p2832(v316) p496(v238) p2042(v10)
    - neighboring facets: f1191 f1605 f1607
- f1607
    - flags: bottom simplicial
    - normal:   -0.6093  0.03209   0.7923
    - offset: -0.005052904
    - vertices: p2832(v316) p496(v238) p1373(v164)
    - neighboring facets: f1189 f1605 f1606
- f1608
    - flags: bottom simplicial
    - normal:   -0.1017  0.01941   0.9946
    - offset: -0.001549336
    - vertices: p3461(v317) p637(v241) p1406(v166)
    - neighboring facets: f1201 f1609 f1610
- f1609
    - flags: top simplicial
    - normal:   -0.0961  0.01832   0.9952
    - offset: -0.001521898
    - vertices: p3461(v317) p1806(v242) p1406(v166)
    - neighboring facets: f2224 f1608 f2231
- f1610
    - flags: top simplicial
    - normal:   -0.1257  0.02485   0.9918
    - offset: -0.001683812
    - vertices: p3461(v317) p637(v241) p3939(v24)
    - neighboring facets: f1202 f1963 f1608
- f1616
    - flags: top simplicial
    - normal:   0.02064  0.04414  -0.9988
    - offset: -0.01423878
    - vertices: p757(v318) p2985(v247) p267(v102)
    - neighboring facets: f2239 f1967 f1617
- f1617
    - flags: bottom simplicial
    - normal:   0.02282  0.02279  -0.9995
    - offset: -0.01368751
    - vertices: p757(v318) p2985(v247) p2931(v66)
    - neighboring facets: f1972 f1618 f1616
- f1618
    - flags: bottom simplicial
    - normal:  -0.006608  0.01652  -0.9998
    - offset: -0.01348861
    - vertices: p757(v318) p2931(v66) p855(v4)
    - neighboring facets: f285 f1971 f1617
- f1629
    - flags: bottom simplicial
    - normal:    0.3622 -0.002154  -0.9321
    - offset: -0.01361698
    - vertices: p1204(v320) p2578(v187) p365(v118)
    - neighboring facets: f1261 f2004 f1983
- f1645
    - flags: bottom simplicial
    - normal:    0.1861 -0.02592  -0.9822
    - offset: -0.01297278
    - vertices: p3384(v323) p2053(v65) p295(v17)
    - neighboring facets: f884 f2256 f2010
- f1649
    - flags: bottom simplicial
    - normal:   -0.4594  -0.8881  0.01229
    - offset: -0.009397973
    - vertices: p1313(v324) p3415(v46) p2249(v23)
    - neighboring facets: f422 f2264 f2012
- f1652
    - flags: top simplicial
    - normal:     0.307 -0.01214  -0.9516
    - offset: -0.01335489
    - vertices: p748(v325) p23(v251) p365(v118)
    - neighboring facets: f1261 f2002 f1655
- f1654
    - flags: bottom simplicial
    - normal:    0.2898 -0.03114  -0.9566
    - offset: -0.0132632
    - vertices: p748(v325) p1611(v182) p2055(v116)
    - neighboring facets: f890 f2253 f1655
- f1655
    - flags: bottom simplicial
    - normal:    0.2938 -0.03077  -0.9554
    - offset: -0.01327601
    - vertices: p748(v325) p23(v251) p1611(v182)
    - neighboring facets: f1260 f1654 f1652
- f1666
    - flags: bottom simplicial
    - normal:    0.6789  0.03229  -0.7335
    - offset: -0.0141828
    - vertices: p1276(v328) p2810(v186) p1131(v74)
    - neighboring facets: f1269 f2267 f1668
- f1668
    - flags: bottom simplicial
    - normal:    0.6362     0.06  -0.7692
    - offset: -0.01504538
    - vertices: p1276(v328) p2058(v327) p2810(v186)
    - neighboring facets: f2021 f1666 f1670
- f1670
    - flags: top simplicial
    - normal:    0.5325  0.05739  -0.8445
    - offset: -0.01511898
    - vertices: p1276(v328) p2058(v327) p2508(v67)
    - neighboring facets: f2025 f2033 f1668
- f1674
    - flags: bottom simplicial
    - normal:    0.4934 -0.03991  -0.8689
    - offset: -0.01384972
    - vertices: p1940(v329) p2797(v262) p1110(v197)
    - neighboring facets: f1318 f2039 f1678
- f1677
    - flags: top simplicial
    - normal:    0.5622 -0.04177   -0.826
    - offset: -0.01395847
    - vertices: p1940(v329) p2961(v129) p1131(v74)
    - neighboring facets: f607 f2027 f1678
- f1678
    - flags: top simplicial
    - normal:    0.5477 -0.04373  -0.8355
    - offset: -0.01393789
    - vertices: p1940(v329) p2797(v262) p2961(v129)
    - neighboring facets: f2065 f1677 f1674
- f1684
    - flags: bottom simplicial
    - normal:   0.02352 -0.009861  -0.9997
    - offset: -0.01303804
    - vertices: p3874(v331) p1778(v188) p3961(v119)
    - neighboring facets: f909 f1777 f1774
- f1687
    - flags: top simplicial
    - normal:    0.1044 -0.02216  -0.9943
    - offset: -0.01292416
    - vertices: p787(v332) p2197(v257) p1231(v68)
    - neighboring facets: f1289 f1779 f1776
- f1690
    - flags: top simplicial
    - normal:    0.8354  0.06684  -0.5456
    - offset: -0.01437963
    - vertices: p1180(v333) p260(v195) p1885(v194)
    - neighboring facets: f946 f1692 f1691
- f1691
    - flags: top simplicial
    - normal:    0.8722  0.08004  -0.4825
    - offset: -0.01445813
    - vertices: p1180(v333) p3661(v258) p260(v195)
    - neighboring facets: f1300 f1690 f1693
- f1692
    - flags: bottom simplicial
    - normal:    0.8577  0.04971  -0.5117
    - offset: -0.01372215
    - vertices: p1180(v333) p3877(v266) p1885(v194)
    - neighboring facets: f1336 f1690 f1694
- f1693
    - flags: bottom simplicial
    - normal:    0.8836  0.05184  -0.4654
    - offset: -0.01354509
    - vertices: p1180(v333) p3661(v258) p1510(v200)
    - neighboring facets: f1295 f1694 f1691
- f1694
    - flags: top simplicial
    - normal:     0.881  0.05143  -0.4703
    - offset: -0.0135596
    - vertices: p1180(v333) p3877(v266) p1510(v200)
    - neighboring facets: f1730 f1693 f1692
- f1706
    - flags: top simplicial
    - normal:    0.8131  -0.5342  -0.2313
    - offset: -0.01239148
    - vertices: p752(v336) p263(v263) p3840(v82)
    - neighboring facets: f1321 f1712 f1707
- f1707
    - flags: bottom simplicial
    - normal:    0.8964  -0.2883  -0.3366
    - offset: -0.01298708
    - vertices: p752(v336) p263(v263) p3284(v141)
    - neighboring facets: f1323 f1708 f1706
- f1708
    - flags: bottom simplicial
    - normal:    0.9314  -0.3232  -0.1677
    - offset: -0.0119399
    - vertices: p752(v336) p3284(v141) p1269(v75)
    - neighboring facets: f1346 f1709 f1707
- f1709
    - flags: top simplicial
    - normal:    0.9273  -0.3662 -0.07782
    - offset: -0.01128249
    - vertices: p752(v336) p2739(v140) p1269(v75)
    - neighboring facets: f1012 f1708 f1710
- f1710
    - flags: bottom simplicial
    - normal:    0.9053  -0.4219  -0.0489
    - offset: -0.01107183
    - vertices: p752(v336) p2739(v140) p2657(v19)
    - neighboring facets: f1015 f1711 f1709
- f1711
    - flags: top simplicial
    - normal:    0.8728  -0.4856 -0.04973
    - offset: -0.01107011
    - vertices: p752(v336) p3753(v281) p2657(v19)
    - neighboring facets: f2299 f1710 f1712
- f1712
    - flags: bottom simplicial
    - normal:    0.8702  -0.4901 -0.05062
    - offset: -0.01107502
    - vertices: p752(v336) p3753(v281) p3840(v82)
    - neighboring facets: f2077 f1706 f1711
- f1714
    - flags: bottom simplicial
    - normal:     0.554  -0.4976  -0.6675
    - offset: -0.01496012
    - vertices: p314(v337) p3259(v139) p17(v81)
    - neighboring facets: f1041 f1716 f2067
- f1716
    - flags: top simplicial
    - normal:    0.4922  -0.2957  -0.8187
    - offset: -0.01468893
    - vertices: p314(v337) p272(v184) p17(v81)
    - neighboring facets: f896 f1714 f2063
- f1718
    - flags: top simplicial
    - normal:    0.6584  -0.7497 -0.06617
    - offset: -0.01124057
    - vertices: p682(v338) p1827(v264) p1347(v40)
    - neighboring facets: f1330 f1720 f1719
- f1719
    - flags: bottom simplicial
    - normal:    0.6769  -0.7347 -0.04618
    - offset: -0.01104811
    - vertices: p682(v338) p1827(v264) p2462(v142)
    - neighboring facets: f1331 f2387 f1718
- f1720
    - flags: bottom simplicial
    - normal:    0.5356  -0.8434  0.04165
    - offset: -0.01028133
    - vertices: p682(v338) p989(v80) p1347(v40)
    - neighboring facets: f656 f1718 f2293
- f1723
    - flags: top simplicial
    - normal:    0.8158  -0.5766  -0.0449
    - offset: -0.01104376
    - vertices: p491(v339) p2489(v265) p2571(v213)
    - neighboring facets: f1728 f2076 f2074
- f1726
    - flags: bottom simplicial
    - normal:    0.7664  -0.6414 -0.03458
    - offset: -0.01098241
    - vertices: p2533(v340) p2571(v213) p2462(v142)
    - neighboring facets: f2398 f1727 f1728
- f1727
    - flags: top simplicial
    - normal:    0.7387  -0.6705 -0.06936
    - offset: -0.0111908
    - vertices: p2533(v340) p2489(v265) p2462(v142)
    - neighboring facets: f1333 f1726 f1728
- f1728
    - flags: bottom simplicial
    - normal:    0.7885  -0.6133 -0.04642
    - offset: -0.01105786
    - vertices: p2533(v340) p2489(v265) p2571(v213)
    - neighboring facets: f1723 f1726 f1727
- f1729
    - flags: bottom simplicial
    - normal:    0.8956  0.04294  -0.4428
    - offset: -0.01342542
    - vertices: p2510(v341) p1510(v200) p3341(v130)
    - neighboring facets: f981 f1731 f1730
- f1730
    - flags: bottom simplicial
    - normal:    0.8814  0.05086  -0.4696
    - offset: -0.01355494
    - vertices: p2510(v341) p3877(v266) p1510(v200)
    - neighboring facets: f1694 f1729 f1732
- f1731
    - flags: top simplicial
    - normal:    0.8739  0.03704  -0.4847
    - offset: -0.01359562
    - vertices: p2510(v341) p1982(v199) p3341(v130)
    - neighboring facets: f969 f1729 f1732
- f1732
    - flags: top simplicial
    - normal:    0.8517  0.04522  -0.5221
    - offset: -0.0137455
    - vertices: p2510(v341) p3877(v266) p1982(v199)
    - neighboring facets: f1337 f1731 f1730
- f1734
    - flags: bottom simplicial
    - normal:    0.9784  0.06256  -0.1972
    - offset: -0.01233178
    - vertices: p253(v342) p306(v203) p2369(v131)
    - neighboring facets: f990 f2099 f1738
- f1737
    - flags: top simplicial
    - normal:    0.9624  0.06153  -0.2645
    - offset: -0.01268359
    - vertices: p253(v342) p1329(v196) p2056(v72)
    - neighboring facets: f954 f2086 f1738
- f1738
    - flags: top simplicial
    - normal:    0.9627  0.06158  -0.2633
    - offset: -0.01267823
    - vertices: p253(v342) p306(v203) p1329(v196)
    - neighboring facets: f993 f1737 f1734
- f1744
    - flags: bottom simplicial
    - normal:    0.9971  0.04546 -0.06068
    - offset: -0.01152312
    - vertices: p1497(v344) p2735(v76) p145(v2)
    - neighboring facets: f1433 f1827 f1745
- f1745
    - flags: bottom simplicial
    - normal:     0.996  0.04831 -0.07511
    - offset: -0.01160997
    - vertices: p1497(v344) p3672(v269) p2735(v76)
    - neighboring facets: f1353 f1744 f2101
- f1752
    - flags: top simplicial
    - normal:    0.9847  0.04894   -0.167
    - offset: -0.0121268
    - vertices: p1083(v345) p3672(v269) p2369(v131)
    - neighboring facets: f1355 f2100 f2102
- f1758
    - flags: top simplicial
    - normal:    0.5021  0.01147   0.8648
    - offset: -0.003586892
    - vertices: p283(v346) p1382(v273) p2320(v133)
    - neighboring facets: f1373 f2105 f1759
- f1759
    - flags: bottom simplicial
    - normal:    0.4897  0.01665   0.8718
    - offset: -0.003631562
    - vertices: p283(v346) p1382(v273) p139(v206)
    - neighboring facets: f1863 f2106 f1758
- f1761
    - flags: bottom simplicial
    - normal:    0.4331 -0.02166   0.9011
    - offset: -0.002900346
    - vertices: p3074(v347) p3466(v275) p2320(v133)
    - neighboring facets: f1380 f2107 f2108
- f1764
    - flags: top simplicial
    - normal:    0.3784 -0.002647   0.9256
    - offset: -0.002493859
    - vertices: p799(v348) p3466(v275) p2416(v274)
    - neighboring facets: f1877 f1766 f2110
- f1765
    - flags: bottom simplicial
    - normal:    0.3704  0.02178   0.9286
    - offset: -0.003052122
    - vertices: p799(v348) p139(v206) p3786(v88)
    - neighboring facets: f1513 f1766 f2109
- f1766
    - flags: top simplicial
    - normal:     0.357  0.01415    0.934
    - offset: -0.002788275
    - vertices: p799(v348) p2416(v274) p3786(v88)
    - neighboring facets: f1880 f1765 f1764
- f1767
    - flags: top simplicial
    - normal:   -0.2649  -0.9631 -0.04867
    - offset: -0.01002382
    - vertices: p2866(v349) p3210(v279) p2323(v211)
    - neighboring facets: f1398 f2111 f1769
- f1769
    - flags: bottom simplicial
    - normal:   -0.3571  -0.9273  -0.1125
    - offset: -0.0106988
    - vertices: p2866(v349) p3210(v279) p3415(v46)
    - neighboring facets: f1397 f2014 f1767
- f1770
    - flags: top simplicial
    - normal:  -0.04101  -0.9797  -0.1963
    - offset: -0.01166672
    - vertices: p2866(v349) p31(v280) p2494(v71)
    - neighboring facets: f1781 f1775 f2112
- f1771
    - flags: bottom simplicial
    - normal:    -0.376  -0.9152  -0.1447
    - offset: -0.01104325
    - vertices: p2866(v349) p2455(v249) p3310(v5)
    - neighboring facets: f1251 f1773 f2015
- f1773
    - flags: top simplicial
    - normal:  -0.01125  -0.1007  -0.9949
    - offset: -0.01387236
    - vertices: p2866(v349) p1778(v188) p3310(v5)
    - neighboring facets: f910 f1771 f1774
- f1774
    - flags: top simplicial
    - normal:   0.02394 -0.02013  -0.9995
    - offset: -0.01312242
    - vertices: p2866(v349) p3874(v331) p1778(v188)
    - neighboring facets: f1684 f1773 f1777
- f1775
    - flags: bottom simplicial
    - normal:    0.1149 -0.05718  -0.9917
    - offset: -0.01318916
    - vertices: p2866(v349) p2197(v257) p2494(v71)
    - neighboring facets: f1286 f1770 f1776
- f1776
    - flags: bottom simplicial
    - normal:    0.1024 -0.02364  -0.9945
    - offset: -0.01293914
    - vertices: p2866(v349) p787(v332) p2197(v257)
    - neighboring facets: f1687 f1775 f1779
- f1777
    - flags: bottom simplicial
    - normal:   0.03441  -0.0119  -0.9993
    - offset: -0.01302416
    - vertices: p2866(v349) p3874(v331) p3961(v119)
    - neighboring facets: f1684 f1778 f1774
- f1778
    - flags: bottom simplicial
    - normal:   0.08676 -0.01907   -0.996
    - offset: -0.01294741
    - vertices: p2866(v349) p3961(v119) p1231(v68)
    - neighboring facets: f1978 f1779 f1777
- f1779
    - flags: top simplicial
    - normal:    0.1002 -0.02168  -0.9947
    - offset: -0.01292876
    - vertices: p2866(v349) p787(v332) p1231(v68)
    - neighboring facets: f1687 f1778 f1776
- f1780
    - flags: bottom simplicial
    - normal:   0.00818  -0.9969 -0.07817
    - offset: -0.0103763
    - vertices: p3564(v350) p2494(v71) p649(v35)
    - neighboring facets: f315 f1782 f1781
- f1781
    - flags: bottom simplicial
    - normal:  -0.01681  -0.9934  -0.1131
    - offset: -0.01076401
    - vertices: p3564(v350) p31(v280) p2494(v71)
    - neighboring facets: f1770 f1780 f1783
- f1782
    - flags: top simplicial
    - normal:  -0.01697  -0.9978 -0.06425
    - offset: -0.01021873
    - vertices: p3564(v350) p2678(v137) p649(v35)
    - neighboring facets: f648 f1780 f1783
- f1783
    - flags: top simplicial
    - normal:  -0.02603  -0.9977 -0.06216
    - offset: -0.01019351
    - vertices: p3564(v350) p31(v280) p2678(v137)
    - neighboring facets: f1895 f1782 f1781
- f1784
    - flags: top simplicial
    - normal:    0.8702  -0.3413   0.3553
    - offset: -0.008845213
    - vertices: p3710(v351) p2069(v210) p3732(v136)
    - neighboring facets: f1391 f2127 f2116
- f1794
    - flags: bottom simplicial
    - normal:    0.9778  0.05735   0.2017
    - offset: -0.00991929
    - vertices: p461(v352) p3168(v286) p1870(v148)
    - neighboring facets: f1440 f2316 f2308
- f1803
    - flags: bottom simplicial
    - normal:    0.9554  0.07251   0.2863
    - offset: -0.009707716
    - vertices: p3297(v354) p2403(v217) p2082(v85)
    - neighboring facets: f1449 f1804 f1805
- f1804
    - flags: top simplicial
    - normal:    0.9495  0.07189   0.3054
    - offset: -0.009576369
    - vertices: p3297(v354) p3805(v289) p2082(v85)
    - neighboring facets: f1451 f1803 f1806
- f1805
    - flags: top simplicial
    - normal:    0.9544  0.06072   0.2924
    - offset: -0.00933187
    - vertices: p3297(v354) p2403(v217) p1870(v148)
    - neighboring facets: f1072 f1806 f1803
- f1806
    - flags: bottom simplicial
    - normal:     0.946  0.05934   0.3188
    - offset: -0.00913195
    - vertices: p3297(v354) p3805(v289) p1870(v148)
    - neighboring facets: f2147 f1805 f1804
- f1811
    - flags: bottom simplicial
    - normal:    0.7338  0.03969   0.6782
    - offset: -0.006006483
    - vertices: p1904(v356) p1303(v132) p1354(v77)
    - neighboring facets: f1359 f2140 f1814
- f1814
    - flags: bottom simplicial
    - normal:    0.8003  0.04572   0.5978
    - offset: -0.006818833
    - vertices: p1904(v356) p3567(v205) p1303(v132)
    - neighboring facets: f1366 f1811 f1815
- f1815
    - flags: bottom simplicial
    - normal:     0.812  0.04629   0.5818
    - offset: -0.006962167
    - vertices: p1904(v356) p847(v290) p3567(v205)
    - neighboring facets: f1819 f1814 f2139
- f1816
    - flags: bottom simplicial
    - normal:    0.8883  0.04566    0.457
    - offset: -0.008017339
    - vertices: p1844(v357) p847(v290) p123(v218)
    - neighboring facets: f2138 f2321 f1819
- f1818
    - flags: bottom simplicial
    - normal:    0.8954  0.05506   0.4418
    - offset: -0.008177375
    - vertices: p1844(v357) p3805(v289) p3567(v205)
    - neighboring facets: f1455 f1819 f2148
- f1819
    - flags: top simplicial
    - normal:    0.8895   0.0542   0.4538
    - offset: -0.008080348
    - vertices: p1844(v357) p847(v290) p3567(v205)
    - neighboring facets: f1815 f1818 f1816
- f1822
    - flags: bottom simplicial
    - normal:    0.9954 -0.00676  0.09507
    - offset: -0.01051406
    - vertices: p2949(v358) p544(v285) p3115(v216)
    - neighboring facets: f1434 f2314 f1824
- f1824
    - flags: top simplicial
    - normal:    0.9975 -0.03851   0.0596
    - offset: -0.01070473
    - vertices: p2949(v358) p544(v285) p145(v2)
    - neighboring facets: f1433 f1827 f1822
- f1827
    - flags: bottom simplicial
    - normal:     0.996 -0.07836  0.04328
    - offset: -0.01077888
    - vertices: p2949(v358) p1497(v344) p145(v2)
    - neighboring facets: f1744 f1824 f1830
- f1830
    - flags: top simplicial
    - normal:    0.9731  -0.2302 0.001557
    - offset: -0.01078581
    - vertices: p2949(v358) p1497(v344) p869(v209)
    - neighboring facets: f2092 f1831 f1827
- f1831
    - flags: top simplicial
    - normal:    0.9628  -0.2651  0.05175
    - offset: -0.01047583
    - vertices: p2949(v358) p869(v209) p1281(v78)
    - neighboring facets: f1018 f2131 f1830
- f1836
    - flags: bottom simplicial
    - normal:   0.08089  0.01716   0.9966
    - offset: -0.001680707
    - vertices: p919(v359) p559(v314) p1451(v45)
    - neighboring facets: f1602 f2164 f2172
- f1838
    - flags: top simplicial
    - normal:    0.2342    0.115   0.9654
    - offset: -0.004952321
    - vertices: p1432(v360) p1389(v221) p2449(v154)
    - neighboring facets: f1856 f1840 f2162
- f1840
    - flags: bottom simplicial
    - normal:    0.3056  0.09258   0.9476
    - offset: -0.004639448
    - vertices: p1432(v360) p2245(v223) p2449(v154)
    - neighboring facets: f2331 f1838 f1841
- f1841
    - flags: bottom simplicial
    - normal:    0.3043   0.0882   0.9485
    - offset: -0.004509667
    - vertices: p1432(v360) p1788(v295) p2245(v223)
    - neighboring facets: f1495 f1840 f2163
- f1851
    - flags: top simplicial
    - normal:    0.2473   0.8262   0.5062
    - offset: -0.02839509
    - vertices: p483(v363) p870(v151) p3508(v43)
    - neighboring facets: f1056 f1853 f1852
- f1852
    - flags: top simplicial
    - normal:    0.1507   0.8796   0.4511
    - offset: -0.03045888
    - vertices: p483(v363) p2316(v219) p870(v151)
    - neighboring facets: f1086 f1851 f1859
- f1853
    - flags: bottom simplicial
    - normal:    0.2703    0.702   0.6589
    - offset: -0.02400547
    - vertices: p483(v363) p3459(v296) p3508(v43)
    - neighboring facets: f1501 f1851 f1858
- f1856
    - flags: bottom simplicial
    - normal:     0.154   0.2274   0.9616
    - offset: -0.007916828
    - vertices: p670(v364) p1389(v221) p2449(v154)
    - neighboring facets: f1838 f2187 f1860
- f1857
    - flags: bottom simplicial
    - normal:    0.2464   0.3757   0.8934
    - offset: -0.01293557
    - vertices: p670(v364) p3980(v361) p3459(v296)
    - neighboring facets: f2185 f1858 f2188
- f1858
    - flags: top simplicial
    - normal:    0.2646   0.6613   0.7019
    - offset: -0.0225952
    - vertices: p670(v364) p483(v363) p3459(v296)
    - neighboring facets: f1853 f1857 f1859
- f1859
    - flags: bottom simplicial
    - normal:   0.01007   0.2188   0.9757
    - offset: -0.007632558
    - vertices: p670(v364) p483(v363) p2316(v219)
    - neighboring facets: f1852 f2176 f1858
- f1860
    - flags: bottom simplicial
    - normal:   0.06876   0.1549   0.9855
    - offset: -0.005460789
    - vertices: p670(v364) p3545(v294) p1389(v221)
    - neighboring facets: f2159 f1856 f2175
- f1863
    - flags: top simplicial
    - normal:    0.4904  0.01872   0.8713
    - offset: -0.003687658
    - vertices: p137(v365) p1382(v273) p139(v206)
    - neighboring facets: f1759 f1864 f1867
- f1864
    - flags: bottom simplicial
    - normal:    0.4825  0.02669   0.8755
    - offset: -0.003841542
    - vertices: p137(v365) p3575(v298) p139(v206)
    - neighboring facets: f1515 f1863 f1865
- f1865
    - flags: top simplicial
    - normal:    0.4917  0.03437   0.8701
    - offset: -0.004098521
    - vertices: p137(v365) p3575(v298) p2466(v11)
    - neighboring facets: f1517 f1866 f1864
- f1866
    - flags: bottom simplicial
    - normal:    0.5279  0.03801   0.8484
    - offset: -0.004427424
    - vertices: p137(v365) p3143(v204) p2466(v11)
    - neighboring facets: f1116 f1865 f1867
- f1867
    - flags: bottom simplicial
    - normal:    0.5323  0.03275   0.8459
    - offset: -0.004320568
    - vertices: p137(v365) p1382(v273) p3143(v204)
    - neighboring facets: f1373 f1866 f1863
- f1871
    - flags: top simplicial
    - normal:    0.4923   0.3628   0.7912
    - offset: -0.01418041
    - vertices: p2342(v366) p3459(v296) p1456(v86)
    - neighboring facets: f1501 f1872 f2186
- f1872
    - flags: bottom simplicial
    - normal:    0.7173   0.1914     0.67
    - offset: -0.01042711
    - vertices: p2342(v366) p1599(v272) p1456(v86)
    - neighboring facets: f1368 f1871 f1873
- f1873
    - flags: top simplicial
    - normal:    0.7047   0.1518   0.6931
    - offset: -0.009092214
    - vertices: p2342(v366) p1599(v272) p1303(v132)
    - neighboring facets: f1366 f1874 f1872
- f1874
    - flags: bottom simplicial
    - normal:    0.6616  0.08844   0.7446
    - offset: -0.006799024
    - vertices: p2342(v366) p2839(v224) p1303(v132)
    - neighboring facets: f1361 f1873 f2184
- f1876
    - flags: top simplicial
    - normal:    0.3527 -0.006352   0.9357
    - offset: -0.00227772
    - vertices: p697(v367) p3466(v275) p624(v158)
    - neighboring facets: f1549 f2197 f1877
- f1877
    - flags: bottom simplicial
    - normal:    0.3665 -0.004092   0.9304
    - offset: -0.00239438
    - vertices: p697(v367) p3466(v275) p2416(v274)
    - neighboring facets: f1764 f1880 f1876
- f1880
    - flags: bottom simplicial
    - normal:    0.3323 0.006678   0.9431
    - offset: -0.002472156
    - vertices: p697(v367) p2416(v274) p3786(v88)
    - neighboring facets: f1766 f2326 f1877
- f1883
    - flags: bottom simplicial
    - normal:    0.1943 -0.02092   0.9807
    - offset: -0.0012281
    - vertices: p2127(v368) p959(v301) p177(v225)
    - neighboring facets: f1525 f1885 f1884
- f1884
    - flags: bottom simplicial
    - normal:    0.2248 -0.01939   0.9742
    - offset: -0.001377334
    - vertices: p2127(v368) p3835(v302) p959(v301)
    - neighboring facets: f2370 f1883 f2194
- f1885
    - flags: top simplicial
    - normal:    0.1947 -0.02654   0.9805
    - offset: -0.001209985
    - vertices: p2127(v368) p2653(v228) p177(v225)
    - neighboring facets: f1543 f1883 f2196
- f1888
    - flags: bottom simplicial
    - normal:    0.2551 -0.02615   0.9666
    - offset: -0.001534112
    - vertices: p2872(v369) p1121(v303) p624(v158)
    - neighboring facets: f1547 f2198 f1889
- f1889
    - flags: top simplicial
    - normal:    0.2343 -0.02586   0.9718
    - offset: -0.001408346
    - vertices: p2872(v369) p1121(v303) p3835(v302)
    - neighboring facets: f2193 f1891 f1888
- f1891
    - flags: bottom simplicial
    - normal:    0.2432 -0.01814   0.9698
    - offset: -0.001485301
    - vertices: p2872(v369) p697(v367) p3835(v302)
    - neighboring facets: f2371 f1889 f2199
- f1892
    - flags: top simplicial
    - normal:  -0.08288  -0.9966 0.004008
    - offset: -0.009459422
    - vertices: p3717(v370) p3212(v306) p1361(v79)
    - neighboring facets: f1556 f1894 f1893
- f1893
    - flags: bottom simplicial
    - normal:   -0.1984  -0.9801 0.004527
    - offset: -0.009490799
    - vertices: p3717(v370) p3212(v306) p2323(v211)
    - neighboring facets: f1555 f2113 f1892
- f1894
    - flags: bottom simplicial
    - normal:  -0.07953  -0.9968 0.003289
    - offset: -0.009464261
    - vertices: p3717(v370) p2678(v137) p1361(v79)
    - neighboring facets: f649 f1892 f1895
- f1895
    - flags: bottom simplicial
    - normal:  -0.07903  -0.9967 -0.01797
    - offset: -0.009693495
    - vertices: p3717(v370) p31(v280) p2678(v137)
    - neighboring facets: f1783 f1894 f2114
- f1897
    - flags: bottom simplicial
    - normal:   -0.1245  -0.9893  0.07642
    - offset: -0.009421427
    - vertices: p1618(v371) p3212(v306) p1031(v6)
    - neighboring facets: f1556 f1899 f1898
- f1898
    - flags: top simplicial
    - normal:   -0.2052  -0.9778  0.04287
    - offset: -0.009460479
    - vertices: p1618(v371) p3212(v306) p1539(v231)
    - neighboring facets: f1555 f1900 f1897
- f1899
    - flags: top simplicial
    - normal:   -0.2129  -0.9731   0.0883
    - offset: -0.009433029
    - vertices: p1618(v371) p209(v159) p1031(v6)
    - neighboring facets: f767 f1897 f1900
- f1900
    - flags: top simplicial
    - normal:   -0.2178  -0.9726  0.08193
    - offset: -0.009436772
    - vertices: p1618(v371) p1539(v231) p209(v159)
    - neighboring facets: f1152 f1899 f1898
- f1901
    - flags: top simplicial
    - normal:   -0.7976  -0.6006  0.05526
    - offset: -0.009462892
    - vertices: p1207(v372) p2777(v161) p2030(v92)
    - neighboring facets: f774 f1902 f1903
- f1902
    - flags: bottom simplicial
    - normal:   -0.7683  -0.6379  0.05262
    - offset: -0.009467467
    - vertices: p1207(v372) p3836(v307) p2030(v92)
    - neighboring facets: f1919 f1901 f1903
- f1903
    - flags: top simplicial
    - normal:   -0.7924  -0.6081   0.0485
    - offset: -0.009468694
    - vertices: p1207(v372) p3836(v307) p2777(v161)
    - neighboring facets: f1560 f1901 f1902
- f1905
    - flags: top simplicial
    - normal:   -0.6336  -0.7734 -0.02209
    - offset: -0.009736037
    - vertices: p3401(v373) p3490(v308) p2960(v176)
    - neighboring facets: f1569 f2261 f1907
- f1906
    - flags: top simplicial
    - normal:   -0.5629  -0.7817  -0.2684
    - offset: -0.01235233
    - vertices: p3401(v373) p2455(v249) p3485(v107)
    - neighboring facets: f1251 f1907 f2259
- f1907
    - flags: bottom simplicial
    - normal:   -0.6087  -0.7731  -0.1783
    - offset: -0.01146583
    - vertices: p3401(v373) p3490(v308) p3485(v107)
    - neighboring facets: f1913 f1906 f1905
- f1909
    - flags: bottom simplicial
    - normal:   -0.7848  -0.6197 -0.00201
    - offset: -0.009539033
    - vertices: p2975(v374) p3836(v307) p2753(v58)
    - neighboring facets: f1560 f1911 f1910
- f1910
    - flags: top simplicial
    - normal:   -0.7773  -0.6291 -0.001612
    - offset: -0.009540182
    - vertices: p2975(v374) p3836(v307) p2556(v233)
    - neighboring facets: f1920 f2201 f1909
- f1911
    - flags: top simplicial
    - normal:   -0.7787  -0.6241 -0.06447
    - offset: -0.01022183
    - vertices: p2975(v374) p3485(v107) p2753(v58)
    - neighboring facets: f864 f1909 f1915
- f1913
    - flags: top simplicial
    - normal:   -0.6885   -0.722  -0.0683
    - offset: -0.01028541
    - vertices: p3163(v375) p3490(v308) p3485(v107)
    - neighboring facets: f1907 f1915 f2205
- f1915
    - flags: bottom simplicial
    - normal:   -0.7228  -0.6895 -0.04695
    - offset: -0.01003876
    - vertices: p3163(v375) p2975(v374) p3485(v107)
    - neighboring facets: f1911 f1913 f2203
- f1917
    - flags: bottom simplicial
    - normal:   -0.7187  -0.6922  0.06581
    - offset: -0.009431129
    - vertices: p626(v376) p1865(v310) p2030(v92)
    - neighboring facets: f1572 f1919 f1918
- f1918
    - flags: top simplicial
    - normal:   -0.7192  -0.6918  0.06432
    - offset: -0.009433142
    - vertices: p626(v376) p1865(v310) p2556(v233)
    - neighboring facets: f1575 f1920 f1917
- f1919
    - flags: top simplicial
    - normal:   -0.7473  -0.6623  0.05433
    - offset: -0.00945831
    - vertices: p626(v376) p3836(v307) p2030(v92)
    - neighboring facets: f1902 f1917 f1920
- f1920
    - flags: bottom simplicial
    - normal:   -0.7469  -0.6627  0.05412
    - offset: -0.009458428
    - vertices: p626(v376) p3836(v307) p2556(v233)
    - neighboring facets: f1910 f1918 f1919
- f1921
    - flags: top simplicial
    - normal:   -0.6895  -0.7182  0.09388
    - offset: -0.009394658
    - vertices: p2001(v377) p1865(v310) p3089(v160)
    - neighboring facets: f1572 f1923 f1925
- f1922
    - flags: top simplicial
    - normal:   -0.5963  -0.8012  0.04896
    - offset: -0.00946261
    - vertices: p2001(v377) p2188(v232) p2249(v23)
    - neighboring facets: f1156 f2208 f1923
- f1923
    - flags: bottom simplicial
    - normal:   -0.5967  -0.8009   0.0497
    - offset: -0.009462457
    - vertices: p2001(v377) p2188(v232) p3089(v160)
    - neighboring facets: f1158 f1921 f1922
- f1925
    - flags: bottom simplicial
    - normal:   -0.6089  -0.7933 0.004199
    - offset: -0.009471603
    - vertices: p2001(v377) p1865(v310) p2960(v176)
    - neighboring facets: f1577 f2209 f1921
- f1928
    - flags: bottom simplicial
    - normal:  -0.06851 -0.00936   0.9976
    - offset: -0.00138252
    - vertices: p3446(v378) p2923(v312) p2334(v47)
    - neighboring facets: f1586 f1930 f2211
- f1929
    - flags: bottom simplicial
    - normal:  -0.008298 -0.04153   0.9991
    - offset: -0.001405231
    - vertices: p3446(v378) p3547(v311) p1850(v234)
    - neighboring facets: f2220 f2213 f1933
- f1930
    - flags: top simplicial
    - normal:   -0.2733  -0.3965   0.8764
    - offset: -0.005255985
    - vertices: p3446(v378) p3089(v160) p2334(v47)
    - neighboring facets: f769 f1928 f1931
- f1931
    - flags: bottom simplicial
    - normal:   -0.3158  -0.5372   0.7821
    - offset: -0.00648335
    - vertices: p3446(v378) p3089(v160) p3026(v91)
    - neighboring facets: f1158 f1932 f1930
- f1932
    - flags: bottom simplicial
    - normal:    -0.129  -0.3428   0.9305
    - offset: -0.004290377
    - vertices: p3446(v378) p3026(v91) p1031(v6)
    - neighboring facets: f767 f1933 f1931
- f1933
    - flags: top simplicial
    - normal:   -0.1215  -0.3265   0.9374
    - offset: -0.004133496
    - vertices: p3446(v378) p3547(v311) p1031(v6)
    - neighboring facets: f1578 f1932 f1929
- f1938
    - flags: top simplicial
    - normal:   0.04933 -0.009489   0.9987
    - offset: -0.001018187
    - vertices: p334(v380) p1998(v315) p0(v237)
    - neighboring facets: f1604 f1942 f2217
- f1939
    - flags: bottom simplicial
    - normal:   0.04118 -0.01153   0.9991
    - offset: -0.001011767
    - vertices: p334(v380) p3547(v311) p3392(v162)
    - neighboring facets: f1578 f1941 f2221
- f1941
    - flags: bottom simplicial
    - normal:   0.04759 -0.01221   0.9988
    - offset: -0.0010046
    - vertices: p334(v380) p3392(v162) p1031(v6)
    - neighboring facets: f1578 f1942 f1939
- f1942
    - flags: top simplicial
    - normal:   0.04837 -0.01227   0.9988
    - offset: -0.001003829
    - vertices: p334(v380) p0(v237) p1031(v6)
    - neighboring facets: f1185 f1941 f1938
- f1955
    - flags: bottom simplicial
    - normal:   -0.1913  0.03184    0.981
    - offset: -0.002061704
    - vertices: p685(v382) p3706(v163) p3939(v24)
    - neighboring facets: f786 f1964 f1956
- f1956
    - flags: top simplicial
    - normal:   -0.2459  0.03161   0.9688
    - offset: -0.002340819
    - vertices: p685(v382) p3706(v163) p1584(v94)
    - neighboring facets: f785 f1957 f1955
- f1957
    - flags: top simplicial
    - normal:   -0.3155  0.03438   0.9483
    - offset: -0.002798608
    - vertices: p685(v382) p1584(v94) p2042(v10)
    - neighboring facets: f1193 f1958 f1956
- f1958
    - flags: bottom simplicial
    - normal:   -0.3008   0.1219   0.9459
    - offset: -0.005621519
    - vertices: p685(v382) p1300(v293) p2042(v10)
    - neighboring facets: f1481 f1957 f1962
- f1960
    - flags: top simplicial
    - normal:  -0.05588  0.09231   0.9942
    - offset: -0.003400144
    - vertices: p1316(v383) p3545(v294) p136(v153)
    - neighboring facets: f2170 f2229 f2179
- f1962
    - flags: top simplicial
    - normal:   -0.1253  0.05075   0.9908
    - offset: -0.002341195
    - vertices: p1316(v383) p685(v382) p1300(v293)
    - neighboring facets: f1958 f2178 f1964
- f1963
    - flags: top simplicial
    - normal:   -0.1494  0.03187   0.9883
    - offset: -0.001855489
    - vertices: p1316(v383) p3461(v317) p3939(v24)
    - neighboring facets: f1610 f1964 f2230
- f1964
    - flags: bottom simplicial
    - normal:   -0.1514  0.03237   0.9879
    - offset: -0.001869302
    - vertices: p1316(v383) p685(v382) p3939(v24)
    - neighboring facets: f1955 f1963 f1962
- f1965
    - flags: bottom simplicial
    - normal:   -0.1012  0.03904  -0.9941
    - offset: -0.01396792
    - vertices: p2968(v384) p2216(v243) p1636(v168)
    - neighboring facets: f1224 f1966 f1969
- f1966
    - flags: bottom simplicial
    - normal:  -0.04017  0.07455  -0.9964
    - offset: -0.01493708
    - vertices: p2968(v384) p1636(v168) p267(v102)
    - neighboring facets: f812 f1967 f1965
- f1967
    - flags: top simplicial
    - normal:  -0.02912  0.06554  -0.9974
    - offset: -0.01472007
    - vertices: p2968(v384) p757(v318) p267(v102)
    - neighboring facets: f1616 f1966 f1971
- f1968
    - flags: top simplicial
    - normal:  -0.08353  0.01819  -0.9963
    - offset: -0.01346154
    - vertices: p2968(v384) p2550(v171) p3367(v55)
    - neighboring facets: f832 f1970 f1969
- f1969
    - flags: top simplicial
    - normal:  -0.09954  0.02138  -0.9948
    - offset: -0.01351954
    - vertices: p2968(v384) p2216(v243) p2550(v171)
    - neighboring facets: f1214 f1968 f1965
- f1970
    - flags: top simplicial
    - normal:  -0.03308 0.009987  -0.9994
    - offset: -0.01330357
    - vertices: p2968(v384) p3367(v55) p855(v4)
    - neighboring facets: f230 f1971 f1968
- f1971
    - flags: bottom simplicial
    - normal:  -0.008756  0.01651  -0.9998
    - offset: -0.01348552
    - vertices: p2968(v384) p757(v318) p855(v4)
    - neighboring facets: f1618 f1970 f1967
- f1972
    - flags: top simplicial
    - normal:    0.0595  0.01892   -0.998
    - offset: -0.01365736
    - vertices: p3714(v385) p2985(v247) p2931(v66)
    - neighboring facets: f1617 f1975 f1973
- f1973
    - flags: top simplicial
    - normal:   0.06168  0.01908  -0.9979
    - offset: -0.01366527
    - vertices: p3714(v385) p3823(v319) p2985(v247)
    - neighboring facets: f1981 f1972 f1974
- f1974
    - flags: bottom simplicial
    - normal:   0.07592  0.01285   -0.997
    - offset: -0.01355009
    - vertices: p3714(v385) p3823(v319) p766(v246)
    - neighboring facets: f1987 f1976 f1973
- f1975
    - flags: top simplicial
    - normal:   0.07028 -0.01047  -0.9975
    - offset: -0.01300577
    - vertices: p3714(v385) p2931(v66) p1894(v33)
    - neighboring facets: f557 f1977 f1972
- f1976
    - flags: bottom simplicial
    - normal:   0.09567 -0.01381  -0.9953
    - offset: -0.01297077
    - vertices: p3714(v385) p766(v246) p1231(v68)
    - neighboring facets: f1237 f1978 f1974
- f1977
    - flags: bottom simplicial
    - normal:   0.07031  -0.0105  -0.9975
    - offset: -0.01300517
    - vertices: p3714(v385) p3961(v119) p1894(v33)
    - neighboring facets: f557 f1975 f1978
- f1978
    - flags: top simplicial
    - normal:   0.08431  -0.0126  -0.9964
    - offset: -0.01298078
    - vertices: p3714(v385) p3961(v119) p1231(v68)
    - neighboring facets: f1778 f1976 f1977
- f1979
    - flags: bottom simplicial
    - normal:   0.07556  0.02641  -0.9968
    - offset: -0.01387934
    - vertices: p3038(v386) p2985(v247) p2378(v170)
    - neighboring facets: f1988 f1980 f1981
- f1980
    - flags: top simplicial
    - normal:   0.08868  0.02444  -0.9958
    - offset: -0.0138566
    - vertices: p3038(v386) p3823(v319) p2378(v170)
    - neighboring facets: f1986 f1979 f1981
- f1981
    - flags: bottom simplicial
    - normal:   0.06357  0.01977  -0.9978
    - offset: -0.01368668
    - vertices: p3038(v386) p3823(v319) p2985(v247)
    - neighboring facets: f1973 f1979 f1980
- f1982
    - flags: bottom simplicial
    - normal:    0.3732 0.005053  -0.9277
    - offset: -0.0137903
    - vertices: p366(v387) p3589(v254) p2578(v187)
    - neighboring facets: f2272 f1983 f1984
- f1983
    - flags: top simplicial
    - normal:    0.3681 0.003392  -0.9298
    - offset: -0.01374786
    - vertices: p366(v387) p1204(v320) p2578(v187)
    - neighboring facets: f1629 f1982 f1984
- f1984
    - flags: bottom simplicial
    - normal:     0.363 0.008537  -0.9318
    - offset: -0.01386617
    - vertices: p366(v387) p1204(v320) p3589(v254)
    - neighboring facets: f1997 f1982 f1983
- f1986
    - flags: bottom simplicial
    - normal:     0.101    0.026  -0.9945
    - offset: -0.01391936
    - vertices: p903(v388) p3823(v319) p2378(v170)
    - neighboring facets: f1980 f1988 f1987
- f1987
    - flags: top simplicial
    - normal:    0.1079  0.02538  -0.9938
    - offset: -0.01391774
    - vertices: p903(v388) p3823(v319) p766(v246)
    - neighboring facets: f1974 f2233 f1986
- f1988
    - flags: top simplicial
    - normal:   0.08452  0.03319  -0.9959
    - offset: -0.01406912
    - vertices: p903(v388) p2985(v247) p2378(v170)
    - neighboring facets: f1979 f1986 f2240
- f1995
    - flags: bottom simplicial
    - normal:    0.3757  0.03956  -0.9259
    - offset: -0.01464001
    - vertices: p401(v389) p2298(v245) p2508(v67)
    - neighboring facets: f2057 f2274 f2340
- f1997
    - flags: top simplicial
    - normal:    0.3403  0.02552    -0.94
    - offset: -0.0142477
    - vertices: p401(v389) p1204(v320) p3589(v254)
    - neighboring facets: f1984 f2275 f1998
- f1998
    - flags: top simplicial
    - normal:    0.3209  0.02548  -0.9468
    - offset: -0.0142314
    - vertices: p401(v389) p1706(v321) p1204(v320)
    - neighboring facets: f2237 f1997 f2378
- f2002
    - flags: top simplicial
    - normal:    0.2672  -0.0154  -0.9635
    - offset: -0.01322717
    - vertices: p899(v390) p748(v325) p365(v118)
    - neighboring facets: f1652 f2004 f2251
- f2004
    - flags: bottom simplicial
    - normal:    0.2934 0.007217   -0.956
    - offset: -0.01377796
    - vertices: p899(v390) p1204(v320) p365(v118)
    - neighboring facets: f1629 f2002 f2238
- f2006
    - flags: top simplicial
    - normal:    0.1426 -0.01909  -0.9896
    - offset: -0.01293967
    - vertices: p2371(v391) p766(v246) p1023(v189)
    - neighboring facets: f1237 f2254 f2235
- f2010
    - flags: top simplicial
    - normal:    0.1883 -0.02071  -0.9819
    - offset: -0.01299423
    - vertices: p2371(v391) p3384(v323) p2053(v65)
    - neighboring facets: f1645 f2011 f2255
- f2011
    - flags: bottom simplicial
    - normal:    0.2207 -0.01846  -0.9752
    - offset: -0.01309524
    - vertices: p2371(v391) p899(v390) p2053(v65)
    - neighboring facets: f2250 f2010 f2236
- f2012
    - flags: top simplicial
    - normal:   -0.4593  -0.8882 0.009099
    - offset: -0.009433233
    - vertices: p453(v392) p1313(v324) p3415(v46)
    - neighboring facets: f1649 f2014 f2013
- f2013
    - flags: bottom simplicial
    - normal:   -0.4625  -0.8848 -0.05752
    - offset: -0.01014741
    - vertices: p453(v392) p1313(v324) p2455(v249)
    - neighboring facets: f2017 f2015 f2012
- f2014
    - flags: bottom simplicial
    - normal:   -0.3691  -0.9208  -0.1259
    - offset: -0.01083653
    - vertices: p453(v392) p2866(v349) p3415(v46)
    - neighboring facets: f1769 f2012 f2015
- f2015
    - flags: top simplicial
    - normal:   -0.3732  -0.9185  -0.1308
    - offset: -0.01088638
    - vertices: p453(v392) p2866(v349) p2455(v249)
    - neighboring facets: f1771 f2013 f2014
- f2017
    - flags: top simplicial
    - normal:   -0.4641  -0.8839 -0.05674
    - offset: -0.01013923
    - vertices: p1506(v393) p1313(v324) p2455(v249)
    - neighboring facets: f2013 f2260 f2262
- f2020
    - flags: bottom simplicial
    - normal:    0.6548  0.07824  -0.7517
    - offset: -0.01550757
    - vertices: p3559(v394) p2888(v261) p2810(v186)
    - neighboring facets: f1310 f2021 f2060
- f2021
    - flags: top simplicial
    - normal:    0.6447  0.07334  -0.7609
    - offset: -0.01539507
    - vertices: p3559(v394) p2058(v327) p2810(v186)
    - neighboring facets: f1668 f2020 f2025
- f2025
    - flags: bottom simplicial
    - normal:    0.5022  0.08104  -0.8609
    - offset: -0.01578336
    - vertices: p3559(v394) p2058(v327) p2508(v67)
    - neighboring facets: f1670 f2058 f2021
- f2027
    - flags: top simplicial
    - normal:    0.5892 0.006957  -0.8079
    - offset: -0.01406586
    - vertices: p552(v395) p1940(v329) p1131(v74)
    - neighboring facets: f1677 f2265 f2028
- f2028
    - flags: bottom simplicial
    - normal:    0.5542  0.01709  -0.8322
    - offset: -0.0140517
    - vertices: p552(v395) p1940(v329) p2507(v253)
    - neighboring facets: f2030 f2266 f2027
- f2030
    - flags: top simplicial
    - normal:    0.5365  0.01568  -0.8438
    - offset: -0.01402626
    - vertices: p1812(v396) p1940(v329) p2507(v253)
    - neighboring facets: f2028 f2034 f2269
- f2033
    - flags: top simplicial
    - normal:    0.5252  0.04222  -0.8499
    - offset: -0.01472065
    - vertices: p1812(v396) p1276(v328) p2508(v67)
    - neighboring facets: f1670 f2273 f2034
- f2034
    - flags: bottom simplicial
    - normal:    0.5423  0.02747  -0.8397
    - offset: -0.01432418
    - vertices: p1812(v396) p1276(v328) p2507(v253)
    - neighboring facets: f2268 f2030 f2033
- f2035
    - flags: bottom simplicial
    - normal:    0.3638 -0.005627  -0.9315
    - offset: -0.01354056
    - vertices: p2811(v397) p23(v251) p2578(v187)
    - neighboring facets: f1261 f2270 f2037
- f2037
    - flags: top simplicial
    - normal:    0.3624 -0.02996  -0.9315
    - offset: -0.01349635
    - vertices: p2811(v397) p23(v251) p3059(v9)
    - neighboring facets: f1260 f2038 f2035
- f2038
    - flags: bottom simplicial
    - normal:    0.4604 -0.03862  -0.8869
    - offset: -0.01377752
    - vertices: p2811(v397) p1110(v197) p3059(v9)
    - neighboring facets: f1318 f2037 f2039
- f2039
    - flags: bottom simplicial
    - normal:    0.4769 -0.03853  -0.8781
    - offset: -0.01381317
    - vertices: p2811(v397) p1940(v329) p1110(v197)
    - neighboring facets: f1674 f2038 f2271
- f2040
    - flags: bottom simplicial
    - normal:    0.7954   0.3718  -0.4786
    - offset: -0.02310407
    - vertices: p1454(v398) p2301(v260) p260(v195)
    - neighboring facets: f1304 f2044 f2046
- f2043
    - flags: top simplicial
    - normal:    0.5806   0.3466  -0.7368
    - offset: -0.02318364
    - vertices: p2601(v399) p2888(v261) p260(v195)
    - neighboring facets: f1308 f2044 f2277
- f2044
    - flags: bottom simplicial
    - normal:     0.662   0.4558   -0.595
    - offset: -0.02588809
    - vertices: p2601(v399) p1454(v398) p260(v195)
    - neighboring facets: f2040 f2043 f2046
- f2046
    - flags: top simplicial
    - normal:    0.6318   0.5354  -0.5605
    - offset: -0.02796064
    - vertices: p2601(v399) p1454(v398) p2301(v260)
    - neighboring facets: f2040 f2282 f2044
- f2048
    - flags: bottom simplicial
    - normal:    0.2565   0.6361  -0.7277
    - offset: -0.03046314
    - vertices: p2601(v399) p643(v192) p1167(v125)
    - neighboring facets: f930 f2284 f2279
- f2051
    - flags: top simplicial
    - normal:     0.186   0.2598  -0.9476
    - offset: -0.02040369
    - vertices: p1624(v400) p643(v192) p3957(v169)
    - neighboring facets: f1282 f2052 f2280
- f2052
    - flags: bottom simplicial
    - normal:    0.1896   0.2603  -0.9467
    - offset: -0.0204276
    - vertices: p1624(v400) p197(v335) p3957(v169)
    - neighboring facets: f2056 f2051 f2278
- f2056
    - flags: top simplicial
    - normal:    0.3226   0.1251  -0.9382
    - offset: -0.01695297
    - vertices: p228(v401) p197(v335) p3957(v169)
    - neighboring facets: f2052 f2286 f2059
- f2057
    - flags: top simplicial
    - normal:    0.4967  0.08323  -0.8639
    - offset: -0.01584558
    - vertices: p228(v401) p2298(v245) p2508(v67)
    - neighboring facets: f1995 f2058 f2287
- f2058
    - flags: bottom simplicial
    - normal:    0.4972  0.08326  -0.8636
    - offset: -0.01584623
    - vertices: p228(v401) p3559(v394) p2508(v67)
    - neighboring facets: f2025 f2057 f2060
- f2059
    - flags: bottom simplicial
    - normal:    0.4615   0.1933  -0.8658
    - offset: -0.01894966
    - vertices: p228(v401) p197(v335) p2888(v261)
    - neighboring facets: f2276 f2060 f2056
- f2060
    - flags: top simplicial
    - normal:    0.4799   0.1709  -0.8605
    - offset: -0.0183271
    - vertices: p228(v401) p3559(v394) p2888(v261)
    - neighboring facets: f2020 f2059 f2058
- f2061
    - flags: bottom simplicial
    - normal:    0.7653    -0.52  -0.3794
    - offset: -0.01341118
    - vertices: p2962(v402) p263(v263) p2838(v198)
    - neighboring facets: f1321 f2070 f2066
- f2063
    - flags: bottom simplicial
    - normal:    0.5845  -0.3104  -0.7497
    - offset: -0.01461698
    - vertices: p2962(v402) p314(v337) p272(v184)
    - neighboring facets: f1716 f2064 f2071
- f2064
    - flags: top simplicial
    - normal:    0.5743  -0.2621  -0.7756
    - offset: -0.01454751
    - vertices: p2962(v402) p2797(v262) p272(v184)
    - neighboring facets: f1319 f2063 f2065
- f2065
    - flags: bottom simplicial
    - normal:    0.6052  -0.1946  -0.7719
    - offset: -0.01443002
    - vertices: p2962(v402) p2797(v262) p2961(v129)
    - neighboring facets: f1678 f2066 f2064
- f2066
    - flags: top simplicial
    - normal:    0.7604  -0.2159  -0.6125
    - offset: -0.01423222
    - vertices: p2962(v402) p263(v263) p2961(v129)
    - neighboring facets: f1322 f2065 f2061
- f2067
    - flags: top simplicial
    - normal:    0.5862  -0.5293  -0.6134
    - offset: -0.01480504
    - vertices: p298(v403) p314(v337) p3259(v139)
    - neighboring facets: f1714 f2068 f2071
- f2068
    - flags: top simplicial
    - normal:    0.6449  -0.6446  -0.4106
    - offset: -0.01387275
    - vertices: p298(v403) p3259(v139) p1347(v40)
    - neighboring facets: f659 f2069 f2067
- f2069
    - flags: bottom simplicial
    - normal:    0.6664  -0.6477  -0.3693
    - offset: -0.01357799
    - vertices: p298(v403) p2838(v198) p1347(v40)
    - neighboring facets: f1330 f2068 f2070
- f2070
    - flags: bottom simplicial
    - normal:    0.7046  -0.4866  -0.5165
    - offset: -0.01414252
    - vertices: p298(v403) p2962(v402) p2838(v198)
    - neighboring facets: f2061 f2069 f2071
- f2071
    - flags: top simplicial
    - normal:    0.6987  -0.4788  -0.5316
    - offset: -0.01420856
    - vertices: p298(v403) p2962(v402) p314(v337)
    - neighboring facets: f2063 f2067 f2070
- f2072
    - flags: bottom simplicial
    - normal:    0.8246  -0.5617   -0.067
    - offset: -0.01120981
    - vertices: p3025(v404) p2489(v265) p3840(v82)
    - neighboring facets: f1332 f2078 f2074
- f2074
    - flags: bottom simplicial
    - normal:    0.8245  -0.5634 -0.05254
    - offset: -0.01109806
    - vertices: p3025(v404) p491(v339) p2489(v265)
    - neighboring facets: f1723 f2072 f2079
- f2075
    - flags: bottom simplicial
    - normal:    0.8371   -0.546 -0.03249
    - offset: -0.01095445
    - vertices: p1122(v405) p3753(v281) p2571(v213)
    - neighboring facets: f2297 f2076 f2077
- f2076
    - flags: top simplicial
    - normal:    0.8349  -0.5493 -0.03467
    - offset: -0.01096947
    - vertices: p1122(v405) p491(v339) p2571(v213)
    - neighboring facets: f1723 f2075 f2079
- f2077
    - flags: top simplicial
    - normal:    0.8685  -0.4932 -0.05006
    - offset:  -0.011072
    - vertices: p1122(v405) p3753(v281) p3840(v82)
    - neighboring facets: f1712 f2078 f2075
- f2078
    - flags: bottom simplicial
    - normal:    0.8333  -0.5503 -0.05244
    - offset: -0.01109648
    - vertices: p1122(v405) p3025(v404) p3840(v82)
    - neighboring facets: f2072 f2077 f2079
- f2079
    - flags: top simplicial
    - normal:    0.8322  -0.5521 -0.05135
    - offset: -0.01108821
    - vertices: p1122(v405) p3025(v404) p491(v339)
    - neighboring facets: f2074 f2076 f2078
- f2083
    - flags: bottom simplicial
    - normal:    0.9604  0.03597  -0.2765
    - offset: -0.01267173
    - vertices: p269(v407) p390(v267) p2338(v201)
    - neighboring facets: f1347 f2085 f2084
- f2084
    - flags: bottom simplicial
    - normal:    0.9651   0.0401  -0.2589
    - offset: -0.01259244
    - vertices: p269(v407) p253(v342) p390(v267)
    - neighboring facets: f2097 f2083 f2086
- f2085
    - flags: bottom simplicial
    - normal:    0.9506  0.04249  -0.3074
    - offset: -0.01283333
    - vertices: p269(v407) p2338(v201) p2056(v72)
    - neighboring facets: f1351 f2086 f2083
- f2086
    - flags: top simplicial
    - normal:    0.9571  0.04686  -0.2858
    - offset: -0.01274196
    - vertices: p269(v407) p253(v342) p2056(v72)
    - neighboring facets: f1737 f2085 f2084
- f2089
    - flags: bottom simplicial
    - normal:    0.9528  -0.2991 -0.05171
    - offset: -0.01109588
    - vertices: p2686(v408) p1230(v208) p1269(v75)
    - neighboring facets: f1012 f2095 f2090
- f2090
    - flags: bottom simplicial
    - normal:    0.9567  -0.2867 -0.04994
    - offset: -0.01108259
    - vertices: p2686(v408) p1117(v276) p1230(v208)
    - neighboring facets: f1386 f2089 f2093
- f2091
    - flags: top simplicial
    - normal:     0.959  -0.2811 -0.03691
    - offset: -0.01100571
    - vertices: p3303(v409) p1117(v276) p869(v209)
    - neighboring facets: f1384 f2092 f2093
- f2092
    - flags: bottom simplicial
    - normal:    0.9714  -0.2365 -0.01996
    - offset: -0.01091293
    - vertices: p3303(v409) p1497(v344) p869(v209)
    - neighboring facets: f1830 f2091 f2094
- f2093
    - flags: top simplicial
    - normal:    0.9576  -0.2837 -0.04979
    - offset: -0.01108104
    - vertices: p3303(v409) p2686(v408) p1117(v276)
    - neighboring facets: f2090 f2091 f2095
- f2094
    - flags: top simplicial
    - normal:    0.9683  -0.2421 -0.06129
    - offset: -0.01116033
    - vertices: p3303(v409) p1497(v344) p390(v267)
    - neighboring facets: f2103 f2096 f2092
- f2095
    - flags: bottom simplicial
    - normal:    0.9597  -0.2756 -0.05535
    - offset: -0.01111758
    - vertices: p3303(v409) p2686(v408) p1269(v75)
    - neighboring facets: f2089 f2096 f2093
- f2096
    - flags: top simplicial
    - normal:    0.9672  -0.2448 -0.06846
    - offset: -0.01120116
    - vertices: p3303(v409) p390(v267) p1269(v75)
    - neighboring facets: f1346 f2095 f2094
- f2097
    - flags: top simplicial
    - normal:    0.9724  0.04368  -0.2291
    - offset: -0.01245106
    - vertices: p696(v410) p253(v342) p390(v267)
    - neighboring facets: f2084 f2098 f2099
- f2098
    - flags: bottom simplicial
    - normal:    0.9842  0.04724  -0.1709
    - offset: -0.01214536
    - vertices: p696(v410) p1083(v345) p390(v267)
    - neighboring facets: f2104 f2097 f2100
- f2099
    - flags: bottom simplicial
    - normal:    0.9815  0.05217  -0.1843
    - offset: -0.01222723
    - vertices: p696(v410) p253(v342) p2369(v131)
    - neighboring facets: f1734 f2100 f2097
- f2100
    - flags: top simplicial
    - normal:    0.9844  0.04901  -0.1692
    - offset: -0.01213826
    - vertices: p696(v410) p1083(v345) p2369(v131)
    - neighboring facets: f1752 f2099 f2098
- f2101
    - flags: top simplicial
    - normal:    0.9903  0.04685  -0.1305
    - offset: -0.0119261
    - vertices: p2457(v411) p1497(v344) p3672(v269)
    - neighboring facets: f1745 f2102 f2103
- f2102
    - flags: bottom simplicial
    - normal:    0.9877  0.04769  -0.1486
    - offset: -0.01202675
    - vertices: p2457(v411) p1083(v345) p3672(v269)
    - neighboring facets: f1752 f2101 f2104
- f2103
    - flags: bottom simplicial
    - normal:    0.9882  0.03519  -0.1488
    - offset: -0.01202581
    - vertices: p2457(v411) p1497(v344) p390(v267)
    - neighboring facets: f2094 f2104 f2101
- f2104
    - flags: top simplicial
    - normal:    0.9842  0.04723  -0.1708
    - offset: -0.01214502
    - vertices: p2457(v411) p1083(v345) p390(v267)
    - neighboring facets: f2098 f2103 f2102
- f2105
    - flags: top simplicial
    - normal:    0.4823 0.009099    0.876
    - offset: -0.003399999
    - vertices: p3821(v412) p283(v346) p2320(v133)
    - neighboring facets: f1758 f2107 f2106
- f2106
    - flags: bottom simplicial
    - normal:    0.4854  0.01358   0.8742
    - offset: -0.00352912
    - vertices: p3821(v412) p283(v346) p139(v206)
    - neighboring facets: f1759 f2109 f2105
- f2107
    - flags: bottom simplicial
    - normal:    0.4566 0.005508   0.8897
    - offset: -0.003157504
    - vertices: p3821(v412) p3074(v347) p2320(v133)
    - neighboring facets: f1761 f2105 f2108
- f2108
    - flags: top simplicial
    - normal:    0.4386 0.003345   0.8987
    - offset: -0.002996153
    - vertices: p3821(v412) p3074(v347) p3466(v275)
    - neighboring facets: f1761 f2110 f2107
- f2109
    - flags: top simplicial
    - normal:    0.3999 0.0001541   0.9166
    - offset: -0.002684356
    - vertices: p3821(v412) p799(v348) p139(v206)
    - neighboring facets: f1765 f2106 f2110
- f2110
    - flags: bottom simplicial
    - normal:    0.3998 -0.0003105   0.9166
    - offset: -0.002672304
    - vertices: p3821(v412) p799(v348) p3466(v275)
    - neighboring facets: f1764 f2108 f2109
- f2111
    - flags: top simplicial
    - normal:   -0.2325  -0.9712 -0.05274
    - offset: -0.01008957
    - vertices: p2831(v413) p2866(v349) p2323(v211)
    - neighboring facets: f1767 f2113 f2112
- f2112
    - flags: bottom simplicial
    - normal:    -0.106  -0.9874  -0.1179
    - offset: -0.01084306
    - vertices: p2831(v413) p2866(v349) p31(v280)
    - neighboring facets: f1770 f2114 f2111
- f2113
    - flags: bottom simplicial
    - normal:   -0.1379  -0.9892 -0.05012
    - offset: -0.01006991
    - vertices: p2831(v413) p3717(v370) p2323(v211)
    - neighboring facets: f1893 f2111 f2114
- f2114
    - flags: top simplicial
    - normal:   -0.1314  -0.9901 -0.05008
    - offset: -0.01006703
    - vertices: p2831(v413) p3717(v370) p31(v280)
    - neighboring facets: f1895 f2112 f2113
- f2115
    - flags: top simplicial
    - normal:    0.7736  -0.3678    0.516
    - offset: -0.007813228
    - vertices: p3529(v414) p2404(v278) p2069(v210)
    - neighboring facets: f1393 f2116 f2117
- f2116
    - flags: bottom simplicial
    - normal:    0.8098  -0.3688   0.4563
    - offset: -0.008244517
    - vertices: p3529(v414) p3710(v351) p2069(v210)
    - neighboring facets: f1784 f2115 f2306
- f2117
    - flags: top simplicial
    - normal:    0.7544  -0.3688   0.5429
    - offset: -0.007603755
    - vertices: p3529(v414) p1663(v282) p2404(v278)
    - neighboring facets: f1417 f2115 f2290
- f2127
    - flags: top simplicial
    - normal:    0.8743   -0.346   0.3403
    - offset: -0.008943096
    - vertices: p3908(v416) p3710(v351) p3732(v136)
    - neighboring facets: f1784 f2132 f2354
- f2128
    - flags: bottom simplicial
    - normal:    0.9559  -0.2836  0.07668
    - offset: -0.01034452
    - vertices: p3908(v416) p45(v134) p1281(v78)
    - neighboring facets: f1018 f2131 f2129
- f2129
    - flags: top simplicial
    - normal:    0.9236  -0.3801  0.05015
    - offset: -0.0104559
    - vertices: p3908(v416) p45(v134) p2657(v19)
    - neighboring facets: f1385 f2353 f2128
- f2131
    - flags: top simplicial
    - normal:    0.9597   -0.266  0.09058
    - offset: -0.01027571
    - vertices: p3908(v416) p2949(v358) p1281(v78)
    - neighboring facets: f1831 f2128 f2132
- f2132
    - flags: bottom simplicial
    - normal:    0.9462  -0.1991    0.255
    - offset: -0.009389048
    - vertices: p3908(v416) p2949(v358) p3732(v136)
    - neighboring facets: f2365 f2127 f2131
- f2138
    - flags: top simplicial
    - normal:     0.877  0.04184   0.4786
    - offset: -0.007833934
    - vertices: p1616(v418) p847(v290) p123(v218)
    - neighboring facets: f1816 f2320 f2139
- f2139
    - flags: top simplicial
    - normal:    0.8135  0.04192   0.5801
    - offset: -0.006958744
    - vertices: p1616(v418) p1904(v356) p847(v290)
    - neighboring facets: f1815 f2138 f2140
- f2140
    - flags: bottom simplicial
    - normal:    0.7988  0.03809   0.6004
    - offset: -0.006762792
    - vertices: p1616(v418) p1904(v356) p1354(v77)
    - neighboring facets: f1811 f2141 f2139
- f2141
    - flags: top simplicial
    - normal:    0.6911 -0.04554   0.7213
    - offset: -0.005382476
    - vertices: p1616(v418) p2069(v210) p1354(v77)
    - neighboring facets: f1393 f2140 f2142
- f2142
    - flags: top simplicial
    - normal:    0.7739 -0.07864   0.6284
    - offset: -0.006428566
    - vertices: p1616(v418) p2295(v277) p2069(v210)
    - neighboring facets: f1391 f2141 f2368
- f2147
    - flags: top simplicial
    - normal:    0.9232  0.05565   0.3802
    - offset: -0.008631949
    - vertices: p3921(v419) p3805(v289) p1870(v148)
    - neighboring facets: f1806 f2157 f2148
- f2148
    - flags: top simplicial
    - normal:    0.9228  0.05562   0.3812
    - offset: -0.008624327
    - vertices: p3921(v419) p1844(v357) p3805(v289)
    - neighboring facets: f1818 f2147 f2153
- f2153
    - flags: bottom simplicial
    - normal:    0.9049  0.04403   0.4233
    - offset: -0.008270325
    - vertices: p1005(v420) p3921(v419) p1844(v357)
    - neighboring facets: f2148 f2322 f2325
- f2156
    - flags: top simplicial
    - normal:    0.9458 -0.04875   0.3211
    - offset: -0.009023226
    - vertices: p2746(v421) p2949(v358) p1482(v292)
    - neighboring facets: f2366 f2158 f2313
- f2157
    - flags: top simplicial
    - normal:    0.9443  0.04458    0.326
    - offset: -0.009015507
    - vertices: p2746(v421) p3921(v419) p1870(v148)
    - neighboring facets: f2147 f2360 f2158
- f2158
    - flags: bottom simplicial
    - normal:     0.933  0.04091   0.3575
    - offset: -0.00878258
    - vertices: p2746(v421) p3921(v419) p1482(v292)
    - neighboring facets: f2323 f2156 f2157
- f2159
    - flags: top simplicial
    - normal:   0.09103   0.1101   0.9897
    - offset: -0.004241685
    - vertices: p3421(v422) p3545(v294) p1389(v221)
    - neighboring facets: f1860 f2162 f2173
- f2161
    - flags: bottom simplicial
    - normal:    0.1747  0.05491   0.9831
    - offset: -0.002985775
    - vertices: p3421(v422) p919(v359) p1788(v295)
    - neighboring facets: f2165 f2163 f2174
- f2162
    - flags: bottom simplicial
    - normal:    0.1735  0.07475    0.982
    - offset: -0.003536148
    - vertices: p3421(v422) p1432(v360) p1389(v221)
    - neighboring facets: f1838 f2159 f2163
- f2163
    - flags: top simplicial
    - normal:    0.1751  0.06963   0.9821
    - offset: -0.003398221
    - vertices: p3421(v422) p1432(v360) p1788(v295)
    - neighboring facets: f1841 f2161 f2162
- f2164
    - flags: bottom simplicial
    - normal:    0.1508  0.03233    0.988
    - offset: -0.002311003
    - vertices: p1629(v423) p919(v359) p1451(v45)
    - neighboring facets: f1836 f2373 f2165
- f2165
    - flags: top simplicial
    - normal:    0.1795  0.05026   0.9825
    - offset: -0.002878059
    - vertices: p1629(v423) p919(v359) p1788(v295)
    - neighboring facets: f2161 f2166 f2164
- f2166
    - flags: top simplicial
    - normal:    0.2276  0.04291   0.9728
    - offset: -0.002894881
    - vertices: p1629(v423) p1788(v295) p3786(v88)
    - neighboring facets: f1495 f2327 f2165
- f2170
    - flags: bottom simplicial
    - normal:    0.0536  0.06269   0.9966
    - offset: -0.002812414
    - vertices: p2558(v424) p3545(v294) p136(v153)
    - neighboring facets: f1960 f2171 f2173
- f2171
    - flags: top simplicial
    - normal:   0.05627  0.03929   0.9976
    - offset: -0.002198473
    - vertices: p2558(v424) p559(v314) p136(v153)
    - neighboring facets: f2228 f2170 f2172
- f2172
    - flags: top simplicial
    - normal:   0.07906   0.0198   0.9967
    - offset: -0.001744637
    - vertices: p2558(v424) p919(v359) p559(v314)
    - neighboring facets: f1836 f2171 f2174
- f2173
    - flags: bottom simplicial
    - normal:   0.07553  0.06922   0.9947
    - offset: -0.003047391
    - vertices: p2558(v424) p3421(v422) p3545(v294)
    - neighboring facets: f2159 f2170 f2174
- f2174
    - flags: top simplicial
    - normal:   0.08751  0.06358   0.9941
    - offset: -0.002930966
    - vertices: p2558(v424) p3421(v422) p919(v359)
    - neighboring facets: f2161 f2172 f2173
- f2175
    - flags: top simplicial
    - normal:   0.02498   0.1369   0.9903
    - offset: -0.004851629
    - vertices: p2883(v425) p670(v364) p3545(v294)
    - neighboring facets: f1860 f2179 f2176
- f2176
    - flags: bottom simplicial
    - normal:  -0.003948   0.1864   0.9825
    - offset: -0.006531468
    - vertices: p2883(v425) p670(v364) p2316(v219)
    - neighboring facets: f1859 f2177 f2175
- f2177
    - flags: top simplicial
    - normal:  -0.05921  0.09827   0.9934
    - offset: -0.003594187
    - vertices: p2883(v425) p1300(v293) p2316(v219)
    - neighboring facets: f1484 f2176 f2178
- f2178
    - flags: top simplicial
    - normal:  -0.05903  0.09339   0.9939
    - offset: -0.003429512
    - vertices: p2883(v425) p1316(v383) p1300(v293)
    - neighboring facets: f1962 f2177 f2179
- f2179
    - flags: bottom simplicial
    - normal:  -0.05677   0.0934    0.994
    - offset: -0.003429053
    - vertices: p2883(v425) p1316(v383) p3545(v294)
    - neighboring facets: f1960 f2175 f2178
- f2183
    - flags: bottom simplicial
    - normal:    0.5355  0.08206   0.8405
    - offset: -0.005723252
    - vertices: p457(v426) p1199(v300) p2839(v224)
    - neighboring facets: f1521 f2184 f2192
- f2184
    - flags: top simplicial
    - normal:    0.6363  0.08935   0.7662
    - offset: -0.006644476
    - vertices: p457(v426) p2342(v366) p2839(v224)
    - neighboring facets: f1874 f2183 f2189
- f2185
    - flags: top simplicial
    - normal:    0.2485    0.373   0.8939
    - offset: -0.01286009
    - vertices: p2291(v427) p3980(v361) p3459(v296)
    - neighboring facets: f1857 f2186 f2188
- f2186
    - flags: bottom simplicial
    - normal:    0.3551   0.3496    0.867
    - offset: -0.0127996
    - vertices: p2291(v427) p2342(v366) p3459(v296)
    - neighboring facets: f1871 f2185 f2189
- f2187
    - flags: bottom simplicial
    - normal:    0.2136   0.3061   0.9277
    - offset: -0.01058043
    - vertices: p2291(v427) p670(v364) p2449(v154)
    - neighboring facets: f1856 f2332 f2188
- f2188
    - flags: top simplicial
    - normal:    0.2324   0.3447   0.9095
    - offset: -0.01188872
    - vertices: p2291(v427) p670(v364) p3980(v361)
    - neighboring facets: f1857 f2185 f2187
- f2189
    - flags: bottom simplicial
    - normal:    0.4353   0.2231   0.8722
    - offset: -0.009395331
    - vertices: p2291(v427) p457(v426) p2342(v366)
    - neighboring facets: f2184 f2186 f2192
- f2191
    - flags: top simplicial
    - normal:    0.4387  0.08641   0.8945
    - offset: -0.005203251
    - vertices: p2291(v427) p1199(v300) p2245(v223)
    - neighboring facets: f1520 f2333 f2192
- f2192
    - flags: top simplicial
    - normal:    0.4513  0.09297   0.8875
    - offset: -0.005484007
    - vertices: p2291(v427) p457(v426) p1199(v300)
    - neighboring facets: f2183 f2191 f2189
- f2193
    - flags: bottom simplicial
    - normal:    0.2315 -0.02594   0.9725
    - offset: -0.001392331
    - vertices: p2928(v428) p1121(v303) p3835(v302)
    - neighboring facets: f1889 f2194 f2195
- f2194
    - flags: top simplicial
    - normal:    0.2242 -0.02589   0.9742
    - offset: -0.001350916
    - vertices: p2928(v428) p2127(v368) p3835(v302)
    - neighboring facets: f1884 f2193 f2196
- f2195
    - flags: top simplicial
    - normal:    0.2121 -0.03857   0.9765
    - offset: -0.001363104
    - vertices: p2928(v428) p1121(v303) p2653(v228)
    - neighboring facets: f1538 f2196 f2193
- f2196
    - flags: bottom simplicial
    - normal:    0.2041 -0.02766   0.9786
    - offset: -0.001250011
    - vertices: p2928(v428) p2127(v368) p2653(v228)
    - neighboring facets: f1885 f2195 f2194
- f2197
    - flags: top simplicial
    - normal:    0.2746 -0.01574   0.9614
    - offset: -0.001691643
    - vertices: p663(v429) p697(v367) p624(v158)
    - neighboring facets: f1876 f2198 f2199
- f2198
    - flags: bottom simplicial
    - normal:    0.2647  -0.0185   0.9642
    - offset: -0.001615224
    - vertices: p663(v429) p2872(v369) p624(v158)
    - neighboring facets: f1888 f2197 f2199
- f2199
    - flags: top simplicial
    - normal:    0.2659  -0.0167   0.9638
    - offset: -0.001628173
    - vertices: p663(v429) p2872(v369) p697(v367)
    - neighboring facets: f1891 f2197 f2198
- f2200
    - flags: bottom simplicial
    - normal:   -0.7453  -0.6667 -0.001317
    - offset: -0.009553212
    - vertices: p3684(v430) p1071(v309) p2556(v233)
    - neighboring facets: f1575 f2201 f2202
- f2201
    - flags: top simplicial
    - normal:   -0.7585  -0.6517 -0.001914
    - offset: -0.009551419
    - vertices: p3684(v430) p2975(v374) p2556(v233)
    - neighboring facets: f1910 f2200 f2203
- f2202
    - flags: bottom simplicial
    - normal:   -0.7227  -0.6895 -0.04691
    - offset: -0.01003836
    - vertices: p3684(v430) p3163(v375) p1071(v309)
    - neighboring facets: f2206 f2200 f2203
- f2203
    - flags: top simplicial
    - normal:   -0.7227  -0.6895 -0.04691
    - offset: -0.01003837
    - vertices: p3684(v430) p3163(v375) p2975(v374)
    - neighboring facets: f1915 f2201 f2202
- f2204
    - flags: top simplicial
    - normal:   -0.6921  -0.7203 -0.04694
    - offset: -0.01003762
    - vertices: p161(v431) p1071(v309) p3490(v308)
    - neighboring facets: f1569 f2205 f2206
- f2205
    - flags: bottom simplicial
    - normal:   -0.6934  -0.7189 -0.04982
    - offset: -0.01007067
    - vertices: p161(v431) p3163(v375) p3490(v308)
    - neighboring facets: f1913 f2204 f2206
- f2206
    - flags: top simplicial
    - normal:   -0.7221  -0.6902 -0.04693
    - offset: -0.01003871
    - vertices: p161(v431) p3163(v375) p1071(v309)
    - neighboring facets: f2202 f2204 f2205
- f2207
    - flags: bottom simplicial
    - normal:      -0.6     -0.8 0.004528
    - offset: -0.009469893
    - vertices: p3114(v432) p2960(v176) p2249(v23)
    - neighboring facets: f2263 f2208 f2209
- f2208
    - flags: top simplicial
    - normal:   -0.5989  -0.8005  0.02008
    - offset: -0.009469454
    - vertices: p3114(v432) p2001(v377) p2249(v23)
    - neighboring facets: f1922 f2207 f2209
- f2209
    - flags: bottom simplicial
    - normal:   -0.6035  -0.7973 0.004403
    - offset: -0.009470656
    - vertices: p3114(v432) p2001(v377) p2960(v176)
    - neighboring facets: f1925 f2207 f2208
- f2210
    - flags: top simplicial
    - normal:  -0.04164 -0.001174   0.9991
    - offset: -0.001214994
    - vertices: p3376(v433) p2923(v312) p83(v99)
    - neighboring facets: f1587 f2212 f2211
- f2211
    - flags: top simplicial
    - normal:  -0.03437 -0.002331   0.9994
    - offset: -0.001189227
    - vertices: p3376(v433) p3446(v378) p2923(v312)
    - neighboring facets: f1928 f2210 f2213
- f2212
    - flags: bottom simplicial
    - normal:  -0.03183 0.004691   0.9995
    - offset: -0.001224734
    - vertices: p3376(v433) p1144(v381) p83(v99)
    - neighboring facets: f2223 f2210 f2216
- f2213
    - flags: bottom simplicial
    - normal:  -0.007487 -0.004983        1
    - offset: -0.001103246
    - vertices: p3376(v433) p3446(v378) p1850(v234)
    - neighboring facets: f1929 f2219 f2211
- f2216
    - flags: top simplicial
    - normal:  -0.004263 -0.0002354        1
    - offset: -0.001123261
    - vertices: p3376(v433) p1144(v381) p1998(v315)
    - neighboring facets: f2227 f2218 f2212
- f2217
    - flags: bottom simplicial
    - normal:   0.02723 -0.006331   0.9996
    - offset: -0.001047125
    - vertices: p3071(v434) p334(v380) p1998(v315)
    - neighboring facets: f1938 f2218 f2221
- f2218
    - flags: top simplicial
    - normal:    -0.002 -0.0008632        1
    - offset: -0.001113552
    - vertices: p3071(v434) p3376(v433) p1998(v315)
    - neighboring facets: f2216 f2217 f2219
- f2219
    - flags: bottom simplicial
    - normal:  -0.002805 -0.005176        1
    - offset: -0.001089801
    - vertices: p3071(v434) p3376(v433) p1850(v234)
    - neighboring facets: f2213 f2220 f2218
- f2220
    - flags: top simplicial
    - normal:   0.02226 -0.008821   0.9997
    - offset: -0.001038886
    - vertices: p3071(v434) p3547(v311) p1850(v234)
    - neighboring facets: f1929 f2219 f2221
- f2221
    - flags: top simplicial
    - normal:   0.02567 -0.009165   0.9996
    - offset: -0.001032778
    - vertices: p3071(v434) p334(v380) p3547(v311)
    - neighboring facets: f1939 f2220 f2217
- f2222
    - flags: bottom simplicial
    - normal:  -0.06499  0.01134   0.9978
    - offset: -0.001363807
    - vertices: p3267(v435) p1406(v166) p83(v99)
    - neighboring facets: f1587 f2223 f2224
- f2223
    - flags: top simplicial
    - normal:  -0.05299 0.008996   0.9986
    - offset: -0.001314037
    - vertices: p3267(v435) p1144(v381) p83(v99)
    - neighboring facets: f2212 f2222 f2225
- f2224
    - flags: bottom simplicial
    - normal:  -0.07952  0.01488   0.9967
    - offset: -0.001439652
    - vertices: p3267(v435) p1806(v242) p1406(v166)
    - neighboring facets: f1609 f2222 f2225
- f2225
    - flags: bottom simplicial
    - normal:    -0.069  0.01962   0.9974
    - offset: -0.001550021
    - vertices: p3267(v435) p1144(v381) p1806(v242)
    - neighboring facets: f2232 f2224 f2223
- f2226
    - flags: bottom simplicial
    - normal:  0.001029  0.01538   0.9999
    - offset: -0.001485134
    - vertices: p2690(v436) p1998(v315) p559(v314)
    - neighboring facets: f1602 f2228 f2227
- f2227
    - flags: bottom simplicial
    - normal:  -0.0004005  0.01465   0.9999
    - offset: -0.001466012
    - vertices: p2690(v436) p1144(v381) p1998(v315)
    - neighboring facets: f2216 f2226 f2232
- f2228
    - flags: bottom simplicial
    - normal:  -0.001688  0.03057   0.9995
    - offset: -0.00186699
    - vertices: p2690(v436) p559(v314) p136(v153)
    - neighboring facets: f2171 f2229 f2226
- f2229
    - flags: top simplicial
    - normal:  -0.05463  0.08199   0.9951
    - offset: -0.003130031
    - vertices: p2690(v436) p1316(v383) p136(v153)
    - neighboring facets: f1960 f2228 f2230
- f2230
    - flags: bottom simplicial
    - normal:  -0.09616  0.03598   0.9947
    - offset: -0.001944102
    - vertices: p2690(v436) p1316(v383) p3461(v317)
    - neighboring facets: f1963 f2231 f2229
- f2231
    - flags: bottom simplicial
    - normal:  -0.07849   0.0241   0.9966
    - offset: -0.001656373
    - vertices: p2690(v436) p3461(v317) p1806(v242)
    - neighboring facets: f1609 f2232 f2230
- f2232
    - flags: top simplicial
    - normal:  -0.06876  0.01985   0.9974
    - offset: -0.001555509
    - vertices: p2690(v436) p1144(v381) p1806(v242)
    - neighboring facets: f2225 f2231 f2227
- f2233
    - flags: top simplicial
    - normal:    0.1522  0.02623   -0.988
    - offset: -0.01402007
    - vertices: p3493(v437) p903(v388) p766(v246)
    - neighboring facets: f1987 f2235 f2234
- f2234
    - flags: bottom simplicial
    - normal:    0.1716  0.04375  -0.9842
    - offset: -0.0145032
    - vertices: p3493(v437) p903(v388) p1706(v321)
    - neighboring facets: f2381 f2237 f2233
- f2235
    - flags: bottom simplicial
    - normal:    0.1659  0.01967  -0.9859
    - offset: -0.01388796
    - vertices: p3493(v437) p2371(v391) p766(v246)
    - neighboring facets: f2006 f2233 f2236
- f2236
    - flags: top simplicial
    - normal:    0.1959  0.01611  -0.9805
    - offset: -0.01386085
    - vertices: p3493(v437) p2371(v391) p899(v390)
    - neighboring facets: f2011 f2238 f2235
- f2237
    - flags: bottom simplicial
    - normal:    0.2951  0.01968  -0.9553
    - offset: -0.01406872
    - vertices: p3493(v437) p1706(v321) p1204(v320)
    - neighboring facets: f1998 f2238 f2234
- f2238
    - flags: top simplicial
    - normal:    0.2945  0.01944  -0.9554
    - offset: -0.01406261
    - vertices: p3493(v437) p899(v390) p1204(v320)
    - neighboring facets: f2004 f2237 f2236
- f2239
    - flags: bottom simplicial
    - normal:   0.07217  0.05818  -0.9957
    - offset: -0.01469783
    - vertices: p3388(v438) p2985(v247) p267(v102)
    - neighboring facets: f1616 f2242 f2240
- f2240
    - flags: bottom simplicial
    - normal:   0.08415  0.05757  -0.9948
    - offset: -0.01469953
    - vertices: p3388(v438) p903(v388) p2985(v247)
    - neighboring facets: f1988 f2239 f2383
- f2242
    - flags: top simplicial
    - normal:   0.02268   0.1314  -0.9911
    - offset: -0.0165937
    - vertices: p3388(v438) p643(v192) p267(v102)
    - neighboring facets: f1280 f2239 f2243
- f2243
    - flags: top simplicial
    - normal:   0.08654    0.161  -0.9832
    - offset: -0.01749562
    - vertices: p3388(v438) p211(v256) p643(v192)
    - neighboring facets: f1282 f2242 f2346
- f2247
    - flags: bottom simplicial
    - normal:     0.165   0.1169  -0.9793
    - offset: -0.01644318
    - vertices: p1422(v439) p211(v256) p3957(v169)
    - neighboring facets: f1282 f2339 f2347
- f2250
    - flags: top simplicial
    - normal:    0.2549 -0.01662  -0.9668
    - offset: -0.01318558
    - vertices: p2946(v440) p899(v390) p2053(v65)
    - neighboring facets: f2011 f2252 f2251
- f2251
    - flags: bottom simplicial
    - normal:    0.2644  -0.0157  -0.9643
    - offset: -0.0132174
    - vertices: p2946(v440) p899(v390) p748(v325)
    - neighboring facets: f2002 f2253 f2250
- f2252
    - flags: bottom simplicial
    - normal:    0.2468 -0.02873  -0.9686
    - offset: -0.01313307
    - vertices: p2946(v440) p2055(v116) p2053(v65)
    - neighboring facets: f886 f2250 f2253
- f2253
    - flags: bottom simplicial
    - normal:    0.2699 -0.02971  -0.9624
    - offset: -0.01320407
    - vertices: p2946(v440) p748(v325) p2055(v116)
    - neighboring facets: f1654 f2252 f2251
- f2254
    - flags: top simplicial
    - normal:    0.1432 -0.01913  -0.9895
    - offset: -0.01293995
    - vertices: p3765(v441) p2371(v391) p1023(v189)
    - neighboring facets: f2006 f2258 f2255
- f2255
    - flags: bottom simplicial
    - normal:    0.1558 -0.01981  -0.9876
    - offset: -0.01295235
    - vertices: p3765(v441) p2371(v391) p3384(v323)
    - neighboring facets: f2010 f2256 f2254
- f2256
    - flags: bottom simplicial
    - normal:    0.1533 -0.02554  -0.9879
    - offset: -0.01292756
    - vertices: p3765(v441) p3384(v323) p295(v17)
    - neighboring facets: f1645 f2257 f2255
- f2257
    - flags: top simplicial
    - normal:    0.1443 -0.02582  -0.9892
    - offset: -0.01291576
    - vertices: p3765(v441) p3966(v126) p295(v17)
    - neighboring facets: f592 f2256 f2258
- f2258
    - flags: top simplicial
    - normal:    0.1374 -0.02484  -0.9902
    - offset: -0.01291066
    - vertices: p3765(v441) p1023(v189) p3966(v126)
    - neighboring facets: f1290 f2257 f2254
- f2259
    - flags: bottom simplicial
    - normal:   -0.5546  -0.8291 -0.07099
    - offset: -0.01029789
    - vertices: p588(v442) p3401(v373) p2455(v249)
    - neighboring facets: f1906 f2260 f2261
- f2260
    - flags: top simplicial
    - normal:   -0.5098  -0.8583 -0.05777
    - offset: -0.01016145
    - vertices: p588(v442) p1506(v393) p2455(v249)
    - neighboring facets: f2017 f2259 f2262
- f2261
    - flags: top simplicial
    - normal:   -0.5841  -0.8113 -0.02589
    - offset: -0.009789036
    - vertices: p588(v442) p3401(v373) p2960(v176)
    - neighboring facets: f1905 f2263 f2259
- f2262
    - flags: bottom simplicial
    - normal:   -0.4822  -0.8749 -0.04543
    - offset: -0.01001764
    - vertices: p588(v442) p1506(v393) p1313(v324)
    - neighboring facets: f2017 f2264 f2260
- f2263
    - flags: top simplicial
    - normal:   -0.5603  -0.8283 0.003391
    - offset: -0.009475886
    - vertices: p588(v442) p2960(v176) p2249(v23)
    - neighboring facets: f2207 f2264 f2261
- f2264
    - flags: bottom simplicial
    - normal:   -0.5074  -0.8617 0.006206
    - offset: -0.009450648
    - vertices: p588(v442) p1313(v324) p2249(v23)
    - neighboring facets: f1649 f2263 f2262
- f2265
    - flags: top simplicial
    - normal:    0.6067   0.0199  -0.7947
    - offset: -0.01410663
    - vertices: p798(v443) p552(v395) p1131(v74)
    - neighboring facets: f2027 f2267 f2266
- f2266
    - flags: bottom simplicial
    - normal:    0.6087  0.02238  -0.7931
    - offset: -0.01411297
    - vertices: p798(v443) p552(v395) p2507(v253)
    - neighboring facets: f2028 f2268 f2265
- f2267
    - flags: bottom simplicial
    - normal:    0.6175  0.02355  -0.7862
    - offset: -0.01412632
    - vertices: p798(v443) p1276(v328) p1131(v74)
    - neighboring facets: f1666 f2265 f2268
- f2268
    - flags: top simplicial
    - normal:    0.6109  0.02268  -0.7914
    - offset: -0.01411644
    - vertices: p798(v443) p1276(v328) p2507(v253)
    - neighboring facets: f2034 f2266 f2267
- f2269
    - flags: bottom simplicial
    - normal:    0.4965  0.01147   -0.868
    - offset: -0.01394632
    - vertices: p202(v444) p1812(v396) p1940(v329)
    - neighboring facets: f2030 f2271 f2273
- f2270
    - flags: bottom simplicial
    - normal:    0.4422 0.004296  -0.8969
    - offset: -0.01380264
    - vertices: p202(v444) p2811(v397) p2578(v187)
    - neighboring facets: f2035 f2272 f2271
- f2271
    - flags: top simplicial
    - normal:    0.4627 0.006689  -0.8865
    - offset: -0.01385538
    - vertices: p202(v444) p2811(v397) p1940(v329)
    - neighboring facets: f2039 f2269 f2270
- f2272
    - flags: top simplicial
    - normal:     0.375 0.005444   -0.927
    - offset: -0.01380079
    - vertices: p202(v444) p3589(v254) p2578(v187)
    - neighboring facets: f1982 f2270 f2275
- f2273
    - flags: top simplicial
    - normal:    0.4636  0.02649  -0.8856
    - offset: -0.01433685
    - vertices: p202(v444) p1812(v396) p2508(v67)
    - neighboring facets: f2033 f2274 f2269
- f2274
    - flags: bottom simplicial
    - normal:    0.3762  0.03609  -0.9258
    - offset: -0.01454653
    - vertices: p202(v444) p401(v389) p2508(v67)
    - neighboring facets: f1995 f2273 f2275
- f2275
    - flags: top simplicial
    - normal:    0.3426  0.02587  -0.9391
    - offset: -0.01425874
    - vertices: p202(v444) p401(v389) p3589(v254)
    - neighboring facets: f1997 f2272 f2274
- f2276
    - flags: top simplicial
    - normal:    0.3948   0.3312   -0.857
    - offset: -0.02267432
    - vertices: p3457(v445) p197(v335) p2888(v261)
    - neighboring facets: f2059 f2277 f2278
- f2277
    - flags: bottom simplicial
    - normal:    0.4351   0.3449  -0.8317
    - offset: -0.02311853
    - vertices: p3457(v445) p2601(v399) p2888(v261)
    - neighboring facets: f2043 f2276 f2279
- f2278
    - flags: top simplicial
    - normal:    0.2857   0.3812  -0.8792
    - offset: -0.02384996
    - vertices: p3457(v445) p1624(v400) p197(v335)
    - neighboring facets: f2052 f2276 f2280
- f2279
    - flags: top simplicial
    - normal:    0.2636   0.5604  -0.7851
    - offset: -0.02860122
    - vertices: p3457(v445) p2601(v399) p643(v192)
    - neighboring facets: f2048 f2280 f2277
- f2280
    - flags: bottom simplicial
    - normal:    0.2623   0.4069   -0.875
    - offset: -0.02449859
    - vertices: p3457(v445) p1624(v400) p643(v192)
    - neighboring facets: f2051 f2279 f2278
- f2281
    - flags: top simplicial
    - normal:    0.3127   0.8256  -0.4696
    - offset: -0.03445515
    - vertices: p2554(v446) p2301(v260) p3242(v8)
    - neighboring facets: f1303 f2283 f2282
- f2282
    - flags: top simplicial
    - normal:    0.3183   0.8197  -0.4763
    - offset: -0.03435182
    - vertices: p2554(v446) p2601(v399) p2301(v260)
    - neighboring facets: f2046 f2281 f2284
- f2283
    - flags: bottom simplicial
    - normal:    0.2449    0.882  -0.4025
    - offset: -0.03528698
    - vertices: p2554(v446) p1167(v125) p3242(v8)
    - neighboring facets: f590 f2281 f2284
- f2284
    - flags: bottom simplicial
    - normal:    0.2618   0.8434  -0.4692
    - offset: -0.03467597
    - vertices: p2554(v446) p2601(v399) p1167(v125)
    - neighboring facets: f2048 f2283 f2282
- f2286
    - flags: top simplicial
    - normal:    0.3259   0.1053  -0.9395
    - offset: -0.01639576
    - vertices: p975(v447) p228(v401) p3957(v169)
    - neighboring facets: f2056 f2341 f2287
- f2287
    - flags: bottom simplicial
    - normal:    0.4292  0.08913  -0.8988
    - offset: -0.01603883
    - vertices: p975(v447) p228(v401) p2298(v245)
    - neighboring facets: f2057 f2342 f2286
- f2288
    - flags: bottom simplicial
    - normal:    0.6473  -0.5569   0.5205
    - offset: -0.008094826
    - vertices: p2244(v448) p1663(v282) p989(v80)
    - neighboring facets: f1420 f2295 f2290
- f2290
    - flags: bottom simplicial
    - normal:    0.7448  -0.4673   0.4763
    - offset: -0.00827222
    - vertices: p2244(v448) p3529(v414) p1663(v282)
    - neighboring facets: f2117 f2288 f2296
- f2293
    - flags: top simplicial
    - normal:    0.5388  -0.8414   0.0419
    - offset: -0.01028188
    - vertices: p1528(v449) p682(v338) p989(v80)
    - neighboring facets: f1720 f2295 f2388
- f2295
    - flags: bottom simplicial
    - normal:    0.6804  -0.6725   0.2911
    - offset: -0.009454184
    - vertices: p1528(v449) p2244(v448) p989(v80)
    - neighboring facets: f2288 f2293 f2296
- f2296
    - flags: top simplicial
    - normal:    0.7192  -0.6417   0.2664
    - offset: -0.009567392
    - vertices: p1528(v449) p2244(v448) p3529(v414)
    - neighboring facets: f2290 f2390 f2295
- f2297
    - flags: top simplicial
    - normal:    0.8373  -0.5464 -0.01825
    - offset: -0.01087482
    - vertices: p3169(v450) p3753(v281) p2571(v213)
    - neighboring facets: f2075 f2304 f2299
- f2299
    - flags: bottom simplicial
    - normal:     0.882  -0.4682  0.05275
    - offset: -0.0104648
    - vertices: p3169(v450) p3753(v281) p2657(v19)
    - neighboring facets: f1711 f2352 f2297
- f2304
    - flags: top simplicial
    - normal:    0.8274  -0.5595  0.04827
    - offset: -0.01048436
    - vertices: p1834(v451) p3169(v450) p2571(v213)
    - neighboring facets: f2297 f2400 f2305
- f2305
    - flags: bottom simplicial
    - normal:    0.8294  -0.5564  0.05028
    - offset: -0.0104744
    - vertices: p1834(v451) p3169(v450) p2071(v415)
    - neighboring facets: f2356 f2359 f2304
- f2306
    - flags: top simplicial
    - normal:    0.8026  -0.5902  0.08721
    - offset: -0.01030735
    - vertices: p1834(v451) p3529(v414) p3710(v351)
    - neighboring facets: f2116 f2358 f2391
- f2308
    - flags: top simplicial
    - normal:    0.9807  0.04889   0.1895
    - offset: -0.009976653
    - vertices: p1332(v452) p461(v352) p3168(v286)
    - neighboring facets: f1794 f2310 f2309
- f2309
    - flags: top simplicial
    - normal:    0.9813  0.04648   0.1867
    - offset: -0.009988302
    - vertices: p1332(v452) p3773(v417) p461(v352)
    - neighboring facets: f2312 f2308 f2311
- f2310
    - flags: top simplicial
    - normal:    0.9921   0.0471   0.1167
    - offset: -0.01045573
    - vertices: p1332(v452) p3168(v286) p3115(v216)
    - neighboring facets: f1437 f2311 f2308
- f2311
    - flags: bottom simplicial
    - normal:    0.9859  0.04334   0.1616
    - offset: -0.01015055
    - vertices: p1332(v452) p3773(v417) p3115(v216)
    - neighboring facets: f2315 f2310 f2309
- f2312
    - flags: bottom simplicial
    - normal:    0.9798  0.04372   0.1949
    - offset: -0.009927439
    - vertices: p325(v453) p3773(v417) p461(v352)
    - neighboring facets: f2309 f2316 f2315
- f2313
    - flags: bottom simplicial
    - normal:    0.9665  0.02163   0.2556
    - offset: -0.009494964
    - vertices: p325(v453) p2746(v421) p2949(v358)
    - neighboring facets: f2156 f2314 f2362
- f2314
    - flags: bottom simplicial
    - normal:    0.9835  0.02636    0.179
    - offset: -0.01000648
    - vertices: p325(v453) p2949(v358) p3115(v216)
    - neighboring facets: f1822 f2315 f2313
- f2315
    - flags: top simplicial
    - normal:    0.9834  0.02799   0.1791
    - offset: -0.01000754
    - vertices: p325(v453) p3773(v417) p3115(v216)
    - neighboring facets: f2311 f2314 f2312
- f2316
    - flags: bottom simplicial
    - normal:     0.972  0.04801   0.2302
    - offset: -0.009701329
    - vertices: p325(v453) p461(v352) p1870(v148)
    - neighboring facets: f1794 f2361 f2312
- f2319
    - flags: top simplicial
    - normal:    0.9046  0.04211   0.4241
    - offset: -0.008262722
    - vertices: p1183(v454) p1005(v420) p1482(v292)
    - neighboring facets: f2324 f2363 f2322
- f2320
    - flags: top simplicial
    - normal:    0.8838  0.04046   0.4661
    - offset: -0.007930955
    - vertices: p1183(v454) p1616(v418) p123(v218)
    - neighboring facets: f2138 f2321 f2364
- f2321
    - flags: bottom simplicial
    - normal:     0.902  0.04357   0.4296
    - offset: -0.008220797
    - vertices: p1183(v454) p1844(v357) p123(v218)
    - neighboring facets: f1816 f2320 f2322
- f2322
    - flags: bottom simplicial
    - normal:    0.9037  0.04366    0.426
    - offset: -0.008248595
    - vertices: p1183(v454) p1005(v420) p1844(v357)
    - neighboring facets: f2153 f2321 f2319
- f2323
    - flags: top simplicial
    - normal:    0.9073  0.04309   0.4182
    - offset: -0.008311156
    - vertices: p2004(v455) p3921(v419) p1482(v292)
    - neighboring facets: f2158 f2324 f2325
- f2324
    - flags: bottom simplicial
    - normal:    0.9046  0.04211   0.4241
    - offset: -0.008262753
    - vertices: p2004(v455) p1005(v420) p1482(v292)
    - neighboring facets: f2319 f2323 f2325
- f2325
    - flags: top simplicial
    - normal:    0.9055  0.04366    0.422
    - offset: -0.008280521
    - vertices: p2004(v455) p1005(v420) p3921(v419)
    - neighboring facets: f2153 f2323 f2324
- f2326
    - flags: bottom simplicial
    - normal:    0.2968 0.007924   0.9549
    - offset: -0.0023293
    - vertices: p3986(v456) p697(v367) p3786(v88)
    - neighboring facets: f1880 f2327 f2369
- f2327
    - flags: top simplicial
    - normal:    0.2328  0.03876   0.9717
    - offset: -0.002813298
    - vertices: p3986(v456) p1629(v423) p3786(v88)
    - neighboring facets: f2166 f2326 f2374
- f2331
    - flags: top simplicial
    - normal:     0.331  0.09877   0.9384
    - offset: -0.004953633
    - vertices: p3144(v457) p2245(v223) p2449(v154)
    - neighboring facets: f1840 f2332 f2333
- f2332
    - flags: bottom simplicial
    - normal:    0.2257   0.2908   0.9298
    - offset: -0.01018437
    - vertices: p3144(v457) p2291(v427) p2449(v154)
    - neighboring facets: f2187 f2331 f2333
- f2333
    - flags: top simplicial
    - normal:    0.3993  0.09618   0.9118
    - offset: -0.005259456
    - vertices: p3144(v457) p2291(v427) p2245(v223)
    - neighboring facets: f2191 f2331 f2332
- f2339
    - flags: bottom simplicial
    - normal:    0.2142   0.1015  -0.9715
    - offset: -0.01612913
    - vertices: p1060(v459) p1422(v439) p3957(v169)
    - neighboring facets: f2247 f2341 f2377
- f2340
    - flags: top simplicial
    - normal:    0.3238  0.08239  -0.9425
    - offset: -0.01575513
    - vertices: p1060(v459) p401(v389) p2298(v245)
    - neighboring facets: f1995 f2342 f2379
- f2341
    - flags: top simplicial
    - normal:    0.3201  0.09158   -0.943
    - offset: -0.0160013
    - vertices: p1060(v459) p975(v447) p3957(v169)
    - neighboring facets: f2286 f2339 f2342
- f2342
    - flags: bottom simplicial
    - normal:    0.3217  0.08976  -0.9426
    - offset: -0.01595333
    - vertices: p1060(v459) p975(v447) p2298(v245)
    - neighboring facets: f2287 f2340 f2341
- f2345
    - flags: top simplicial
    - normal:    0.1723  0.05941  -0.9832
    - offset: -0.01491054
    - vertices: p1952(v460) p3515(v458) p1422(v439)
    - neighboring facets: f2376 f2347 f2380
- f2346
    - flags: bottom simplicial
    - normal:    0.1369   0.1029  -0.9852
    - offset: -0.01600039
    - vertices: p1952(v460) p3388(v438) p211(v256)
    - neighboring facets: f2243 f2347 f2384
- f2347
    - flags: top simplicial
    - normal:    0.1384    0.103   -0.985
    - offset: -0.01600708
    - vertices: p1952(v460) p1422(v439) p211(v256)
    - neighboring facets: f2247 f2346 f2345
- f2352
    - flags: bottom simplicial
    - normal:     0.882  -0.4682  0.05276
    - offset: -0.01046478
    - vertices: p3755(v462) p3169(v450) p2657(v19)
    - neighboring facets: f2299 f2353 f2356
- f2353
    - flags: top simplicial
    - normal:    0.9048  -0.4202  0.06886
    - offset: -0.01035679
    - vertices: p3755(v462) p3908(v416) p2657(v19)
    - neighboring facets: f2129 f2352 f2354
- f2354
    - flags: bottom simplicial
    - normal:    0.8907  -0.4391   0.1178
    - offset: -0.01013352
    - vertices: p3755(v462) p3908(v416) p3710(v351)
    - neighboring facets: f2127 f2355 f2353
- f2355
    - flags: top simplicial
    - normal:    0.8464  -0.5266  0.07915
    - offset: -0.01034129
    - vertices: p3755(v462) p2071(v415) p3710(v351)
    - neighboring facets: f2357 f2354 f2356
- f2356
    - flags: top simplicial
    - normal:     0.846  -0.5299  0.05898
    - offset: -0.01043459
    - vertices: p3755(v462) p3169(v450) p2071(v415)
    - neighboring facets: f2305 f2355 f2352
- f2357
    - flags: bottom simplicial
    - normal:    0.8382  -0.5397  0.07858
    - offset: -0.0103464
    - vertices: p1046(v463) p2071(v415) p3710(v351)
    - neighboring facets: f2355 f2358 f2359
- f2358
    - flags: top simplicial
    - normal:    0.8252  -0.5593  0.07832
    - offset: -0.01034744
    - vertices: p1046(v463) p1834(v451) p3710(v351)
    - neighboring facets: f2306 f2357 f2359
- f2359
    - flags: bottom simplicial
    - normal:    0.8289  -0.5566  0.05515
    - offset: -0.01045285
    - vertices: p1046(v463) p1834(v451) p2071(v415)
    - neighboring facets: f2305 f2357 f2358
- f2360
    - flags: top simplicial
    - normal:    0.9551  0.04187   0.2933
    - offset: -0.009245277
    - vertices: p996(v464) p2746(v421) p1870(v148)
    - neighboring facets: f2157 f2361 f2362
- f2361
    - flags: bottom simplicial
    - normal:    0.9615  0.04392   0.2714
    - offset: -0.009408795
    - vertices: p996(v464) p325(v453) p1870(v148)
    - neighboring facets: f2316 f2360 f2362
- f2362
    - flags: top simplicial
    - normal:    0.9554  0.04174   0.2923
    - offset: -0.009252301
    - vertices: p996(v464) p325(v453) p2746(v421)
    - neighboring facets: f2313 f2360 f2361
- f2363
    - flags: top simplicial
    - normal:    0.9046  0.04211   0.4241
    - offset: -0.008262718
    - vertices: p744(v465) p1183(v454) p1482(v292)
    - neighboring facets: f2319 f2366 f2364
- f2364
    - flags: bottom simplicial
    - normal:    0.8913  0.01384   0.4533
    - offset: -0.008031718
    - vertices: p744(v465) p1183(v454) p1616(v418)
    - neighboring facets: f2320 f2368 f2363
- f2365
    - flags: top simplicial
    - normal:    0.9249  -0.1381   0.3541
    - offset: -0.008699403
    - vertices: p744(v465) p2949(v358) p3732(v136)
    - neighboring facets: f2132 f2367 f2366
- f2366
    - flags: bottom simplicial
    - normal:    0.9434 -0.05806   0.3266
    - offset: -0.008977999
    - vertices: p744(v465) p2949(v358) p1482(v292)
    - neighboring facets: f2156 f2363 f2365
- f2367
    - flags: bottom simplicial
    - normal:    0.8881  -0.1211   0.4433
    - offset: -0.008032672
    - vertices: p744(v465) p2295(v277) p3732(v136)
    - neighboring facets: f1391 f2365 f2368
- f2368
    - flags: bottom simplicial
    - normal:    0.8751  -0.1083   0.4716
    - offset: -0.007806785
    - vertices: p744(v465) p1616(v418) p2295(v277)
    - neighboring facets: f2142 f2367 f2364
- f2369
    - flags: top simplicial
    - normal:    0.2678 0.0001344   0.9635
    - offset: -0.002014164
    - vertices: p1987(v466) p3986(v456) p697(v367)
    - neighboring facets: f2326 f2371 f2374
- f2370
    - flags: top simplicial
    - normal:    0.2306 -0.01879   0.9729
    - offset: -0.001412191
    - vertices: p1987(v466) p3835(v302) p959(v301)
    - neighboring facets: f1884 f2372 f2371
- f2371
    - flags: top simplicial
    - normal:    0.2344  -0.0185    0.972
    - offset: -0.001434373
    - vertices: p1987(v466) p697(v367) p3835(v302)
    - neighboring facets: f1891 f2370 f2369
- f2372
    - flags: top simplicial
    - normal:    0.1291 -0.00666   0.9916
    - offset: -0.001283891
    - vertices: p1987(v466) p959(v301) p1451(v45)
    - neighboring facets: f1603 f2373 f2370
- f2373
    - flags: bottom simplicial
    - normal:     0.161  0.02486   0.9866
    - offset: -0.002167762
    - vertices: p1987(v466) p1629(v423) p1451(v45)
    - neighboring facets: f2164 f2372 f2374
- f2374
    - flags: bottom simplicial
    - normal:    0.1978  0.02274     0.98
    - offset: -0.002268744
    - vertices: p1987(v466) p3986(v456) p1629(v423)
    - neighboring facets: f2327 f2373 f2369
- f2375
    - flags: top simplicial
    - normal:    0.1833  0.05606  -0.9815
    - offset: -0.01484544
    - vertices: p3876(v467) p3515(v458) p1706(v321)
    - neighboring facets: f2382 f2378 f2376
- f2376
    - flags: bottom simplicial
    - normal:    0.1747   0.0592  -0.9828
    - offset: -0.01491028
    - vertices: p3876(v467) p3515(v458) p1422(v439)
    - neighboring facets: f2345 f2377 f2375
- f2377
    - flags: top simplicial
    - normal:    0.2197  0.07776  -0.9725
    - offset: -0.0154996
    - vertices: p3876(v467) p1060(v459) p1422(v439)
    - neighboring facets: f2339 f2376 f2379
- f2378
    - flags: bottom simplicial
    - normal:    0.2719  0.05285  -0.9609
    - offset: -0.01490575
    - vertices: p3876(v467) p401(v389) p1706(v321)
    - neighboring facets: f1998 f2375 f2379
- f2379
    - flags: bottom simplicial
    - normal:    0.2729  0.05608  -0.9604
    - offset: -0.01499377
    - vertices: p3876(v467) p1060(v459) p401(v389)
    - neighboring facets: f2340 f2378 f2377
- f2380
    - flags: bottom simplicial
    - normal:    0.1716  0.05901  -0.9834
    - offset: -0.01489857
    - vertices: p169(v468) p1952(v460) p3515(v458)
    - neighboring facets: f2345 f2382 f2384
- f2381
    - flags: top simplicial
    - normal:    0.1725  0.04892  -0.9838
    - offset: -0.01463799
    - vertices: p169(v468) p903(v388) p1706(v321)
    - neighboring facets: f2234 f2382 f2383
- f2382
    - flags: bottom simplicial
    - normal:    0.1734   0.0517  -0.9835
    - offset: -0.01471135
    - vertices: p169(v468) p3515(v458) p1706(v321)
    - neighboring facets: f2375 f2381 f2380
- f2383
    - flags: top simplicial
    - normal:   0.09634  0.06342  -0.9933
    - offset: -0.01487831
    - vertices: p169(v468) p3388(v438) p903(v388)
    - neighboring facets: f2240 f2381 f2384
- f2384
    - flags: top simplicial
    - normal:    0.1231  0.07783  -0.9893
    - offset: -0.01530527
    - vertices: p169(v468) p1952(v460) p3388(v438)
    - neighboring facets: f2346 f2383 f2380
- f2385
    - flags: top simplicial
    - normal:    0.7222  -0.6898  0.05226
    - offset: -0.01047767
    - vertices: p817(v469) p3329(v461) p2462(v142)
    - neighboring facets: f2399 f2387 f2396
- f2387
    - flags: bottom simplicial
    - normal:    0.5845   -0.811  0.02389
    - offset: -0.01047728
    - vertices: p817(v469) p682(v338) p2462(v142)
    - neighboring facets: f1719 f2385 f2388
- f2388
    - flags: bottom simplicial
    - normal:     0.547  -0.8362  0.03987
    - offset: -0.01030806
    - vertices: p817(v469) p1528(v449) p682(v338)
    - neighboring facets: f2293 f2387 f2395
- f2390
    - flags: top simplicial
    - normal:    0.7728  -0.6289  0.08518
    - offset: -0.01030246
    - vertices: p2823(v470) p1528(v449) p3529(v414)
    - neighboring facets: f2296 f2391 f2394
- f2391
    - flags: bottom simplicial
    - normal:    0.7784  -0.6222  0.08332
    - offset: -0.0103116
    - vertices: p2823(v470) p1834(v451) p3529(v414)
    - neighboring facets: f2306 f2390 f2401
- f2394
    - flags: bottom simplicial
    - normal:    0.7548  -0.6523  0.06863
    - offset: -0.01038635
    - vertices: p1002(v471) p2823(v470) p1528(v449)
    - neighboring facets: f2390 f2395 f2403
- f2395
    - flags: top simplicial
    - normal:    0.7341  -0.6765  0.05822
    - offset: -0.01044125
    - vertices: p1002(v471) p817(v469) p1528(v449)
    - neighboring facets: f2388 f2394 f2396
- f2396
    - flags: bottom simplicial
    - normal:     0.734  -0.6766  0.05789
    - offset: -0.01044302
    - vertices: p1002(v471) p817(v469) p3329(v461)
    - neighboring facets: f2385 f2399 f2395
- f2398
    - flags: top simplicial
    - normal:    0.7623  -0.6462  0.03686
    - offset: -0.01055822
    - vertices: p1002(v471) p2571(v213) p2462(v142)
    - neighboring facets: f1726 f2399 f2402
- f2399
    - flags: bottom simplicial
    - normal:    0.7516  -0.6582  0.04359
    - offset: -0.01052395
    - vertices: p1002(v471) p3329(v461) p2462(v142)
    - neighboring facets: f2385 f2398 f2396
- f2400
    - flags: top simplicial
    - normal:    0.8241  -0.5643   0.0492
    - offset: -0.01048167
    - vertices: p1252(v472) p1834(v451) p2571(v213)
    - neighboring facets: f2304 f2402 f2401
- f2401
    - flags: top simplicial
    - normal:    0.7894  -0.6107  0.06301
    - offset: -0.01041424
    - vertices: p1252(v472) p2823(v470) p1834(v451)
    - neighboring facets: f2391 f2400 f2403
- f2402
    - flags: bottom simplicial
    - normal:     0.772  -0.6338  0.04867
    - offset: -0.01049104
    - vertices: p1252(v472) p1002(v471) p2571(v213)
    - neighboring facets: f2398 f2400 f2403
- f2403
    - flags: top simplicial
    - normal:     0.772  -0.6338  0.04867
    - offset: -0.01049103
    - vertices: p1252(v472) p1002(v471) p2823(v470)
    - neighboring facets: f2394 f2401 f2402
