3
4000 2082 3123
0.006921388674527407 -0.006583975162357092 -0.01050921529531479 
0.004540715366601944 -0.01032322272658348 0.0006146894302219152 
0.001207115943543613 -0.005589672829955816 -0.006182251498103142 
0.002142756246030331 -0.03319989144802094 -0.009983639232814312 
-0.004614677280187607 -0.03603832423686981 -0.001387480879202485 
0.001431128941476345 -0.01278978306800127 -0.0104666193947196 
0.0008821036899462342 0.002624527085572481 -0.006550000049173832 
-0.001636906061321497 -0.01754568517208099 -0.008054764941334724 
0.001418119296431541 -0.006167971529066563 -0.004540400579571724 
0.00116901914589107 -0.00141051784157753 -0.008050000295042992 
0.003751762676984072 -0.03556567803025246 -0.008501478470861912 
-0.004661050159484148 -0.03544535487890244 -0.001444226480089128 
0.001933081424795091 -0.0179392471909523 -0.01043772138655186 
-0.001873331610113382 -0.0388457179069519 -0.01005569845438004 
-0.003853658214211464 -0.04210768267512321 -0.008221781812608242 
-0.005208432674407959 -0.03228285163640976 -0.005366426892578602 
0.003368867095559835 0.004000432323664427 -0.008050000295042992 
-0.003140867920592427 -0.001116479397751391 -0.0019500000635162 
-0.003727826988324523 -0.008991002105176449 -0.004507118370383978 
0.006585385650396347 -0.02348077110946178 -0.0005819505313411355 
-0.001230903319083154 -0.0007754341932013631 -0.007495908997952938 
0.000335860502673313 -0.009578544646501541 0.0003493608382996172 
0.004246963188052177 0.003610254731029272 -0.008050000295042992 
-0.004517508670687675 -0.0414724200963974 -0.003639133181422949 
0.00603833282366395 -0.0002885260037146509 -0.001654022140428424 
0.002827920950949192 -0.003337595146149397 -0.003753470256924629 
0.001774135627783835 0.006401013117283583 -0.003450000192970037 
0.007577384356409311 -0.02185425907373428 -0.008867069147527218 
0.004891772754490376 -0.03420554846525192 -0.003831921378150582 
0.006200070958584547 0.005982294213026762 -0.008050000295042992 
-0.0006688454886898398 0.005531516391783953 -0.002786715049296618 
0.003498165169730783 0.002939864993095398 -0.0019500000635162 
0.003727508243173361 -4.492918378673494e-05 -0.003664818359538913 
0.01087874639779329 -0.004223025403916836 -0.005246805027127266 
0.003977875225245953 0.002424633363261819 -0.008050000295042992 
0.006410776171833277 -0.01227057352662086 0.0002109244669554755 
0.0006376981036737561 -0.03265900164842606 0.0004149497835896909 
-8.046496077440679e-05 -0.005434813443571329 0.0004796168941538781 
0.006034301593899727 0.002544808899983764 -0.008049999363720417 
0.00398682476952672 -0.03827023878693581 -0.005280973389744759 
0.009941917844116688 -0.004075098317116499 -0.00886229332536459 
0.004321510903537273 -0.03497554361820221 -0.007800110150128603 
0.002358772791922092 -0.02949211001396179 -0.0102216973900795 
-0.00057861307868734 -0.005865144543349743 0.000218314045923762 
-0.002764660399407148 -0.0443248450756073 -0.003725365037098527 
0.00431712856516242 -0.0002504755102563649 -0.0019500000635162 
0.008751768618822098 -0.006389306858181953 -0.005703852511942387 
0.002320891246199608 -0.02707028016448021 0.0004167677834630013 
0.003693402511999011 -0.03932218998670578 -0.004293972626328468 
0.008338058367371559 -0.001504559069871902 0.0002016712533077225 
0.00294690765440464 -0.00426541967317462 -0.003777101170271635 
0.003141490975394845 -0.0203902181237936 -0.01039677951484919 
-0.001572241075336933 -0.02365615218877792 -0.007894851267337799 
0.000542796915397048 0.004871275275945663 -0.006550000049173832 
0.007414553314447403 0.001455453457310796 -0.002712426939979196 
-0.002297654515132308 -0.01034093089401722 -0.001357102999463677 
0.002465872559696436 -0.043421920388937 -0.004188391380012035 
0.00350938132032752 -0.04003040120005608 -0.004257175140082836 
0.0008418519282713532 -0.00565195269882679 -0.01074529252946377 
0.005979666020721197 -0.01438488066196442 -0.01018582470715046 
0.001759902574121952 0.006154613103717566 -0.003449999960139394 
0.008923819288611412 -0.001875716727226973 -0.001198599231429398 
-0.002817444503307343 -0.04405511170625687 -0.007310108281672001 
0.004461243283003569 0.001148530165664852 -0.006368790753185749 
0.002547430573031306 -0.002711188280954957 -0.001950000179931521 
-0.001283874618820846 -0.03539035841822624 -0.01041780132800341 
0.004288382828235626 -0.03186885267496109 -0.008865552954375744 
0.008171561174094677 -0.002993786707520485 0.0003436487168073654 
0.008991904556751251 -0.01170502416789532 -0.008832093328237534 
0.001610364648513496 -0.02862986549735069 0.0004367314395494759 
-0.001151255215518177 -0.03825046867132187 0.0001085001422325149 
0.009243201464414597 -0.01149116829037666 -0.008547213859856129 
0.007302041631191969 -0.02638616785407066 -0.00262959161773324 
-0.0007990983431227505 -0.0199743714183569 -0.008568428456783295 
0.007825961336493492 -0.002698465250432491 -0.003718785708770156 
-0.0003186652902513742 -0.04096582159399986 -0.000439186638686806 
0.00622766325250268 -0.004580661188811064 -0.01081706676632166 
0.002603258937597275 -0.02860663086175919 -0.01024237833917141 
-0.001952773774974048 -0.03453764319419861 -0.01050362177193165 
-0.00351398903876543 -0.04352804273366928 -0.005364678334444761 
0.00511557050049305 -0.002321034902706742 -0.00371881783939898 
0.004787360318005085 -0.007382436655461788 -0.01078817155212164 
0.0004164801794104278 -0.03994815051555634 -0.0003934858250431716 
0.00782377365976572 -0.01350545976310968 -0.00955680850893259 
0.007794836536049843 -0.02551026456058025 -0.003642629366368055 
-0.004027904476970434 -0.04269486293196678 -0.00469256890937686 
0.008025073446333408 -0.01898473128676414 -0.008803422562777996 
0.006703670136630535 -0.02376634813845158 -0.0006726629799231887 
0.008870714344084263 -0.006330032832920551 -0.009620382450520992 
0.004542476031929255 -0.002567438175901771 0.001216481439769268 
0.004694732837378979 -0.01512227859348059 0.0003620704810600728 
-0.002542554866522551 -0.03549608588218689 0.0003983161295764148 
0.006524710450321436 -0.002410620683804154 -0.006283964030444622 
0.004326877184212208 -0.03300701081752777 -0.001452933298423886 
-0.003616219153627753 -0.02792148664593697 -0.002192545449361205 
0.000431398133514449 0.006528586614876986 -0.003329119645059109 
0.002198834205046296 -0.01902259886264801 0.0004537096538115293 
-0.003234843723475933 -0.002891857177019119 -0.002118082949891686 
-0.005069632083177567 -0.03216966986656189 -0.006542208138853312 
-0.001687934854999185 -0.02470057643949986 -0.001422242494300008 
-0.002715932670980692 -0.04111815989017487 -0.009589076973497868 
-0.001269884989596903 -0.03784795850515366 0.0001707256014924496 
-0.00333276204764843 -0.0009702808456495404 -0.004919459111988544 
0.001637771259993315 -0.01549042016267776 -0.01043306291103363 
0.009063860401511192 -0.001970119774341583 -0.001466293004341424 
-0.00533651327714324 -0.03518138453364372 -0.003566005267202854 
-0.003462793072685599 -0.006357851903885603 -0.002587272087112069 
0.004679516423493624 -0.03511746972799301 -0.006233769468963146 
-0.004668023437261581 -0.03891360387206078 -0.007996432483196259 
-0.002867188770323992 -0.0005456427461467683 -0.005735423881560564 
0.001136093633249402 -0.02244421094655991 -0.01051164232194424 
-0.001364083727821708 -0.001106218434870243 -0.008050000295042992 
0.006536116357892752 -0.006664208136498928 -0.003826306667178869 
0.004315287806093693 -0.03360128030180931 -0.008396967314183712 
0.002266684547066689 -0.03637948632240295 -0.0005080113769508898 
0.001682128640823066 -0.044554453343153 -0.004914401564747095 
0.00921271275728941 -0.0138397142291069 -0.008020175620913506 
0.005251952912658453 0.003936422057449818 -0.007894773967564106 
0.003861584002152085 -0.008210046216845512 0.0007968854042701423 
0.002280452288687229 -0.01546669006347656 -0.0104835219681263 
0.003632582956925035 -0.004068491049110889 0.001121009467169642 
0.0003891407395713031 -0.045155119150877 -0.005727997049689293 
-0.001073382794857025 -0.005075558088719845 -0.01000331994146109 
0.005294183269143105 -0.02327513881027699 -0.00995233841240406 
0.0007813649135641754 -0.0283040925860405 -0.01054874714463949 
0.004760650917887688 -0.007794854231178761 -0.005035132635384798 
-0.00138820824213326 -0.01739535294473171 -0.001573174027726054 
0.01034117117524147 -0.008138141594827175 -0.00374170858412981 
0.003285200567916036 -0.03287862613797188 -0.009438290260732174 
-0.005436690989881754 -0.03652394190430641 -0.004384090192615986 
-0.001986104995012283 -0.02362329512834549 -0.003133314196020365 
0.0004383202758617699 -0.004107816610485315 -0.009573115035891533 
0.002169755520299077 -0.02852311171591282 -0.01035044621676207 
-0.002418493153527379 -0.003928534686565399 -0.008960658684372902 
0.008337916806340218 -0.008053425699472427 -0.0001979703520191833 
0.0006915511912666261 -0.04472209885716438 -0.002604560926556587 
0.003948806319385767 0.007790958508849144 -0.003450000192970037 
0.00102650816552341 0.002450092928484082 -0.00344999972730875 
-0.0007489554118365049 -0.01798335462808609 -0.00100315036252141 
0.0005995476967655122 0.003171748714521527 -0.00344999972730875 
-0.002955610863864422 -0.00312971300445497 -0.008302907459437847 
-0.001461702398955822 -0.0003233798779547215 -0.002362504368647933 
0.001681602327153087 -0.01880935579538345 0.0004315641999710351 
0.009569721296429634 -0.01154029928147793 -0.00215196656063199 
0.003717188257724047 -0.01681223884224892 -0.01038791984319687 
0.006084518507122993 -0.01629216969013214 -0.01003438793122768 
0.007551451679319143 -0.001049718703143299 0.0007487098919227719 
0.01037735119462013 -0.007828928530216217 -0.006258219480514526 
-0.003083162475377321 -0.02549060806632042 -0.006478195078670979 
-0.00282023916952312 -0.0147858327254653 -0.003114315448328853 
0.0002123425219906494 -0.009487156756222248 0.0003136988379992545 
-0.00539699662476778 -0.03656412288546562 -0.006054806988686323 
-0.0002379371726419777 -0.02667322009801865 -0.0105813704431057 
0.003315657144412398 0.002516185399144888 -0.001949999947100878 
0.009164576418697834 -0.001984307076781988 -0.007536125369369984 
0.002491711638867855 -0.01737748831510544 -0.01044665649533272 
-0.002482923679053783 -0.0167042650282383 -0.00671701692044735 
-0.003792015137150884 -0.04129688441753387 -0.008796422742307186 
0.007536226883530617 -0.02082391455769539 -0.009052159264683723 
-0.003711196593940258 -0.02790863066911697 -0.002399762626737356 
-0.0007789938827045262 -0.007491086609661579 -0.01001852843910456 
0.002843847032636404 -0.0008956653764471412 -0.001949999947100878 
-0.003302885917946696 -0.01022509206086397 -0.007178797852247953 
-0.00275894021615386 -0.01566754840314388 -0.006576138082891703 
0.008404639549553394 -0.02100837230682373 -0.002548335585743189 
0.00644961092621088 -0.01903602108359337 -0.0002164861944038421 
0.003799475962296128 -0.009347885847091675 0.0007272077491506934 
0.008382155559957027 -0.004628224764019251 8.580720896134153e-05 
0.004436115734279156 -0.00106969615444541 -0.009001395665109158 
-0.002305416390299797 0.003431645687669516 -0.006894339807331562 
0.003831947688013315 -0.03669092804193497 -0.007982943207025528 
-0.003272541798651218 -0.01037377584725618 -0.002790053142234683 
-0.002803955459967256 -0.03929482027888298 -6.518445297842845e-05 
-0.004962105769664049 -0.03897929936647415 -0.002861775923520327 
0.006664201617240906 -0.002221931703388691 0.0009189295233227313 
-0.0007239318219944835 -0.0437888577580452 -0.008660829626023769 
-0.002755312249064445 -0.02570521458983421 -0.007603014353662729 
0.004288089461624622 -0.02213357575237751 -0.010209821164608 
0.01014281902462244 -0.01029346883296967 -0.004548904951661825 
0.002101090736687183 -0.01916498877108097 -0.01045836694538593 
0.007542070932686329 -0.0003027350758202374 -0.00677156075835228 
-0.004621364176273346 -0.03534580022096634 -0.008643781766295433 
0.003436028957366943 -0.03516875952482224 -0.001078259432688355 
0.007460623979568481 -0.0001948877179529518 -0.003651937004178762 
0.005172392353415489 -0.02800927497446537 -0.0006708964938297868 
0.005185830406844616 -0.004389379173517227 0.0009822326246649027 
0.002212537685409188 0.005308197345584631 -0.006550000049173832 
-0.004422574769705534 -0.03887046873569489 -0.008545259945094585 
0.005947853904217482 -0.0003914769040420651 -3.378615656401962e-05 
-0.0004043267399538308 -0.009415363892912865 6.823761214036494e-05 
-0.001773232128471136 -0.02215880528092384 -0.005230840761214495 
0.0009743485716171563 -0.007805459201335907 0.0006328284507617354 
0.007587963249534369 -0.009170961566269398 -0.005933254025876522 
0.003671419573947787 -0.001985790906473994 -0.00996008887887001 
0.000714395078830421 -0.0388994961977005 -0.0002846426796168089 
-0.002786095486953855 -0.00796658918261528 -0.001649285317398608 
0.004489113111048937 -0.007662693038582802 -0.004210304468870163 
0.003407177980989218 -0.009297367185354233 -0.01074453536421061 
-0.001845998805947602 -0.01474180445075035 -0.008564465679228306 
0.005769697949290276 -0.003085708012804389 -0.006263721268624067 
0.005975889973342419 -0.02896594628691673 -0.007700729183852673 
-0.00209684856235981 -0.0427117832005024 -0.009247272275388241 
0.002174186753109097 0.002721926430240273 -0.003449999960139394 
0.006239441689103842 -0.01806895434856415 -0.0001043642478180118 
0.0001542081008665264 0.004238004796206951 -0.0019500000635162 
0.01020138058811426 -0.008556187152862549 -0.00685077952221036 
0.003084518015384674 -0.01441153790801764 0.0005013378686271608 
0.0003094960120506585 0.001977116335183382 -0.008050000295042992 
0.006178769282996655 -0.01894527301192284 -0.009881656616926193 
0.000168941289302893 0.005770159419625998 -0.001950000179931521 
0.003447114024311304 -0.002483624964952469 -0.003729079850018024 
0.001266024075448513 -0.0124491136521101 -0.01045889127999544 
0.004020401276648045 -0.02196255512535572 -0.01026601903140545 
-0.004910596180707216 -0.03046043589711189 -0.004688369110226631 
0.002503881230950356 -0.02529000490903854 -0.01044169068336487 
0.003667710116133094 -0.00186087389010936 -0.00154974777251482 
-9.010505164042115e-05 -0.001462500193156302 -0.004351675976067781 
0.007572207134217024 -0.009163294918835163 -0.005648757796734571 
0.006397071294486523 0.004790988750755787 -0.006549999583512545 
0.007051038090139627 -0.007852004840970039 -0.003855245420709252 
-0.001713626785203815 -0.01291303429752588 -0.001077225897461176 
-0.002632929943501949 -0.01296595856547356 -0.007876651361584663 
0.006996584124863148 -0.0270979180932045 -0.007343234494328499 
0.003745039226487279 -0.005370791535824537 -0.01099593192338943 
0.0006245450931601226 -0.0307869017124176 -0.01049935910850763 
0.009444653056561947 -0.004223478026688099 -0.009380117990076542 
-0.001328143873251975 -0.03608517721295357 0.0003592975554056466 
-0.0006826900062151253 -0.04524217918515205 -0.004998933523893356 
-0.002210382837802172 -0.003465221496298909 -0.00111102347727865 
0.0101991593837738 -0.007027722895145416 -0.002439450472593307 
0.00484474329277873 -0.03451289236545563 -0.003958870656788349 
-0.005441964138299227 -0.0360860675573349 -0.005534114316105843 
0.005358616355806589 -0.01113151293247938 0.00049288768786937 
0.002687428612262011 -0.04222350940108299 -0.007153655402362347 
0.00634570000693202 -0.001951516256667674 -0.0110130999237299 
-0.001139175030402839 -0.01116637978702784 -0.00952681340277195 
0.002771873725578189 -0.02018930949270725 -0.01043074764311314 
0.008112638257443905 -0.02270903065800667 -0.002463397104293108 
0.004180984571576118 -0.034616868942976 -0.008253992535173893 
-0.005415086168795824 -0.03710861504077911 -0.004505441524088383 
0.001431684009730816 0.0003995790611952543 -0.0034489412792027 
-0.001192518626339734 -0.003918515518307686 -0.00922886561602354 
0.003597886068746448 -0.03977920860052109 -0.005299342330545187 
0.00192839524243027 0.007326241582632065 -0.007089963648468256 
0.004565136972814798 -0.03591907024383545 -0.00534694641828537 
-0.001794070820324123 -0.01058189570903778 -0.0009069000370800495 
0.004183563403785229 -0.03288864716887474 -0.008741144090890884 
-0.001275048241950572 0.003460855921730399 -0.006549999583512545 
0.00350714148953557 -0.00641658715903759 -0.006169139873236418 
-0.001875912537798285 -0.03708149492740631 -0.01029209978878498 
0.006248683203011751 -0.01758425310254097 -7.93940998846665e-05 
0.001837227726355195 -0.002408776897937059 -0.00626702792942524 
0.00723002664744854 -0.02245232835412025 -0.00909692794084549 
0.005633339285850525 -0.01935711689293385 -0.01001897919923067 
-7.65022705309093e-05 -0.04378584772348404 -0.008606303483247757 
0.002036498161032796 -0.04242173954844475 -0.001773927360773087 
0.001938954694196582 -0.02749839797616005 -0.01044637057930231 
-0.00257149082608521 -0.0004558789951261133 -0.005434649065136909 
0.006651422008872032 -0.02841005101799965 -0.005869536660611629 
-0.00183877523522824 0.003493949072435498 -0.008050000295042992 
0.001515287323854864 -0.01385840401053429 -0.01045586261898279 
-0.0018993248231709 -0.001292968983761966 -0.008050000295042992 
-0.00144736235961318 0.0002657518489286304 -0.003100719768553972 
0.004672970622777939 -0.0008605272159911692 -0.00168620003387332 
0.0005764438537880778 -0.01247533969581127 0.0002693065907806158 
0.0060033043846488 -0.0264316238462925 -0.009304599836468697 
-0.003139601089060307 -0.04124182835221291 -0.0006042160675860941 
-0.002918559359386563 0.001948753604665399 -0.007190288975834846 
0.01035136915743351 -0.004494716878980398 -0.007973453029990196 
0.006156178656965494 -0.02014242298901081 -0.009833022020757198 
0.009306649677455425 -0.01604042761027813 -0.006479875650256872 
0.006642418447881937 -0.01934454590082169 -0.0003140336484648287 
-0.003080174326896667 0.0002120764111168683 -0.0019500000635162 
0.0007613372872583568 -0.02505163289606571 -0.01058614626526833 
-0.003111250232905149 -0.01434649899601936 -0.004201794043183327 
-0.003362554823979735 -0.04266421496868134 -0.008598117157816887 
-0.004887711256742477 -0.0370568074285984 -0.002168375300243497 
0.006897525396198034 -0.02571230567991734 -0.001270657754503191 
0.005782967433333397 -0.00539815379306674 0.000827568001113832 
0.005833921022713184 0.0002548123593442142 -0.006350587122142315 
0.009400913491845131 -0.01550775766372681 -0.003671501995995641 
0.0003287892905063927 -0.002659881953150034 -0.004488513339310884 
0.002387268003076315 -0.006086281966418028 -0.006173648871481419 
0.001556040719151497 -0.0195530392229557 -0.01044471189379692 
-0.00162497372366488 -0.02781231515109539 0.0002557924017310143 
-0.002110681030899286 -0.04455798864364624 -0.007167767733335495 
0.009951991029083729 -0.00726892938837409 -0.001811481080949306 
0.005311776883900166 -0.00178026407957077 0.001193144358694553 
-0.002197035821154714 -0.01787998713552952 -0.00355724967084825 
0.004824339877814054 -0.007825854234397411 -0.00468473182991147 
0.001511500449851155 -0.04422261565923691 -0.007387858349829912 
0.005144872702658176 -0.01375189423561096 -0.01037163473665714 
0.008373595774173737 -0.006909111514687538 -0.009886151179671288 
0.0006234198808670044 -0.04500030726194382 -0.003320232965052128 
-0.003294798079878092 -0.02669106051325798 -0.007490743882954121 
0.009068960323929787 -0.01846409775316715 -0.004169822204858065 
0.008378306403756142 -0.009062404744327068 -0.004818121436983347 
-0.004331057425588369 -0.02819065190851688 -0.004768038168549538 
0.00444182101637125 -0.001049200654961169 -0.00120933772996068 
-0.004545651376247406 -0.02904269099235535 -0.006015278864651918 
0.003983995877206326 0.007885346189141273 -0.007354527246206999 
0.002567265648394823 -0.04318730160593987 -0.006013998761773109 
0.001442179665900767 -0.01474686339497566 -0.010426658205688 
0.004751672502607107 -0.005518035963177681 -0.006196952424943447 
0.008799940347671509 -0.0202547088265419 -0.005985426716506481 
-0.004439154174178839 -0.03895863890647888 -0.00849443394690752 
0.004817191977053881 -0.0007466760580427945 -0.00179697060957551 
0.0059062116779387 -0.02172964997589588 -0.0001650489430176094 
0.001746411202475429 -0.002229121513664722 -0.006271358113735914 
0.003805215004831553 -0.004559424240142107 -0.003781616222113371 
-0.00137925916351378 0.0005878815427422523 -0.003841934492811561 
0.0002170623920392245 0.002582618035376072 -0.006550000049173832 
0.003617083188146353 0.007249645888805389 -0.006550000049173832 
-0.002080306876450777 -0.01820974983274937 -0.006461117416620255 
0.004576868377625942 -0.0009713527397252619 -0.0009462188463658094 
-0.002693196060135961 -0.0129258232191205 -0.00780011247843504 
0.006895175203680992 -0.009291303344070911 0.0002927052264567465 
-0.001733973971568048 -0.04257185012102127 -0.0006972085102461278 
-0.001569633604958653 -0.03138243407011032 0.0006123986677266657 
0.009642032906413078 -0.009610950946807861 -0.008260995149612427 
-0.004270915407687426 -0.03726062178611755 -0.009073542430996895 
-0.002477385103702545 -0.03550596535205841 0.0004026355454698205 
0.003423410467803478 -0.02479633688926697 0.0003133763093501329 
0.0004490732389967889 -0.02371571026742458 -0.01045386306941509 
-0.002162767574191093 -0.03998254239559174 -0.0001084063260350376 
0.00875343382358551 -0.01607848703861237 -0.008354136720299721 
0.01016753911972046 -0.01007794588804245 -0.004521002527326345 
0.009253248572349548 -0.0173770971596241 -0.005140642635524273 
0.002334164222702384 0.005850443616509438 -0.006550000049173832 
0.002343578264117241 -0.02505462057888508 0.0004610785399563611 
0.002526109805330634 -0.03741731867194176 -0.009134294465184212 
-0.004657269455492496 -0.04088738560676575 -0.006751036271452904 
0.002427712315693498 -0.006240088026970625 -0.01093858387321234 
0.009742924943566322 -0.01345108821988106 -0.004338172730058432 
0.008307594805955887 -0.01596096903085709 -0.008931970223784447 
0.006541430950164795 -0.00589965283870697 -0.006193540059030056 
-0.003227686509490013 -0.01330608408898115 -0.005992394872009754 
0.004872800782322884 0.00233074277639389 -0.006550000049173832 
-0.005203820299357176 -0.03233793005347252 -0.005585591774433851 
-0.00324918539263308 -0.001768960151821375 -0.007828231900930405 
-0.001965861767530441 -0.03370945155620575 0.0005404286785051227 
0.008724956773221493 -0.0201554074883461 -0.003421337343752384 
-0.002079329686239362 -0.01823645457625389 -0.003597601782530546 
-0.0004540134686976671 -0.0275875385850668 -0.01060090959072113 
0.001528616761788726 -0.01528825517743826 -0.01042741164565086 
0.007295889779925346 -0.01847209222614765 -0.009430207312107086 
-0.001066151191480458 -0.0228249654173851 -0.0083355363458395 
0.0006040521548129618 -0.01532717887312174 -0.01016122195869684 
0.001908706501126289 -0.04396651685237885 -0.007058961316943169 
0.0002737797331064939 -0.01213075779378414 -0.01018294133245945 
0.001792370807379484 -0.04144401475787163 -0.008711023256182671 
-0.001424955320544541 -0.02302014082670212 -0.007740507833659649 
0.006441731937229633 -0.009706424549221992 0.0003926208009943366 
-0.00243721017614007 0.0031336834654212 -0.003316548885777593 
0.00421334570273757 0.007636490743607283 -0.006550000049173832 
0.001981361303478479 -0.007685910910367966 -0.01080934703350067 
0.0009324490092694759 0.003824239829555154 -0.006550000049173832 
0.008330371230840683 -0.02107478491961956 -0.007692106533795595 
-0.003035467816516757 -0.008019303902983665 -0.008007101714611053 
-0.003203968750312924 -0.02973489090800285 -0.009542211890220642 
0.003700210014358163 -0.01063655223697424 0.0006549650570377707 
0.002842222806066275 -0.006384448148310184 -0.00383243546821177 
-0.002107234904542565 -0.01847109384834766 -0.005410215817391872 
0.004385186359286308 -0.005585737526416779 -0.00380613119341433 
-0.00237736152485013 -0.04376288130879402 -0.008469782769680023 
0.004294412676244974 0.00250619649887085 -0.003450000192970037 
0.002325909212231636 0.002571956254541874 -0.003449999960139394 
-0.0003792227362282574 -0.015917107462883 -0.009605495259165764 
0.004271511919796467 -0.0008505951846018434 -0.006316258106380701 
-0.003615751629695296 -0.02752237766981125 -0.007499425206333399 
-0.0009914760012179613 -0.0299823172390461 0.0006284919800236821 
0.002482410054653883 -0.01644695922732353 0.0004552840837277472 
0.006944903638213873 -0.003239576937630773 -0.006263988558202982 
0.001215660129673779 -0.04088817536830902 -0.0008442233083769679 
-0.001815162366256118 -0.03454286977648735 -0.01049898006021976 
-0.005139948800206184 -0.03612052649259567 -0.002714880043640733 
-0.004639082122594118 -0.03268754109740257 -0.001800517318770289 
-0.001279398682527244 -0.04154190048575401 -0.0004557992797344923 
0.007113666739314795 -0.02726962976157665 -0.006574792787432671 
-0.003337883856147528 -0.04089698195457458 -0.009358976036310196 
0.008849186822772026 -0.01827822625637054 -0.007241488434374332 
0.01058959774672985 -0.005667432211339474 -0.006546842865645885 
0.01072613708674908 -0.005354937165975571 -0.004399192053824663 
-0.00312253157608211 -0.01449802611023188 -0.004906648304313421 
0.003983284346759319 -0.001660801819525659 0.001089651137590408 
-0.002199020236730576 -0.02435720898211002 -0.007304408587515354 
0.00548931211233139 -0.008464129641652107 -0.01064143050462008 
0.0004866667441092432 0.001411204924806952 -0.002268721349537373 
0.001558758085593581 0.0001898076588986441 -0.0036665890365839 
-0.004428396001458168 -0.04169310256838799 -0.006200545467436314 
0.005445597693324089 -0.01842235028743744 -0.01009770017117262 
0.009836848825216293 -0.009073799476027489 -0.007940099574625492 
0.00770440511405468 -0.02285903692245483 -0.00150593975558877 
0.01041655335575342 -0.005132732912898064 -0.002440878190100193 
-0.001486503984779119 -0.03478656709194183 -0.01047533750534058 
0.001068698358722031 0.00657988665625453 -0.008050000295042992 
0.005035748705267906 -0.03337967023253441 -0.003584078047424555 
0.001002472825348377 -0.04013291373848915 -0.0006095765857025981 
0.006953395903110504 -0.02657121047377586 -0.008116374723613262 
0.004098075442016125 0.006848521996289492 -0.006550000049173832 
0.002451706677675247 -0.008813155815005302 -0.01077803689986467 
0.006549075245857239 0.002522867638617754 -0.00344999972730875 
-0.002790403319522738 -0.01566851697862148 -0.006381358951330185 
0.004646170884370804 -0.02555486559867859 3.359322727192193e-05 
-0.002903235610574484 -0.04025217145681381 -0.0002748904807958752 
0.004059392493218184 -0.02694616839289665 -0.01007376331835985 
-0.004412597976624966 -0.02939186990261078 -0.002999548334628344 
0.002225956879556179 -0.006076379679143429 -0.01092994771897793 
0.004074417054653168 -0.03722704946994781 -0.006841980386525393 
0.002952044829726219 0.00157930189743638 -0.008050000295042992 
-0.005221215542405844 -0.03565554693341255 -0.002975954674184322 
0.0108945406973362 -0.003851019777357578 -0.005781356710940599 
0.01064313482493162 -0.005294389091432095 -0.003519197925925255 
0.002601543441414833 -0.03794566914439201 -0.008970066905021667 
0.004036860540509224 -0.02705489844083786 6.285455310717225e-05 
0.004096534568816423 -0.03780162706971169 -0.00547815253958106 
0.004630367271602154 -0.03520002216100693 -0.003640820039436221 
0.00682756956666708 -0.004569928627461195 -0.003770937910303473 
0.004726951476186514 -0.02010031417012215 0.0001862088683992624 
0.004229725804179907 -0.03452161699533463 -0.008205019868910313 
0.002165684243664145 -0.0006313514313660562 -0.008050000295042992 
0.002196638146415353 -0.001087494310922921 -0.003697403473779559 
0.001164321089163423 -0.004068152047693729 -0.006221555639058352 
-0.001351971179246902 0.0006077070720493793 -0.002456911839544773 
0.004085823893547058 -0.03181760013103485 -0.009043131023645401 
0.007156608626246452 -0.02598455548286438 -0.001834813971072435 
-0.003663643728941679 -0.00734518188983202 -0.003262738697230816 
0.003074235748499632 0.002390712965279818 -0.008050000295042992 
0.004107600077986717 -0.006573142949491739 -0.003832744201645255 
-0.003405735362321138 -0.00108925870154053 -0.004204519093036652 
-0.003397002350538969 -0.03722595423460007 -2.74356352747418e-05 
0.008645915426313877 -0.01185689121484756 -0.009154118597507477 
-0.001467926427721977 -0.003777212696149945 -0.008527284488081932 
0.007023441605269909 -0.02741867303848267 -0.003321088152006269 
-0.002380224876105785 -0.04377139359712601 -0.001543392078019679 
0.003485850989818573 -0.003012258093804121 -0.01122161000967026 
0.006586391013115644 -0.007636416237801313 -0.01051019784063101 
-0.0002557606785558164 -0.02450637891888618 -0.01014077011495829 
-0.003399861976504326 -0.0113192368298769 -0.006545565091073513 
0.007174670696258545 -0.01865613274276257 -0.0005158719141036272 
-0.002230647020041943 -0.02738705463707447 -0.009578529745340347 
0.009609660133719444 -0.01057505793869495 -0.008056463673710823 
0.005310914479196072 0.003966524265706539 -0.002969554625451565 
0.007331196684390306 -0.0123432632535696 -9.222636435879394e-05 
0.001780823571607471 -0.01989606581628323 0.0004638582468032837 
0.00832999125123024 -0.0172706488519907 -0.001282194396480918 
0.008341481909155846 -0.005502515006810427 -0.003789638169109821 
-0.003776421304792166 -0.03315439075231552 -0.00976515281945467 
-0.003604626283049583 -0.009774349629878998 -0.003899939823895693 
0.005976126994937658 -0.02931519225239754 -0.002821957459673285 
0.001906331279315054 -0.003616606118157506 -0.001396369421854615 
0.007943897508084774 -0.00964469276368618 -0.009860148653388023 
0.002069817390292883 -0.04310707002878189 -0.007739411666989326 
0.006165334489196539 0.0005145557806827128 -0.001950000179931521 
-0.002723218640312552 -0.03247034177184105 -0.0104192215949297 
0.0009788458701223135 -0.02797932922840118 0.0005392751190811396 
0.003113757120445371 -0.01516699604690075 -0.01047408580780029 
0.008576688356697559 -0.005491538904607296 -0.00378871988505125 
-0.004857434891164303 -0.03020529821515083 -0.004686391912400723 
-0.003036759793758392 -0.02555736899375916 -0.006774209905415773 
0.004231718834489584 -0.007951109670102596 0.0007973099127411842 
0.008375442586839199 -0.0174772385507822 -0.008630079217255116 
0.001930428901687264 -0.04282594472169876 -0.008120778016746044 
-0.002462898381054401 -0.01677923835813999 -0.003261901903897524 
-0.003029210260137916 0.000783352879807353 -0.00344999972730875 
0.001676151878200471 -0.002780756447464228 -0.0019500000635162 
0.004187683574855328 -0.03656364232301712 -0.007051967084407806 
0.001828262931667268 -0.004939448554068804 -0.006201365496963263 
0.008296407759189606 -0.01892741583287716 -0.001524874474853277 
0.00413868110626936 0.0002415949711576104 -0.008050000295042992 
0.0002797607448883355 -0.02001108601689339 -0.009935415349900723 
0.008688515052199364 -0.02098595164716244 -0.003956622444093227 
0.006753792986273766 0.006470307242125273 -0.003440655302256346 
0.005919648800045252 -0.0294635184109211 -0.002845145761966705 
-0.003342256881296635 -0.01063533965498209 -0.006955394521355629 
-0.001749166287481785 -0.004361268598586321 -0.0004506996483542025 
-0.003324061399325728 -0.03917305916547775 -0.0002430703607387841 
0.005475419107824564 0.003722514724358916 -0.008050000295042992 
-0.003387445118278265 -0.02828498184680939 -0.008520307019352913 
-0.001662113121710718 -0.02846295200288296 0.0003965449868701398 
0.009333541616797447 -0.01634438335895538 -0.006042512133717537 
-0.005021264310926199 -0.03107328340411186 -0.004421142395585775 
-0.001316011534072459 -0.044322669506073 -0.008079173043370247 
-0.001917204353958368 0.0001494264142820612 -0.005887335166335106 
0.005816394928842783 -0.01059524994343519 -0.01044574566185474 
0.002428972627967596 -0.01907012984156609 -0.01044484227895737 
0.004816857166588306 -0.03387134522199631 -0.0069781094789505 
-0.004580912180244923 -0.04128684848546982 -0.00352015532553196 
-0.001413757563568652 -0.04436532035470009 -0.008000345900654793 
-0.004687900189310312 -0.03500819578766823 -0.008475368842482567 
-0.003224573796615005 -0.004818657878786325 -0.007926966995000839 
-0.001663943403400481 -0.001525150379166007 -0.0019500000635162 
0.006414466071873903 -0.008353566750884056 0.0004877029277849942 
0.003682652954012156 0.003133781021460891 -0.003449999960139394 
0.009309493005275726 -0.002147381426766515 -0.008195234462618828 
-0.005445686168968678 -0.03657425194978714 -0.004615508019924164 
0.002814037725329399 -0.003021565731614828 -0.0004510741273406893 
-0.002898967359215021 -0.01309787854552269 -0.007362623699009418 
-0.004460561089217663 -0.03541857749223709 -0.001062957220710814 
0.002446284517645836 -0.0001876311434898525 -0.00632683839648962 
-0.004403670318424702 -0.03123830258846283 -0.008188440464437008 
0.007326544728130102 0.003388323122635484 -0.007049973122775555 
0.006441881880164146 -0.005715935025364161 -0.01067678816616535 
-0.005388366524130106 -0.03771645203232765 -0.004535057581961155 
0.001610029023140669 -0.03146283701062202 -0.01028752978891134 
0.0001667364413151518 -0.03906954824924469 -0.009821993298828602 
-0.002888496266677976 -0.02562485076487064 -0.00273394538089633 
0.008251085877418518 -0.001257636235095561 -0.007526189088821411 
0.003436720930039883 -0.03833498805761337 -0.007931827567517757 
0.005090967286378145 -0.003117532003670931 0.001107547199353576 
0.0007574004121124744 0.004967254586517811 -0.006550000049173832 
0.001511964946985245 -0.02491990104317665 0.0005471054464578629 
-0.001389926066622138 -0.04400508850812912 -0.008435092866420746 
0.001782265724614263 0.006592946127057076 -0.008050000295042992 
0.006495551206171513 0.002160814125090837 -0.003449999960139394 
0.003565127961337566 -0.0184114184230566 -0.01037105359137058 
0.004280671011656523 -0.03670376911759377 -0.003557064570486546 
-0.001418573781847954 -0.02005930617451668 -0.007059864699840546 
-0.003416207851842046 -0.01226420700550079 -0.005209111142903566 
0.0001619637187104672 -0.01836384460330009 -0.00982208177447319 
0.007808436173945665 -0.001114924903959036 0.0002390130539424717 
0.004885600879788399 -0.007981390692293644 -0.01073440071195364 
0.005325886886566877 0.003715519327670336 -0.003450000192970037 
0.004070254974067211 -0.0007346526253968477 -0.006318535655736923 
0.002424671081826091 -0.001702634152024984 -0.003712530015036464 
-0.0003459415747784078 -0.04086409509181976 -0.0004160376556683332 
0.001776545308530331 -0.005875328090041876 -0.006176906637847424 
-0.0005977944238111377 -0.0222542155534029 -0.0009273027535527945 
-0.0005453002522699535 -0.03804133459925652 7.79266920289956e-05 
-0.001984377857297659 -0.0246194414794445 -0.007983285933732986 
0.007651105523109436 -0.00511595793068409 -0.01036602444946766 
-0.003083326388150454 0.001240219688042998 -0.002391831949353218 
-0.0003421787114348263 0.005816411226987839 -0.002545437309890985 
0.009906788356602192 -0.002632594667375088 -0.008040457032620907 
0.0007918519550003111 -0.04115340113639832 -0.009267766028642654 
0.00881279818713665 -0.004486644640564919 -0.0001536749914521351 
-0.001658984459936619 -0.0191226452589035 -0.003115482162684202 
0.006877129897475243 -0.009841611608862877 -0.01025036163628101 
-0.004917717073112726 -0.03380701318383217 -0.00774310203269124 
0.002462578937411308 -0.02901065163314342 0.0002355894102947786 
0.008860727772116661 -0.01955820806324482 -0.006274445913732052 
0.006849178113043308 -0.02646610513329506 -0.001603876473382115 
0.003921882715076208 -0.03770435228943825 -0.006979542318731546 
0.004864071495831013 -0.02574397809803486 -0.009946422651410103 
0.005474771372973919 -0.01726730540394783 -0.01014176197350025 
0.006087370216846466 -0.02481844834983349 -0.009544450789690018 
0.002468541730195284 -0.04114077240228653 -0.0082338722422719 
-0.003460645209997892 -0.04353076964616776 -0.003697906620800495 
0.01059145107865334 -0.006765822879970074 -0.004839281551539898 
-0.003744202433153987 -0.04237994179129601 -0.008214049972593784 
-0.001135418657213449 -0.01955584622919559 -0.002001159824430943 
0.002296088030561805 0.004289128817617893 -0.003449999960139394 
0.007575759664177895 -0.02470778673887253 -0.008017235435545444 
0.003377035027369857 0.001258700736798346 -0.008050000295042992 
-0.001210542861372232 -0.008945140987634659 -0.0003491161041893065 
0.005826895125210285 -0.0212424099445343 -0.009881459176540375 
0.002478987211361527 -0.01073629781603813 0.0006705747218802571 
0.008101565763354301 -0.001086575328372419 -0.003302806755527854 
-0.003705382812768221 -0.03441774472594261 -8.041009277803823e-05 
-0.002021601656451821 0.00018097716383636 -0.004013486206531525 
-0.003348191734403372 -0.01169743109494448 -0.003426093608140945 
-0.003303017932921648 -0.001505620777606964 -0.00763308210298419 
0.007726434618234634 -0.02297741174697876 -0.001579321804456413 
-0.00216130493208766 -0.03474146872758865 0.000480848248116672 
-0.0003199967613909394 -0.02836382016539574 -0.01061556674540043 
0.005793701391667128 -0.03013757616281509 -0.003337967675179243 
0.004392257425934076 -0.002939949277788401 -0.01119579654186964 
-0.000644257350359112 -0.01956731453537941 -0.001134215970523655 
-0.002842020709067583 0.0003022844030056149 -0.006291565485298634 
0.008035970851778984 -0.02391624450683594 -0.007063099183142185 
-0.0001950308942468837 -0.04092011600732803 -0.009542594663798809 
0.009958482347428799 -0.006674801465123892 -0.001674704137258232 
0.003541391808539629 -0.002091481816023588 -0.0009439096320420504 
0.000402464997023344 -0.03632542490959167 0.0001541614037705585 
0.007078373339027166 -0.01303646713495255 -5.494586730492301e-05 
-0.005428618285804987 -0.03473377227783203 -0.004622483626008034 
0.007365780882537365 -0.002719165524467826 -0.01068602781742811 
-0.002813441213220358 -0.03851693868637085 5.896773291169666e-05 
0.00295313517563045 -0.01935355179011822 0.0004161307006143034 
0.0005227833753451705 -0.02408930100500584 -0.01051753386855125 
0.005273460876196623 -0.02774572186172009 -0.0006431075162254274 
0.002057732548564672 -0.01964082755148411 0.0004621183616109192 
0.007192419841885567 -0.0007097757188603282 0.0006818099063821137 
0.008429700508713722 -0.02285222336649895 -0.004586481023579836 
0.003947184886783361 -0.03587453067302704 -0.001863781013526022 
0.001237343531101942 -0.01491573173552752 0.000382021680707112 
0.002710893051698804 -0.01536864880472422 0.0004754664259962738 
-0.002610260155051947 -0.03007743135094643 -0.01020555663853884 
-0.0005954036605544388 0.001369860721752048 -0.001949999947100878 
0.009546699933707714 -0.004304989706724882 -0.009277570992708206 
0.008188512176275253 -0.008711421862244606 -0.009821630083024502 
0.009723057970404625 -0.003237593220546842 -0.009235904552042484 
-0.001104636816307902 -0.01016117073595524 -0.0003717633371707052 
0.003850753419101238 -0.01231636758893728 0.0005626904894597828 
0.005869015585631132 -0.001237740507349372 -0.006312006618827581 
0.001305633690208197 -0.03451382741332054 -0.01014289539307356 
0.00480331527069211 -0.03129804879426956 -0.001554521499201655 
0.007662287913262844 -0.02497776784002781 -0.007611603476107121 
-0.003464578650891781 -0.03933383151888847 -0.0003667877172119915 
0.005860798060894012 0.006291699130088091 -0.008050000295042992 
0.008610484190285206 -0.01271038502454758 -0.009075649082660675 
0.00611822260543704 -0.006581949070096016 -0.006174311973154545 
-0.002600719220936298 -0.02739768475294113 -0.009153539314866066 
-0.001306971884332597 0.002775364089757204 -0.008050000295042992 
0.006506900768727064 -0.02757271192967892 -0.001938526518642902 
0.002274906262755394 0.007463214918971062 -0.006550000049173832 
0.0003545007784850895 0.001432524994015694 -0.003341339528560638 
0.003015410853549838 -0.03932657465338707 -0.008186930790543556 
0.001020659576170146 -0.001444872701540589 -0.006289067678153515 
-0.003437726758420467 -0.009658770635724068 -0.006909715477377176 
0.007094058208167553 -0.006822100840508938 -0.006171619985252619 
0.003029000479727983 -0.006125379353761673 0.0009441538131795824 
-0.003659497946500778 -0.03648672252893448 -0.000154425433720462 
0.00881190225481987 -0.005958903580904007 -0.005461735185235739 
-0.004703719168901443 -0.0310310386121273 -0.002699875505641103 
-0.004250932950526476 -0.02977316081523895 -0.007692473474889994 
0.005258059594780207 -0.03025574237108231 -0.008192311972379684 
-0.002694069407880306 -0.033937968313694 -0.01043482311069965 
0.005550166592001915 0.002610421273857355 -0.006550000049173832 
0.004571435507386923 -0.01550442911684513 -0.01035390235483646 
-0.0002069106121780351 -0.0170186460018158 -0.009619861841201782 
0.008126813918352127 -0.02433249726891518 -0.006118908058851957 
0.01010536961257458 -0.005336374044418335 -0.008345920592546463 
-0.002676347503438592 -0.01512430235743523 -0.007175928447395563 
-0.003561521414667368 -0.04332761466503143 -0.003061919240280986 
0.00876783300191164 -0.002134365029633045 7.686059689149261e-05 
0.003328599501401186 0.006688633933663368 -0.001950000179931521 
0.001417364692315459 -0.03374958783388138 0.0001748026406858116 
0.0004015142912976444 -0.001433577039279044 -0.007514028809964657 
-0.00318602635525167 -0.01352369226515293 -0.003930040635168552 
0.002980784978717566 -0.008017510175704956 0.0008295937441289425 
-0.003886083140969276 -0.005963951349258423 -0.005318380892276764 
0.005945513490587473 -0.001862520817667246 -0.0037039197050035 
0.008184050209820271 -0.01211086846888065 -0.0005301363999024034 
0.005720704793930054 0.001790742040611804 -0.003609990235418081 
0.003463285975158215 -0.01210037805140018 -0.0105824563652277 
0.002949154004454613 -0.04038341715931892 -0.002170010004192591 
0.009771510027348995 -0.007832682691514492 -0.008419904857873917 
0.006259886547923088 -0.02921963855624199 -0.005977395921945572 
0.007706493604928255 -0.02496201172471046 -0.002534859348088503 
0.00479945819824934 0.007309157866984606 -0.006550000049173832 
0.003720351029187441 -0.009907444939017296 -0.01069795992225409 
0.003040472976863384 0.005824842490255833 -0.003449999960139394 
0.006768879014998674 -0.02739392407238483 -0.002341717947274446 
0.006020280532538891 -0.02980410493910313 -0.005823222920298576 
-0.005337826907634735 -0.03499554470181465 -0.006374273914843798 
0.00201631267555058 -0.006459126714617014 -0.005009549204260111 
0.009372398257255554 -0.01635633781552315 -0.00452328659594059 
0.005592806730419397 0.001503759413026273 -0.003617896465584636 
0.002028259914368391 0.001339645823463798 -0.001949999947100878 
0.007313239853829145 -0.0153383519500494 -0.00966349896043539 
0.008680635131895542 -0.004449955187737942 -6.772053893655539e-05 
0.0006494526751339436 0.002148870844393969 -0.008050000295042992 
-0.005152114666998386 -0.03939996659755707 -0.0059678521938622 
-0.001982949674129486 -0.04387454688549042 -0.001535214716568589 
0.003343427553772926 0.005920669995248318 -0.003166040405631065 
0.008234547451138496 -0.02399585023522377 -0.004414767026901245 
0.006757454946637154 -0.002956373849883676 -0.01083819661289454 
-0.002563321497291327 -0.01476186327636242 -0.007559922523796558 
0.00498852226883173 -0.007194863632321358 -0.01078288443386555 
0.001538921380415559 -0.01573984697461128 -0.01041604764759541 
-0.001184474909678102 -0.02541098743677139 -0.00964810699224472 
-0.003599776886403561 -0.008942184038460255 -0.003504125401377678 
0.009065934456884861 -0.008925005793571472 -0.009162932634353638 
0.001958164386451244 -0.02040784060955048 -0.01047259103506804 
-0.001402141992002726 -0.02320362068712711 -0.007889511995017529 
0.001884034834802151 -0.03249331563711166 -0.0101267984136939 
0.003903096076101065 -0.02793705090880394 -3.349503458593972e-05 
0.00324216834269464 -0.002558217151090503 -0.0004591446777340025 
0.0007834782591089606 -0.01474109478294849 0.0002579231513664126 
0.007997240871191025 -0.01011631637811661 -0.0002139001589966938 
-0.001237602555193007 -0.008660393767058849 -0.009650584310293198 
-2.003639383474365e-05 -0.02986587956547737 -0.01058571692556143 
0.0006304544513113797 -0.02779486402869225 -0.01057951059192419 
-0.002487482968717813 0.001973729813471437 -0.006550000049173832 
0.01005211845040321 -0.01090201269835234 -0.004021326545625925 
0.006167260929942131 -0.0264375563710928 -0.00919225811958313 
0.008125241845846176 -0.02384155988693237 -0.003299366682767868 
-0.002992615103721619 -0.007427637465298176 -0.001872793538495898 
0.0069036022759974 -0.02319750189781189 -0.0007460412452928722 
0.008172167465090752 -0.02419926971197128 -0.005978571251034737 
0.01061047427356243 -0.005814199335873127 -0.003709509270265698 
-0.0004403513739816844 -0.002916585188359022 -0.0019500000635162 
0.0005414718762040138 -0.02229461446404457 -0.01030103489756584 
0.0001153133707703091 -0.01663392223417759 -0.009851599112153053 
0.006175457965582609 0.006666271016001701 -0.008050000295042992 
0.009573063813149929 -0.01321354322135448 -0.006990706548094749 
0.0006652492447756231 -0.0122233871370554 -0.01031491998583078 
0.008786176331341267 -0.003993638791143894 -0.009905973449349403 
0.001382897142320871 0.00608488917350769 -0.008050000295042992 
0.003654976608231664 -0.034614197909832 -0.001145140384323895 
-0.004123505204916 -0.03135216236114502 -0.00115779007319361 
0.0001677863765507936 -0.01109534967690706 -0.01020555198192596 
0.005986154079437256 -0.0288318544626236 -0.002183547941967845 
0.0005804551183246076 -0.0448889322578907 -0.007135381922125816 
0.001463184133172035 0.0002396671479800716 -0.002160544972866774 
0.005601700861006975 -0.01792319118976593 -0.01008201111108065 
0.00040697623626329 0.001768174697645009 -0.003449999960139394 
-0.004021197557449341 -0.0283172968775034 -0.007247769273817539 
0.006060189101845026 0.002879319479689002 -0.008050000295042992 
0.001170826144516468 -0.04458745941519737 -0.002741886069998145 
-0.0007932186126708984 0.002846815623342991 -0.003449999960139394 
0.008829195983707905 -0.01896018348634243 -0.003023288678377867 
0.005841958336532116 -0.002398126758635044 -0.01108017656952143 
-0.002286393661051989 -0.01797171495854855 -0.004836326465010643 
0.0008712667040526867 -0.03797931969165802 -0.009820005856454372 
0.001576282898895442 -0.03671675175428391 -0.009765463881194592 
0.007513693533837795 -0.02493450045585632 -0.008042683824896812 
0.001487799687311053 -0.0277006346732378 0.0004988934379070997 
0.002284213434904814 -0.006589523050934076 -0.004438314121216536 
0.003477458143606782 -0.02016797661781311 -0.01036559883505106 
0.001760949613526464 -0.03982684388756752 -0.009107948280870914 
0.003312097862362862 -0.01215335074812174 -0.0105828084051609 
0.003099838737398386 0.0009175779414363205 -0.003642131108790636 
0.00981784425675869 -0.01315842196345329 -0.005044402554631233 
0.004937878344208002 -0.01573540456593037 0.0002953748917207122 
-0.001612744876183569 -0.03535522893071175 -0.01043294556438923 
-0.003374116495251656 -0.02618858776986599 -0.003333982545882463 
0.00460151070728898 -0.01060353964567184 -0.01059408485889435 
0.009224418550729752 -0.00286409817636013 -0.006073390133678913 
0.009037364274263382 -0.01742936298251152 -0.00696968100965023 
-0.001715200836770236 -0.01793128252029419 -0.00769419502466917 
0.007467482704669237 0.001158137689344585 -0.006573465187102556 
0.006091920658946037 0.005611032247543335 -0.006550000049173832 
-0.003223072038963437 -0.04383115097880363 -0.003451779717579484 
-0.0006225034594535828 -0.01193304918706417 -0.009781640022993088 
0.002437946386635303 -0.006622502114623785 -0.003840073943138123 
-0.004230186343193054 -0.04173663258552551 -0.00244898023083806 
1.369455276289955e-05 -0.01122327893972397 -0.01013956777751446 
0.0005833787145093083 -0.009516761638224125 0.0004369134549051523 
0.00742359459400177 -0.02556741610169411 -0.007840938866138458 
0.007799936458468437 -0.02224724739789963 -0.001501521095633507 
0.0001506275148130953 -0.04247476533055305 -0.0008370381547138095 
0.006868899334222078 0.00450935959815979 -0.0019500000635162 
0.002220395021140575 -0.04378642141819 -0.003977712709456682 
0.001818150049075484 0.007278332021087408 -0.006775210611522198 
0.004906002897769213 -0.03446254134178162 -0.004883235786110163 
-0.002220044378191233 -0.03751683607697487 -0.01025157608091831 
0.002449569292366505 -0.01604603603482246 -0.01045944914221764 
0.01031007245182991 -0.009030118584632874 -0.005393173079937696 
-8.912108751246706e-05 -0.02271607145667076 -0.0001678760163486004 
0.001879510120488703 0.002582385204732418 -0.001949999947100878 
-0.003812286769971251 -0.008105468936264515 -0.004937182646244764 
-0.00207037664949894 -0.03314885869622231 -0.01054477505385876 
0.008210372179746628 -0.02106287330389023 -0.008047141134738922 
0.004517040681093931 -0.005296908784657717 0.0009680613875389099 
0.007756912149488926 -0.01849557086825371 -0.009116960689425468 
0.007431518286466599 -0.02621190622448921 -0.002904177876189351 
0.007943899370729923 -0.02298539876937866 -0.007947059348225594 
-0.0006611833814531565 -0.001298076589591801 -0.002677200362086296 
0.002341074403375387 -0.003394708037376404 -0.0005066460580565035 
0.003929910250008106 -0.01772237196564674 0.0003527406952343881 
0.0009020837605930865 -0.001881410134956241 -0.0019500000635162 
-0.003408811055123806 -0.03621665015816689 -0.01004453096538782 
0.002526399679481983 0.004073297139257193 -0.006550000049173832 
0.004329652059823275 -0.00123441859614104 -0.01012651436030865 
0.00645840261131525 -0.003175544319674373 -0.003736113430932164 
-0.001698965090326965 0.004349633120000362 -0.006949757691472769 
-0.00109866086859256 -0.04446060210466385 -0.007946078665554523 
0.00231602368876338 -0.006605001166462898 -0.005797512363642454 
0.01042746845632792 -0.007129642181098461 -0.006485504563897848 
-0.001214112038724124 -0.04003659635782242 -0.0001609149476280436 
0.006423900835216045 -0.02264445275068283 -0.009579779580235481 
0.008481817319989204 -0.001415826147422194 -0.007163600064814091 
-0.0002378688368480653 -0.0417308621108532 -0.0005955289816483855 
0.004104605875909328 -0.007390769198536873 -0.00614604027941823 
-0.002702148165553808 0.002509914105758071 -0.006812086328864098 
0.001861716853454709 -0.0003263266116846353 -0.00632112380117178 
0.000133112829644233 -0.01080197747796774 -0.01020915433764458 
0.004945473745465279 -0.03029751591384411 -0.00138086499646306 
-0.0006581107154488564 -0.00726409163326025 -0.01009397581219673 
0.0001931005099322647 -0.04046938568353653 -0.0004365011991467327 
-0.002570703625679016 -0.01701613329350948 -0.004315181635320187 
0.004625171422958374 0.006698896642774343 -0.002450426109135151 
0.007875256240367889 -0.01877469755709171 -0.001007750513963401 
-0.003372560953721404 -0.008814453147351742 -0.002727683167904615 
-0.002674597781151533 -0.04448936134576797 -0.005335703026503325 
-0.003065032884478569 -0.03736121580004692 -0.01011982932686806 
0.009795365855097771 -0.01210523582994938 -0.006583407055586576 
-0.001695693703368306 -0.02756603620946407 0.0001195448712678626 
-0.004985223989933729 -0.03515133261680603 -0.002261415356770158 
0.0002625367196742445 -0.002123905811458826 -0.005867071449756622 
-0.0006252423627302051 0.001307582366280258 -0.002240977250039577 
-0.001607669983059168 -0.02052312903106213 -0.003979148808866739 
0.003724858397617936 -0.008313309401273727 -0.01079915836453438 
-0.002884479239583015 -0.02482603490352631 -0.005082615185528994 
0.000933137780521065 0.004440209828317165 -0.006550000049173832 
0.007733491249382496 -0.01778244227170944 -0.0007897760951891541 
0.006496875546872616 -0.009879175573587418 -0.01037129200994968 
-0.004587674979120493 -0.03168989717960358 -0.007949918508529663 
0.0009429912897758186 -0.01103802397847176 -0.01044050604104996 
0.003573885187506676 -0.01284921728074551 0.0005477477097883821 
-0.002576954429969192 -0.03740875795483589 -0.01023992989212275 
-0.00480837095528841 -0.04072629660367966 -0.004170337691903114 
0.004100042395293713 0.003866968909278512 -0.002387862885370851 
-0.003286421298980713 -0.001219893456436694 -0.002235611900687218 
-0.002011739183217287 -0.008266502991318703 -0.0009002843871712685 
-0.00263651879504323 -0.01684821397066116 -0.005000664852559566 
0.006319453474134207 -0.02668008208274841 -0.008949417620897293 
0.00126433651894331 0.003893217304721475 -0.003449999960139394 
0.003059490583837032 -0.03275889530777931 -0.0003951365943066776 
0.00920648779720068 -0.01180823426693678 -0.001464404398575425 
0.003591811051592231 -0.03850958496332169 -0.002561488188803196 
-1.297053131565917e-05 -0.01292885467410088 -0.01001729909330606 
0.008758023381233215 -0.005925075151026249 -0.003928461112082005 
0.001405423623509705 -0.001407972071319818 -0.006291418336331844 
0.0009909734362736344 -0.003989356569945812 -0.0007754999678581953 
0.004439826123416424 -0.01494991779327393 0.0003928940277546644 
0.001819266355596483 -0.044051643460989 -0.007114605978131294 
0.002441518940031528 -0.01983646303415298 0.0004466867248993367 
-0.000109565160528291 -0.01480993069708347 -0.009844365529716015 
-0.002774875611066818 -0.008981293067336082 -0.001759421778842807 
-0.002821430098265409 -0.01607529446482658 -0.004865747876465321 
0.007028398104012012 -0.005392909049987793 0.0005723665235564113 
-0.003141594119369984 -0.04048766940832138 -0.009588482789695263 
-0.0009228444541804492 -0.0444299727678299 -0.007997750304639339 
0.006098869722336531 0.002865440677851439 -0.00344999972730875 
0.006316927261650562 0.004410543013364077 -0.0019500000635162 
-0.001408250071108341 -0.03791723772883415 0.0001669790071900934 
0.003385208081454039 -0.03928577899932861 -0.002534732455387712 
0.0006801994168199599 0.001285749021917582 -0.002829528180882335 
0.00749024236574769 -0.02641724422574043 -0.003466492285951972 
-0.003711337922140956 -0.005467675626277924 -0.003236814867705107 
-0.003141646273434162 -0.03229488432407379 -0.01021438743919134 
0.009570974856615067 -0.01316571235656738 -0.007025645114481449 
0.004509544000029564 0.0005308818072080612 -0.008050000295042992 
0.01027712132781744 -0.005265852436423302 -0.002054054522886872 
0.009455153718590736 -0.006738132797181606 -0.0009358953102491796 
0.0009493110701441765 -0.006735882256180048 -0.01069697178900242 
-0.004986021667718887 -0.03959248960018158 -0.006678831297904253 
0.0001547384745208547 -0.004284395836293697 -0.01061452366411686 
0.008225388824939728 -0.002779670991003513 0.0003321387921459973 
-0.0004401993937790394 -0.02067603915929794 -0.009171626530587673 
-0.001973661128431559 0.0007876759627833962 -0.003617833834141493 
0.007449322380125523 -0.02022913470864296 -0.009183494374155998 
0.002727961167693138 -0.04291900247335434 -0.005342618562281132 
0.002794908825308084 -0.00750522967427969 -0.01086181122809649 
-0.004974665585905313 -0.03427941352128983 -0.007690851576626301 
0.003936232533305883 0.002865945221856236 -0.008050000295042992 
0.006767605431377888 -0.02102148905396461 -0.0004716094699688256 
0.006637746933847666 8.763580990489572e-05 -0.003650836180895567 
0.004098367411643267 -0.004666520282626152 -0.006216668523848057 
0.004586990922689438 -0.01626843027770519 0.0003270747547503561 
0.003752380376681685 -0.03815966844558716 -0.002867799485102296 
0.003166386391967535 -0.005130020435899496 0.0010293482337147 
-0.001477149431593716 5.006198625778779e-05 -0.004451187793165445 
0.001067937701009214 -0.02400846034288406 -0.01055676490068436 
0.006974976975470781 -0.01245299819856882 -0.01002109423279762 
-0.00317965866997838 0.000967800326179713 -0.003148198127746582 
0.0007762614986859262 -0.004072565585374832 -0.009702666662633419 
0.006317307241261005 -0.02860224433243275 -0.007085736375302076 
0.00813545286655426 -0.01681692712008953 -0.001014746609143913 
0.005969064310193062 -0.02127450332045555 -0.009838644415140152 
0.007487245369702578 -0.0002238145389128476 -0.007565835956484079 
-0.0006116872536949813 -0.01873329468071461 -0.0009846498724073172 
0.001574209076352417 0.007138486485928297 -0.007362566888332367 
0.0007524003158323467 -0.01100119110196829 -0.01039704401046038 
0.002835838356986642 -0.01437042094767094 -0.01051006466150284 
0.003757236758247018 -0.02220851555466652 0.0003034766996279359 
0.009803169406950474 -0.002455841284245253 -0.003317463211715221 
0.001765791443176568 -0.03523655235767365 -0.0001060605573002249 
-0.0004855733423028141 -0.01908511482179165 -0.009172696620225906 
0.008828602731227875 -0.01134124025702477 -0.0009398264810442924 
-0.00533298822119832 -0.03835823759436607 -0.005450002383440733 
0.00683092325925827 0.006277104374021292 -0.007339325733482838 
0.006289542652666569 -0.01557438261806965 -0.01001760922372341 
-0.0003435239195823669 -0.04256948083639145 -0.0007750280201435089 
0.003897715592756867 -0.01416738703846931 -0.010475043207407 
-0.001604288816452026 -0.020612683147192 -0.004013382829725742 
0.004245780874043703 0.00241762213408947 -0.0019500000635162 
-0.0007575235213153064 -0.001235623960383236 -0.007430130615830421 
0.002957915421575308 -0.002809679368510842 -0.00141550472471863 
0.0009593440918251872 -0.003993903286755085 -0.009152920916676521 
0.004169179126620293 -0.03293076157569885 -0.008747277781367302 
0.005013260059058666 -0.01107577979564667 -0.01052839495241642 
0.005264571402221918 -0.02121127583086491 -0.0100367134436965 
0.004573456011712551 -0.002527306322008371 -0.01121628750115633 
-0.004266246221959591 -0.0302350427955389 -0.002054503420367837 
0.01092096045613289 -0.003747056238353252 -0.005512362346053123 
0.007248274050652981 0.004817319102585316 -0.007125926204025745 
0.003285201732069254 -0.01111780945211649 -0.01063353754580021 
-0.0005314857698976994 -0.02595831453800201 0.0003770045877899975 
-0.004363172687590122 -0.03179076313972473 -0.008537961170077324 
8.360686479136348e-06 -0.001471900148317218 -0.005937485955655575 
0.000715067726559937 -0.02300310134887695 0.0004521255614235997 
0.003659650217741728 -0.03444509208202362 -0.008888201788067818 
0.004639176651835442 -0.02947123721241951 -0.009194056503474712 
0.009006701409816742 -0.01396715175360441 -0.001604767283424735 
0.009311615489423275 -0.0154909510165453 -0.003144111949950457 
0.006265414413064718 -0.001112798345275223 -0.0036833172198385 
0.006480975542217493 -0.02724821306765079 -0.001567111467011273 
0.005540411453694105 0.007611428387463093 -0.003209093352779746 
0.001457338919863105 -0.001306709949858487 -0.00370576698333025 
0.008759422227740288 -0.0186000932008028 -0.002584888134151697 
0.0006059094448573887 -0.004898058250546455 0.0007323144236579537 
6.07619876973331e-05 -0.0327722355723381 -0.01047886442393064 
-0.001365401432849467 -0.0223021786659956 -0.007389847654849291 
0.001805403386242688 -0.04049323871731758 -0.008932522498071194 
-0.002010982017964125 -0.03550204634666443 -0.01043506152927876 
0.00291640660725534 0.002815889427438378 -0.003450000192970037 
0.007676535286009312 -0.009214074350893497 -0.004801202565431595 
0.0007162641268223524 0.002421851037070155 -0.008050000295042992 
0.0008467881707474589 -0.002613618969917297 -0.006258126813918352 
-0.001934638246893883 0.003962573129683733 -0.007819830439984798 
-0.00210480228997767 -0.01383763086050749 -0.001595995272509754 
0.006675691809505224 -0.001162479748018086 -0.003683119313791394 
-0.000152065564179793 -0.03063080459833145 0.0005789932329207659 
0.0009228244889527559 0.006794280372560024 -0.006943398155272007 
0.001373543636873364 -0.03451776504516602 -0.01011919975280762 
0.001825539860874414 -0.004188870545476675 -0.003779179183766246 
0.001397832063958049 0.007031481713056564 -0.00238538789562881 
-0.003971674479544163 -0.02719932608306408 -0.004716396331787109 
0.001461433013901114 0.0002057293022517115 -0.002755960682407022 
0.009455881081521511 -0.01053663622587919 -0.008390871807932854 
0.009164820425212383 -0.01331494934856892 -0.001728391856886446 
0.004060633014887571 -0.03788909316062927 -0.005724060814827681 
0.005448763258755207 -0.004386902786791325 0.0009548761299811304 
-0.004610375035554171 -0.03013531118631363 -0.006889685057103634 
3.236236807424575e-05 -0.01357594970613718 -6.801315976190381e-06 
0.005914330948144197 0.004118730779737234 -0.003449999960139394 
0.004852006211876869 -0.01750149019062519 -0.01023942138999701 
0.0002857493818737566 -0.02006357721984386 -6.162019417388365e-05 
0.002646608743816614 -0.001404695445671678 -0.008050000295042992 
0.00496132904663682 -0.03405699133872986 -0.00420289533212781 
-0.002699814271181822 -0.03965307027101517 -9.509643859928474e-05 
-0.0003224245738238096 -0.04519593715667725 -0.004026629030704498 
0.005172313656657934 -0.02104045264422894 6.633689918089658e-05 
-0.002030454576015472 -0.02359440363943577 -0.003323135199025273 
0.003315670415759087 -0.005886044818907976 -0.006182205397635698 
-0.003461941611021757 -0.02804447524249554 -0.00180630711838603 
-0.001720490632578731 -0.03815516084432602 0.000146945531014353 
-0.001535403775051236 -0.02625603042542934 -0.0002706570085138083 
-0.001223786268383265 -0.009077558293938637 -0.0003673476458061486 
0.0108046093955636 -0.003577433526515961 -0.003294695634394884 
0.007547748275101185 -0.009810721501708031 3.350315091665834e-05 
0.006670776754617691 -0.02584998123347759 -0.001077772933058441 
0.004898445680737495 -0.01018779166042805 -0.01059026271104813 
-0.001205798354931176 -0.02412344142794609 -0.001125258975662291 
-0.00127474102191627 -0.04422874376177788 -0.001791465561836958 
0.01064039673656225 -0.004899725783616304 -0.003214419120922685 
0.0007570820162072778 -0.006374579854309559 0.0006766022415831685 
0.008648907765746117 -0.001517672790214419 -0.003300430718809366 
-0.004744839854538441 -0.03273662179708481 -0.007941819727420807 
0.000164192242664285 -0.001486776396632195 -0.005269674584269524 
0.005790922790765762 -0.008296308107674122 -0.005472024437040091 
0.006363437511026859 -0.0139983557164669 -0.01010838709771633 
0.001157364691607654 -0.03393134474754333 -0.01022873166948557 
0.006618349347263575 -0.001287685940042138 -0.006313425488770008 
0.003823431674391031 -0.03327751904726028 -0.008982004597783089 
0.008539905771613121 -0.01002971455454826 -0.009461842477321625 
-0.002888052724301815 -0.02776780724525452 -0.0089761633425951 
0.003914236556738615 0.0006651256117038429 -0.008050000295042992 
0.005135681945830584 -0.00793279055505991 -0.01071482803672552 
-0.00238148495554924 -0.01357650198042393 -0.001888518454506993 
8.031151810428128e-05 -0.03339195251464844 0.0004441519558895379 
-0.001086595351807773 -0.01135898567736149 -0.0004582823603413999 
0.005141982808709145 -0.003854148555546999 -0.006241518072783947 
0.004026561044156551 -0.03815358877182007 -0.004896778613328934 
0.007365783210843801 -0.0009501365129835904 -0.006324887741357088 
0.006407000590115786 0.005664856173098087 -0.003450000192970037 
-0.003060668474063277 -0.0251656211912632 -0.004972410388290882 
0.00264021335169673 -0.031490258872509 -0.009940724819898605 
0.004292706493288279 -0.006082204636186361 0.0009310008026659489 
5.389653597376309e-05 -0.006100131198763847 0.000476790766697377 
0.009488539770245552 -0.002191517967730761 -0.003330469829961658 
0.009056324139237404 -0.01751948148012161 -0.006826565135270357 
0.006646109279245138 -0.0003699971712194383 -0.00093101552920416 
0.004140445031225681 4.580469249049202e-05 -0.006339030805975199 
-0.004459566902369261 -0.02887834422290325 -0.0062571931630373 
-0.001794988173060119 -0.01353807188570499 -0.008786293677985668 
0.003959433175623417 -0.001587987178936601 -0.009878028184175491 
0.00201907311566174 0.002227618359029293 -0.008050000295042992 
0.002175441477447748 -0.005415772087872028 -0.003809729591012001 
-0.003887064289301634 -0.003121295478194952 -0.004745930898934603 
0.003714319318532944 -0.03139860928058624 -0.0006025389884598553 
0.004104415886104107 0.003226059954613447 -0.003450000192970037 
-0.00418307539075613 -0.04092008247971535 -0.008284204639494419 
-0.002297744620591402 -0.02568855509161949 -0.001580225536599755 
0.008162898942828178 -0.001272278372198343 -0.008779827505350113 
-0.0009310536552220583 -0.01597495190799236 -0.009206249378621578 
-0.0006124684005044401 -0.005630337633192539 0.0002196677087340504 
0.004267605021595955 -0.002533921739086509 -0.006272588856518269 
0.003408034797757864 -0.001161749707534909 -0.006305060349404812 
-7.172931509558111e-05 -0.02316147275269032 -4.31809967267327e-05 
-0.0005298274336382747 -0.02598788402974606 0.0003836042596958578 
-0.002080750884488225 0.0011022815015167 -0.006550000049173832 
0.007080618292093277 -0.008504999801516533 -0.003872073255479336 
0.003192031290382147 -0.01876125857234001 0.0004021137428935617 
0.006395437754690647 -0.02102307043969631 -0.009689677506685257 
0.0005048051243647933 0.004439699929207563 -0.0019500000635162 
0.004773182794451714 -0.02232181280851364 -0.01011137571185827 
0.003413450671359897 -0.03741178661584854 -0.001660769106820226 
-0.00203034607693553 -0.01834628731012344 -0.006460092030465603 
-0.00198970059864223 -0.02313654124736786 -0.003994772210717201 
-0.001995172584429383 -0.004626929759979248 -0.009332949295639992 
0.003120948793366551 -0.02423283271491528 -0.01037250179797411 
0.008157993666827679 -0.02087622322142124 -0.00823412649333477 
0.00189002207480371 0.002048969035968184 -0.001949999947100878 
0.006764731369912624 -0.01972433179616928 -0.000383163511287421 
0.0003886917547788471 0.004160238895565271 -0.006550000049173832 
-0.002430771011859179 -0.001508269808255136 -0.008050000295042992 
0.003212955081835389 -0.04119145125150681 -0.005704854615032673 
0.00667349761351943 0.006115897558629513 -0.0019500000635162 
0.0001356370485154912 -0.04368026554584503 -0.001360414316877723 
-0.005178251303732395 -0.03898852691054344 -0.006256875116378069 
0.008727770298719406 -0.01715457625687122 -0.008132143877446651 
-0.0006346255540847778 -0.02033397927880287 -0.008854064159095287 
0.004372135736048222 -0.03517742827534676 -0.0075309700332582 
0.005063285119831562 -0.009909559041261673 0.0005900250980630517 
0.007430879399180412 -0.01963336952030659 -0.009260389022529125 
0.002328903414309025 0.007424246985465288 -0.008005136623978615 
-0.005123320966959 -0.03969220072031021 -0.005380373913794756 
-0.0003095294814556837 -0.02235235646367073 -0.009519422426819801 
-0.0004172211338300258 -0.02409693971276283 -0.00987695436924696 
-0.003418246284127235 -0.00866225827485323 -0.002792133018374443 
0.009057383053004742 -0.004201834090054035 -0.004705421160906553 
0.004348141606897116 -0.00192469428293407 -0.003711319761350751 
-0.003597449976950884 -0.009995104745030403 -0.006032318342477083 
-0.0007670626509934664 -0.006763498298823833 7.517664926126599e-05 
0.009634881280362606 -0.01433305628597736 -0.004462944343686104 
-0.0006993255810812116 0.00500309094786644 -0.006549999583512545 
-0.003185730427503586 -0.013930294662714 -0.004389422945678234 
0.007504490669816732 -0.02610832266509533 -0.003067269222810864 
0.007924942299723625 -0.01879374496638775 -0.008950089104473591 
0.002363467589020729 0.004079326055943966 -0.006549999583512545 
0.00651161465793848 -0.02534192800521851 -0.009207526221871376 
0.001838435535319149 -0.04429902136325836 -0.003742225700989366 
0.001980536384508014 -0.01688408106565475 0.0004497832851484418 
0.002811089856550097 -0.003091298742219806 0.0006156517774797976 
-0.003669448662549257 -0.02644421346485615 -0.004649726673960686 
0.005954072345048189 -0.009070766158401966 0.0005220946040935814 
0.0009302790276706219 0.004354918375611305 -0.008050000295042992 
-0.003547479165717959 -0.03498886525630951 -0.01002050749957561 
0.00534427585080266 -0.001516915275715292 -0.01120824739336967 
0.004546056967228651 -0.03440790623426437 -0.007535645272582769 
0.005151324905455112 -0.02265492081642151 9.044502803590149e-06 
0.006762591190636158 -0.01021148636937141 -0.01025815960019827 
0.003229210618883371 -0.02702058665454388 0.0002627825015224516 
-0.002291486132889986 -0.01657386869192123 -0.007362331263720989 
-0.002393520437180996 -0.01374403759837151 -0.001935534528456628 
0.0009075932903215289 -0.01073089987039566 -0.01044752076268196 
-0.00422003585845232 -0.04016317799687386 -0.008565681055188179 
0.004606467671692371 -0.03434443473815918 -0.007385168690234423 
-0.00366988405585289 -0.0382741205394268 -0.009659481234848499 
0.01001152861863375 -0.005256472155451775 -0.00146624818444252 
0.006541837006807327 -0.000350306712789461 -0.009051717817783356 
0.005453627556562424 0.001794579555280507 -0.001949999947100878 
-0.002358612138777971 -0.04115369915962219 -0.009640485048294067 
0.007075631525367498 -0.00555436173453927 -0.00379556929692626 
0.003992412239313126 -0.01985585689544678 -0.01030743960291147 
0.003608329687267542 -0.001390127930790186 -0.00629986310377717 
0.001618969021365047 -0.02019335329532623 -0.01046703010797501 
0.006976350210607052 -0.02780473604798317 -0.004145553335547447 
0.002669374458491802 -0.03818987309932709 -0.008871953934431076 
-0.004346014000475407 -0.03182354941964149 -0.008593372069299221 
0.002435510046780109 -0.01717757992446423 0.0004493218730203807 
-0.00157641910482198 0.002841476816684008 -0.008050000295042992 
0.007168712094426155 -0.01518553029745817 -0.009740019217133522 
0.000213426596019417 -0.02598805539309978 0.0006005370523780584 
0.0007171413162723184 0.00537954643368721 -0.006550000049173832 
0.001661960384808481 0.006903258617967367 -0.00344999972730875 
0.008363076485693455 -0.02294339425861835 -0.006175996735692024 
-0.0003008337807841599 -0.02157390862703323 -0.0006075971759855747 
-0.00321729714050889 -0.01284077670425177 -0.003493422642350197 
0.0004637890087906271 -0.003646476194262505 -0.006013638339936733 
0.005868759471923113 -0.02886223420500755 -0.008045773953199387 
0.0004212159547023475 0.00212344154715538 -0.001949999947100878 
0.00183381827082485 -0.001927258912473917 -0.001950000179931521 
0.004532696679234505 -0.02657131850719452 -2.941552520496771e-05 
0.0004415152070578188 -0.01609361171722412 6.218547059688717e-05 
0.007751038298010826 -0.002854397287592292 -0.01052515394985676 
0.002173024695366621 -0.002245665062218904 -0.0019500000635162 
0.009717127308249474 -0.01328570768237114 -0.006173137575387955 
-0.004765477497130632 -0.04095257818698883 -0.004834974650293589 
0.000730177154764533 -0.0288127139210701 -0.01053946558386087 
-0.00300034461542964 -0.02520432136952877 -0.003904573153704405 
0.004939800128340721 -0.01931439712643623 0.0001669513731030747 
-0.004007500596344471 -0.04275593534111977 -0.005043263547122478 
-0.004809517879039049 -0.0334327444434166 -0.007960440590977669 
0.006694544572383165 0.0008654444245621562 -0.008050000295042992 
-0.001716738799586892 -0.0195392519235611 -0.006169764325022697 
0.003649153281003237 -0.0021220613270998 0.001083341427147388 
0.001338697387836874 0.007013310212641954 -0.007260468322783709 
0.007306491956114769 -0.01595089770853519 -0.009615560993552208 
0.003623857162892818 -0.03925136476755142 -0.006479778327047825 
0.003613822162151337 0.002042456530034542 -0.008050000295042992 
0.005292069166898727 -0.000655215815640986 -0.01086516678333282 
0.00287937861867249 -0.001008364837616682 -0.006307122297585011 
0.005266142543405294 -0.01248709857463837 -0.01042012497782707 
0.01065278425812721 -0.005961650516837835 -0.004368573427200317 
0.003102733753621578 -0.0003529026871547103 -0.001949999947100878 
0.001466191839426756 0.0003145863302052021 -0.007330084219574928 
2.751589818217326e-05 -0.04444560781121254 -0.007985254749655724 
-0.002869126852601767 -0.03456949442625046 0.0003635637403931469 
-0.0009993658168241382 -0.02046459168195724 -0.001908710808493197 
-0.001337861642241478 -0.03445703908801079 -0.01048852596431971 
-0.003816972021013498 -0.002421129960566759 -0.005977766588330269 
0.007551776710897684 -0.001114769256673753 0.0007675826200284064 
0.0008713171118870378 0.001687805983237922 -0.006550000049173832 
0.003265715669840574 -0.00625400198623538 -0.0038275180850178 
6.494498666143045e-05 -0.04499127343297005 -0.003054720349609852 
-0.00370018882676959 -0.04328238219022751 -0.004859861917793751 
-0.001128140022046864 -0.02523076348006725 -0.0003880277508869767 
0.002488127909600735 -0.006253695115447044 -0.01094317063689232 
0.00423763133585453 -0.005958501249551773 -0.00618366664275527 
0.00245239376090467 -0.02258123084902763 0.0004593869962263852 
-0.002594325691461563 -0.01378666050732136 -0.00778203783556819 
0.007475460879504681 -0.0008044965798035264 -0.009294694289565086 
0.004403116647154093 -0.03589527308940887 -0.003211578819900751 
0.004452913533896208 0.003515224903821945 -0.003449999960139394 
0.003579041222110391 -0.02208600379526615 0.0003305078134872019 
-0.003802697639912367 -0.007757636718451977 -0.005747268442064524 
0.005700000561773777 0.007446696050465107 -0.007930347695946693 
0.002438359195366502 -0.0005696135922335088 -0.006316903047263622 
-0.0006163245998322964 -0.0230060163885355 -0.009268051944673061 
0.003866426181048155 -0.02037588693201542 0.0003168613184243441 
-0.002863477217033505 -0.0006658079219050705 -0.005101042799651623 
0.002043934306129813 -0.001871560350991786 -0.001949999947100878 
0.0004205431323498487 -0.04496974498033524 -0.006947949528694153 
-0.004476697649806738 -0.03758171945810318 -0.001327240839600563 
-0.002100014127790928 -0.01776567474007607 -0.003053797641769052 
0.0009565746295265853 0.00143342581577599 -0.001950000179931521 
-0.0002105942694470286 -0.00232397485524416 -0.0019500000635162 
0.001021994859911501 0.004460188560187817 -0.008050000295042992 
0.005825650878250599 -0.009041046723723412 -0.01054716296494007 
0.002405770355835557 -0.01500061340630054 -0.01049771532416344 
-0.002343981526792049 -0.01463860087096691 -0.007962608709931374 
-0.002064191736280918 -0.02904237806797028 -0.01033674087375402 
0.00133274937979877 -0.0006216899491846561 -0.006456764414906502 
-0.004503135103732347 -0.03438493236899376 -0.008838379755616188 
0.002803467214107513 -0.007294110953807831 -0.0108766658231616 
0.006565572693943977 -0.02538670040667057 -0.009157211519777775 
-0.002710581757128239 -0.03499896451830864 0.0004055018944200128 
0.007979304529726505 -0.0152720408514142 -0.000724220066331327 
0.00665486603975296 -0.006373431533575058 -0.01058630365878344 
-0.001791720278561115 -0.02229787781834602 -0.004375210963189602 
-0.001631152699701488 -0.02346928045153618 -0.002403568476438522 
0.0001622025301912799 -0.02283137105405331 -0.01010852959007025 
0.003399272216483951 -0.00227836356498301 -0.008850554004311562 
0.009432359598577023 -0.0131555637344718 -0.007620080839842558 
0.0009622124489396811 -0.01526797935366631 0.0002940889098681509 
-0.001773638650774956 -0.04286688566207886 -0.009200030937790871 
0.001979422988370061 0.007330623921006918 -0.002572857774794102 
0.004652246367186308 -0.01624995656311512 -0.0103203859180212 
-0.003472506534308195 -0.001472243689931929 -0.003518722951412201 
0.005566752981394529 -0.00286566186696291 0.001078208908438683 
-0.0004193384083919227 -0.03559476137161255 0.0003395290405023843 
0.006910223513841629 -0.02784369513392448 -0.006229224149137735 
0.003166287206113338 -0.01327059790492058 -0.01054264605045319 
-0.004118544049561024 -0.03094954043626785 -0.008689947426319122 
0.0005674114217981696 -0.01093888189643621 0.0003489575174171478 
0.009267807006835938 -0.01692341640591621 -0.004061070270836353 
-0.00312789948657155 -0.04357254505157471 -0.002164357807487249 
0.01056530140340328 -0.005825482774525881 -0.006585922092199326 
0.00914573110640049 -0.01771270483732224 -0.00608989829197526 
-0.003625197568908334 -0.007601677440106869 -0.003177679376676679 
0.007503592409193516 -0.02184539847075939 -0.001045031822286546 
0.009177886880934238 -0.01310699060559273 -0.008298252709209919 
0.009022997692227364 -0.01902935467660427 -0.005143559537827969 
0.00775416661053896 -0.02579161897301674 -0.006174840033054352 
0.0005640843301080167 -0.04508595913648605 -0.006311855278909206 
0.003467600792646408 -0.02683781087398529 -0.01022990979254246 
-0.002003272529691458 -0.0179259181022644 -0.007101838476955891 
0.004709283355623484 0.00379292736761272 -0.002171299187466502 
-0.002233671490103006 -0.001054249238222837 -0.008050000295042992 
0.004876525141298771 -0.02211155369877815 9.758839587448165e-05 
0.003194589167833328 0.001229463960044086 -0.006366300396621227 
-0.001427243230864406 -0.0003908732323907316 -0.006936557590961456 
0.00850074365735054 -0.006429166533052921 -0.009860986843705177 
-0.003207654692232609 -0.03562314063310623 -0.01020841021090746 
-3.978610766353086e-05 -0.03732284903526306 -0.01011638343334198 
0.003886311315000057 -0.01967128925025463 0.0003263897669967264 
-0.005180972628295422 -0.03399272263050079 -0.003095738124102354 
0.006270900368690491 -0.02561148442327976 -0.009321271441876888 
0.00624005263671279 -0.003622600808739662 -0.003748498391360044 
0.009576329030096531 -0.01493502780795097 -0.005208376329392195 
0.007376952096819878 -0.02688002958893776 -0.006084333173930645 
0.007564782164990902 -0.02617752179503441 -0.006491363979876041 
0.008233273401856422 -0.007462050300091505 -0.009911828674376011 
0.009668774902820587 -0.01353131979703903 -0.003722417401149869 
0.003635580418631434 -0.002380650956183672 0.001265627914108336 
0.000669615576043725 -0.01836789585649967 -0.01014737412333488 
0.002456889254972339 -0.005194330122321844 -0.01100827474147081 
0.008576855063438416 -0.01857142522931099 -0.008002525195479393 
-0.001692834543064237 -0.02730491384863853 -0.0100328465923667 
0.008362568914890289 -0.02311462536454201 -0.005943628028035164 
0.01023866795003414 -0.009421874769032001 -0.004316508769989014 
0.002740897005423903 -0.03579843044281006 -0.0006876561092212796 
-0.005086339544504881 -0.03389550000429153 -0.002723314799368382 
0.007511065807193518 -0.0002083479921566322 -0.007096589542925358 
-0.003843244398012757 -0.004705271683633327 -0.003858201904222369 
-0.002827811520546675 -0.01568416319787502 -0.006142000667750835 
0.00439232075586915 -0.02556487917900085 0.0001030175480991602 
0.002435283036902547 -0.01584698259830475 -0.01046569272875786 
-0.001846032100729644 -0.04251833632588387 -0.009323254227638245 
0.009928260929882526 -0.007502063643187284 -0.001817998010665178 
0.005418202839791775 -0.01126264967024326 -0.0104737039655447 
-0.001584704034030437 -0.01909367740154266 -0.007175149396061897 
-0.002134150359779596 -0.04080769792199135 -0.00973031111061573 
0.009264588356018066 -0.002326397225260735 -0.003838739590719342 
0.009159108623862267 -0.002019161358475685 -0.008119460195302963 
0.005839561577886343 0.001221849350258708 -0.008050000295042992 
0.004068599082529545 0.003819986712187529 -0.008050000295042992 
-0.003357591340318322 -0.01000304520130157 -0.00292033446021378 
0.003711175173521042 0.003764953929930925 -0.003449999960139394 
0.004358968697488308 -0.005397520028054714 -0.006198654882609844 
0.008858002722263336 -0.005628926679491997 -0.004596705548465252 
0.003723610658198595 0.006474400404840708 -0.001949999947100878 
0.009329264052212238 -0.01506161224097013 -0.007019590586423874 
0.008820080198347569 -0.01142574474215508 -0.009060155600309372 
0.0002293852739967406 -0.02369818463921547 0.0003157483006361872 
0.004298213869333267 -0.03448525071144104 -0.008086783811450005 
0.004159240052103996 -0.005393942352384329 -0.00619802437722683 
0.007929405197501183 -0.01716886460781097 -0.009116319939494133 
-0.005017352290451527 -0.03926507383584976 -0.006786558777093887 
0.0009015545947477221 -0.004054621793329716 -0.009987440891563892 
0.00872066430747509 -0.003718218300491571 -0.009961613453924656 
0.00237382436171174 -0.003696545958518982 -0.006235575303435326 
0.002256992040202022 -0.02350563555955887 0.0004756927664857358 
0.006675269454717636 -0.02001125924289227 -0.000363806146197021 
0.00494424719363451 -0.004327880218625069 -0.01101046614348888 
-0.002419301774352789 -0.01754482835531235 -0.005292758345603943 
-0.004556708503514528 -0.02899607270956039 -0.00537903280928731 
-0.002092960989102721 -0.003480151295661926 -0.008225285448133945 
0.001015520538203418 -0.004883936606347561 -0.006199860479682684 
0.006609233096241951 -0.0003797914832830429 -0.009404666721820831 
-0.005338522605597973 -0.03424172475934029 -0.003796694101765752 
-0.0009384003933519125 0.003349163802340627 -0.008050000295042992 
-0.002619370585307479 -0.0414944589138031 -0.0004828997189179063 
-0.003706994000822306 -0.04319720342755318 -0.004107221495360136 
0.001458912738598883 -0.003158992389217019 -0.001949999947100878 
0.004485740326344967 -0.01653979159891605 -0.01032797712832689 
0.007647986058145761 -0.0206352025270462 -0.008982725441455841 
-0.0006901671877130866 -0.001279287738725543 -0.004129234701395035 
-0.003268376458436251 -0.03409507498145103 -0.01021616067737341 
-0.00448957085609436 -0.04104887694120407 -0.002657702658325434 
0.003182222368195653 -0.01197068206965923 0.0005933807697147131 
0.00617207819595933 -0.007078525144606829 0.0006246581324376166 
0.007205469533801079 -0.008330017328262329 -0.01026617549359798 
0.01026483438909054 -0.009087142534554005 -0.003991777542978525 
0.004196261055767536 -0.02291423082351685 0.0002074172516586259 
-0.0004703757585957646 -0.005582170560956001 0.0003015060210600495 
0.00288582663051784 -0.008597796782851219 0.0007955728215165436 
-0.004107740707695484 -0.03206143900752068 -0.0008817717316560447 
0.009508470073342323 -0.01404674910008907 -0.003209090791642666 
-0.000815786886960268 -0.03854667395353317 -0.01003814302384853 
0.005271285306662321 -0.03063551709055901 -0.007918167859315872 
0.00498751737177372 -0.001236904412508011 -0.003691165940836072 
0.004269896540790796 -0.03719750419259071 -0.005147484596818686 
0.008398069068789482 -0.007882487028837204 -0.00389693328179419 
0.007962045259773731 -0.02516876719892025 -0.005694915540516376 
1.79219750862103e-05 -0.02060673944652081 -0.009737037122249603 
0.005866021849215031 0.006216492969542742 -0.001949999947100878 
0.007925262674689293 -0.01565751805901527 -0.00927392952144146 
0.004453163594007492 -0.03527062013745308 -0.007170177064836025 
-0.0001658478286117315 -0.009661163203418255 0.0001666486350586638 
-0.001639515743590891 -0.0003196968173142523 -0.008050000295042992 
-0.003202265361323953 -0.01379501819610596 -0.005578014068305492 
0.005831931717693806 0.004432240501046181 -0.002777623245492578 
0.003453940385952592 -0.02478016167879105 -0.01030981354415417 
0.002445083111524582 0.002316977363079786 -0.006550000049173832 
0.0009738452499732375 -0.002429445274174213 -0.003736636135727167 
0.009007802233099937 -0.001958873588591814 -0.0009653338929638267 
-0.00291379657573998 -0.003822137601673603 -0.008392827585339546 
-0.003733545774593949 -0.02663312666118145 -0.00445609400048852 
0.005826698616147041 -0.0004193877102807164 -0.01015287078917027 
0.002198660280555487 -0.01833381317555904 0.0004507755511440337 
0.004987324122339487 0.001662461669184268 -0.003615974448621273 
0.00725057628005743 -0.01524275913834572 -0.0003052365209441632 
-0.001527659245766699 0.001436837250366807 -0.0019500000635162 
0.0035631088539958 -0.03235438466072083 -0.0006522819167003036 
0.009329912252724171 -0.002251187106594443 -0.004920654464513063 
0.005644254852086306 -0.02245903387665749 -0.00988395418971777 
-0.003006799845024943 -0.03810690715909004 4.94592786708381e-05 
-0.001922059804201126 0.004037359263747931 -0.003290415508672595 
0.007791449315845966 -0.004198075272142887 -0.003757801838219166 
0.00355047918856144 0.006686974316835403 -0.003449999960139394 
0.001216916600242257 -0.0370514914393425 -0.0001531972375232726 
0.002464746590703726 0.002222839742898941 -0.008050000295042992 
0.00352201284840703 -0.03873130679130554 -0.00251660100184381 
-0.003464034292846918 -0.005684034898877144 -0.007425687741488218 
0.004292765632271767 0.002171453554183245 -0.001950000179931521 
0.004201140720397234 -0.02376245707273483 0.0001938969362527132 
-0.0001108975557144731 -0.03915467858314514 -0.0001428462419426069 
-0.001311225583776832 -0.04348937422037125 -0.008839275687932968 
0.002290056087076664 -0.02678999677300453 -0.01043396070599556 
0.00355183519423008 -0.01010465063154697 -0.01068989746272564 
0.005987689364701509 -0.01799976080656052 -2.435640271869488e-05 
-0.002128130290657282 -0.005960841197520494 -0.009154122322797775 
0.007137664593756199 0.005416623316705227 -0.007926049642264843 
0.01006033830344677 -0.01078626234084368 -0.00603571068495512 
0.005703760776668787 -0.02737871743738651 -0.009207393042743206 
-0.003177392762154341 -0.03646678477525711 -0.01015267893671989 
0.001907107071019709 -0.02319018915295601 0.0005005350685678422 
-0.003779006656259298 -0.0274810791015625 -0.007112769410014153 
0.007847030647099018 -0.001747712027281523 -0.01060811337083578 
0.0008618383435532451 -0.01304862089455128 0.0003279139054939151 
0.002512604463845491 -0.04006348550319672 -0.008514456450939178 
-0.001280711265280843 -0.01402457151561975 -0.0008369392016902566 
-0.002170654479414225 -0.03578642383217812 0.0004041908541694283 
0.005975689273327589 0.004326401744037867 -0.008050000295042992 
0.007867456413805485 -0.001887985272333026 0.0005797478370368481 
0.002897035097703338 -0.01994454860687256 -0.01041968632489443 
0.001548789674416184 -0.006102546583861113 -0.003844394348561764 
0.0004477667680475861 -0.02284512482583523 -0.01031765900552273 
0.006494037806987762 -0.006123288534581661 -0.003812430892139673 
-0.003658185945823789 -0.04307907447218895 -0.007385814562439919 
0.002365164924412966 -0.02645291015505791 0.0004337556019891053 
0.002510221675038338 -0.006699522025883198 -0.00566690182313323 
0.002002015709877014 -0.001306997262872756 -0.008050000295042992 
0.002112572081387043 -0.006505978293716908 -0.005321784410625696 
0.0004692793590947986 -0.001417726743966341 -0.003409730270504951 
-0.003996568266302347 -0.03105350397527218 -0.008955411612987518 
0.005656310822814703 0.003984387032687664 -0.0019500000635162 
-0.003726838855072856 -0.04323984682559967 -0.00509974267333746 
0.005893723573535681 -0.006517184432595968 -0.006175178568810225 
-0.001833554124459624 7.206235750345513e-05 -0.004353555850684643 
0.005730003118515015 -0.00648532435297966 -0.01075584255158901 
-0.002627828624099493 -0.03356380388140678 -0.01045695692300797 
-0.002921531209722161 -0.01532082352787256 -0.006032960955053568 
0.008444756269454956 -0.02026765793561935 -0.002301104832440615 
-0.002022068481892347 -0.004007201641798019 -0.009328686632215977 
-0.001514120493084192 -0.03586669266223907 0.0003853123052977026 
0.004420605022460222 -0.01632100902497768 0.0003413285885471851 
0.007911659777164459 -0.008677578531205654 -0.009965528734028339 
0.005881159566342831 -0.004904023371636868 -0.006216968409717083 
0.009633777663111687 -0.005631471518427134 -0.009013614617288113 
0.000780013739131391 -0.03677032142877579 -0.01001828256994486 
0.004303561989217997 -0.03582624718546867 -0.007268027402460575 
0.007227626629173756 0.002596001839265227 -0.001951911253854632 
0.005804999731481075 0.006140053272247314 -0.003217061283066869 
0.006873819045722485 -0.006064679007977247 -0.01056353934109211 
0.008172220550477505 -0.01942979730665684 -0.008567261509597301 
0.006026223301887512 0.003693822072818875 -0.008050000295042992 
0.005878667812794447 -0.02790351770818233 -0.008768967352807522 
0.003417747560888529 -0.02325400896370411 0.0003413608064875007 
0.00470633152872324 -0.02476481720805168 5.885456266696565e-05 
0.008725082501769066 -0.01211743988096714 -0.009054557420313358 
0.001992523670196533 -0.009921189397573471 -0.01066876575350761 
-0.002488431986421347 -0.02857199870049953 -0.0001392995472997427 
-0.0009703325340524316 -0.03638176992535591 0.0003193862503394485 
-0.004603751003742218 -0.03068629093468189 -0.002632655901834369 
0.004485820885747671 -0.03458542004227638 -0.002403073711320758 
0.001330182887613773 -0.04289486259222031 -0.001445166417397559 
0.0005300219054333866 -0.04156098142266273 -0.0007366620702669024 
0.00555909238755703 -0.01983974315226078 1.509272624389268e-05 
0.009123008698225021 -0.002423892263323069 -0.006267017684876919 
-0.003146585309877992 -7.090876897564158e-05 -0.0019500000635162 
0.003689407603815198 -0.02599329315125942 -0.01023448072373867 
-0.004419170320034027 -0.03474460914731026 -0.00100819009821862 
-0.003609879408031702 -0.02922111004590988 -0.001298559480346739 
0.00233077397570014 -0.03610140830278397 -0.0004967618733644485 
0.005208583548665047 -0.03107552602887154 -0.002199128270149231 
0.009453040547668934 -0.00762907462194562 -0.008928907103836536 
0.007254142314195633 -0.01191922463476658 -0.009972262196242809 
0.004876827355474234 -0.02939871326088905 -0.009045233018696308 
-0.003595516784116626 -0.03108137659728527 -0.0004220406990498304 
-0.003265905426815152 -0.02914926968514919 -0.00920390896499157 
0.001508653396740556 -0.02252861112356186 -0.01051419321447611 
0.005564125720411539 -0.02273623645305634 -0.0001032966538332403 
0.0009778236271813512 -0.01085100136697292 -0.01045818440616131 
0.001306217280216515 0.006234253291040659 -0.0019500000635162 
0.001987408380955458 -0.02538475207984447 -0.01049975492060184 
0.002229712437838316 -0.005079604219645262 -0.01099389605224133 
0.003628848819062114 -0.0395461767911911 -0.005833256989717484 
0.000125624326756224 -0.01211286243051291 -0.01012624520808458 
0.004768642596900463 0.003292082576081157 -0.006549999583512545 
-0.004637593869119883 -0.0293474905192852 -0.005754967220127583 
0.006287851370871067 -0.005527521017938852 -0.003797727636992931 
8.029657328734174e-05 -0.01767922192811966 -0.0002167309576179832 
0.007177824154496193 0.004631351213902235 -0.006550000049173832 
-0.004095758777111769 -0.02871468476951122 -0.002623069332912564 
-0.002966227242723107 -0.005934569519013166 -0.00174051895737648 
0.003111124271526933 -0.00272805942222476 -0.000266914488747716 
0.005981036927551031 0.00151172187179327 -0.006383717060089111 
0.004544204100966454 -0.02604284696280956 2.439714808133431e-05 
0.01008446235209703 -0.01054704654961824 -0.00606438098475337 
0.005727875046432018 -0.01001176703721285 -0.01050050742924213 
0.003218615893274546 -0.003542756894603372 -0.00624262448400259 
0.005087693687528372 -0.009696985594928265 -0.01060082949697971 
-0.002432348672300577 -0.002790726954117417 -0.008050000295042992 
0.001373193226754665 -0.0005532943177968264 -0.00683685066178441 
0.001572293229401112 -0.01890573278069496 -0.01042597927153111 
0.00755512248724699 -0.02363050729036331 -0.001488895271904767 
0.00611139228567481 0.002444369252771139 -0.003449999960139394 
0.004633145872503519 -0.01198665238916874 0.0005100457929074764 
0.004340671002864838 -0.0003840472782030702 -0.003671391634270549 
-0.003380661830306053 -0.03734731301665306 -2.474603388691321e-05 
0.003873793641105294 -0.01009418908506632 0.0006810582126490772 
0.006757987197488546 0.006073844153434038 -0.003450000192970037 
0.007728359661996365 -0.0237074363976717 -0.008170323446393013 
-0.004076789133250713 -0.03165609389543533 -0.000959024706389755 
-0.004197916481643915 -0.04183482378721237 -0.002450590953230858 
0.00391671247780323 -0.03460558503866196 -0.001407151110470295 
-0.00168354285415262 0.003572145942598581 -0.006550000514835119 
0.007083368487656116 -0.02574199624359608 -0.008444717153906822 
0.0002381724771112204 0.002384039340540767 -0.003449999960139394 
-0.002553949132561684 -0.01280929706990719 -0.0080141955986619 
0.003440473694354296 -0.007152294274419546 -0.005828145425766706 
0.003643826581537724 0.006465481128543615 -0.006550000049173832 
0.0005687690572813153 -0.03137470781803131 -0.01048783678561449 
0.004778431728482246 -0.02251197956502438 -0.01010740175843239 
-0.003616211004555225 -0.0294945016503334 -0.008833634667098522 
0.009996325708925724 -0.004693970549851656 -0.001313468790613115 
0.005117397755384445 -0.01288813911378384 0.0004185887519270182 
-0.003225560300052166 -0.005971989594399929 -0.002104706363752484 
0.008175692521035671 -0.01319689303636551 -0.009366421028971672 
0.00854513980448246 -0.01944669149816036 -0.007753382436931133 
-5.644858902087435e-05 -0.04488884285092354 -0.002716266084462404 
0.007238398771733046 -0.007757478393614292 -0.01030329428613186 
0.008494181558489799 -0.003164831083267927 -0.01013809442520142 
0.003972551319748163 -0.03764398396015167 -0.003217866877093911 
-0.002364560030400753 -0.0263843722641468 -0.008829949423670769 
-0.00203160522505641 0.0008269149111583829 -0.006550000049173832 
0.002641775878146291 -0.002647434128448367 -0.006263753864914179 
0.008073093369603157 -0.0216701477766037 -0.008164244703948498 
5.438062362372875e-05 -0.00335843930952251 -0.008050000295042992 
0.00605763541534543 -0.006947227288037539 -0.003835380543023348 
0.0005623830948024988 -0.03513671457767487 -0.0102432519197464 
0.008407052606344223 -0.01410738285630941 -0.009077105671167374 
0.004618015605956316 -0.03393631801009178 -0.002359418664127588 
0.007297842297703028 -0.002901530591771007 -0.006274034269154072 
-0.003357283771038055 -0.0005333715816959739 -0.006732524838298559 
0.001303277211263776 -0.005519223399460316 -0.006184427067637444 
-0.001480303937569261 -0.03835178911685944 -0.01010848302394152 
0.005599774420261383 -0.007413212675601244 -0.006150875706225634 
0.0106990234926343 -0.005686817690730095 -0.005378799512982368 
0.001441364060156047 -0.006179287098348141 -0.00559346005320549 
-0.002917171455919743 -0.02766141295433044 -0.001147131202742457 
-0.003357792273163795 -0.0125961909070611 -0.005641959141939878 
0.004307692404836416 -0.001547771506011486 0.00129761581774801 
0.0006339342216961086 -0.04505149647593498 -0.003629735903814435 
0.001520044752396643 0.002405532635748386 -0.003449999960139394 
0.006475463509559631 -0.00319444783963263 -0.01087972894310951 
0.0001343955518677831 -0.04062091186642647 -0.0004493617452681065 
-0.003894530469551682 -0.03030647151172161 -0.008774366229772568 
-0.001722489600069821 -0.02214248478412628 -0.004046317655593157 
-0.003509195055812597 -0.001561548910103738 -0.006782731972634792 
0.002196709392592311 -0.04382564499974251 -0.003998265136033297 
-0.003199493745341897 -0.03527431190013885 -0.01023767422884703 
-0.004428183659911156 -0.03230160847306252 -0.001433738740161061 
0.009721568785607815 -0.01386134140193462 -0.005154247395694256 
-0.003402446862310171 -0.02778499573469162 -0.001873041037470102 
0.00270088529214263 -0.01073670852929354 -0.01066725701093674 
0.008512184955179691 -0.002588667208328843 -0.003713451791554689 
0.004208340775221586 -0.007526034489274025 -0.003979097586125135 
0.00752753484994173 -0.02233592793345451 -0.008835769258439541 
-0.002117290394380689 -0.01059649046510458 -0.008811876177787781 
-0.000443488301243633 0.001400378067046404 -0.002065300708636642 
-0.003581286408007145 -0.01069016195833683 -0.005701549351215363 
-0.002516143023967743 -0.01723214983940125 -0.005195963196456432 
0.006123668048530817 0.004589451011270285 -0.003449999960139394 
0.01016639079898596 -0.009338454343378544 -0.003508671652525663 
0.003541896585375071 -0.003279971657320857 -0.006250611040741205 
0.009746958501636982 -0.01305173337459564 -0.003819822333753109 
0.009495291858911514 -0.01440868619829416 -0.006608789786696434 
0.008278060704469681 -0.02140037715435028 -0.002282849047333002 
0.005389322061091661 -0.0009187039686366916 0.001243615755811334 
-0.005267105530947447 -0.03356751054525375 -0.006405790336430073 
-0.003197223879396915 -0.01382652204483747 -0.004292487632483244 
0.009010141715407372 -0.01879983581602573 -0.003972697071731091 
3.878143616020679e-05 -0.01999880000948906 -0.009721040725708008 
-0.003764783497899771 -0.002421013079583645 -0.003715354017913342 
-0.001712052035145462 -0.03152599558234215 -0.01060093939304352 
0.00450031366199255 -0.002644688356667757 -0.003729440737515688 
0.00653535034507513 -0.002830097917467356 -0.006273124366998672 
0.00268994178622961 -0.0130307637155056 -0.01056414376944304 
8.951306517701596e-05 0.001446197158657014 -0.007984751835465431 
0.0101223923265934 -0.008089406415820122 -0.002615864854305983 
0.002562812995165586 -0.03992042690515518 -0.008507680147886276 
0.005024363286793232 -0.003244462190195918 -0.01110098231583834 
-0.0002522601280361414 -0.02190803177654743 -0.0004796187276951969 
0.00615703035145998 -0.00963849201798439 -0.0104474201798439 
0.008255399763584137 -0.009751417674124241 -0.009680012241005898 
-0.00268083717674017 -0.006300852634012699 -0.00141454057302326 
0.00577087327837944 -0.005414213053882122 -0.003796662203967571 
-0.003653041552752256 -0.02646579965949059 -0.005795972421765327 
0.006935976445674896 0.002445343416184187 -0.006550000049173832 
-0.0004329193907324225 -0.03484839573502541 -0.01040963176637888 
0.009328229352831841 -0.01436714641749859 -0.00740235997363925 
0.001392308622598648 -0.01443415135145187 0.000422201119363308 
0.006198497489094734 -0.01154863927513361 0.0003176084137521684 
0.008726736530661583 -0.01783818006515503 -0.007881807163357735 
-0.001407188130542636 -0.02142949961125851 -0.006928524933755398 
-0.003840364050120115 -0.02686731517314911 -0.004715817980468273 
-0.002612041775137186 -0.03194253146648407 -0.01044156402349472 
0.005849279463291168 -0.003260803641751409 -0.01100580394268036 
0.005198556929826736 -0.005898546427488327 -0.003811296541243792 
-0.004878097679466009 -0.03811756148934364 -0.007651311811059713 
0.007398548070341349 -0.02642523497343063 -0.00302793295122683 
0.002044001594185829 -0.04005881026387215 -0.001120756263844669 
0.006142826750874519 -0.02945679239928722 -0.006057734601199627 
-0.0003139273321721703 -0.0279718991369009 0.0006095884600654244 
0.0007603074191138148 -0.007831758819520473 -0.01058486849069595 
0.007753776852041483 -0.008719169534742832 -0.003875188296660781 
0.0009043712052516639 -0.01330768130719662 -0.01032864674925804 
-0.001932442653924227 -0.01847697049379349 -0.006705508567392826 
0.006900319829583168 -0.01819613948464394 -0.009651253931224346 
0.003766816575080156 -0.03834465891122818 -0.006931614130735397 
0.007376663386821747 -0.002708094194531441 0.0006828410550951958 
0.001284453319385648 -0.004004666581749916 -0.01080925948917866 
0.002142953453585505 0.005607855506241322 -0.008050000295042992 
-0.001459020655602217 -0.0001245541498064995 -0.002149418462067842 
0.004293263889849186 0.001029585837386549 -0.006365097593516111 
0.005839579273015261 -0.02596588619053364 -0.0004793468106072396 
0.002719135023653507 -0.01743528433144093 0.0004426928935572505 
7.480136264348403e-05 0.001850872999057174 -0.001950000179931521 
0.002431124448776245 -0.003410099539905787 0.000771791790612042 
-0.002582002663984895 -0.03305430337786674 -0.01046918053179979 
0.006852442398667336 -0.01675579696893692 -0.0002363706880714744 
0.00628030626103282 -0.02263697609305382 -0.009641921147704124 
0.00310598686337471 0.007027084473520517 -0.008050000295042992 
-0.001860002987086773 -0.02671591565012932 -0.009631481021642685 
-0.00109972816426307 -0.01927420310676098 -0.008178124204277992 
0.01064238324761391 -0.005390714854001999 -0.003584568854421377 
-0.005348745733499527 -0.03416939824819565 -0.006112924311310053 
-0.001675581093877554 -0.02036295644938946 -0.005334766115993261 
0.007337069138884544 0.003405372612178326 -0.006832541432231665 
-0.005445086397230625 -0.03488919138908386 -0.004897948354482651 
-0.002821007976308465 -0.03324662894010544 -0.0103944418951869 
-0.003431125544011593 -0.005743267945945263 -0.002492713741958141 
0.001506797736510634 -0.00383150321431458 -0.0007162183756008744 
-0.000119622447527945 -0.04512158781290054 -0.003564892802387476 
-0.001525015803053975 -0.02079731598496437 -0.006477776914834976 
0.003750412026420236 0.002806333592161536 -0.006550000049173832 
-0.001896282192319632 -0.01062403805553913 -0.00900548417121172 
0.0002733421279117465 -0.002211320679634809 -0.005225855857133865 
0.007307087071239948 0.002916835946962237 -0.002112218178808689 
0.007100595161318779 0.001589340623468161 -0.0019500000635162 
0.006251204758882523 -0.008520332165062428 -0.006050821859389544 
0.0005397467175498605 -0.00762188620865345 0.000546675524674356 
0.009032612666487694 -0.01655258238315582 -0.002540837042033672 
0.007215720601379871 -0.008989786729216576 -0.005072062835097313 
0.004956632386893034 -0.0128337424248457 0.0004357090510893613 
0.003519502468407154 -0.004994278773665428 0.001035727909766138 
0.001535921124741435 -0.03812926262617111 -0.009549521841108799 
-0.002922644605860114 -0.008849094621837139 -0.008062069304287434 
0.007471961434930563 -0.002765266690403223 0.0006408843910321593 
0.005284596234560013 -6.688632856821641e-05 -0.003659746143966913 
0.004637503530830145 0.007897309958934784 -0.003444614354521036 
-0.002379611833021045 -0.02868229150772095 -6.012873200234026e-06 
0.002014132449403405 -0.003638913622125983 -1.121422974392772e-05 
-0.003952591679990292 -0.03146183863282204 -0.0008180935401469469 
0.009180138818919659 -0.01602120138704777 -0.007130329962819815 
0.005599483847618103 -0.0002696258889045566 -0.008073313161730766 
-0.002787411212921143 -0.02665309607982635 -0.001589932711794972 
0.01000575534999371 -0.01157643366605043 -0.00522856367751956 
0.00427331542596221 -0.03201581537723541 -0.001150733325630426 
-0.003173820208758116 -0.0141091737896204 -0.004879948683083057 
0.001173967844806612 -0.02985648065805435 0.0004471437132451683 
0.005231666378676891 0.003926064819097519 -0.003232487477362156 
0.009798137471079826 -0.01289813499897718 -0.004066512454301119 
0.008056189864873886 -0.001583139644935727 -0.006310973316431046 
0.0005389126599766314 -0.01007050462067127 -0.01038950774818659 
0.008580341935157776 -0.02181269228458405 -0.005807417910546064 
0.007036431692540646 -0.003725892165675759 -0.01071621477603912 
-0.004114783369004726 -0.03502655774354935 -0.0005351486033760011 
0.006817533168941736 0.001797301229089499 -0.003605846082791686 
0.008181271143257618 -0.002254642313346267 0.0004041136126033962 
-0.0038810302503407 -0.006533639505505562 -0.004545197822153568 
0.003301964374259114 -0.03209967166185379 -0.009543219581246376 
0.005607424303889275 -0.0088494922965765 0.0006000524736009538 
-0.002381171099841595 -0.0095411017537117 -0.008636657148599625 
0.005051339510828257 -0.03262936323881149 -0.007155701983720064 
-0.003888145787641406 -0.04245707392692566 -0.007800101302564144 
0.0003244472027290612 -0.01776637136936188 -4.939324571751058e-05 
-0.004407698754221201 -0.03158244490623474 -0.001674957456998527 
0.0004796859866473824 -0.01844902336597443 4.391288530314341e-05 
0.005781089421361685 -0.001811368856579065 0.001135566853918135 
-0.0007104715332388878 0.005527922417968512 -0.00326049979776144 
0.008907396346330643 -0.005275385454297066 -0.004962080623954535 
0.0009609860135242343 -0.00543347280472517 -0.006178098730742931 
0.008119689300656319 -0.001154372585006058 -0.002491814782842994 
-0.002721838653087616 -0.04178904742002487 -0.0005892153712920845 
0.001902272808365524 -0.01505085825920105 0.0004596756480168551 
0.006106908433139324 0.001201575389131904 -0.00362387066707015 
-0.001517568482086062 -0.003769353730604053 -0.008947256021201611 
-0.0025901033077389 -0.04058790951967239 -0.0002592481323517859 
-0.002890928648412228 -0.03989115357398987 -0.009806910529732704 
0.008315620943903923 -0.00951108243316412 -0.004403197206556797 
0.003951983526349068 -0.00150085857603699 -0.00871178787201643 
0.005132656544446945 -0.02398574911057949 -2.379002398811281e-05 
0.008913656696677208 -0.01664287038147449 -0.002162533113732934 
0.005496674217283726 -0.03096279315650463 -0.006904661655426025 
0.009157424792647362 -0.01783109083771706 -0.005766774993389845 
-0.001472826697863638 -0.0391240194439888 -1.295447873417288e-06 
0.008891889825463295 -0.005405534990131855 -0.0003008837811648846 
-0.003325554309412837 -0.02911337278783321 -0.009096750058233738 
0.004388705361634493 -0.005140338558703661 -0.01099524274468422 
0.005124626681208611 -0.003634129883721471 0.001057624001987278 
0.005408904980868101 -0.02318760566413403 -7.47392768971622e-05 
-0.005152078345417976 -0.03180930390954018 -0.005205937661230564 
0.008318345993757248 -0.02349515073001385 -0.005514824762940407 
-0.002887152601033449 -0.01560322940349579 -0.005637504160404205 
0.004696334712207317 -0.006161531899124384 -0.00618006382137537 
0.003207921981811523 -0.01852539367973804 -0.01040173135697842 
0.003967673517763615 -0.02476201765239239 0.0002243341732537374 
0.007373369764536619 0.002275051781907678 -0.007260483223944902 
-0.0009702843963168561 -0.01972373574972153 -0.008267983794212341 
0.0006914390833117068 -0.005336953792721033 -0.003991929814219475 
0.004045569803565741 -0.008566263131797314 0.0007662522839382291 
-0.001173531403765082 0.0008869854500517249 -0.008050000295042992 
0.00103986170142889 -0.0321471132338047 0.0003715677303262055 
-0.002562840934842825 -0.01700417324900627 -0.005897943861782551 
-0.001193694537505507 0.0008235375862568617 -0.001972687430679798 
0.004033844918012619 -0.01708749867975712 0.0003525310021359473 
0.003296663053333759 -0.02856847271323204 5.446393697638996e-05 
-0.000907620822545141 -0.03987692296504974 -0.0001489783899160102 
-0.004368276335299015 -0.03132219240069389 -0.001704745693132281 
-0.0003683690156321973 -0.02640440501272678 0.0005364827811717987 
0.003607009537518024 -0.007233355194330215 -0.004223733209073544 
0.005015254486352205 -0.01602641306817532 0.0002700304321479052 
0.005836103111505508 -0.02930855005979538 -0.007681774441152811 
0.0009715332998894155 -0.01325087249279022 0.0003499107551760972 
0.008940629661083221 -0.002061417791992426 -3.742297121789306e-05 
0.003464548848569393 -0.006563562899827957 -0.003834825940430164 
0.007413332350552082 -0.01524228043854237 -0.009623438119888306 
0.002041170140728354 -7.488593109883368e-05 -0.003671705489978194 
0.003554766764864326 0.007843198254704475 -0.002789604244753718 
-0.0008399735088460147 -0.04473944753408432 -0.002443336183205247 
-0.001395768951624632 -0.02321616746485233 -0.007914447225630283 
0.004181003663688898 -0.03689262643456459 -0.006746763363480568 
0.001423031557351351 -0.008294860832393169 0.0006933877593837678 
-0.002153445268049836 -0.006337094586342573 -0.0008852824685163796 
0.01082576997578144 -0.003276993054896593 -0.004009886179119349 
0.002726675011217594 -0.02644862979650497 0.0003833245136775076 
0.00161811790894717 -0.01739592850208282 -0.0104220574721694 
-0.002222103998064995 -0.01795745268464088 -0.006142515689134598 
-0.0001751116942614317 -0.01560082286596298 -0.0002388396387686953 
0.007232519797980785 0.004888936411589384 -0.003449999960139394 
-0.0007428524550050497 -0.01066801603883505 -0.0001843094796640798 
0.009776964783668518 -0.01042119972407818 -0.002386556472629309 
0.004493006505072117 -0.02785270661115646 -0.0002496469242032617 
0.01044369861483574 -0.004511377308517694 -0.007723174057900906 
0.002148904139176011 -0.03552854433655739 -0.00967857800424099 
-0.002410905435681343 0.002848879434168339 -0.00344999972730875 
0.002571284305304289 0.007524742744863033 -0.007843028753995895 
-0.0005285065271891654 -0.04265417158603668 -0.009220440872013569 
-0.002163632307201624 -0.0001094653125619516 -0.005714940372854471 
0.007401326205581427 -0.003553760703653097 -0.003742505796253681 
0.01006694883108139 -0.006054232828319073 -0.008241338655352592 
0.007358222268521786 -0.008172007277607918 0.0002207570360042155 
0.006555659230798483 -0.004651045426726341 -0.003774026874452829 
0.002692695241421461 -0.003126860363408923 -0.0005442937836050987 
0.005563084036111832 0.003561249002814293 -0.008050000295042992 
0.00920646358281374 -0.009424963966012001 -0.001053888932801783 
-0.004224268719553947 -0.02976850979030132 -0.007750502787530422 
0.009000984020531178 -0.01764129474759102 -0.002988057909533381 
0.009932984597980976 -0.009921267628669739 -0.002748028375208378 
0.01082819979637861 -0.004096207674592733 -0.006176984403282404 
0.001765849534422159 -0.003438834333792329 -0.003759943880140781 
0.0002089319896185771 -0.01940106600522995 -0.009872253052890301 
5.42545021744445e-05 -0.004150914028286934 -0.00995142012834549 
0.00794045627117157 -0.02121260017156601 -0.001452741795219481 
-0.004826072603464127 -0.03044703975319862 -0.006306924857199192 
0.005649903789162636 -0.01285829301923513 -0.01033446192741394 
0.0007823379128240049 0.005834952928125858 -0.008049999363720417 
-0.001753001008182764 -0.0195576474070549 -0.005940695758908987 
-0.00393633870407939 -0.04275038838386536 -0.003639996983110905 
0.003616265021264553 -0.02506846003234386 0.0002779708593152463 
-0.002404046943411231 -0.01750876381993294 -0.004015299025923014 
0.006211237981915474 -0.01247089169919491 -0.01025709975510836 
0.006264975760132074 -0.002796142594888806 -0.006273024715483189 
-0.00157221220433712 0.003671674989163876 -0.001950000179931521 
-0.0005517886020243168 -0.02560919150710106 -0.01025733072310686 
0.0006800824194215238 -0.001295166555792093 -0.00734050665050745 
-0.0040883575566113 -0.04242684692144394 -0.003398618893697858 
-0.005447295494377613 -0.03585180640220642 -0.005360246635973454 
0.006631592288613319 -0.004307623952627182 -0.006235154811292887 
0.01061148382723331 -0.005156315397471189 -0.003217600984498858 
0.0102554289624095 -0.008202680386602879 -0.006803376600146294 
0.00380686204880476 -0.00488124368712306 0.001041161827743053 
0.0006179347401484847 -0.02232623286545277 0.0003501097380649298 
0.001875822665169835 -0.007971866987645626 0.0007662197458557785 
0.002824449446052313 0.002849673852324486 -0.008050000295042992 
0.003405486233532429 -0.02352388575673103 0.0003384705050848424 
-0.001079389126971364 -0.01788019388914108 -0.008653929457068443 
0.002366582630202174 -3.781242412514985e-06 -0.008050000295042992 
-0.003523148829117417 -0.001412561046890914 -0.004654193762689829 
0.001225407235324383 -0.02583624422550201 -0.01057132892310619 
-0.004262047819793224 -0.03719813749194145 -0.009095695801079273 
0.00154860271140933 -0.03600554540753365 -0.0001298418210353702 
-0.005260858684778214 -0.03282319754362106 -0.005762792658060789 
0.008337928913533688 -0.00935140997171402 -0.005433043465018272 
-0.0008309429977089167 -0.0412922129034996 -0.0004347969952505082 
0.00193876726552844 -0.01186943147331476 0.0005598363932222128 
-0.0009002925362437963 -0.03518492355942726 0.0004222982097417116 
-0.001635556109249592 -0.01049254462122917 -0.009229643270373344 
0.003522409591823816 -0.03182564675807953 -0.0005515773664228618 
0.01010481081902981 -0.002708090003579855 -0.003368104109540582 
0.004342410713434219 -0.004492069594562054 0.001060186186805367 
-0.002424138598144054 -0.01494365185499191 -0.002231833525002003 
-0.0009361873380839825 -0.01931315660476685 -0.001569796819239855 
0.002512936014682055 -0.02712586522102356 -0.01038818433880806 
0.001163666369393468 -0.01108310744166374 -0.01049057487398386 
0.001826135907322168 -0.03650930896401405 -0.009691732004284859 
-0.00193456991109997 -0.01049897726625204 -0.001014734851196408 
-0.0037914311978966 -0.02856672555208206 -0.007957229390740395 
-0.001400673761963844 -0.02498446963727474 -0.0008380600484088063 
0.005667513236403465 -0.001435475191101432 -0.01117470115423203 
0.002239256864413619 -0.04150889441370964 -0.001637092093005776 
0.004717602394521236 0.002212638966739178 -0.0019500000635162 
-0.002759065246209502 0.0009564158390276134 -0.001949999947100878 
-0.001847552950493991 -0.004481649491935968 -0.0005378787755034864 
0.008579565212130547 -0.01390102598816156 -0.008953612297773361 
0.001898678834550083 -0.01729570329189301 0.0004432490386534482 
0.003981050569564104 0.001788985100574791 -0.003449999960139394 
-0.002618065336719155 -0.02507407777011395 -0.002777918707579374 
-0.001665265066549182 -0.01860577613115311 -0.002659162972122431 
0.00433762464672327 -0.002270389115437865 -0.00627967668697238 
0.0003170661511830986 -0.01829623058438301 -0.009939989075064659 
0.0003803486470133066 -0.02709163352847099 0.0006036283448338509 
-0.0001838515454437584 0.001460301573388278 -0.007709445431828499 
0.003420850960537791 -0.02621940150856972 0.0002773717860691249 
-0.001366843353025615 -0.02882180735468864 0.0005683524650521576 
0.00303732743486762 -0.03396518528461456 -0.0005566830513998866 
0.001120200962759554 -0.02893346920609474 -0.01049575209617615 
-0.001547862193547189 -0.02060936391353607 -0.003576264251023531 
-0.0001615229120943695 -0.02048207074403763 -0.009533485397696495 
0.001276147086173296 -0.01033479999750853 0.0005489842733368278 
0.002801643451675773 -0.01853088475763798 -0.01043145265430212 
0.0012613320723176 -0.02882577106356621 -0.01047872379422188 
0.006138421129435301 0.002568179043009877 -0.008050000295042992 
0.009616101160645485 -0.002273674355819821 -0.003682447364553809 
0.002145886654034257 -0.04310279712080956 -0.007632798980921507 
0.006398309487849474 -0.02818023040890694 -0.002446247730404139 
0.008580286055803299 -0.007616719231009483 -0.004865195602178574 
0.0007942045340314507 -0.03058038093149662 -0.0104820653796196 
0.002229665173217654 -0.04306792467832565 -0.002486736048012972 
0.008099657483398914 -0.02337267063558102 -0.002835794584825635 
0.002464104676619172 0.003467044327408075 -0.008050000295042992 
0.002848102245479822 -0.04232804849743843 -0.006336193066090345 
0.008564531803131104 -0.007009929977357388 -0.009760144166648388 
0.0006979125319048762 -0.01992424763739109 0.000206482523935847 
0.004997612908482552 -0.01083008293062449 0.0005431238678283989 
-0.0016594777116552 -0.004772363230586052 -0.00960987713187933 
0.005039672367274761 -0.005882014520466328 0.0008700673934072256 
-0.003893126733601093 -0.04285645857453346 -0.00605887733399868 
0.00458143837749958 -0.02144745551049709 -0.0101708322763443 
0.003329513128846884 0.005899205803871155 -0.007968352176249027 
0.008353748358786106 -0.008058428764343262 -0.0002077773388009518 
0.01074292697012424 -0.005507692229002714 -0.004955885000526905 
0.005014332942664623 -0.002243319060653448 -0.01119119860231876 
0.00291195185855031 -0.026646938174963 0.0003524898202158511 
0.006653332151472569 -0.0003430866927374154 -0.001461232197470963 
0.001540840370580554 0.003457818413153291 -0.003450000192970037 
0.008565876632928848 -0.01873861253261566 -0.00202407268807292 
0.009005874395370483 -0.004570513032376766 -0.005893656518310308 
0.007279550191015005 -0.02721180021762848 -0.004221711307764053 
-0.00294445501640439 -0.04423405602574348 -0.004622186999768019 
-0.003383951028808951 -0.00505822105333209 -0.007630937267094851 
0.006094474345445633 -0.01382910460233688 0.0001883536751847714 
0.001469514099881053 -0.003905464895069599 -0.01030057575553656 
0.009463090449571609 -0.01418883912265301 -0.006926548667252064 
-0.003454402321949601 -0.001359020941890776 -0.004286910407245159 
-0.0001098045177059248 -0.007847066037356853 -0.01031480170786381 
0.001435250858776271 -0.04013126343488693 -0.0007852495764382184 
0.002222246956080198 -0.04155857115983963 -0.001634895568713546 
0.005997720640152693 0.00152368179988116 -0.006384087260812521 
0.004484537988901138 -0.02522694319486618 9.625563689041883e-05 
-0.005457623396068811 -0.03582155704498291 -0.004832626320421696 
0.008147343993186951 -0.02315577305853367 -0.002877799328416586 
-0.00124620960559696 -0.0126196164637804 -0.0006682124803774059 
0.003232908667996526 -0.004020387306809425 -0.006230289582163095 
-0.002724053803831339 -0.01557875610888004 -0.00676336232572794 
-0.0004998594522476196 -0.02637435868382454 0.0004734392859973013 
0.004803545773029327 -0.0318630039691925 -0.008246666751801968 
0.00376752601005137 -0.005524401552975178 0.0009822850115597248 
0.004470238462090492 -0.01931256614625454 -0.01024832203984261 
0.0002967667242046446 -0.01803691126406193 -0.009919844567775726 
0.003746937029063702 -0.003660763613879681 0.001157311489805579 
-0.001070387428626418 -0.004896301310509443 1.224978768732399e-05 
0.009866463020443916 -0.009957509115338326 -0.002509886398911476 
0.001454480574466288 -0.003898045280948281 4.500072100199759e-05 
0.001308936276473105 -0.03514527156949043 6.326022412395105e-05 
0.008412761613726616 -0.008004204370081425 -0.009758798405528069 
0.008401450701057911 -0.01017973478883505 -0.009537890553474426 
-0.001493121730163693 -0.03425950556993484 0.0005042997654527426 
0.007211148273199797 -0.01252361293882132 -5.786824476672336e-05 
0.0001267735788132995 -0.03043908998370171 0.0005563478916883469 
-0.003115045372396708 -0.005920839495956898 -0.00194727536290884 
-0.002413470763713121 -0.008444092236459255 -0.008704643696546555 
-0.004231938160955906 -0.0321701280772686 -0.001073159743100405 
0.003808414097875357 -0.01033496763557196 -0.01066978275775909 
-0.003893160261213779 -0.03239528834819794 -0.0004722174198832363 
0.007097748573869467 -0.007599570788443089 -0.006151469890028238 
0.003436164930462837 -0.03592921793460846 -0.001254875445738435 
-0.0007528412970714271 -0.01326336525380611 -0.009596778079867363 
0.003363561350852251 0.004521200433373451 -0.00344999972730875 
-0.003726385999470949 -0.0053239855915308 -0.003278180025517941 
0.0004525730037130415 -0.00366127910092473 -0.005427402444183826 
0.007321969140321016 -0.003469072980806231 -0.006259403191506863 
-0.002856631297618151 -0.03699012473225594 0.0002148493804270402 
0.002265926450490952 0.004317282233387232 -0.006550000049173832 
0.0001198354875668883 -0.006269820965826511 -0.01050201151520014 
-0.002828961703926325 -0.0272727906703949 -0.008767249062657356 
-0.002024086657911539 -0.003896624781191349 -0.000671367917675525 
0.000335831951815635 -0.0084908502176404 -0.01042334828525782 
0.002529891906306148 -0.008806423284113407 0.0007807957008481026 
0.002078046090900898 -0.006936930119991302 0.0008619985310360789 
0.001241894438862801 -0.01944925263524055 -0.01040590740740299 
0.007169942837208509 0.005211006384342909 -0.002139376476407051 
0.0002680587931536138 0.004186472855508327 -0.008050000295042992 
-0.003347519086673856 -0.005109050776809454 -0.007717048283666372 
0.003557212650775909 -0.03991212323307991 -0.004577916115522385 
-0.003017130307853222 -0.007729198783636093 -0.008066854439675808 
0.005683036986738443 0.001860453165136278 -0.003523953491821885 
-0.004690902307629585 -0.04109694063663483 -0.004246674478054047 
-0.002355435397475958 -0.02439993247389793 -0.003013839246705174 
-0.001277018920518458 -0.02803119644522667 -0.01046124473214149 
-0.00332799437455833 -0.04367532953619957 -0.003236599499359727 
0.001774688600562513 0.007234936580061913 -0.002573622856289148 
0.00721823750063777 0.002134612528607249 -0.003449999960139394 
0.003256155177950859 -0.04111918061971664 -0.005249741952866316 
0.004133003763854504 -0.01777416095137596 -0.01032884977757931 
0.003490142058581114 -0.0201861597597599 0.0003641529474407434 
-0.004479802679270506 -0.04129503667354584 -0.007109304890036583 
0.004846164025366306 0.003785866079851985 -0.002153540495783091 
-0.0024402248673141 -0.03240344673395157 -0.01050779409706593 
0.008099287748336792 -0.005571799352765083 -0.01015409082174301 
0.008721126243472099 -0.005037839058786631 -0.000145045094541274 
0.005992986261844635 -0.002822353504598141 -0.006271360442042351 
0.005605584941804409 0.004116966389119625 -0.00716578820720315 
0.009139662608504295 -0.01353949122130871 -0.008266579359769821 
0.002558875130489469 -0.02014731429517269 0.0004425530787557364 
-0.003526180982589722 -0.02736135199666023 -0.002451184205710888 
0.004775893408805132 -0.03251008316874504 -0.001957144821062684 
-0.0003506225766614079 -0.003439004998654127 -0.0019500000635162 
0.006189293693751097 -0.008490204811096191 -0.003960167523473501 
0.004350682720541954 -0.01737415976822376 -0.01031780708581209 
0.00334961898624897 0.004546475596725941 -0.006550000049173832 
0.002099424600601196 -0.04081223532557487 -0.008657887578010559 
-0.004691751673817635 -0.0409015417098999 -0.00652926042675972 
0.005769425071775913 0.006209732498973608 -0.006845670752227306 
0.003802825231105089 0.0002740571508184075 -0.001950000179931521 
-0.002665744628757238 -0.02699540928006172 -0.001171066774986684 
0.003414463251829147 -0.002418376039713621 -0.01070327498018742 
0.003320026677101851 0.001237759366631508 -0.003633029758930206 
-0.0009209840791299939 0.001156589481979609 -0.007130548823624849 
0.007288922090083361 0.003606276819482446 -0.002449031453579664 
0.001349612837657332 -0.03756176680326462 -0.00971250981092453 
0.008323200978338718 -0.01160662248730659 -0.0005660721799358726 
-0.0040929289534688 -0.03882177919149399 -0.0008917133091017604 
0.002067337045446038 0.0004885694943368435 -0.008050000295042992 
0.008652236312627792 -0.01845848374068737 -0.007847439497709274 
0.002002220135182142 -0.01334754750132561 0.0005230815731920302 
-0.003424203488975763 -0.005594265647232533 -0.007522978819906712 
0.005775966681540012 -0.001171300304122269 -0.006313391961157322 
-0.002812079386785626 -0.002503323601558805 -0.008050000295042992 
-0.003358036978170276 -0.0008267939556390047 -0.003275537164881825 
0.00586396362632513 0.006724590435624123 -0.008050000295042992 
0.003399649634957314 -0.006433586589992046 0.0009191706776618958 
0.003189840354025364 -0.02186967991292477 -0.01038666255772114 
-0.002008548472076654 -0.02949627861380577 -0.01041617710143328 
0.002187402918934822 -0.0185684934258461 -0.01045231707394123 
0.001447709277272224 -0.0400584414601326 -0.009223164990544319 
-0.002499611116945744 -0.007031629793345928 -0.008733179420232773 
-0.002948395209386945 -0.0379708968102932 -0.01008454337716103 
-0.005375863518565893 -0.03817520663142204 -0.004842993337661028 
0.001834040973335505 -0.03898646682500839 -0.0007606277940794826 
0.01071017794311047 -0.005501766689121723 -0.004443797282874584 
0.00169913237914443 -0.03592447936534882 -0.0001732639357214794 
-0.0009426406468264759 -0.0113272313028574 -0.009638307616114616 
0.003765116911381483 0.004084084182977676 -0.002862305846065283 
-0.00537084462121129 -0.03779030218720436 -0.00574585422873497 
0.004006758332252502 0.007301628589630127 -0.001949999947100878 
0.005236885510385036 -0.02977144531905651 -0.001513930037617683 
-0.0003787333553191274 -0.004497537389397621 -0.01040949858725071 
-0.003640149952843785 -0.04134473949670792 -0.00104467011988163 
0.002223877469077706 -0.04351880773901939 -0.003022300079464912 
0.008169831708073616 -0.02078434452414513 -0.008235982619225979 
-0.00123413500841707 -0.03310472518205643 -0.01054952945560217 
0.005641805473715067 -0.009483620524406433 0.0005516462260857224 
0.0001350774400634691 -0.006107097491621971 0.0005042566917836666 
-0.003474720288068056 -0.001388883450999856 -0.004326490219682455 
0.005057362373918295 -0.001843342324718833 -0.003706640331074595 
-0.005371861159801483 -0.03389844298362732 -0.004632717464119196 
0.001487934612669051 -0.0443112775683403 -0.002692376030609012 
-0.003086276818066835 -0.01378923561424017 -0.006527095567435026 
-0.002644828055053949 -0.01592357829213142 -0.006802283693104982 
0.008562357164919376 -0.01973581500351429 -0.007524480111896992 
0.002187066012993455 -0.03491421043872833 -0.009753764607012272 
-0.001536155352368951 -0.01027207635343075 -0.0006718523800373077 
-0.004702159203588963 -0.03092205338180065 -0.002751893829554319 
-0.002349103335291147 -0.01220345962792635 -0.001619567861780524 
0.00304627395235002 0.007564844097942114 -0.003449999960139394 
0.004622023552656174 -0.01811597123742104 0.0002550295612309128 
0.002892158459872007 0.005492023658007383 -0.006550000049173832 
0.007135752588510513 -0.005672076717019081 -0.003798404475674033 
-0.002449688035994768 0.00253906543366611 -0.0019500000635162 
0.007391449995338917 -0.01815810427069664 -0.0006007554475218058 
-0.001198919024318457 -0.02321168594062328 -0.008282532915472984 
0.004779831971973181 -0.02655579522252083 -0.0001033482403727248 
0.00739750312641263 -0.02658035792410374 -0.003247388638556004 
0.01092233974486589 -0.003318398259580135 -0.004771707579493523 
-0.00108518626075238 -0.04460471495985985 -0.007745736744254827 
-0.001277840463444591 -0.003204006003215909 -0.008050000295042992 
0.002747481921687722 -0.00203752750530839 -0.003720045555382967 
0.001653429819270968 -0.02890181541442871 0.0004172952903900295 
0.005074928980320692 -0.0248631127178669 -4.465604433789849e-05 
0.00680916104465723 -0.02758041210472584 -0.002779719652608037 
-0.0031806705519557 -0.02716044709086418 -0.008104996755719185 
-0.003851569257676601 -0.0301703680306673 -0.00122749840375036 
0.007124936673790216 0.004190856125205755 -0.008050000295042992 
0.007279831916093826 -0.0113209243863821 -0.01000782381743193 
-0.003564698155969381 -0.01002807915210724 -0.003787693334743381 
0.00360999652184546 -0.02020043134689331 -0.01035316195338964 
-0.003070794511586428 -0.02737829089164734 -0.00844383891671896 
0.008465555496513844 -0.02252799272537231 -0.005648207850754261 
0.0008606910123489797 0.00318295368924737 -0.008050000295042992 
0.002236445434391499 -0.04382095113396645 -0.004396839533001184 
-0.001743731671012938 -0.04358679428696632 -0.008774173445999622 
0.003059984184801579 -0.002836733590811491 -0.01033115293830633 
-0.003771094838157296 -0.008497670292854309 -0.004471039399504662 
0.0006825128803029656 -0.04406856745481491 -0.001850802218541503 
0.005875371862202883 -0.02227897569537163 -0.0001860614866018295 
0.01042178738862276 -0.007329760119318962 -0.003638536436483264 
0.009487798437476158 -0.01262062229216099 -0.002324034459888935 
0.001751390169374645 0.0008539850823581219 -0.008050000295042992 
0.006084556691348553 -0.01050607487559319 0.0004058318736497313 
0.009409654885530472 -0.0133726978674531 -0.007598238997161388 
0.004025070928037167 -0.0380721241235733 -0.005513382144272327 
0.001266835955902934 -0.01853008195757866 0.0003839422133751214 
0.001792236231267452 -0.008149614557623863 -0.01075662393122911 
-0.003008736530318856 -0.03743016347289085 -0.01013286598026752 
-0.001302180346101522 -0.02396068349480629 -0.00863183755427599 
0.003076279535889626 -0.00697503425180912 -0.005657457746565342 
-0.001661351649090648 -0.02915203757584095 -0.01050876639783382 
0.004572518169879913 -0.03232312574982643 -0.00156289734877646 
-0.004372722469270229 -0.0296209342777729 -0.002708139829337597 
0.001164579298347235 -0.004316179547458887 -0.003784875618293881 
-0.00295724137686193 -0.01172128412872553 -0.00239718914963305 
0.005938994698226452 -0.0001883672666735947 -0.008074136450886726 
0.01014539785683155 -0.009825341403484344 -0.006234186701476574 
0.006160656921565533 -0.003702991176396608 -0.006249128840863705 
0.002701631747186184 -0.00319793657399714 -0.01053676940500736 
-0.001845762133598328 0.002439220435917377 -0.008050000295042992 
0.005916644353419542 -0.0003146747476421297 -0.008437171578407288 
0.0060094497166574 -0.02911397814750671 -0.002634824253618717 
0.01078005693852901 -0.005100860260426998 -0.004768435377627611 
0.007564868777990341 -0.02429901622235775 -0.008270317688584328 
0.001388315577059984 0.0005020177341066301 -0.006378849036991596 
0.001706879702396691 -0.005627441685646772 -0.003816916840150952 
0.006134317722171545 -0.004848644137382507 -0.006219321861863136 
0.002056596102192998 -0.0004059364437125623 -0.001949999947100878 
-0.005316773895174265 -0.03347525745630264 -0.00579665694385767 
-0.003521766047924757 -0.0260743722319603 -0.005051023326814175 
-0.001124483067542315 -0.0161155853420496 -0.009017475880682468 
0.009508881717920303 -0.007408123929053545 -0.001109562232159078 
0.006064240820705891 0.004852253012359142 -0.007915216498076916 
-0.003380822017788887 -0.0003906999190803617 -0.006267489865422249 
-0.0007927752449177206 -0.01894790306687355 -0.008787093684077263 
-0.002296706195920706 0.00338013656437397 -0.007480706088244915 
-0.005336201749742031 -0.03429314866662025 -0.006212044507265091 
0.004818510264158249 -0.002151834778487682 -0.003715506056323647 
0.005821103230118752 -0.02978404425084591 -0.007058068178594112 
-0.0006768658058717847 -0.0232725627720356 -0.0007297047413885593 
-0.004087559878826141 -0.03797013312578201 -0.009242267347872257 
0.005865196231752634 -0.02767189964652061 -0.008897829800844193 
0.007796640042215586 -0.01453842595219612 -0.009471071884036064 
0.009567700326442719 -0.009264168329536915 -0.001526557840406895 
-0.001698891050182283 -0.03858231008052826 8.537506801076233e-05 
0.006709015928208828 0.00217758771032095 -0.0019500000635162 
0.008333501406013966 -0.02346088923513889 -0.004627222660928965 
0.005519688595086336 0.004073112737387419 -0.003311950247734785 
-0.004326254595071077 -0.03208435699343681 -0.008733255788683891 
-0.0008076459052972496 -0.01785617507994175 -0.001041129464283586 
0.002693332266062498 -0.03815855085849762 -0.008858880028128624 
-0.001277308678254485 -0.009717174805700779 -0.0004486283869482577 
0.007265137508511543 0.003860526485368609 -0.007752351928502321 
-0.0008457023650407791 -0.03282453119754791 0.0005464810528792441 
0.008328552357852459 -0.01374763995409012 -0.009186153300106525 
0.002391540911048651 -0.01307865604758263 -0.01057017967104912 
0.0007848366512916982 -0.04453272372484207 -0.002404635772109032 
-0.003096938598901033 -0.0289146713912487 -0.009341913275420666 
0.007225355599075556 0.004998411517590284 -0.007374937180429697 
0.006333714351058006 -0.02735275030136108 -0.001437249244190753 
0.001615045825019479 -0.04445827752351761 -0.006518045905977488 
0.006114899646490812 -0.007974983192980289 -0.003861826844513416 
0.00664543965831399 -0.0174061693251133 -0.0001933755120262504 
-0.003428465686738491 -0.001416665036231279 -0.003414417151361704 
0.001773527590557933 -0.02463919669389725 0.0005264934152364731 
0.006921170279383659 -0.02566846646368504 -0.008721264079213142 
-0.002629721071571112 -0.005532951094210148 -0.001318934839218855 
0.005871430970728397 0.004493171349167824 -0.006683936342597008 
-0.001927235163748264 -0.04408300295472145 -0.00823125708848238 
0.005346349440515041 0.00651242770254612 -0.007175580598413944 
0.005958187859505415 0.004606611561030149 -0.003449999960139394 
0.007534494157880545 -0.0004755054251290858 -0.002375344280153513 
0.004621631000190973 -0.03436867520213127 -0.002693147631362081 
0.009953228756785393 -0.01133584417402744 -0.006261315196752548 
0.005374015308916569 -0.02333656325936317 -6.947278598090634e-05 
-0.00247690686956048 -0.04466401040554047 -0.004768120590597391 
-0.002598025370389223 -0.006394308060407639 -0.001332581625320017 
-0.003102300688624382 -0.04361747950315475 -0.002202636329457164 
-0.002342784311622381 -0.04282703995704651 -0.009175470098853111 
-0.002133931964635849 -0.0255575105547905 -0.008563262410461903 
-0.00381930754519999 -0.04104546457529068 -0.001143424771726131 
-0.0003960756585001945 0.005574013572186232 -0.003450000192970037 
0.009792233817279339 -0.01176366023719311 -0.006838822737336159 
-0.001992299221456051 -0.02456609718501568 -0.007914144545793533 
0.003253233851864934 0.006212407257407904 -0.0019500000635162 
0.009215253405272961 -0.004829145036637783 -0.009524554014205933 
0.009483616799116135 -0.002167671453207731 -0.003619383554905653 
0.00863215234130621 -0.01847430132329464 -0.007893690839409828 
0.007840612903237343 -0.001098503707908094 -0.0004122807004023343 
-0.002399836434051394 0.003098251298069954 -0.003450000192970037 
0.005167242139577866 -0.02425067499279976 -0.009957711212337017 
0.001079489826224744 -0.0228663831949234 -0.01052351761609316 
0.01089467294514179 -0.003739956300705671 -0.006010439712554216 
0.006278572604060173 -0.009612287394702435 -0.01042711175978184 
0.003118790686130524 0.003060645889490843 -0.008050000295042992 
-0.004070075694471598 -0.041286900639534 -0.008335163816809654 
0.005746264476329088 -0.02971835061907768 -0.007406622171401978 
0.002543700858950615 -0.007804041728377342 0.0008374021854251623 
-0.002367573324590921 -0.007923281751573086 -0.001202932093292475 
0.008172065019607544 -0.01855924725532532 -0.001293455949053168 
0.006601193454116583 -0.02793977223336697 -0.002679982921108603 
0.009965435601770878 -0.01037482731044292 -0.006865535862743855 
0.009834835305809975 -0.01096141152083874 -0.007105624303221703 
0.007990805432200432 -0.02239648066461086 -0.001928161829710007 
-0.003541034180670977 -0.002307501621544361 -0.007170590572059155 
0.0004254922969266772 -0.003442198969423771 -0.004665668588131666 
0.006900419015437365 0.001712157158181071 -0.00639224611222744 
0.009177595376968384 -0.003341411240398884 -0.005307176616042852 
0.002011927776038647 -0.002051933202892542 -0.008050000295042992 
-0.0001367736986139789 -0.01302914600819349 -0.009949024766683578 
-0.00472654215991497 -0.03578581660985947 -0.001602286705747247 
0.002036778721958399 -0.03771685063838959 -0.0006265576230362058 
0.002104275394231081 -0.02454892545938492 0.0004896429600194097 
0.003975279629230499 0.007144803181290627 -0.0019500000635162 
-0.0008514258661307395 -0.02459450997412205 -0.0004042427754029632 
-0.002502513816580176 -0.02635250426828861 -0.008625098504126072 
0.008472979068756104 -0.0189720094203949 -0.001867727609351277 
0.005458553321659565 -0.00478304224088788 -0.006218574941158295 
-0.00211460841819644 -0.007747282739728689 -0.0009434142266400158 
-0.001626268494874239 -0.01943638175725937 -0.003281182609498501 
0.005296002142131329 -0.03199722990393639 -0.006744848564267159 
0.006149486172944307 -0.008470828644931316 -0.004194932524114847 
0.002647519111633301 -0.003245733212679625 -0.01052709296345711 
0.002153732581064105 -0.04074914753437042 -0.001363878138363361 
-0.004429970867931843 -0.03191168233752251 -0.008431170135736465 
-0.002109769731760025 -1.203022475237958e-05 -0.005831255577504635 
0.006299983710050583 -0.001295488560572267 0.001084701390936971 
0.007331008091568947 0.002505764598026872 -0.002160836942493916 
-0.004997549578547478 -0.03706692159175873 -0.002461421070620418 
-0.0003087070945184678 -0.01929507404565811 -0.0006639015045948327 
-0.0007664306322112679 -0.002220989903435111 -0.008050000295042992 
0.006451277062296867 0.006854935083538294 -0.002439766656607389 
0.004633910953998566 -0.03482406586408615 -0.003160352818667889 
0.002576722763478756 -0.03901736810803413 -0.008743814192712307 
0.009585916996002197 -0.01458756066858768 -0.004224261268973351 
0.0009007351472973824 -0.01078111119568348 -0.01044336706399918 
0.006606618873775005 -0.02147457003593445 -0.009578537195920944 
0.002460825489833951 -0.008842350915074348 0.0007766833296045661 
0.004178548231720924 -0.02076261304318905 0.0002640351885929704 
0.006460815668106079 -0.02018260955810547 -0.00971269141882658 
0.001654210849665105 -0.02911796048283577 -0.01040307804942131 
0.002969823544844985 0.002561441389843822 -0.003450000192970037 
0.004576558247208595 0.006701404694467783 -0.00773655017837882 
-0.0003184978850185871 -0.03903298079967499 -9.646445687394589e-05 
0.003377867396920919 -0.0149880638346076 -0.01047475449740887 
0.003196084871888161 -0.02515452727675438 0.000341640436090529 
0.004160370212048292 -0.03151071444153786 -0.0009561582701280713 
0.002975449431687593 -0.01935547590255737 0.0004140293167438358 
0.001169923227280378 0.00638315174728632 -0.008050000295042992 
0.003688157303258777 -0.00654677115380764 0.0009160400950349867 
-0.002614602446556091 -0.007249433547258377 -0.008601274341344833 
0.00350608304142952 -0.02701408788561821 -0.01019682921469212 
-0.0007891032146289945 0.00393596151843667 -0.0019500000635162 
0.009057424031198025 -0.01472035050392151 -0.001872504712082446 
0.005494159646332264 0.001200681552290916 -0.0019500000635162 
0.01081626024097204 -0.003805787302553654 -0.003534990362823009 
-0.002301814267411828 -0.03796299546957016 -0.01018121838569641 
0.004577973391860723 -0.02773116528987885 -0.0002586701884865761 
0.003869214095175266 -0.03083354607224464 -0.009394790045917034 
-0.002244386821985245 -0.02450971119105816 -0.007370851933956146 
0.008360443636775017 -0.01487080845981836 -0.0009795890655368567 
-0.001804413506761193 -0.03533293679356575 0.0004420174809638411 
0.01011873502284288 -0.01021312456578016 -0.003897335845977068 
-0.003320666262879968 -0.01062482688575983 -0.0029757977463305 
0.004118736833333969 -0.01248051598668098 -0.01052871253341436 
0.009070625528693199 -0.004030396696180105 -0.003989033401012421 
0.003339794930070639 -0.00671300059184432 -0.003839153330773115 
0.005744518712162971 0.006254317704588175 -0.007240539416670799 
-0.001796995638869703 -0.01556154154241085 -0.008452102541923523 
-0.002665706910192966 -0.01125478744506836 -0.001885575475171208 
0.009171449579298496 -0.003385400399565697 -0.005273870192468166 
0.002791419392451644 -0.0005752035649493337 -0.006318037398159504 
0.004300900734961033 -0.02473550662398338 0.0001555600756546482 
0.01023604162037373 -0.005684001371264458 -0.002071193652227521 
0.005213165655732155 -0.004006064496934414 -0.01101146638393402 
-0.002582062967121601 -0.03722815588116646 0.0002546107862144709 
0.001076994813047349 0.001038623042404652 -0.006869559641927481 
0.005624532699584961 -0.0049704909324646 -0.003785684704780579 
-0.002753077540546656 -0.008650161325931549 -0.008317602798342705 
-0.001911535277031362 -0.03824909776449203 -0.01014204788953066 
0.004438613541424274 -0.02336886152625084 -0.01015605218708515 
-0.004855724982917309 -0.03122502192854881 -0.003092863829806447 
0.005242192186415195 0.006579946260899305 -0.006629530340433121 
0.002265897346660495 -0.0224714744836092 -0.01047190465033054 
-0.0003300693351775408 -0.0224166065454483 -0.0004916604957543314 
0.008270353078842163 -0.02377912774682045 -0.005575738381594419 
0.005222115200012922 -0.001111647114157677 -0.01125137321650982 
0.007415608502924442 0.001240159152075648 -0.007480747997760773 
0.006546373013406992 -0.01959714852273464 -0.009714130312204361 
0.001108922879211605 -0.04467632621526718 -0.002854593563824892 
-0.003633810905739665 -0.04131973162293434 -0.001029881066642702 
-0.003424304071813822 -0.04015000909566879 -0.009495380334556103 
0.001345339464023709 0.005022447556257248 -0.006550000049173832 
-0.00173020816873759 -0.01723972149193287 -0.001952607650309801 
0.006895394995808601 -0.0005662893527187407 0.0006062020547688007 
0.0081068966537714 -0.02461749687790871 -0.005385675467550755 
-0.001248429412953556 -0.03694270178675652 0.0002805737894959748 
-0.001857365597970784 -0.02256530523300171 -0.004398733377456665 
-0.001470736344344914 -0.0001786911161616445 -0.005527714267373085 
0.007273693103343248 -0.02192150056362152 -0.0008738693431951106 
0.004538423847407103 -0.03412196785211563 -0.002256525680422783 
0.005139036104083061 0.003878772724419832 -0.002562624402344227 
-0.001326749217696488 -0.008877201937139034 -0.009577672928571701 
0.007248299196362495 -0.006045779678970575 -0.006192311644554138 
0.007913521490991116 -0.02488373033702374 -0.003300858428701758 
0.005658360663801432 0.00416448712348938 -0.002592278411611915 
-0.001520646619610488 0.001298435381613672 -0.008050000295042992 
0.005391220562160015 -0.006337925791740417 -0.006178006529808044 
-0.002409633947536349 -0.03031767718493938 0.0003886359627358615 
-0.001655356725677848 -0.02089030481874943 -0.004753189627081156 
0.009716971777379513 -0.009450439363718033 -0.008137726224958897 
0.004695257637649775 -0.007226691581308842 -0.003847564337775111 
0.000657204887829721 -0.04506218060851097 -0.003771243384107947 
0.008806737139821053 -0.009602227248251438 -0.0006984361680224538 
0.008024085313081741 -0.01760905981063843 -0.001006990671157837 
0.007352328393608332 -0.01453166268765926 -0.0002943437139037997 
0.007673913147300482 -0.003570042550563812 -0.003741940017789602 
-0.004086126107722521 -0.0287457499653101 -0.007421107497066259 
0.004393049981445074 -0.0201326422393322 -0.01024318486452103 
-0.004350827075541019 -0.0418342649936676 -0.006549028679728508 
0.00319591979496181 -0.01011599227786064 0.0006966820219531655 
0.007986746728420258 -0.01332981884479523 -0.0005333746084943414 
0.005966787692159414 -0.01905941590666771 -6.597151514142752e-05 
0.008235303685069084 -0.01520465034991503 -0.009085666388273239 
-0.002825761446729302 -0.038553386926651 5.043627243139781e-05 
0.003013209905475378 -0.02965386584401131 -0.01000034064054489 
-0.004022675100713968 -0.03381241858005524 -0.0004647923924494535 
-0.003885779529809952 -0.002971435431391001 -0.005197882652282715 
-0.003865700680762529 -0.0269453153014183 -0.00535240862518549 
0.005914626177400351 -0.02814398892223835 -0.008554123342037201 
0.01011413894593716 -0.006291549652814865 -0.008052636869251728 
-0.001233392278663814 -0.02049285359680653 -0.00743692833930254 
0.002365615917369723 -0.003361565992236137 -0.0007828128291293979 
0.005244066938757896 -0.006586399860680103 -0.006171029526740313 
0.002887563779950142 -0.001452499534934759 -0.006295634433627129 
-0.003802226390689611 -0.006262736860662699 -0.00375013891607523 
0.002018693834543228 -0.04071250557899475 -0.008737590163946152 
-0.00314765446819365 -0.01423549931496382 -0.004558567423373461 
0.00446526613086462 -0.001565164886415005 -0.01129396911710501 
6.658546044491231e-05 0.003426717594265938 -0.008050000295042992 
0.003768534399569035 0.001211691880598664 -0.006367919035255909 
0.00479135662317276 2.323800435988232e-05 -0.003659196197986603 
3.1666575523559e-05 -0.02253041043877602 -6.90010201651603e-05 
-0.00384317641146481 -0.003625210141763091 -0.003899921197444201 
0.003512949449941516 -0.03710956871509552 -0.001685271738097072 
0.005034472327679396 -0.032191451638937 -0.002415933879092336 
0.00516019482165575 0.006633100099861622 -0.00322212721221149 
0.003618355374783278 0.001283944118767977 -0.003630750812590122 
-0.003773977048695087 -0.006023235153406858 -0.003528680885210633 
-0.0006384376902133226 0.002875653095543385 -0.006550000049173832 
0.006783604621887207 0.006420671008527279 -0.003331167856231332 
-0.002119690179824829 -0.009308536536991596 -0.001073693973012269 
-0.003101255279034376 -0.008420856669545174 -0.00213569519110024 
-0.004459036514163017 -0.04033081606030464 -0.007988646626472473 
0.005716158542782068 -0.003842797596007586 -0.003756107063964009 
0.008929591625928879 -0.005116520915180445 -0.005523260682821274 
0.006696709431707859 -0.0004857718013226986 0.0007954032043926418 
0.0005480193649418652 0.003645523218438029 -0.0019500000635162 
0.007957681082189083 -0.02522892877459526 -0.005538100376725197 
-0.001895457739010453 -0.03031253442168236 -0.01056836638599634 
-0.0009430913487449288 -0.02489817887544632 -0.0003740018582902849 
0.004108133725821972 -0.01130637899041176 -0.01059812214225531 
0.001718618790619075 -0.03859643638134003 -0.009370665997266769 
0.006305378396064043 -0.02422687783837318 -0.0004988019936718047 
0.009125126525759697 -0.01665925420820713 -0.007016412448137999 
0.003998599015176296 -0.001489232759922743 -0.009196290746331215 
-0.003837782191112638 -0.04104936867952347 -0.008825391530990601 
0.007804170250892639 -0.02371215634047985 -0.002029105788096786 
0.001812678761780262 -0.003702788613736629 -0.009326955303549767 
-0.003810456488281488 -0.03447537496685982 -0.0001857208262663335 
0.007686846889555454 -0.02618316933512688 -0.005530765280127525 
0.001850255765020847 0.006995131261646748 -0.001950000179931521 
0.003919882699847221 0.003400047775357962 -0.008050000295042992 
-0.0003389462945051491 0.001453752629458904 -0.006830818951129913 
-0.003228549845516682 -0.01372097246348858 -0.005001673474907875 
-0.003725904040038586 -0.00923585332930088 -0.005023283883929253 
0.008020558394491673 -0.002279669977724552 -0.006292780395597219 
0.01000297069549561 -0.009266311302781105 -0.002705296967178583 
0.0005000446690246463 -0.02597185224294662 -0.01059893704950809 
-0.002440238138660789 -0.03066118434071541 -0.0104192029684782 
0.009729903191328049 -0.01354905497282743 -0.0043362807482481 
0.006344296038150787 -0.01450338959693909 6.07449583185371e-05 
0.006453605368733406 -0.0008732386631891131 -0.01108997501432896 
0.003742319997400045 -0.03908339887857437 -0.005940177477896214 
0.01012139208614826 -0.009130943566560745 -0.006884947884827852 
-0.001033012755215168 -0.01502233650535345 -0.0007530259899795055 
0.005339408293366432 -0.009859168902039528 0.0005676219589076936 
-0.00385671085678041 -0.02948428690433502 -0.001648461911827326 
0.004527451004832983 0.003267803462222219 -0.006550000049173832 
0.002938462886959314 -0.03552096337080002 -0.0007681632414460182 
0.009759161621332169 -0.006006542127579451 -0.001205894630402327 
-0.001221365411765873 -0.01447405852377415 -0.009162794798612595 
-0.001453693024814129 -0.02261998318135738 -0.007399434223771095 
-0.003326691687107086 -0.005411318968981504 -0.007760363630950451 
0.0007959860377013683 -0.01027608104050159 0.0004444353980943561 
-0.000188605350558646 -0.008602295070886612 -0.01023129839450121 
0.004775772802531719 -0.008057944476604462 0.0007388798985630274 
-0.00360011775046587 -0.001599649200215936 -0.003759837942197919 
0.002958586439490318 -0.04201100766658783 -0.006180096417665482 
0.003190725110471249 0.00772785721346736 -0.007692576851695776 
0.002640186343342066 -0.04281491413712502 -0.00651337206363678 
0.001063117990270257 -0.04498229175806046 -0.005591236520558596 
0.004023048095405102 -0.03441209718585014 -0.008519681170582771 
0.009612435474991798 -0.01471853349357843 -0.005095640197396278 
-0.0006855319952592254 -0.001282292418181896 -0.006124721840023994 
-0.001368061639368534 -0.03607933968305588 -0.01036016084253788 
-8.174829417839646e-05 0.002207544399425387 -0.008050000295042992 
-0.0006084342021495104 -0.0333593487739563 0.000512432714458555 
0.008806384168565273 -0.01298428606241941 -0.008841564878821373 
0.007529342547059059 -0.0009282241808250546 0.0004788385122083127 
0.005540383514016867 -0.0009371165651828051 0.001223682193085551 
0.0008754660375416279 -0.003975429106503725 -0.001538263401016593 
0.008091605268418789 -0.02124106511473656 -0.00173812557477504 
0.005007053725421429 -0.03106257691979408 -0.001779975136741996 
0.0001735224795993418 -0.02561536431312561 -0.01057352684438229 
0.009445870295166969 -0.004583693109452724 -0.0006575215957127512 
-0.002539655193686485 -0.01226908527314663 -0.008131466805934906 
-0.001263531274162233 0.003789532231166959 -0.008050000295042992 
0.006503408774733543 -0.01836492121219635 -0.0001966810814337805 
-0.005262995138764381 -0.03317981213331223 -0.003830968402326107 
0.001666106283664703 -0.002379311714321375 -0.0019500000635162 
-0.001949758618138731 0.002628590911626816 -0.008050000295042992 
-0.001652454724535346 0.001427307724952698 -0.008050000295042992 
0.006954865995794535 -0.01325334515422583 -3.375166852492839e-05 
0.0002310802083229646 -0.02067979611456394 -7.621427357662469e-05 
0.003443293273448944 -0.005436363164335489 0.0009958564769476652 
0.009243222884833813 -0.01081429328769445 -0.001328072394244373 
0.001925055985338986 0.004364402964711189 -0.0019500000635162 
0.0001581671822350472 0.00444687157869339 -0.003449999960139394 
0.005343745928257704 -0.03234298899769783 -0.004049410112202168 
0.005659885238856077 0.006694117560982704 -0.006550000049173832 
0.003205774119123816 -0.00253016478382051 -0.008556531742215157 
0.002061429433524609 0.006874780170619488 -0.0019500000635162 
0.00487276678904891 0.003784494008868933 -0.006871399935334921 
0.008401489816606045 -0.02079057693481445 -0.007570359855890274 
-0.003664921037852764 -0.006435134913772345 -0.006804743316024542 
0.001489975489675999 -0.04469126462936401 -0.005674623884260654 
-0.000173939552041702 -0.02663667127490044 0.0005848006112501025 
-0.002036087214946747 -0.01333457883447409 -0.008563170209527016 
0.002936867065727711 -0.0405862033367157 -0.00774034159258008 
0.001501519232988358 -0.03404440358281136 0.0001218781108036637 
-0.001717816572636366 -0.02351906523108482 -0.002558613661676645 
-0.003880222793668509 -0.003495883196592331 -0.005709103308618069 
0.00678477855399251 -0.004816685803234577 -0.003777492325752974 
0.004430025350302458 -0.01781120151281357 -0.0102915596216917 
-0.002690472872927785 -0.02663512341678143 -0.0014452557079494 
0.003424954600632191 -0.002309824340045452 -0.009595755487680435 
0.004429059568792582 -0.0285324864089489 -0.0003975206927862018 
-0.002304747700691223 -0.01199487410485744 -0.001545540057122707 
0.002069844398647547 -0.02411282062530518 0.0004949634312652051 
0.0006030054646544158 0.003283734666183591 -0.008050000295042992 
-0.0005699412431567907 -0.01422710996121168 -0.0003702232206705958 
0.005826605018228292 -0.03036577254533768 -0.004136688075959682 
-0.0003007104969583452 -0.009609164670109749 -0.0101055046543479 
0.008212530985474586 -0.008704064413905144 -0.009810090996325016 
-0.003761880798265338 -0.006595592014491558 -0.006432615220546722 
0.007336779963225126 0.002811435144394636 -0.007426389958709478 
-0.003608968807384372 -0.01034618448466063 -0.004506220575422049 
0.01041266322135925 -0.003681819420307875 -0.008051854558289051 
-0.001162880682386458 0.0009056002600118518 -0.002559996908530593 
0.0008461292018182576 -0.009668826125562191 0.0004869957629125565 
-0.001151002245023847 -0.02103419229388237 -0.00240115774795413 
0.004056855570524931 0.0003851075889542699 -0.008050000295042992 
0.002385434228926897 -0.03246472030878067 -0.009953748434782028 
0.008403346873819828 -0.001487914705649018 -0.006314700469374657 
0.002121757715940475 -0.005132293794304132 0.0009819336701184511 
-0.005254530813544989 -0.03260144963860512 -0.005327448714524508 
0.0006818144465796649 -0.001921689370647073 -0.006275474093854427 
-0.00300159421749413 -0.04398170113563538 -0.007062187418341637 
0.008411706425249577 -0.02283137664198875 -0.004122508689761162 
-0.001953883562237024 0.003921652678400278 -0.006550000514835119 
-0.0003143375215586275 -0.02218944393098354 -0.0005107011529617012 
-0.0001221557031385601 -0.01568196527659893 -0.0002124743477907032 
0.005807325709611177 -0.005620297975838184 -0.01080875378102064 
0.001687592593953013 -0.006889045238494873 -0.01082455925643444 
-0.000476687797345221 -0.01784193143248558 -0.009280670434236526 
0.01042159739881754 -0.004738376010209322 -0.00770869292318821 
-0.00326935900375247 -0.02923142164945602 -0.0007777219288982451 
0.003212903160601854 0.003767288522794843 -0.001949999947100878 
0.005097771063446999 -0.01341510377824306 -0.01039693783968687 
-0.0005364223034121096 -0.0395200103521347 -0.009861008264124393 
0.001411472680047154 0.001393899088725448 -0.003449999960139394 
0.001659081550315022 -0.02078723534941673 0.0004819012829102576 
0.004095021635293961 -0.03789990395307541 -0.005043027922511101 
0.007385582197457552 -0.01380131021142006 -0.0002511597122065723 
-0.004570004995912313 -0.03334779292345047 -0.008527182973921299 
0.009495717473328114 -0.01281300000846386 -0.007537548895925283 
0.008307209238409996 -0.007341946940869093 -0.003837466007098556 
4.94499945489224e-05 -0.02327131852507591 0.000103988619230222 
2.623912405397277e-05 -0.04396818578243256 -0.001552781788632274 
0.002251919358968735 0.00115562928840518 -0.003639029804617167 
0.001160217565484345 0.002709832973778248 -0.008050000295042992 
0.005154464859515429 -0.007986530661582947 -0.005616792943328619 
0.0003499235608614981 -0.01973989419639111 -0.009990591555833817 
-0.00472579849883914 -0.0406351126730442 -0.006751610897481441 
0.01054085604846478 -0.004364877007901669 -0.007426105439662933 
-0.003633428830653429 -0.003537818789482117 -0.002962864469736814 
0.005608487874269485 -0.03055500984191895 -0.003112638369202614 
-0.004690494388341904 -0.03697840124368668 -0.001692894496954978 
-0.002168120816349983 -8.456685463897884e-06 -0.005887531209737062 
-0.002408525673672557 -0.04471062123775482 -0.004716185852885246 
0.007229128386825323 0.003702234011143446 -0.008021614514291286 
0.006491537671536207 -0.01839279383420944 -0.009807557798922062 
0.007897437550127506 -0.01121636014431715 -0.009739018976688385 
0.004730512853711843 -0.0317269042134285 -0.00841070618480444 
-0.003521632170304656 -0.004256482236087322 -0.002658831654116511 
0.0008928594179451466 0.002782087307423353 -0.0019500000635162 
-0.001460433937609196 -8.923128189053386e-05 -0.002512441715225577 
-0.001700544846244156 -0.0005720574990846217 -0.008050000295042992 
0.001452711177989841 -0.04012166708707809 -0.009207312017679214 
-0.001860529533587396 -0.0236634686589241 -0.007257753983139992 
0.004931455012410879 -0.01083225011825562 -0.01055006682872772 
-0.001713649136945605 -0.04233593493700027 -0.0006288488511927426 
-0.003815908217802644 -0.02772641554474831 -0.00275582610629499 
0.005173890851438046 -0.003076215274631977 -0.003738191444426775 
-0.004337531514465809 -0.04192859306931496 -0.004018133506178856 
0.009736120700836182 -0.01066884025931358 -0.002346670953556895 
0.004536503925919533 0.00673105800524354 -0.008050000295042992 
0.002701957244426012 -0.01381389796733856 -0.01053445413708687 
-0.0007828804082237184 -0.02060764655470848 -0.001436707680113614 
0.006350692361593246 -0.0002734754234552383 -0.006338759325444698 
0.005878456868231297 -0.02007280103862286 -0.009915422648191452 
-0.001132516656070948 -0.0009681388037279248 -0.004042103886604309 
0.006095882039517164 -0.004476787522435188 -0.006228826474398375 
0.001017682952806354 -0.004021513275802135 -5.207612412050366e-05 
0.001530913170427084 -0.00760382367298007 -0.01075463369488716 
0.00317137991078198 -0.01319233980029821 -0.01054544653743505 
-0.005081344861537218 -0.03133140131831169 -0.005318268667906523 
0.006318465806543827 -0.02882440015673637 -0.006673090159893036 
0.005903282668441534 -0.02847699075937271 -0.008314534090459347 
0.002717653289437294 -0.01948734931647778 0.0004340906743891537 
-0.004312324803322554 -0.02888612821698189 -0.0030862707644701 
0.003036072943359613 -0.04174282774329185 -0.006129421293735504 
-0.002770179882645607 -0.01454466581344604 -0.00281715695746243 
0.001854155561886728 -0.02215885370969772 -0.01049275416880846 
-0.0003939157468266785 -0.038713738322258 -3.895716508850455e-05 
0.004468365106731653 -0.001065459568053484 -0.009249298833310604 
0.002623708918690681 0.0003374461666680872 -0.003658901434391737 
-0.005191806703805923 -0.03472641110420227 -0.003015726339071989 
-0.002714964561164379 -0.03824957832694054 -0.01012293435633183 
0.009203916415572166 -0.003153009572997689 -0.00563059002161026 
0.006634141318500042 -0.02609044685959816 -0.001121087814681232 
-0.003783101215958595 -0.04091859236359596 -0.001063221483491361 
-0.000855513266287744 -0.02330668270587921 -0.001021164702251554 
0.0008703430648893118 -0.03207754716277122 0.0004075377073604614 
-0.003676120424643159 -0.008942597545683384 -0.006046605296432972 
-0.002814136445522308 -0.0160391554236412 -0.005489230155944824 
4.243943840265274e-05 -0.02083207666873932 -0.009771952405571938 
-0.003042936790734529 -0.01476125232875347 -0.005465364549309015 
0.001104626688174903 -0.003404448740184307 -0.003761447966098785 
0.008421457372605801 -0.007254512049257755 -0.006140619050711393 
-0.003780108178034425 -0.003004780039191246 -0.006319819018244743 
0.005163722671568394 -0.01836470142006874 -0.01016015931963921 
0.009952131658792496 -0.002464564517140388 -0.004964552354067564 
-0.002749861450865865 0.002376970602199435 -0.007430172991007566 
0.00225722836330533 -0.0003840424178633839 -0.003678940469399095 
-0.003148544579744339 -0.03872895985841751 -7.77549430495128e-05 
0.002157527953386307 -0.02613965608179569 -0.01047070138156414 
0.001437805709429085 -0.0168220866471529 0.0003968008095398545 
3.842077785520814e-05 -0.01406045816838741 -0.00996815413236618 
0.008288820274174213 -0.02178755588829517 -0.007449460681527853 
-0.003178503829985857 0.0009162118658423424 -0.007068411447107792 
0.002014267491176724 0.005026372149586678 -0.008050000295042992 
0.003699332475662231 -0.02669876255095005 0.0001931178558152169 
-0.001555272145196795 -0.03473198413848877 0.0004807001387234777 
0.006112911738455296 -0.003337693167850375 -0.00374157028272748 
-0.002255203668028116 -0.01211406011134386 -0.001511465176008642 
0.001091572223231196 -0.01645047590136528 -0.01030229218304157 
-0.001587794627994299 -0.02753284946084023 -0.01018814463168383 
0.00547146238386631 -0.009814118966460228 -0.01055820286273956 
0.009116682223975658 -0.01430332846939564 -0.001886269776150584 
-0.00284291454590857 -0.0254852157086134 -0.002786525525152683 
0.002292104996740818 -0.01481600571423769 0.0005076845409348607 
-0.004180047661066055 -0.0355704203248024 -0.009384792298078537 
0.001117172767408192 -0.02210738137364388 -0.01049782987684011 
-1.255518873222172e-05 -0.01603049412369728 -0.0001734505058266222 
0.009717783890664577 -0.00406532408669591 -0.0008597287815064192 
8.484792488161474e-05 -0.01110363006591797 -0.01017501763999462 
-0.003219039645045996 -0.03267960995435715 0.0001946338743437082 
0.006354058161377907 -0.02737870439887047 -0.008518650196492672 
0.007427634205669165 -0.02099636569619179 -0.009118527173995972 
0.004274486564099789 -0.02765413746237755 -0.009878593496978283 
-0.001493818475864828 -0.0053185666911304 -0.0002958065015263855 
0.00530697125941515 -0.003804278559982777 -0.01101984735578299 
0.004195527173578739 -0.03696419298648834 -0.006570507306605577 
0.002628060523420572 -0.01336651667952538 0.0005531253991648555 
0.008582037873566151 -0.00738916452974081 -0.004010394215583801 
0.001673079328611493 0.004647298716008663 -0.001950000179931521 
-0.0015900389989838 -0.02602393180131912 -0.009542394429445267 
-0.001130584278143942 -0.003956746309995651 -0.009586888365447521 
0.003608808619901538 -0.03815590962767601 -0.007669794373214245 
-0.00439946074038744 -0.04139403253793716 -0.00723428837954998 
-0.002724925987422466 -0.02480700612068176 -0.003541707992553711 
0.00018415974045638 0.001441313768737018 -0.007017537951469421 
-0.003905339865013957 -0.0370718240737915 -0.0004388871020637453 
0.002950280904769897 -0.002936562756076455 -0.01022999733686447 
0.002144326455891132 0.006491710431873798 -0.008050000295042992 
0.005097689107060432 -0.01476586703211069 0.0003198509220965207 
-0.001036771456710994 -0.04011766985058784 -0.0001858705800259486 
-0.0002467287704348564 0.002033285098150373 -0.00344999972730875 
0.006799601018428802 -0.002053422853350639 -0.01090491190552711 
0.001486401772126555 0.001226241933181882 -0.006360027939081192 
0.001266945968382061 -0.04484154656529427 -0.004114319104701281 
-0.001076534623280168 -0.03070206940174103 -0.01062594819813967 
0.007231855764985085 -0.006411049515008926 0.0004083678941242397 
0.004684370942413807 -0.0001089608849724755 -0.008050000295042992 
0.000291632633889094 -0.01536962669342756 2.80668718914967e-05 
-0.001131870783865452 -0.02396169677376747 -0.008898774161934853 
0.004985168110579252 0.007784346118569374 -0.006914741359651089 
0.009752009063959122 -0.01346456538885832 -0.004506045021116734 
-0.002454086672514677 -0.01282786950469017 -0.008148342370986938 
-0.004003093112260103 -0.03678947687149048 -0.0005318341427482665 
6.14618111285381e-05 -0.02839259430766106 0.0006010949146002531 
-0.002362813334912062 -0.0331089049577713 0.0005196352722123265 
0.004057252313941717 -0.03780560195446014 -0.006085911300033331 
0.006715445313602686 0.005875465925782919 -0.008050000295042992 
0.001000930555164814 0.001834018970839679 -0.006550000514835119 
0.007371890358626842 -0.01937016099691391 -0.0006804084405303001 
-0.0002078572433674708 0.001461540115997195 -0.002842697314918041 
0.001541791367344558 -0.03100062906742096 -0.0103347972035408 
-0.004816773347556591 -0.03125762194395065 -0.007066116668283939 
0.0008395990589633584 0.001226473366841674 -0.003400126472115517 
0.008199277333915234 -0.006758792325854301 -0.006177266128361225 
0.003414454404264688 -0.005948096979409456 -0.01096082478761673 
0.002092598704621196 -0.005453476682305336 -0.006188992410898209 
0.00876164436340332 -0.0146695002913475 -0.008624766953289509 
0.002054883632808924 -0.007590091787278652 0.0008126175962388515 
0.00582495890557766 -0.003674614941701293 -0.00624864874407649 
0.002410126384347677 -5.731034616474062e-05 -0.006330087315291166 
0.003051756415516138 -0.02938695996999741 -0.01002325862646103 
0.001079075736925006 -0.004377480130642653 -0.006213224958628416 
0.009950339794158936 -0.01129589043557644 -0.00369647704064846 
0.001369656529277563 -0.00825720839202404 -0.01068808231502771 
0.0008420331869274378 -0.04067144170403481 -0.0093435263261199 
-0.003405561204999685 -0.01165401563048363 -0.003770451294258237 
-0.001671260455623269 -0.02832736074924469 0.0003649235586635768 
-0.003408843418583274 -0.009842440485954285 -0.006955903023481369 
0.009203856810927391 -0.006987513974308968 -0.0007303383899852633 
0.001894751214422286 0.003751109354197979 -0.0019500000635162 
0.005400278139859438 -0.00375336455181241 -0.003754932433366776 
0.006935086101293564 -0.01787422969937325 -0.009657800197601318 
-0.0004205998848192394 -0.03636184707283974 0.0002670905960258096 
0.00604739086702466 -0.004560915753245354 -0.003773530945181847 
0.009981627576053143 -0.003258779644966125 -0.008936271071434021 
0.0005302637000568211 -0.04504359886050224 -0.006609715521335602 
0.006699013989418745 0.004296200815588236 -0.001950000179931521 
0.004781276918947697 -0.0008577123517170548 -0.009414109401404858 
-0.0006258428911678493 -0.01541004609316587 -0.009485050104558468 
0.0007513053133152425 -0.03476523235440254 0.0002462137490510941 
0.001782950712367892 0.003798303892835975 -0.003449999960139394 
-0.003170102834701538 -0.02597586065530777 -0.007005240768194199 
-0.001916215289384127 -0.04165767878293991 -0.009544127620756626 
0.009026112034916878 -0.017383037135005 -0.002954154275357723 
0.00651060976088047 -0.003767288755625486 -0.006248729303479195 
-4.656553210224956e-05 -0.04520814120769501 -0.004491646774113178 
0.003050090977922082 -0.009916177019476891 0.0007126042619347572 
0.01015781611204147 -0.006077557802200317 -0.001986411400139332 
0.0006521344766952097 -0.005858843214809895 -0.0106871984899044 
-0.003628568258136511 -0.01037385128438473 -0.005348462611436844 
0.003665074473246932 -0.03929814696311951 -0.006140411831438541 
-0.002812323626130819 -0.01358297932893038 -0.002586105139926076 
-0.00291659845970571 -0.03736843541264534 -0.01016778126358986 
-0.003144352696835995 -0.01406507380306721 -0.005921918898820877 
-0.001067161094397306 -0.003962797578424215 -0.001073648454621434 
0.00163502583745867 -0.006641438230872154 0.0008295255247503519 
0.008303442969918251 -0.003445714712142944 0.0002327179245185107 
0.007351279724389315 -0.004615591838955879 0.0005187341012060642 
-0.004373157396912575 -0.03250005841255188 -0.001237359130755067 
0.003388199023902416 0.005989734083414078 -0.007419836707413197 
-0.005332811269909143 -0.03392727673053741 -0.003837855532765388 
0.005694659892469645 0.002841955283656716 -0.006550000049173832 
0.004044882021844387 -0.03797619044780731 -0.005602241493761539 
-0.002037599217146635 -0.001827142667025328 -0.001950000179931521 
0.00110125623177737 -0.02864127978682518 0.0005083148134872317 
0.004347106441855431 -0.001934971776790917 0.001280755386687815 
0.001887141494080424 -0.04310983791947365 -0.002019125735387206 
0.00336158717982471 -0.002468337304890156 0.000465966877527535 
-0.001772824092768133 0.002963276114314795 -0.0019500000635162 
-0.004213545471429825 -0.02777895890176296 -0.004948866087943316 
0.007017333060503006 -0.0005918660317547619 0.00012043776223436 
0.009963558986783028 -0.00839515682309866 -0.00217995815910399 
0.003696493338793516 0.001516084070317447 -0.003624447854235768 
0.007420583162456751 0.001232227543368936 -0.002606196794658899 
-0.005191786214709282 -0.03652128577232361 -0.002959947800263762 
0.001261140452697873 -0.002222884446382523 -0.006269761826843023 
0.005609717685729265 -0.01801309362053871 7.639350951649249e-05 
0.003651191713288426 -0.00385953183285892 -0.01113936305046082 
0.00670966599136591 -0.005058032460510731 -0.00621597608551383 
-0.003834406845271587 -0.007440757472068071 -0.005623859819024801 
-0.0009686521952971816 -0.01850184425711632 -0.00141303357668221 
0.001441353349946439 -0.01651065424084663 -0.01039354130625725 
0.003509197849780321 0.002622232306748629 -0.00344999972730875 
-0.0006071805255487561 -0.001333083957433701 -0.007258766330778599 
0.007248503621667624 -0.01853817328810692 -0.009451981633901596 
-0.003254733514040709 -0.009684748947620392 -0.002641464350745082 
-0.001666193595156074 -0.02013572119176388 -0.005865292623639107 
-0.0004690689966082573 -0.02459502220153809 -1.914363019750454e-05 
-0.002181361662223935 -0.01658311113715172 -0.00237529631704092 
0.005246107932180166 -0.01298827398568392 -0.0103961294516921 
0.007897271774709225 -0.002761672250926495 -0.006279833614826202 
0.005889852065593004 0.001296464935876429 -0.003622195916250348 
-0.001580961630679667 -0.01550557930022478 -0.008706488646566868 
-0.001801278442144394 -0.04003890603780746 -0.0001324254262726754 
0.008456571027636528 -0.008502218872308731 -0.004580873530358076 
0.004663597792387009 -0.001009619561955333 -0.01036075409501791 
0.003651684150099754 -0.003587095299735665 -0.01116517838090658 
-0.005245855078101158 -0.03893140703439713 -0.004188777413219213 
0.00067768560256809 -0.02441486343741417 0.000569699564948678 
-0.003420736640691757 -0.01226048264652491 -0.004879064857959747 
0.002177763730287552 -0.003438201732933521 -0.008578484877943993 
0.002194671425968409 0.0005374799366109073 -0.008050000295042992 
0.001133807585574687 0.003745382884517312 -0.0019500000635162 
0.006458749063313007 -0.02329310402274132 -0.009498080238699913 
0.003555449657142162 -0.005070449318736792 -0.006204225588589907 
-0.0009071623208001256 -0.02425928972661495 -0.00062940624775365 
0.006541166454553604 -0.008661463856697083 -0.005985848605632782 
-0.002100917976349592 -0.002705461345613003 -0.001949999947100878 
0.005435326602309942 -0.03192596510052681 -0.004073891788721085 
0.004759079776704311 -0.006004746071994305 -0.00618435675278306 
-0.002267893869429827 -0.04477197304368019 -0.005740610882639885 
-0.001578489202074707 -0.02221262454986572 -0.003289652056992054 
0.003161688335239887 -0.0275401696562767 -0.01021186821162701 
0.000369795598089695 -0.002991618821397424 -0.004771077074110508 
0.009299161843955517 -0.01709090359508991 -0.005014799535274506 
0.001895832130685449 -0.01063922233879566 0.0006078088190406561 
-0.0004378835728857666 -0.02739390172064304 -0.01059184782207012 
0.001660342095419765 -0.004860590677708387 -0.003797198180109262 
-0.002743314485996962 -0.01623409427702427 -0.004040447529405355 
0.002122682053595781 -0.03030529990792274 -0.01021444424986839 
0.0003792224451899529 -0.02741491235792637 -0.01059894636273384 
0.003512574825435877 0.007858769036829472 -0.006965682376176119 
-0.003052566666156054 -0.03159689903259277 -0.01020534709095955 
-0.001743936794809997 -0.04504391923546791 -0.005273059010505676 
0.0009566857479512691 0.006811585277318954 -0.007005192339420319 
0.01017176453024149 -0.00747948931530118 -0.007469204720109701 
0.0005282507045194507 -0.004273503553122282 -0.005532009061425924 
0.004853478632867336 0.007819859310984612 -0.007152363192290068 
0.009711934253573418 -0.002287323586642742 -0.004628164693713188 
0.00835809763520956 -0.004173919092863798 -0.003755122423171997 
0.003617914393544197 -0.02789855375885963 6.542516348417848e-05 
-0.002196655608713627 -0.02364979311823845 -0.005997053813189268 
0.005663191433995962 0.004046904854476452 -0.003449999960139394 
0.006333900149911642 -0.002101055113598704 -0.00629130145534873 
0.000491839018650353 -0.04509149491786957 -0.003690021811053157 
0.007140274159610271 0.005481792613863945 -0.007431794423609972 
0.003957819659262896 -0.02647607214748859 0.0001514736650278792 
-0.00489093828946352 -0.03203375637531281 -0.007213906850665808 
0.005312243942171335 -0.03011667728424072 -0.001820876030251384 
0.005356408655643463 0.001452369033358991 -0.003620085772126913 
-0.0002858329971786588 -0.03156612068414688 0.0005628170329146087 
0.007678456604480743 -0.02463300153613091 -0.002183262724429369 
0.00564931146800518 -0.02633761614561081 -0.00955490954220295 
0.00144435022957623 -0.0001253627997357398 -0.002021810738369823 
-0.0005397843196988106 -0.002270717639476061 -0.008050000295042992 
0.006366827990859747 0.006397450808435678 -0.0019500000635162 
0.002528046956285834 0.001259735552594066 -0.00636467058211565 
0.005712124053388834 -0.003613112261518836 -0.006249834783375263 
0.003591702785342932 -0.03194037452340126 -0.000611213908996433 
0.006353254895657301 -0.01839115843176842 -0.009854985401034355 
0.009657234884798527 -0.006592665333300829 -0.001169069553725421 
0.00116662762593478 -0.01561295054852962 0.0003439263673499227 
0.002591477008536458 0.00704432325437665 -0.003450000192970037 
-0.001495265401899815 -0.04049137979745865 -0.009767709299921989 
0.009270515292882919 -0.01536066550761461 -0.002892384305596352 
0.01046296954154968 -0.004494897089898586 -0.007658922113478184 
0.001143874134868383 -0.006034492515027523 -0.004821074195206165 
0.003771123243495822 -0.02387584187090397 -0.01027471013367176 
-0.001049242913722992 -0.001046516699716449 -0.00289866141974926 
0.000634113559499383 -0.006671407725661993 0.0006354643846862018 
0.01061136182397604 -0.005667604506015778 -0.006404484622180462 
0.0006532293627969921 -0.001585485995747149 -0.008050000295042992 
0.0007366362842731178 -0.00522545212879777 -0.006104654166847467 
-0.003501036204397678 -0.04148555546998978 -0.0009518004953861237 
-0.004094663076102734 -0.03953822702169418 -0.008936449885368347 
0.008603274822235107 -0.001675022067502141 -0.009626953862607479 
0.01089036092162132 -0.003710501827299595 -0.003936318214982748 
-0.003761866129934788 -0.04300274699926376 -0.003087025135755539 
-0.002604383276775479 -0.04019324481487274 -0.0001813907583709806 
0.01030779723078012 -0.007642854005098343 -0.003106936346739531 
0.006609463598579168 0.004391954746097326 -0.006550000049173832 
0.004936786368489265 -0.01785507053136826 -0.01021439395844936 
0.01053831726312637 -0.006147084292024374 -0.003477644640952349 
-0.003648705314844847 -0.04254613444209099 -0.001761642284691334 
0.009332334622740746 -0.01623635925352573 -0.006143447477370501 
0.01036758441478014 -0.002890573348850012 -0.003978035878390074 
0.007708481512963772 -0.00101849646307528 -0.009941376745700836 
-0.005450500641018152 -0.0363410972058773 -0.005455448292195797 
-0.002768556121736765 -0.04161407425999641 -0.0005552041111513972 
0.003839656943455338 -0.005153212230652571 -0.00620310939848423 
-0.002815262647345662 -0.03379096835851669 -0.01039792038500309 
0.0002932625357061625 0.003286512102931738 -0.008050000295042992 
-0.0005720132612623274 -0.02727030217647552 0.0005667080404236913 
0.003358947578817606 -0.009179229848086834 0.0007531519513577223 
-0.0009712186874821782 -0.0429089143872261 -0.009157655760645866 
-0.005137104075402021 -0.03839042782783508 -0.006812022998929024 
0.0003010582877323031 -0.04202000796794891 -0.0007673454820178449 
0.002601668937131763 -0.03202633932232857 -0.00990454014390707 
0.002772562205791473 8.046242874115705e-05 -0.008050000295042992 
-0.003521554172039032 -0.03857958316802979 -0.009723464027047157 
0.003419451881200075 0.006037944462150335 -0.006664367392659187 
0.00640560919418931 -0.02452181838452816 -0.009410657919943333 
0.001716405502520502 -0.03030224516987801 0.0003338863898534328 
0.007163155823945999 -0.02260368503630161 -0.0008695023134350777 
-0.0009467300260439515 -0.0267140232026577 0.0003467657952569425 
0.003347084857523441 -0.002317653968930244 -0.008456738665699959 
-0.001892874483019114 -0.03967655077576637 -0.009938645176589489 
0.007479522842913866 -0.00668878760188818 -0.01030285563319921 
0.01064861565828323 -0.005128094926476479 -0.006565255112946033 
-0.004656118806451559 -0.0341881737112999 -0.008491748012602329 
-0.003503304440528154 -0.01149436086416245 -0.00562749058008194 
-0.001527915359474719 -0.01077856309711933 -0.0007058008923195302 
0.0071805315092206 -0.02718825824558735 -0.003589874133467674 
0.002375011099502444 -0.03723450377583504 -0.0007223549764603376 
0.00341594684869051 -0.04009434580802917 -0.003579410258680582 
0.0005470915348269045 -0.02803423628211021 -0.01057972572743893 
0.005397411994636059 -0.0005530873313546181 -0.0001736290287226439 
-0.003826333442702889 -0.03601150587201118 -0.0002508974866941571 
0.005621216725558043 -0.001267501153051853 0.001191637478768826 
0.007130556274205446 -0.01378050819039345 -0.009875530377030373 
0.001942002796567976 -0.03547448664903641 -0.0002080935519188643 
0.003088599303737283 -0.001186858164146543 -0.008050000295042992 
0.0007895083399489522 -0.03882034868001938 -0.009709113277494907 
0.001812201226130128 -0.03295062482357025 0.0001157459482783452 
0.002394928829744458 -0.02304699644446373 0.0004641222476493567 
-0.003859627293422818 -0.006995923351496458 -0.005524282343685627 
0.009085836820304394 -0.01343215256929398 -0.008383540436625481 
-0.003431077580899 -0.01217009872198105 -0.005140267312526703 
0.0008345501264557242 0.003619546536356211 -0.008050000295042992 
0.003150608390569687 -0.03852633014321327 -0.001704401336610317 
0.0002504517906345427 -0.02384226210415363 0.0003542911435943097 
-0.003229937981814146 -0.005043830722570419 -0.0020875025074929 
-0.001998267602175474 -0.006690874695777893 -0.009223401546478271 
0.003824216779321432 -0.001794149051420391 -0.01027053128927946 
0.0105284983292222 -0.006448060739785433 -0.003658274421468377 
0.002044422086328268 -0.01785634830594063 -0.01044175866991282 
0.01027829479426146 -0.003666586708277464 -0.008388432674109936 
-0.001230454072356224 0.002040933119133115 -0.006550000049173832 
-0.001939820940606296 -0.03061191737651825 0.0005797744379378855 
0.00589743722230196 0.0005013629561290145 -0.008049999363720417 
-0.004291808232665062 -0.02806856855750084 -0.004699971526861191 
0.005421381443738937 0.002309724688529968 -0.0019500000635162 
-0.001523145707324147 -0.02075847424566746 -0.00348615855909884 
0.01034029759466648 -0.0034459731541574 -0.008296400308609009 
0.007126821205019951 -0.006741412915289402 -0.006173830945044756 
-0.005434311926364899 -0.03678902238607407 -0.005419448018074036 
0.0100193889811635 -0.01120956428349018 -0.004135001916438341 
-0.001528385444544256 -0.01994511298835278 -0.006732805166393518 
0.008910145610570908 -0.004761690273880959 -0.009741439484059811 
-0.0001868832041509449 -0.04503371566534042 -0.006855935323983431 
0.01018141489475965 -0.006979826837778091 -0.002352865878492594 
0.009372729808092117 -0.01598702557384968 -0.003896317444741726 
0.002695958130061626 -0.008407952263951302 0.0008071594638749957 
0.001495034550316632 0.003746709553524852 -0.008050000295042992 
-0.000717831077054143 -0.02055003307759762 -0.008700037375092506 
0.008654325269162655 -0.02128495089709759 -0.005874484311789274 
0.001274106092751026 -0.00577878812327981 0.0008333575096912682 
0.001314736669883132 -0.0006521086907014251 -0.003438608255237341 
0.001647365163080394 -0.003763118991628289 -0.009060545824468136 
-0.002032848307862878 -0.03177568688988686 0.0005726634990423918 
0.005434049759060144 -0.01690753363072872 0.0001656823442317545 
-0.001887748017907143 -0.03838639706373215 -0.01012151688337326 
0.00222157989628613 0.001854299800470471 -0.0019500000635162 
0.008876643143594265 -0.00549550075083971 -0.004112082067877054 
0.0004267015028744936 -0.04030747711658478 -0.009537572041153908 
0.00900571420788765 -0.01472391840070486 -0.00177109963260591 
0.004207979887723923 -0.02627841383218765 0.000102545804111287 
0.002648540306836367 -0.03322780504822731 -0.0002478629467077553 
0.001979321008548141 -0.003622474614530802 -0.0005985322641208768 
-0.003338110167533159 -0.03259126096963882 -0.01010595262050629 
0.001381487003527582 -0.003407822223380208 -0.0019500000635162 
0.00636717164888978 -0.0003514096606522799 -0.009629423730075359 
0.005965663120150566 -9.573702118359506e-05 -0.006341973319649696 
0.001287799444980919 -0.0296538919210434 -0.01043628714978695 
0.003716254839673638 0.007838984951376915 -0.003449999960139394 
0.007617882452905178 -0.0264405868947506 -0.0052769985049963 
-0.002789608901366591 -0.02691280841827393 -0.008602499030530453 
-0.0005552885122597218 -0.04485134035348892 -0.002599249593913555 
0.003626219928264618 -0.01439122762531042 0.0004805620119441301 
-0.001216168981045485 -0.01926258020102978 -0.00791437178850174 
0.009250757284462452 -0.01713037490844727 -0.005752620287239552 
0.001817834097892046 0.005015202332288027 -0.008050000295042992 
-0.005459947045892477 -0.03585109859704971 -0.005123639479279518 
-0.00250645074993372 -0.0004162095719948411 -0.004564552567899227 
0.002754041459411383 -0.01173178479075432 0.0006117261946201324 
-0.001751516712829471 -0.01776830479502678 -0.007730220444500446 
0.007458406966179609 0.0002425434940960258 -0.00234659481793642 
-0.001948861638084054 -0.02319905161857605 -0.006447575055062771 
-0.000229047000175342 -0.04509845748543739 -0.006606524344533682 
-0.0009341983823105693 -0.002932874485850334 -0.008050000295042992 
0.00607921602204442 -0.001006003352813423 -0.01114613562822342 
0.004978933837264776 0.003797033336013556 -0.006730666849762201 
0.005519945174455643 0.0004135658673476428 -0.00635356642305851 
0.0008489149622619152 -0.01347247138619423 -0.01030857488512993 
0.009043952450156212 -0.003667198587208986 -0.006171666085720062 
0.001568261301144958 -0.04361215233802795 -0.002055491786450148 
0.004983311519026756 -0.03363563492894173 -0.003619476919993758 
0.005810216534882784 0.006129835266619921 -0.00676272064447403 
-0.0013204988790676 -0.03449850156903267 -0.01048572454601526 
0.006184119265526533 0.003191448282450438 -0.008050000295042992 
0.00379181862808764 -0.002610850846394897 -0.006268869619816542 
0.003776006167754531 -0.002965440973639488 -0.01121542882174253 
0.00191783788613975 0.001332913408987224 -0.006439930759370327 
0.003024341072887182 -0.01956167072057724 0.0004088433342985809 
0.002481414936482906 -0.002885473426431417 -0.003743000328540802 
-0.003171790391206741 -0.02918306924402714 -0.0006384469452314079 
-0.003553480375558138 -0.03896989673376083 -0.009633131325244904 
-0.004374416079372168 -0.03013770282268524 -0.002378271892666817 
0.008104093372821808 -0.005656755529344082 -0.003794498275965452 
0.002481567207723856 0.001121953362599015 -0.00363907078281045 
0.002219716552644968 -0.01267368160188198 0.0005710519617423415 
0.005735098849982023 0.001667561824433506 -0.006386867258697748 
0.0005898678209632635 -0.00477197952568531 -0.005891370121389627 
0.001539820805191994 -0.03969535231590271 -0.0007487699622288346 
0.0038380092009902 -0.03782645240426064 -0.002869720570743084 
0.0001136777427745983 -0.01705207116901875 -0.0001649558980716392 
0.0008356751641258597 0.001213110401295125 -0.003113579470664263 
0.005284663289785385 -0.001484546693973243 -0.006303488276898861 
0.003395145991817117 -0.0318513922393322 -0.0004757107235491276 
0.006219597067683935 -0.01692035794258118 -0.009970145300030708 
0.00475202826783061 -0.007790656760334969 -0.005478058476001024 
0.007511132396757603 0.0003419472486712039 -0.00655018724501133 
0.009851029142737389 -0.006954275537282228 -0.001535164657980204 
0.001421813853085041 -0.002510675694793463 -0.001950000179931521 
0.005891643464565277 -0.0003454489633440971 -0.008993431925773621 
0.009412380866706371 -0.01581966131925583 -0.005928514525294304 
0.009895141236484051 -0.005304800346493721 -0.008732912130653858 
0.0003673925821203738 0.001431859796866775 -0.006869684904813766 
2.504126314306632e-05 -0.04114276170730591 -0.0005287474486976862 
-0.001778020174242556 -0.04286912828683853 -0.009198998101055622 
0.008154496550559998 -0.02066497132182121 -0.008295489475131035 
0.001451118616387248 -0.005479075480252504 -0.01088214665651321 
-0.003892176318913698 -0.002931149210780859 -0.005019534844905138 
0.005917338654398918 -0.02947034128010273 -0.007151856552809477 
0.006911867298185825 -0.005950628314167261 -0.003806439461186528 
-0.001467513386160135 -0.02148356661200523 -0.006738794967532158 
0.0004680503625422716 -0.02610894478857517 -0.01060058828443289 
0.002744767349213362 -0.000875637517310679 -0.001949999947100878 
0.002127408282831311 -0.03950057178735733 -0.008955067954957485 
-0.0005981808644719422 0.003274053800851107 -0.008050000295042992 
-0.003547464031726122 -0.03188035637140274 -0.0001516189659014344 
0.009937885217368603 -0.009067782200872898 -0.002371829003095627 
0.002900607418268919 -0.02303911559283733 0.0004074929165653884 
-0.001210643094964325 -0.00777742825448513 -0.0002642329491209239 
-0.003784443717449903 -0.03059208951890469 -0.0009008055203594267 
0.006060025189071894 -0.01115228980779648 -0.0103665292263031 
-0.0005071849445812404 -0.02140168473124504 -0.009068769402801991 
-0.0005944739677943289 -0.02474752068519592 -0.009917696937918663 
0.002050871960818768 -0.04404713585972786 -0.00385312968865037 
0.0003191110445186496 -0.01618668995797634 1.727088601910509e-06 
-0.000215290900086984 -0.01641899347305298 -0.0003345602308399975 
0.006932288408279419 -0.004141167737543583 -0.00624056113883853 
0.001796512748114765 0.001658579800277948 -0.008050000295042992 
-0.003531571943312883 -0.0113066453486681 -0.00547930970788002 
-0.003236442571505904 -0.02772447466850281 -0.001632064115256071 
0.0084672961384058 -0.008425455540418625 -0.005297412164509296 
0.001022238400764763 -0.01346849743276834 0.0003583727520890534 
0.003896755864843726 0.002631887793540955 -0.008050000295042992 
-0.004145671613514423 -0.02764680795371532 -0.005309056956321001 
0.004368856083601713 -0.03613085299730301 -0.006708492990583181 
-0.00287284585647285 -0.01218623854219913 -0.002338005928322673 
0.003433344420045614 0.00653461366891861 -0.0019500000635162 
0.0005846282001584768 -0.001336847431957722 -0.002935579046607018 
-0.005241952836513519 -0.03519036993384361 -0.003141461173072457 
0.003560124430805445 0.004216970875859261 -0.002664327621459961 
0.0003313025226816535 -0.002680213889107108 -0.00496887881308794 
0.007117902860045433 -0.004610088188201189 -0.003770927432924509 
0.001828891457989812 -0.005061814561486244 0.0009583040955476463 
-0.003880161326378584 -0.005692059174180031 -0.004317695274949074 
0.001311692758463323 -0.003374481806531549 -0.008050000295042992 
-0.002316384809091687 -0.0008020654204301536 -0.008050000295042992 
-0.003235863754525781 -0.04299080744385719 -0.008489000611007214 
0.009866192936897278 -0.01166888047009706 -0.003498694859445095 
-0.0005884553538635373 -0.04512747749686241 -0.003569034859538078 
-0.001868418999947608 -0.01526873372495174 -0.008438288234174252 
0.004636074882000685 -0.03538818284869194 -0.006103403400629759 
-0.00436694361269474 -0.03606200963258743 -0.009045100770890713 
0.00999938603490591 -0.00776112824678421 -0.007922970689833164 
-0.002813553204759955 -0.01607071235775948 -0.005189828108996153 
-0.002005256479606032 -0.003377439687028527 -0.008060775697231293 
0.002814619103446603 -0.02864245511591434 -0.01019231230020523 
-0.001441883388906717 0.0008142741862684488 -0.0019500000635162 
0.002275881124660373 -0.02560657076537609 -0.0104668028652668 
-0.0004023654037155211 -0.007097625639289618 -0.01023164205253124 
0.0053108767606318 -0.006243457086384296 0.0008164262981154025 
0.003326806705445051 -0.01631119288504124 0.0004365670902188867 
-0.005457444116473198 -0.03585242480039597 -0.004818618297576904 
-0.004609534982591867 -0.03142472356557846 -0.002245282754302025 
-0.0009295435738749802 -0.03618461638689041 -0.01033481676131487 
0.006007245276123285 -0.008350053802132607 -0.003871943801641464 
0.005758062936365604 -0.02178307063877583 -0.009879583492875099 
0.009710864163935184 -0.01351348031312227 -0.006017833948135376 
0.003507780842483044 -0.03700896352529526 -0.008352553471922874 
0.00397984217852354 -0.03189408779144287 -0.009116159752011299 
0.006918480154126883 0.002055864781141281 -0.003449999960139394 
0.006836405955255032 -0.02474391460418701 -0.009074069559574127 
0.007410130929201841 0.001254988368600607 -0.002429569605737925 
-0.0007803659536875784 -0.00365410977974534 -0.008050000295042992 
0.009841701947152615 -0.002469976199790835 -0.006390904542058706 
-0.001933300984092057 -0.02281740866601467 -0.005612197797745466 
0.003994159866124392 -0.03640224784612656 -0.007815653458237648 
0.003890866879373789 -0.000433771638199687 -0.001949999947100878 
0.008024724200367928 -0.007734007202088833 -1.096877895179205e-05 
-0.003724134992808104 -0.04126997664570808 -0.001110509037971497 
0.004285634495317936 -0.03061412274837494 -0.009138052351772785 
0.002615770092234015 -0.019319087266922 -0.01043798122555017 
0.006321867927908897 0.004304585047066212 -0.008050000295042992 
0.006196086294949055 0.005767684429883957 -0.0019500000635162 
-0.0006838184199295938 -0.03315200656652451 -0.01052596140652895 
0.00360380788333714 -0.03303999826312065 -0.009217569604516029 
0.005799807142466307 -0.03047550842165947 -0.00433267280459404 
-0.003876836970448494 -0.02950311079621315 -0.001676755025982857 
0.004977199248969555 -0.01545591000467539 -0.01030755322426558 
0.01083993259817362 -0.003922627307474613 -0.003770447336137295 
0.004608848132193089 -0.03399951010942459 -0.007615587208420038 
-0.00044370221439749 0.001827054191380739 -0.001949999947100878 
0.007435557432472706 -0.0268787108361721 -0.004448256455361843 
0.001296949572861195 -0.006108996458351612 -0.004741235636174679 
-0.001249706605449319 -0.02539901807904243 -0.0004254073719494045 
0.003842663019895554 -0.03669290617108345 -0.007962163537740707 
-0.0004942622617818415 -0.0359102226793766 0.0003181551292072982 
-0.004775687586516142 -0.03342465311288834 -0.001946359756402671 
-0.002141376491636038 -0.0005615875124931335 -0.001950000179931521 
0.0008418955840170383 0.004718014504760504 -0.003450000192970037 
-0.002716574817895889 -0.007087933365255594 -0.001495025353506207 
0.002311211545020342 -0.02716658264398575 -0.01041343994438648 
-0.002673646435141563 -0.01298590656369925 -0.002184446202591062 
-0.001761241583153605 -0.03570503741502762 0.0004081723745912313 
-0.001328659942373633 0.001254112343303859 -0.003449999960139394 
0.005205951631069183 -0.03295936435461044 -0.004037005826830864 
0.003337558824568987 -0.02548797428607941 0.000316163816023618 
-0.003624733537435532 -0.006818489637225866 -0.006941509433090687 
0.001333967898972332 -0.005398922134190798 0.0008740644552744925 
-0.002971827052533627 -0.01476070564240217 -0.006325209978967905 
0.0101942028850317 -0.007909979671239853 -0.007200040854513645 
0.002848027972504497 -0.0338723249733448 -0.009576993994414806 
0.0047116344794631 0.003792805830016732 -0.002335057128220797 
0.003172190394252539 0.005037900991737843 -0.002275562379509211 
0.005793187767267227 -0.02224983461201191 -0.009847654961049557 
0.007765053771436214 -0.0008297014283016324 -0.007221165113151073 
0.0004786964564118534 -0.04446500912308693 -0.002131144050508738 
0.003864328842610121 -0.02621685341000557 0.0001848031824920326 
0.005255609750747681 -0.03110371530056 -0.002339037368074059 
-0.005002221558243036 -0.03400212153792381 -0.007546242326498032 
0.0004424242360983044 -0.001431856071576476 -0.006400898564606905 
-0.004192840773612261 -0.04233548790216446 -0.004704118706285954 
0.004784905817359686 -0.03111128322780132 -0.008522458374500275 
0.007258574478328228 0.003791904076933861 -0.007945390418171883 
0.00763789052143693 -0.02367093600332737 -0.001644529518671334 
0.005559477023780346 -0.03046202287077904 -0.007182085886597633 
0.009158293716609478 -0.002631725743412971 -0.0002124252205248922 
-0.0002335813042009249 -0.02388202399015427 -0.009986854158341885 
0.007193845231086016 -0.007208232767879963 -0.006161967292428017 
0.001910799066536129 -0.003695255843922496 -0.006233930587768555 
-0.0009874892421066761 -0.03886765986680984 1.390385295962915e-05 
-0.0001064095995388925 -0.02113520167768002 -0.009635799564421177 
0.009367250837385654 -0.01038288325071335 -0.00858024787157774 
0.004556788597255945 -0.005770677700638771 -0.003810305614024401 
-0.00161375047173351 -0.02066337130963802 -0.004119428340345621 
-0.001727616647258401 -0.02194108627736568 -0.005616012029349804 
0.004941700957715511 -0.03420420736074448 -0.005542753264307976 
0.001463871682062745 0.003342632437124848 -0.006550000049173832 
0.008706605061888695 -0.006712576374411583 -0.005669917445629835 
0.009435277432203293 -0.009637551382184029 -0.001371430698782206 
-0.0005060099647380412 -0.03840183466672897 -0.010016611777246 
0.002937477547675371 -0.04225904494524002 -0.005478688981384039 
0.00872765202075243 -0.009483426809310913 -0.000612285453826189 
0.006013683043420315 0.003441473003476858 -0.008050000295042992 
0.008021642453968525 -0.00390626722946763 -0.003749400144442916 
0.007306425366550684 0.002905613277107477 -0.007911514490842819 
-0.002805086318403482 -0.02721171453595161 -0.008766180835664272 
-0.0008264866191893816 -0.004005239810794592 -0.001295055844821036 
-0.002032841555774212 -0.003614164190366864 -0.0008701778715476394 
0.0008817064808681607 0.006733834743499756 -0.00270395539700985 
0.01046113017946482 -0.005691985134035349 -0.002844586502760649 
0.005868283566087484 -0.000326118926750496 -0.00153772160410881 
0.001370169455185533 -0.02259084209799767 0.0005171478842385113 
-0.003102570772171021 -0.04400388523936272 -0.006138099357485771 
0.008726265281438828 -0.01342879794538021 -0.00114016083534807 
0.005525253247469664 -0.008906125091016293 0.0006061195745132864 
-0.004721395205706358 -0.03835118934512138 -0.001998612191528082 
0.00792044959962368 -0.01164885703474283 -0.0003128294483758509 
-0.002224586438387632 -0.01228097826242447 -0.008505608886480331 
0.009008612483739853 -0.004550929181277752 -0.00524330185726285 
0.004015545826405287 -0.01173872128129005 0.0005810476723127067 
-0.002547427080571651 0.0002836792555171996 -0.006250349339097738 
-0.004037057049572468 -0.0426957830786705 -0.005131702404469252 
-0.003300174372270703 -0.01258236076682806 -0.006168004591017962 
0.0002667604712769389 -0.04452549666166306 -0.002146080601960421 
0.005121446680277586 -0.0008053349447436631 -0.01119176764041185 
0.007699807174503803 -0.01981735788285732 -0.009025797247886658 
0.003231453476473689 -0.01388665847480297 -0.01051782630383968 
0.007722851820290089 -0.001303756376728415 -0.01069489307701588 
0.000112034467747435 -0.03804965317249298 -0.009989483281970024 
0.007537134923040867 -0.01968633383512497 -0.0008297896711155772 
-0.004919132217764854 -0.03050935640931129 -0.005301197059452534 
0.0016087566036731 0.001628032186999917 -0.008050000295042992 
0.001264580758288503 -0.02218681573867798 -0.01050798688083887 
-0.003225748892873526 -0.01330433320254087 -0.0060092993080616 
0.005861917976289988 -0.00312689458951354 -0.01101487968116999 
0.009297769516706467 -0.0147304954007268 -0.007333799265325069 
0.00361399631947279 -0.01620540209114552 -0.01041644718497992 
-0.00543607585132122 -0.03651589527726173 -0.005638971924781799 
-0.004558534361422062 -0.03826543688774109 -0.001614296110346913 
0.003751712385565042 -0.03752508014440536 -0.002282229252159595 
-0.001006017555482686 -0.04187313839793205 -0.0005371302249841392 
0.004400162026286125 -0.0317147932946682 -0.008791152387857437 
0.003677613800391555 0.006608712952584028 -0.008050000295042992 
0.001898488961160183 0.007270720787346363 -0.007809012196958065 
0.003503703745082021 -0.02306934632360935 0.0003310276078991592 
-0.004684440791606903 -0.03041009604930878 -0.003106678370386362 
-0.0004769997322000563 -0.04519488662481308 -0.004095111042261124 
0.0005296817980706692 0.002942788181826472 -0.006550000049173832 
-0.001703922520391643 -0.02355977706611156 -0.007508835755288601 
0.006125262472778559 -0.02935861609876156 -0.003586882259696722 
0.01080720033496618 -0.003398597473278642 -0.003233178053051233 
0.005822479259222746 -0.0004054787277709693 -0.0001119031294365413 
0.006645395886152983 -0.02439798414707184 -0.000717257265932858 
0.005851981695741415 -0.02981297671794891 -0.006912016309797764 
0.006069858092814684 -0.01568562537431717 -0.01006967946887016 
0.0009651273139752448 -0.01370850671082735 -0.01033508963882923 
0.006314556114375591 -0.02889678068459034 -0.006495337467640638 
0.0003848228952847421 0.002330821007490158 -0.008050000295042992 
0.001339329872280359 -0.006143755279481411 0.0008190326043404639 
0.009316286072134972 -0.005346674006432295 -0.0006293668411672115 
0.004979247227311134 -0.009494883939623833 0.0006221137009561062 
-0.001070662401616573 -0.007612662389874458 -0.009838072583079338 
0.001959880813956261 0.007198190316557884 -0.00804594624787569 
-0.003028796520084143 -0.01476943306624889 -0.005799237638711929 
0.001498947967775166 -0.005395751912146807 0.0008927570888772607 
-0.004456297028809786 -0.04166221246123314 -0.004100199323147535 
0.0005441391840577126 -0.00737377256155014 0.0005644566263072193 
0.01027139835059643 -0.008189850486814976 -0.003293283982202411 
-0.005178438499569893 -0.03924434632062912 -0.003995428793132305 
0.001704358961433172 -0.002351164817810059 -0.003731959033757448 
0.008920371532440186 -0.005182513035833836 -0.00578478304669261 
0.001190390321426094 -0.04317062348127365 -0.001495310571044683 
0.003906638361513615 -0.02959723025560379 -0.000381986319553107 
-0.003010667627677321 -0.01002319809049368 -0.007786781992763281 
0.007260264828801155 -0.02681514620780945 -0.006898083724081516 
0.005370315629988909 -0.00226491573266685 -0.01115055289119482 
0.003995377570390701 0.003934817854315042 -0.003256253898143768 
0.001266659237444401 -0.01537559740245342 0.0003787527675740421 
0.002350669587031007 -0.002611374715343118 -0.003736365586519241 
0.003370153252035379 -0.02726375684142113 -0.01019061356782913 
0.004072747658938169 -0.001378516899421811 -0.001360928756184876 
-0.003133716527372599 -0.0008793323067948222 -0.001949999947100878 
0.008870755322277546 -0.005537639372050762 -0.004670958034694195 
0.00823842640966177 -0.02394352853298187 -0.004304707050323486 
0.006463656201958656 -0.01914050616323948 -0.0002287646057084203 
0.007895143702626228 -0.02012515068054199 -0.008783329278230667 
-0.002108983928337693 -0.04299439117312431 -0.00911771971732378 
0.002443708013743162 0.007540819235146046 -0.006816930137574673 
0.002514560939744115 -0.03064547479152679 8.154653914971277e-05 
0.007470657117664814 -0.02635110542178154 -0.006730459630489349 
-0.001108273165300488 -0.01446015667170286 -0.009256560355424881 
0.01018058322370052 -0.002770607592537999 -0.003394877770915627 
-0.004164411220699549 -0.04194359108805656 -0.007511695846915245 
0.002440399024635553 -0.02965487539768219 0.0001862745848484337 
0.00307133630849421 8.203065954148769e-05 -0.001950000179931521 
-3.220186044927686e-05 -0.004152728710323572 0.0001049554266501218 
0.0009413939551450312 -0.04472862929105759 -0.007178864907473326 
0.00940217450261116 -0.01496301032602787 -0.003268937114626169 
0.006421505473554134 -0.000727616366930306 -0.003672762308269739 
-0.004296545870602131 -0.03626986593008041 -0.0008631247328594327 
0.004620921798050404 0.00254154740832746 -0.008050000295042992 
0.002706942846998572 -0.04279607534408569 -0.006156181916594505 
0.001761032035574317 0.007249788846820593 -0.006550000049173832 
0.001261771772988141 -0.01113574020564556 -0.01050867140293121 
-0.003225542604923248 0.0004362566978670657 -0.007704633753746748 
0.003986038733273745 -0.02961983717978001 -0.009572543203830719 
0.0005413187900558114 -0.004035892896354198 -0.001423233421519399 
0.005029120016843081 -0.02754921093583107 -0.009578991681337357 
0.01024012453854084 -0.008824232965707779 -0.006398017052561045 
-0.003680858993902802 -0.04321624711155891 -0.006149731576442719 
0.001037288107909262 -0.02752863056957722 0.0005485431756824255 
0.005419145803898573 0.001063858857378364 -0.006370066199451685 
-0.0004995436174795032 -0.02295185439288616 -0.0005970391212031245 
0.005644040182232857 -0.001744496054016054 -0.006298048887401819 
-0.002444475190714002 0.001622446696273983 -0.008050000295042992 
0.009265425615012646 -0.01726512424647808 -0.004786912817507982 
0.003272180212661624 7.40601826692e-05 -0.006336617283523083 
0.001376901636831462 -0.009030775167047977 0.0006373025826178491 
-0.004584047012031078 -0.04106830805540085 -0.003072833642363548 
0.0002923639840446413 -0.0345415398478508 0.0003595287271309644 
0.002423132304102182 0.0009933894034475088 -0.008050000295042992 
0.001035835826769471 -0.04486852139234543 -0.003443251131102443 
-0.002768849954009056 -0.04400914907455444 -0.002417330862954259 
0.0074229477904737 0.001073057530447841 -0.002493589650839567 
-0.003398919710889459 -0.04338983073830605 -0.007539432495832443 
0.003169968025758862 -0.03833551332354546 -0.001662622205913067 
0.001961080590263009 -0.0064322454854846 -0.004368862137198448 
0.009067179635167122 -0.004131713882088661 -0.004397006239742041 
-0.004483158700168133 -0.03381221741437912 -0.001198218786157668 
0.008206037804484367 -0.02255285158753395 -0.007302942685782909 
-0.0001657441898714751 -0.02675244212150574 0.0005919532268308103 
-0.0006374760414473712 -0.04121583700180054 -0.0004436818999238312 
0.008711710572242737 -0.006666792556643486 -0.00590846361592412 
-0.004638421814888716 -0.03980373591184616 -0.002296186983585358 
0.008466711267828941 -0.02065125480294228 -0.002585101639851928 
-0.0015303292311728 -0.03055338002741337 -0.01061181165277958 
0.00930636003613472 -0.002419766969978809 -0.004881540313363075 
0.00416684802621603 -0.01577262207865715 -0.01038023084402084 
-0.00351450452581048 -0.009927863255143166 -0.003465817309916019 
-0.004477322101593018 -0.03223560005426407 -0.001572517910972238 
-0.0002750491839833558 -0.004108675755560398 -0.000563045556191355 
-0.001558856922201812 -0.03277311846613884 0.0005731412675231695 
0.008931106887757778 -0.0191060658544302 -0.006252587307244539 
-0.003831472247838974 -0.007227679714560509 -0.005852379370480776 
8.59808933455497e-05 -0.001559115364216268 -0.001949999947100878 
0.001426077447831631 0.005721590016037226 -0.001950000179931521 
-0.002334770280867815 -0.007845954038202763 -0.001162003609351814 
0.001097465283237398 -0.03177297860383987 0.0003795133088715374 
0.005717433989048004 -0.00737428292632103 -0.003847688436508179 
0.0003559807082638144 -0.03514546900987625 0.0002882470434997231 
0.00183430127799511 -0.04059181734919548 -0.001110321143642068 
-0.004324791021645069 -0.03178412094712257 -0.008625081740319729 
-0.004295464605093002 -0.03847093135118484 -0.008839902468025684 
0.003660180140286684 -0.01136898808181286 -0.01061453483998775 
0.0001904963573906571 -0.01484504342079163 6.762167231499916e-06 
0.007606274448335171 -0.004457333125174046 -0.003765196073800325 
-0.001106750918552279 -0.03318651765584946 0.0005385921103879809 
0.007544455118477345 -0.000356111500877887 -0.003625488374382257 
-0.004502009600400925 -0.03121018782258034 -0.002071501687169075 
0.008242364041507244 -0.001261858851648867 -0.007692449726164341 
-0.004882385022938251 -0.03270205110311508 -0.007535381708294153 
-0.002598164137452841 0.001617519767023623 -0.006550000049173832 
-0.00287660863250494 -0.03077194839715958 -0.01019292045384645 
0.002466828562319279 -0.03679707646369934 -0.009307366795837879 
0.002508701756596565 -0.003923219162970781 0.001123130554333329 
-0.002608448034152389 -0.02595466561615467 -0.001882354961708188 
0.007773272693157196 -0.01012803800404072 -0.0001030770945362747 
0.01047040428966284 -0.007870364002883434 -0.005029264837503433 
-0.00157664786092937 -0.03339167684316635 0.0005470222677104175 
0.005371063482016325 0.003997233230620623 -0.002865372691303492 
-0.0007619138341397047 -0.0436943992972374 -0.001278727897442877 
-0.00160180579405278 0.004447370301932096 -0.002426339313387871 
0.004812803119421005 -0.03341184183955193 -0.002604376059025526 
0.007022380828857422 -0.0263305027037859 -0.00820118747651577 
0.00368412071838975 -0.01052010245621204 0.0006623290246352553 
-0.00241499487310648 -0.006058232393115759 -0.00112219073344022 
-0.001934773637913167 -0.02377193421125412 -0.002770618302747607 
0.007341021671891212 -0.006604615598917007 -0.003821845166385174 
-0.001609879196621478 0.0006351282354444265 -0.0019500000635162 
-0.002324260771274567 -0.04108870774507523 -0.0003402663278393447 
0.006044319830834866 -0.0148435402661562 -0.01013591326773167 
0.004609207157045603 0.006699720397591591 -0.007243778090924025 
0.005587747320532799 -0.006801078096032143 -0.01074837520718575 
0.006813708692789078 -0.0004373519914224744 -0.003663813695311546 
0.009134379215538502 -0.01818039454519749 -0.005286004394292831 
-0.0005562248989008367 -0.02767111733555794 -0.0105919111520052 
-0.001155100530013442 -0.02122077345848083 -0.002404500031843781 
0.01031067781150341 -0.007934683933854103 -0.006639327853918076 
-0.001743552275002003 0.001377473003230989 -0.00344999972730875 
0.0004655593947973102 -0.00376633764244616 -0.00536624388769269 
0.008562888018786907 -0.01545289345085621 -0.008726407773792744 
-0.003860592842102051 -0.003444622969254851 -0.004034523852169514 
0.008688178844749928 -0.006844459101557732 -0.004306203685700893 
0.007950838655233383 -0.01171913370490074 -0.009660640731453896 
0.003103076480329037 -0.02480918727815151 -0.01036596298217773 
-0.001478513702750206 9.872265218291432e-05 -0.00568159157410264 
-0.0006164120859466493 -0.02152140811085701 -0.008881089277565479 
0.001386235584504902 -0.005618532188236713 0.0008640305022709072 
0.004597615450620651 -0.005528727080672979 -0.00619611656293273 
-0.0003155326121486723 -0.02158776298165321 -0.009373006410896778 
0.006926268804818392 -0.0004693180089816451 -0.008879647590219975 
-0.001564018311910331 -0.01834061741828918 -0.002277115825563669 
0.00642046146094799 0.002041900996118784 -0.008050000295042992 
0.0103347348049283 -0.002970084547996521 -0.002326570218428969 
0.001378081156872213 -0.0318242609500885 0.0003251470916438848 
0.004266309086233377 -0.006001494824886322 -0.006182655692100525 
0.001217317068949342 0.0008629115764051676 -0.006956450641155243 
-0.001916328328661621 -0.01424774341285229 -0.008560052141547203 
0.002466792706400156 0.006618592422455549 -0.001950000179931521 
-0.002441939432173967 0.003119097091257572 -0.003209433984011412 
0.004070088267326355 -0.03491200506687164 -0.001687942072749138 
0.008140582591295242 -0.01043497212231159 -0.009678945876657963 
0.007976253516972065 -0.02230316214263439 -0.00184959766920656 
-0.001643328694626689 -0.01221158541738987 -0.0009468708303757012 
0.003313646884635091 -0.03241714462637901 -0.0005053178174421191 
0.001876245951279998 -0.004118690732866526 -0.01104562915861607 
0.0001136662758653983 -0.02913255617022514 -0.01059109717607498 
0.007347775623202324 0.003231987589970231 -0.003199734957888722 
-0.003819281468167901 -0.03438765183091164 -0.00980269443243742 
0.001747983042150736 -0.04047442600131035 -0.001024466357193887 
-0.005349510349333286 -0.03685873001813889 -0.00377141498029232 
-0.002126105129718781 -0.02374350093305111 -0.00662031676620245 
0.01026788540184498 -0.006802454590797424 -0.007401218637824059 
0.002964257728308439 -0.04202956706285477 -0.00389738311059773 
0.005785452667623758 -0.007959125563502312 -0.006137390621006489 
0.000703599420376122 0.001288879662752151 -0.003234658855944872 
0.004853281658142805 0.003785499138757586 -0.002781108021736145 
-0.001416976330801845 -0.02340752258896828 -0.008026719093322754 
-0.004601644352078438 -0.03497250378131866 -0.001325901597738266 
0.006972943432629108 -0.02258330397307873 -0.0007179658277891576 
0.004400326870381832 -0.03450949117541313 -0.002127159852534533 
0.005364783108234406 -0.003025795100256801 -0.003736192127689719 
0.001218194840475917 0.00118016276974231 -0.008050000295042992 
0.003101297188550234 0.006714246235787868 -0.001949999947100878 
0.007572623435407877 -0.01713111624121666 -0.009371587075293064 
0.00177049299236387 -0.01520783174782991 0.0004428139072842896 
-0.002812971826642752 -0.0160477701574564 -0.005469231866300106 
0.006320152431726456 0.003258123993873596 -0.006550000049173832 
0.005054792854934931 -0.02004113048315048 0.0001191972332890145 
0.00725862942636013 -0.0012392244534567 0.0008687387453392148 
-0.00195282930508256 -0.02907099016010761 0.0003850787761621177 
-0.002732703927904367 -0.01589284092187881 -0.003523664083331823 
0.008480889722704887 -0.008328152820467949 -0.005781987216323614 
0.01004754938185215 -0.00801852997392416 -0.002304034773260355 
0.004981421865522861 -0.009976536966860294 -0.01059466786682606 
0.001559647382237017 -0.004504971671849489 -0.003788340371102095 
0.001991062657907605 -0.0009086838690564036 -0.00369351077824831 
0.001247954554855824 -0.02108395472168922 0.0004742763703688979 
0.008237394504249096 -0.02388439700007439 -0.005910884123295546 
0.006702259182929993 -0.005942183081060648 -0.01060737762600183 
0.01095133647322655 -0.003612184431403875 -0.00475533539429307 
0.01019779220223427 -0.004619537852704525 -0.008319896645843983 
0.003562584286555648 -0.002096042735502124 -0.00943906232714653 
0.007589233573526144 -0.02624194882810116 -0.003709177020937204 
0.0006924485205672681 -0.02384347096085548 -0.01053301990032196 
0.002156543312594295 0.002743101213127375 -0.0019500000635162 
-0.002226045588031411 -0.02808273397386074 -9.663170203566551e-05 
0.00139479071367532 0.0004544368712231517 -0.007176299579441547 
0.009226999245584011 -0.006199673283845186 -0.00934955757111311 
-0.003165828064084053 -0.0434160977602005 -0.001930700615048409 
0.007805513683706522 -0.005140115041285753 -0.003782181534916162 
-0.002083082217723131 -0.01353162154555321 -0.008482213132083416 
0.001596362795680761 0.004366137553006411 -0.003449999960139394 
0.008633372373878956 -0.006418752484023571 -0.003878939431160688 
-0.005157326813787222 -0.0379389300942421 -0.006893560755997896 
-0.004834691993892193 -0.03149125352501869 -0.00712090078741312 
0.003363105235621333 -0.005924656987190247 -0.01096346508711576 
0.001892420463263988 0.0001306009362451732 -0.003666915465146303 
-0.002104981569573283 -0.03255531936883926 -0.01055596023797989 
-0.004712278954684734 -0.0370602123439312 -0.008248401805758476 
0.01036725100129843 -0.003495489247143269 -0.001782763283699751 
-0.001104814698919654 -0.0300913117825985 0.0006303999107331038 
0.002862298395484686 -0.001605381723493338 -0.0019500000635162 
0.0003970459219999611 -0.01283635199069977 0.0001797168224584311 
0.007320239208638668 -0.004328286740928888 -0.00623711384832859 
0.001795699819922447 -0.02429031953215599 0.0005216826102696359 
-9.467705967836082e-05 0.002390345092862844 -0.0019500000635162 
-0.004522080533206463 -0.03769521415233612 -0.001419579144567251 
0.006841947790235281 -0.0234704427421093 -0.0007359897717833519 
-0.00211888225749135 -0.0310816615819931 0.0005611387314274907 
0.002482303651049733 -0.003510192735120654 -0.003759198822081089 
0.01067155878990889 -0.004630160052329302 -0.003216078970581293 
0.002404344035312533 -0.001818776596337557 -0.0019500000635162 
0.001408318406902254 0.002444725017994642 -0.008050000295042992 
-0.0006918295403011143 -0.01086350437253714 -0.0001740519073791802 
-0.003681004978716373 -0.03342349082231522 -0.009900900535285473 
0.004846688359975815 -0.0001634398504393175 -0.00633616279810667 
0.008222565986216068 -0.0189799964427948 -0.008577774278819561 
0.005614385008811951 0.004092502407729626 -0.0019500000635162 
0.00288589159026742 -0.02327070385217667 0.0004046249960083514 
-0.003233605995774269 -0.002427974482998252 -0.002146201208233833 
0.0006682620150968432 -0.005384217947721481 -0.005512626376003027 
0.003227259265258908 -0.03496883809566498 -0.0008588103810325265 
0.004458154551684856 -0.03435774892568588 -0.002185093006119132 
0.004787310026586056 -0.03345833718776703 -0.002547090873122215 
-0.003364838659763336 -0.0121717918664217 -0.003941644448786974 
0.005086679477244616 -0.01151696406304836 0.0004955960903316736 
0.002625092398375273 -0.01735922135412693 0.0004448052204679698 
0.003881963668391109 -0.002859476720914245 0.001230152091011405 
-0.003179641906172037 -0.003779357299208641 -0.008004281669855118 
0.007472414523363113 0.001111723599024117 -0.00646546483039856 
-0.00077116081956774 -0.0424654521048069 -0.0006960072787478566 
0.0009014826500788331 -0.01688838563859463 -0.01024628989398479 
0.0007547780987806618 -0.04494188725948334 -0.003265173640102148 
0.005717339459806681 -0.02228596992790699 -0.0001293064415222034 
0.002869605552405119 -0.02375371009111404 0.0004030261188745499 
0.004976521246135235 -0.003291695611551404 0.001104435417801142 
0.005996071733534336 -0.03001070022583008 -0.004953717812895775 
0.002203868236392736 -0.0007082878728397191 -0.003687542863190174 
-0.001621178817003965 -0.03943569213151932 -0.009960900992155075 
0.002395494375377893 -0.0206834115087986 0.0004505941760726273 
0.007885731756687164 -0.02359155379235744 -0.002182760974392295 
0.003162230597808957 -0.0196923092007637 0.0003955157881136984 
-0.001724159112200141 -0.01930948719382286 -0.006521225906908512 
0.002059542341157794 -0.04121987521648407 -0.001412319019436836 
0.005913645029067993 -0.009491099044680595 -0.01050134748220444 
0.001116749481298029 -0.01096087787300348 -0.0104855177924037 
0.009490406140685081 -0.00566477607935667 -0.009172916412353516 
-0.0009338682284578681 -0.02117420732975006 -0.001832323498092592 
0.003148570656776428 0.001774526899680495 -0.006550000049173832 
0.003290547523647547 -0.01707868650555611 0.00042527582263574 
0.00538533553481102 -0.00537803303450346 -0.01087052188813686 
-0.0001989416778087616 0.001461080159060657 -0.002579713007435203 
-0.0006369961774908006 -0.03763397783041 -0.01014558598399162 
0.003380496986210346 0.00402371771633625 -0.006550000049173832 
0.001522645470686257 -0.04169819131493568 -0.008828876540064812 
0.01024062559008598 -0.002854500664398074 -0.002879797481000423 
0.004884620662778616 -0.005647637881338596 -0.01090268883854151 
0.007786682341247797 -0.0009492077515460551 -0.001772756688296795 
-0.000149029801832512 0.003125607036054134 -0.001950000179931521 
0.006305995397269726 0.007040675729513168 -0.006826788652688265 
0.005140752531588078 0.007737211883068085 -0.00309999892488122 
-0.003137831576168537 -0.0440191850066185 -0.005452989600598812 
-0.003515300573781133 -0.002990664448589087 -0.007289779372513294 
0.0007456911262124777 -0.002210045233368874 -0.006268227007240057 
-0.001113737234845757 -0.01195542607456446 -0.009476878680288792 
0.002386484062299132 -0.01331000588834286 -0.0105616357177496 
0.005748530384153128 -0.03074041195213795 -0.004658732563257217 
-0.00242509669624269 -0.002210394479334354 -0.008050000295042992 
-0.003846944775432348 -0.004312863573431969 -0.003884707810357213 
-9.021294681588188e-05 -0.03999730944633484 -0.009708520956337452 
-0.0003082022885791957 -0.001441679894924164 -0.004635198041796684 
0.007416613399982452 -0.02421945706009865 -0.0085580013692379 
-0.0009450328652746975 -0.02366891130805016 -0.0009563897619955242 
0.008494270034134388 -0.00765292951837182 -0.003943589515984058 
-0.003357318695634604 -0.03573489189147949 -0.01011485978960991 
0.001313566230237484 -0.04462597519159317 -0.006922830827534199 
0.002560449298471212 -0.004920249804854393 -0.006204516161233187 
-0.002421064302325249 -0.04170231521129608 -0.009493870660662651 
-0.003232266753911972 -0.01209315378218889 -0.00319621292874217 
-0.002557666040956974 -0.01117449626326561 -0.008282807655632496 
0.0005370504804886878 -0.04476971179246902 -0.002572954865172505 
-0.0008479351527057588 -0.004166570026427507 -0.01012361235916615 
0.000593331758864224 -0.02909619361162186 -0.01054512895643711 
0.00176675315015018 -0.001127189956605434 -0.006300009787082672 
0.003962120972573757 -0.02788423374295235 -4.310733493184671e-05 
-0.003791999537497759 -0.03642158955335617 -0.009755358099937439 
0.005639692768454552 -0.0004897048929706216 -0.01044384576380253 
-0.00132154964376241 -0.02397830970585346 -0.00138972292188555 
-0.001792076276615262 -0.04123606532812119 -0.009637130424380302 
0.001285599661059678 -0.00269014947116375 -0.006257732398808002 
0.006853790022432804 -0.01530854962766171 -0.0001354974665446207 
-0.002221811562776566 -0.02360783517360687 -0.005664978642016649 
0.00484310882166028 -0.003200746141374111 -0.003742619417607784 
-0.002708527725189924 -0.02779870480298996 -0.0007696644170209765 
-0.003096336033195257 -0.002226496115326881 -0.00804997980594635 
0.002075359923765063 -0.01665686257183552 -0.01045483164489269 
0.01016445085406303 -0.007551620714366436 -0.00746554508805275 
0.00859477836638689 -0.00541196670383215 -9.837745892582461e-05 
0.004398649092763662 -0.01972677931189537 0.0002492147032171488 
-0.002771280473098159 -0.0280841663479805 -0.00931828934699297 
-0.0002330326824449003 -0.02321385592222214 -0.0001870538108050823 
0.004712145775556564 -0.03533069416880608 -0.005078686401247978 
-0.000447514234110713 -0.03896497189998627 -6.876670522615314e-05 
0.003592898370698094 -0.004167794715613127 -0.006227771285921335 
-0.001667995937168598 -0.02085198275744915 -0.004953001160174608 
0.00881041307002306 -0.00596955232322216 -0.004171094391494989 
0.006673030089586973 -0.001166706206277013 -0.003683238523080945 
-0.002468814142048359 5.662492549163289e-05 -0.001950000179931521 
0.0051917415112257 0.0007840711623430252 -0.006361985579133034 
0.002017430495470762 -0.006459671072661877 -0.004991389811038971 
0.003980380017310381 -0.03314106166362762 -0.008875718340277672 
-0.001592976739630103 -0.02862240001559258 0.0004514507600106299 
-0.003126336261630058 -0.004683455917984247 -0.008067762479186058 
0.0004413185524754226 -0.02960211411118507 0.0005468089366331697 
-0.0002873570483643562 -0.01607215777039528 -0.009644340723752975 
-0.003649731166660786 -0.001781035563908517 -0.003380233887583017 
0.00264628091827035 -0.02253482490777969 0.0004397906013764441 
0.001334337517619133 -0.001357338973321021 -0.003707525786012411 
0.000165431818459183 -0.006135946605354548 -0.01052612252533436 
-0.003886308986693621 -0.003338450100272894 -0.004574470221996307 
0.004731998313218355 -0.003271079855039716 -0.006255153566598892 
0.001446411246433854 -0.02999575808644295 0.0003969278186559677 
0.003984429873526096 -0.0005367465200833976 -0.006323357112705708 
-0.004691874608397484 -0.04117070883512497 -0.005267009139060974 
-0.0009681666269898415 -0.003981439862400293 -0.008901296183466911 
0.0004965466214343905 0.006503582000732422 -0.002313584322109818 
0.004909781739115715 -0.03336306288838387 -0.002931494498625398 
-0.002397775882855058 -0.01665385998785496 -0.007066633086651564 
0.004565455950796604 0.003800346748903394 -0.00681590661406517 
-0.003381729358807206 -0.02646329626441002 -0.007053358014672995 
0.004051865078508854 -0.0370759442448616 -0.007086252793669701 
0.009983791038393974 -0.004491299390792847 -0.001266844337806106 
-0.00142253702506423 0.001750048599205911 -0.001949999947100878 
-0.003114417195320129 0.001184946158900857 -0.002768870443105698 
0.005793907213956118 -0.0004646842717193067 0.0007811762625351548 
-0.002046359470114112 -0.0243314653635025 -0.002400593832135201 
-0.002098487690091133 -0.01419369131326675 -0.008367263711988926 
-0.001425162889063358 -0.02142193354666233 -0.003132796380668879 
-0.002010874915868044 0.00196462357416749 -0.008050000295042992 
-0.00212861830368638 -0.04417597129940987 -0.007990309037268162 
0.008184879086911678 -0.001355244312435389 -0.000228938355576247 
0.004640427883714437 -0.01410757191479206 0.0004104072868358344 
0.005952628329396248 -0.008375015109777451 -0.004721688572317362 
0.0006533851847052574 -0.0276557132601738 -0.01058234553784132 
0.003956138156354427 0.00138123263604939 -0.006372995674610138 
0.00892113521695137 -0.004957063123583794 -0.003942691255360842 
0.0003675534389913082 -0.01620544120669365 -0.01001951657235622 
0.001905416138470173 -0.004169960506260395 0.00104906817432493 
0.004354524426162243 -0.03116046823561192 -0.001038564834743738 
0.00435578590258956 -0.03026154823601246 -0.009172970429062843 
-0.003985030110925436 -0.0423700138926506 -0.002446415834128857 
0.003368674777448177 0.001968186348676682 -0.0019500000635162 
-0.002602406777441502 -0.003603878896683455 -0.001231262111105025 
0.007758456282317638 -0.004237150307744741 -0.01040128711611032 
0.002415129914879799 -0.0399823822081089 -0.001372243044897914 
0.004145736340433359 -0.03726823255419731 -0.003609719220548868 
0.002382197417318821 -0.009247041307389736 0.0007516100304201245 
-0.002062806161120534 -0.02778890356421471 -7.597781950607896e-05 
0.006757208146154881 -0.01037994213402271 0.000254214188316837 
-0.001348723308183253 0.004836705978959799 -0.006713876035064459 
-0.002852982841432095 -0.01063821651041508 -0.007931412197649479 
0.001110177719965577 -0.02699184790253639 0.0005610050866380334 
0.007971668615937233 -0.00109792361035943 -0.008363643661141396 
0.008866284042596817 -0.01995599456131458 -0.005611591506749392 
-0.002790498081594706 -0.01620374992489815 -0.004712807945907116 
-0.003485320135951042 -0.04178886860609055 -0.001079622423276305 
-0.001016365247778594 0.001588052371516824 -0.008050000295042992 
0.002313354751095176 -0.02203834243118763 0.0004644559812732041 
0.003790286369621754 -0.0004159426898695529 -0.003674213076010346 
0.006027337163686752 -0.01734565943479538 -9.583751307218336e-06 
-0.004042546730488539 -0.03027040511369705 -0.001564999460242689 
0.00260561122559011 0.0014292768901214 -0.00651527289301157 
0.01053780969232321 -0.006299889646470547 -0.003600881434977055 
0.007252471055835485 -0.0256795734167099 -0.008176763541996479 
-0.004238785244524479 -0.03743618354201317 -0.0008940861443988979 
0.003618983551859856 -0.01548559218645096 -0.01044406183063984 
-0.0007931498112156987 -0.005453598685562611 0.0001357543806079775 
0.007171684876084328 0.001537123927846551 -0.0019500000635162 
0.004460937809199095 -0.03627968579530716 -0.005776946432888508 
0.007135783787816763 -0.0009575451258569956 0.0009324303828179836 
0.002161429030820727 -0.007161794696003199 -0.01085518673062325 
-0.001843833480961621 -0.03899950906634331 3.254185867263004e-05 
-0.003159459447488189 -0.01418711245059967 -0.005227616056799889 
-0.001621507573872805 -0.01138277444988489 -0.009160702116787434 
0.006385809741914272 -0.002396699506789446 -0.00628382246941328 
-0.0003530396497808397 -0.02696240693330765 0.0005786133115179837 
-0.001091338461264968 -0.02047703787684441 -0.007846871390938759 
0.008207270875573158 -0.01609499379992485 -0.009003493003547192 
0.004676900338381529 -0.001398860011249781 0.001285923295654356 
0.006788677535951138 -0.0197831355035305 -0.009605277329683304 
-0.004636004567146301 -0.03338073194026947 -0.001623079879209399 
0.003957465291023254 -0.02854551002383232 -0.0001793006958905607 
-0.003038056660443544 -0.01176550053060055 -0.002577357459813356 
-0.001061839051544666 -0.0214346069842577 -0.007900959812104702 
-0.001198450452648103 -0.0399605929851532 -0.009855613112449646 
0.009137887507677078 -0.006693683564662933 -0.0006336455116979778 
-0.002321707084774971 -0.04397008940577507 -0.008213110268115997 
-0.004891633987426758 -0.0318615734577179 -0.007107228972017765 
0.004475946538150311 -0.03150827437639236 -0.008759104646742344 
0.004721964243799448 -0.03517626598477364 -0.004450848791748285 
-0.004033617209643126 -0.02744643017649651 -0.005989617202430964 
0.006963049061596394 -0.007881643250584602 -0.006143666803836823 
0.009452031925320625 -0.01337978150695562 -0.002585514215752482 
0.003788238391280174 0.000736672431230545 -0.003644328331574798 
-0.002615903737023473 -0.01631179824471474 -0.006609973032027483 
0.009613702073693275 -0.01240620203316212 -0.002743140561506152 
-0.001239334815181792 -0.03105854615569115 -0.01062028203159571 
0.003194933291524649 0.005478795617818832 -0.002410574350506067 
-0.003377892542630434 -0.0003895313711836934 -0.006321147084236145 
0.004009497817605734 -0.01558432821184397 0.0003997234161943197 
-0.0003254196781199425 -0.02705047652125359 -0.01058701984584332 
-0.004431840032339096 -0.03026455640792847 -0.002448767889291048 
0.0005859902012161911 -0.004043684341013432 -0.001257011899724603 
0.001099901041015983 0.006884032860398293 -0.003259280696511269 
-0.001784933265298605 -0.01943933218717575 -0.004255526699125767 
0.00132689846213907 0.007005969993770123 -0.007328012026846409 
0.004778771661221981 -0.00120189948938787 -0.003691014368087053 
0.003544207662343979 -0.005804277025163174 -0.006185154430568218 
-0.005134194623678923 -0.03814955055713654 -0.00308561185374856 
-0.001863401615992188 0.002836613915860653 -0.008050000295042992 
0.0009111232357099652 -0.005849367007613182 -0.0047022495418787 
0.001429749536328018 -0.0112422751262784 -0.01052355580031872 
0.00675584189593792 -0.0282592736184597 -0.004586093593388796 
-0.001231340225785971 -0.03079232946038246 -0.01062883995473385 
0.008118927478790283 -0.01582649908959866 -0.009102016687393188 
0.004505438730120659 0.002641121856868267 -0.006550000049173832 
-0.004068884998559952 -0.02948141098022461 -0.002073472598567605 
-0.001455623772926629 -0.02386794611811638 -0.001718915998935699 
0.004955543205142021 -0.0005067691672593355 -0.008064337074756622 
0.009468970820307732 -0.005296553019434214 -0.0007630693726241589 
0.002788234269246459 0.001398604130372405 -0.006369214970618486 
0.008676633238792419 -0.01108208671212196 -0.009227562695741653 
0.005365623626857996 -0.0203956812620163 -0.01004401966929436 
0.001997230108827353 -0.04386239498853683 -0.007003356702625751 
-0.003031724132597446 -0.03258511051535606 0.0003140532353427261 
0.006318448577076197 -0.0200923215597868 -0.0002278393221786246 
0.002671409398317337 0.007572527043521404 -0.007545711006969213 
0.001758625614456832 -0.01601073518395424 0.0004257288237567991 
0.004527946002781391 -0.02335266210138798 -0.01013933680951595 
-0.002972173504531384 -0.03967538848519325 -0.009818017482757568 
0.002722264267504215 0.005564134567975998 -0.008050000295042992 
0.00490129180252552 -0.01297558937221766 -0.01043428387492895 
-0.003247323213145137 -0.04153954237699509 -0.009231846779584885 
0.007943909615278244 -0.01738497614860535 -0.009081132709980011 
-0.0002839550434146076 0.005874171387404203 -0.002522492781281471 
0.00605731550604105 0.006242678966373205 -0.003450000192970037 
-0.005422526970505714 -0.03642319142818451 -0.004056505858898163 
-0.0005604497855529189 -0.001382841146551073 -0.008050000295042992 
0.008039596490561962 -0.01450177375227213 -0.009322837926447392 
0.001084881601855159 0.003099315334111452 -0.0019500000635162 
-0.001617850735783577 -0.02827410772442818 0.0003768611059058458 
-0.003613739740103483 -0.001971056684851646 -0.003132836427539587 
-0.004490629769861698 -0.02877628430724144 -0.005408518481999636 
-0.004843530245125294 -0.03764069080352783 -0.007852156646549702 
0.0007102279341779649 -0.01991503313183784 0.0002131085348082706 
-0.003097940469160676 0.00108197785448283 -0.002030157716944814 
0.004072374198585749 -0.02750917337834835 -1.313134271185845e-05 
0.003195147030055523 0.002052405150607228 -0.006550000049173832 
-0.005423173308372498 -0.03696148470044136 -0.004528857301920652 
-0.00144823407754302 -0.01010348368436098 -0.009410982020199299 
0.001267081126570702 -0.04101989790797234 -0.0008913262863643467 
0.005978645756840706 0.007264627143740654 -0.007527542300522327 
0.002480947179719806 -0.03065117262303829 8.975395758170635e-05 
0.005977287888526917 0.0007846386870369315 -0.001949999947100878 
0.004763762000948191 -0.001168776536360383 -0.003690210171043873 
0.005162082612514496 -0.004003216046839952 -0.003762275213375688 
0.009823508560657501 -0.01104322262108326 -0.007109164725989103 
0.006103437393903732 -0.01831403002142906 -0.009933462366461754 
0.009359831921756268 -0.0144964475184679 -0.002801604568958282 
0.006997029297053814 0.004112265072762966 -0.003450000192970037 
-0.001777384895831347 -0.03805588930845261 0.0001635361695662141 
0.008694281801581383 -0.02099227160215378 -0.005929749459028244 
0.002155122114345431 -0.01714231632649899 0.0004521778610069305 
0.004261201247572899 -0.00689466018229723 -0.0108733456581831 
-0.003066337667405605 -0.01407803129404783 -0.003632201580330729 
-0.002321086823940277 -0.02648128755390644 -0.008954626508057117 
0.003459022380411625 -0.001336278393864632 -0.008050000295042992 
0.001552573754452169 -0.005841510836035013 -0.01086748205125332 
-0.001308805076405406 -0.003853622358292341 -0.00877034105360508 
-0.003273161128163338 -0.01315550226718187 -0.005881975404918194 
0.004973091185092926 -0.03341840952634811 -0.003244345542043447 
-0.0002462624688632786 -0.02730997279286385 0.0006046938360668719 
-0.002719651907682419 -0.02836704812943935 -0.0004959618672728539 
0.008869219571352005 -0.003051837207749486 -6.346016016323119e-05 
0.001767255365848541 -0.01966759376227856 0.000453359738457948 
0.006438116542994976 -0.01146634574979544 -0.0102660758420825 
0.004753708373755217 -0.0008516751695424318 -0.009026134386658669 
-0.0003998455649707466 -0.009011656045913696 9.866907203104347e-05 
0.008212891407310963 -0.005291415844112635 -0.00621537072584033 
-0.004012343473732471 -0.02739792130887508 -0.005906450562179089 
0.003933193162083626 -0.001559794414788485 -0.0008197312126867473 
0.01028736121952534 -0.009032252244651318 -0.005703320726752281 
0.003743720473721623 0.001840888522565365 -0.001949999947100878 
0.001944674178957939 -0.003526750253513455 -0.006238423753529787 
0.004353060387074947 0.007730102632194757 -0.008050000295042992 
-0.0002934137010015547 -0.02089435234665871 -0.009384018369019032 
0.008261503651738167 -0.002942817751318216 -0.01029303483664989 
0.006187860853970051 -0.02534623630344868 -0.0005668987287208438 
0.007912134751677513 -0.02543614245951176 -0.004752009175717831 
-0.003471900010481477 -0.01131819374859333 -0.006101789884269238 
-0.002752998843789101 -0.02477241493761539 -0.00379137322306633 
-0.004995405673980713 -0.03138315677642822 -0.006408017128705978 
0.0001438432664144784 -0.04272349178791046 -0.009079683572053909 
-0.004421155899763107 -0.03965809196233749 -0.001691043027676642 
0.008281789720058441 -0.01804879121482372 -0.001343378447927535 
0.009909716434776783 -0.002446872647851706 -0.004704678431153297 
0.007926995866000652 -0.01990370452404022 -0.008779291063547134 
0.007241907529532909 -0.007686929311603308 0.0002964579325634986 
0.0001883927034214139 -0.01453536842018366 -0.01000766269862652 
0.003365109674632549 0.001535689341835678 -0.003599262563511729 
0.0003116196894552559 0.001434737350791693 -0.00720979506149888 
0.004730479791760445 -0.007039004005491734 -0.006157430820167065 
-6.306339491857216e-05 -0.0439508780837059 -0.008470418862998486 
0.003902143100276589 -0.03765574097633362 -0.007108849473297596 
0.008709458634257317 -0.01042856741696596 -0.009283725172281265 
0.007522218860685825 -0.007227065041661263 -0.01024554390460253 
0.00436841044574976 -0.009489547461271286 -0.01068002637475729 
0.008161166682839394 -0.01045981235802174 -0.0003401311405468732 
0.001534466748125851 -0.02384824864566326 -0.01053228136152029 
-0.003868779633194208 -0.0426139235496521 -0.002433780813589692 
0.008163005113601685 -0.001207285793498158 -0.002200745046138763 
-0.002146759768947959 0.0005061025149188936 -0.008050000295042992 
0.007251102942973375 0.001168210641480982 -0.008050000295042992 
-0.003535152645781636 -0.01127814874053001 -0.004537120927125216 
0.003411631798371673 -0.0003759076062124223 -0.003674546722322702 
0.006971112452447414 0.0014031344326213 -0.006384487729519606 
-0.002635535318404436 0.002138547133654356 -0.006550000049173832 
0.005118930712342262 -0.03267962113022804 -0.003153508296236396 
-0.003885749028995633 -0.003231893526390195 -0.005418934859335423 
-0.001524953288026154 -0.007830576039850712 -0.0004721704171970487 
-0.003426251001656055 -0.01211346033960581 -0.005511293187737465 
0.00160767650231719 -0.01652000471949577 -0.01041075214743614 
-0.0005895566428080201 0.00132580182980746 -0.002409618115052581 
0.00249458895996213 -0.00123453070409596 -0.0019500000635162 
-0.003831072710454464 -0.00204287632368505 -0.005489359609782696 
-0.002417955314740539 -0.02395828254520893 -0.005088682286441326 
0.001992590259760618 -0.02736406773328781 -0.0104458536952734 
-0.00479589868336916 -0.04076562821865082 -0.005839451681822538 
0.007258770056068897 -0.000271196331596002 -0.0019500000635162 
0.004247449338436127 -0.01570528000593185 -0.01037558913230896 
0.002421930432319641 -0.006452676840126514 -0.006164271850138903 
-0.002454927889630198 0.003070263657718897 -0.007351212669163942 
-0.0022291315253824 -0.02690866403281689 -0.0006442209123633802 
0.001807512016966939 -0.03470101207494736 -5.164078902453184e-05 
-0.005439953878521919 -0.03529941663146019 -0.00532233715057373 
0.0002605563204269856 -0.002107884734869003 -0.005262328311800957 
0.002459721872583032 -0.005991588346660137 -0.01095744036138058 
0.003941563423722982 -0.03448927402496338 -0.008594417944550514 
-0.003366585820913315 -0.02786216884851456 -0.008257800713181496 
0.00360937207005918 -0.03792347013950348 -0.002193884924054146 
-0.001730519812554121 -0.01823500916361809 -0.007458842825144529 
-0.002107216278091073 -0.02744170092046261 -0.009732261300086975 
0.005649244412779808 -0.01427087001502514 -0.01026035286486149 
-0.001132349483668804 0.002332150004804134 -0.008050000295042992 
0.005648610647767782 -0.004412578418850899 -0.003771128598600626 
-0.001435468322597444 0.0003670296864584088 -0.006503462791442871 
0.007407161872833967 -0.01023223157972097 4.916229227092117e-05 
-0.00245564291253686 -0.02639739029109478 -0.001278363983146846 
0.003701241919770837 -0.002260826993733644 -0.006277618929743767 
-0.003813019022345543 -0.03461800888180733 -0.0001867712126113474 
0.006057112943381071 0.005646250210702419 -0.002088193781673908 
0.001756716752424836 0.003583617275580764 -0.006550000049173832 
0.0004287862975616008 -0.001425266498699784 -0.007258458063006401 
-0.003388865850865841 -0.0006260551745072007 -0.006225099321454763 
0.007621708326041698 -0.001586437341757119 -0.003690686542540789 
-0.0001924254029290751 -0.01727122627198696 -0.000384022860089317 
0.005739175714552402 -0.006704746745526791 -0.006169754080474377 
0.009192273952066898 -0.01544705592095852 -0.002608685288578272 
0.002676717471331358 -0.004772530868649483 0.001065097283571959 
0.01022184453904629 -0.002865637186914682 -0.007532153278589249 
0.001492278766818345 9.602156933397055e-05 -0.006330737844109535 
-0.004863397218286991 -0.03058259561657906 -0.003736807964742184 
-0.002379816025495529 -0.04004703089594841 -0.009863860905170441 
0.001483156345784664 -0.004460225813090801 -0.003787457011640072 
-0.003755991579964757 -0.03269464150071144 -0.000258924497757107 
0.001269051688723266 -0.03833711892366409 -0.009611732326447964 
0.003806319087743759 -0.03812605887651443 -0.007013714872300625 
0.0004085391701664776 0.001980180386453867 -0.001949999947100878 
0.007805193774402142 -0.004693539813160896 -0.006229398772120476 
-0.001449091825634241 0.0003533551353029907 -0.00380184524692595 
-0.004228200763463974 -0.02783137559890747 -0.005149690434336662 
-0.0003327188023831695 -0.03674688562750816 -0.01021641120314598 
0.009612511843442917 -0.009014308452606201 -0.008451950736343861 
0.009952099993824959 -0.009677495807409286 -0.007299314718693495 
0.008287858217954636 -0.01678645983338356 -0.001165112014859915 
0.008672893047332764 -0.02133700624108315 -0.004663646686822176 
0.006090724840760231 -0.01381905563175678 -0.01019536703824997 
0.009013528935611248 -0.01892474852502346 -0.004352400079369545 
-0.003996547777205706 -0.02935046330094337 -0.001989835407584906 
-0.002218051580712199 -0.03033324331045151 -0.01045320928096771 
0.009511066600680351 -0.01526365056633949 -0.005541709251701832 
0.01041534729301929 -0.006330424919724464 -0.00705429445952177 
-1.644998701522127e-05 -0.04516519233584404 -0.003852743189781904 
0.002261192537844181 -0.008277717977762222 -0.01079932600259781 
0.003114046063274145 -0.03469939157366753 -0.0007333675166592002 
0.005368875339627266 0.007070408202707767 -0.008050000295042992 
0.003742774948477745 -0.01018374972045422 -0.01068112626671791 
0.003355146152898669 -0.006555955857038498 -0.01091871131211519 
0.006022642366588116 -0.002688015811145306 0.001017954433336854 
0.001045047771185637 -0.00121465465053916 -0.008050000295042992 
0.002307302551344037 -0.003347984980791807 -0.008452689275145531 
0.007194229401648045 -0.02387293428182602 -0.008901865221560001 
-0.0003602996875997633 -0.04149607568979263 -0.009464610368013382 
-0.002863180125132203 -0.01581060886383057 -0.005166681949049234 
0.009383571334183216 -0.01341619901359081 -0.007683788891881704 
0.002532613463699818 0.005793045274913311 -0.006550000049173832 
-0.0006879606517031789 -0.005295959301292896 0.0002030531468335539 
0.007426206488162279 0.0001622083509573713 -0.001990369753912091 
-0.004803130403161049 -0.03411687165498734 -0.008128802292048931 
0.004188415594398975 0.001611918793059886 -0.008050000295042992 
0.008120719343423843 -0.00755730364471674 -0.006156272254884243 
0.004494873806834221 0.001793721690773964 -0.0019500000635162 
0.002984244143590331 0.00210556061938405 -0.0019500000635162 
0.003278993535786867 -0.02514144033193588 -0.01033294294029474 
0.004223670810461044 0.002629129216074944 -0.006550000049173832 
0.0004543764516711235 -0.002650635782629251 -0.003805637825280428 
0.003603783203288913 -0.006481069140136242 -0.003832181915640831 
0.005782466847449541 -0.02773860841989517 -0.001049909042194486 
0.001442505046725273 -0.0438314750790596 -0.002130242995917797 
-0.004737038165330887 -0.04105088859796524 -0.005126419011503458 
0.002452636603266001 -0.004786753561347723 -0.01104895491153002 
0.0008805594407021999 0.006544316187500954 -0.008050000295042992 
0.008634944446384907 -0.005019147414714098 -0.006223960313946009 
-0.0001907299738377333 0.002908778376877308 -0.003449999960139394 
-0.00452837347984314 -0.03103600069880486 -0.002231850987300277 
0.004577791318297386 -0.03534914925694466 -0.006538229994475842 
0.00704742269590497 -0.008465656079351902 -0.006128827109932899 
-0.004647971130907536 -0.03226403146982193 -0.008028811775147915 
0.005399929359555244 -0.0173234511166811 0.0001498049823567271 
0.000147813989315182 -0.03252103552222252 0.0004847805830650032 
0.01033780910074711 -0.005212899297475815 -0.007804311811923981 
0.005925302859395742 3.50448681274429e-05 -0.006345218978822231 
-0.001531754387542605 -0.009693695232272148 -0.009379099123179913 
-0.004937926307320595 -0.04024648293852806 -0.003880319651216269 
-0.0002118510892614722 0.0045099095441401 -0.006550000049173832 
-0.004370559938251972 -0.0283135287463665 -0.004836492240428925 
0.008958049118518829 -0.004912836011499166 -0.005276634823530912 
0.001553634065203369 0.002099608071148396 -0.003449999960139394 
-0.0005736246821470559 -0.0231811348348856 -0.000621979939751327 
0.003834397066384554 -0.01162995956838131 -0.01059831026941538 
-0.002354574855417013 -0.01665345020592213 -0.00718638813123107 
0.006162546575069427 -0.01096811890602112 -0.0103603582829237 
0.008886679075658321 -0.01252592448145151 -0.001178775914013386 
0.006435804534703493 -0.005905431695282459 0.0006631670403294265 
0.001679738750681281 -0.02432708069682121 -0.01053003873676062 
0.00831120740622282 -0.01231062971055508 -0.009370815940201283 
0.001302431570366025 -0.01736356131732464 -0.01037774235010147 
-0.005041050724685192 -0.03999021276831627 -0.005320471245795488 
-0.00304111372679472 -0.01132169924676418 -0.002494354033842683 
0.006586817093193531 -0.001219156663864851 -0.0110311470925808 
0.004605994559824467 0.001204101019538939 -0.00362924300134182 
0.009165837429463863 -0.01539546623826027 -0.002473167143762112 
0.01039499789476395 -0.007254428695887327 -0.003387378994375467 
-0.003512319177389145 -0.007947931066155434 -0.007142686285078526 
-0.002720722230151296 -0.02686304785311222 -0.008682710118591785 
0.003781605511903763 -0.02018588036298752 -0.01033289358019829 
-0.003063163254410028 -0.02843582257628441 -0.0008954884251579642 
-0.001720104715786874 -0.03933318331837654 -2.017175211221911e-05 
-0.002186995930969715 -0.02900241687893867 0.0002370232250541449 
0.001247746637091041 0.003997601568698883 -0.008050000295042992 
-0.001858316129073501 -0.01004934869706631 -0.009082318283617496 
0.0008923856657929718 -0.02343975938856602 -0.01054038479924202 
0.0003419736749492586 -0.006296156905591488 -0.01057657599449158 
8.081831037998199e-05 -0.0195019543170929 -0.009756417013704777 
0.005385357886552811 -0.0189327709376812 8.859300578478724e-05 
0.004759857896715403 -0.008373104967176914 0.0007168573210947216 
0.001022245618514717 -0.03703214228153229 -7.906365499366075e-05 
0.007021764758974314 -7.969756552483886e-05 -0.003653784282505512 
-0.0008496034424751997 -0.001175933051854372 -0.002342591993510723 
-0.003046483732759953 -0.04024979844689369 -0.0003163664368912578 
-0.004340251442044973 -0.03527363389730453 -0.0008570799836888909 
0.003078639972954988 -0.0296323373913765 -2.074966323561966e-05 
0.001403826172463596 -0.03537365794181824 2.270600816700608e-06 
0.007151144556701183 0.003960500936955214 -0.001950477948412299 
-0.003878871910274029 -0.04068043082952499 -0.008907273411750793 
0.006803872063755989 -0.008577755652368069 -0.01038091350346804 
0.00953898299485445 -0.01292498782277107 -0.007292719557881355 
0.009411907754838467 -0.01586764678359032 -0.005838692188262939 
0.008034465834498405 -0.02270805835723877 -0.002174528781324625 
-0.004510717932134867 -0.03434574604034424 -0.008824368938803673 
0.005343256518244743 -0.001369563397020102 -0.003693317528814077 
-0.003989738877862692 -0.03522273153066635 -0.0003864103928208351 
0.004360854625701904 -0.01972698606550694 0.0002548316260799766 
0.002922485815361142 -0.03585406020283699 -0.009177591651678085 
-0.003485775552690029 -0.03394939005374908 -0.01006767898797989 
0.002032185439020395 -0.04338376596570015 -0.002453594002872705 
0.001588445738889277 0.003214627737179399 -0.006550000049173832 
0.008115527220070362 -0.004736321046948433 -0.00622941367328167 
0.004187777172774076 -0.03546517342329025 -0.007859690114855766 
0.00210544909350574 -0.01915987767279148 0.0004581137909553945 
0.006570704746991396 -0.02848393097519875 -0.006194048095494509 
0.005750479642301798 -0.02993954531848431 -0.007121484261006117 
-0.003524262458086014 -0.01010424736887217 -0.006390356924384832 
0.007344746496528387 -0.014415068551898 -0.009726030752062798 
-0.002381484024226665 -0.009219021536409855 -0.00134008121676743 
0.004123061429709196 0.006613666191697121 -0.007280055433511734 
0.008045998401939869 -0.003375357016921043 0.0003690266748890281 
-0.0002219678863184527 -0.03442415595054626 0.0004172509652562439 
0.01042547263205051 -0.007417543791234493 -0.00626089284196496 
0.006515296641737223 -0.02751770988106728 -0.008101973682641983 
-0.003376510459929705 -0.01247630640864372 -0.004382420796900988 
0.006481584161520004 -0.02850976772606373 -0.00659113097935915 
-0.004709169268608093 -0.03627174720168114 -0.008368213661015034 
0.009165710769593716 -0.003426468232646585 -0.004343727603554726 
-0.004702236503362656 -0.04099687933921814 -0.006120243575423956 
0.0066412971355021 -0.02829398028552532 -0.006328348536044359 
0.002345929620787501 0.004709607921540737 -0.008050000295042992 
0.004218707326799631 -0.03192376345396042 -0.001086602453142405 
0.0006244670948944986 -0.01682012528181076 0.0001235154486494139 
0.003517448203638196 -0.002458924893289804 0.001228621578775346 
-0.0003494831325951964 -0.005737623665481806 0.0003545022045727819 
-0.000639855454210192 -0.0101607907563448 -9.812739881454036e-05 
0.0008190577500499785 -0.04385337233543396 -0.008248218335211277 
0.01052178256213665 -0.003009791951626539 -0.005871289409697056 
-0.002168905921280384 -0.03890124708414078 5.776202669949271e-05 
1.158265513367951e-05 -0.001472207601182163 -0.004269190598279238 
-0.00170441041700542 -0.03043138422071934 -0.01059316843748093 
-0.0005910824402235448 -0.001343519543297589 -0.002014350844547153 
-0.002507796511054039 -0.03993125632405281 -0.009877846576273441 
-0.002832761500030756 -0.0268465019762516 -0.001516585238277912 
0.005055741406977177 -0.01892271637916565 -0.01016059797257185 
0.005900808144360781 0.001804598025046289 -0.006391020957380533 
0.007394771091639996 -0.009076932445168495 -0.005753825884312391 
0.0005624407203868032 -0.04303553327918053 -0.001165896421298385 
0.001309631858021021 -0.007869206368923187 0.0007024156511761248 
-0.001486197812482715 -0.01151390746235847 -0.009256495162844658 
-5.142113514011726e-05 -0.0179937556385994 -0.009656696580350399 
0.001931415754370391 -0.003607111517339945 -0.008716009557247162 
0.004497344605624676 -0.01414299570024014 0.0004220638074912131 
-0.001104760332964361 -0.04493364691734314 -0.002987579675391316 
0.006098190322518349 0.005510261282324791 -0.002771587111055851 
0.00714174285531044 0.0007966345874592662 -0.008050000295042992 
0.002186248311772943 -0.002419477794319391 -0.0019500000635162 
0.001207410939969122 -0.04490792006254196 -0.005374113563448191 
0.004681927617639303 -0.005005890037864447 -0.003790018148720264 
0.002026286441832781 -0.006463979370892048 -0.005844879895448685 
0.008281633257865906 -0.02227785810828209 -0.002827913034707308 
0.002127176849171519 -0.000178540067281574 -0.0063259182497859 
0.004426424391567707 0.0004989129956811666 -0.001950000179931521 
0.005540648475289345 -0.02872321382164955 -0.008681576699018478 
0.001423068344593048 0.001288757892325521 -0.006550000049173832 
5.119353590998799e-05 -0.009149417281150818 -0.01028219144791365 
0.007579408120363951 -0.02646667696535587 -0.004185227677226067 
-0.0004188817401882261 -0.007886605337262154 0.0001680180575931445 
0.006801651325076818 -0.02561240084469318 -0.008872324600815773 
-0.001180050312541425 0.005035055801272392 -0.002786579309031367 
-0.005088550969958305 -0.0339592844247818 -0.007270995527505875 
0.003959100693464279 -0.03546444326639175 -0.001720952102914453 
-0.003283974714577198 -0.04338355362415314 -0.007877333089709282 
-0.004730889108031988 -0.03522460162639618 -0.008384538814425468 
0.002535361563786864 -0.03319339454174042 -0.0001894814922707155 
0.0008669754024595022 0.004536567255854607 -0.003449999960139394 
0.006143506616353989 -0.003645521122962236 0.0009144856594502926 
0.007674508262425661 -0.02458630874752998 -0.007846346125006676 
0.009004461579024792 -0.01914143748581409 -0.005204385612159967 
0.003145214403048158 -0.00268713035620749 -0.0003629630082286894 
-0.001402794616296887 -0.0004387594235595316 -0.002066608052700758 
0.0003673993633128703 -0.019185870885849 -0.009994273073971272 
0.001966859446838498 0.003047685604542494 -0.0019500000635162 
0.007146630436182022 -0.02618279866874218 -0.001964639639481902 
0.00518746767193079 0.0004497554909903556 -0.003646699711680412 
0.003084273310378194 -0.03713428974151611 -0.008767031133174896 
0.01071418263018131 -0.003335583489388227 -0.002821797039359808 
0.008061212487518787 -0.02443953044712543 -0.006376720499247313 
-0.0007822373881936073 -0.03638786450028419 -0.01030299440026283 
0.0004592273035086691 0.003242789767682552 -0.001949999947100878 
0.001920111943036318 -0.003733539720997214 -0.01087924465537071 
0.005897872149944305 -0.003721572458744049 -0.006247694604098797 
0.00179287395440042 -0.001203800668008626 -0.003701882436871529 
0.006161001976579428 -0.000251780787948519 -0.008159386925399303 
-0.003537917509675026 -0.01019908301532269 -0.003714707680046558 
0.0006418320117518306 -0.0363679826259613 -0.01009223982691765 
0.002584475558251143 -0.03089858591556549 2.59258522419259e-05 
0.00567693030461669 -0.006073740310966969 -0.003814106807112694 
-4.071446164743975e-05 -0.01939446106553078 -0.0003504587803035975 
0.002407900523394346 -0.03536856919527054 -0.009576642885804176 
0.001814267365261912 -0.03411651402711868 -0.01000785455107689 
0.0002953695075120777 0.001435575890354812 -0.006908886600285769 
-0.002955463482066989 -0.02652593329548836 -0.001980198314413428 
-0.003831150941550732 -0.002391989342868328 -0.00583503395318985 
-0.0008661954780109227 0.004899249877780676 -0.001950000179931521 
0.006598461885005236 -0.000488863093778491 0.0009457143023610115 
0.003272817935794592 -0.02615267597138882 -0.01031224895268679 
0.01019610650837421 -0.004254347644746304 -0.008412638679146767 
0.01022693887352943 -0.009318940341472626 -0.006080652587115765 
0.002735249698162079 -0.01701139658689499 0.0004463193181436509 
0.01064066309481859 -0.006327937357127666 -0.004813222214579582 
0.003671886632218957 -0.004092174116522074 -0.01111568417400122 
-0.0004758507129736245 -0.03292607143521309 -0.01052263006567955 
0.005193894263356924 -0.01641082018613815 0.0002259016910102218 
0.004421710502356291 -0.03488659113645554 -0.007575150113552809 
0.004682994447648525 -0.01454060804098845 -0.01038573123514652 
0.005719703622162342 0.00425911508500576 -0.007085945457220078 
-0.0002398681099293754 -0.0248445812612772 -0.01025968138128519 
0.003569732420146465 0.006269766017794609 -0.006948999594897032 
0.002293480094522238 -0.03444704413414001 -0.0002255922445328906 
-0.002630074042826891 0.001811477239243686 -0.006550000049173832 
0.007539331912994385 -0.00105293293017894 0.0007587060099467635 
-0.002901555271819234 -0.04419802874326706 -0.003742930013686419 
0.006135513074696064 0.001563942874781787 -0.00361436908133328 
-0.002814705250784755 -0.03165176510810852 0.0003666427510324866 
0.005291574634611607 0.00323040084913373 -0.0019500000635162 
0.00923527218401432 -0.005912791471928358 -0.0006256315391510725 
0.005426166579127312 0.002767745871096849 -0.001949999947100878 
-0.004367560613900423 -0.0419032871723175 -0.005548288114368916 
0.001208925852552056 -0.003989937249571085 0.0003054915287066251 
-0.004699146375060081 -0.04043815657496452 -0.002823974238708615 
0.0001986637653317302 -0.0320286899805069 0.0005023587145842612 
-0.002306989161297679 0.0007409728714264929 -0.003558970987796783 
-0.0008841182570904493 -0.00115355895832181 -0.004876303486526012 
0.004143520258367062 -0.001359493704512715 -0.0006091544637456536 
0.00787990540266037 -0.02209408953785896 -0.001602715812623501 
-0.0009019094286486506 -0.01817057840526104 -0.008751343935728073 
0.007921833544969559 -0.01708401739597321 -0.00913073867559433 
-0.004842469468712807 -0.03453655540943146 -0.008097241632640362 
0.009524169377982616 -0.01319339126348495 -0.002791018690913916 
0.0009016134426929057 -0.0011664810590446 -0.002436676528304815 
0.006508788093924522 -0.01520002819597721 -0.009984176605939865 
0.005380871240049601 -0.004420042503625154 0.0009592013084329665 
0.005023791454732418 -0.002907858230173588 -0.003734369063749909 
0.001779970712959766 -0.01543452031910419 -0.01044795569032431 
0.008222060278058052 -0.01910350099205971 -0.008559957146644592 
-0.003369093872606754 -0.007460435852408409 -0.002490241546183825 
-0.00483246985822916 -0.03563736379146576 -0.008165830746293068 
0.005114082712680101 0.006662992760539055 -0.006567616481333971 
-0.003410217817872763 -0.03424978256225586 0.0001193216812680475 
-0.002343880943953991 -0.03109176643192768 -0.0104887206107378 
-0.005446737166494131 -0.03648840636014938 -0.004554508253931999 
0.003640356240794063 -0.001891284715384245 -0.008359122090041637 
0.002202185336500406 -0.01566769368946552 0.0004780575109180063 
0.005511380266398191 -0.0005364209064282477 0.000470118917291984 
0.001680227229371667 0.0001602732081664726 -0.008050000295042992 
-0.003111917525529861 -0.04396283626556396 -0.003450608113780618 
-0.0003717336803674698 -0.04470687359571457 -0.002340070437639952 
0.001646027551032603 0.00482478179037571 -0.003449999960139394 
0.003945328295230865 -0.03762998804450035 -0.006959411315619946 
-0.001278990996070206 -0.01215408556163311 -0.009351341985166073 
0.004883643705397844 -0.005035667214542627 -0.003790059592574835 
0.009111175313591957 -0.0143106896430254 -0.008125511929392815 
0.005689133889973164 -0.02638128586113453 -0.000474910280900076 
0.0002910647017415613 -0.04515732824802399 -0.006004731170833111 
-0.002282768255099654 0.003009264590218663 -0.006550000049173832 
0.004509882070124149 -0.03186706081032753 -0.001370772253721952 
0.001672324375249445 -0.01716058515012264 -0.01042488217353821 
0.009535808116197586 -0.01222391799092293 -0.00231220293790102 
0.005138618871569633 -0.03344350308179855 -0.005066974088549614 
0.001958262640982866 -0.003630230436101556 -0.009320653043687344 
-0.004844329319894314 -0.03008508309721947 -0.004925611428916454 
0.00347003573551774 -0.02563260495662689 0.0002948778565041721 
-0.001485473942011595 -0.03018137067556381 -0.010603710077703 
-0.004261796362698078 -0.03468539193272591 -0.0007363494369201362 
0.006059427745640278 0.004783177748322487 -0.00791030190885067 
0.008788180537521839 -0.02056914940476418 -0.005401464179158211 
-0.002924977336078882 0.0002941741840913892 -0.003705242183059454 
0.01039463095366955 -0.005476164165884256 -0.002505757613107562 
-0.002101321704685688 -0.0362151712179184 -0.01037563756108284 
-0.003113641403615475 -0.04107712954282761 -0.0005456183571368456 
0.0005567649495787919 -0.02908637747168541 -0.01054905727505684 
-0.001798135112039745 -0.04441488161683083 -0.007747155614197254 
0.002768675331026316 0.001682640518993139 -0.008050000295042992 
0.002138496143743396 -0.003971733618527651 -0.0110936276614666 
0.005459121894091368 -0.02884693630039692 -0.001292384462431073 
-0.0005973356310278177 -0.02210451290011406 -0.0009592171991243958 
0.007532336749136448 -0.0001838355237850919 -0.003333045169711113 
0.0004977395874448121 -0.03647585958242416 -0.01011310890316963 
0.003374609164893627 -0.04067296162247658 -0.004818135406821966 
-0.003848863765597343 -0.007665211334824562 -0.004941727966070175 
0.001888899481855333 -0.02718448080122471 -0.01047148182988167 
-0.002870242344215512 0.002096593612805009 -0.002905212808400393 
0.0003969394019804895 0.002251232508569956 -0.003450000192970037 
-0.005308690946549177 -0.0336451381444931 -0.003809168236330152 
-0.003270345507189631 7.574963092338294e-06 -0.007844693958759308 
-0.002022888045758009 -0.02304311841726303 -0.004777542781084776 
0.004644239321351051 -0.02943049930036068 -0.0007977618952281773 
-0.005162903573364019 -0.03464506193995476 -0.007187661714851856 
0.009608155116438866 -0.01045967265963554 -0.008097197860479355 
0.002049649367108941 -0.006475352682173252 -0.005076865665614605 
0.006459633819758892 -0.0139335747808218 -0.01008284278213978 
0.00317419390194118 0.005076739937067032 -0.002056257799267769 
0.01057813316583633 -0.005521986167877913 -0.006725726649165154 
0.0004661567800212651 -0.008516592904925346 0.0004630758776329458 
0.004881208762526512 -0.03446508198976517 -0.005573428235948086 
0.003271668683737516 -0.004418301396071911 -0.006220110692083836 
0.009356647729873657 -0.010602374561131 -0.008549649268388748 
0.00370351504534483 0.00738680362701416 -0.001949999947100878 
0.003414752660319209 -0.03946628794074059 -0.00283564068377018 
0.00241392501629889 -0.01149379555135965 -0.01062903925776482 
0.006766570266336203 -0.01950747705996037 -0.0003719037922564894 
-0.0003223372041247785 -0.002404405269771814 -0.001949999947100878 
0.005892294924706221 -0.02040055580437183 -0.009896233677864075 
-0.004762528464198112 -0.03903612494468689 -0.002320318017154932 
9.149326069746166e-05 -0.02025657333433628 -0.009785371832549572 
-0.001302003860473633 -0.01031636446714401 -0.0005089323385618627 
-0.00127932766918093 -0.0006805876619182527 -0.006405762862414122 
0.0002716001472435892 -0.001464948640204966 -0.002378988079726696 
0.002632902935147285 -0.02580589987337589 0.0004181446565780789 
-0.002160483039915562 -0.04236589372158051 -0.00934615358710289 
-0.00487247621640563 -0.03179272636771202 -0.002841348759829998 
0.003121229354292154 -0.01864182204008102 0.0004102656675968319 
-0.00276829581707716 -0.02561240270733833 -0.007488889619708061 
0.00952408742159605 -0.01111938245594501 -0.001899976283311844 
0.002924518892541528 -0.00845307856798172 -0.01080398540943861 
-0.0004749071085825562 -0.04151281714439392 -0.009478291496634483 
0.003684929804876447 0.0008228244259953499 -0.008050000295042992 
-0.002599958097562194 0.001701101427897811 -0.003449999960139394 
0.002053143223747611 -0.01136993151158094 -0.01059217378497124 
-0.002818983746692538 -0.0005641527241095901 -0.008050000295042992 
0.005869416054338217 -0.00243435287848115 0.001071350765414536 
0.007852334529161453 -0.02230997383594513 -0.00838812068104744 
0.004164484329521656 -0.01868391595780849 -0.01030944939702749 
0.001917374785989523 0.007328087463974953 -0.003082334296777844 
-0.0001414864673279226 0.003636948065832257 -0.006550000049173832 
0.007239744998514652 0.005117656663060188 -0.006620980799198151 
0.009695074521005154 -0.007544185966253281 -0.001377118402160704 
-0.001630303566344082 -0.009753888472914696 -0.009292959235608578 
0.001058623311109841 -0.0403294712305069 -0.0006700509693473577 
-0.001223471714183688 -0.03344593942165375 0.0005305430386215448 
-0.0009920810116454959 -0.04503018409013748 -0.006794850341975689 
-0.0004634723300114274 0.001390174962580204 -0.002789000514894724 
0.00242538470774889 -0.008043855428695679 -0.01082036457955837 
0.003520840546116233 -0.002119255252182484 -0.0009550579125061631 
0.001852779649198055 0.001842934405431151 -0.006550000049173832 
0.006753858644515276 -0.01298567466437817 4.838691529585049e-05 
-0.0005060196854174137 -0.04231518507003784 -0.00930711068212986 
0.00408185226842761 0.002629979979246855 -0.003449999960139394 
0.006732403766363859 -0.02554326318204403 -0.008971852250397205 
0.001241602934896946 0.003724597860127687 -0.006550000049173832 
0.00355314020998776 -0.0378960520029068 -0.002068417146801949 
-7.62683994253166e-05 -0.03835009783506393 -2.864169800886884e-05 
-0.00109800323843956 -0.02178516238927841 -0.00791485607624054 
0.005680428352206945 -0.005772733129560947 -0.01081119850277901 
-0.001397997606545687 -0.009290037676692009 -0.0004959144862368703 
0.007089174352586269 -0.001139659783802927 -0.00368102896027267 
0.001632624072954059 -0.02830199338495731 -0.01044830214232206 
0.00689489021897316 -0.02300121821463108 -0.0007117510540410876 
-0.0002434718917356804 -0.02888832986354828 -0.01061364449560642 
-0.00114176282659173 0.001698797685094178 -0.003449999960139394 
-0.00541660888120532 -0.03579184412956238 -0.006025157868862152 
0.008298106491565704 -0.008085601963102818 -0.006120522972196341 
-0.0003695894847624004 -0.02217315137386322 -0.00939792487770319 
0.003244648687541485 -0.03105835244059563 -0.00972569826990366 
0.0079964529722929 -0.001066107302904129 -0.007599723525345325 
0.004112073220312595 0.006608056835830212 -0.003065715311095119 
0.003280192380771041 -0.00362726510502398 -0.00624065613374114 
-0.002919516526162624 -0.02901889383792877 -0.00958544947206974 
0.003698183922097087 -0.007277729921042919 -0.004993813578039408 
-7.024693331914023e-05 -0.007727527059614658 -0.01033639535307884 
0.00969227310270071 -0.01277480833232403 -0.003322988515719771 
0.0002292870776727796 0.006164909340441227 -0.008049103431403637 
0.001459387829527259 0.0001044646196532995 -0.006596383638679981 
-0.001945220166817307 -0.003738008672371507 -0.009315567091107368 
-0.0007695513195358217 -0.03453673794865608 0.0004645389853976667 
0.007533001247793436 -0.007454771548509598 -0.006156802177429199 
0.002292574848979712 -0.0137192215770483 -0.01054874993860722 
-0.001468429923988879 -0.0002609580114949495 -0.00622613774612546 
8.617674757260829e-05 -0.02761272341012955 0.000606865098234266 
0.003410590812563896 0.004127656109631062 -0.0019500000635162 
0.008206089027225971 -0.007680644746869802 -0.009906766004860401 
0.006147127598524094 -0.02919105067849159 -0.006741004530340433 
0.009729549288749695 -0.009703509509563446 -0.001983798807486892 
-0.002952877664938569 -0.02671585604548454 -0.001810412388294935 
0.004897224251180887 -0.0041703125461936 -0.003767568152397871 
0.002315883059054613 -0.02524509653449059 -0.01046297699213028 
0.004509746562689543 -0.01371661014854908 0.000439133495092392 
-0.00363865471445024 -0.009814082644879818 -0.004127659369260073 
0.008644150570034981 -0.007294755429029465 -0.0003286973515059799 
0.007358923554420471 -0.004527906887233257 -0.00623207725584507 
0.005984685849398375 -0.004154067020863295 -0.006236793473362923 
0.007368949241936207 0.002747030928730965 -0.003122830297797918 
0.008312398567795753 -0.02042174525558949 -0.008014855906367302 
0.004347639158368111 -0.0368124283850193 -0.004462867043912411 
0.006248624995350838 0.006834409199655056 -0.006550000049173832 
0.007763911504298449 -0.02506972476840019 -0.002852268517017365 
-0.0009144075447693467 -0.01241232361644506 -0.009565346874296665 
-0.004011501092463732 -0.04275164380669594 -0.004984291736036539 
0.001760344370268285 -0.04235674068331718 -0.001539598451927304 
0.002208796329796314 -0.0274729747325182 -0.01040943805128336 
0.002321935724467039 -0.03180333226919174 -0.01005050726234913 
-0.003322092350572348 -0.02571585401892662 -0.005335995461791754 
0.001750283408910036 -0.02582569047808647 -0.01052027381956577 
-0.003527743276208639 -0.00627883430570364 -0.007260367274284363 
0.007687250152230263 -0.02465406991541386 -0.002218168694525957 
0.006433842238038778 -0.02284351177513599 -0.0004432257846929133 
-0.00268470193259418 -0.01491395290941 -0.007237867452204227 
0.007239166181534529 0.004389829002320766 -0.002277074381709099 
0.003672078717499971 -0.004580451175570488 -0.003782643936574459 
-0.0009739308152347803 -0.01867637969553471 -0.001473644399084151 
0.009548036381602287 -0.01503350399434566 -0.005441022571176291 
0.003091216553002596 -0.04141941666603088 -0.006334973499178886 
0.003667514771223068 -0.01379654929041862 -0.01050974056124687 
0.009102807380259037 -0.003770219860598445 -0.006034815683960915 
0.003951581660658121 -0.005868757143616676 -0.003815042087808251 
0.002473772736266255 -0.03752144426107407 -0.009147200733423233 
-0.002285795286297798 -0.02912184968590736 0.0001956454652827233 
-0.003753079101443291 -0.006322883535176516 -0.006539385300129652 
0.003249246627092361 -0.007059225346893072 -0.004217374604195356 
0.00226041185669601 0.001166446600109339 -0.006361281499266624 
-0.003824040992185473 -0.006780260242521763 -0.006014983635395765 
0.002764344215393066 -0.02926289848983288 -0.01014490611851215 
0.000506468175444752 0.006541254930198193 -0.002860463922843337 
0.008452416397631168 -0.01186810620129108 -0.0006883012829348445 
0.002858742605894804 -0.04091129079461098 -0.002273695543408394 
-0.001745639368891716 -0.02207856625318527 -0.004516805056482553 
-0.003204156178981066 -0.00922589935362339 -0.00245193624868989 
0.005484350956976414 -0.001053407206200063 -0.01122286450117826 
0.003944850526750088 0.00198428425937891 -0.003449999960139394 
-0.003447219962254167 -0.04351399466395378 -0.006725476589053869 
0.002871698699891567 -0.02127395197749138 -0.01042190566658974 
0.001562267891131341 -0.04076986759901047 -0.00901432428508997 
0.005617922637611628 -0.02995156496763229 -0.007593689020723104 
0.003262183628976345 -0.04105536639690399 -0.005441431421786547 
-0.003438272047787905 -0.039903175085783 -0.0004554227343760431 
-0.001332389423623681 -0.02845896780490875 -0.01052020862698555 
0.007736286148428917 -0.02549885399639606 -0.00668409513309598 
0.01004319451749325 -0.01103297900408506 -0.004215155728161335 
0.0006567008094862103 -0.01925460621714592 -0.01016970723867416 
-0.004914930090308189 -0.03352148458361626 -0.007683760486543179 
0.009329446591436863 -0.006359348073601723 -0.0007675752858631313 
0.004441101104021072 -0.00826279167085886 -0.01075464859604836 
0.003651175647974014 -0.002124761696904898 -0.01110882684588432 
0.002043093554675579 -0.006083468440920115 0.0009057269780896604 
0.01011697016656399 -0.003831559559330344 -0.008647196926176548 
-0.002400456229224801 0.001014342880807817 -0.008050000295042992 
-0.002425271086394787 -0.01650992035865784 -0.007091524079442024 
0.008163797669112682 -0.008545802906155586 -0.006126522552222013 
0.001760275568813086 -0.006117110140621662 0.0008647890063002706 
0.009202515706419945 -0.01688839122653008 -0.006429245695471764 
-6.259094516281039e-05 -0.01195454224944115 5.751861317548901e-05 
0.007010736037045717 -0.008117374032735825 0.0003420493158046156 
3.226104672648944e-05 -0.009765162132680416 0.0002346899418625981 
0.005623289383947849 -0.01348251104354858 0.0003029661602340639 
0.0003051882958970964 0.001435069134458899 -0.007300205528736115 
0.0007815923308953643 0.001236628741025925 -0.007601655088365078 
-0.005387372802942991 -0.03463400155305862 -0.003974736668169498 
-0.002336091361939907 0.0007949607097543776 -0.00344999972730875 
-0.001077973400242627 -0.02893733605742455 0.0006023689638823271 
-0.000551042438019067 -0.03047744370996952 0.0006086996872909367 
-0.003708118107169867 -0.005698305554687977 -0.006721452809870243 
0.005834516603499651 -0.006455748807638884 -0.003823442850261927 
0.003124829614534974 -0.006455688271671534 -0.006166740320622921 
0.005426007322967052 -0.03198608756065369 -0.005970095284283161 
0.008375337347388268 -0.001348319347016513 -0.007419205270707607 
0.001749863498844206 -0.03427529335021973 -0.01001622807234526 
0.0001569574815221131 -0.01260187197476625 -0.01010713167488575 
0.000131541964947246 -0.04075325652956963 -0.00952653493732214 
-0.001563763944432139 -0.01561468839645386 -0.001293010194785893 
0.001882352982647717 -0.00639392388984561 -0.005902569275349379 
0.004168096929788589 -0.01995318010449409 -0.01027967128902674 
3 1894 864 1289 
3 3900 830 2155 
3 2167 864 1894 
3 2432 2908 1289 
3 3823 2625 3631 
3 2625 3823 3766 
3 3486 3823 2985 
3 1234 1032 1439 
3 3237 1032 3099 
3 830 3233 1867 
3 3233 3823 1321 
3 3823 3233 2995 
3 1400 895 946 
3 2420 2824 2155 
3 2824 2420 3358 
3 543 2007 2199 
3 1518 3486 2748 
3 3486 1462 2748 
3 3664 254 3464 
3 364 1995 2787 
3 1092 3664 3464 
3 1192 2562 3331 
3 1614 146 1002 
3 1614 3151 2866 
3 2931 1894 3131 
3 3711 3953 425 
3 425 3953 277 
3 1757 935 277 
3 935 2040 3449 
3 3823 903 2985 
3 878 33 3131 
3 33 1741 3131 
3 1741 1939 3131 
3 1939 1741 548 
3 1741 3048 548 
3 3048 1741 33 
3 878 3048 33 
3 3048 878 411 
3 864 1112 1289 
3 1112 864 3413 
3 891 1112 3413 
3 3823 1129 3099 
3 1129 3823 3631 
3 1032 3226 1439 
3 3226 1032 3237 
3 3166 2685 1321 
3 2685 3233 1321 
3 447 3823 3099 
3 3166 447 3099 
3 447 3166 3823 
3 3823 133 1321 
3 133 3166 1321 
3 3166 133 3823 
3 830 3812 2155 
3 3812 435 2155 
3 2390 3237 3099 
3 1129 2390 3099 
3 2824 3740 2155 
3 3740 895 1400 
3 2436 1400 946 
3 1348 543 2199 
3 546 350 462 
3 350 546 1831 
3 2199 3601 2908 
3 3601 2007 2908 
3 2007 3601 2199 
3 3994 706 543 
3 706 2568 543 
3 2568 706 1695 
3 3211 891 3413 
3 3211 2048 891 
3 864 3211 3413 
3 1792 1387 1132 
3 340 2675 318 
3 3090 3820 353 
3 3889 3496 2698 
3 3496 1518 2698 
3 1462 973 2748 
3 973 1462 3072 
3 575 1518 2748 
3 973 575 2748 
3 3403 1347 1188 
3 1347 780 1188 
3 780 1347 2837 
3 3664 290 462 
3 364 2967 1995 
3 2967 364 1911 
3 254 175 3464 
3 175 1092 3464 
3 364 512 1911 
3 815 512 758 
3 512 175 1911 
3 512 815 1092 
3 175 512 1092 
3 1462 1172 2486 
3 1172 105 2486 
3 3403 1172 1462 
3 1172 3403 1188 
3 3120 1899 3331 
3 625 3249 1558 
3 625 1614 2866 
3 3435 625 2866 
3 3934 1301 1558 
3 1301 3934 1899 
3 3249 3934 1558 
3 1002 3749 3331 
3 146 3749 1002 
3 3151 1801 3714 
3 1801 1614 1002 
3 1801 3151 1614 
3 2048 1801 1002 
3 1801 2048 2167 
3 1801 2931 3714 
3 1801 2167 1894 
3 2931 1801 1894 
3 2592 2931 3131 
3 1939 2592 3131 
3 3714 933 3162 
3 2931 933 3714 
3 933 2592 3162 
3 2592 933 2931 
3 3933 3711 425 
3 1700 1757 277 
3 3953 1700 277 
3 1700 3953 1757 
3 3306 935 1757 
3 3306 2040 935 
3 1274 3090 353 
3 903 2371 2985 
3 259 3823 2995 
3 259 903 3823 
3 3233 259 2995 
3 259 3233 830 
3 3900 259 830 
3 903 259 3900 
3 891 3212 1539 
3 3212 1618 1539 
3 3212 3836 1618 
3 2048 3212 891 
3 3733 1002 3331 
3 1142 1811 3862 
3 1618 1142 3862 
3 2571 2048 1002 
3 3733 2571 1002 
3 685 2199 2908 
3 685 1112 2199 
3 2432 685 2908 
3 685 2432 1289 
3 1112 685 1289 
3 1112 3446 2199 
3 2968 1618 3862 
3 3823 837 3766 
3 1515 3496 3889 
3 3496 1515 1518 
3 1096 3823 3486 
3 1096 2368 3823 
3 2685 3636 1234 
3 3636 2685 3166 
3 3636 1032 1234 
3 1032 3636 3099 
3 3636 3166 3099 
3 823 2685 1234 
3 3233 823 1867 
3 2685 823 3233 
3 2606 1234 1439 
3 1871 2824 3358 
3 78 1871 3358 
3 1478 3740 2824 
3 3740 1478 895 
3 1995 275 2787 
3 3394 275 1995 
3 1957 1043 3237 
3 2390 1957 3237 
3 1957 2390 1680 
3 3734 1348 2199 
3 2436 3734 1400 
3 3734 2436 946 
3 1348 405 543 
3 3206 3664 462 
3 350 3206 462 
3 2153 350 1831 
3 2754 2153 1831 
3 2153 3206 350 
3 252 2397 1009 
3 546 1297 1831 
3 2966 27 1332 
3 27 1446 1332 
3 27 2966 1232 
3 252 27 1232 
3 2256 233 3325 
3 3965 233 1731 
3 1731 2982 2881 
3 1295 591 2908 
3 1173 2568 2754 
3 1173 2754 1831 
3 545 2007 543 
3 2568 545 543 
3 1173 545 2568 
3 2048 472 2167 
3 3211 472 2048 
3 2167 472 864 
3 472 3211 864 
3 2092 1792 1132 
3 1842 1997 3455 
3 3511 2633 3633 
3 3052 1274 3697 
3 1274 3052 3090 
3 3820 3285 848 
3 1556 3511 3633 
3 1093 3777 3386 
3 1387 1093 1132 
3 3777 1093 1387 
3 2430 2675 340 
3 1093 2430 1132 
3 2430 1093 3386 
3 3752 2430 3386 
3 3009 1347 3802 
3 375 780 2027 
3 175 1284 1911 
3 512 482 758 
3 2665 3869 2704 
3 108 2611 1214 
3 1864 2611 3145 
3 151 1864 3145 
3 495 503 1858 
3 3985 3398 575 
3 105 3985 2486 
3 3398 3985 105 
3 3985 1462 2486 
3 1462 3985 3072 
3 3985 973 3072 
3 3985 575 973 
3 3581 3759 36 
3 3581 954 3903 
3 2361 1602 36 
3 1602 2361 1743 
3 1602 3000 36 
3 3085 3000 1602 
3 3000 3581 36 
3 3581 3000 954 
3 1892 1375 1899 
3 2257 1375 1892 
3 1504 1892 1899 
3 535 3435 2866 
3 625 651 3249 
3 651 625 3435 
3 651 535 3249 
3 535 651 3435 
3 3934 2180 1899 
3 1504 2180 3449 
3 2180 1504 1899 
3 1097 1301 1899 
3 3120 1097 1899 
3 1097 3120 3331 
3 3749 1097 3331 
3 1301 1097 1558 
3 1097 625 1558 
3 625 1097 1614 
3 1097 146 1614 
3 1097 3749 146 
3 2890 3714 3162 
3 3151 1403 3283 
3 3738 1939 548 
3 2592 3738 548 
3 3738 2592 1939 
3 2393 3151 3283 
3 3151 2393 2866 
3 1403 2393 3283 
3 935 2933 277 
3 2933 1383 277 
3 1383 2933 1156 
3 2933 935 3449 
3 1761 3688 677 
3 1456 1320 702 
3 3422 2092 2113 
3 2092 3422 3666 
3 3104 3450 2881 
3 3450 3104 3694 
3 3104 3134 3694 
3 3104 1728 3953 
3 1728 3104 1869 
3 3195 3306 1757 
3 3306 3195 2040 
3 2904 938 2306 
3 938 2904 3785 
3 169 1274 353 
3 1274 3311 3697 
3 3697 3311 1569 
3 3311 903 3900 
3 3311 95 1569 
3 95 3311 3900 
3 2378 3486 2985 
3 3486 2378 848 
3 1865 3733 3836 
3 1865 2571 3733 
3 2571 1865 2048 
3 1865 3212 2048 
3 3212 1865 3836 
3 907 95 3900 
3 680 2112 2102 
3 1592 1554 2102 
3 1554 1592 3804 
3 341 3688 702 
3 3688 341 677 
3 341 471 677 
3 2286 2964 677 
3 471 2286 677 
3 663 2002 1232 
3 2220 714 1441 
3 3048 675 548 
3 2807 2220 1441 
3 3446 2905 2199 
3 2905 3900 2155 
3 2943 2924 3900 
3 2905 2943 3900 
3 2547 2968 2216 
3 2968 2547 1618 
3 2553 3446 1112 
3 243 2968 3862 
3 2968 1636 2216 
3 2368 3826 3823 
3 3826 837 3823 
3 3775 3826 3145 
3 837 3826 3766 
3 3826 3775 3766 
3 151 3826 3889 
3 3826 151 3145 
3 3731 1096 3486 
3 1096 3731 1515 
3 1518 3731 3486 
3 1515 3731 1518 
3 3626 379 2108 
3 3626 1041 2183 
3 78 617 792 
3 617 2606 1439 
3 435 1463 2155 
3 3812 1463 435 
3 3096 3812 830 
3 1818 3096 830 
3 3096 1818 3812 
3 454 830 1867 
3 823 454 1867 
3 454 823 1234 
3 1818 454 1508 
3 895 1418 946 
3 1478 1418 895 
3 2714 1478 2824 
3 2610 175 254 
3 157 1041 2012 
3 1041 157 2183 
3 157 275 3394 
3 379 157 3394 
3 157 3626 2183 
3 3626 157 379 
3 2615 753 1043 
3 753 3226 3237 
3 1043 753 3237 
3 3734 1693 1400 
3 1161 3734 946 
3 3734 1161 1348 
3 405 1161 946 
3 1161 405 1348 
3 1637 2610 254 
3 897 2153 2754 
3 2153 897 3206 
3 897 3960 3206 
3 3877 3223 2811 
3 1297 3877 1831 
3 3877 1297 546 
3 3696 3877 546 
3 3450 2691 2881 
3 2691 2187 2881 
3 2187 2691 3450 
3 2175 2187 3450 
3 2112 2175 3450 
3 2175 680 1250 
3 2175 2112 680 
3 2215 1731 2881 
3 2187 2215 2881 
3 1159 3965 1731 
3 2215 1159 1731 
3 1159 2215 2187 
3 1159 2175 1250 
3 2175 1159 2187 
3 1724 546 462 
3 546 1724 2256 
3 1724 233 2256 
3 233 2217 1731 
3 2217 2982 1731 
3 2982 2217 301 
3 1724 2217 233 
3 688 2002 591 
3 2007 1510 2908 
3 545 1510 2007 
3 1510 1295 2908 
3 2617 252 1009 
3 252 2617 2811 
3 2617 545 1173 
3 2179 3044 2568 
3 2568 711 2754 
3 3044 711 2568 
3 2179 711 3044 
3 711 897 2754 
3 897 711 3960 
3 711 2179 1855 
3 595 1327 706 
3 595 405 946 
3 1418 595 946 
3 595 1418 1327 
3 405 595 543 
3 1792 1273 1387 
3 1273 2373 1387 
3 2092 1299 2113 
3 577 3666 924 
3 577 2092 3666 
3 2092 577 1792 
3 577 1273 1792 
3 1997 727 3455 
3 558 2633 3511 
3 612 558 3777 
3 558 612 2633 
3 1796 558 1347 
3 531 3285 3820 
3 3090 1889 3820 
3 3052 1889 3090 
3 3396 3052 3697 
3 95 3396 1569 
3 2143 1556 3802 
3 1347 2143 3802 
3 3808 2604 266 
3 2604 3808 3621 
3 3963 3808 266 
3 3808 3963 3621 
3 266 1573 3317 
3 2604 1573 266 
3 3317 1573 434 
3 3326 3158 4 
3 3158 3326 1842 
3 1349 3009 3802 
3 3109 780 2837 
3 1347 3109 2837 
3 3009 3109 1347 
3 1349 3109 3009 
3 3109 1349 498 
3 2980 4 498 
3 2980 3326 4 
3 2980 1556 3633 
3 2500 375 3370 
3 1172 2779 105 
3 4 2315 2027 
3 3158 2315 4 
3 2045 2896 3370 
3 375 2045 3370 
3 863 1864 1858 
3 275 549 2787 
3 3140 3317 434 
3 3003 3140 434 
3 44 2317 1992 
3 1749 44 1992 
3 1101 3213 79 
3 1101 1749 3213 
3 115 1910 301 
3 1619 938 3785 
3 938 1619 434 
3 62 2536 285 
3 2317 2536 1992 
3 2549 2536 2317 
3 2536 3869 285 
3 3869 2536 2549 
3 3700 364 2787 
3 549 3700 2787 
3 2170 108 1214 
3 829 2170 1214 
3 2170 2973 2012 
3 2590 1957 3033 
3 3626 2590 1041 
3 1957 2590 1043 
3 1957 320 3033 
3 320 1957 1680 
3 320 187 3033 
3 187 320 3150 
3 187 2590 3033 
3 2590 187 1041 
3 3405 3775 3145 
3 3775 3405 3150 
3 151 2918 1864 
3 2918 151 3889 
3 575 2802 1518 
3 3398 2802 575 
3 3101 503 3398 
3 3101 2500 3370 
3 2500 3101 3398 
3 503 129 3398 
3 3581 2224 3759 
3 2224 2566 3759 
3 2224 3581 3903 
3 3022 340 318 
3 2380 1602 1743 
3 2380 3085 1602 
3 1713 2380 1743 
3 2562 2380 3331 
3 2380 1713 3331 
3 627 2380 2562 
3 2458 3030 573 
3 3030 2458 3000 
3 2465 3000 3085 
3 2465 2380 627 
3 2380 2465 3085 
3 2465 3030 3000 
3 3030 2465 573 
3 954 3649 3903 
3 3649 3000 3903 
3 3000 3649 954 
3 1375 403 1899 
3 1899 403 3331 
3 403 1192 3331 
3 1192 2682 2562 
3 2682 1375 2257 
3 403 2682 1192 
3 2682 403 1375 
3 2682 627 2562 
3 2682 2257 627 
3 1340 2458 2113 
3 2890 393 3714 
3 393 3151 3714 
3 2595 2890 3162 
3 2595 2598 2948 
3 2595 1648 3796 
3 1456 1582 1320 
3 2497 3124 3796 
3 2497 2090 3124 
3 2497 1195 2090 
3 1653 1156 2016 
3 1960 1195 3852 
3 1403 571 2738 
3 571 1960 2738 
3 1960 571 1195 
3 3865 1403 2738 
3 1960 3865 2738 
3 3865 1960 2879 
3 2598 1514 2592 
3 2595 1514 2598 
3 3924 3104 3953 
3 3104 3924 1022 
3 84 2964 3450 
3 84 3450 3694 
3 3134 84 3694 
3 3104 84 3134 
3 2207 2393 1403 
3 2207 3865 2879 
3 3865 2207 1403 
3 2864 425 277 
3 1383 2864 277 
3 2180 87 3449 
3 87 2933 3449 
3 3347 2454 1156 
3 2454 2940 3381 
3 1156 1645 2016 
3 1761 237 3688 
3 1456 237 3630 
3 237 1456 3688 
3 237 3192 3630 
3 3688 164 702 
3 1456 164 3688 
3 1320 893 702 
3 893 1531 702 
3 1582 893 1320 
3 893 1582 1531 
3 101 3422 2113 
3 1577 2604 3621 
3 2594 1577 924 
3 1577 2594 3060 
3 938 3051 2306 
3 3666 324 924 
3 324 2594 924 
3 2594 324 3060 
3 3637 1728 1869 
3 766 169 353 
3 3820 766 353 
3 1952 2371 903 
3 169 1952 903 
3 169 757 1274 
3 757 3311 1274 
3 757 169 903 
3 3311 757 903 
3 267 766 3820 
3 766 267 2371 
3 267 3820 848 
3 2378 267 848 
3 2371 267 2985 
3 267 2378 2985 
3 2924 3367 3900 
3 2964 656 3450 
3 656 2112 3450 
3 2112 656 2102 
3 2002 158 1232 
3 158 2002 2397 
3 158 252 1232 
3 158 2397 252 
3 1732 1168 1009 
3 663 3139 2002 
3 1005 3790 1823 
3 325 1005 1823 
3 3198 3139 663 
3 3139 3198 2002 
3 2540 2220 1584 
3 2540 3539 2996 
3 714 2540 2996 
3 2220 2540 714 
3 1239 2592 548 
3 675 1239 548 
3 471 1460 3539 
3 341 1460 471 
3 1460 341 702 
3 714 2662 3048 
3 2662 675 3048 
3 965 3978 270 
3 1154 965 3023 
3 1154 3978 965 
3 1546 3048 739 
3 1546 714 3048 
3 1407 357 380 
3 357 2377 380 
3 2377 357 748 
3 233 730 3325 
3 3223 3553 2811 
3 3553 3223 1446 
3 3553 252 2811 
3 3553 27 252 
3 27 3553 1446 
3 1395 2256 3325 
3 1395 546 2256 
3 730 707 3325 
3 878 2009 411 
3 1894 2009 3131 
3 2009 878 3131 
3 2009 1894 1289 
3 2659 2009 1289 
3 2009 3048 411 
3 3048 2009 739 
3 2103 2905 2155 
3 3740 2103 2155 
3 2103 3740 1400 
3 2425 1112 891 
3 2425 2553 1112 
3 2425 891 1539 
3 2553 2425 1539 
3 2553 300 3446 
3 3446 300 2216 
3 300 2547 2216 
3 300 2553 1539 
3 1618 300 1539 
3 2547 300 1618 
3 95 2983 3862 
3 907 2983 95 
3 1010 1636 2968 
3 1010 243 2924 
3 243 1010 2968 
3 2943 1010 2924 
3 1010 2905 3446 
3 1010 2943 2905 
3 1010 3446 2216 
3 1636 1010 2216 
3 489 2625 3766 
3 2625 489 3631 
3 1458 3826 2368 
3 1096 1458 2368 
3 1458 1096 1515 
3 645 1515 3889 
3 3826 645 3889 
3 1458 645 3826 
3 2722 3626 2108 
3 2615 2722 2108 
3 2722 2615 1043 
3 2590 2722 1043 
3 2722 2590 3626 
3 617 1318 2606 
3 1318 1818 1508 
3 1463 3375 2155 
3 3375 2420 2155 
3 2420 3375 3358 
3 3375 78 3358 
3 3375 1463 78 
3 1485 1818 830 
3 454 1485 830 
3 1485 454 1818 
3 2606 1519 1234 
3 1519 454 1234 
3 454 1519 1508 
3 1519 1318 1508 
3 1318 1519 2606 
3 1327 3816 1170 
3 3816 1418 1170 
3 1418 3816 1327 
3 1871 1095 2824 
3 1095 2714 2824 
3 1095 1871 78 
3 2714 1095 78 
3 1418 3533 1170 
3 3533 1418 1478 
3 65 2804 1478 
3 100 3394 1995 
3 2967 201 1995 
3 100 3670 1578 
3 3670 100 1047 
3 814 2615 2108 
3 814 3391 2615 
3 3391 814 1578 
3 379 814 2108 
3 814 100 1578 
3 814 379 3394 
3 100 814 3394 
3 3391 1857 2615 
3 1292 753 2615 
3 3960 2326 3206 
3 2326 711 1855 
3 711 2326 3960 
3 3454 254 3664 
3 3454 1637 254 
3 3206 3454 3664 
3 1637 3454 3875 
3 1131 1173 1831 
3 3877 1131 1831 
3 1131 3877 2811 
3 1982 3877 3696 
3 3877 1982 3223 
3 1982 1395 3223 
3 1982 3696 546 
3 1395 1982 546 
3 3129 680 2102 
3 1154 304 1584 
3 304 1154 3023 
3 3315 1554 3804 
3 3315 304 3423 
3 304 3315 1584 
3 290 452 462 
3 452 1724 462 
3 1724 452 290 
3 1295 1410 591 
3 2529 2617 1009 
3 1168 2529 1009 
3 1535 2568 1695 
3 1535 2179 2568 
3 706 1535 1695 
3 2179 1535 1855 
3 908 706 3994 
3 908 595 706 
3 908 3994 543 
3 595 908 543 
3 1327 705 706 
3 1535 705 2638 
3 476 2373 3621 
3 3963 476 3621 
3 2373 476 1387 
3 2589 3963 266 
3 2589 266 3317 
3 2359 1997 1842 
3 3963 2359 1842 
3 91 2092 1132 
3 91 1299 2092 
3 3621 172 924 
3 2373 172 3621 
3 430 3777 1387 
3 612 430 1387 
3 430 612 3777 
3 2395 558 1796 
3 2395 475 3386 
3 475 2395 1796 
3 3777 2395 3386 
3 558 2395 3777 
3 3267 3403 1462 
3 3267 1462 3486 
3 1771 475 1796 
3 475 1771 3386 
3 894 1771 1889 
3 1430 3022 318 
3 3022 1430 3988 
3 30 3697 1569 
3 3396 30 1569 
3 30 3396 3697 
3 1142 910 1811 
3 1811 910 3862 
3 910 95 3862 
3 2186 558 3511 
3 1556 2186 3511 
3 2143 2186 1556 
3 558 2186 1347 
3 2186 2143 1347 
3 2896 2919 3455 
3 3158 2919 2896 
3 2919 1842 3455 
3 2919 3158 1842 
3 780 11 2027 
3 3109 11 780 
3 11 4 2027 
3 4 11 498 
3 11 3109 498 
3 3622 2980 498 
3 2980 3622 1556 
3 1556 3622 3802 
3 3622 1349 3802 
3 1349 3622 498 
3 2980 2428 3326 
3 2633 2428 3633 
3 2428 2980 3633 
3 410 3398 105 
3 410 2500 3398 
3 2779 410 105 
3 2500 410 375 
3 375 410 780 
3 780 410 1188 
3 410 1172 1188 
3 410 2779 1172 
3 2045 276 2896 
3 276 3158 2896 
3 276 2315 3158 
3 2315 276 2027 
3 276 375 2027 
3 276 2045 375 
3 1004 2611 1864 
3 863 1004 1864 
3 2611 1004 1214 
3 1004 829 1214 
3 3213 3958 79 
3 2893 3958 3213 
3 2973 14 2012 
3 14 157 2012 
3 157 14 275 
3 14 549 275 
3 1994 3140 3003 
3 44 3784 3003 
3 1994 3784 1810 
3 3784 1994 3003 
3 2170 1816 2973 
3 1816 829 2311 
3 1816 2170 829 
3 1118 2665 2704 
3 1118 694 2665 
3 3385 2217 1724 
3 348 3385 1724 
3 2217 3385 301 
3 3104 56 1869 
3 1910 56 301 
3 2419 1026 115 
3 2977 290 3664 
3 1092 2977 3664 
3 694 2977 1092 
3 1977 3385 348 
3 1977 115 301 
3 3385 1977 301 
3 2218 2129 2419 
3 1985 512 364 
3 1985 482 512 
3 2536 776 1992 
3 776 2893 3213 
3 776 1749 1992 
3 1749 776 3213 
3 1041 976 2012 
3 976 2170 2012 
3 2170 976 1041 
3 181 2390 1129 
3 3775 181 3766 
3 181 489 3766 
3 181 1129 3631 
3 489 181 3631 
3 1488 3405 3145 
3 3405 1488 108 
3 2611 1488 3145 
3 1488 2611 108 
3 305 187 3150 
3 3405 305 3150 
3 305 3405 108 
3 187 305 1041 
3 2170 305 108 
3 305 2170 1041 
3 1864 2661 1858 
3 2918 2661 1864 
3 2661 495 1858 
3 1518 1760 2698 
3 1760 2802 2698 
3 2802 1760 1518 
3 3779 503 495 
3 3779 129 503 
3 3779 495 2698 
3 2802 3779 2698 
3 3779 2802 3398 
3 129 3779 3398 
3 2566 1970 3988 
3 1970 3022 3988 
3 2224 1970 2566 
3 1777 1970 3903 
3 1970 2224 3903 
3 2636 1861 1892 
3 1861 2636 2028 
3 3000 1686 3903 
3 1146 1686 3000 
3 1686 1340 2113 
3 1340 2836 2458 
3 2458 2836 3000 
3 2836 1146 3000 
3 1686 2836 1340 
3 2836 1686 1146 
3 535 1820 3249 
3 393 826 3151 
3 826 393 2090 
3 2666 393 2890 
3 2595 2666 2890 
3 2666 2595 3124 
3 2090 2666 3124 
3 393 2666 2090 
3 3124 2333 3796 
3 1531 1647 702 
3 1647 2595 888 
3 1647 1460 702 
3 2595 1647 1648 
3 1582 143 3796 
3 143 2497 3796 
3 1917 1582 3796 
3 1195 3911 3852 
3 3911 1195 2497 
3 3911 143 3852 
3 143 3911 2497 
3 3456 1653 2016 
3 1653 3456 2879 
3 1645 3456 2016 
3 392 1383 1156 
3 1653 392 1156 
3 2033 1456 2229 
3 2033 2070 1582 
3 2070 2033 2681 
3 468 1653 2879 
3 1653 468 2229 
3 468 2033 2229 
3 2033 468 2681 
3 914 1960 3852 
3 914 2070 2681 
3 1960 914 2879 
3 1044 1403 3151 
3 571 1044 3151 
3 1044 571 1403 
3 286 571 3151 
3 571 286 1195 
3 826 286 3151 
3 286 826 1195 
3 2592 412 3162 
3 1514 412 2592 
3 639 3933 677 
3 3924 639 677 
3 639 3924 3953 
3 639 3953 3711 
3 3933 639 3711 
3 2964 2121 677 
3 84 2121 2964 
3 2121 3924 677 
3 3924 2121 1022 
3 2121 3104 1022 
3 2121 84 3104 
3 1456 3093 2229 
3 3093 1456 3630 
3 3192 3093 3630 
3 19 2180 3934 
3 19 87 2180 
3 19 3934 3249 
3 87 19 3249 
3 2619 2116 1156 
3 2933 2619 1156 
3 2232 2393 3381 
3 2940 2232 3381 
3 2393 2232 2866 
3 2232 2940 2866 
3 2454 3969 1156 
3 3969 2454 3381 
3 3754 2454 3347 
3 2454 3754 2940 
3 2940 3754 2866 
3 827 1645 1156 
3 3969 827 1156 
3 827 3969 3381 
3 2393 827 3381 
3 2207 827 2393 
3 1645 827 2879 
3 3093 2184 2864 
3 2184 3093 3192 
3 1729 237 1761 
3 1729 3192 237 
3 1729 1761 677 
3 3933 1729 677 
3 3192 1729 3933 
3 3015 1456 702 
3 164 3015 702 
3 3015 164 1456 
3 3609 324 3666 
3 324 3609 2519 
3 404 3621 924 
3 1577 404 924 
3 404 1577 3621 
3 1228 1573 2604 
3 1577 1228 2604 
3 1228 1577 3060 
3 654 938 434 
3 654 3051 938 
3 3927 3195 1757 
3 3927 3100 3195 
3 3195 1490 2040 
3 2040 1490 3449 
3 1490 1504 3449 
3 1504 1490 2629 
3 1490 3100 2629 
3 1859 2028 2629 
3 3100 1859 2629 
3 1952 3493 2371 
3 3493 1952 169 
3 3493 766 2371 
3 766 3493 169 
3 2550 907 3900 
3 3367 2550 3900 
3 3537 471 3539 
3 3537 2286 471 
3 2286 1963 2964 
3 1963 656 2964 
3 1963 1592 2102 
3 656 1963 2102 
3 1592 1963 3804 
3 1963 3537 3804 
3 688 88 2002 
3 88 1732 1009 
3 88 688 1168 
3 1732 88 1168 
3 2397 88 1009 
3 2002 88 2397 
3 1353 3198 663 
3 2742 1353 2872 
3 1446 3860 1332 
3 3223 3860 1446 
3 2642 325 1823 
3 325 2746 1005 
3 3773 2746 325 
3 2746 3773 1332 
3 3860 2746 1332 
3 2746 3860 996 
3 2002 589 591 
3 589 3198 591 
3 3198 589 2002 
3 2460 2659 1289 
3 2908 2460 1289 
3 591 2460 2908 
3 2460 2652 2659 
3 2079 1239 675 
3 1452 2448 888 
3 1452 2595 2948 
3 2079 1452 2948 
3 2448 1452 675 
3 1452 2079 675 
3 3539 295 2996 
3 1460 295 3539 
3 295 647 2996 
3 295 1151 647 
3 1151 295 1460 
3 2448 2978 888 
3 1454 2448 675 
3 2662 2426 675 
3 2426 2662 714 
3 2426 714 2996 
3 647 2426 2996 
3 480 1154 1584 
3 1154 480 2807 
3 2600 2807 270 
3 2600 1154 2807 
3 3978 2600 270 
3 1154 2600 3978 
3 1844 1407 1482 
3 1407 744 357 
3 357 744 748 
3 1844 744 1407 
3 996 744 1005 
3 1005 744 1482 
3 744 1844 1482 
3 1159 3715 3965 
3 2377 3010 965 
3 569 3010 748 
3 3010 2377 748 
3 597 707 730 
3 3715 597 3965 
3 597 3715 569 
3 597 233 3965 
3 597 730 233 
3 1670 3068 2586 
3 3068 2009 2586 
3 2905 3956 2199 
3 2103 3956 2905 
3 3956 2103 1400 
3 735 243 3862 
3 2983 735 3862 
3 735 2983 907 
3 1953 1458 1515 
3 645 1953 1515 
3 1953 645 1458 
3 1318 3149 1818 
3 1818 3149 3812 
3 3149 1463 3812 
3 743 617 78 
3 743 1318 617 
3 743 3149 1318 
3 1463 743 78 
3 3149 743 1463 
3 2804 3716 1478 
3 3716 3533 1478 
3 2714 394 1478 
3 394 65 1478 
3 3229 100 1995 
3 100 3229 1047 
3 3670 2356 1578 
3 2356 3391 1578 
3 2356 1857 3391 
3 2356 737 792 
3 737 2356 3670 
3 753 1169 3226 
3 1292 1169 753 
3 3226 1169 1439 
3 2478 617 1439 
3 617 2478 792 
3 1169 2478 1439 
3 2478 1169 1292 
3 2478 2356 792 
3 1857 777 2615 
3 777 1292 2615 
3 1025 2617 1173 
3 1131 1025 1173 
3 2617 1025 2811 
3 1025 1131 2811 
3 3423 1185 1554 
3 1554 1185 2102 
3 1185 3129 2102 
3 2671 3423 1554 
3 3315 2671 1554 
3 2671 3315 3423 
3 3315 3706 1584 
3 3706 3315 3804 
3 1216 688 591 
3 1410 1216 591 
3 1216 1410 688 
3 3448 1819 1168 
3 688 3448 1168 
3 1410 3448 688 
3 3448 1410 1295 
3 2617 762 545 
3 2529 762 2617 
3 762 1510 545 
3 1510 762 1295 
3 762 2529 1168 
3 762 3448 1295 
3 1819 762 1168 
3 3448 762 1819 
3 1840 1535 706 
3 705 1840 706 
3 1840 705 1535 
3 705 505 2638 
3 3996 505 3221 
3 476 598 1387 
3 598 3963 1842 
3 598 476 3963 
3 2359 2819 1997 
3 2589 2107 3963 
3 2107 2359 3963 
3 2107 2819 2359 
3 91 321 1299 
3 1777 2381 340 
3 2381 1777 3903 
3 1686 2381 3903 
3 2381 1686 2078 
3 563 2078 1299 
3 321 563 1299 
3 2381 563 340 
3 563 2381 2078 
3 563 321 91 
3 563 91 1132 
3 2430 563 1132 
3 563 2430 340 
3 2141 172 2373 
3 1273 2141 2373 
3 577 2141 1273 
3 2141 577 924 
3 172 2141 924 
3 727 1235 3455 
3 2949 173 3758 
3 173 2949 3370 
3 3407 1771 1796 
3 1771 3407 1889 
3 3407 1796 1347 
3 3407 531 3820 
3 1889 3407 3820 
3 3403 3407 1347 
3 3267 3407 3403 
3 3285 3407 848 
3 531 3407 3285 
3 3407 3486 848 
3 3407 3267 3486 
3 894 37 1771 
3 37 3752 3386 
3 37 894 3752 
3 2430 3160 2675 
3 3160 2430 3752 
3 894 3160 3752 
3 2675 1180 318 
3 1180 1430 318 
3 3733 1457 3836 
3 2566 1457 3759 
3 3277 3396 95 
3 910 3277 95 
3 3732 209 1430 
3 3732 1180 1889 
3 1180 3732 1430 
3 3732 1889 3052 
3 3732 3277 209 
3 3396 3732 3052 
3 3277 3732 3396 
3 2188 910 1142 
3 209 2188 1430 
3 2188 3277 910 
3 3277 2188 209 
3 3836 2188 1618 
3 2188 1142 1618 
3 1457 2188 3836 
3 2188 1457 1430 
3 3326 2411 1842 
3 2428 2411 3326 
3 2411 2428 2633 
3 612 2411 2633 
3 2411 598 1842 
3 2411 612 1387 
3 598 2411 1387 
3 653 1004 863 
3 1004 653 829 
3 829 653 2311 
3 653 1832 2311 
3 3005 3700 1306 
3 3958 3005 1306 
3 1564 14 2973 
3 14 1564 549 
3 3700 1564 1306 
3 1564 3700 549 
3 1994 1152 3140 
3 1152 3471 3140 
3 3140 2599 3317 
3 3471 2599 3140 
3 2599 2819 3317 
3 2599 727 1997 
3 2819 2599 1997 
3 2599 1392 727 
3 3750 44 1749 
3 3784 3750 1749 
3 3750 3784 44 
3 3784 724 1810 
3 1101 724 1749 
3 724 3784 1749 
3 2990 3958 1306 
3 1737 2990 1306 
3 1973 3570 700 
3 2106 1026 2419 
3 2904 3232 3785 
3 3869 227 2704 
3 227 3869 2549 
3 227 3792 2704 
3 3792 227 2471 
3 2789 227 2549 
3 835 3104 2881 
3 835 56 3104 
3 56 835 301 
3 2982 835 2881 
3 835 2982 301 
3 2764 1910 115 
3 1026 2764 115 
3 2764 56 1910 
3 56 2764 1869 
3 2764 1026 1869 
3 2461 2977 694 
3 1118 2461 694 
3 2461 1118 2704 
3 3792 2461 2704 
3 2461 3792 1160 
3 1977 2253 115 
3 808 1977 348 
3 808 1724 290 
3 808 348 1724 
3 2218 3227 1160 
3 2253 3227 2218 
3 3227 2253 1977 
3 2977 3227 290 
3 3227 2461 1160 
3 2461 3227 2977 
3 3227 808 290 
3 808 3227 1977 
3 2129 3002 2419 
3 3002 2106 2419 
3 3348 1985 364 
3 1985 3348 3291 
3 3700 3348 364 
3 3348 3700 62 
3 3348 62 285 
3 3291 3348 285 
3 482 488 758 
3 1985 488 482 
3 488 1985 3291 
3 320 3654 3150 
3 3654 3775 3150 
3 3654 181 3775 
3 2603 2661 2918 
3 495 2603 2698 
3 2661 2603 495 
3 2603 3889 2698 
3 2603 2918 3889 
3 3049 1970 1777 
3 1970 3049 3022 
3 3049 1777 340 
3 3022 3049 340 
3 1774 2257 1892 
3 3495 1774 1892 
3 2257 1774 627 
3 1774 2465 627 
3 2636 114 2028 
3 1686 1322 2078 
3 2619 3110 2116 
3 3110 87 3249 
3 1820 3110 3249 
3 1195 2473 2090 
3 2473 826 2090 
3 826 2473 1195 
3 2194 2595 3796 
3 2333 2194 3796 
3 1582 3603 1531 
3 1917 3603 1582 
3 3603 1647 1531 
3 2243 1645 2879 
3 3456 2243 2879 
3 2243 3456 1645 
3 562 2864 1383 
3 392 562 1383 
3 562 3093 2864 
3 3093 562 2229 
3 562 1653 2229 
3 562 392 1653 
3 1746 1582 1456 
3 2033 1746 1456 
3 1746 2033 1582 
3 143 2387 3852 
3 2387 914 3852 
3 914 2387 2070 
3 2387 143 1582 
3 2070 2387 1582 
3 468 887 2681 
3 1669 1514 2595 
3 1669 412 1514 
3 827 1948 2879 
3 2567 3192 3933 
3 2567 2184 3192 
3 2184 2567 2864 
3 2567 3933 425 
3 2864 2567 425 
3 3422 3333 3666 
3 3333 3609 3666 
3 3609 3333 3422 
3 3412 3927 1343 
3 3927 3412 3100 
3 3570 1877 700 
3 1877 3637 1869 
3 1026 1877 1869 
3 1877 2106 700 
3 2106 1877 1026 
3 3637 2492 1728 
3 3051 1003 2306 
3 3100 3031 3195 
3 3031 1490 3195 
3 1490 3031 3100 
3 1277 1861 2028 
3 3537 583 2286 
3 583 1963 2286 
3 1963 583 3537 
3 68 663 1232 
3 68 1353 663 
3 2966 68 1232 
3 68 2966 1332 
3 3773 68 1332 
3 1353 68 2872 
3 391 3556 3248 
3 3556 3535 3248 
3 1407 3556 1482 
3 3556 1407 380 
3 707 1940 3325 
3 1940 1395 3325 
3 1395 1940 3223 
3 3860 1415 996 
3 744 1415 748 
3 1415 744 996 
3 2642 71 325 
3 3773 71 2872 
3 71 3773 325 
3 1870 996 1005 
3 2746 1870 1005 
3 1870 2746 996 
3 1326 1353 2742 
3 1353 1326 3198 
3 3198 1326 591 
3 1326 2460 591 
3 913 3534 2872 
3 3534 2742 2872 
3 3534 637 2742 
3 637 3973 2742 
3 3973 2460 2742 
3 3973 2652 2460 
3 2079 681 1239 
3 681 2598 2592 
3 1239 681 2592 
3 2598 681 2948 
3 2595 1244 888 
3 1244 1452 888 
3 1452 1244 2595 
3 1551 1454 675 
3 2426 1551 675 
3 1179 2978 2448 
3 1454 1179 2448 
3 2978 1179 888 
3 2741 480 1584 
3 480 2741 2807 
3 2220 2741 1584 
3 2807 2741 2220 
3 621 3715 1159 
3 680 621 1250 
3 621 1159 1250 
3 3715 621 569 
3 3705 569 748 
3 3705 597 569 
3 597 3705 707 
3 3705 1940 707 
3 3535 2850 3248 
3 2275 2009 2659 
3 2275 2312 2009 
3 2652 2275 2659 
3 1990 1290 1670 
3 714 1290 1441 
3 1290 2807 1441 
3 1546 1290 714 
3 1290 3068 1670 
3 1290 1546 739 
3 2009 1290 739 
3 3068 1290 2009 
3 1990 1999 965 
3 1999 1990 1670 
3 1753 720 965 
3 720 3556 380 
3 2377 720 380 
3 720 2377 965 
3 2706 3956 1400 
3 3956 2706 2199 
3 1693 2706 1400 
3 2706 3734 2199 
3 2706 1693 3734 
3 735 855 243 
3 243 855 2924 
3 855 3367 2924 
3 65 249 2804 
3 249 3716 2804 
3 2622 737 3670 
3 3533 3204 1170 
3 3716 3204 3533 
3 249 3204 3716 
3 374 2714 78 
3 394 374 78 
3 374 394 2714 
3 2745 201 2967 
3 2745 1141 201 
3 2745 2967 1911 
3 1284 2745 1911 
3 2745 1284 175 
3 2610 2745 175 
3 1141 2745 2610 
3 1637 1194 2610 
3 1194 1141 2610 
3 1194 1637 3875 
3 2468 1194 3875 
3 1141 1194 201 
3 1924 2478 1292 
3 777 1924 1292 
3 1924 777 1857 
3 2356 1924 1857 
3 2478 1924 2356 
3 534 2326 1855 
3 2326 534 3206 
3 534 3454 3206 
3 534 3996 3454 
3 304 1061 3423 
3 1061 1185 3423 
3 1061 3010 569 
3 621 1061 569 
3 1185 1061 3129 
3 3129 1061 680 
3 1061 621 680 
3 3706 3065 1584 
3 3065 3706 2540 
3 3706 1158 2540 
3 2540 1158 3539 
3 1158 3537 3539 
3 3537 1158 3804 
3 1158 3706 3804 
3 2909 705 1327 
3 2909 505 705 
3 2909 1327 1170 
3 505 2680 2638 
3 2680 505 3996 
3 2680 534 2638 
3 534 2680 3996 
3 1868 2107 2589 
3 2107 1868 2819 
3 1868 2589 3317 
3 2819 1868 3317 
3 3842 2896 3455 
3 2896 3842 3370 
3 3842 173 3370 
3 1235 3014 3455 
3 3014 1235 3758 
3 3014 3842 3455 
3 173 3014 3758 
3 3842 3014 173 
3 3585 2949 3758 
3 2523 3101 3370 
3 2949 2523 3370 
3 3101 2523 503 
3 503 2523 1858 
3 1771 3558 3386 
3 3558 37 3386 
3 37 3558 1771 
3 3299 3160 894 
3 3299 894 1889 
3 1180 3299 1889 
3 3160 3299 2675 
3 3299 1180 2675 
3 2227 3733 3331 
3 2227 1457 3733 
3 2227 2361 36 
3 3759 2227 36 
3 1457 2227 3759 
3 3340 1457 2566 
3 1457 3340 1430 
3 3340 2566 3988 
3 1430 3340 3988 
3 331 1816 2311 
3 1832 331 2311 
3 331 1832 1816 
3 1832 3489 3656 
3 653 3489 1832 
3 2285 3005 3958 
3 2285 3958 2893 
3 3700 2285 62 
3 3005 2285 3700 
3 2285 2536 62 
3 776 2285 2893 
3 2285 776 2536 
3 2593 1229 1101 
3 624 2593 3471 
3 1152 624 3471 
3 624 1229 2593 
3 624 1994 1810 
3 624 1152 1994 
3 1229 624 1101 
3 85 2593 1101 
3 2593 1666 3471 
3 724 547 1810 
3 547 724 1101 
3 547 624 1810 
3 624 547 1101 
3 1816 2136 2973 
3 2136 1832 3656 
3 1832 2136 1816 
3 2136 1737 1306 
3 2136 1564 2973 
3 1564 2136 1306 
3 1314 2990 1737 
3 1314 1101 79 
3 3958 1314 79 
3 2990 1314 3958 
3 135 1973 700 
3 135 3232 1973 
3 2106 135 700 
3 3232 135 2106 
3 121 3792 2471 
3 121 2471 2560 
3 2129 121 2560 
3 121 2129 2218 
3 121 2218 1160 
3 3792 121 1160 
3 2471 3544 2560 
3 3681 3003 434 
3 1619 3681 434 
3 44 3681 2317 
3 3681 44 3003 
3 3681 2549 2317 
3 3681 2789 2549 
3 1100 3232 293 
3 3685 2218 2419 
3 3685 2253 2218 
3 3685 2419 115 
3 2253 3685 115 
3 1431 3002 2129 
3 293 1431 2560 
3 1431 2129 2560 
3 3002 3184 2106 
3 3232 3184 293 
3 3184 3232 2106 
3 3184 1431 293 
3 1431 3184 3002 
3 3810 3291 285 
3 3810 488 3291 
3 3869 3810 285 
3 2792 3654 320 
3 3654 2792 181 
3 2792 320 1680 
3 2390 2792 1680 
3 181 2792 2390 
3 114 3791 2028 
3 3791 1504 2629 
3 2028 3791 2629 
3 3791 114 2636 
3 1504 3791 1892 
3 3791 2636 1892 
3 2843 1322 2113 
3 1322 2843 2078 
3 1299 2843 2113 
3 2078 2843 1299 
3 226 1686 2113 
3 1322 226 2113 
3 226 1322 1686 
3 3110 3886 87 
3 3886 3110 2619 
3 2882 3754 3347 
3 3110 2882 2116 
3 2882 3347 1156 
3 2116 2882 1156 
3 1631 2333 3124 
3 1631 2194 2333 
3 3603 3519 1647 
3 3519 3603 1917 
3 801 914 2681 
3 887 801 2681 
3 914 801 2879 
3 801 468 2879 
3 801 887 468 
3 412 939 3162 
3 1669 939 412 
3 939 2595 3162 
3 939 1669 2595 
3 2576 827 2207 
3 2576 1948 827 
3 2576 2207 2879 
3 1948 2576 2879 
3 2711 2492 3637 
3 1877 2711 3637 
3 2711 1877 3570 
3 2952 2711 3570 
3 2492 2711 1343 
3 2711 2952 1343 
3 3927 255 1343 
3 255 2492 1343 
3 255 3927 1757 
3 2492 255 1728 
3 3953 255 1757 
3 1728 255 3953 
3 324 377 3060 
3 377 324 2519 
3 377 2415 2921 
3 1228 317 1573 
3 654 317 3051 
3 1573 317 434 
3 317 654 434 
3 1973 1914 3570 
3 1914 2952 3570 
3 1914 1003 2952 
3 1003 1914 2306 
3 101 528 70 
3 528 2458 573 
3 3880 528 573 
3 2458 528 2113 
3 528 101 2113 
3 1859 2729 2028 
3 2729 1277 2028 
3 2729 1859 3100 
3 2442 3773 2872 
3 68 2442 2872 
3 2442 68 3773 
3 2201 1999 1670 
3 2201 2019 1753 
3 1999 2201 965 
3 2201 1753 965 
3 3556 116 1482 
3 116 1005 1482 
3 116 3790 1005 
3 720 1920 3556 
3 1390 1415 3860 
3 1390 3860 3223 
3 1940 1390 3223 
3 1415 1390 748 
3 1390 3705 748 
3 3705 1390 1940 
3 913 1157 1823 
3 1157 2642 1823 
3 1157 71 2642 
3 2460 40 2742 
3 40 1326 2742 
3 1326 40 2460 
3 3735 3973 637 
3 3973 3735 2652 
3 3534 319 637 
3 319 3534 913 
3 319 913 1823 
3 3790 319 1823 
3 127 2079 2948 
3 127 681 2079 
3 333 1551 2426 
3 1151 333 647 
3 1551 333 1151 
3 1551 2667 1454 
3 2667 1151 1460 
3 2667 1551 1151 
3 2312 1649 2009 
3 3831 1649 2312 
3 2009 1649 2586 
3 1649 381 2586 
3 3543 3831 2312 
3 3103 3543 2312 
3 3831 3543 1670 
3 3543 2850 1670 
3 2850 3543 3248 
3 2793 391 3248 
3 3582 2793 3248 
3 2793 2127 391 
3 2275 1633 2312 
3 3582 1633 2275 
3 1290 1072 2807 
3 1072 1290 1990 
3 2807 1072 270 
3 1072 965 270 
3 1072 1990 965 
3 2181 720 1753 
3 1082 735 907 
3 1082 855 735 
3 2550 1082 907 
3 1082 2550 3367 
3 855 1082 3367 
3 249 3807 737 
3 737 3807 792 
3 1198 3670 1047 
3 2468 1198 1047 
3 3240 2468 3875 
3 3854 3240 3875 
3 3240 1198 2468 
3 2622 3240 2579 
3 1198 3240 2622 
3 3240 3346 2579 
3 3346 3240 3854 
3 3346 2622 2579 
3 3554 3996 3221 
3 3854 3554 3221 
3 3554 3854 3875 
3 3454 3554 3875 
3 3996 3554 3454 
3 3204 1245 1170 
3 1194 3848 201 
3 201 3848 1995 
3 3848 3229 1995 
3 3848 1194 2468 
3 3229 3848 1047 
3 3848 2468 1047 
3 2450 534 1855 
3 534 2450 2638 
3 1535 2450 1855 
3 2450 1535 2638 
3 540 304 3023 
3 540 1061 304 
3 1061 540 3010 
3 965 540 3023 
3 3010 540 965 
3 327 2540 1584 
3 3065 327 1584 
3 327 3065 2540 
3 1235 2999 3758 
3 2999 3585 3758 
3 2999 1235 727 
3 1392 2999 727 
3 3585 1011 2949 
3 1011 2523 2949 
3 2523 1011 1858 
3 1011 3489 653 
3 1011 863 1858 
3 1011 653 863 
3 2043 2227 3331 
3 1713 2043 3331 
3 2043 1713 1743 
3 2361 2043 1743 
3 2227 2043 2361 
3 3275 2136 3656 
3 3275 3489 3571 
3 3489 3275 3656 
3 1666 3302 3471 
3 3302 2599 3471 
3 3302 1392 2599 
3 85 1658 2593 
3 1658 1666 2593 
3 1666 1658 85 
3 2861 1666 85 
3 2902 1314 1737 
3 2136 2902 1737 
3 2902 2136 3756 
3 3275 2902 3756 
3 2861 2902 3275 
3 227 925 2471 
3 925 3544 2471 
3 3232 1408 3785 
3 1100 1408 3232 
3 3544 1522 2560 
3 1522 293 2560 
3 1522 1100 293 
3 1100 1522 2789 
3 1522 925 2789 
3 925 1522 3544 
3 488 1895 758 
3 3810 1895 488 
3 1895 3810 3869 
3 1895 3869 2665 
3 1895 815 758 
3 815 1895 1092 
3 1895 694 1092 
3 694 1895 2665 
3 1681 860 1861 
3 1861 860 1892 
3 860 3495 1892 
3 3624 1774 3495 
3 860 3624 3495 
3 3159 2619 2933 
3 87 3159 2933 
3 3886 3159 87 
3 1586 535 2866 
3 3754 1586 2866 
3 2882 1586 3754 
3 1586 1820 535 
3 1586 3110 1820 
3 1586 2882 3110 
3 1468 1631 3124 
3 1631 1468 2194 
3 2595 1468 3124 
3 2194 1468 2595 
3 3519 2469 1647 
3 2469 3519 1917 
3 1647 2469 1648 
3 2469 1917 3796 
3 1648 2469 3796 
3 2612 3412 1343 
3 2612 732 764 
3 2952 3675 1343 
3 3675 2612 1343 
3 2612 3675 732 
3 1003 3675 2952 
3 866 1003 3051 
3 866 3675 1003 
3 3675 866 732 
3 732 866 764 
3 761 377 2519 
3 761 2415 377 
3 2921 1684 764 
3 2415 1684 2921 
3 2329 1228 3060 
3 2329 317 1228 
3 377 2329 3060 
3 2329 377 2921 
3 2856 1914 1973 
3 2856 3232 2904 
3 3232 2856 1973 
3 2856 2904 2306 
3 1914 2856 2306 
3 3412 1756 3100 
3 1756 2729 3100 
3 2850 205 1670 
3 205 2201 1670 
3 205 2850 3535 
3 2201 205 3535 
3 3556 1139 3535 
3 1139 2201 3535 
3 1920 1139 3556 
3 2201 1139 2019 
3 2127 441 391 
3 441 3556 391 
3 441 116 3556 
3 71 3835 2872 
3 1157 3835 71 
3 3835 913 2872 
3 3835 1157 913 
3 622 319 2127 
3 319 622 637 
3 622 3735 637 
3 3735 622 2652 
3 681 2650 2948 
3 2650 127 2948 
3 127 2650 681 
3 1019 2426 647 
3 333 1019 647 
3 1019 333 2426 
3 280 1179 1454 
3 2667 280 1454 
3 280 1647 888 
3 1179 280 888 
3 1647 280 1460 
3 280 2667 1460 
3 1153 1670 2586 
3 381 1153 2586 
3 1153 3831 1670 
3 2624 1649 3831 
3 1649 2624 381 
3 1153 2624 3831 
3 2624 1153 381 
3 1640 3582 2275 
3 1640 2793 3582 
3 1640 2275 2652 
3 622 1640 2652 
3 2793 1640 2127 
3 1640 622 2127 
3 2293 3582 3248 
3 2293 1633 3582 
3 2293 3103 2312 
3 1633 2293 2312 
3 2019 824 1753 
3 824 2181 1753 
3 1543 824 2019 
3 824 1543 2181 
3 1543 1920 720 
3 2181 1543 720 
3 394 716 65 
3 898 394 78 
3 898 78 792 
3 3807 898 792 
3 898 716 394 
3 898 3807 249 
3 898 249 65 
3 716 898 65 
3 3524 2622 3670 
3 1198 3524 3670 
3 3524 1198 2622 
3 2297 3854 3221 
3 2297 3346 3854 
3 2297 1245 3346 
3 505 2297 3221 
3 2909 2297 505 
3 2297 2909 1170 
3 1245 2297 1170 
3 2096 249 737 
3 2622 2096 737 
3 1424 3204 249 
3 1424 1245 3204 
3 2096 1424 249 
3 2999 487 3585 
3 487 2999 1392 
3 3302 487 1392 
3 487 3302 1666 
3 3599 1011 3585 
3 3489 3599 3571 
3 1011 3599 3489 
3 2136 389 3756 
3 389 3275 3756 
3 3275 389 2136 
3 1314 3926 1101 
3 3926 85 1101 
3 3926 2861 85 
3 3926 2902 2861 
3 2789 2927 227 
3 2927 925 227 
3 925 2927 2789 
3 2693 1619 3785 
3 1408 2693 3785 
3 2693 3681 1619 
3 3681 2693 2789 
3 2693 1100 2789 
3 2693 1408 1100 
3 679 3886 2619 
3 3159 679 2619 
3 679 3159 3886 
3 2612 1344 3412 
3 1607 1684 2415 
3 761 1607 2415 
3 3609 1607 2519 
3 1607 761 2519 
3 2329 3182 317 
3 317 3182 3051 
3 3182 866 3051 
3 3182 2329 2921 
3 3182 2921 764 
3 866 3182 764 
3 1139 2303 2019 
3 2303 1139 1920 
3 2303 1543 2019 
3 1543 2303 1920 
3 3827 441 2127 
3 3827 319 3790 
3 319 3827 2127 
3 116 3827 3790 
3 441 3827 116 
3 2551 2293 3248 
3 2293 2551 3103 
3 3543 2551 3248 
3 2551 3543 3103 
3 1245 3190 3346 
3 1424 3190 1245 
3 3346 3190 2622 
3 3190 2096 2622 
3 3190 1424 2096 
3 487 793 3585 
3 23 487 1666 
3 2902 1077 1314 
3 1077 3926 1314 
3 3926 1077 2902 
3 373 1756 3412 
3 1344 373 3412 
3 2729 397 1277 
3 1756 397 2729 
3 1434 1344 2612 
3 1684 3012 764 
3 3012 1607 764 
3 1607 3012 1684 
3 1607 3254 1283 
3 793 1073 3585 
3 3599 1073 3571 
3 1073 3599 3585 
3 2946 3275 3571 
3 2946 2861 3275 
3 2946 23 2861 
3 2861 2332 1666 
3 2332 23 1666 
3 23 2332 2861 
3 3867 373 1344 
3 397 3867 1344 
3 373 3867 1756 
3 3867 397 1756 
3 2744 2612 764 
3 2744 1434 2612 
3 194 397 1344 
3 397 194 1277 
3 194 1283 3880 
3 525 1607 1283 
3 1434 525 1283 
3 2870 3254 1607 
3 528 2870 70 
3 2870 1607 3609 
3 2870 101 70 
3 101 2870 3422 
3 2870 3609 3422 
3 1283 2060 3880 
3 3254 2060 1283 
3 1807 793 487 
3 1807 1073 793 
3 23 1807 487 
3 1073 1807 3571 
3 1807 2946 3571 
3 2946 1807 23 
3 1434 82 1344 
3 82 194 1344 
3 82 1434 1283 
3 194 82 1283 
3 194 3618 1277 
3 3618 3880 573 
3 3618 194 3880 
3 2465 3618 573 
3 1774 3618 2465 
3 3624 3618 1774 
3 1277 3618 1861 
3 3618 1681 1861 
3 3618 860 1681 
3 3618 3624 860 
3 2744 75 1434 
3 75 525 1434 
3 75 2744 764 
3 1607 75 764 
3 525 75 1607 
3 2060 2352 3880 
3 2352 2060 3254 
3 2352 528 3880 
3 2352 2870 528 
3 2870 2352 3254 
Vertices and facets:
- p864(v40): 0.0068 0.0063 -0.0073
- p1894(v30): 0.011 -0.0033 -0.0048
- p1289(v8): 0.0071 0.0054 -0.0079
- p3900(v63): 0.00023 0.0062 -0.008
- p830(v35): 0.00015 -0.0043 -0.011
- p2155(v4): 0.0045 -0.0016 -0.011
- p2167(v77): 0.0068 0.0064 -0.0033
- p2432(v108): 0.0067 0.0059 -0.0081
- p2908(v37): 0.0077 -0.0013 -0.011
- p3823(v115): -0.0033 7.6e-06 -0.0078
- p2625(v114): -0.0047 -0.034 -0.0085
- p3631(v64): -0.0045 -0.034 -0.0088
- p3766(v18): -0.0048 -0.035 -0.0081
- p3486(v56): -0.0038 -0.002 -0.0055
- p2985(v7): -0.0032 0.00044 -0.0077
- p1032(v117): -0.0035 -0.035 -0.01
- p1234(v66): -0.0033 -0.034 -0.01
- p1439(v9): -0.0032 -0.035 -0.01
- p3237(v67): -0.0038 -0.036 -0.0098
- p3099(v34): -0.0038 -0.034 -0.0098
- p3233(v118): -0.00085 -0.0042 -0.01
- p1867(v19): -0.00038 -0.0045 -0.01
- p1321(v65): -0.002 -0.004 -0.0093
- p2995(v113): -0.0024 0.0016 -0.0081
- p895(v124): 6.1e-05 -0.033 -0.01
- p1400(v68): 0.00057 -0.031 -0.01
- p946(v20): 0.0012 -0.034 -0.01
- p2420(v125): -0.0011 -0.031 -0.011
- p2824(v69): -0.00068 -0.033 -0.011
- p3358(v36): -0.0012 -0.031 -0.011
- p2007(v132): 0.0052 -0.024 -0.01
- p543(v76): 0.0049 -0.026 -0.0099
- p2199(v71): 0.0065 -0.00087 -0.011
- p1518(v142): -0.0054 -0.035 -0.0049
- p2748(v28): -0.0039 -0.0029 -0.005
- p1462(v144): -0.0038 -0.0024 -0.0037
- p254(v151): -7.7e-05 -0.044 -0.0086
- p3664(v150): 0.00082 -0.044 -0.0082
- p3464(v84): -6.3e-05 -0.044 -0.0085
- p364(v153): -0.0024 -0.044 -0.0085
- p1995(v46): -0.0023 -0.043 -0.0092
- p2787(v23): -0.0032 -0.043 -0.0085
- p1092(v154): 2.8e-05 -0.044 -0.008
- p1192(v162): 0.0044 -0.026 0.0001
- p2562(v50): 0.004 -0.026 0.00015
- p3331(v11): 0.0071 -0.00096 0.00093
- p146(v165): 0.0076 -0.001 0.00075
- p1614(v93): 0.0089 -0.0021 -3.7e-05
- p1002(v21): 0.0067 0.0061 -0.002
- p3151(v166):  0.01 -0.0035 -0.0018
- p2866(v51): 0.0092 -0.0026 -0.00021
- p2931(v168): 0.011 -0.0034 -0.0032
- p3131(v2): 0.011 -0.0036 -0.0048
- p3953(v177): 0.0029 -0.041 -0.0023
- p3711(v172): 0.0071 -0.026 -0.002
- p425(v97): 0.0072 -0.026 -0.0018
- p277(v54): 0.0069 -0.026 -0.0013
- p935(v178): 0.0067 -0.026 -0.0011
- p1757(v100): 0.0022 -0.042 -0.0016
- p2040(v179): 0.0022 -0.041 -0.0014
- p3449(v26): 0.0062 -0.025 -0.00057
- p903(v181): -0.0019 0.004 -0.0078
- p878(v185): 0.011 -0.0037 -0.0055
- p33(v103): 0.011 -0.0042 -0.0052
- p1741(v187): 0.011 -0.0055 -0.005
- p1939(v186): 0.011 -0.0051 -0.0048
- p548(v104): 0.011 -0.0068 -0.0048
- p3048(v189):  0.01 -0.0079 -0.005
- p411(v32): 0.011 -0.0039 -0.0058
- p1112(v197): 0.0057 0.0074 -0.0079
- p3413(v17): 0.006 0.0073 -0.0075
- p891(v39): 0.0055 0.0076 -0.0032
- p1129(v199): -0.0045 -0.034 -0.0088
- p3226(v203): -0.0034 -0.036 -0.01
- p2685(v204): -0.0033 -0.033 -0.01
- p3166(v119): -0.0037 -0.033 -0.0099
- p447(v205): -0.0038 -0.033 -0.0098
- p133(v206): -0.0024 -0.0039 -0.009
- p3812(v207): 0.0021 -0.004 -0.011
- p435(v70): 0.0035 -0.003 -0.011
- p2390(v214): -0.0042 -0.036 -0.0094
- p3740(v215): -0.00048 -0.033 -0.011
- p2436(v217): 0.0015 -0.031 -0.01
- p1348(v218): 0.0037 -0.026 -0.01
- p546(v223): 0.0025 -0.041 -0.0082
- p350(v219): 0.0018 -0.041 -0.0087
- p462(v5): 0.0019 -0.043 -0.0081
- p1831(v128): 0.0021 -0.041 -0.0087
- p3601(v230): 0.0066 -0.0012 -0.011
- p706(v233): 0.0016 -0.037 -0.0098
- p3994(v133): 0.0017 -0.034 -0.01
- p2568(v232): 0.0056 -0.026 -0.0096
- p1695(v134): 0.0018 -0.037 -0.0097
- p3211(v234): 0.0063 0.007 -0.0068
- p2048(v135): 0.0065 0.0069 -0.0024
- p1792(v235): -0.0029 -0.037 0.00021
- p1387(v136): -0.0034 -0.037 -2.5e-05
- p1132(v78): -0.0027 -0.035 0.00041
- p2675(v242): -0.002 -0.032 0.00057
- p340(v240): -0.002 -0.034 0.00054
- p318(v138): -0.0016 -0.031 0.00061
- p3090(v244): -0.0024 0.0031 -0.0032
- p3820(v140): -0.0029 0.0021 -0.0029
- p353(v57): -0.0024 0.0031 -0.0033
- p3496(v245): -0.0054 -0.035 -0.0053
- p3889(v86): -0.0054 -0.036 -0.006
- p2698(v1): -0.0055 -0.036 -0.0051
- p973(v246): -0.0039 -0.0031 -0.0047
- p3072(v143): -0.0039 -0.0034 -0.004
- p575(v247): -0.0054 -0.035 -0.0046
- p3403(v248): -0.0036 -0.002 -0.0031
- p1347(v237): -0.0031 -7.1e-05 -0.002
- p1188(v43): -0.0051 -0.034 -0.0027
- p780(v250): -0.005 -0.035 -0.0023
- p2837(v147): -0.0048 -0.033 -0.0019
- p290(v254): 0.0015 -0.044 -0.0074
- p2967(v255): -0.0021 -0.043 -0.0091
- p1911(v152): -0.0017 -0.044 -0.0088
- p175(v257): -0.00072 -0.044 -0.0087
- p512(v258): -0.0014 -0.044 -0.0084
- p815(v256): -0.00092 -0.044 -0.008
- p758(v85): -0.0011 -0.044 -0.0079
- p1172(v265): -0.0052 -0.034 -0.0031
- p2486(v81): -0.0053 -0.034 -0.0038
- p105(v158): -0.0053 -0.035 -0.0036
- p3120(v274): 0.0073 -0.0012 0.00087
- p1899(v91): 0.0051 -0.025 -4.5e-05
- p625(v275): 0.0088 -0.0021 7.7e-05
- p3249(v163): 0.0086 -0.0054 -9.8e-05
- p1558(v92): 0.0082 -0.0023 0.0004
- p3435(v273): 0.0089 -0.0031 -6.3e-05
- p3934(v276): 0.0064 -0.023 -0.00044
- p1301(v164): 0.0079 -0.0019 0.00058
- p3749(v277): 0.0075 -0.0011 0.00076
- p1801(v278): 0.0072 0.0052 -0.0021
- p3714(v94): 0.011 -0.0033 -0.0028
- p2592(v282): 0.011 -0.0037 -0.0039
- p933(v283): 0.011 -0.0036 -0.0033
- p3162(v89): 0.011 -0.0046 -0.0032
- p3933(v290): 0.0077 -0.025 -0.0022
- p1700(v292): 0.0022 -0.042 -0.0016
- p3306(v294): 0.0024 -0.04 -0.0014
- p1274(v297): -0.0019 0.004 -0.0033
- p2371(v298): -0.0027 0.0024 -0.0074
- p259(v299): -0.0018 0.0035 -0.0081
- p3212(v300): 0.0051 0.0077 -0.0031
- p1539(v3): 0.0046 0.0079 -0.0034
- p1618(v182): 0.0036 0.0078 -0.0028
- p3836(v183): 0.0037 0.0074 -0.0019
- p3733(v301): 0.0066 -0.00049 0.00095
- p1142(v302): 0.002 0.0073 -0.0026
- p1811(v102): 0.0018 0.0072 -0.0026
- p3862(v58): 0.0019 0.0073 -0.0031
- p2571(v304): 0.0064 0.0064 -0.002
- p685(v318): 0.0062 0.0067 -0.0081
- p3446(v319): 0.0044 0.0077 -0.0081
- p2968(v320): 0.0024 0.0075 -0.0068
- p837(v321): -0.005 -0.034 -0.0077
- p1515(v322): -0.0053 -0.034 -0.0061
- p1096(v323): -0.0038 -0.0024 -0.006
- p2368(v201): -0.0038 -0.003 -0.0063
- p3636(v325): -0.0035 -0.034 -0.01
- p823(v326): -0.0031 -0.032 -0.01
- p2606(v327): -0.0028 -0.034 -0.01
- p1871(v329): -0.0012 -0.033 -0.011
- p78(v209): -0.002 -0.035 -0.011
- p1478(v330): -0.00043 -0.035 -0.01
- p275(v332): -0.0034 -0.043 -0.0086
- p3394(v211): -0.0032 -0.042 -0.0092
- p1957(v333): -0.0041 -0.038 -0.0092
- p1043(v212): -0.0037 -0.038 -0.0097
- p1680(v123): -0.0043 -0.037 -0.0091
- p3734(v336): 0.0033 -0.026 -0.01
- p405(v337): 0.0041 -0.027 -0.01
- p3206(v338): 0.0015 -0.042 -0.0088
- p2153(v339): 0.002 -0.041 -0.0087
- p2754(v220): 0.0021 -0.04 -0.009
- p2397(v340): 0.0074 -0.021 -0.0091
- p252(v221): 0.0072 -0.022 -0.0091
- p1009(v75): 0.0074 -0.02 -0.0093
- p1297(v341): 0.0025 -0.04 -0.0085
- p27(v343): 0.0076 -0.022 -0.0089
- p2966(v225): 0.0079 -0.02 -0.0088
- p1332(v130): 0.0082 -0.019 -0.0086
- p1446(v226): 0.0075 -0.022 -0.0088
- p1232(v10): 0.0076 -0.021 -0.009
- p233(v347): 0.0027 -0.042 -0.0072
- p2256(v171): 0.0029 -0.041 -0.0077
- p3325(v74): 0.0073 -0.026 -0.0082
- p3965(v346): 0.0077 -0.025 -0.0067
- p1731(v229): 0.0028 -0.042 -0.0063
- p2982(v348): 0.0027 -0.043 -0.0062
- p2881(v53): 0.0029 -0.042 -0.0055
- p1295(v349): 0.0078 -0.0017 -0.011
- p591(v311): 0.0097 -0.0032 -0.0092
- p1173(v351): 0.0063 -0.026 -0.0093
- p545(v352): 0.0061 -0.025 -0.0095
- p472(v355): 0.0068 0.0065 -0.0034
- p2092(v357): -0.0026 -0.037 0.00025
- p1997(v358): -0.0038 -0.041 -0.0011
- p1842(v236): -0.0041 -0.039 -0.00089
- p3455(v41): -0.0044 -0.04 -0.0017
- p2633(v359): -0.0038 -0.036 -0.00025
- p3511(v238): -0.0038 -0.035 -0.00019
- p3633(v22): -0.004 -0.035 -0.00039
- p3052(v361): -0.0016 0.0044 -0.0024
- p3697(v101): -0.0012 0.005 -0.0028
- p3285(v362): -0.0031 0.0012 -0.0028
- p848(v14): -0.0032 0.00097 -0.0031
- p1556(v363): -0.0041 -0.035 -0.00054
- p1093(v364): -0.0029 -0.035 0.00036
- p3777(v239): -0.0034 -0.034 0.00012
- p3386(v137): -0.003 -0.033 0.00031
- p2430(v368): -0.0024 -0.033 0.00052
- p3752(v366): -0.0028 -0.032 0.00037
- p3009(v371): -0.0045 -0.034 -0.0012
- p3802(v146): -0.0043 -0.035 -0.00074
- p375(v374): -0.0051 -0.036 -0.0027
- p2027(v82): -0.0047 -0.036 -0.0016
- p1284(v382): -0.0013 -0.043 -0.0088
- p482(v383): -0.0013 -0.044 -0.0081
- p3869(v387): -0.00099 -0.045 -0.0068
- p2665(v260): -0.00019 -0.045 -0.0069
- p2704(v45): -0.00023 -0.045 -0.0066
- p2611(v388): -0.0051 -0.038 -0.0068
- p108(v261): -0.0047 -0.039 -0.008
- p1214(v47): -0.005 -0.039 -0.0068
- p1864(v262): -0.0054 -0.038 -0.0057
- p3145(v155): -0.0052 -0.038 -0.0069
- p151(v391): -0.0054 -0.037 -0.0061
- p503(v393): -0.0054 -0.038 -0.0045
- p495(v392): -0.0054 -0.037 -0.0046
- p1858(v87): -0.0054 -0.038 -0.0048
- p3985(v394): -0.0054 -0.035 -0.004
- p3398(v264): -0.0054 -0.036 -0.0041
- p3581(v395): 0.00015 -0.033 0.00048
- p3759(v159): 0.0002 -0.032 0.0005
- p36(v90): 0.00064 -0.033 0.00041
- p954(v266): 8e-05 -0.033 0.00044
- p3903(v6): -0.00077 -0.035 0.00046
- p2361(v399): 0.00087 -0.032 0.00041
- p1602(v269): 0.001 -0.032 0.00037
- p1743(v160): 0.0029 -0.027 0.00035
- p3000(v401): 0.00029 -0.035 0.00036
- p3085(v400): 0.0014 -0.032 0.00033
- p1375(v403): 0.0045 -0.026 2.4e-05
- p1892(v270): 0.0048 -0.027 -0.0001
- p2257(v402): 0.0015 -0.034 0.00012
- p1504(v404): 0.0058 -0.026 -0.00048
- p535(v407): 0.0088 -0.0045 -0.00015
- p651(v408): 0.0087 -0.0044 -6.8e-05
- p2180(v409): 0.0063 -0.024 -0.0005
- p1097(v410): 0.0076 -0.0011 0.00077
- p2890(v412):  0.01 -0.0057 -0.0028
- p1403(v417):  0.01 -0.0047 -0.0013
- p3283(v25):  0.01 -0.0045 -0.0013
- p3738(v419): 0.011 -0.0063 -0.0048
- p2393(v423): 0.0097 -0.0041 -0.00086
- p2933(v426): 0.0066 -0.024 -0.00072
- p1383(v424): 0.0076 -0.024 -0.0015
- p1156(v287): 0.0075 -0.022 -0.001
- p1761(v429): 0.0081 -0.023 -0.0029
- p3688(v288): 0.0083 -0.022 -0.0028
- p677(v88): 0.0081 -0.024 -0.0033
- p1456(v430): 0.0083 -0.021 -0.0023
- p1320(v289): 0.0084 -0.02 -0.0023
- p702(v48): 0.0088 -0.019 -0.003
- p3422(v432): -0.0018 -0.038 0.00016
- p2113(v175): -0.0012 -0.037 0.00028
- p3666(v291): -0.0022 -0.039 5.8e-05
- p3104(v435): 0.003 -0.042 -0.0039
- p3450(v228): 0.0079 -0.025 -0.0048
- p3694(v170): 0.0076 -0.026 -0.0042
- p3134(v421): 0.0076 -0.026 -0.0037
- p1728(v436): 0.0022 -0.043 -0.0025
- p1869(v293): 0.0022 -0.044 -0.003
- p3195(v437): 0.0021 -0.041 -0.0014
- p2904(v439): 0.00027 -0.045 -0.0021
- p938(v438): -0.0013 -0.044 -0.0018
- p2306(v295): 2.6e-05 -0.044 -0.0016
- p3785(v296): -0.00037 -0.045 -0.0023
- p169(v440): -0.0023 0.0034 -0.0069
- p3311(v441): -0.0013 0.0048 -0.0067
- p1569(v29): -0.00071 0.0055 -0.0033
- p95(v306): 0.00043 0.0065 -0.0033
- p2378(v442): -0.0032 0.00092 -0.0071
- p1865(v443): 0.004 0.0073 -0.0019
- p907(v444): 0.00092 0.0068 -0.0069
- p2112(v445): 0.0081 -0.025 -0.0054
- p680(v227): 0.0082 -0.024 -0.006
- p2102(v24): 0.0083 -0.024 -0.0056
- p1592(v446): 0.0083 -0.023 -0.0055
- p1554(v344): 0.0086 -0.022 -0.0058
- p3804(v193): 0.0088 -0.021 -0.0054
- p341(v447): 0.0087 -0.02 -0.0034
- p471(v308): 0.0087 -0.021 -0.004
- p2286(v448): 0.0084 -0.023 -0.0041
- p2964(v307): 0.0082 -0.024 -0.0043
- p663(v450): 0.0091 -0.0089 -0.0092
- p2002(v449): 0.0092 -0.0048 -0.0095
- p2220(v453): 0.0096 -0.015 -0.0051
- p714(v313): 0.0098 -0.013 -0.005
- p1441(v194): 0.0097 -0.014 -0.0052
- p675(v454):  0.01 -0.011 -0.004
- p2807(v455): 0.0097 -0.014 -0.006
- p2905(v462): 0.0051 -0.00081 -0.011
- p2943(v464): 0.002 0.0072 -0.008
- p2924(v198): 0.0019 0.0073 -0.0078
- p2547(v465): 0.0035 0.0079 -0.007
- p2216(v111): 0.0032 0.0077 -0.0077
- p2553(v466): 0.0049 0.0078 -0.0072
- p243(v467): 0.0019 0.0073 -0.0071
- p1636(v468): 0.0026 0.0075 -0.0078
- p3826(v470): -0.0052 -0.035 -0.0072
- p3775(v469): -0.0048 -0.036 -0.0082
- p3731(v471): -0.0038 -0.0024 -0.0058
- p3626(v472): -0.0039 -0.041 -0.0089
- p379(v334): -0.0033 -0.041 -0.0094
- p2108(v122): -0.0034 -0.04 -0.0095
- p1041(v389): -0.0042 -0.04 -0.0086
- p2183(v324): -0.0038 -0.041 -0.0088
- p617(v473): -0.0027 -0.034 -0.01
- p792(v121): -0.0026 -0.037 -0.01
- p1463(v474): -0.0017 -0.032 -0.011
- p3096(v475): 0.0019 -0.0041 -0.011
- p1818(v328): -0.0024 -0.032 -0.011
- p454(v476): -0.0027 -0.032 -0.01
- p1508(v208): -0.0026 -0.033 -0.01
- p1418(v477): 0.00056 -0.035 -0.01
- p2714(v478): -0.0013 -0.034 -0.01
- p2610(v480): -0.00097 -0.043 -0.0092
- p157(v482): -0.0038 -0.041 -0.0088
- p2012(v202): -0.0041 -0.041 -0.0083
- p753(v484): -0.0034 -0.036 -0.01
- p2615(v335): -0.0035 -0.039 -0.0097
- p1693(v485): 0.0025 -0.027 -0.01
- p1161(v486): 0.0035 -0.027 -0.01
- p1637(v488): -0.00053 -0.043 -0.0092
- p897(v489): 0.0018 -0.04 -0.0089
- p3960(v487): 0.0016 -0.041 -0.009
- p3877(v490): 0.0067 -0.026 -0.009
- p3223(v458): 0.0074 -0.024 -0.0086
- p2811(v129): 0.0068 -0.025 -0.0091
- p3696(v342): 0.0068 -0.026 -0.0089
- p2691(v492): 0.0076 -0.026 -0.0053
- p2187(v345): 0.0077 -0.026 -0.0055
- p2175(v493): 0.008 -0.025 -0.0055
- p1250(v131): 0.008 -0.025 -0.0057
- p2215(v494): 0.003 -0.042 -0.0062
- p1159(v495): 0.0078 -0.026 -0.0062
- p1724(v496): 0.0021 -0.043 -0.0076
- p2217(v497): 0.0026 -0.043 -0.0065
- p301(v96): 0.0026 -0.043 -0.006
- p688(v498): 0.0088 -0.004 -0.0099
- p1510(v500): 0.0063 -0.023 -0.0096
- p2617(v501): 0.0064 -0.025 -0.0094
- p2179(v502): 0.0017 -0.039 -0.0094
- p3044(v353): 0.0025 -0.037 -0.0093
- p711(v503): 0.0018 -0.04 -0.0091
- p1855(v73): 0.0014 -0.04 -0.0092
- p595(v504): 0.0013 -0.035 -0.01
- p1327(v354): 0.00078 -0.037 -0.01
- p1273(v506): -0.003 -0.038 4.9e-05
- p2373(v356): -0.0031 -0.039 -7.8e-05
- p1299(v508): -0.0022 -0.036 0.0004
- p577(v509): -0.0028 -0.039 5.9e-05
- p924(v42): -0.0027 -0.04 -9.5e-05
- p727(v510): -0.0042 -0.042 -0.0024
- p558(v512): -0.0037 -0.034 -8e-05
- p612(v511): -0.0037 -0.036 -0.00015
- p1796(v360): -0.002 -0.0039 -0.00067
- p531(v515): -0.0031 0.0012 -0.0024
- p1889(v516): -0.0024 0.0025 -0.002
- p3396(v517): -0.00028 0.0059 -0.0025
- p2143(v518): -0.004 -0.034 -0.00046
- p3808(v521): -0.0031 -0.041 -0.00055
- p2604(v369): -0.0028 -0.042 -0.00056
- p266(v139): -0.0031 -0.041 -0.0006
- p3621(v243): -0.003 -0.04 -0.00032
- p3963(v507): -0.0034 -0.04 -0.00046
- p1573(v522): -0.0027 -0.042 -0.00059
- p3317(v79): -0.0035 -0.042 -0.0011
- p434(v12): -0.0024 -0.044 -0.0015
- p3158(v523): -0.0045 -0.038 -0.0014
- p3326(v372): -0.0042 -0.037 -0.00089
- p4(v370): -0.0046 -0.036 -0.0014
- p1349(v524): -0.0044 -0.035 -0.001
- p3109(v525): -0.0046 -0.035 -0.0013
- p498(v249): -0.0045 -0.035 -0.0011
- p2980(v526): -0.0043 -0.036 -0.00086
- p2500(v527): -0.0052 -0.037 -0.003
- p3370(v156): -0.0051 -0.038 -0.0031
- p2779(v528): -0.0052 -0.035 -0.0031
- p2315(v529): -0.0047 -0.037 -0.0017
- p2045(v530): -0.005 -0.037 -0.0025
- p2896(v263): -0.0047 -0.038 -0.002
- p863(v531): -0.0053 -0.038 -0.0055
- p549(v534): -0.0037 -0.042 -0.0082
- p3140(v535): -0.0032 -0.043 -0.0019
- p3003(v377): -0.0028 -0.044 -0.0024
- p44(v536): -0.0028 -0.044 -0.0037
- p2317(v148): -0.0024 -0.045 -0.0047
- p1992(v83): -0.0025 -0.045 -0.0048
- p1749(v378): -0.0029 -0.044 -0.0046
- p1101(v537): -0.0037 -0.043 -0.0049
- p3213(v251): -0.0031 -0.044 -0.0055
- p79(v149): -0.0035 -0.044 -0.0054
- p1910(v542): 0.0022 -0.044 -0.0044
- p115(v381): 0.0017 -0.045 -0.0049
- p1619(v546): -0.00084 -0.045 -0.0024
- p2536(v547): -0.0023 -0.045 -0.0057
- p62(v386): -0.0028 -0.044 -0.0073
- p285(v259): -0.0021 -0.045 -0.0072
- p2549(v384): -0.0017 -0.045 -0.0053
- p3700(v548): -0.0033 -0.043 -0.0079
- p2170(v549): -0.0045 -0.04 -0.008
- p829(v375): -0.005 -0.04 -0.0067
- p2973(v376): -0.0042 -0.042 -0.0075
- p2590(v550): -0.0041 -0.04 -0.0089
- p3033(v116): -0.0043 -0.038 -0.0088
- p320(v551): -0.0043 -0.037 -0.0091
- p187(v552): -0.0044 -0.039 -0.0085
- p3150(v390): -0.0047 -0.037 -0.0082
- p3405(v553): -0.0048 -0.038 -0.0079
- p2918(v554): -0.0054 -0.037 -0.0056
- p2802(v555): -0.0055 -0.036 -0.0048
- p3101(v556): -0.0053 -0.037 -0.0038
- p129(v557): -0.0054 -0.037 -0.0044
- p2224(v558): -0.00061 -0.033 0.00051
- p2566(v396): -0.00029 -0.032 0.00056
- p3022(v559): -0.0016 -0.033 0.00057
- p2380(v562): 0.0037 -0.027 0.00019
- p1713(v268): 0.0034 -0.026 0.00028
- p627(v161): 0.0014 -0.034 0.00017
- p3030(v563): 0.00036 -0.035 0.00029
- p2458(v406): -0.00042 -0.036 0.00027
- p573(v271): 0.0004 -0.036 0.00015
- p2465(v564): 0.00075 -0.035 0.00025
- p3649(v565): -0.00022 -0.034 0.00042
- p403(v566): 0.0046 -0.026 3.4e-05
- p2682(v567): 0.0042 -0.026 0.0001
- p1340(v569): -0.00097 -0.036 0.00032
- p393(v572):  0.01 -0.0051 -0.0024
- p2595(v573):  0.01 -0.0076 -0.0031
- p2598(v418): 0.011 -0.0061 -0.0035
- p2948(v279):  0.01 -0.0082 -0.0033
- p1648(v413): 0.0099 -0.0099 -0.0027
- p3796(v167): 0.0095 -0.012 -0.0023
- p1582(v575): 0.0089 -0.017 -0.0022
- p2497(v576):  0.01 -0.0084 -0.0022
- p3124(v280):  0.01 -0.008 -0.0023
- p2090(v414):  0.01 -0.0057 -0.0021
- p1195(v577): 0.0099 -0.0075 -0.0018
- p1653(v578): 0.0079 -0.021 -0.0015
- p2016(v173): 0.0082 -0.019 -0.0013
- p1960(v580): 0.0096 -0.0093 -0.0015
- p3852(v415): 0.0095 -0.011 -0.0019
- p571(v581):  0.01 -0.0067 -0.0017
- p2738(v281): 0.0099 -0.007 -0.0015
- p3865(v582): 0.0097 -0.0075 -0.0014
- p2879(v416): 0.0094 -0.0096 -0.0014
- p1514(v583): 0.011 -0.0054 -0.0036
- p3924(v585): 0.0078 -0.025 -0.0029
- p1022(v420): 0.0075 -0.026 -0.0031
- p84(v586): 0.0078 -0.026 -0.0036
- p2207(v587): 0.0098 -0.006 -0.0012
- p2864(v588): 0.0076 -0.024 -0.0016
- p87(v589): 0.0067 -0.024 -0.00067
- p2454(v591): 0.0092 -0.007 -0.00073
- p3347(v427): 0.0091 -0.0067 -0.00063
- p2940(v590): 0.0093 -0.0053 -0.00063
- p3381(v286): 0.0095 -0.0053 -0.00076
- p1645(v592): 0.0092 -0.0094 -0.0011
- p237(v593): 0.0081 -0.023 -0.0025
- p3630(v174): 0.008 -0.023 -0.0022
- p3192(v594): 0.0079 -0.024 -0.0022
- p164(v595): 0.0084 -0.021 -0.0025
- p893(v596): 0.0088 -0.019 -0.0026
- p1531(v431): 0.009 -0.017 -0.0025
- p101(v597): -0.0013 -0.038 0.00017
- p1577(v599): -0.0026 -0.041 -0.00026
- p2594(v433): -0.0026 -0.04 -0.00018
- p3060(v176): -0.0023 -0.041 -0.00034
- p3051(v600): -0.00076 -0.044 -0.0013
- p324(v601): -0.0022 -0.04 -0.00011
- p3637(v602): 0.002 -0.043 -0.0025
- p766(v605): -0.0027 0.0025 -0.0068
- p1952(v606): -0.0023 0.0034 -0.0075
- p757(v607): -0.0017 0.0043 -0.0069
- p267(v608): -0.0029 0.0019 -0.0072
- p3367(v609): 0.0013 0.007 -0.0073
- p656(v610): 0.0082 -0.024 -0.0044
- p158(v611): 0.0075 -0.021 -0.0091
- p1732(v612): 0.0086 -0.007 -0.0098
- p1168(v350): 0.0085 -0.0064 -0.0099
- p3139(v614): 0.0092 -0.0062 -0.0093
- p3790(v615): 0.0091 -0.014 -0.0081
- p1005(v451): 0.0087 -0.017 -0.0081
- p1823(v312): 0.0091 -0.014 -0.0083
- p325(v617): 0.0088 -0.016 -0.0084
- p3198(v618): 0.0095 -0.0057 -0.0092
- p2540(v621): 0.0093 -0.017 -0.005
- p1584(v314): 0.0092 -0.018 -0.0058
- p3539(v188): 0.009 -0.019 -0.0044
- p2996(v105): 0.0093 -0.017 -0.0048
- p1239(v624):  0.01 -0.0091 -0.004
- p1460(v625): 0.009 -0.019 -0.004
- p2662(v626):  0.01 -0.011 -0.0041
- p3978(v627): 0.0092 -0.017 -0.0064
- p965(v317): 0.0091 -0.018 -0.0068
- p270(v196): 0.0093 -0.016 -0.0065
- p1154(v628): 0.0091 -0.018 -0.0061
- p3023(v107): 0.0089 -0.019 -0.0063
- p1546(v630):  0.01 -0.012 -0.0052
- p739(v59):  0.01 -0.009 -0.0054
- p1407(v632): 0.0085 -0.019 -0.0078
- p357(v456): 0.0083 -0.021 -0.0077
- p380(v195): 0.0088 -0.018 -0.0072
- p2377(v634): 0.0083 -0.022 -0.0074
- p748(v315): 0.0079 -0.023 -0.0079
- p730(v635): 0.0074 -0.026 -0.0078
- p3553(v636): 0.0072 -0.024 -0.0089
- p1395(v637): 0.0071 -0.026 -0.0084
- p707(v638): 0.0075 -0.025 -0.008
- p2009(v639): 0.011 -0.0037 -0.006
- p2659(v192):  0.01 -0.0034 -0.0083
- p2103(v643): 0.0052 -0.0011 -0.011
- p2425(v644): 0.005 0.0078 -0.0069
- p300(v645): 0.004 0.0079 -0.0074
- p2983(v646): 0.0018 0.0072 -0.0066
- p1010(v647): 0.0023 0.0074 -0.008
- p489(v648): -0.0047 -0.035 -0.0085
- p1458(v649): -0.0053 -0.034 -0.0064
- p645(v650): -0.0053 -0.035 -0.0064
- p2722(v651): -0.0036 -0.039 -0.0096
- p1318(v652): -0.0026 -0.034 -0.01
- p3375(v653): -0.0012 -0.031 -0.011
- p1485(v654): -0.0026 -0.032 -0.01
- p1519(v655): -0.0028 -0.033 -0.01
- p3816(v656): 0.0005 -0.036 -0.01
- p1170(v210): -4e-05 -0.037 -0.01
- p1095(v657): -0.0013 -0.034 -0.01
- p3533(v659): -0.00033 -0.037 -0.01
- p65(v660): -0.0013 -0.035 -0.01
- p2804(v479): -0.00093 -0.036 -0.01
- p100(v661): -0.0027 -0.041 -0.0096
- p201(v662): -0.0021 -0.043 -0.0092
- p3670(v663): -0.0025 -0.04 -0.0099
- p1578(v213): -0.0029 -0.04 -0.0098
- p1047(v481): -0.0024 -0.041 -0.0096
- p814(v664): -0.0031 -0.04 -0.0096
- p3391(v483): -0.003 -0.04 -0.0098
- p1857(v665): -0.0029 -0.038 -0.01
- p1292(v666): -0.0032 -0.036 -0.01
- p2326(v667): 0.0015 -0.04 -0.0092
- p3454(v668): 0.00014 -0.043 -0.0091
- p3875(v331): -0.00051 -0.042 -0.0093
- p1131(v669): 0.0066 -0.025 -0.0092
- p1982(v670): 0.0069 -0.026 -0.0087
- p3129(v671): 0.0082 -0.024 -0.0059
- p304(v672): 0.0088 -0.02 -0.006
- p3315(v673): 0.0089 -0.02 -0.0056
- p3423(v491): 0.0087 -0.021 -0.0059
- p452(v674): 0.0021 -0.043 -0.0077
- p1410(v675): 0.0085 -0.0032 -0.01
- p2529(v676): 0.0065 -0.023 -0.0095
- p1535(v677): 0.0015 -0.038 -0.0095
- p908(v678): 0.0014 -0.035 -0.01
- p705(v679): 0.00087 -0.038 -0.0098
- p2638(v505): 0.00079 -0.039 -0.0097
- p476(v681): -0.0033 -0.039 -0.00024
- p2589(v682): -0.0035 -0.041 -0.00095
- p2359(v683): -0.0038 -0.041 -0.0011
- p91(v684): -0.0025 -0.035 0.0004
- p172(v686): -0.0028 -0.039 -6.5e-05
- p430(v688): -0.0034 -0.037 -2.7e-05
- p2395(v689): -0.0032 -0.033 0.00019
- p475(v514): -0.0017 -0.0044 -0.00045
- p3267(v690): -0.0036 -0.0018 -0.0034
- p1771(v691): -0.0011 -0.0049 1.2e-05
- p894(v693): 0.00061 -0.0049 0.00073
- p1430(v694): 0.0043 -0.0015 0.0013
- p3988(v267): -0.00055 -0.03 0.00061
- p30(v695): -0.00067 0.0055 -0.0028
- p910(v696): 0.0014 0.007 -0.0024
- p2186(v698): -0.0038 -0.034 -0.00019
- p2919(v699): -0.0046 -0.038 -0.0016
- p11(v700): -0.0047 -0.035 -0.0014
- p3622(v701): -0.0043 -0.035 -0.00086
- p2428(v702): -0.004 -0.037 -0.00053
- p410(v703): -0.0052 -0.036 -0.003
- p276(v704): -0.0049 -0.037 -0.0022
- p1004(v705): -0.0052 -0.039 -0.0063
- p3958(v706): -0.0034 -0.044 -0.0067
- p2893(v385): -0.0031 -0.044 -0.0061
- p14(v707): -0.0039 -0.042 -0.0082
- p1994(v708): -0.0031 -0.044 -0.0022
- p3784(v710): -0.0031 -0.044 -0.0035
- p1810(v253): -0.0033 -0.044 -0.0032
- p1816(v712): -0.0045 -0.041 -0.0071
- p2311(v252): -0.0047 -0.041 -0.0068
- p1118(v715): 0.00042 -0.045 -0.0069
- p694(v540): 0.00058 -0.045 -0.0071
- p3385(v716): 0.002 -0.044 -0.007
- p348(v541): 0.0019 -0.044 -0.0071
- p56(v717): 0.0025 -0.043 -0.0042
- p1026(v718): 0.0018 -0.044 -0.0037
- p2419(v543): 0.0013 -0.045 -0.0041
- p2977(v719): 0.00094 -0.045 -0.0072
- p1977(v720): 0.0016 -0.044 -0.0065
- p2129(v721): 0.00066 -0.045 -0.0038
- p2218(v544): 0.0011 -0.045 -0.0056
- p1985(v722): -0.0019 -0.044 -0.0082
- p776(v723): -0.0027 -0.044 -0.0053
- p976(v724): -0.0042 -0.041 -0.0083
- p181(v725): -0.0046 -0.035 -0.0086
- p1488(v726): -0.0049 -0.038 -0.0077
- p305(v727): -0.0044 -0.039 -0.0085
- p2661(v728): -0.0054 -0.037 -0.0054
- p1760(v729): -0.0055 -0.036 -0.0048
- p3779(v730): -0.0054 -0.036 -0.0046
- p1970(v731): -0.00085 -0.033 0.00055
- p1777(v365): -0.0015 -0.034 0.0005
- p2636(v733): 0.0019 -0.035 -0.00021
- p1861(v568): 0.0017 -0.036 -0.00017
- p2028(v405): 0.002 -0.038 -0.00063
- p1686(v734): -0.0009 -0.035 0.00042
- p1146(v570): -0.00042 -0.036 0.00034
- p2836(v735): -0.00049 -0.036 0.00032
- p1820(v736): 0.0087 -0.005 -0.00015
- p826(v738):  0.01 -0.0053 -0.0021
- p2666(v739):  0.01 -0.007 -0.0024
- p2333(v740): 0.0097 -0.011 -0.0023
- p1647(v742): 0.009 -0.018 -0.003
- p888(v411): 0.0093 -0.015 -0.0031
- p143(v743): 0.0096 -0.012 -0.0022
- p1917(v744): 0.0095 -0.013 -0.0023
- p3911(v745): 0.0097 -0.0097 -0.002
- p3456(v746): 0.0083 -0.018 -0.0013
- p392(v747): 0.0077 -0.023 -0.0015
- p2033(v748): 0.0085 -0.019 -0.0019
- p2229(v98): 0.0081 -0.021 -0.0017
- p2070(v749): 0.0091 -0.015 -0.0019
- p2681(v579): 0.009 -0.015 -0.0018
- p468(v750): 0.0083 -0.019 -0.0015
- p914(v751): 0.0092 -0.013 -0.0017
- p1044(v752):  0.01 -0.0053 -0.0015
- p286(v753):  0.01 -0.0073 -0.0018
- p412(v754): 0.011 -0.0053 -0.0035
- p639(v755): 0.0077 -0.025 -0.0025
- p2121(v756): 0.0079 -0.025 -0.0033
- p3093(v757): 0.008 -0.022 -0.0018
- p19(v758): 0.0066 -0.023 -0.00058
- p2619(v759): 0.0072 -0.023 -0.00087
- p2116(v571): 0.0073 -0.022 -0.00087
- p2232(v760): 0.0094 -0.0046 -0.00066
- p3969(v761): 0.0093 -0.0064 -0.00077
- p3754(v762): 0.0092 -0.0059 -0.00063
- p827(v763): 0.0095 -0.0067 -0.00094
- p2184(v764): 0.0078 -0.024 -0.002
- p1729(v765): 0.0081 -0.023 -0.0028
- p3015(v766): 0.0085 -0.021 -0.0026
- p3609(v767): -0.0017 -0.039 -2e-05
- p2519(v434): -0.0018 -0.04 -0.00013
- p404(v768): -0.0029 -0.04 -0.00027
- p1228(v769): -0.0026 -0.041 -0.00048
- p654(v770): -0.002 -0.044 -0.0015
- p3927(v771): 0.0018 -0.042 -0.0015
- p3100(v604): 0.0017 -0.04 -0.001
- p1490(v774): 0.002 -0.04 -0.0011
- p2629(v55): 0.0024 -0.037 -0.00072
- p1859(v775): 0.0018 -0.039 -0.00076
- p3493(v776): -0.0025 0.0031 -0.0074
- p2550(v777): 0.00096 0.0068 -0.007
- p3537(v778): 0.0087 -0.021 -0.0047
- p1963(v779): 0.0083 -0.023 -0.0046
- p88(v780): 0.0089 -0.0063 -0.0096
- p1353(v781): 0.0095 -0.0076 -0.0089
- p2742(v619): 0.0099 -0.0053 -0.0087
- p2872(v452): 0.0094 -0.01 -0.0086
- p3860(v783): 0.0079 -0.022 -0.0084
- p2642(v785): 0.0091 -0.013 -0.0084
- p2746(v786): 0.0082 -0.021 -0.0083
- p3773(v784): 0.0082 -0.019 -0.0086
- p996(v616): 0.0082 -0.021 -0.0082
- p589(v787): 0.0095 -0.0043 -0.0093
- p2460(v788):  0.01 -0.0033 -0.0089
- p2652(v790):  0.01 -0.0037 -0.0084
- p2079(v791):  0.01 -0.01 -0.0039
- p1452(v792):  0.01 -0.0093 -0.0035
- p2448(v622):  0.01 -0.011 -0.0037
- p295(v794): 0.0091 -0.018 -0.0042
- p647(v623): 0.0094 -0.016 -0.0045
- p1151(v793): 0.0093 -0.017 -0.0041
- p2978(v795): 0.0094 -0.015 -0.0033
- p1454(v796): 0.0097 -0.013 -0.0038
- p2426(v797): 0.0098 -0.013 -0.0045
- p480(v798): 0.0093 -0.016 -0.006
- p2600(v799): 0.0093 -0.016 -0.0061
- p1844(v800): 0.0087 -0.018 -0.0078
- p1482(v60): 0.0087 -0.018 -0.0079
- p744(v801): 0.0082 -0.021 -0.008
- p3715(v802): 0.0081 -0.024 -0.0064
- p3010(v803): 0.0082 -0.023 -0.0073
- p569(v633): 0.008 -0.024 -0.0071
- p597(v804): 0.0077 -0.025 -0.0076
- p3068(v808):  0.01 -0.0079 -0.0066
- p1670(v641):  0.01 -0.0082 -0.0068
- p2586(v459): 0.011 -0.0057 -0.0064
- p3956(v811): 0.0055 -0.0011 -0.011
- p735(v812): 0.0018 0.0073 -0.0068
- p1953(v813): -0.0053 -0.034 -0.0062
- p3149(v814): -0.0021 -0.033 -0.011
- p743(v815): -0.0021 -0.033 -0.011
- p3716(v818): -0.00078 -0.036 -0.01
- p394(v819): -0.0015 -0.035 -0.01
- p3229(v820): -0.0024 -0.042 -0.0095
- p2356(v822): -0.0027 -0.038 -0.01
- p737(v816): -0.0022 -0.038 -0.01
- p1169(v823): -0.0032 -0.036 -0.01
- p2478(v824): -0.0029 -0.037 -0.01
- p777(v825): -0.0031 -0.037 -0.01
- p1025(v827): 0.0065 -0.025 -0.0092
- p1185(v828): 0.0084 -0.023 -0.0059
- p2671(v829): 0.0087 -0.021 -0.0059
- p3706(v830): 0.009 -0.019 -0.0052
- p1216(v831): 0.0087 -0.0037 -0.01
- p3448(v832): 0.0083 -0.0029 -0.01
- p1819(v499): 0.0081 -0.0056 -0.01
- p762(v833): 0.0064 -0.023 -0.0096
- p1840(v834): 0.0013 -0.038 -0.0097
- p505(v835): 0.00017 -0.039 -0.0098
- p3996(v826): 0.00013 -0.041 -0.0095
- p3221(v680): -9e-05 -0.04 -0.0097
- p598(v836): -0.0035 -0.039 -0.00037
- p2819(v837): -0.0037 -0.041 -0.0011
- p2107(v838): -0.0036 -0.041 -0.001
- p321(v839): -0.0025 -0.036 0.0004
- p2381(v840): -0.0016 -0.035 0.00048
- p2078(v685): -0.0018 -0.035 0.00044
- p563(v841): -0.0022 -0.035 0.00048
- p2141(v842): -0.0028 -0.039 5e-05
- p1235(v844): -0.0045 -0.041 -0.0027
- p2949(v845): -0.0052 -0.039 -0.004
- p173(v843): -0.005 -0.039 -0.0029
- p3758(v687): -0.0047 -0.04 -0.0028
- p3407(v846): -0.0031 0.0011 -0.002
- p37(v847): -8e-05 -0.0054 0.00048
- p3160(v848): -0.0021 -0.031 0.00056
- p1180(v849): 0.0036 -0.0024 0.0013
- p1457(v850): 0.0054 -0.00092 0.0012
- p3277(v851): 0.0005 0.0065 -0.0023
- p3732(v852): -0.00087 0.0049 -0.002
- p209(v697): 0.00017 0.0058 -0.002
- p2188(v853): 0.0019 0.007 -0.002
- p2411(v854): -0.0039 -0.037 -0.00044
- p653(v856): -0.0052 -0.039 -0.006
- p1832(v855): -0.0047 -0.041 -0.0065
- p3005(v857): -0.0034 -0.043 -0.0075
- p1306(v533): -0.0037 -0.043 -0.0074
- p1564(v858): -0.0039 -0.042 -0.0078
- p1152(v860): -0.0031 -0.044 -0.0022
- p3471(v709): -0.0039 -0.043 -0.0024
- p2599(v861): -0.0036 -0.043 -0.0018
- p1392(v862): -0.0042 -0.042 -0.0025
- p3750(v863): -0.0029 -0.044 -0.0037
- p724(v864): -0.0032 -0.044 -0.0035
- p2990(v866): -0.0037 -0.043 -0.0061
- p1737(v711): -0.0039 -0.043 -0.0061
- p1973(v867): 0.00078 -0.045 -0.0024
- p3570(v772): 0.0014 -0.044 -0.0021
- p700(v180): 0.0012 -0.045 -0.0027
- p2106(v868): 0.0011 -0.045 -0.0029
- p3232(v869): 0.00054 -0.045 -0.0026
- p227(v871): -0.00068 -0.045 -0.005
- p3792(v870): 0.00029 -0.045 -0.006
- p2471(v714): -4.7e-05 -0.045 -0.0045
- p2789(v872): -0.00059 -0.045 -0.0036
- p835(v873): 0.0027 -0.043 -0.0053
- p2764(v874): 0.0021 -0.044 -0.0039
- p2461(v875): 0.00053 -0.045 -0.0066
- p1160(v380): 0.00056 -0.045 -0.0063
- p2253(v876): 0.0015 -0.045 -0.0057
- p808(v877): 0.0018 -0.044 -0.0071
- p3227(v878): 0.0013 -0.045 -0.0069
- p3002(v879): 0.001 -0.045 -0.0034
- p3348(v880): -0.0023 -0.044 -0.0082
- p3291(v545): -0.0021 -0.044 -0.008
- p488(v881): -0.0014 -0.044 -0.008
- p3654(v882): -0.0047 -0.036 -0.0084
- p2603(v883): -0.0055 -0.036 -0.0055
- p3049(v884): -0.0016 -0.033 0.00055
- p1774(v885): 0.0013 -0.035 6.3e-05
- p3495(v732): 0.0018 -0.035 -5.2e-05
- p114(v886): 0.0023 -0.036 -0.00051
- p1322(v887): -0.0015 -0.036 0.00039
- p3110(v888): 0.007 -0.023 -0.00072
- p2473(v890):  0.01 -0.0061 -0.002
- p2194(v891):  0.01 -0.0093 -0.0027
- p3603(v893): 0.0092 -0.015 -0.0025
- p2243(v895): 0.0092 -0.011 -0.0013
- p562(v896): 0.0077 -0.023 -0.0016
- p1746(v897): 0.0086 -0.019 -0.002
- p2387(v898): 0.0091 -0.014 -0.0019
- p887(v899): 0.009 -0.014 -0.0016
- p1669(v900): 0.011 -0.0052 -0.0032
- p1948(v901): 0.0095 -0.0074 -0.0011
- p2567(v902): 0.0077 -0.025 -0.0022
- p3333(v903): -0.0018 -0.039 3.3e-05
- p3412(v905): 0.0013 -0.041 -0.00089
- p1343(v603): 0.0013 -0.043 -0.0014
- p1877(v906): 0.0015 -0.044 -0.0027
- p2492(v907): 0.0019 -0.043 -0.002
- p1003(v910): 0.00014 -0.044 -0.0014
- p3031(v912): 0.0018 -0.041 -0.0011
- p1277(v913): 0.0012 -0.037 -0.00015
- p583(v914): 0.0084 -0.023 -0.0046
- p68(v915): 0.009 -0.012 -0.0088
- p3556(v917): 0.0094 -0.013 -0.0077
- p391(v782): 0.0098 -0.0091 -0.0079
- p3248(v460):  0.01 -0.0076 -0.0075
- p3535(v916):  0.01 -0.0097 -0.0073
- p1940(v918): 0.0076 -0.024 -0.0083
- p1415(v919): 0.0081 -0.022 -0.0082
- p71(v920): 0.0092 -0.011 -0.0085
- p1870(v921): 0.0082 -0.021 -0.0082
- p1326(v922): 0.0096 -0.0056 -0.009
- p3534(v923): 0.0096 -0.009 -0.0085
- p913(v789): 0.0095 -0.011 -0.0084
- p637(v620): 0.0098 -0.0078 -0.0084
- p3973(v924):  0.01 -0.0038 -0.0086
- p681(v926): 0.011 -0.0058 -0.0037
- p1244(v927): 0.0095 -0.014 -0.0032
- p1551(v928): 0.0098 -0.013 -0.0041
- p1179(v929): 0.0097 -0.014 -0.0037
- p2741(v930): 0.0094 -0.016 -0.0059
- p621(v931): 0.0081 -0.024 -0.0061
- p3705(v932): 0.0077 -0.025 -0.0078
- p2850(v934):  0.01 -0.0079 -0.0072
- p2275(v935):  0.01 -0.0037 -0.0081
- p2312(v805): 0.011 -0.0044 -0.0074
- p1290(v937):  0.01 -0.011 -0.006
- p1990(v806):  0.01 -0.011 -0.0063
- p1999(v938): 0.0098 -0.012 -0.0068
- p720(v939): 0.009 -0.017 -0.007
- p1753(v809): 0.0095 -0.014 -0.0069
- p2706(v941): 0.0061 -0.001 -0.011
- p855(v942): 0.0016 0.0071 -0.0074
- p249(v943): -0.0019 -0.037 -0.01
- p2622(v944): -0.0019 -0.04 -0.0099
- p3204(v948): -0.00064 -0.038 -0.01
- p374(v949): -0.0018 -0.035 -0.01
- p2745(v950): -0.0018 -0.043 -0.0092
- p1141(v821): -0.0018 -0.043 -0.0092
- p1194(v951): -0.0018 -0.043 -0.0093
- p2468(v945): -0.0019 -0.042 -0.0095
- p1924(v952): -0.003 -0.037 -0.01
- p534(v953): 0.00079 -0.041 -0.0093
- p1061(v954): 0.0084 -0.023 -0.0062
- p3065(v955): 0.0091 -0.018 -0.0053
- p1158(v956): 0.009 -0.019 -0.0051
- p2909(v957): 0.00011 -0.038 -0.01
- p2680(v958): 0.00043 -0.04 -0.0095
- p1868(v959): -0.0036 -0.041 -0.001
- p3842(v960): -0.0048 -0.039 -0.0023
- p3014(v961): -0.0046 -0.04 -0.0023
- p3585(v962): -0.0049 -0.04 -0.0039
- p2523(v963): -0.0052 -0.039 -0.0042
- p3558(v964): -0.00069 -0.0053 0.0002
- p3299(v965): 0.0019 -0.0042 0.001
- p2227(v966): 0.0055 -0.00094 0.0012
- p3340(v967): 0.0047 -0.0014 0.0013
- p331(v968): -0.0047 -0.041 -0.0068
- p3489(v969): -0.0048 -0.041 -0.0058
- p3656(v538): -0.0047 -0.041 -0.0061
- p2285(v970): -0.003 -0.044 -0.0071
- p1229(v971): -0.0037 -0.043 -0.0041
- p2593(v859): -0.0038 -0.043 -0.0031
- p624(v972): -0.0036 -0.043 -0.0031
- p85(v973): -0.004 -0.043 -0.0047
- p1666(v974): -0.0041 -0.042 -0.0034
- p547(v975): -0.0035 -0.044 -0.0037
- p2136(v976): -0.0044 -0.042 -0.0065
- p1314(v977): -0.0037 -0.043 -0.0051
- p135(v978): 0.00069 -0.045 -0.0026
- p121(v979): 0.00039 -0.045 -0.0057
- p2560(v539): 0.00049 -0.045 -0.0037
- p3544(v980): -1.6e-05 -0.045 -0.0039
- p3681(v981): -0.0011 -0.045 -0.003
- p1100(v982): 6.5e-05 -0.045 -0.0031
- p293(v713): 0.00062 -0.045 -0.0033
- p3685(v983): 0.0012 -0.045 -0.0054
- p1431(v984): 0.00063 -0.045 -0.0036
- p3184(v985): 0.00075 -0.045 -0.0033
- p3810(v986): -0.0018 -0.044 -0.0077
- p2792(v987): -0.0044 -0.036 -0.009
- p3791(v989): 0.0057 -0.026 -0.00047
- p2843(v990): -0.0018 -0.036 0.00041
- p226(v991): -0.0013 -0.036 0.00036
- p3886(v992): 0.0069 -0.023 -0.00071
- p2882(v993): 0.0087 -0.0095 -0.00061
- p1631(v994): 0.0098 -0.01 -0.0024
- p3519(v995): 0.0092 -0.015 -0.0026
- p801(v996): 0.0092 -0.012 -0.0015
- p939(v997): 0.011 -0.0049 -0.0032
- p2576(v998): 0.0097 -0.0066 -0.0012
- p2711(v1000): 0.0016 -0.044 -0.0021
- p2952(v908): 0.0012 -0.043 -0.0015
- p255(v1001): 0.002 -0.042 -0.0018
- p377(v1002): -0.0013 -0.042 -0.00046
- p2415(v1003): -0.001 -0.04 -0.00019
- p2921(v909): -0.001 -0.042 -0.00054
- p317(v1004): -0.0017 -0.043 -0.0007
- p1914(v1005): 0.00068 -0.044 -0.0019
- p528(v1006): -0.00055 -0.038 7.8e-05
- p70(v99): -0.0012 -0.038 0.00011
- p3880(v911): -7.6e-05 -0.038 -2.9e-05
- p2729(v1007): 0.0015 -0.04 -0.00075
- p2442(v1008): 0.0088 -0.015 -0.0086
- p2201(v1009):  0.01 -0.0091 -0.0069
- p2019(v810): 0.0098 -0.011 -0.0071
- p116(v1010): 0.0092 -0.014 -0.008
- p1920(v1011): 0.0094 -0.013 -0.0076
- p1390(v1012): 0.0077 -0.024 -0.0082
- p1157(v1013): 0.0092 -0.013 -0.0083
- p40(v1014): 0.0099 -0.0041 -0.0089
- p3735(v1015):  0.01 -0.0043 -0.0084
- p319(v1016): 0.0096 -0.0096 -0.0083
- p127(v1017):  0.01 -0.0081 -0.0037
- p333(v1018): 0.0097 -0.013 -0.0043
- p2667(v1019): 0.0094 -0.016 -0.0039
- p1649(v1021): 0.011 -0.0041 -0.0062
- p3831(v933): 0.011 -0.0055 -0.0067
- p381(v1020): 0.011 -0.0057 -0.0065
- p3543(v1023):  0.01 -0.0063 -0.0071
- p3103(v1022):  0.01 -0.0068 -0.0074
- p2793(v1024):  0.01 -0.0078 -0.0079
- p3582(v936):  0.01 -0.0052 -0.0078
- p2127(v925): 0.0097 -0.0095 -0.0081
- p1633(v1025):  0.01 -0.0045 -0.0077
- p1072(v1026): 0.0097 -0.013 -0.0062
- p2181(v1027): 0.0091 -0.017 -0.007
- p1082(v1028): 0.0013 0.007 -0.0073
- p3807(v1029): -0.0021 -0.036 -0.01
- p1198(v1030): -0.0021 -0.041 -0.0097
- p3240(v1031): -0.0018 -0.041 -0.0096
- p3854(v946): -0.00047 -0.042 -0.0095
- p2579(v817): -0.0015 -0.04 -0.0098
- p3346(v1032): -0.0012 -0.04 -0.0099
- p3554(v1033): -0.00036 -0.041 -0.0095
- p1245(v1034): -0.00082 -0.039 -0.01
- p3848(v1035): -0.0022 -0.042 -0.0093
- p2450(v1036): 0.00084 -0.041 -0.0093
- p540(v1037): 0.0089 -0.02 -0.0063
- p327(v1038): 0.0093 -0.017 -0.0051
- p2999(v1039): -0.0046 -0.041 -0.0031
- p1011(v1040): -0.0051 -0.04 -0.0054
- p2043(v1041): 0.0063 -0.0013 0.0011
- p3275(v1042): -0.0047 -0.041 -0.0053
- p3571(v379): -0.0047 -0.041 -0.0051
- p3302(v1043): -0.004 -0.042 -0.0024
- p1658(v1044): -0.0039 -0.043 -0.0036
- p2861(v1045): -0.0042 -0.042 -0.0047
- p2902(v1046): -0.004 -0.043 -0.0051
- p3756(v865): -0.0044 -0.042 -0.0055
- p925(v1047): -0.00032 -0.045 -0.004
- p1408(v1048): -5.6e-05 -0.045 -0.0027
- p1522(v1049): -0.00012 -0.045 -0.0036
- p1895(v1050): -0.0011 -0.045 -0.0077
- p860(v1051): 0.0018 -0.035 -0.00011
- p1681(v988): 0.0015 -0.036 -0.00013
- p3624(v1052): 0.0014 -0.035 2.3e-06
- p3159(v1053): 0.0068 -0.023 -0.00074
- p1586(v1054): 0.0089 -0.0054 -0.0003
- p1468(v1055):  0.01 -0.0081 -0.0026
- p2469(v1056): 0.009 -0.017 -0.003
- p2612(v1057): 0.0003 -0.042 -0.00077
- p732(v999): 0.00015 -0.042 -0.00084
- p764(v773): -0.00024 -0.042 -0.0006
- p3675(v1058): 0.00056 -0.043 -0.0012
- p866(v1059): -0.00034 -0.043 -0.00078
- p761(v1060): -0.0012 -0.04 -0.00016
- p1684(v1061): -0.00083 -0.041 -0.00043
- p2329(v1063): -0.0017 -0.042 -0.00063
- p2856(v1064): 0.00048 -0.044 -0.0021
- p1756(v1065): 0.0014 -0.04 -0.00079
- p205(v1066):  0.01 -0.0086 -0.0069
- p1139(v1067): 0.0094 -0.013 -0.0076
- p441(v1068): 0.0096 -0.011 -0.0081
- p3835(v1069): 0.0094 -0.011 -0.0085
- p622(v1070):  0.01 -0.0053 -0.0083
- p2650(v1071): 0.011 -0.0064 -0.0037
- p1019(v1072): 0.0096 -0.014 -0.0045
- p280(v1073): 0.0094 -0.016 -0.0037
- p1153(v1074): 0.011 -0.0058 -0.0066
- p2624(v1075): 0.011 -0.0051 -0.0066
- p1640(v1076):  0.01 -0.0061 -0.0082
- p2293(v1077):  0.01 -0.0047 -0.0077
- p824(v1078): 0.0096 -0.013 -0.007
- p1543(v1079): 0.0092 -0.016 -0.0071
- p716(v1080): -0.0016 -0.035 -0.01
- p898(v1081): -0.002 -0.036 -0.01
- p3524(v1082): -0.0024 -0.04 -0.0099
- p2297(v1083): -0.00054 -0.04 -0.0099
- p2096(v1084): -0.0019 -0.038 -0.01
- p1424(v1085): -0.0015 -0.038 -0.01
- p487(v1086): -0.0046 -0.041 -0.0035
- p3599(v1087): -0.005 -0.04 -0.0053
- p389(v1088): -0.0044 -0.042 -0.0062
- p3926(v1089): -0.004 -0.043 -0.005
- p2927(v1090): -0.00048 -0.045 -0.0041
- p2693(v1091): -0.00056 -0.045 -0.0026
- p679(v1092): 0.0069 -0.023 -0.00075
- p1344(v1093): 0.00053 -0.042 -0.00074
- p1607(v1094): -0.00091 -0.04 -0.00015
- p3182(v1095): -0.00077 -0.042 -0.0007
- p2303(v1096): 0.0095 -0.013 -0.0075
- p3827(v1097): 0.0096 -0.01 -0.0081
- p2551(v1098):  0.01 -0.0075 -0.0075
- p3190(v1100): -0.0016 -0.039 -0.01
- p793(v1101): -0.0048 -0.041 -0.0042
- p23(v1102): -0.0045 -0.041 -0.0036
- p1077(v1103): -0.004 -0.043 -0.005
- p373(v1104): 0.0012 -0.041 -0.00084
- p397(v1105): 0.001 -0.04 -0.00061
- p1434(v1106): 0.00013 -0.041 -0.00045
- p3012(v1107): -0.00064 -0.041 -0.00044
- p3254(v1108): -0.00045 -0.039 -6.9e-05
- p1283(v1062): -0.00011 -0.039 -0.00014
- p1073(v1109): -0.0048 -0.041 -0.0048
- p2946(v1110): -0.0045 -0.042 -0.0041
- p2332(v1111): -0.0043 -0.042 -0.004
- p3867(v1112): 0.0011 -0.04 -0.00067
- p2744(v1113): 2.5e-05 -0.041 -0.00053
- p194(v1114): 0.00071 -0.039 -0.00028
- p525(v1115): -0.00035 -0.041 -0.00042
- p2870(v1116): -0.00099 -0.039 1.4e-05
- p2060(v1117): -0.00032 -0.039 -9.6e-05
- p1807(v1118): -0.0047 -0.041 -0.0042
- p82(v1119): 0.00042 -0.04 -0.00039
- p3618(v1120): 0.001 -0.037 -7.9e-05
- p75(v1121): -0.00032 -0.041 -0.00044
- p2352(v1122): -0.00039 -0.039 -3.9e-05
- f167
    - flags: bottom simplicial
    - normal:    0.9242   0.3758 -0.06805
    - offset: -0.009171697
    - vertices: p864(v40) p1894(v30) p1289(v8)
    - neighboring facets: f3417 f1003 f353
- f288
    - flags: top simplicial
    - normal:   -0.2915     0.23  -0.9285
    - offset: -0.008824989
    - vertices: p3900(v63) p830(v35) p2155(v4)
    - neighboring facets: f1048 f2446 f1550
- f353
    - flags: top simplicial
    - normal:    0.9202   0.3915 -0.00316
    - offset: -0.008766325
    - vertices: p2167(v77) p864(v40) p1894(v30)
    - neighboring facets: f167 f1440 f1858
- f531
    - flags: top simplicial
    - normal:    0.5934   0.3503  -0.7247
    - offset: -0.01187674
    - vertices: p2432(v108) p2908(v37) p1289(v8)
    - neighboring facets: f4197 f1657 f1656
- f563
    - flags: top simplicial
    - normal:   -0.9074  0.04468  -0.4178
    - offset: -0.006245711
    - vertices: p3823(v115) p2625(v114) p3631(v64)
    - neighboring facets: f3474 f1014 f566
- f566
    - flags: bottom simplicial
    - normal:    -0.918  0.04466  -0.3942
    - offset: -0.006094504
    - vertices: p3823(v115) p2625(v114) p3766(v18)
    - neighboring facets: f3473 f1671 f563
- f568
    - flags: bottom simplicial
    - normal:   -0.9838   0.1396  -0.1127
    - offset: -0.004102078
    - vertices: p3823(v115) p3486(v56) p2985(v7)
    - neighboring facets: f2330 f907 f1681
- f575
    - flags: bottom simplicial
    - normal:   -0.5388 -0.01611  -0.8423
    - offset: -0.01091499
    - vertices: p1032(v117) p1234(v66) p1439(v9)
    - neighboring facets: f1702 f1031 f1693
- f578
    - flags: bottom simplicial
    - normal:   -0.6599 -0.02633  -0.7509
    - offset: -0.01078622
    - vertices: p1032(v117) p3237(v67) p3099(v34)
    - neighboring facets: f1091 f1694 f1032
- f581
    - flags: bottom simplicial
    - normal:   -0.4151   0.1815  -0.8915
    - offset: -0.008620571
    - vertices: p3233(v118) p830(v35) p1867(v19)
    - neighboring facets: f2519 f1699 f1549
- f583
    - flags: top simplicial
    - normal:   -0.5424   0.1377  -0.8288
    - offset: -0.008276239
    - vertices: p3233(v118) p3823(v115) p1321(v65)
    - neighboring facets: f1044 f1038 f584
- f584
    - flags: bottom simplicial
    - normal:   -0.5182   0.1582  -0.8405
    - offset: -0.00828943
    - vertices: p3233(v118) p3823(v115) p2995(v113)
    - neighboring facets: f1546 f1548 f583
- f613
    - flags: bottom simplicial
    - normal:    0.1576  -0.0636  -0.9855
    - offset: -0.01242037
    - vertices: p895(v124) p1400(v68) p946(v20)
    - neighboring facets: f1103 f2529 f1098
- f618
    - flags: top simplicial
    - normal:   0.05093 -0.03257  -0.9982
    - offset: -0.01155173
    - vertices: p2420(v125) p2824(v69) p2155(v4)
    - neighboring facets: f1095 f3494 f619
- f619
    - flags: bottom simplicial
    - normal:   0.04033 -0.03429  -0.9986
    - offset: -0.01162042
    - vertices: p2420(v125) p2824(v69) p3358(v36)
    - neighboring facets: f1716 f3495 f618
- f650
    - flags: bottom simplicial
    - normal:    0.2657 -0.06122  -0.9621
    - offset: -0.01243804
    - vertices: p2007(v132) p543(v76) p2199(v71)
    - neighboring facets: f1107 f1170 f1837
- f701
    - flags: top simplicial
    - normal:   -0.9981  0.04835 -0.03839
    - offset: -0.003935714
    - vertices: p1518(v142) p3486(v56) p2748(v28)
    - neighboring facets: f715 f1265 f2496
- f715
    - flags: bottom simplicial
    - normal:   -0.9934  0.09914  0.05825
    - offset: -0.003283356
    - vertices: p1462(v144) p3486(v56) p2748(v28)
    - neighboring facets: f701 f1258 f3679
- f749
    - flags: bottom simplicial
    - normal:     0.257  -0.6017  -0.7562
    - offset: -0.03283608
    - vertices: p254(v151) p3664(v150) p3464(v84)
    - neighboring facets: f764 f1319 f3569
- f759
    - flags: top simplicial
    - normal:   -0.4561   -0.525  -0.7186
    - offset: -0.03014647
    - vertices: p364(v153) p1995(v46) p2787(v23)
    - neighboring facets: f1736 f2932 f1313
- f764
    - flags: top simplicial
    - normal:     0.252  -0.6537  -0.7136
    - offset: -0.03475756
    - vertices: p1092(v154) p3664(v150) p3464(v84)
    - neighboring facets: f749 f1323 f3858
- f802
    - flags: top simplicial
    - normal:     0.231 -0.05848   0.9712
    - offset: -0.002609652
    - vertices: p1192(v162) p2562(v50) p3331(v11)
    - neighboring facets: f3013 f3034 f3035
- f814
    - flags: bottom simplicial
    - normal:     0.638   0.3386   0.6916
    - offset: -0.004980065
    - vertices: p146(v165) p1614(v93) p1002(v21)
    - neighboring facets: f1435 f1428 f2168
- f819
    - flags: bottom simplicial
    - normal:    0.8208   0.1436   0.5529
    - offset: -0.007021557
    - vertices: p3151(v166) p1614(v93) p2866(v51)
    - neighboring facets: f1418 f2230 f1436
- f830
    - flags: top simplicial
    - normal:    0.9916   0.1023  0.07954
    - offset: -0.01011124
    - vertices: p2931(v168) p1894(v30) p3131(v2)
    - neighboring facets: f3415 f1462 f1441
- f873
    - flags: bottom simplicial
    - normal:    0.9003  -0.2693    0.342
    - offset: -0.01281264
    - vertices: p3953(v177) p3711(v172) p425(v97)
    - neighboring facets: f1503 f874 f4030
- f874
    - flags: bottom simplicial
    - normal:    0.8271  -0.2529   0.5019
    - offset: -0.0115703
    - vertices: p3953(v177) p425(v97) p277(v54)
    - neighboring facets: f3151 f1514 f873
- f882
    - flags: bottom simplicial
    - normal:    0.7068   -0.224    0.671
    - offset: -0.009780948
    - vertices: p935(v178) p1757(v100) p277(v54)
    - neighboring facets: f1513 f2244 f1522
- f886
    - flags: bottom simplicial
    - normal:    0.6068  -0.1988   0.7696
    - offset: -0.008356225
    - vertices: p2040(v179) p935(v178) p3449(v26)
    - neighboring facets: f2247 f4124 f1524
- f907
    - flags: bottom simplicial
    - normal:   -0.7792   0.2667  -0.5671
    - offset: -0.006999368
    - vertices: p903(v181) p3823(v115) p2985(v7)
    - neighboring facets: f568 f1543 f1547
- f931
    - flags: top simplicial
    - normal:    0.9947  -0.1005 -0.02201
    - offset: -0.0113609
    - vertices: p878(v185) p33(v103) p3131(v2)
    - neighboring facets: f938 f3416 f953
- f938
    - flags: bottom simplicial
    - normal:    0.9941   -0.108 -0.01264
    - offset: -0.01133654
    - vertices: p1741(v187) p33(v103) p3131(v2)
    - neighboring facets: f931 f939 f952
- f939
    - flags: top simplicial
    - normal:     0.992  -0.1146  0.05222
    - offset: -0.01102979
    - vertices: p1741(v187) p1939(v186) p3131(v2)
    - neighboring facets: f1465 f938 f940
- f940
    - flags: bottom simplicial
    - normal:     0.992  -0.1146  0.05222
    - offset: -0.01102979
    - vertices: p1741(v187) p1939(v186) p548(v104)
    - neighboring facets: f2209 f951 f939
- f951
    - flags: bottom simplicial
    - normal:    0.9925  -0.1157  0.04052
    - offset: -0.01109845
    - vertices: p3048(v189) p1741(v187) p548(v104)
    - neighboring facets: f940 f2396 f952
- f952
    - flags: top simplicial
    - normal:    0.9929  -0.1134  -0.0371
    - offset: -0.01147448
    - vertices: p3048(v189) p1741(v187) p33(v103)
    - neighboring facets: f938 f953 f951
- f953
    - flags: bottom simplicial
    - normal:    0.9924  -0.1139 -0.04634
    - offset: -0.01152022
    - vertices: p3048(v189) p878(v185) p33(v103)
    - neighboring facets: f931 f952 f955
- f955
    - flags: top simplicial
    - normal:     0.992  -0.1146 -0.05313
    - offset: -0.01155582
    - vertices: p3048(v189) p878(v185) p411(v32)
    - neighboring facets: f3409 f3419 f953
- f1003
    - flags: bottom simplicial
    - normal:    0.7528   0.5323  -0.3871
    - offset: -0.01132525
    - vertices: p1112(v197) p864(v40) p1289(v8)
    - neighboring facets: f167 f1658 f1004
- f1004
    - flags: top simplicial
    - normal:    0.7561    0.605  -0.2496
    - offset: -0.01079429
    - vertices: p1112(v197) p864(v40) p3413(v17)
    - neighboring facets: f1196 f1006 f1003
- f1006
    - flags: bottom simplicial
    - normal:    0.5572   0.8303 -0.01014
    - offset: -0.009439538
    - vertices: p1112(v197) p891(v39) p3413(v17)
    - neighboring facets: f1194 f1004 f3446
- f1013
    - flags: bottom simplicial
    - normal:   -0.8148   0.0459  -0.5779
    - offset: -0.007198761
    - vertices: p1129(v199) p3823(v115) p3099(v34)
    - neighboring facets: f1041 f1093 f1014
- f1014
    - flags: top simplicial
    - normal:   -0.8192  0.04588  -0.5717
    - offset: -0.007164047
    - vertices: p1129(v199) p3823(v115) p3631(v64)
    - neighboring facets: f563 f3892 f1013
- f1031
    - flags: bottom simplicial
    - normal:   -0.5493 -0.03441  -0.8349
    - offset: -0.01151911
    - vertices: p3226(v203) p1032(v117) p1439(v9)
    - neighboring facets: f575 f4376 f1032
- f1032
    - flags: top simplicial
    - normal:     -0.59 -0.04846  -0.8059
    - offset: -0.01186455
    - vertices: p3226(v203) p1032(v117) p3237(v67)
    - neighboring facets: f578 f2567 f1031
- f1036
    - flags: bottom simplicial
    - normal:    -0.598  0.04929     -0.8
    - offset: -0.008474418
    - vertices: p2685(v204) p3166(v119) p1321(v65)
    - neighboring facets: f1045 f1038 f1692
- f1038
    - flags: top simplicial
    - normal:   -0.5555  0.04815  -0.8301
    - offset: -0.008674309
    - vertices: p2685(v204) p3233(v118) p1321(v65)
    - neighboring facets: f583 f1036 f1700
- f1041
    - flags: top simplicial
    - normal:   -0.8147  0.04591  -0.5781
    - offset: -0.007199565
    - vertices: p447(v205) p3823(v115) p3099(v34)
    - neighboring facets: f1013 f1042 f1043
- f1042
    - flags: bottom simplicial
    - normal:   -0.7719  0.04613   -0.634
    - offset: -0.007577191
    - vertices: p447(v205) p3166(v119) p3099(v34)
    - neighboring facets: f1695 f1041 f1043
- f1043
    - flags: top simplicial
    - normal:   -0.7692  0.04863  -0.6371
    - offset: -0.007513953
    - vertices: p447(v205) p3166(v119) p3823(v115)
    - neighboring facets: f1046 f1041 f1042
- f1044
    - flags: bottom simplicial
    - normal:   -0.6722  0.06367  -0.7376
    - offset: -0.007985361
    - vertices: p133(v206) p3823(v115) p1321(v65)
    - neighboring facets: f583 f1045 f1046
- f1045
    - flags: top simplicial
    - normal:   -0.6738  0.05234   -0.737
    - offset: -0.008028259
    - vertices: p133(v206) p3166(v119) p1321(v65)
    - neighboring facets: f1036 f1044 f1046
- f1046
    - flags: bottom simplicial
    - normal:   -0.6956  0.05261  -0.7165
    - offset: -0.007896105
    - vertices: p133(v206) p3166(v119) p3823(v115)
    - neighboring facets: f1043 f1044 f1045
- f1048
    - flags: bottom simplicial
    - normal:   -0.2564   0.1687  -0.9517
    - offset: -0.009339552
    - vertices: p3812(v207) p830(v35) p2155(v4)
    - neighboring facets: f288 f1049 f2516
- f1049
    - flags: top simplicial
    - normal:   -0.1138  0.02739  -0.9931
    - offset: -0.0106651
    - vertices: p3812(v207) p435(v70) p2155(v4)
    - neighboring facets: f2511 f1048 f2514
- f1091
    - flags: top simplicial
    - normal:   -0.7194  -0.0258  -0.6941
    - offset: -0.01043899
    - vertices: p2390(v214) p3237(v67) p3099(v34)
    - neighboring facets: f578 f1093 f1745
- f1093
    - flags: bottom simplicial
    - normal:   -0.8148  0.04433   -0.578
    - offset: -0.007253576
    - vertices: p2390(v214) p1129(v199) p3099(v34)
    - neighboring facets: f1013 f1091 f3889
- f1095
    - flags: bottom simplicial
    - normal:   0.05147 -0.03266  -0.9981
    - offset: -0.01155391
    - vertices: p3740(v215) p2824(v69) p2155(v4)
    - neighboring facets: f618 f3443 f1721
- f1098
    - flags: top simplicial
    - normal:   0.09263 -0.04006  -0.9949
    - offset: -0.01174377
    - vertices: p3740(v215) p895(v124) p1400(v68)
    - neighboring facets: f613 f3444 f1722
- f1103
    - flags: top simplicial
    - normal:    0.1771 -0.05879  -0.9824
    - offset: -0.01224879
    - vertices: p2436(v217) p1400(v68) p946(v20)
    - neighboring facets: f613 f1760 f1759
- f1107
    - flags: top simplicial
    - normal:    0.2498  -0.0604  -0.9664
    - offset: -0.01238237
    - vertices: p1348(v218) p543(v76) p2199(v71)
    - neighboring facets: f650 f1757 f1763
- f1131
    - flags: top simplicial
    - normal:    0.6307  -0.2507  -0.7344
    - offset: -0.01791733
    - vertices: p546(v223) p350(v219) p462(v5)
    - neighboring facets: f1770 f2628 f1132
- f1132
    - flags: bottom simplicial
    - normal:    0.6298  -0.2441  -0.7374
    - offset: -0.01766809
    - vertices: p546(v223) p350(v219) p1831(v128)
    - neighboring facets: f1773 f1782 f1131
- f1168
    - flags: bottom simplicial
    - normal:    0.2796 -0.05534  -0.9585
    - offset: -0.01248269
    - vertices: p3601(v230) p2199(v71) p2908(v37)
    - neighboring facets: f1654 f1169 f1170
- f1169
    - flags: top simplicial
    - normal:     0.279 -0.06186  -0.9583
    - offset: -0.01248437
    - vertices: p3601(v230) p2007(v132) p2908(v37)
    - neighboring facets: f2644 f1168 f1170
- f1170
    - flags: bottom simplicial
    - normal:    0.2659 -0.06123  -0.9621
    - offset: -0.01243853
    - vertices: p3601(v230) p2007(v132) p2199(v71)
    - neighboring facets: f650 f1168 f1169
- f1187
    - flags: bottom simplicial
    - normal:    0.3504  -0.1203  -0.9288
    - offset: -0.01404042
    - vertices: p706(v233) p3994(v133) p543(v76)
    - neighboring facets: f3626 f1188 f3624
- f1188
    - flags: top simplicial
    - normal:    0.3656  -0.1248  -0.9224
    - offset: -0.01416419
    - vertices: p706(v233) p2568(v232) p543(v76)
    - neighboring facets: f1838 f1187 f1189
- f1189
    - flags: bottom simplicial
    - normal:    0.3783  -0.1299  -0.9165
    - offset: -0.01431453
    - vertices: p706(v233) p2568(v232) p1695(v134)
    - neighboring facets: f3618 f3620 f1188
- f1194
    - flags: top simplicial
    - normal:    0.5752    0.818 -0.007312
    - offset: -0.009436314
    - vertices: p3211(v234) p891(v39) p3413(v17)
    - neighboring facets: f1006 f1196 f1195
- f1195
    - flags: top simplicial
    - normal:    0.6329   0.7741  0.01181
    - offset: -0.009360924
    - vertices: p3211(v234) p2048(v135) p891(v39)
    - neighboring facets: f1555 f1194 f1857
- f1196
    - flags: bottom simplicial
    - normal:    0.7623   0.6283  -0.1553
    - offset: -0.01029104
    - vertices: p3211(v234) p864(v40) p3413(v17)
    - neighboring facets: f1004 f1194 f1859
- f1200
    - flags: top simplicial
    - normal:   -0.3807 -0.06043   0.9227
    - offset: -0.003520943
    - vertices: p1792(v235) p1387(v136) p1132(v78)
    - neighboring facets: f1912 f1866 f2683
- f1243
    - flags: bottom simplicial
    - normal:   -0.0694 -0.01903   0.9974
    - offset: -0.001316968
    - vertices: p2675(v242) p340(v240) p318(v138)
    - neighboring facets: f2996 f4520 f1930
- f1250
    - flags: top simplicial
    - normal:    -0.921   0.3895  0.01237
    - offset: -0.003423968
    - vertices: p3090(v244) p3820(v140) p353(v57)
    - neighboring facets: f3247 f1539 f2750
- f1254
    - flags: bottom simplicial
    - normal:   -0.9987  0.01936 -0.04674
    - offset: -0.004998336
    - vertices: p3496(v245) p3889(v86) p2698(v1)
    - neighboring facets: f4713 f1255 f1676
- f1255
    - flags: top simplicial
    - normal:   -0.9991  0.02363 -0.03492
    - offset: -0.004786882
    - vertices: p3496(v245) p1518(v142) p2698(v1)
    - neighboring facets: f3909 f1254 f1680
- f1258
    - flags: bottom simplicial
    - normal:    -0.995  0.07237  0.06888
    - offset: -0.003314811
    - vertices: p973(v246) p1462(v144) p2748(v28)
    - neighboring facets: f715 f1266 f1259
- f1259
    - flags: top simplicial
    - normal:    -0.995  0.07146   0.0695
    - offset: -0.003314792
    - vertices: p973(v246) p1462(v144) p3072(v143)
    - neighboring facets: f2078 f2079 f1258
- f1265
    - flags: top simplicial
    - normal:   -0.9983  0.04863  0.03224
    - offset: -0.003581154
    - vertices: p575(v247) p1518(v142) p2748(v28)
    - neighboring facets: f701 f1266 f2976
- f1266
    - flags: bottom simplicial
    - normal:   -0.9974  0.04884  0.05258
    - offset: -0.003475041
    - vertices: p575(v247) p973(v246) p2748(v28)
    - neighboring facets: f1258 f1265 f2080
- f1267
    - flags: top simplicial
    - normal:   -0.9529   0.0478   0.2996
    - offset: -0.002410807
    - vertices: p3403(v248) p1347(v237) p1188(v43)
    - neighboring facets: f1281 f1369 f4501
- f1281
    - flags: bottom simplicial
    - normal:    -0.942  0.04642   0.3324
    - offset: -0.002312527
    - vertices: p780(v250) p1347(v237) p1188(v43)
    - neighboring facets: f1267 f3765 f1282
- f1282
    - flags: top simplicial
    - normal:   -0.9284  0.04539   0.3687
    - offset: -0.002199143
    - vertices: p780(v250) p1347(v237) p2837(v147)
    - neighboring facets: f2795 f2794 f1281
- f1309
    - flags: bottom simplicial
    - normal:    0.5487  -0.5116  -0.6612
    - offset:  -0.028337
    - vertices: p290(v254) p3664(v150) p462(v5)
    - neighboring facets: f1769 f3604 f3857
- f1313
    - flags: bottom simplicial
    - normal:   -0.2231  -0.5816  -0.7823
    - offset: -0.03260988
    - vertices: p2967(v255) p364(v153) p1995(v46)
    - neighboring facets: f759 f3534 f1314
- f1314
    - flags: top simplicial
    - normal:   -0.2132  -0.5852  -0.7824
    - offset: -0.03274245
    - vertices: p2967(v255) p364(v153) p1911(v152)
    - neighboring facets: f1326 f5069 f1313
- f1319
    - flags: bottom simplicial
    - normal:   0.06803  -0.6309  -0.7729
    - offset: -0.03426958
    - vertices: p175(v257) p254(v151) p3464(v84)
    - neighboring facets: f749 f1323 f2541
- f1323
    - flags: top simplicial
    - normal:    0.0358  -0.6964  -0.7168
    - offset: -0.03667544
    - vertices: p175(v257) p1092(v154) p3464(v84)
    - neighboring facets: f764 f1319 f1330
- f1326
    - flags: bottom simplicial
    - normal:   -0.1456  -0.6944  -0.7047
    - offset: -0.03670347
    - vertices: p512(v258) p364(v153) p1911(v152)
    - neighboring facets: f1314 f1328 f3873
- f1327
    - flags: bottom simplicial
    - normal:  -0.06344  -0.7488  -0.6597
    - offset: -0.03860487
    - vertices: p512(v258) p815(v256) p758(v85)
    - neighboring facets: f5604 f2015 f1329
- f1328
    - flags: top simplicial
    - normal:    -0.045  -0.6518  -0.7571
    - offset: -0.03512979
    - vertices: p512(v258) p175(v257) p1911(v152)
    - neighboring facets: f2012 f1326 f1330
- f1329
    - flags: top simplicial
    - normal:  -0.002681  -0.7187  -0.6953
    - offset: -0.03749438
    - vertices: p512(v258) p815(v256) p1092(v154)
    - neighboring facets: f5605 f1330 f1327
- f1330
    - flags: bottom simplicial
    - normal:  -0.002519  -0.7184  -0.6956
    - offset: -0.03748523
    - vertices: p512(v258) p175(v257) p1092(v154)
    - neighboring facets: f1323 f1329 f1328
- f1365
    - flags: bottom simplicial
    - normal:   -0.9777  0.04787   0.2043
    - offset: -0.002806173
    - vertices: p1172(v265) p1462(v144) p2486(v81)
    - neighboring facets: f2077 f1366 f1367
- f1366
    - flags: top simplicial
    - normal:   -0.9778  0.04715   0.2042
    - offset: -0.002830815
    - vertices: p1172(v265) p105(v158) p2486(v81)
    - neighboring facets: f2075 f1365 f2812
- f1367
    - flags: bottom simplicial
    - normal:   -0.9753  0.04798   0.2158
    - offset: -0.002753626
    - vertices: p1172(v265) p3403(v248) p1462(v144)
    - neighboring facets: f3678 f1365 f1369
- f1369
    - flags: top simplicial
    - normal:    -0.971  0.04779   0.2343
    - offset: -0.002680852
    - vertices: p1172(v265) p3403(v248) p1188(v43)
    - neighboring facets: f1267 f3766 f1367
- f1409
    - flags: top simplicial
    - normal:    0.3335 -0.06718   0.9404
    - offset: -0.003320886
    - vertices: p3120(v274) p1899(v91) p3331(v11)
    - neighboring facets: f3033 f2163 f2162
- f1416
    - flags: top simplicial
    - normal:    0.4972 -0.07248   0.8646
    - offset: -0.004580776
    - vertices: p625(v275) p3249(v163) p1558(v92)
    - neighboring facets: f1423 f2166 f2151
- f1418
    - flags: top simplicial
    - normal:    0.5625 -0.03872   0.8259
    - offset: -0.005078434
    - vertices: p625(v275) p1614(v93) p2866(v51)
    - neighboring facets: f819 f1419 f2167
- f1419
    - flags: bottom simplicial
    - normal:    0.5351 -0.06964   0.8419
    - offset: -0.004904746
    - vertices: p625(v275) p3435(v273) p2866(v51)
    - neighboring facets: f2147 f1418 f2152
- f1420
    - flags: top simplicial
    - normal:    0.4208 -0.07293   0.9042
    - offset: -0.003972876
    - vertices: p3934(v276) p1301(v164) p1558(v92)
    - neighboring facets: f2165 f1423 f1422
- f1422
    - flags: bottom simplicial
    - normal:    0.3762 -0.07084   0.9238
    - offset: -0.003629296
    - vertices: p3934(v276) p1301(v164) p1899(v91)
    - neighboring facets: f2161 f2155 f1420
- f1423
    - flags: bottom simplicial
    - normal:    0.4783  -0.0766   0.8749
    - offset: -0.004439118
    - vertices: p3934(v276) p3249(v163) p1558(v92)
    - neighboring facets: f1416 f1420 f4046
- f1427
    - flags: bottom simplicial
    - normal:    0.4395   0.3635   0.8214
    - offset: -0.003554231
    - vertices: p3749(v277) p1002(v21) p3331(v11)
    - neighboring facets: f1557 f2164 f1428
- f1428
    - flags: bottom simplicial
    - normal:    0.5374   0.3541   0.7654
    - offset: -0.004259311
    - vertices: p3749(v277) p146(v165) p1002(v21)
    - neighboring facets: f814 f1427 f2169
- f1434
    - flags: bottom simplicial
    - normal:    0.8766    0.336   0.3444
    - offset: -0.007299529
    - vertices: p1801(v278) p3151(v166) p3714(v94)
    - neighboring facets: f3063 f1439 f1436
- f1435
    - flags: top simplicial
    - normal:    0.8028   0.3375   0.4916
    - offset: -0.006462977
    - vertices: p1801(v278) p1614(v93) p1002(v21)
    - neighboring facets: f814 f1437 f1436
- f1436
    - flags: top simplicial
    - normal:    0.8454   0.3277   0.4217
    - offset: -0.00686713
    - vertices: p1801(v278) p3151(v166) p1614(v93)
    - neighboring facets: f819 f1435 f1434
- f1437
    - flags: bottom simplicial
    - normal:    0.8704   0.4257   0.2475
    - offset: -0.007929381
    - vertices: p1801(v278) p2048(v135) p1002(v21)
    - neighboring facets: f1572 f1435 f1438
- f1438
    - flags: top simplicial
    - normal:    0.8992   0.4172    0.132
    - offset: -0.008338764
    - vertices: p1801(v278) p2048(v135) p2167(v77)
    - neighboring facets: f1856 f1440 f1437
- f1439
    - flags: top simplicial
    - normal:    0.9173   0.3684    0.151
    - offset: -0.008173759
    - vertices: p1801(v278) p2931(v168) p3714(v94)
    - neighboring facets: f1469 f1434 f1441
- f1440
    - flags: top simplicial
    - normal:    0.9215   0.3789  0.08586
    - offset: -0.008397437
    - vertices: p1801(v278) p2167(v77) p1894(v30)
    - neighboring facets: f353 f1441 f1438
- f1441
    - flags: bottom simplicial
    - normal:    0.9215    0.378  0.08867
    - offset: -0.008387627
    - vertices: p1801(v278) p2931(v168) p1894(v30)
    - neighboring facets: f830 f1440 f1439
- f1462
    - flags: top simplicial
    - normal:    0.9935  0.07724  0.08324
    - offset: -0.01020564
    - vertices: p2592(v282) p2931(v168) p3131(v2)
    - neighboring facets: f830 f1465 f1471
- f1465
    - flags: bottom simplicial
    - normal:    0.9916  -0.1146  0.06006
    - offset: -0.01098765
    - vertices: p2592(v282) p1939(v186) p3131(v2)
    - neighboring facets: f939 f1462 f2211
- f1468
    - flags: bottom simplicial
    - normal:    0.9657  -0.1043    0.238
    - offset: -0.01002251
    - vertices: p933(v283) p3714(v94) p3162(v89)
    - neighboring facets: f2175 f1470 f1469
- f1469
    - flags: bottom simplicial
    - normal:    0.9678 -0.09427   0.2333
    - offset: -0.01002569
    - vertices: p933(v283) p2931(v168) p3714(v94)
    - neighboring facets: f1439 f1468 f1471
- f1470
    - flags: top simplicial
    - normal:    0.9816  -0.1125   0.1545
    - offset: -0.01049882
    - vertices: p933(v283) p2592(v282) p3162(v89)
    - neighboring facets: f4023 f1468 f1471
- f1471
    - flags: bottom simplicial
    - normal:    0.9873 -0.06428   0.1453
    - offset: -0.01041869
    - vertices: p933(v283) p2592(v282) p2931(v168)
    - neighboring facets: f1462 f1469 f1470
- f1503
    - flags: top simplicial
    - normal:    0.9046  -0.2645   0.3343
    - offset: -0.01273238
    - vertices: p3933(v290) p3711(v172) p425(v97)
    - neighboring facets: f873 f4796 f4031
- f1513
    - flags: top simplicial
    - normal:    0.7921  -0.2465   0.5584
    - offset: -0.01109316
    - vertices: p1700(v292) p1757(v100) p277(v54)
    - neighboring facets: f882 f1514 f1515
- f1514
    - flags: bottom simplicial
    - normal:    0.8004  -0.2487   0.5454
    - offset: -0.01122207
    - vertices: p1700(v292) p3953(v177) p277(v54)
    - neighboring facets: f874 f1513 f1515
- f1515
    - flags: top simplicial
    - normal:    0.8007  -0.2501   0.5444
    - offset: -0.01128286
    - vertices: p1700(v292) p3953(v177) p1757(v100)
    - neighboring facets: f5339 f1513 f1514
- f1522
    - flags: top simplicial
    - normal:     0.619  -0.2022   0.7589
    - offset: -0.008538504
    - vertices: p3306(v294) p935(v178) p1757(v100)
    - neighboring facets: f882 f2303 f1524
- f1524
    - flags: top simplicial
    - normal:    0.6111     -0.2   0.7658
    - offset: -0.008421019
    - vertices: p3306(v294) p2040(v179) p935(v178)
    - neighboring facets: f886 f1522 f2304
- f1539
    - flags: top simplicial
    - normal:   -0.8688   0.4944  0.02897
    - offset: -0.003570552
    - vertices: p1274(v297) p3090(v244) p353(v57)
    - neighboring facets: f1250 f2318 f1891
- f1543
    - flags: bottom simplicial
    - normal:   -0.7904   0.2714  -0.5492
    - offset: -0.006899324
    - vertices: p2371(v298) p903(v181) p2985(v7)
    - neighboring facets: f907 f3260 f3249
- f1546
    - flags: top simplicial
    - normal:   -0.5516   0.1785  -0.8147
    - offset: -0.008196869
    - vertices: p259(v299) p3823(v115) p2995(v113)
    - neighboring facets: f584 f1548 f1547
- f1547
    - flags: top simplicial
    - normal:   -0.6496    0.224  -0.7265
    - offset: -0.007825569
    - vertices: p259(v299) p903(v181) p3823(v115)
    - neighboring facets: f907 f1546 f1551
- f1548
    - flags: bottom simplicial
    - normal:    -0.506   0.1638  -0.8468
    - offset: -0.008319629
    - vertices: p259(v299) p3233(v118) p2995(v113)
    - neighboring facets: f584 f1546 f1549
- f1549
    - flags: top simplicial
    - normal:   -0.4141   0.1876  -0.8907
    - offset: -0.008586942
    - vertices: p259(v299) p3233(v118) p830(v35)
    - neighboring facets: f581 f1550 f1548
- f1550
    - flags: bottom simplicial
    - normal:   -0.2963   0.2297  -0.9271
    - offset: -0.008810278
    - vertices: p259(v299) p3900(v63) p830(v35)
    - neighboring facets: f288 f1549 f1551
- f1551
    - flags: bottom simplicial
    - normal:   -0.4234   0.3281  -0.8444
    - offset: -0.008722625
    - vertices: p259(v299) p903(v181) p3900(v63)
    - neighboring facets: f2326 f1550 f1547
- f1552
    - flags: bottom simplicial
    - normal:     0.301   0.9536 0.003387
    - offset: -0.008915345
    - vertices: p3212(v300) p891(v39) p1539(v3)
    - neighboring facets: f3448 f1553 f1555
- f1553
    - flags: top simplicial
    - normal:    0.1172    0.955   0.2726
    - offset: -0.007146227
    - vertices: p3212(v300) p1618(v182) p1539(v3)
    - neighboring facets: f3454 f1552 f1554
- f1554
    - flags: top simplicial
    - normal:    0.1473   0.8797   0.4521
    - offset: -0.006162131
    - vertices: p3212(v300) p3836(v183) p1618(v182)
    - neighboring facets: f4547 f1553 f2338
- f1555
    - flags: bottom simplicial
    - normal:    0.3715    0.843   0.3891
    - offset: -0.007226066
    - vertices: p3212(v300) p2048(v135) p891(v39)
    - neighboring facets: f1195 f1552 f2337
- f1557
    - flags: top simplicial
    - normal:    0.3469   0.3733   0.8604
    - offset: -0.002920091
    - vertices: p3733(v301) p1002(v21) p3331(v11)
    - neighboring facets: f1427 f5152 f1574
- f1564
    - flags: top simplicial
    - normal:   -0.4231   0.9049  0.04702
    - offset: -0.0056748
    - vertices: p1142(v302) p1811(v102) p3862(v58)
    - neighboring facets: f3728 f1565 f3724
- f1565
    - flags: bottom simplicial
    - normal:   -0.3052   0.9517  0.03243
    - offset: -0.006289227
    - vertices: p1142(v302) p1618(v182) p3862(v58)
    - neighboring facets: f1668 f1564 f4548
- f1572
    - flags: top simplicial
    - normal:    0.5269   0.5739   0.6269
    - offset: -0.005803617
    - vertices: p2571(v304) p2048(v135) p1002(v21)
    - neighboring facets: f1437 f1574 f2336
- f1574
    - flags: bottom simplicial
    - normal:    0.3432   0.3739   0.8616
    - offset: -0.002896975
    - vertices: p2571(v304) p3733(v301) p1002(v21)
    - neighboring facets: f1557 f1572 f2335
- f1654
    - flags: top simplicial
    - normal:    0.3859   0.3572  -0.8506
    - offset: -0.01161151
    - vertices: p685(v318) p2199(v71) p2908(v37)
    - neighboring facets: f1168 f1656 f1655
- f1655
    - flags: top simplicial
    - normal:    0.3735   0.3587  -0.8555
    - offset: -0.01158432
    - vertices: p685(v318) p1112(v197) p2199(v71)
    - neighboring facets: f1660 f1654 f1658
- f1656
    - flags: bottom simplicial
    - normal:    0.5245   0.3582  -0.7724
    - offset: -0.01184456
    - vertices: p685(v318) p2432(v108) p2908(v37)
    - neighboring facets: f531 f1654 f1657
- f1657
    - flags: top simplicial
    - normal:    0.6684   0.4564  -0.5873
    - offset: -0.01189802
    - vertices: p685(v318) p2432(v108) p1289(v8)
    - neighboring facets: f531 f1658 f1656
- f1658
    - flags: bottom simplicial
    - normal:    0.7245   0.5121  -0.4613
    - offset: -0.01160155
    - vertices: p685(v318) p1112(v197) p1289(v8)
    - neighboring facets: f1003 f1657 f1655
- f1660
    - flags: bottom simplicial
    - normal:     0.158    0.363  -0.9183
    - offset: -0.01088616
    - vertices: p3446(v319) p1112(v197) p2199(v71)
    - neighboring facets: f1655 f2445 f2462
- f1668
    - flags: top simplicial
    - normal:    -0.302   0.9532  0.01174
    - offset: -0.006370242
    - vertices: p2968(v320) p1618(v182) p3862(v58)
    - neighboring facets: f1565 f2467 f2461
- f1671
    - flags: bottom simplicial
    - normal:   -0.9412  0.04528  -0.3348
    - offset: -0.00570491
    - vertices: p837(v321) p3823(v115) p3766(v18)
    - neighboring facets: f566 f2490 f2488
- f1676
    - flags: top simplicial
    - normal:   -0.9975  0.03847 -0.06009
    - offset: -0.004387893
    - vertices: p1515(v322) p3496(v245) p3889(v86)
    - neighboring facets: f1254 f3479 f1680
- f1680
    - flags: bottom simplicial
    - normal:   -0.9976    0.043 -0.05363
    - offset: -0.004194613
    - vertices: p1515(v322) p3496(v245) p1518(v142)
    - neighboring facets: f1255 f2497 f1676
- f1681
    - flags: top simplicial
    - normal:   -0.9842   0.1252  -0.1253
    - offset: -0.004202872
    - vertices: p1096(v323) p3823(v115) p3486(v56)
    - neighboring facets: f568 f2494 f1682
- f1682
    - flags: top simplicial
    - normal:   -0.9763  0.06007  -0.2077
    - offset: -0.004822943
    - vertices: p1096(v323) p2368(v201) p3823(v115)
    - neighboring facets: f2486 f1681 f3477
- f1691
    - flags: bottom simplicial
    - normal:   -0.5471  0.03592  -0.8363
    - offset: -0.009107208
    - vertices: p3636(v325) p2685(v204) p1234(v66)
    - neighboring facets: f1696 f1693 f1692
- f1692
    - flags: top simplicial
    - normal:   -0.5835  0.04059  -0.8111
    - offset: -0.008821709
    - vertices: p3636(v325) p2685(v204) p3166(v119)
    - neighboring facets: f1036 f1695 f1691
- f1693
    - flags: top simplicial
    - normal:   -0.5657 -0.003836  -0.8246
    - offset: -0.01040382
    - vertices: p3636(v325) p1032(v117) p1234(v66)
    - neighboring facets: f575 f1691 f1694
- f1694
    - flags: bottom simplicial
    - normal:   -0.6233 0.001513   -0.782
    - offset: -0.009994031
    - vertices: p3636(v325) p1032(v117) p3099(v34)
    - neighboring facets: f578 f1695 f1693
- f1695
    - flags: top simplicial
    - normal:   -0.6313  0.01156  -0.7754
    - offset: -0.009615214
    - vertices: p3636(v325) p3166(v119) p3099(v34)
    - neighboring facets: f1042 f1694 f1692
- f1696
    - flags: top simplicial
    - normal:   -0.5261  0.03787  -0.8496
    - offset: -0.009107879
    - vertices: p823(v326) p2685(v204) p1234(v66)
    - neighboring facets: f1691 f2522 f1700
- f1699
    - flags: bottom simplicial
    - normal:   -0.4974  0.04335  -0.8665
    - offset: -0.009012817
    - vertices: p823(v326) p3233(v118) p1867(v19)
    - neighboring facets: f581 f2521 f1700
- f1700
    - flags: bottom simplicial
    - normal:   -0.5354  0.04638  -0.8433
    - offset: -0.0087981
    - vertices: p823(v326) p2685(v204) p3233(v118)
    - neighboring facets: f1038 f1699 f1696
- f1702
    - flags: top simplicial
    - normal:   -0.3696 -0.004639  -0.9292
    - offset: -0.01085878
    - vertices: p2606(v327) p1234(v66) p1439(v9)
    - neighboring facets: f575 f2509 f3501
- f1716
    - flags: top simplicial
    - normal:   0.03981 -0.03443  -0.9986
    - offset: -0.01162553
    - vertices: p1871(v329) p2824(v69) p3358(v36)
    - neighboring facets: f619 f1717 f3509
- f1717
    - flags: bottom simplicial
    - normal:  0.005036 -0.03454  -0.9994
    - offset: -0.01168045
    - vertices: p1871(v329) p78(v209) p3358(v36)
    - neighboring facets: f3496 f1716 f3511
- f1721
    - flags: top simplicial
    - normal:   0.07763 -0.05678  -0.9954
    - offset: -0.01230633
    - vertices: p1478(v330) p3740(v215) p2824(v69)
    - neighboring facets: f1095 f2531 f1722
- f1722
    - flags: bottom simplicial
    - normal:   0.09717 -0.05624  -0.9937
    - offset: -0.01226165
    - vertices: p1478(v330) p3740(v215) p895(v124)
    - neighboring facets: f1098 f2530 f1721
- f1736
    - flags: bottom simplicial
    - normal:   -0.4944  -0.4419  -0.7486
    - offset: -0.02695077
    - vertices: p275(v332) p1995(v46) p2787(v23)
    - neighboring facets: f759 f2850 f1737
- f1737
    - flags: bottom simplicial
    - normal:   -0.5004  -0.3855  -0.7752
    - offset: -0.02479635
    - vertices: p275(v332) p3394(v211) p1995(v46)
    - neighboring facets: f3528 f1736 f2557
- f1744
    - flags: top simplicial
    - normal:   -0.7339 -0.08327  -0.6741
    - offset: -0.0123918
    - vertices: p1957(v333) p1043(v212) p3237(v67)
    - neighboring facets: f2568 f1745 f2948
- f1745
    - flags: bottom simplicial
    - normal:   -0.7626  -0.0676  -0.6433
    - offset: -0.01162969
    - vertices: p1957(v333) p2390(v214) p3237(v67)
    - neighboring facets: f1091 f1744 f1746
- f1746
    - flags: top simplicial
    - normal:   -0.7974 -0.06636  -0.5998
    - offset: -0.01132234
    - vertices: p1957(v333) p2390(v214) p1680(v123)
    - neighboring facets: f5270 f2952 f1745
- f1757
    - flags: top simplicial
    - normal:    0.2038 -0.05571  -0.9774
    - offset: -0.01220344
    - vertices: p3734(v336) p1348(v218) p2199(v71)
    - neighboring facets: f1107 f5015 f2577
- f1759
    - flags: bottom simplicial
    - normal:    0.1771 -0.05866  -0.9824
    - offset: -0.01224481
    - vertices: p3734(v336) p2436(v217) p1400(v68)
    - neighboring facets: f1103 f2574 f1760
- f1760
    - flags: top simplicial
    - normal:    0.1776 -0.05885  -0.9823
    - offset: -0.01225049
    - vertices: p3734(v336) p2436(v217) p946(v20)
    - neighboring facets: f1103 f2576 f1759
- f1763
    - flags: bottom simplicial
    - normal:    0.2508 -0.06554  -0.9658
    - offset: -0.01251345
    - vertices: p405(v337) p1348(v218) p543(v76)
    - neighboring facets: f1107 f2676 f2579
- f1769
    - flags: top simplicial
    - normal:    0.4305  -0.3632  -0.8263
    - offset: -0.02309428
    - vertices: p3206(v338) p3664(v150) p462(v5)
    - neighboring facets: f1309 f1770 f3571
- f1770
    - flags: bottom simplicial
    - normal:    0.5865  -0.2679  -0.7644
    - offset: -0.01881266
    - vertices: p3206(v338) p350(v219) p462(v5)
    - neighboring facets: f1131 f1769 f1775
- f1773
    - flags: top simplicial
    - normal:    0.5519  -0.2002  -0.8095
    - offset: -0.01633648
    - vertices: p2153(v339) p350(v219) p1831(v128)
    - neighboring facets: f1132 f1774 f1775
- f1774
    - flags: bottom simplicial
    - normal:    0.5566  -0.1949  -0.8076
    - offset: -0.01611299
    - vertices: p2153(v339) p2754(v220) p1831(v128)
    - neighboring facets: f1835 f1773 f2589
- f1775
    - flags: top simplicial
    - normal:    0.5429  -0.1976  -0.8162
    - offset: -0.0162727
    - vertices: p2153(v339) p3206(v338) p350(v219)
    - neighboring facets: f1770 f1773 f2590
- f1778
    - flags: bottom simplicial
    - normal:    0.5541 -0.08748  -0.8279
    - offset: -0.01350114
    - vertices: p2397(v340) p252(v221) p1009(v75)
    - neighboring facets: f2649 f4158 f3276
- f1782
    - flags: bottom simplicial
    - normal:    0.6468  -0.2169  -0.7311
    - offset: -0.01653964
    - vertices: p1297(v341) p546(v223) p1831(v128)
    - neighboring facets: f1132 f2598 f2599
- f1790
    - flags: bottom simplicial
    - normal:    0.7691  -0.1108  -0.6295
    - offset: -0.01383164
    - vertices: p27(v343) p2966(v225) p1332(v130)
    - neighboring facets: f4869 f1791 f1792
- f1791
    - flags: top simplicial
    - normal:    0.7934  -0.1209  -0.5966
    - offset: -0.01394358
    - vertices: p27(v343) p1446(v226) p1332(v130)
    - neighboring facets: f4173 f1790 f3399
- f1792
    - flags: top simplicial
    - normal:    0.7472  -0.1055  -0.6562
    - offset: -0.01378643
    - vertices: p27(v343) p2966(v225) p1232(v10)
    - neighboring facets: f4868 f1793 f1790
- f1793
    - flags: bottom simplicial
    - normal:    0.6717  -0.1084  -0.7329
    - offset: -0.0139576
    - vertices: p27(v343) p252(v221) p1232(v10)
    - neighboring facets: f3275 f1792 f3398
- f1810
    - flags: bottom simplicial
    - normal:    0.8892  -0.2683  -0.3707
    - offset: -0.01636876
    - vertices: p233(v347) p2256(v171) p3325(v74)
    - neighboring facets: f3403 f3391 f2630
- f1812
    - flags: bottom simplicial
    - normal:    0.9357  -0.2763  -0.2193
    - offset: -0.01575039
    - vertices: p233(v347) p3965(v346) p1731(v229)
    - neighboring facets: f2618 f2631 f4281
- f1819
    - flags: bottom simplicial
    - normal:    0.9467  -0.3138 -0.07342
    - offset: -0.01644209
    - vertices: p2982(v348) p1731(v229) p2881(v53)
    - neighboring facets: f2615 f4661 f2632
- f1824
    - flags: top simplicial
    - normal:    0.5952 0.009424  -0.8035
    - offset: -0.01317794
    - vertices: p1295(v349) p591(v311) p2908(v37)
    - neighboring facets: f4198 f2646 f3607
- f1834
    - flags: top simplicial
    - normal:    0.5211  -0.1775  -0.8348
    - offset: -0.0155949
    - vertices: p1173(v351) p2568(v232) p2754(v220)
    - neighboring facets: f2663 f1835 f1840
- f1835
    - flags: top simplicial
    - normal:    0.5748  -0.1925  -0.7953
    - offset: -0.01594719
    - vertices: p1173(v351) p2754(v220) p1831(v128)
    - neighboring facets: f1774 f3577 f1834
- f1837
    - flags: top simplicial
    - normal:    0.3662 -0.08134   -0.927
    - offset: -0.01309536
    - vertices: p545(v352) p2007(v132) p543(v76)
    - neighboring facets: f650 f1838 f2645
- f1838
    - flags: bottom simplicial
    - normal:    0.3802  -0.1033  -0.9191
    - offset: -0.01365053
    - vertices: p545(v352) p2568(v232) p543(v76)
    - neighboring facets: f1188 f1837 f1840
- f1840
    - flags: bottom simplicial
    - normal:    0.4808  -0.1327  -0.8668
    - offset: -0.01449181
    - vertices: p545(v352) p1173(v351) p2568(v232)
    - neighboring facets: f1834 f1838 f2655
- f1856
    - flags: bottom simplicial
    - normal:    0.8242   0.5653  0.03187
    - offset: -0.00911503
    - vertices: p472(v355) p2048(v135) p2167(v77)
    - neighboring facets: f1438 f1858 f1857
- f1857
    - flags: bottom simplicial
    - normal:    0.7862    0.618 0.0001302
    - offset: -0.009307888
    - vertices: p472(v355) p3211(v234) p2048(v135)
    - neighboring facets: f1195 f1856 f1859
- f1858
    - flags: bottom simplicial
    - normal:    0.8647   0.5022 -0.007779
    - offset: -0.009116254
    - vertices: p472(v355) p2167(v77) p864(v40)
    - neighboring facets: f353 f1859 f1856
- f1859
    - flags: top simplicial
    - normal:    0.8202    0.572 -0.01212
    - offset: -0.009281893
    - vertices: p472(v355) p3211(v234) p864(v40)
    - neighboring facets: f1196 f1858 f1857
- f1866
    - flags: top simplicial
    - normal:   -0.2088 -0.07802   0.9748
    - offset: -0.003692064
    - vertices: p2092(v357) p1792(v235) p1132(v78)
    - neighboring facets: f1200 f3651 f2704
- f1873
    - flags: bottom simplicial
    - normal:   -0.8418  -0.1619    0.515
    - offset: -0.009270271
    - vertices: p1997(v358) p1842(v236) p3455(v41)
    - neighboring facets: f3743 f2710 f3647
- f1880
    - flags: bottom simplicial
    - normal:   -0.7087 -0.02568   0.7051
    - offset: -0.003459292
    - vertices: p2633(v359) p3511(v238) p3633(v22)
    - neighboring facets: f1904 f3758 f2718
- f1890
    - flags: top simplicial
    - normal:   -0.8068   0.5905  0.01881
    - offset: -0.003872999
    - vertices: p3052(v361) p1274(v297) p3697(v101)
    - neighboring facets: f2322 f2752 f1891
- f1891
    - flags: bottom simplicial
    - normal:   -0.8639   0.4965  0.08456
    - offset: -0.003386919
    - vertices: p3052(v361) p1274(v297) p3090(v244)
    - neighboring facets: f1539 f2751 f1890
- f1899
    - flags: bottom simplicial
    - normal:   -0.9652    0.261   0.0166
    - offset: -0.003269338
    - vertices: p3285(v362) p3820(v140) p848(v14)
    - neighboring facets: f3258 f4503 f2735
- f1904
    - flags: top simplicial
    - normal:   -0.7603 0.007781   0.6495
    - offset: -0.002508526
    - vertices: p1556(v363) p3511(v238) p3633(v22)
    - neighboring facets: f1880 f2805 f3737
- f1909
    - flags: top simplicial
    - normal:    -0.417  -0.0115   0.9088
    - offset: -0.001924289
    - vertices: p1093(v364) p3777(v239) p3386(v137)
    - neighboring facets: f3676 f1932 f1913
- f1912
    - flags: bottom simplicial
    - normal:   -0.3937 -0.05576   0.9175
    - offset: -0.00339068
    - vertices: p1093(v364) p1387(v136) p1132(v78)
    - neighboring facets: f1200 f1931 f1913
- f1913
    - flags: bottom simplicial
    - normal:   -0.4334   -0.046      0.9
    - offset: -0.003160832
    - vertices: p1093(v364) p3777(v239) p1387(v136)
    - neighboring facets: f3670 f1912 f1909
- f1930
    - flags: top simplicial
    - normal:  -0.08161 -0.01944   0.9965
    - offset: -0.001354177
    - vertices: p2430(v368) p2675(v242) p340(v240)
    - neighboring facets: f1243 f4472 f4511
- f1931
    - flags: bottom simplicial
    - normal:   -0.2747 -0.007517   0.9615
    - offset: -0.001397578
    - vertices: p2430(v368) p1093(v364) p1132(v78)
    - neighboring facets: f1912 f4471 f1932
- f1932
    - flags: top simplicial
    - normal:   -0.2939 -0.0002377   0.9558
    - offset: -0.001199092
    - vertices: p2430(v368) p1093(v364) p3386(v137)
    - neighboring facets: f1909 f1933 f1931
- f1933
    - flags: bottom simplicial
    - normal:    -0.285  0.01226   0.9585
    - offset: -0.0007655801
    - vertices: p2430(v368) p3752(v366) p3386(v137)
    - neighboring facets: f4509 f1932 f4512
- f1951
    - flags: top simplicial
    - normal:   -0.8647   0.0454   0.5003
    - offset: -0.001742112
    - vertices: p3009(v371) p1347(v237) p3802(v146)
    - neighboring facets: f2763 f2793 f2796
- f1966
    - flags: top simplicial
    - normal:   -0.9357 -0.01547   0.3523
    - offset: -0.004411923
    - vertices: p375(v374) p780(v250) p2027(v82)
    - neighboring facets: f3745 f3772 f3764
- f2012
    - flags: bottom simplicial
    - normal:  -0.009624  -0.5257  -0.8506
    - offset: -0.03039405
    - vertices: p1284(v382) p175(v257) p1911(v152)
    - neighboring facets: f1328 f5070 f5071
- f2015
    - flags: bottom simplicial
    - normal:  -0.07599  -0.7518   -0.655
    - offset: -0.03871295
    - vertices: p482(v383) p512(v258) p758(v85)
    - neighboring facets: f1327 f4700 f3874
- f2039
    - flags: bottom simplicial
    - normal:  -0.02358  -0.9667  -0.2549
    - offset: -0.0452851
    - vertices: p3869(v387) p2665(v260) p2704(v45)
    - neighboring facets: f3836 f4644 f5603
- f2042
    - flags: bottom simplicial
    - normal:   -0.9402  -0.1378  -0.3115
    - offset: -0.0122419
    - vertices: p2611(v388) p108(v261) p1214(v47)
    - neighboring facets: f2937 f3776 f3897
- f2045
    - flags: bottom simplicial
    - normal:   -0.9821 -0.07522   -0.173
    - offset: -0.009110898
    - vertices: p2611(v388) p1864(v262) p3145(v155)
    - neighboring facets: f2061 f3896 f3774
- f2061
    - flags: top simplicial
    - normal:   -0.9825 -0.06489  -0.1744
    - offset: -0.008731432
    - vertices: p151(v391) p1864(v262) p3145(v155)
    - neighboring facets: f2045 f2493 f2966
- f2072
    - flags: bottom simplicial
    - normal:   -0.9984 -0.04793  0.03087
    - offset: -0.007047301
    - vertices: p503(v393) p495(v392) p1858(v87)
    - neighboring facets: f3906 f5141 f3912
- f2074
    - flags: top simplicial
    - normal:    -0.998  0.01682  0.06096
    - offset: -0.004551658
    - vertices: p3985(v394) p3398(v264) p575(v247)
    - neighboring facets: f2977 f2080 f2076
- f2075
    - flags: bottom simplicial
    - normal:   -0.9832  0.04146   0.1779
    - offset: -0.003154021
    - vertices: p3985(v394) p105(v158) p2486(v81)
    - neighboring facets: f1366 f2077 f2076
- f2076
    - flags: bottom simplicial
    - normal:     -0.99  0.01302   0.1406
    - offset: -0.004323335
    - vertices: p3985(v394) p3398(v264) p105(v158)
    - neighboring facets: f3760 f2075 f2074
- f2077
    - flags: top simplicial
    - normal:   -0.9885  0.04864   0.1429
    - offset: -0.003072988
    - vertices: p3985(v394) p1462(v144) p2486(v81)
    - neighboring facets: f1365 f2075 f2078
- f2078
    - flags: bottom simplicial
    - normal:   -0.9889  0.04868   0.1407
    - offset: -0.003082112
    - vertices: p3985(v394) p1462(v144) p3072(v143)
    - neighboring facets: f1259 f2079 f2077
- f2079
    - flags: top simplicial
    - normal:    -0.997  0.04892  0.05933
    - offset: -0.003441264
    - vertices: p3985(v394) p973(v246) p3072(v143)
    - neighboring facets: f1259 f2078 f2080
- f2080
    - flags: top simplicial
    - normal:   -0.9972  0.04885  0.05598
    - offset: -0.003458198
    - vertices: p3985(v394) p575(v247) p973(v246)
    - neighboring facets: f1266 f2079 f2074
- f2081
    - flags: top simplicial
    - normal:    0.1275 -0.04854   0.9906
    - offset: -0.002077713
    - vertices: p3581(v395) p3759(v159) p36(v90)
    - neighboring facets: f5157 f2117 f2986
- f2084
    - flags: top simplicial
    - normal:   0.09636 -0.05383   0.9939
    - offset: -0.002246791
    - vertices: p3581(v395) p954(v266) p3903(v6)
    - neighboring facets: f3028 f2988 f2118
- f2104
    - flags: top simplicial
    - normal:    0.1832 -0.06081   0.9812
    - offset: -0.002509961
    - vertices: p2361(v399) p1602(v269) p36(v90)
    - neighboring facets: f2113 f5156 f2105
- f2105
    - flags: bottom simplicial
    - normal:    0.1839 -0.05919   0.9812
    - offset: -0.002458619
    - vertices: p2361(v399) p1602(v269) p1743(v160)
    - neighboring facets: f3010 f5556 f2104
- f2113
    - flags: bottom simplicial
    - normal:    0.1859 -0.06297   0.9805
    - offset: -0.002582092
    - vertices: p3000(v401) p1602(v269) p36(v90)
    - neighboring facets: f2104 f2117 f2116
- f2116
    - flags: bottom simplicial
    - normal:    0.1979 -0.06669    0.978
    - offset: -0.002713179
    - vertices: p3000(v401) p3085(v400) p1602(v269)
    - neighboring facets: f3011 f2113 f3021
- f2117
    - flags: top simplicial
    - normal:    0.1265 -0.05236   0.9906
    - offset: -0.002201713
    - vertices: p3000(v401) p3581(v395) p36(v90)
    - neighboring facets: f2081 f2113 f2118
- f2118
    - flags: bottom simplicial
    - normal:    0.1022 -0.05426   0.9933
    - offset: -0.002261235
    - vertices: p3000(v401) p3581(v395) p954(v266)
    - neighboring facets: f2084 f3030 f2117
- f2128
    - flags: bottom simplicial
    - normal:    0.3192 -0.08836   0.9436
    - offset: -0.003774719
    - vertices: p1375(v403) p1892(v270) p1899(v91)
    - neighboring facets: f2133 f3031 f2131
- f2131
    - flags: bottom simplicial
    - normal:    0.2956  -0.1008     0.95
    - offset: -0.003991842
    - vertices: p1375(v403) p2257(v402) p1892(v270)
    - neighboring facets: f4721 f2128 f3036
- f2133
    - flags: top simplicial
    - normal:    0.3809 -0.09828   0.9194
    - offset: -0.004335661
    - vertices: p1504(v404) p1892(v270) p1899(v91)
    - neighboring facets: f2128 f2157 f5280
- f2147
    - flags: top simplicial
    - normal:    0.5396 -0.07395   0.8386
    - offset: -0.004958649
    - vertices: p535(v407) p3435(v273) p2866(v51)
    - neighboring facets: f1419 f5621 f2154
- f2151
    - flags: bottom simplicial
    - normal:    0.5084 -0.07272    0.858
    - offset: -0.004679036
    - vertices: p651(v408) p625(v275) p3249(v163)
    - neighboring facets: f1416 f2153 f2152
- f2152
    - flags: top simplicial
    - normal:    0.5199 -0.07272   0.8511
    - offset: -0.00477906
    - vertices: p651(v408) p625(v275) p3435(v273)
    - neighboring facets: f1419 f2154 f2151
- f2153
    - flags: top simplicial
    - normal:    0.5292 -0.07416   0.8453
    - offset: -0.004866164
    - vertices: p651(v408) p535(v407) p3249(v163)
    - neighboring facets: f3942 f2151 f2154
- f2154
    - flags: bottom simplicial
    - normal:    0.5292 -0.07396   0.8453
    - offset: -0.004865674
    - vertices: p651(v408) p535(v407) p3435(v273)
    - neighboring facets: f2147 f2152 f2153
- f2155
    - flags: bottom simplicial
    - normal:     0.378 -0.07218    0.923
    - offset: -0.00367173
    - vertices: p2180(v409) p3934(v276) p1899(v91)
    - neighboring facets: f1422 f2157 f4044
- f2156
    - flags: bottom simplicial
    - normal:    0.4025 -0.09763   0.9102
    - offset: -0.004449224
    - vertices: p2180(v409) p1504(v404) p3449(v26)
    - neighboring facets: f4125 f3153 f2157
- f2157
    - flags: top simplicial
    - normal:    0.3869 -0.09336   0.9174
    - offset: -0.004243684
    - vertices: p2180(v409) p1504(v404) p1899(v91)
    - neighboring facets: f2133 f2155 f2156
- f2161
    - flags: top simplicial
    - normal:    0.3762 -0.07083   0.9238
    - offset: -0.003629041
    - vertices: p1097(v410) p1301(v164) p1899(v91)
    - neighboring facets: f1422 f2162 f2165
- f2162
    - flags: bottom simplicial
    - normal:    0.3513 -0.06858   0.9337
    - offset: -0.003446256
    - vertices: p1097(v410) p3120(v274) p1899(v91)
    - neighboring facets: f1409 f2161 f2163
- f2163
    - flags: top simplicial
    - normal:    0.3482 -0.05969   0.9355
    - offset: -0.003413915
    - vertices: p1097(v410) p3120(v274) p3331(v11)
    - neighboring facets: f1409 f2164 f2162
- f2164
    - flags: bottom simplicial
    - normal:    0.4283   0.2123   0.8783
    - offset: -0.003671983
    - vertices: p1097(v410) p3749(v277) p3331(v11)
    - neighboring facets: f1427 f2163 f2169
- f2165
    - flags: bottom simplicial
    - normal:    0.4664  -0.0244   0.8842
    - offset: -0.004227967
    - vertices: p1097(v410) p1301(v164) p1558(v92)
    - neighboring facets: f1420 f2166 f2161
- f2166
    - flags: top simplicial
    - normal:    0.4885 -0.008432   0.8725
    - offset: -0.004368311
    - vertices: p1097(v410) p625(v275) p1558(v92)
    - neighboring facets: f1416 f2165 f2167
- f2167
    - flags: bottom simplicial
    - normal:    0.5321  0.06255   0.8444
    - offset: -0.004596404
    - vertices: p1097(v410) p625(v275) p1614(v93)
    - neighboring facets: f1418 f2168 f2166
- f2168
    - flags: top simplicial
    - normal:    0.5992   0.2258   0.7681
    - offset: -0.004862507
    - vertices: p1097(v410) p146(v165) p1614(v93)
    - neighboring facets: f814 f2167 f2169
- f2169
    - flags: top simplicial
    - normal:    0.5825   0.2292   0.7799
    - offset: -0.004741728
    - vertices: p1097(v410) p3749(v277) p146(v165)
    - neighboring facets: f1428 f2168 f2164
- f2175
    - flags: top simplicial
    - normal:    0.9641  -0.1059   0.2435
    - offset: -0.009995942
    - vertices: p2890(v412) p3714(v94) p3162(v89)
    - neighboring facets: f1468 f3065 f3060
- f2202
    - flags: bottom simplicial
    - normal:    0.8567 -0.06475   0.5118
    - offset: -0.008195427
    - vertices: p1403(v417) p3151(v166) p3283(v25)
    - neighboring facets: f2229 f2232 f4016
- f2209
    - flags: top simplicial
    - normal:     0.992  -0.1146  0.05228
    - offset: -0.01102948
    - vertices: p3738(v419) p1939(v186) p548(v104)
    - neighboring facets: f940 f2210 f2211
- f2210
    - flags: bottom simplicial
    - normal:    0.9915  -0.1151  0.06113
    - offset: -0.01098383
    - vertices: p3738(v419) p2592(v282) p548(v104)
    - neighboring facets: f3333 f2209 f2211
- f2211
    - flags: top simplicial
    - normal:    0.9915  -0.1148  0.06045
    - offset: -0.01098643
    - vertices: p3738(v419) p2592(v282) p1939(v186)
    - neighboring facets: f1465 f2209 f2210
- f2229
    - flags: top simplicial
    - normal:    0.8248  -0.0249   0.5649
    - offset: -0.007630309
    - vertices: p2393(v423) p3151(v166) p3283(v25)
    - neighboring facets: f2202 f2232 f2230
- f2230
    - flags: bottom simplicial
    - normal:    0.8035   0.0456   0.5935
    - offset: -0.007112805
    - vertices: p2393(v423) p3151(v166) p2866(v51)
    - neighboring facets: f819 f4054 f2229
- f2232
    - flags: bottom simplicial
    - normal:     0.787 -0.09169   0.6101
    - offset: -0.007495801
    - vertices: p2393(v423) p1403(v417) p3283(v25)
    - neighboring facets: f2202 f2229 f3143
- f2244
    - flags: bottom simplicial
    - normal:    0.6946  -0.1619    0.701
    - offset: -0.008063025
    - vertices: p2933(v426) p935(v178) p277(v54)
    - neighboring facets: f882 f2245 f2247
- f2245
    - flags: top simplicial
    - normal:     0.711  -0.1526   0.6864
    - offset: -0.007956409
    - vertices: p2933(v426) p1383(v424) p277(v54)
    - neighboring facets: f3152 f2244 f2246
- f2246
    - flags: bottom simplicial
    - normal:    0.7102  -0.1505   0.6877
    - offset: -0.007898223
    - vertices: p2933(v426) p1383(v424) p1156(v287)
    - neighboring facets: f3993 f4050 f2245
- f2247
    - flags: top simplicial
    - normal:     0.621  -0.1786   0.7632
    - offset: -0.00793777
    - vertices: p2933(v426) p935(v178) p3449(v26)
    - neighboring facets: f886 f3154 f2244
- f2261
    - flags: top simplicial
    - normal:    0.9649  -0.1595   0.2088
    - offset: -0.01095253
    - vertices: p1761(v429) p3688(v288) p677(v88)
    - neighboring facets: f2355 f4078 f3177
- f2269
    - flags: top simplicial
    - normal:    0.9555  -0.1364   0.2617
    - offset: -0.01023086
    - vertices: p1456(v430) p1320(v289) p702(v48)
    - neighboring facets: f3189 f4081 f3081
- f2276
    - flags: top simplicial
    - normal:  0.003361  -0.1061   0.9943
    - offset: -0.004195881
    - vertices: p3422(v432) p2092(v357) p2113(v175)
    - neighboring facets: f2697 f3194 f2277
- f2277
    - flags: bottom simplicial
    - normal:  -0.01044  -0.1194   0.9928
    - offset: -0.004724259
    - vertices: p3422(v432) p2092(v357) p3666(v291)
    - neighboring facets: f2701 f4798 f2276
- f2293
    - flags: top simplicial
    - normal:    0.9584  -0.2845  0.02505
    - offset: -0.01469954
    - vertices: p3104(v435) p3450(v228) p2881(v53)
    - neighboring facets: f2607 f4658 f2294
- f2294
    - flags: bottom simplicial
    - normal:    0.9579  -0.2832  0.04743
    - offset: -0.01455667
    - vertices: p3104(v435) p3450(v228) p3694(v170)
    - neighboring facets: f3135 f2295 f2293
- f2295
    - flags: top simplicial
    - normal:    0.9532  -0.2806   0.1128
    - offset: -0.01417854
    - vertices: p3104(v435) p3134(v421) p3694(v170)
    - neighboring facets: f3136 f2294 f3141
- f2299
    - flags: bottom simplicial
    - normal:    0.9191   -0.294   0.2622
    - offset: -0.01405959
    - vertices: p1728(v436) p3104(v435) p3953(v177)
    - neighboring facets: f3128 f5340 f2300
- f2300
    - flags: top simplicial
    - normal:    0.9175  -0.3091   0.2503
    - offset: -0.01473449
    - vertices: p1728(v436) p3104(v435) p1869(v293)
    - neighboring facets: f3843 f3223 f2299
- f2303
    - flags: top simplicial
    - normal:    0.6182  -0.2022   0.7596
    - offset: -0.008535938
    - vertices: p3195(v437) p3306(v294) p1757(v100)
    - neighboring facets: f1522 f4101 f2304
- f2304
    - flags: bottom simplicial
    - normal:    0.6157  -0.2016   0.7618
    - offset: -0.008501683
    - vertices: p3195(v437) p3306(v294) p2040(v179)
    - neighboring facets: f1524 f4122 f2303
- f2316
    - flags: top simplicial
    - normal:   0.01885  -0.7249   0.6886
    - offset: -0.03080433
    - vertices: p2904(v439) p938(v438) p2306(v295)
    - neighboring facets: f3213 f5677 f2317
- f2317
    - flags: bottom simplicial
    - normal:  0.009585   -0.746   0.6659
    - offset: -0.03178795
    - vertices: p2904(v439) p938(v438) p3785(v296)
    - neighboring facets: f2922 f4631 f2316
- f2318
    - flags: top simplicial
    - normal:   -0.8688    0.495 0.009221
    - offset: -0.003638183
    - vertices: p169(v440) p1274(v297) p353(v57)
    - neighboring facets: f1539 f3245 f3252
- f2322
    - flags: bottom simplicial
    - normal:   -0.8035   0.5953 0.004441
    - offset: -0.003933237
    - vertices: p3311(v441) p1274(v297) p3697(v101)
    - neighboring facets: f1890 f2323 f3253
- f2323
    - flags: bottom simplicial
    - normal:   -0.7257    0.688 -0.003578
    - offset: -0.004330396
    - vertices: p3311(v441) p3697(v101) p1569(v29)
    - neighboring facets: f3718 f2327 f2322
- f2326
    - flags: top simplicial
    - normal:   -0.7122   0.6829  -0.1624
    - offset: -0.005354089
    - vertices: p3311(v441) p903(v181) p3900(v63)
    - neighboring facets: f1551 f2328 f3255
- f2327
    - flags: top simplicial
    - normal:   -0.6598   0.7509 -0.02836
    - offset: -0.004712313
    - vertices: p3311(v441) p95(v306) p1569(v29)
    - neighboring facets: f2755 f2323 f2328
- f2328
    - flags: bottom simplicial
    - normal:   -0.6583   0.7522 -0.02977
    - offset: -0.004725758
    - vertices: p3311(v441) p95(v306) p3900(v63)
    - neighboring facets: f2340 f2326 f2327
- f2330
    - flags: top simplicial
    - normal:   -0.9812   0.1819 -0.06466
    - offset: -0.003742417
    - vertices: p2378(v442) p3486(v56) p2985(v7)
    - neighboring facets: f568 f3261 f2331
- f2331
    - flags: bottom simplicial
    - normal:   -0.9769   0.2138 -0.003101
    - offset: -0.003322793
    - vertices: p2378(v442) p3486(v56) p848(v14)
    - neighboring facets: f4505 f3259 f2330
- f2334
    - flags: top simplicial
    - normal:     0.106   0.3772     0.92
    - offset: -0.001384826
    - vertices: p1865(v443) p3733(v301) p3836(v183)
    - neighboring facets: f4523 f2338 f2335
- f2335
    - flags: top simplicial
    - normal:    0.1485   0.3876   0.9098
    - offset: -0.00165071
    - vertices: p1865(v443) p2571(v304) p3733(v301)
    - neighboring facets: f1574 f2334 f2336
- f2336
    - flags: bottom simplicial
    - normal:    0.2615   0.6825   0.6826
    - offset: -0.004699686
    - vertices: p1865(v443) p2571(v304) p2048(v135)
    - neighboring facets: f1572 f2337 f2335
- f2337
    - flags: top simplicial
    - normal:    0.2557   0.7933   0.5526
    - offset: -0.005739094
    - vertices: p1865(v443) p3212(v300) p2048(v135)
    - neighboring facets: f1555 f2336 f2338
- f2338
    - flags: bottom simplicial
    - normal:    0.2287   0.8141   0.5338
    - offset: -0.005819392
    - vertices: p1865(v443) p3212(v300) p3836(v183)
    - neighboring facets: f1554 f2334 f2337
- f2340
    - flags: top simplicial
    - normal:   -0.6438   0.7645 -0.03134
    - offset: -0.00481786
    - vertices: p907(v444) p95(v306) p3900(v63)
    - neighboring facets: f2328 f4137 f3458
- f2346
    - flags: bottom simplicial
    - normal:    0.9796  -0.1983   -0.032
    - offset: -0.01299458
    - vertices: p2112(v445) p680(v227) p2102(v24)
    - neighboring facets: f3588 f3268 f2614
- f2350
    - flags: top simplicial
    - normal:    0.9866  -0.1595 -0.03374
    - offset: -0.0121407
    - vertices: p1592(v446) p1554(v344) p2102(v24)
    - neighboring facets: f4404 f4150 f2351
- f2351
    - flags: bottom simplicial
    - normal:    0.9872  -0.1577 -0.02252
    - offset: -0.01204039
    - vertices: p1592(v446) p1554(v344) p3804(v193)
    - neighboring facets: f3598 f4152 f2350
- f2352
    - flags: top simplicial
    - normal:    0.9699  -0.1487   0.1926
    - offset: -0.01080153
    - vertices: p341(v447) p3688(v288) p702(v48)
    - neighboring facets: f3186 f3342 f2355
- f2355
    - flags: bottom simplicial
    - normal:    0.9715   -0.152    0.182
    - offset: -0.01091768
    - vertices: p341(v447) p3688(v288) p677(v88)
    - neighboring facets: f2261 f2356 f2352
- f2356
    - flags: top simplicial
    - normal:    0.9734  -0.1527   0.1707
    - offset: -0.01098718
    - vertices: p341(v447) p471(v308) p677(v88)
    - neighboring facets: f2358 f2355 f3339
- f2357
    - flags: top simplicial
    - normal:    0.9766  -0.1731   0.1275
    - offset: -0.01164047
    - vertices: p2286(v448) p2964(v307) p677(v88)
    - neighboring facets: f4032 f2358 f4147
- f2358
    - flags: bottom simplicial
    - normal:    0.9766  -0.1595   0.1442
    - offset: -0.01126109
    - vertices: p2286(v448) p471(v308) p677(v88)
    - neighboring facets: f2356 f2357 f4146
- f2373
    - flags: top simplicial
    - normal:      0.65 -0.09032  -0.7546
    - offset: -0.01361278
    - vertices: p663(v450) p2002(v449) p1232(v10)
    - neighboring facets: f3273 f4866 f3287
- f2385
    - flags: top simplicial
    - normal:    0.9907   -0.129 -0.04256
    - offset: -0.01163949
    - vertices: p2220(v453) p714(v313) p1441(v194)
    - neighboring facets: f4989 f2407 f3323
- f2396
    - flags: bottom simplicial
    - normal:    0.9914  -0.1182  0.05578
    - offset: -0.01103062
    - vertices: p675(v454) p3048(v189) p548(v104)
    - neighboring facets: f951 f3334 f3347
- f2407
    - flags: top simplicial
    - normal:    0.9893  -0.1304 -0.06478
    - offset: -0.01175924
    - vertices: p2807(v455) p2220(v453) p1441(v194)
    - neighboring facets: f2385 f4990 f4953
- f2445
    - flags: bottom simplicial
    - normal:   0.08912   0.3511  -0.9321
    - offset: -0.01060532
    - vertices: p2905(v462) p3446(v319) p2199(v71)
    - neighboring facets: f1660 f4310 f3465
- f2446
    - flags: top simplicial
    - normal:   -0.1896   0.2899  -0.9381
    - offset: -0.009294534
    - vertices: p2905(v462) p3900(v63) p2155(v4)
    - neighboring facets: f288 f3440 f2456
- f2454
    - flags: top simplicial
    - normal:   -0.4762   0.7987  -0.3679
    - offset: -0.007775756
    - vertices: p2943(v464) p2924(v198) p3900(v63)
    - neighboring facets: f3262 f2456 f3464
- f2456
    - flags: bottom simplicial
    - normal:   -0.1767   0.2988  -0.9378
    - offset: -0.009350164
    - vertices: p2943(v464) p2905(v462) p3900(v63)
    - neighboring facets: f2446 f2454 f3466
- f2460
    - flags: top simplicial
    - normal:   -0.2904   0.9559 -0.04357
    - offset: -0.006795667
    - vertices: p2547(v465) p2968(v320) p2216(v111)
    - neighboring facets: f2471 f3452 f2461
- f2461
    - flags: bottom simplicial
    - normal:   -0.2843   0.9587 0.006447
    - offset: -0.006490853
    - vertices: p2547(v465) p2968(v320) p1618(v182)
    - neighboring facets: f1668 f3455 f2460
- f2462
    - flags: top simplicial
    - normal:    0.2194   0.9511  -0.2174
    - offset: -0.01005755
    - vertices: p2553(v466) p3446(v319) p1112(v197)
    - neighboring facets: f1660 f3447 f3450
- f2467
    - flags: top simplicial
    - normal:   -0.3837   0.9234 -0.001481
    - offset: -0.006035846
    - vertices: p243(v467) p2968(v320) p3862(v58)
    - neighboring facets: f1668 f4314 f3463
- f2471
    - flags: bottom simplicial
    - normal:   -0.2997   0.9526 -0.05219
    - offset: -0.006806858
    - vertices: p1636(v468) p2968(v320) p2216(v111)
    - neighboring facets: f2460 f3468 f3461
- f2486
    - flags: bottom simplicial
    - normal:   -0.9723  0.04876  -0.2287
    - offset: -0.004974099
    - vertices: p3826(v470) p2368(v201) p3823(v115)
    - neighboring facets: f1682 f2488 f3475
- f2488
    - flags: top simplicial
    - normal:   -0.9461  0.04559  -0.3208
    - offset: -0.005610717
    - vertices: p3826(v470) p837(v321) p3823(v115)
    - neighboring facets: f1671 f2486 f2490
- f2489
    - flags: bottom simplicial
    - normal:   -0.9553  -0.0279  -0.2944
    - offset: -0.008014711
    - vertices: p3826(v470) p3775(v469) p3145(v155)
    - neighboring facets: f2962 f2493 f2491
- f2490
    - flags: bottom simplicial
    - normal:   -0.9439  0.03388  -0.3285
    - offset: -0.006060486
    - vertices: p3826(v470) p837(v321) p3766(v18)
    - neighboring facets: f1671 f2491 f2488
- f2491
    - flags: top simplicial
    - normal:   -0.9436  0.01205   -0.331
    - offset: -0.006832927
    - vertices: p3826(v470) p3775(v469) p3766(v18)
    - neighboring facets: f3890 f2490 f2489
- f2492
    - flags: bottom simplicial
    - normal:   -0.9735 -0.01596  -0.2282
    - offset: -0.007219186
    - vertices: p3826(v470) p151(v391) p3889(v86)
    - neighboring facets: f2968 f3480 f2493
- f2493
    - flags: top simplicial
    - normal:   -0.9706 -0.02304  -0.2396
    - offset: -0.007531257
    - vertices: p3826(v470) p151(v391) p3145(v155)
    - neighboring facets: f2061 f2489 f2492
- f2494
    - flags: top simplicial
    - normal:    -0.985   0.1217  -0.1227
    - offset: -0.004198304
    - vertices: p3731(v471) p1096(v323) p3486(v56)
    - neighboring facets: f1681 f2496 f2495
- f2495
    - flags: bottom simplicial
    - normal:   -0.9929  0.04837  -0.1085
    - offset: -0.004321485
    - vertices: p3731(v471) p1096(v323) p1515(v322)
    - neighboring facets: f3478 f2497 f2494
- f2496
    - flags: bottom simplicial
    - normal:   -0.9977  0.04815 -0.04841
    - offset: -0.003989478
    - vertices: p3731(v471) p1518(v142) p3486(v56)
    - neighboring facets: f701 f2494 f2497
- f2497
    - flags: bottom simplicial
    - normal:   -0.9976  0.04808 -0.05061
    - offset: -0.004002128
    - vertices: p3731(v471) p1515(v322) p1518(v142)
    - neighboring facets: f1680 f2496 f2495
- f2499
    - flags: top simplicial
    - normal:   -0.6746  -0.2074  -0.7085
    - offset: -0.01736495
    - vertices: p3626(v472) p379(v334) p2108(v122)
    - neighboring facets: f3547 f3483 f2560
- f2502
    - flags: top simplicial
    - normal:    -0.831  -0.2071  -0.5163
    - offset: -0.01624838
    - vertices: p3626(v472) p1041(v389) p2183(v324)
    - neighboring facets: f2556 f2559 f2947
- f2507
    - flags: bottom simplicial
    - normal:   -0.1404 -0.06023  -0.9883
    - offset: -0.01273478
    - vertices: p617(v473) p78(v209) p792(v121)
    - neighboring facets: f5752 f4379 f4328
- f2509
    - flags: top simplicial
    - normal:   -0.3145 -0.02106   -0.949
    - offset: -0.01146475
    - vertices: p617(v473) p2606(v327) p1439(v9)
    - neighboring facets: f1702 f4378 f3489
- f2511
    - flags: bottom simplicial
    - normal:    -0.057 -0.01134  -0.9983
    - offset: -0.01103811
    - vertices: p1463(v474) p435(v70) p2155(v4)
    - neighboring facets: f1049 f3493 f2514
- f2514
    - flags: bottom simplicial
    - normal:  -0.09096 -0.005094  -0.9958
    - offset: -0.0108732
    - vertices: p1463(v474) p3812(v207) p435(v70)
    - neighboring facets: f1049 f2511 f4327
- f2516
    - flags: top simplicial
    - normal:   -0.2531    0.139  -0.9574
    - offset: -0.009527398
    - vertices: p3096(v475) p3812(v207) p830(v35)
    - neighboring facets: f1048 f2517 f2518
- f2517
    - flags: bottom simplicial
    - normal:   -0.2446  0.01889  -0.9694
    - offset: -0.01017138
    - vertices: p3096(v475) p1818(v328) p830(v35)
    - neighboring facets: f3498 f2516 f2518
- f2518
    - flags: top simplicial
    - normal:   -0.1852 0.009581  -0.9827
    - offset: -0.01046702
    - vertices: p3096(v475) p1818(v328) p3812(v207)
    - neighboring facets: f4326 f2516 f2517
- f2519
    - flags: top simplicial
    - normal:   -0.3694  0.03129  -0.9287
    - offset: -0.00966683
    - vertices: p454(v476) p830(v35) p1867(v19)
    - neighboring facets: f581 f2521 f3499
- f2521
    - flags: bottom simplicial
    - normal:   -0.4271  0.03611  -0.9035
    - offset: -0.009403987
    - vertices: p454(v476) p823(v326) p1867(v19)
    - neighboring facets: f1699 f2519 f2522
- f2522
    - flags: top simplicial
    - normal:   -0.4289  0.03108  -0.9028
    - offset: -0.009565272
    - vertices: p454(v476) p823(v326) p1234(v66)
    - neighboring facets: f1696 f3502 f2521
- f2525
    - flags: bottom simplicial
    - normal:   -0.3006 0.008899  -0.9537
    - offset: -0.01046654
    - vertices: p454(v476) p1818(v328) p1508(v208)
    - neighboring facets: f3490 f3503 f3500
- f2529
    - flags: bottom simplicial
    - normal:     0.156 -0.06512  -0.9856
    - offset: -0.01247173
    - vertices: p1418(v477) p895(v124) p946(v20)
    - neighboring facets: f613 f2673 f2530
- f2530
    - flags: bottom simplicial
    - normal:    0.1454  -0.0675  -0.9871
    - offset: -0.01256426
    - vertices: p1418(v477) p1478(v330) p895(v124)
    - neighboring facets: f1722 f2529 f3520
- f2531
    - flags: top simplicial
    - normal:    0.0621 -0.05914  -0.9963
    - offset: -0.01240524
    - vertices: p2714(v478) p1478(v330) p2824(v69)
    - neighboring facets: f1721 f3510 f4354
- f2541
    - flags: top simplicial
    - normal:   0.07609  -0.4739  -0.8773
    - offset: -0.02829577
    - vertices: p2610(v480) p175(v257) p254(v151)
    - neighboring facets: f1319 f2584 f5072
- f2555
    - flags: top simplicial
    - normal:   -0.8385  -0.2146  -0.5008
    - offset: -0.01644905
    - vertices: p157(v482) p1041(v389) p2012(v202)
    - neighboring facets: f3882 f3791 f2556
- f2556
    - flags: bottom simplicial
    - normal:   -0.8373  -0.2137  -0.5032
    - offset: -0.01642731
    - vertices: p157(v482) p1041(v389) p2183(v324)
    - neighboring facets: f2502 f2559 f2555
- f2557
    - flags: top simplicial
    - normal:    -0.674   -0.309   -0.671
    - offset: -0.02121936
    - vertices: p157(v482) p275(v332) p3394(v211)
    - neighboring facets: f1737 f2558 f3792
- f2558
    - flags: bottom simplicial
    - normal:   -0.6685  -0.2339  -0.7059
    - offset: -0.01840387
    - vertices: p157(v482) p379(v334) p3394(v211)
    - neighboring facets: f3549 f2557 f2560
- f2559
    - flags: top simplicial
    - normal:      -0.8  -0.2135  -0.5608
    - offset: -0.01678502
    - vertices: p157(v482) p3626(v472) p2183(v324)
    - neighboring facets: f2502 f2556 f2560
- f2560
    - flags: bottom simplicial
    - normal:   -0.6757  -0.2216   -0.703
    - offset: -0.01789927
    - vertices: p157(v482) p3626(v472) p379(v334)
    - neighboring facets: f2499 f2558 f2559
- f2566
    - flags: bottom simplicial
    - normal:   -0.5414 -0.08778  -0.8361
    - offset: -0.01342338
    - vertices: p753(v484) p2615(v335) p1043(v212)
    - neighboring facets: f3485 f2568 f3562
- f2567
    - flags: top simplicial
    - normal:   -0.5821  -0.0562  -0.8112
    - offset: -0.01216757
    - vertices: p753(v484) p3226(v203) p3237(v67)
    - neighboring facets: f1032 f2568 f4374
- f2568
    - flags: bottom simplicial
    - normal:   -0.5728 -0.07998  -0.8158
    - offset: -0.01304319
    - vertices: p753(v484) p1043(v212) p3237(v67)
    - neighboring facets: f1744 f2567 f2566
- f2574
    - flags: bottom simplicial
    - normal:    0.1662 -0.05297  -0.9847
    - offset: -0.01208357
    - vertices: p1693(v485) p3734(v336) p1400(v68)
    - neighboring facets: f1759 f5014 f5016
- f2576
    - flags: top simplicial
    - normal:    0.1927 -0.06291  -0.9792
    - offset: -0.01237406
    - vertices: p1161(v486) p3734(v336) p946(v20)
    - neighboring facets: f1760 f2578 f2577
- f2577
    - flags: bottom simplicial
    - normal:     0.205 -0.05913   -0.977
    - offset: -0.01229215
    - vertices: p1161(v486) p3734(v336) p1348(v218)
    - neighboring facets: f1757 f2579 f2576
- f2578
    - flags: bottom simplicial
    - normal:    0.2409  -0.0786  -0.9674
    - offset: -0.01284084
    - vertices: p1161(v486) p405(v337) p946(v20)
    - neighboring facets: f2672 f2576 f2579
- f2579
    - flags: top simplicial
    - normal:    0.2427 -0.06898  -0.9676
    - offset: -0.01259172
    - vertices: p1161(v486) p405(v337) p1348(v218)
    - neighboring facets: f1763 f2577 f2578
- f2584
    - flags: top simplicial
    - normal:    0.1236  -0.4347   -0.892
    - offset: -0.02670202
    - vertices: p1637(v488) p2610(v480) p254(v151)
    - neighboring facets: f2541 f3570 f5074
- f2589
    - flags: top simplicial
    - normal:    0.5447  -0.1952  -0.8156
    - offset: -0.01617365
    - vertices: p897(v489) p2153(v339) p2754(v220)
    - neighboring facets: f1774 f2666 f2590
- f2590
    - flags: bottom simplicial
    - normal:    0.5429  -0.1976  -0.8162
    - offset: -0.01627267
    - vertices: p897(v489) p2153(v339) p3206(v338)
    - neighboring facets: f1775 f2592 f2589
- f2592
    - flags: top simplicial
    - normal:    0.5005  -0.1901  -0.8446
    - offset: -0.01614564
    - vertices: p897(v489) p3960(v487) p3206(v338)
    - neighboring facets: f3564 f2590 f2667
- f2595
    - flags: top simplicial
    - normal:    0.7393  -0.1792  -0.6491
    - offset:  -0.015378
    - vertices: p3877(v490) p3223(v458) p2811(v129)
    - neighboring facets: f3395 f3579 f3583
- f2598
    - flags: bottom simplicial
    - normal:    0.6352   -0.208  -0.7438
    - offset: -0.01626339
    - vertices: p3877(v490) p1297(v341) p1831(v128)
    - neighboring facets: f1782 f3578 f2599
- f2599
    - flags: top simplicial
    - normal:    0.6601  -0.2145  -0.7199
    - offset: -0.0163821
    - vertices: p3877(v490) p1297(v341) p546(v223)
    - neighboring facets: f1782 f2600 f2598
- f2600
    - flags: bottom simplicial
    - normal:    0.7182  -0.2274  -0.6577
    - offset: -0.0165449
    - vertices: p3877(v490) p3696(v342) p546(v223)
    - neighboring facets: f3585 f2599 f3582
- f2607
    - flags: bottom simplicial
    - normal:    0.9589  -0.2838 0.005514
    - offset: -0.01477889
    - vertices: p2691(v492) p3450(v228) p2881(v53)
    - neighboring facets: f2293 f2608 f2609
- f2608
    - flags: top simplicial
    - normal:    0.9587  -0.2833 -0.02686
    - offset: -0.01493541
    - vertices: p2691(v492) p2187(v345) p2881(v53)
    - neighboring facets: f2616 f2607 f2609
- f2609
    - flags: bottom simplicial
    - normal:    0.9618  -0.2734 -0.01597
    - offset: -0.01463986
    - vertices: p2691(v492) p2187(v345) p3450(v228)
    - neighboring facets: f2611 f2607 f2608
- f2611
    - flags: top simplicial
    - normal:    0.9618  -0.2731 -0.01626
    - offset: -0.01463457
    - vertices: p2175(v493) p2187(v345) p3450(v228)
    - neighboring facets: f2609 f2612 f2622
- f2612
    - flags: bottom simplicial
    - normal:    0.9718  -0.2357 -0.005826
    - offset: -0.0137123
    - vertices: p2175(v493) p2112(v445) p3450(v228)
    - neighboring facets: f3267 f2611 f2614
- f2613
    - flags: top simplicial
    - normal:    0.9717  -0.2283 -0.06055
    - offset: -0.01382799
    - vertices: p2175(v493) p680(v227) p1250(v131)
    - neighboring facets: f4955 f2621 f2614
- f2614
    - flags: top simplicial
    - normal:    0.9731  -0.2247 -0.05136
    - offset: -0.01369608
    - vertices: p2175(v493) p2112(v445) p680(v227)
    - neighboring facets: f2346 f2613 f2612
- f2615
    - flags: top simplicial
    - normal:    0.9526  -0.2948 -0.07557
    - offset: -0.01566827
    - vertices: p2215(v494) p1731(v229) p2881(v53)
    - neighboring facets: f1819 f2616 f2619
- f2616
    - flags: bottom simplicial
    - normal:    0.9565  -0.2828 -0.07123
    - offset: -0.01515175
    - vertices: p2215(v494) p2187(v345) p2881(v53)
    - neighboring facets: f2608 f2615 f2620
- f2618
    - flags: top simplicial
    - normal:    0.9413  -0.2774  -0.1925
    - offset: -0.01564164
    - vertices: p1159(v495) p3965(v346) p1731(v229)
    - neighboring facets: f1812 f2619 f4268
- f2619
    - flags: bottom simplicial
    - normal:    0.9539   -0.282  -0.1024
    - offset: -0.01530284
    - vertices: p1159(v495) p2215(v494) p1731(v229)
    - neighboring facets: f2615 f2618 f2620
- f2620
    - flags: top simplicial
    - normal:    0.9565  -0.2828 -0.07194
    - offset: -0.01515428
    - vertices: p1159(v495) p2215(v494) p2187(v345)
    - neighboring facets: f2616 f2622 f2619
- f2621
    - flags: top simplicial
    - normal:    0.9617  -0.2637 -0.07439
    - offset: -0.0147172
    - vertices: p1159(v495) p2175(v493) p1250(v131)
    - neighboring facets: f2613 f4956 f2622
- f2622
    - flags: bottom simplicial
    - normal:    0.9598  -0.2729 -0.06559
    - offset: -0.01488642
    - vertices: p1159(v495) p2175(v493) p2187(v345)
    - neighboring facets: f2611 f2620 f2621
- f2628
    - flags: top simplicial
    - normal:     0.803  -0.2913  -0.5198
    - offset: -0.01824785
    - vertices: p1724(v496) p546(v223) p462(v5)
    - neighboring facets: f1131 f3605 f2629
- f2629
    - flags: bottom simplicial
    - normal:     0.834  -0.2824  -0.4741
    - offset: -0.01757959
    - vertices: p1724(v496) p546(v223) p2256(v171)
    - neighboring facets: f3404 f2630 f2628
- f2630
    - flags: top simplicial
    - normal:    0.8524  -0.2866  -0.4374
    - offset: -0.01752092
    - vertices: p1724(v496) p233(v347) p2256(v171)
    - neighboring facets: f1810 f2629 f2635
- f2631
    - flags: bottom simplicial
    - normal:    0.9233  -0.3137  -0.2216
    - offset: -0.01731042
    - vertices: p2217(v497) p233(v347) p1731(v229)
    - neighboring facets: f1812 f2632 f2635
- f2632
    - flags: top simplicial
    - normal:    0.9276  -0.3396  -0.1555
    - offset: -0.01800059
    - vertices: p2217(v497) p2982(v348) p1731(v229)
    - neighboring facets: f1819 f2631 f2633
- f2633
    - flags: bottom simplicial
    - normal:    0.9125  -0.3805  -0.1505
    - offset: -0.01967854
    - vertices: p2217(v497) p2982(v348) p301(v96)
    - neighboring facets: f4662 f3840 f2632
- f2635
    - flags: bottom simplicial
    - normal:    0.8774  -0.3829   -0.289
    - offset: -0.02059382
    - vertices: p2217(v497) p1724(v496) p233(v347)
    - neighboring facets: f2630 f2631 f3838
- f2637
    - flags: top simplicial
    - normal:    0.6074 -0.05001  -0.7928
    - offset: -0.01339008
    - vertices: p688(v498) p2002(v449) p591(v311)
    - neighboring facets: f4191 f4416 f4154
- f2644
    - flags: bottom simplicial
    - normal:    0.3656 -0.07053  -0.9281
    - offset: -0.0128412
    - vertices: p1510(v500) p2007(v132) p2908(v37)
    - neighboring facets: f1169 f2646 f2645
- f2645
    - flags: bottom simplicial
    - normal:    0.3702 -0.07411   -0.926
    - offset: -0.01293093
    - vertices: p1510(v500) p545(v352) p2007(v132)
    - neighboring facets: f1837 f2644 f4427
- f2646
    - flags: top simplicial
    - normal:    0.3868 -0.07153  -0.9194
    - offset: -0.01291307
    - vertices: p1510(v500) p1295(v349) p2908(v37)
    - neighboring facets: f1824 f2644 f4428
- f2649
    - flags: top simplicial
    - normal:    0.5374 -0.08693  -0.8388
    - offset: -0.01346811
    - vertices: p2617(v501) p252(v221) p1009(v75)
    - neighboring facets: f1778 f3612 f2651
- f2651
    - flags: bottom simplicial
    - normal:    0.5772  -0.1072  -0.8095
    - offset: -0.01394483
    - vertices: p2617(v501) p252(v221) p2811(v129)
    - neighboring facets: f3397 f4398 f2649
- f2655
    - flags: top simplicial
    - normal:    0.4854  -0.1309  -0.8644
    - offset: -0.01445464
    - vertices: p2617(v501) p545(v352) p1173(v351)
    - neighboring facets: f1840 f4396 f4425
- f2662
    - flags: top simplicial
    - normal:    0.4605  -0.1608   -0.873
    - offset: -0.01517727
    - vertices: p2179(v502) p3044(v353) p2568(v232)
    - neighboring facets: f2664 f3619 f2665
- f2663
    - flags: bottom simplicial
    - normal:    0.5072  -0.1742  -0.8441
    - offset: -0.01551731
    - vertices: p711(v503) p2568(v232) p2754(v220)
    - neighboring facets: f1834 f2666 f2664
- f2664
    - flags: bottom simplicial
    - normal:    0.5013  -0.1726  -0.8479
    - offset: -0.01547957
    - vertices: p711(v503) p3044(v353) p2568(v232)
    - neighboring facets: f2662 f2663 f2665
- f2665
    - flags: bottom simplicial
    - normal:    0.4767  -0.1679  -0.8629
    - offset: -0.0153837
    - vertices: p711(v503) p2179(v502) p3044(v353)
    - neighboring facets: f2662 f2664 f2669
- f2666
    - flags: top simplicial
    - normal:    0.5147   -0.186  -0.8369
    - offset: -0.01593622
    - vertices: p711(v503) p897(v489) p2754(v220)
    - neighboring facets: f2589 f2663 f2667
- f2667
    - flags: bottom simplicial
    - normal:    0.4997  -0.1892  -0.8453
    - offset: -0.01611389
    - vertices: p711(v503) p897(v489) p3960(v487)
    - neighboring facets: f2592 f3568 f2666
- f2669
    - flags: top simplicial
    - normal:    0.4494  -0.1717  -0.8767
    - offset: -0.01561518
    - vertices: p711(v503) p2179(v502) p1855(v73)
    - neighboring facets: f3621 f3567 f2665
- f2671
    - flags: top simplicial
    - normal:    0.3078  -0.1238  -0.9433
    - offset: -0.01424315
    - vertices: p595(v504) p1327(v354) p706(v233)
    - neighboring facets: f3628 f3625 f2674
- f2672
    - flags: top simplicial
    - normal:    0.2445 -0.08015  -0.9663
    - offset: -0.01288702
    - vertices: p595(v504) p405(v337) p946(v20)
    - neighboring facets: f2578 f2673 f2676
- f2673
    - flags: bottom simplicial
    - normal:    0.2075 -0.09071   -0.974
    - offset: -0.01328091
    - vertices: p595(v504) p1418(v477) p946(v20)
    - neighboring facets: f2529 f2672 f2674
- f2674
    - flags: top simplicial
    - normal:    0.2186  -0.1045  -0.9702
    - offset: -0.01373255
    - vertices: p595(v504) p1418(v477) p1327(v354)
    - neighboring facets: f3508 f2671 f2673
- f2676
    - flags: bottom simplicial
    - normal:    0.3005  -0.1007  -0.9484
    - offset: -0.01348764
    - vertices: p595(v504) p405(v337) p543(v76)
    - neighboring facets: f1763 f3627 f2672
- f2683
    - flags: bottom simplicial
    - normal:   -0.3637 -0.08842   0.9273
    - offset: -0.004509005
    - vertices: p1273(v506) p1792(v235) p1387(v136)
    - neighboring facets: f1200 f2684 f2705
- f2684
    - flags: top simplicial
    - normal:   -0.3851 -0.09989   0.9175
    - offset: -0.005009625
    - vertices: p1273(v506) p2373(v356) p1387(v136)
    - neighboring facets: f3640 f2683 f4474
- f2697
    - flags: bottom simplicial
    - normal:  0.002901   -0.104   0.9946
    - offset: -0.004118023
    - vertices: p1299(v508) p2092(v357) p2113(v175)
    - neighboring facets: f2276 f5284 f3652
- f2700
    - flags: top simplicial
    - normal:  -0.08285   -0.142   0.9864
    - offset: -0.005762363
    - vertices: p577(v509) p3666(v291) p924(v42)
    - neighboring facets: f3215 f4476 f2701
- f2701
    - flags: top simplicial
    - normal:  -0.07908  -0.1357   0.9876
    - offset: -0.005508348
    - vertices: p577(v509) p2092(v357) p3666(v291)
    - neighboring facets: f2277 f2700 f2704
- f2704
    - flags: bottom simplicial
    - normal:   -0.2313  -0.1053   0.9672
    - offset: -0.004763218
    - vertices: p577(v509) p2092(v357) p1792(v235)
    - neighboring facets: f1866 f2705 f2701
- f2705
    - flags: top simplicial
    - normal:   -0.2705  -0.1054   0.9569
    - offset: -0.004875178
    - vertices: p577(v509) p1273(v506) p1792(v235)
    - neighboring facets: f2683 f2704 f4475
- f2710
    - flags: bottom simplicial
    - normal:   -0.8879  -0.2274   0.3998
    - offset: -0.01226693
    - vertices: p727(v510) p1997(v358) p3455(v41)
    - neighboring facets: f1873 f4483 f4594
- f2718
    - flags: top simplicial
    - normal:   -0.6764 -0.02741   0.7361
    - offset: -0.003390352
    - vertices: p558(v512) p2633(v359) p3511(v238)
    - neighboring facets: f1880 f3736 f2720
- f2719
    - flags: bottom simplicial
    - normal:   -0.5434 -0.04204   0.8384
    - offset: -0.003393216
    - vertices: p558(v512) p612(v511) p3777(v239)
    - neighboring facets: f3672 f3677 f2720
- f2720
    - flags: top simplicial
    - normal:    -0.587 -0.04194   0.8085
    - offset: -0.003553522
    - vertices: p558(v512) p612(v511) p2633(v359)
    - neighboring facets: f4554 f2718 f2719
- f2722
    - flags: bottom simplicial
    - normal:   -0.6695  0.05123    0.741
    - offset: -0.0006580185
    - vertices: p558(v512) p1796(v360) p1347(v237)
    - neighboring facets: f4498 f3739 f3673
- f2735
    - flags: top simplicial
    - normal:   -0.9636   0.2642  0.04073
    - offset: -0.003201355
    - vertices: p531(v515) p3285(v362) p3820(v140)
    - neighboring facets: f1899 f4499 f4504
- f2750
    - flags: bottom simplicial
    - normal:   -0.8838   0.4271   0.1913
    - offset: -0.002876366
    - vertices: p1889(v516) p3090(v244) p3820(v140)
    - neighboring facets: f1250 f4500 f2751
- f2751
    - flags: bottom simplicial
    - normal:   -0.8769   0.4387   0.1966
    - offset: -0.002878439
    - vertices: p1889(v516) p3052(v361) p3090(v244)
    - neighboring facets: f1891 f2750 f4539
- f2752
    - flags: top simplicial
    - normal:   -0.6996    0.664   0.2641
    - offset: -0.003432586
    - vertices: p3396(v517) p3052(v361) p3697(v101)
    - neighboring facets: f1890 f3720 f4541
- f2755
    - flags: bottom simplicial
    - normal:   -0.6579   0.7526  0.02713
    - offset: -0.004539341
    - vertices: p3396(v517) p95(v306) p1569(v29)
    - neighboring facets: f2327 f3719 f4534
- f2761
    - flags: top simplicial
    - normal:   -0.7873  0.02403    0.616
    - offset: -0.002068313
    - vertices: p2143(v518) p1556(v363) p3802(v146)
    - neighboring facets: f3752 f2763 f3738
- f2763
    - flags: bottom simplicial
    - normal:    -0.819  0.04644   0.5719
    - offset: -0.00145859
    - vertices: p2143(v518) p1347(v237) p3802(v146)
    - neighboring facets: f1951 f2761 f3740
- f2774
    - flags: top simplicial
    - normal:   -0.3759  -0.2575   0.8902
    - offset: -0.01126071
    - vertices: p3808(v521) p2604(v369) p266(v139)
    - neighboring facets: f2779 f2776 f2775
- f2775
    - flags: bottom simplicial
    - normal:   -0.3283  -0.2274   0.9168
    - offset: -0.009862476
    - vertices: p3808(v521) p2604(v369) p3621(v243)
    - neighboring facets: f3201 f2777 f2774
- f2776
    - flags: bottom simplicial
    - normal:   -0.5286  -0.2094   0.8227
    - offset: -0.009797453
    - vertices: p3808(v521) p3963(v507) p266(v139)
    - neighboring facets: f3643 f2774 f2777
- f2777
    - flags: top simplicial
    - normal:   -0.4788  -0.1981   0.8553
    - offset: -0.009162527
    - vertices: p3808(v521) p3963(v507) p3621(v243)
    - neighboring facets: f3639 f2775 f2776
- f2778
    - flags: bottom simplicial
    - normal:   -0.5036   -0.363   0.7839
    - offset: -0.01607843
    - vertices: p1573(v522) p266(v139) p3317(v79)
    - neighboring facets: f3645 f2780 f2779
- f2779
    - flags: bottom simplicial
    - normal:   -0.3921  -0.2753   0.8777
    - offset: -0.01205544
    - vertices: p1573(v522) p2604(v369) p266(v139)
    - neighboring facets: f2774 f2778 f4092
- f2780
    - flags: bottom simplicial
    - normal:   -0.4838  -0.4459   0.7531
    - offset: -0.01950522
    - vertices: p1573(v522) p3317(v79) p434(v12)
    - neighboring facets: f2852 f5360 f2778
- f2785
    - flags: bottom simplicial
    - normal:   -0.8665 -0.05803   0.4958
    - offset: -0.005402201
    - vertices: p3158(v523) p3326(v372) p4(v370)
    - neighboring facets: f2803 f2822 f2789
- f2789
    - flags: top simplicial
    - normal:   -0.8576 -0.08941   0.5064
    - offset: -0.006529802
    - vertices: p3158(v523) p3326(v372) p1842(v236)
    - neighboring facets: f4551 f3744 f2785
- f2793
    - flags: top simplicial
    - normal:   -0.8686  0.04105   0.4939
    - offset: -0.001914124
    - vertices: p1349(v524) p3009(v371) p3802(v146)
    - neighboring facets: f1951 f3753 f2798
- f2794
    - flags: top simplicial
    - normal:   -0.9273  0.04471   0.3717
    - offset: -0.002210504
    - vertices: p3109(v525) p780(v250) p2837(v147)
    - neighboring facets: f1282 f2795 f3746
- f2795
    - flags: bottom simplicial
    - normal:   -0.9267  0.04531    0.373
    - offset: -0.002185525
    - vertices: p3109(v525) p1347(v237) p2837(v147)
    - neighboring facets: f1282 f2794 f2796
- f2796
    - flags: bottom simplicial
    - normal:   -0.9033  0.04529   0.4267
    - offset: -0.002007003
    - vertices: p3109(v525) p3009(v371) p1347(v237)
    - neighboring facets: f1951 f2795 f2798
- f2798
    - flags: bottom simplicial
    - normal:   -0.8778  0.03709   0.4776
    - offset: -0.00210915
    - vertices: p3109(v525) p1349(v524) p3009(v371)
    - neighboring facets: f2793 f2796 f2799
- f2799
    - flags: top simplicial
    - normal:   -0.8713  0.01364   0.4906
    - offset: -0.00288174
    - vertices: p3109(v525) p1349(v524) p498(v249)
    - neighboring facets: f3754 f3749 f2798
- f2802
    - flags: top simplicial
    - normal:   -0.8633 -0.04839   0.5024
    - offset: -0.005030765
    - vertices: p2980(v526) p4(v370) p498(v249)
    - neighboring facets: f3748 f3750 f2803
- f2803
    - flags: top simplicial
    - normal:   -0.8644 -0.05607   0.4997
    - offset: -0.005316386
    - vertices: p2980(v526) p3326(v372) p4(v370)
    - neighboring facets: f2785 f2802 f3755
- f2805
    - flags: top simplicial
    - normal:   -0.7928 -0.04445   0.6079
    - offset: -0.004493866
    - vertices: p2980(v526) p1556(v363) p3633(v22)
    - neighboring facets: f1904 f3759 f3751
- f2809
    - flags: top simplicial
    - normal:   -0.9541 -0.05645   0.2941
    - offset: -0.006144374
    - vertices: p2500(v527) p375(v374) p3370(v156)
    - neighboring facets: f2824 f2980 f3763
- f2812
    - flags: bottom simplicial
    - normal:   -0.9751  0.04132   0.2181
    - offset: -0.002972077
    - vertices: p2779(v528) p1172(v265) p105(v158)
    - neighboring facets: f1366 f3762 f3767
- f2821
    - flags: bottom simplicial
    - normal:   -0.9119 -0.05843   0.4062
    - offset: -0.005750136
    - vertices: p2315(v529) p4(v370) p2027(v82)
    - neighboring facets: f3747 f3771 f2822
- f2822
    - flags: bottom simplicial
    - normal:   -0.9114 -0.05882   0.4073
    - offset: -0.005760585
    - vertices: p2315(v529) p3158(v523) p4(v370)
    - neighboring facets: f2785 f2821 f3770
- f2823
    - flags: top simplicial
    - normal:   -0.9367 -0.07847   0.3412
    - offset: -0.006750328
    - vertices: p2045(v530) p2896(v263) p3370(v156)
    - neighboring facets: f5125 f2824 f3768
- f2824
    - flags: bottom simplicial
    - normal:   -0.9486 -0.05948   0.3108
    - offset: -0.006180482
    - vertices: p2045(v530) p375(v374) p3370(v156)
    - neighboring facets: f2809 f2823 f3773
- f2828
    - flags: top simplicial
    - normal:   -0.9951 -0.08897 -0.04346
    - offset: -0.008956298
    - vertices: p863(v531) p1864(v262) p1858(v87)
    - neighboring facets: f3904 f5551 f3775
- f2850
    - flags: bottom simplicial
    - normal:   -0.7775  -0.4488  -0.4405
    - offset: -0.02554891
    - vertices: p549(v534) p275(v332) p2787(v23)
    - neighboring facets: f1736 f2935 f3793
- f2852
    - flags: top simplicial
    - normal:    -0.552   -0.469   0.6895
    - offset: -0.02077777
    - vertices: p3140(v535) p3317(v79) p434(v12)
    - neighboring facets: f2780 f2853 f4590
- f2853
    - flags: bottom simplicial
    - normal:   -0.5404  -0.7196   0.4361
    - offset: -0.03210994
    - vertices: p3140(v535) p3003(v377) p434(v12)
    - neighboring facets: f5235 f2852 f3796
- f2857
    - flags: top simplicial
    - normal:   -0.6065    -0.79  0.08958
    - offset: -0.03635979
    - vertices: p44(v536) p2317(v148) p1992(v83)
    - neighboring facets: f2926 f2860 f5237
- f2860
    - flags: bottom simplicial
    - normal:   -0.6658  -0.7438  0.05819
    - offset: -0.0345936
    - vertices: p44(v536) p1749(v378) p1992(v83)
    - neighboring facets: f3880 f2857 f4602
- f2863
    - flags: top simplicial
    - normal:   -0.7936  -0.6084 0.003355
    - offset: -0.02925391
    - vertices: p1101(v537) p3213(v251) p79(v149)
    - neighboring facets: f3785 f5215 f2864
- f2864
    - flags: top simplicial
    - normal:   -0.7857  -0.6182    0.023
    - offset: -0.02955202
    - vertices: p1101(v537) p1749(v378) p3213(v251)
    - neighboring facets: f3881 f2863 f4607
- f2894
    - flags: bottom simplicial
    - normal:    0.8159  -0.5753 -0.05851
    - offset: -0.02729099
    - vertices: p1910(v542) p115(v381) p301(v96)
    - neighboring facets: f3863 f3847 f4663
- f2922
    - flags: top simplicial
    - normal:  -0.07271  -0.8081   0.5846
    - offset: -0.03478532
    - vertices: p1619(v546) p938(v438) p3785(v296)
    - neighboring facets: f2317 f5802 f2924
- f2924
    - flags: bottom simplicial
    - normal:   -0.2336  -0.8349   0.4983
    - offset: -0.03633293
    - vertices: p1619(v546) p938(v438) p434(v12)
    - neighboring facets: f4099 f5236 f2922
- f2925
    - flags: bottom simplicial
    - normal:   -0.5453  -0.8181  -0.1827
    - offset: -0.03891316
    - vertices: p2536(v547) p62(v386) p285(v259)
    - neighboring facets: f4698 f2928 f5174
- f2926
    - flags: bottom simplicial
    - normal:   -0.5498  -0.8349 -0.02547
    - offset: -0.03877438
    - vertices: p2536(v547) p2317(v148) p1992(v83)
    - neighboring facets: f2857 f3877 f2927
- f2927
    - flags: bottom simplicial
    - normal:   -0.4543  -0.8908 -0.009017
    - offset: -0.04096505
    - vertices: p2536(v547) p2549(v384) p2317(v148)
    - neighboring facets: f5239 f2926 f2929
- f2928
    - flags: top simplicial
    - normal:   -0.3326  -0.9266  -0.1756
    - offset: -0.04324695
    - vertices: p2536(v547) p3869(v387) p285(v259)
    - neighboring facets: f5264 f2925 f2929
- f2929
    - flags: bottom simplicial
    - normal:   -0.3293  -0.9286  -0.1711
    - offset: -0.04330402
    - vertices: p2536(v547) p3869(v387) p2549(v384)
    - neighboring facets: f4645 f2927 f2928
- f2932
    - flags: top simplicial
    - normal:   -0.5842  -0.6613  -0.4706
    - offset: -0.03431433
    - vertices: p3700(v548) p364(v153) p2787(v23)
    - neighboring facets: f759 f2935 f4696
- f2935
    - flags: bottom simplicial
    - normal:   -0.7885  -0.4874   -0.375
    - offset: -0.02668935
    - vertices: p3700(v548) p549(v534) p2787(v23)
    - neighboring facets: f2850 f2932 f4580
- f2937
    - flags: top simplicial
    - normal:   -0.9396  -0.1403  -0.3121
    - offset: -0.01234039
    - vertices: p2170(v549) p108(v261) p1214(v47)
    - neighboring facets: f2042 f2940 f3902
- f2940
    - flags: bottom simplicial
    - normal:   -0.9435  -0.1815  -0.2773
    - offset: -0.01374278
    - vertices: p2170(v549) p829(v375) p1214(v47)
    - neighboring facets: f3777 f2937 f3821
- f2941
    - flags: top simplicial
    - normal:   -0.9143  -0.2591  -0.3114
    - offset: -0.01701415
    - vertices: p2170(v549) p2973(v376) p2012(v202)
    - neighboring facets: f3789 f3883 f3818
- f2945
    - flags: top simplicial
    - normal:   -0.8243  -0.1048  -0.5563
    - offset: -0.01248917
    - vertices: p2590(v550) p1957(v333) p3033(v116)
    - neighboring facets: f2951 f2959 f2948
- f2947
    - flags: bottom simplicial
    - normal:   -0.8129  -0.1678  -0.5577
    - offset: -0.01494792
    - vertices: p2590(v550) p3626(v472) p1041(v389)
    - neighboring facets: f2502 f2960 f3487
- f2948
    - flags: bottom simplicial
    - normal:   -0.7451  -0.1244  -0.6553
    - offset: -0.01382581
    - vertices: p2590(v550) p1957(v333) p1043(v212)
    - neighboring facets: f1744 f3486 f2945
- f2951
    - flags: bottom simplicial
    - normal:   -0.8364 -0.08748  -0.5411
    - offset: -0.01174133
    - vertices: p320(v551) p1957(v333) p3033(v116)
    - neighboring facets: f2945 f2957 f2952
- f2952
    - flags: top simplicial
    - normal:   -0.8258 -0.08069  -0.5581
    - offset: -0.01159764
    - vertices: p320(v551) p1957(v333) p1680(v123)
    - neighboring facets: f1746 f5269 f2951
- f2957
    - flags: bottom simplicial
    - normal:   -0.8748 -0.07465  -0.4786
    - offset: -0.01086085
    - vertices: p187(v552) p320(v551) p3033(v116)
    - neighboring facets: f2951 f2959 f2958
- f2958
    - flags: top simplicial
    - normal:   -0.8865 -0.06677   -0.458
    - offset: -0.01042907
    - vertices: p187(v552) p320(v551) p3150(v390)
    - neighboring facets: f4706 f3898 f2957
- f2959
    - flags: top simplicial
    - normal:   -0.8477  -0.1126  -0.5184
    - offset: -0.01255535
    - vertices: p187(v552) p2590(v550) p3033(v116)
    - neighboring facets: f2945 f2957 f2960
- f2960
    - flags: bottom simplicial
    - normal:   -0.8557  -0.1261  -0.5019
    - offset: -0.01297626
    - vertices: p187(v552) p2590(v550) p1041(v389)
    - neighboring facets: f2947 f3901 f2959
- f2962
    - flags: top simplicial
    - normal:   -0.9451 -0.04544  -0.3235
    - offset: -0.008828453
    - vertices: p3405(v553) p3775(v469) p3145(v155)
    - neighboring facets: f2489 f3894 f2963
- f2963
    - flags: bottom simplicial
    - normal:   -0.9208 -0.05537  -0.3861
    - offset: -0.009576005
    - vertices: p3405(v553) p3775(v469) p3150(v390)
    - neighboring facets: f4708 f3899 f2962
- f2966
    - flags: bottom simplicial
    - normal:   -0.9951 -0.04352 -0.08847
    - offset: -0.007497514
    - vertices: p2918(v554) p151(v391) p1864(v262)
    - neighboring facets: f2061 f3905 f2968
- f2968
    - flags: top simplicial
    - normal:   -0.9956 -0.02179 -0.09104
    - offset: -0.006721201
    - vertices: p2918(v554) p151(v391) p3889(v86)
    - neighboring facets: f2492 f4714 f2966
- f2976
    - flags: bottom simplicial
    - normal:   -0.9986  0.01694  0.05014
    - offset: -0.004600811
    - vertices: p2802(v555) p575(v247) p1518(v142)
    - neighboring facets: f1265 f3911 f2977
- f2977
    - flags: bottom simplicial
    - normal:   -0.9982  0.01565  0.05745
    - offset: -0.004609852
    - vertices: p2802(v555) p3398(v264) p575(v247)
    - neighboring facets: f2074 f2976 f3916
- f2979
    - flags: top simplicial
    - normal:   -0.9877 -0.07647   0.1361
    - offset: -0.007589009
    - vertices: p3101(v556) p503(v393) p3398(v264)
    - neighboring facets: f2982 f2981 f5140
- f2980
    - flags: top simplicial
    - normal:   -0.9762  -0.0508   0.2109
    - offset: -0.006299384
    - vertices: p3101(v556) p2500(v527) p3370(v156)
    - neighboring facets: f2809 f5138 f2981
- f2981
    - flags: bottom simplicial
    - normal:   -0.9787 -0.03109   0.2031
    - offset: -0.00561518
    - vertices: p3101(v556) p2500(v527) p3398(v264)
    - neighboring facets: f3761 f2979 f2980
- f2982
    - flags: bottom simplicial
    - normal:   -0.9972 -0.04773  0.05779
    - offset: -0.00691116
    - vertices: p129(v557) p503(v393) p3398(v264)
    - neighboring facets: f2979 f3917 f3913
- f2986
    - flags: bottom simplicial
    - normal:   0.08559 -0.04438   0.9953
    - offset: -0.001938324
    - vertices: p2224(v558) p3581(v395) p3759(v159)
    - neighboring facets: f2081 f2987 f2988
- f2987
    - flags: top simplicial
    - normal:   0.08323 -0.04295   0.9956
    - offset: -0.001892229
    - vertices: p2224(v558) p2566(v396) p3759(v159)
    - neighboring facets: f4529 f2986 f3920
- f2988
    - flags: top simplicial
    - normal:   0.09568 -0.05353    0.994
    - offset: -0.002236709
    - vertices: p2224(v558) p3581(v395) p3903(v6)
    - neighboring facets: f2084 f3923 f2986
- f2996
    - flags: top simplicial
    - normal:  -0.01515 -0.02833   0.9995
    - offset: -0.001524986
    - vertices: p3022(v559) p340(v240) p318(v138)
    - neighboring facets: f1243 f3716 f4718
- f3010
    - flags: top simplicial
    - normal:     0.194 -0.06265    0.979
    - offset: -0.002579447
    - vertices: p2380(v562) p1602(v269) p1743(v160)
    - neighboring facets: f2105 f3012 f3011
- f3011
    - flags: top simplicial
    - normal:    0.1943 -0.06277   0.9789
    - offset: -0.002583527
    - vertices: p2380(v562) p3085(v400) p1602(v269)
    - neighboring facets: f2116 f3010 f3023
- f3012
    - flags: bottom simplicial
    - normal:    0.1943 -0.05923   0.9792
    - offset: -0.002489139
    - vertices: p2380(v562) p1713(v268) p1743(v160)
    - neighboring facets: f5555 f3010 f3014
- f3013
    - flags: bottom simplicial
    - normal:    0.2052 -0.05546   0.9771
    - offset: -0.002428521
    - vertices: p2380(v562) p2562(v50) p3331(v11)
    - neighboring facets: f802 f3014 f3015
- f3014
    - flags: top simplicial
    - normal:    0.2013 -0.05496    0.978
    - offset: -0.00240085
    - vertices: p2380(v562) p1713(v268) p3331(v11)
    - neighboring facets: f5554 f3013 f3012
- f3015
    - flags: bottom simplicial
    - normal:    0.2203 -0.07383   0.9726
    - offset: -0.002973855
    - vertices: p2380(v562) p627(v161) p2562(v50)
    - neighboring facets: f3039 f3013 f3022
- f3019
    - flags: bottom simplicial
    - normal:    0.1398  -0.1064   0.9845
    - offset: -0.004071699
    - vertices: p3030(v563) p2458(v406) p573(v271)
    - neighboring facets: f5371 f3025 f3020
- f3020
    - flags: top simplicial
    - normal:    0.1334  -0.1023   0.9858
    - offset: -0.003927022
    - vertices: p3030(v563) p2458(v406) p3000(v401)
    - neighboring facets: f3938 f3024 f3019
- f3021
    - flags: top simplicial
    - normal:    0.2067 -0.07025   0.9759
    - offset: -0.002837684
    - vertices: p2465(v564) p3000(v401) p3085(v400)
    - neighboring facets: f2116 f3023 f3024
- f3022
    - flags: top simplicial
    - normal:    0.2138 -0.07174   0.9742
    - offset: -0.002894622
    - vertices: p2465(v564) p2380(v562) p627(v161)
    - neighboring facets: f3015 f4725 f3023
- f3023
    - flags: bottom simplicial
    - normal:    0.2137  -0.0717   0.9743
    - offset: -0.002893045
    - vertices: p2465(v564) p2380(v562) p3085(v400)
    - neighboring facets: f3011 f3021 f3022
- f3024
    - flags: top simplicial
    - normal:    0.1949  -0.0947   0.9762
    - offset: -0.003678957
    - vertices: p2465(v564) p3030(v563) p3000(v401)
    - neighboring facets: f3020 f3021 f3025
- f3025
    - flags: bottom simplicial
    - normal:    0.2023  -0.1027   0.9739
    - offset: -0.003962237
    - vertices: p2465(v564) p3030(v563) p573(v271)
    - neighboring facets: f3019 f5943 f3024
- f3028
    - flags: bottom simplicial
    - normal:   0.09699  -0.0543   0.9938
    - offset: -0.002262463
    - vertices: p3649(v565) p954(v266) p3903(v6)
    - neighboring facets: f2084 f3029 f3030
- f3029
    - flags: top simplicial
    - normal:   0.09797 -0.05924   0.9934
    - offset: -0.002432059
    - vertices: p3649(v565) p3000(v401) p3903(v6)
    - neighboring facets: f3931 f3028 f3030
- f3030
    - flags: bottom simplicial
    - normal:   0.09898 -0.05488   0.9936
    - offset: -0.002281825
    - vertices: p3649(v565) p3000(v401) p954(v266)
    - neighboring facets: f2118 f3028 f3029
- f3031
    - flags: bottom simplicial
    - normal:    0.3048 -0.08157   0.9489
    - offset: -0.003532429
    - vertices: p403(v566) p1375(v403) p1899(v91)
    - neighboring facets: f2128 f3033 f3038
- f3033
    - flags: bottom simplicial
    - normal:    0.2767 -0.06305   0.9589
    - offset: -0.002929058
    - vertices: p403(v566) p1899(v91) p3331(v11)
    - neighboring facets: f1409 f3034 f3031
- f3034
    - flags: top simplicial
    - normal:    0.2656 -0.06204   0.9621
    - offset: -0.002851511
    - vertices: p403(v566) p1192(v162) p3331(v11)
    - neighboring facets: f802 f3033 f3037
- f3035
    - flags: bottom simplicial
    - normal:    0.2388 -0.06233   0.9691
    - offset: -0.002742132
    - vertices: p2682(v567) p1192(v162) p2562(v50)
    - neighboring facets: f802 f3039 f3037
- f3036
    - flags: top simplicial
    - normal:    0.2905 -0.09887   0.9518
    - offset: -0.003917973
    - vertices: p2682(v567) p1375(v403) p2257(v402)
    - neighboring facets: f2131 f3040 f3038
- f3037
    - flags: bottom simplicial
    - normal:    0.2657 -0.06928   0.9616
    - offset: -0.003037273
    - vertices: p2682(v567) p403(v566) p1192(v162)
    - neighboring facets: f3034 f3035 f3038
- f3038
    - flags: top simplicial
    - normal:    0.2757 -0.07568   0.9582
    - offset: -0.003247282
    - vertices: p2682(v567) p403(v566) p1375(v403)
    - neighboring facets: f3031 f3036 f3037
- f3039
    - flags: top simplicial
    - normal:    0.2567 -0.08656   0.9626
    - offset: -0.003453425
    - vertices: p2682(v567) p627(v161) p2562(v50)
    - neighboring facets: f3015 f3035 f3040
- f3040
    - flags: top simplicial
    - normal:    0.2747 -0.09337    0.957
    - offset: -0.003707808
    - vertices: p2682(v567) p2257(v402) p627(v161)
    - neighboring facets: f4724 f3039 f3036
- f3047
    - flags: top simplicial
    - normal:   0.09825  -0.1171   0.9882
    - offset: -0.004480314
    - vertices: p1340(v569) p2458(v406) p2113(v175)
    - neighboring facets: f5373 f3935 f3937
- f3060
    - flags: bottom simplicial
    - normal:    0.9618  -0.1057   0.2527
    - offset: -0.009944203
    - vertices: p393(v572) p2890(v412) p3714(v94)
    - neighboring facets: f2175 f3063 f3956
- f3063
    - flags: top simplicial
    - normal:    0.9486   -0.093   0.3024
    - offset: -0.009620537
    - vertices: p393(v572) p3151(v166) p3714(v94)
    - neighboring facets: f1434 f3060 f3952
- f3065
    - flags: top simplicial
    - normal:    0.9652  -0.1079   0.2383
    - offset: -0.01003323
    - vertices: p2595(v573) p2890(v412) p3162(v89)
    - neighboring facets: f2175 f5314 f3957
- f3067
    - flags: top simplicial
    - normal:    0.9825  -0.1152   0.1462
    - offset: -0.0105538
    - vertices: p2595(v573) p2598(v418) p2948(v279)
    - neighboring facets: f4933 f4218 f3122
- f3073
    - flags: top simplicial
    - normal:    0.9628  -0.1203    0.242
    - offset: -0.01009131
    - vertices: p2595(v573) p1648(v413) p3796(v167)
    - neighboring facets: f5635 f4749 f3973
- f3081
    - flags: bottom simplicial
    - normal:    0.9418  -0.1336   0.3085
    - offset: -0.009951322
    - vertices: p1582(v575) p1456(v430) p1320(v289)
    - neighboring facets: f2269 f3191 f4774
- f3085
    - flags: top simplicial
    - normal:    0.9498  -0.1161   0.2904
    - offset: -0.009805655
    - vertices: p2497(v576) p3124(v280) p3796(v167)
    - neighboring facets: f3961 f3977 f3087
- f3087
    - flags: top simplicial
    - normal:    0.9437  -0.1074   0.3128
    - offset: -0.009622467
    - vertices: p2497(v576) p2090(v414) p3124(v280)
    - neighboring facets: f3959 f3085 f3092
- f3092
    - flags: bottom simplicial
    - normal:    0.9283  -0.1076    0.356
    - offset: -0.009376209
    - vertices: p1195(v577) p2497(v576) p2090(v414)
    - neighboring facets: f3087 f4744 f3985
- f3097
    - flags: top simplicial
    - normal:    0.7554  -0.1048   0.6468
    - offset: -0.007281083
    - vertices: p1653(v578) p1156(v287) p2016(v173)
    - neighboring facets: f3170 f3988 f3994
- f3107
    - flags: top simplicial
    - normal:    0.8912  -0.1096   0.4402
    - offset: -0.008869641
    - vertices: p1960(v580) p1195(v577) p3852(v415)
    - neighboring facets: f3984 f4011 f3114
- f3111
    - flags: bottom simplicial
    - normal:    0.8767  -0.1025   0.4699
    - offset: -0.008627749
    - vertices: p571(v581) p1403(v417) p2738(v281)
    - neighboring facets: f3115 f3113 f4018
- f3113
    - flags: top simplicial
    - normal:    0.8792  -0.1061   0.4645
    - offset: -0.00868575
    - vertices: p571(v581) p1960(v580) p2738(v281)
    - neighboring facets: f3117 f3111 f3114
- f3114
    - flags: bottom simplicial
    - normal:    0.8904  -0.1091    0.442
    - offset: -0.008854615
    - vertices: p571(v581) p1960(v580) p1195(v577)
    - neighboring facets: f3107 f4020 f3113
- f3115
    - flags: top simplicial
    - normal:    0.8728  -0.1029   0.4771
    - offset: -0.008580913
    - vertices: p3865(v582) p1403(v417) p2738(v281)
    - neighboring facets: f3111 f3117 f3145
- f3117
    - flags: bottom simplicial
    - normal:    0.8763  -0.1057     0.47
    - offset: -0.008646055
    - vertices: p3865(v582) p1960(v580) p2738(v281)
    - neighboring facets: f3113 f3115 f3118
- f3118
    - flags: top simplicial
    - normal:    0.8681  -0.1064   0.4849
    - offset: -0.008551135
    - vertices: p3865(v582) p1960(v580) p2879(v416)
    - neighboring facets: f4015 f3144 f3117
- f3120
    - flags: bottom simplicial
    - normal:    0.9828  -0.1148   0.1446
    - offset: -0.01055998
    - vertices: p1514(v583) p2598(v418) p2592(v282)
    - neighboring facets: f4931 f4024 f3122
- f3122
    - flags: bottom simplicial
    - normal:    0.9818  -0.1135   0.1524
    - offset: -0.01051414
    - vertices: p1514(v583) p2595(v573) p2598(v418)
    - neighboring facets: f3067 f3120 f4786
- f3128
    - flags: top simplicial
    - normal:    0.9271  -0.2779   0.2516
    - offset: -0.01344618
    - vertices: p3924(v585) p3104(v435) p3953(v177)
    - neighboring facets: f2299 f4029 f3129
- f3129
    - flags: bottom simplicial
    - normal:    0.9364  -0.2782    0.214
    - offset: -0.01363381
    - vertices: p3924(v585) p3104(v435) p1022(v420)
    - neighboring facets: f4036 f4035 f3128
- f3134
    - flags: top simplicial
    - normal:    0.9676  -0.2374  0.08644
    - offset: -0.0132836
    - vertices: p84(v586) p2964(v307) p3450(v228)
    - neighboring facets: f3266 f3135 f4033
- f3135
    - flags: top simplicial
    - normal:    0.9608  -0.2641  0.08395
    - offset: -0.01391995
    - vertices: p84(v586) p3450(v228) p3694(v170)
    - neighboring facets: f2294 f3136 f3134
- f3136
    - flags: bottom simplicial
    - normal:     0.954  -0.2782   0.1117
    - offset: -0.0141273
    - vertices: p84(v586) p3134(v421) p3694(v170)
    - neighboring facets: f2295 f3135 f3141
- f3141
    - flags: bottom simplicial
    - normal:    0.9493  -0.2798   0.1435
    - offset: -0.01401428
    - vertices: p84(v586) p3104(v435) p3134(v421)
    - neighboring facets: f2295 f3136 f4037
- f3143
    - flags: top simplicial
    - normal:    0.7866  -0.0921   0.6105
    - offset: -0.00749394
    - vertices: p2207(v587) p2393(v423) p1403(v417)
    - neighboring facets: f2232 f3145 f4069
- f3144
    - flags: top simplicial
    - normal:    0.8066 -0.09852   0.5828
    - offset: -0.007760637
    - vertices: p2207(v587) p3865(v582) p2879(v416)
    - neighboring facets: f3118 f5318 f3145
- f3145
    - flags: bottom simplicial
    - normal:    0.8079 -0.09837    0.581
    - offset: -0.007775148
    - vertices: p2207(v587) p3865(v582) p1403(v417)
    - neighboring facets: f3115 f3143 f3144
- f3151
    - flags: top simplicial
    - normal:    0.8436  -0.2159   0.4916
    - offset: -0.01074605
    - vertices: p2864(v588) p425(v97) p277(v54)
    - neighboring facets: f874 f3152 f4797
- f3152
    - flags: bottom simplicial
    - normal:    0.8388  -0.2124   0.5013
    - offset: -0.01061049
    - vertices: p2864(v588) p1383(v424) p277(v54)
    - neighboring facets: f2245 f3151 f4768
- f3153
    - flags: bottom simplicial
    - normal:     0.497  -0.1046   0.8614
    - offset: -0.00523749
    - vertices: p87(v589) p2180(v409) p3449(v26)
    - neighboring facets: f2156 f3154 f4045
- f3154
    - flags: top simplicial
    - normal:    0.5035   -0.107   0.8574
    - offset: -0.005340946
    - vertices: p87(v589) p2933(v426) p3449(v26)
    - neighboring facets: f2247 f3153 f5619
- f3164
    - flags: bottom simplicial
    - normal:    0.6695 -0.09223    0.737
    - offset: -0.006268321
    - vertices: p2454(v591) p3347(v427) p1156(v287)
    - neighboring facets: f5299 f4057 f4061
- f3167
    - flags: top simplicial
    - normal:    0.6728 -0.09128   0.7341
    - offset: -0.006294306
    - vertices: p2454(v591) p2940(v590) p3381(v286)
    - neighboring facets: f4053 f4058 f4062
- f3170
    - flags: bottom simplicial
    - normal:    0.7447  -0.1016   0.6596
    - offset: -0.007119304
    - vertices: p1645(v592) p1156(v287) p2016(v173)
    - neighboring facets: f3097 f3990 f4065
- f3177
    - flags: bottom simplicial
    - normal:    0.9542  -0.1603   0.2527
    - offset: -0.01075875
    - vertices: p237(v593) p1761(v429) p3688(v288)
    - neighboring facets: f2261 f3179 f4076
- f3178
    - flags: bottom simplicial
    - normal:    0.9533  -0.1562   0.2585
    - offset: -0.01064343
    - vertices: p237(v593) p1456(v430) p3630(v174)
    - neighboring facets: f4039 f3182 f3179
- f3179
    - flags: top simplicial
    - normal:    0.9536  -0.1561   0.2575
    - offset: -0.01064594
    - vertices: p237(v593) p1456(v430) p3688(v288)
    - neighboring facets: f3188 f3177 f3178
- f3182
    - flags: bottom simplicial
    - normal:    0.9523  -0.1627   0.2582
    - offset: -0.0107845
    - vertices: p3192(v594) p237(v593) p3630(v174)
    - neighboring facets: f3178 f4042 f4077
- f3186
    - flags: bottom simplicial
    - normal:    0.9612  -0.1448   0.2347
    - offset: -0.01052314
    - vertices: p164(v595) p3688(v288) p702(v48)
    - neighboring facets: f2352 f4082 f3188
- f3188
    - flags: bottom simplicial
    - normal:    0.9593  -0.1462   0.2416
    - offset: -0.01051752
    - vertices: p164(v595) p1456(v430) p3688(v288)
    - neighboring facets: f3179 f3186 f4083
- f3189
    - flags: bottom simplicial
    - normal:    0.9552  -0.1354   0.2633
    - offset: -0.01020536
    - vertices: p893(v596) p1320(v289) p702(v48)
    - neighboring facets: f2269 f3190 f3191
- f3190
    - flags: top simplicial
    - normal:     0.956  -0.1332   0.2615
    - offset: -0.01017474
    - vertices: p893(v596) p1531(v431) p702(v48)
    - neighboring facets: f3967 f3189 f3192
- f3191
    - flags: bottom simplicial
    - normal:    0.9531  -0.1337   0.2714
    - offset: -0.01013382
    - vertices: p893(v596) p1582(v575) p1320(v289)
    - neighboring facets: f3081 f3189 f3192
- f3192
    - flags: top simplicial
    - normal:    0.9541  -0.1331   0.2683
    - offset: -0.01013926
    - vertices: p893(v596) p1582(v575) p1531(v431)
    - neighboring facets: f4755 f3190 f3191
- f3194
    - flags: top simplicial
    - normal:   0.03561  -0.1212    0.992
    - offset: -0.004711932
    - vertices: p101(v597) p3422(v432) p2113(v175)
    - neighboring facets: f2276 f5374 f5925
- f3201
    - flags: top simplicial
    - normal:   -0.2804  -0.2207   0.9342
    - offset: -0.009440358
    - vertices: p1577(v599) p2604(v369) p3621(v243)
    - neighboring facets: f2775 f4091 f4093
- f3203
    - flags: bottom simplicial
    - normal:    -0.253  -0.1961   0.9474
    - offset: -0.008367063
    - vertices: p1577(v599) p2594(v433) p924(v42)
    - neighboring facets: f3216 f4090 f3204
- f3204
    - flags: top simplicial
    - normal:  -0.07019  -0.1955   0.9782
    - offset: -0.007863611
    - vertices: p1577(v599) p2594(v433) p3060(v176)
    - neighboring facets: f3217 f4094 f3203
- f3213
    - flags: bottom simplicial
    - normal:  0.007744  -0.6962   0.7178
    - offset: -0.02949657
    - vertices: p3051(v600) p938(v438) p2306(v295)
    - neighboring facets: f2316 f4838 f4100
- f3215
    - flags: bottom simplicial
    - normal:  -0.06876  -0.1519    0.986
    - offset: -0.006115734
    - vertices: p324(v601) p3666(v291) p924(v42)
    - neighboring facets: f2700 f3216 f4084
- f3216
    - flags: top simplicial
    - normal:  -0.08064  -0.1711   0.9819
    - offset: -0.006909572
    - vertices: p324(v601) p2594(v433) p924(v42)
    - neighboring facets: f3203 f3215 f3217
- f3217
    - flags: bottom simplicial
    - normal:  -0.06863  -0.1951   0.9784
    - offset: -0.007841258
    - vertices: p324(v601) p2594(v433) p3060(v176)
    - neighboring facets: f3204 f5341 f3216
- f3223
    - flags: top simplicial
    - normal:    0.8018  -0.4614   0.3798
    - offset: -0.02071649
    - vertices: p3637(v602) p1728(v436) p1869(v293)
    - neighboring facets: f2300 f4815 f4820
- f3245
    - flags: top simplicial
    - normal:   -0.9186   0.3953 -0.0009169
    - offset: -0.003480456
    - vertices: p766(v605) p169(v440) p353(v57)
    - neighboring facets: f2318 f3247 f4136
- f3247
    - flags: bottom simplicial
    - normal:   -0.9226   0.3857 0.001106
    - offset: -0.003453579
    - vertices: p766(v605) p3820(v140) p353(v57)
    - neighboring facets: f1250 f3245 f3256
- f3249
    - flags: top simplicial
    - normal:   -0.8798   0.3833  -0.2811
    - offset: -0.005418893
    - vertices: p1952(v606) p2371(v298) p903(v181)
    - neighboring facets: f1543 f3250 f4133
- f3250
    - flags: bottom simplicial
    - normal:   -0.8624   0.5029 -0.05699
    - offset: -0.004107129
    - vertices: p1952(v606) p169(v440) p903(v181)
    - neighboring facets: f3254 f3249 f4134
- f3252
    - flags: bottom simplicial
    - normal:   -0.8345    0.551 -0.00385
    - offset: -0.003841325
    - vertices: p757(v607) p169(v440) p1274(v297)
    - neighboring facets: f2318 f3253 f3254
- f3253
    - flags: top simplicial
    - normal:    -0.812   0.5837 0.0003097
    - offset: -0.00391627
    - vertices: p757(v607) p3311(v441) p1274(v297)
    - neighboring facets: f2322 f3252 f3255
- f3254
    - flags: top simplicial
    - normal:   -0.8347   0.5503 -0.01871
    - offset: -0.003941973
    - vertices: p757(v607) p169(v440) p903(v181)
    - neighboring facets: f3250 f3255 f3252
- f3255
    - flags: bottom simplicial
    - normal:   -0.7993   0.5989 -0.04994
    - offset: -0.004310017
    - vertices: p757(v607) p3311(v441) p903(v181)
    - neighboring facets: f2326 f3254 f3253
- f3256
    - flags: top simplicial
    - normal:   -0.9326    0.361 -0.001938
    - offset: -0.00343914
    - vertices: p267(v608) p766(v605) p3820(v140)
    - neighboring facets: f3247 f3258 f3257
- f3257
    - flags: bottom simplicial
    - normal:   -0.9316   0.3635 -0.006269
    - offset: -0.003472287
    - vertices: p267(v608) p766(v605) p2371(v298)
    - neighboring facets: f4135 f3260 f3256
- f3258
    - flags: top simplicial
    - normal:   -0.9645    0.264 0.001767
    - offset: -0.003316785
    - vertices: p267(v608) p3820(v140) p848(v14)
    - neighboring facets: f1899 f3259 f3256
- f3259
    - flags: bottom simplicial
    - normal:   -0.9698   0.2437 -0.003493
    - offset: -0.003330632
    - vertices: p267(v608) p2378(v442) p848(v14)
    - neighboring facets: f2331 f3258 f3261
- f3260
    - flags: bottom simplicial
    - normal:   -0.9446   0.2599  -0.2004
    - offset: -0.004704299
    - vertices: p267(v608) p2371(v298) p2985(v7)
    - neighboring facets: f1543 f3261 f3257
- f3261
    - flags: top simplicial
    - normal:   -0.9674   0.2314   -0.103
    - offset: -0.004015092
    - vertices: p267(v608) p2378(v442) p2985(v7)
    - neighboring facets: f2330 f3260 f3259
- f3262
    - flags: bottom simplicial
    - normal:   -0.5274   0.8327  -0.1684
    - offset: -0.006368463
    - vertices: p3367(v609) p2924(v198) p3900(v63)
    - neighboring facets: f2454 f4138 f5019
- f3266
    - flags: bottom simplicial
    - normal:    0.9689  -0.2351   0.0776
    - offset: -0.01327606
    - vertices: p656(v610) p2964(v307) p3450(v228)
    - neighboring facets: f3134 f3267 f4148
- f3267
    - flags: top simplicial
    - normal:    0.9751  -0.2215  0.01359
    - offset: -0.01328332
    - vertices: p656(v610) p2112(v445) p3450(v228)
    - neighboring facets: f2612 f3266 f3268
- f3268
    - flags: bottom simplicial
    - normal:    0.9813  -0.1926 -0.005691
    - offset: -0.0127271
    - vertices: p656(v610) p2112(v445) p2102(v24)
    - neighboring facets: f2346 f4151 f3267
- f3273
    - flags: bottom simplicial
    - normal:    0.6296 -0.08889  -0.7718
    - offset: -0.0135824
    - vertices: p158(v611) p2002(v449) p1232(v10)
    - neighboring facets: f2373 f3275 f3274
- f3274
    - flags: top simplicial
    - normal:    0.6174  -0.0879  -0.7818
    - offset: -0.01355946
    - vertices: p158(v611) p2002(v449) p2397(v340)
    - neighboring facets: f4159 f3276 f3273
- f3275
    - flags: top simplicial
    - normal:     0.641 -0.09961   -0.761
    - offset: -0.01379417
    - vertices: p158(v611) p252(v221) p1232(v10)
    - neighboring facets: f1793 f3273 f3276
- f3276
    - flags: top simplicial
    - normal:    0.6261 -0.09645  -0.7738
    - offset: -0.01373107
    - vertices: p158(v611) p2397(v340) p252(v221)
    - neighboring facets: f1778 f3275 f3274
- f3277
    - flags: top simplicial
    - normal:    0.5555 -0.08265  -0.8274
    - offset: -0.01341255
    - vertices: p1732(v612) p1168(v350) p1009(v75)
    - neighboring facets: f3613 f4155 f4157
- f3287
    - flags: bottom simplicial
    - normal:    0.6558 -0.09008  -0.7495
    - offset: -0.01361744
    - vertices: p3139(v614) p663(v450) p2002(v449)
    - neighboring facets: f2373 f3308 f3306
- f3289
    - flags: bottom simplicial
    - normal:    0.8781  -0.1173  -0.4639
    - offset: -0.01344855
    - vertices: p3790(v615) p1005(v451) p1823(v312)
    - neighboring facets: f3301 f5423 f5396
- f3301
    - flags: top simplicial
    - normal:    0.8765  -0.1172  -0.4669
    - offset: -0.01345794
    - vertices: p325(v617) p1005(v451) p1823(v312)
    - neighboring facets: f3289 f4183 f4186
- f3306
    - flags: top simplicial
    - normal:    0.6743 -0.09004  -0.7329
    - offset: -0.01363275
    - vertices: p3198(v618) p3139(v614) p663(v450)
    - neighboring facets: f3287 f4160 f3308
- f3308
    - flags: bottom simplicial
    - normal:     0.672 -0.08812  -0.7353
    - offset: -0.01362153
    - vertices: p3198(v618) p3139(v614) p2002(v449)
    - neighboring facets: f3287 f4193 f3306
- f3319
    - flags: top simplicial
    - normal:    0.9896  -0.1326 -0.05602
    - offset: -0.01174924
    - vertices: p2540(v621) p2220(v453) p1584(v314)
    - neighboring facets: f4952 f5535 f3323
- f3320
    - flags: top simplicial
    - normal:    0.9894  -0.1398  0.03959
    - offset: -0.01139133
    - vertices: p2540(v621) p3539(v188) p2996(v105)
    - neighboring facets: f4225 f3322 f5105
- f3322
    - flags: bottom simplicial
    - normal:    0.9904  -0.1303  0.04702
    - offset: -0.01120022
    - vertices: p2540(v621) p714(v313) p2996(v105)
    - neighboring facets: f4245 f3320 f3323
- f3323
    - flags: bottom simplicial
    - normal:    0.9914  -0.1307 0.005749
    - offset: -0.0114245
    - vertices: p2540(v621) p2220(v453) p714(v313)
    - neighboring facets: f2385 f3322 f3319
- f3333
    - flags: top simplicial
    - normal:    0.9912   -0.116  0.06432
    - offset: -0.01097132
    - vertices: p1239(v624) p2592(v282) p548(v104)
    - neighboring facets: f2210 f3334 f4932
- f3334
    - flags: bottom simplicial
    - normal:    0.9912  -0.1172  0.06107
    - offset: -0.01099584
    - vertices: p1239(v624) p675(v454) p548(v104)
    - neighboring facets: f2396 f3333 f4213
- f3337
    - flags: bottom simplicial
    - normal:    0.9878  -0.1449  0.05649
    - offset: -0.0114005
    - vertices: p1460(v625) p471(v308) p3539(v188)
    - neighboring facets: f4145 f4226 f3339
- f3339
    - flags: bottom simplicial
    - normal:    0.9776  -0.1427   0.1548
    - offset: -0.0108755
    - vertices: p1460(v625) p341(v447) p471(v308)
    - neighboring facets: f2356 f3337 f3342
- f3342
    - flags: top simplicial
    - normal:    0.9768  -0.1394   0.1626
    - offset: -0.01077477
    - vertices: p1460(v625) p341(v447) p702(v48)
    - neighboring facets: f2352 f3971 f3339
- f3346
    - flags: bottom simplicial
    - normal:    0.9916  -0.1225  0.04273
    - offset: -0.01113101
    - vertices: p2662(v626) p714(v313) p3048(v189)
    - neighboring facets: f3368 f3347 f4244
- f3347
    - flags: top simplicial
    - normal:    0.9915   -0.122  0.04456
    - offset: -0.01111771
    - vertices: p2662(v626) p675(v454) p3048(v189)
    - neighboring facets: f2396 f3346 f4241
- f3353
    - flags: bottom simplicial
    - normal:    0.9794  -0.1295  -0.1547
    - offset: -0.01219498
    - vertices: p3978(v627) p965(v317) p270(v196)
    - neighboring facets: f5470 f4252 f3358
- f3357
    - flags: top simplicial
    - normal:    0.9791  -0.1329  -0.1537
    - offset: -0.01224454
    - vertices: p1154(v628) p965(v317) p3023(v107)
    - neighboring facets: f5533 f3595 f3358
- f3358
    - flags: top simplicial
    - normal:    0.9796  -0.1305  -0.1531
    - offset: -0.01220293
    - vertices: p1154(v628) p3978(v627) p965(v317)
    - neighboring facets: f3353 f3357 f4253
- f3367
    - flags: top simplicial
    - normal:    0.9914  -0.1217 -0.04908
    - offset: -0.01158419
    - vertices: p1546(v630) p3048(v189) p739(v59)
    - neighboring facets: f3420 f4993 f3368
- f3368
    - flags: top simplicial
    - normal:    0.9918  -0.1223 -0.03842
    - offset: -0.01153963
    - vertices: p1546(v630) p714(v313) p3048(v189)
    - neighboring facets: f3346 f3367 f4991
- f3373
    - flags: top simplicial
    - normal:    0.9565  -0.1359   -0.258
    - offset: -0.0128166
    - vertices: p1407(v632) p357(v456) p380(v195)
    - neighboring facets: f3385 f4885 f4258
- f3385
    - flags: bottom simplicial
    - normal:    0.9599  -0.1388  -0.2435
    - offset: -0.01279558
    - vertices: p2377(v634) p357(v456) p380(v195)
    - neighboring facets: f3373 f5005 f3388
- f3388
    - flags: top simplicial
    - normal:    0.9456  -0.1529  -0.2873
    - offset: -0.01330964
    - vertices: p2377(v634) p357(v456) p748(v315)
    - neighboring facets: f4259 f4274 f3385
- f3391
    - flags: bottom simplicial
    - normal:    0.8916  -0.2686  -0.3646
    - offset: -0.01634432
    - vertices: p730(v635) p233(v347) p3325(v74)
    - neighboring facets: f1810 f3407 f4282
- f3395
    - flags: bottom simplicial
    - normal:    0.7376   -0.174  -0.6524
    - offset: -0.01526907
    - vertices: p3553(v636) p3223(v458) p2811(v129)
    - neighboring facets: f2595 f3397 f3396
- f3396
    - flags: top simplicial
    - normal:    0.7624  -0.1381  -0.6322
    - offset: -0.01441033
    - vertices: p3553(v636) p3223(v458) p1446(v226)
    - neighboring facets: f4174 f3399 f3395
- f3397
    - flags: top simplicial
    - normal:    0.6512  -0.1193  -0.7495
    - offset: -0.01420515
    - vertices: p3553(v636) p252(v221) p2811(v129)
    - neighboring facets: f2651 f3395 f3398
- f3398
    - flags: top simplicial
    - normal:    0.6798  -0.1166  -0.7241
    - offset: -0.01411868
    - vertices: p3553(v636) p27(v343) p252(v221)
    - neighboring facets: f1793 f3397 f3399
- f3399
    - flags: bottom simplicial
    - normal:    0.6849  -0.1176   -0.719
    - offset: -0.01413619
    - vertices: p3553(v636) p27(v343) p1446(v226)
    - neighboring facets: f1791 f3396 f3398
- f3403
    - flags: top simplicial
    - normal:    0.8431  -0.2579   -0.472
    - offset: -0.01659588
    - vertices: p1395(v637) p2256(v171) p3325(v74)
    - neighboring facets: f1810 f4893 f3404
- f3404
    - flags: top simplicial
    - normal:    0.8281   -0.255  -0.4993
    - offset: -0.01664593
    - vertices: p1395(v637) p546(v223) p2256(v171)
    - neighboring facets: f2629 f3403 f3586
- f3407
    - flags: bottom simplicial
    - normal:    0.8943  -0.2464  -0.3734
    - offset: -0.01586601
    - vertices: p707(v638) p730(v635) p3325(v74)
    - neighboring facets: f3391 f4892 f4278
- f3409
    - flags: bottom simplicial
    - normal:    0.9922  -0.1125 -0.05397
    - offset: -0.01155465
    - vertices: p2009(v639) p878(v185) p411(v32)
    - neighboring facets: f955 f3419 f3416
- f3415
    - flags: bottom simplicial
    - normal:     0.994  0.09507 -0.05455
    - offset: -0.01080138
    - vertices: p2009(v639) p1894(v30) p3131(v2)
    - neighboring facets: f830 f3416 f3417
- f3416
    - flags: top simplicial
    - normal:    0.9965  0.06553 -0.05166
    - offset: -0.01092211
    - vertices: p2009(v639) p878(v185) p3131(v2)
    - neighboring facets: f931 f3415 f3409
- f3417
    - flags: top simplicial
    - normal:     0.926   0.3506    -0.14
    - offset: -0.009618409
    - vertices: p2009(v639) p1894(v30) p1289(v8)
    - neighboring facets: f167 f3418 f3415
- f3418
    - flags: bottom simplicial
    - normal:    0.9227    0.341  -0.1799
    - offset: -0.009858804
    - vertices: p2009(v639) p2659(v192) p1289(v8)
    - neighboring facets: f4195 f3417 f4977
- f3419
    - flags: top simplicial
    - normal:    0.9918   -0.115 -0.05517
    - offset: -0.01156737
    - vertices: p2009(v639) p3048(v189) p411(v32)
    - neighboring facets: f955 f3409 f3420
- f3420
    - flags: bottom simplicial
    - normal:    0.9911   -0.117 -0.06387
    - offset: -0.01161882
    - vertices: p2009(v639) p3048(v189) p739(v59)
    - neighboring facets: f3367 f4994 f3419
- f3440
    - flags: top simplicial
    - normal:  -0.04956   0.1751  -0.9833
    - offset: -0.0106102
    - vertices: p2103(v643) p2905(v462) p2155(v4)
    - neighboring facets: f2446 f3443 f4311
- f3443
    - flags: bottom simplicial
    - normal:   0.07813 -0.03681  -0.9963
    - offset: -0.01165826
    - vertices: p2103(v643) p3740(v215) p2155(v4)
    - neighboring facets: f1095 f3440 f3444
- f3444
    - flags: top simplicial
    - normal:   0.09127 -0.03914  -0.9951
    - offset: -0.01171588
    - vertices: p2103(v643) p3740(v215) p1400(v68)
    - neighboring facets: f1098 f4313 f3443
- f3446
    - flags: top simplicial
    - normal:    0.4058   0.9138 -0.01817
    - offset: -0.009261801
    - vertices: p2425(v644) p1112(v197) p891(v39)
    - neighboring facets: f1006 f3448 f3447
- f3447
    - flags: top simplicial
    - normal:    0.3571   0.9322 -0.05858
    - offset: -0.009442074
    - vertices: p2425(v644) p2553(v466) p1112(v197)
    - neighboring facets: f2462 f3446 f3449
- f3448
    - flags: top simplicial
    - normal:     0.302   0.9533 -0.0007724
    - offset: -0.008931832
    - vertices: p2425(v644) p891(v39) p1539(v3)
    - neighboring facets: f1552 f3449 f3446
- f3449
    - flags: bottom simplicial
    - normal:     0.268   0.9634 -0.004516
    - offset: -0.00886664
    - vertices: p2425(v644) p2553(v466) p1539(v3)
    - neighboring facets: f3453 f3448 f3447
- f3450
    - flags: bottom simplicial
    - normal:    0.1111   0.9808    -0.16
    - offset: -0.009353577
    - vertices: p300(v645) p2553(v466) p3446(v319)
    - neighboring facets: f2462 f3451 f3453
- f3451
    - flags: bottom simplicial
    - normal:  -0.08119   0.9627   -0.258
    - offset: -0.009165368
    - vertices: p300(v645) p3446(v319) p2216(v111)
    - neighboring facets: f3467 f3452 f3450
- f3452
    - flags: top simplicial
    - normal:   -0.1475   0.9827  -0.1117
    - offset: -0.007982808
    - vertices: p300(v645) p2547(v465) p2216(v111)
    - neighboring facets: f2460 f3451 f3455
- f3453
    - flags: top simplicial
    - normal:   0.07885   0.9968 -0.01623
    - offset: -0.008293229
    - vertices: p300(v645) p2553(v466) p1539(v3)
    - neighboring facets: f3449 f3454 f3450
- f3454
    - flags: bottom simplicial
    - normal:  -0.04702   0.9989 0.004802
    - offset: -0.007653908
    - vertices: p300(v645) p1618(v182) p1539(v3)
    - neighboring facets: f1553 f3453 f3455
- f3455
    - flags: bottom simplicial
    - normal:  -0.05279   0.9986 0.004257
    - offset: -0.007632674
    - vertices: p300(v645) p2547(v465) p1618(v182)
    - neighboring facets: f2461 f3454 f3452
- f3457
    - flags: bottom simplicial
    - normal:    -0.474   0.8805 0.001489
    - offset: -0.005539149
    - vertices: p2983(v646) p95(v306) p3862(v58)
    - neighboring facets: f3729 f4315 f3458
- f3458
    - flags: bottom simplicial
    - normal:   -0.4774   0.8787 -0.0003115
    - offset: -0.005531789
    - vertices: p2983(v646) p907(v444) p95(v306)
    - neighboring facets: f2340 f3457 f4317
- f3461
    - flags: top simplicial
    - normal:    -0.349   0.9353 -0.05804
    - offset: -0.006596014
    - vertices: p1010(v647) p1636(v468) p2968(v320)
    - neighboring facets: f2471 f3463 f3468
- f3462
    - flags: top simplicial
    - normal:   -0.3584   0.9318 -0.05705
    - offset: -0.006540207
    - vertices: p1010(v647) p243(v467) p2924(v198)
    - neighboring facets: f5018 f3464 f3463
- f3463
    - flags: bottom simplicial
    - normal:    -0.358    0.932 -0.05685
    - offset: -0.006540834
    - vertices: p1010(v647) p243(v467) p2968(v320)
    - neighboring facets: f2467 f3461 f3462
- f3464
    - flags: bottom simplicial
    - normal:   -0.4562   0.8109  -0.3664
    - offset: -0.007891365
    - vertices: p1010(v647) p2943(v464) p2924(v198)
    - neighboring facets: f2454 f3462 f3466
- f3465
    - flags: top simplicial
    - normal:  -0.07199   0.3388  -0.9381
    - offset: -0.009857383
    - vertices: p1010(v647) p2905(v462) p3446(v319)
    - neighboring facets: f2445 f3467 f3466
- f3466
    - flags: top simplicial
    - normal:  -0.09841   0.3301  -0.9388
    - offset: -0.009736911
    - vertices: p1010(v647) p2943(v464) p2905(v462)
    - neighboring facets: f2456 f3465 f3464
- f3467
    - flags: top simplicial
    - normal:   -0.1427   0.8771  -0.4586
    - offset: -0.0098505
    - vertices: p1010(v647) p3446(v319) p2216(v111)
    - neighboring facets: f3451 f3468 f3465
- f3468
    - flags: bottom simplicial
    - normal:   -0.2632   0.9453  -0.1925
    - offset: -0.007946151
    - vertices: p1010(v647) p1636(v468) p2216(v111)
    - neighboring facets: f2471 f3467 f3461
- f3473
    - flags: top simplicial
    - normal:   -0.9129  0.02725  -0.4072
    - offset: -0.006776801
    - vertices: p489(v648) p2625(v114) p3766(v18)
    - neighboring facets: f566 f3891 f3474
- f3474
    - flags: bottom simplicial
    - normal:   -0.9112   0.0271  -0.4111
    - offset: -0.006807277
    - vertices: p489(v648) p2625(v114) p3631(v64)
    - neighboring facets: f563 f3893 f3473
- f3475
    - flags: top simplicial
    - normal:   -0.9792   0.0482  -0.1969
    - offset: -0.004801337
    - vertices: p1458(v649) p3826(v470) p2368(v201)
    - neighboring facets: f2486 f3477 f3482
- f3477
    - flags: bottom simplicial
    - normal:    -0.981  0.04826  -0.1881
    - offset: -0.004751701
    - vertices: p1458(v649) p1096(v323) p2368(v201)
    - neighboring facets: f1682 f3475 f3478
- f3478
    - flags: top simplicial
    - normal:   -0.9834  0.04819  -0.1751
    - offset: -0.004683467
    - vertices: p1458(v649) p1096(v323) p1515(v322)
    - neighboring facets: f2495 f4320 f3477
- f3479
    - flags: top simplicial
    - normal:   -0.9886   0.0334  -0.1469
    - offset: -0.005044265
    - vertices: p645(v650) p1515(v322) p3889(v86)
    - neighboring facets: f1676 f3480 f4321
- f3480
    - flags: bottom simplicial
    - normal:   -0.9781 0.005608  -0.2079
    - offset: -0.006350266
    - vertices: p645(v650) p3826(v470) p3889(v86)
    - neighboring facets: f2492 f3479 f3482
- f3482
    - flags: bottom simplicial
    - normal:   -0.9804  0.04432  -0.1918
    - offset: -0.004904592
    - vertices: p645(v650) p1458(v649) p3826(v470)
    - neighboring facets: f3475 f3480 f4322
- f3483
    - flags: top simplicial
    - normal:   -0.7073  -0.1579  -0.6891
    - offset: -0.01530279
    - vertices: p2722(v651) p3626(v472) p2108(v122)
    - neighboring facets: f2499 f3484 f3487
- f3484
    - flags: bottom simplicial
    - normal:   -0.5082  -0.1545  -0.8473
    - offset: -0.01598958
    - vertices: p2722(v651) p2615(v335) p2108(v122)
    - neighboring facets: f3544 f3483 f3485
- f3485
    - flags: top simplicial
    - normal:   -0.6083  -0.1314  -0.7828
    - offset: -0.01482305
    - vertices: p2722(v651) p2615(v335) p1043(v212)
    - neighboring facets: f2566 f3486 f3484
- f3486
    - flags: bottom simplicial
    - normal:   -0.7199  -0.1461  -0.6785
    - offset: -0.01478923
    - vertices: p2722(v651) p2590(v550) p1043(v212)
    - neighboring facets: f2948 f3485 f3487
- f3487
    - flags: top simplicial
    - normal:   -0.7162  -0.1527  -0.6809
    - offset: -0.01505582
    - vertices: p2722(v651) p2590(v550) p3626(v472)
    - neighboring facets: f2947 f3483 f3486
- f3489
    - flags: bottom simplicial
    - normal:   -0.2959 -0.004127  -0.9552
    - offset: -0.01090471
    - vertices: p1318(v652) p617(v473) p2606(v327)
    - neighboring facets: f2509 f3505 f4329
- f3490
    - flags: top simplicial
    - normal:   -0.2663 0.0008288  -0.9639
    - offset: -0.01075132
    - vertices: p1318(v652) p1818(v328) p1508(v208)
    - neighboring facets: f2525 f3504 f4324
- f3493
    - flags: bottom simplicial
    - normal:  -0.03315 -0.01628  -0.9993
    - offset: -0.0111637
    - vertices: p3375(v653) p1463(v474) p2155(v4)
    - neighboring facets: f2511 f3494 f3497
- f3494
    - flags: top simplicial
    - normal:   0.03601 -0.02975  -0.9989
    - offset: -0.01148898
    - vertices: p3375(v653) p2420(v125) p2155(v4)
    - neighboring facets: f618 f3493 f3495
- f3495
    - flags: bottom simplicial
    - normal:   0.03804 -0.03325  -0.9987
    - offset: -0.0115922
    - vertices: p3375(v653) p2420(v125) p3358(v36)
    - neighboring facets: f619 f3496 f3494
- f3496
    - flags: top simplicial
    - normal:  -0.00791 -0.03189  -0.9995
    - offset: -0.01161486
    - vertices: p3375(v653) p78(v209) p3358(v36)
    - neighboring facets: f1717 f3495 f3497
- f3497
    - flags: top simplicial
    - normal:  -0.009929  -0.0315  -0.9995
    - offset: -0.0116053
    - vertices: p3375(v653) p1463(v474) p78(v209)
    - neighboring facets: f4331 f3496 f3493
- f3498
    - flags: top simplicial
    - normal:   -0.3022  0.02427  -0.9529
    - offset: -0.009964159
    - vertices: p1485(v654) p1818(v328) p830(v35)
    - neighboring facets: f2517 f3499 f3500
- f3499
    - flags: bottom simplicial
    - normal:     -0.31  0.02507  -0.9504
    - offset: -0.009932712
    - vertices: p1485(v654) p454(v476) p830(v35)
    - neighboring facets: f2519 f3498 f3500
- f3500
    - flags: top simplicial
    - normal:   -0.3037  0.02365  -0.9525
    - offset: -0.009983087
    - vertices: p1485(v654) p454(v476) p1818(v328)
    - neighboring facets: f2525 f3498 f3499
- f3501
    - flags: bottom simplicial
    - normal:   -0.3734 0.001986  -0.9276
    - offset: -0.01062986
    - vertices: p1519(v655) p2606(v327) p1234(v66)
    - neighboring facets: f1702 f3502 f3505
- f3502
    - flags: top simplicial
    - normal:   -0.4057  0.02195  -0.9137
    - offset: -0.009912624
    - vertices: p1519(v655) p454(v476) p1234(v66)
    - neighboring facets: f2522 f3501 f3503
- f3503
    - flags: bottom simplicial
    - normal:   -0.3042 0.007919  -0.9526
    - offset: -0.01049632
    - vertices: p1519(v655) p454(v476) p1508(v208)
    - neighboring facets: f2525 f3504 f3502
- f3504
    - flags: top simplicial
    - normal:   -0.3016 0.004249  -0.9534
    - offset: -0.01061987
    - vertices: p1519(v655) p1318(v652) p1508(v208)
    - neighboring facets: f3490 f3503 f3505
- f3505
    - flags: bottom simplicial
    - normal:   -0.3036 0.002884  -0.9528
    - offset: -0.01066434
    - vertices: p1519(v655) p1318(v652) p2606(v327)
    - neighboring facets: f3489 f3501 f3504
- f3506
    - flags: bottom simplicial
    - normal:    0.1989  -0.1225  -0.9723
    - offset: -0.01439937
    - vertices: p3816(v656) p1327(v354) p1170(v210)
    - neighboring facets: f5111 f3507 f3508
- f3507
    - flags: top simplicial
    - normal:    0.1689  -0.1034  -0.9802
    - offset: -0.01376891
    - vertices: p3816(v656) p1418(v477) p1170(v210)
    - neighboring facets: f3519 f3506 f3508
- f3508
    - flags: bottom simplicial
    - normal:    0.2167  -0.1048  -0.9706
    - offset: -0.01374578
    - vertices: p3816(v656) p1418(v477) p1327(v354)
    - neighboring facets: f2674 f3506 f3507
- f3509
    - flags: bottom simplicial
    - normal:   0.03862 -0.04799  -0.9981
    - offset: -0.01207043
    - vertices: p1095(v657) p1871(v329) p2824(v69)
    - neighboring facets: f1716 f3510 f3511
- f3510
    - flags: top simplicial
    - normal:   0.04217 -0.04976  -0.9979
    - offset: -0.01212437
    - vertices: p1095(v657) p2714(v478) p2824(v69)
    - neighboring facets: f2531 f3509 f3512
- f3511
    - flags: top simplicial
    - normal:   0.03072 -0.04739  -0.9984
    - offset: -0.01206377
    - vertices: p1095(v657) p1871(v329) p78(v209)
    - neighboring facets: f1717 f3512 f3509
- f3512
    - flags: bottom simplicial
    - normal:   0.03161  -0.0542   -0.998
    - offset: -0.01229305
    - vertices: p1095(v657) p2714(v478) p78(v209)
    - neighboring facets: f5064 f3511 f3510
- f3519
    - flags: bottom simplicial
    - normal:    0.1452 -0.09714  -0.9846
    - offset: -0.01358059
    - vertices: p3533(v659) p1418(v477) p1170(v210)
    - neighboring facets: f3507 f5057 f3520
- f3520
    - flags: top simplicial
    - normal:    0.1379 -0.09308  -0.9861
    - offset: -0.01344863
    - vertices: p3533(v659) p1418(v477) p1478(v330)
    - neighboring facets: f2530 f4346 f3519
- f3524
    - flags: top simplicial
    - normal:   0.05901 -0.07766  -0.9952
    - offset: -0.01304064
    - vertices: p65(v660) p2804(v479) p1478(v330)
    - neighboring facets: f4345 f4355 f5023
- f3528
    - flags: top simplicial
    - normal:   -0.3622  -0.2932  -0.8848
    - offset: -0.02152528
    - vertices: p100(v661) p3394(v211) p1995(v46)
    - neighboring facets: f1737 f4356 f3550
- f3534
    - flags: bottom simplicial
    - normal:  -0.07145  -0.4131  -0.9079
    - offset: -0.02619008
    - vertices: p201(v662) p2967(v255) p1995(v46)
    - neighboring facets: f1313 f5521 f5067
- f3542
    - flags: bottom simplicial
    - normal:   -0.1985  -0.1987  -0.9598
    - offset: -0.01791223
    - vertices: p3670(v663) p100(v661) p1578(v213)
    - neighboring facets: f3548 f4368 f3543
- f3543
    - flags: top simplicial
    - normal:   -0.1595  -0.2069  -0.9653
    - offset: -0.01819611
    - vertices: p3670(v663) p100(v661) p1047(v481)
    - neighboring facets: f4357 f5487 f3542
- f3544
    - flags: top simplicial
    - normal:   -0.4714  -0.1553  -0.8682
    - offset: -0.01609206
    - vertices: p814(v664) p2615(v335) p2108(v122)
    - neighboring facets: f3484 f3547 f3545
- f3545
    - flags: top simplicial
    - normal:   -0.4557  -0.1528   -0.877
    - offset: -0.01602547
    - vertices: p814(v664) p3391(v483) p2615(v335)
    - neighboring facets: f3556 f3544 f3546
- f3546
    - flags: bottom simplicial
    - normal:   -0.3611  -0.1831  -0.9144
    - offset: -0.01731346
    - vertices: p814(v664) p3391(v483) p1578(v213)
    - neighboring facets: f4369 f3548 f3545
- f3547
    - flags: bottom simplicial
    - normal:   -0.5241  -0.2113   -0.825
    - offset: -0.01811216
    - vertices: p814(v664) p379(v334) p2108(v122)
    - neighboring facets: f2499 f3544 f3549
- f3548
    - flags: top simplicial
    - normal:   -0.3108  -0.2089  -0.9272
    - offset: -0.01832647
    - vertices: p814(v664) p100(v661) p1578(v213)
    - neighboring facets: f3542 f3546 f3550
- f3549
    - flags: top simplicial
    - normal:   -0.4907  -0.2352   -0.839
    - offset: -0.01910711
    - vertices: p814(v664) p379(v334) p3394(v211)
    - neighboring facets: f2558 f3550 f3547
- f3550
    - flags: bottom simplicial
    - normal:   -0.3876  -0.2608  -0.8842
    - offset: -0.02025555
    - vertices: p814(v664) p100(v661) p3394(v211)
    - neighboring facets: f3528 f3549 f3548
- f3556
    - flags: bottom simplicial
    - normal:   -0.4222  -0.1343  -0.8965
    - offset: -0.01538499
    - vertices: p1857(v665) p3391(v483) p2615(v335)
    - neighboring facets: f3545 f4385 f4370
- f3562
    - flags: top simplicial
    - normal:   -0.5022 -0.09286  -0.8598
    - offset: -0.01371095
    - vertices: p1292(v666) p753(v484) p2615(v335)
    - neighboring facets: f2566 f4386 f4375
- f3564
    - flags: bottom simplicial
    - normal:    0.4119  -0.1954  -0.8901
    - offset: -0.01663234
    - vertices: p2326(v667) p3960(v487) p3206(v338)
    - neighboring facets: f2592 f5089 f3568
- f3567
    - flags: top simplicial
    - normal:    0.4554  -0.1825  -0.8714
    - offset: -0.0160052
    - vertices: p2326(v667) p711(v503) p1855(v73)
    - neighboring facets: f2669 f5088 f3568
- f3568
    - flags: bottom simplicial
    - normal:    0.4554  -0.1825  -0.8714
    - offset: -0.0160053
    - vertices: p2326(v667) p711(v503) p3960(v487)
    - neighboring facets: f2667 f3564 f3567
- f3569
    - flags: top simplicial
    - normal:    0.3047  -0.4397  -0.8449
    - offset: -0.02649977
    - vertices: p3454(v668) p254(v151) p3664(v150)
    - neighboring facets: f749 f3571 f3570
- f3570
    - flags: top simplicial
    - normal:    0.1428  -0.4274  -0.8927
    - offset: -0.0263864
    - vertices: p3454(v668) p1637(v488) p254(v151)
    - neighboring facets: f2584 f3569 f3572
- f3571
    - flags: bottom simplicial
    - normal:    0.4202  -0.3614  -0.8324
    - offset: -0.02305952
    - vertices: p3454(v668) p3206(v338) p3664(v150)
    - neighboring facets: f1769 f3569 f5090
- f3572
    - flags: bottom simplicial
    - normal:    0.1729  -0.2547  -0.9514
    - offset: -0.01954629
    - vertices: p3454(v668) p1637(v488) p3875(v331)
    - neighboring facets: f5076 f5509 f3570
- f3577
    - flags: top simplicial
    - normal:    0.5866  -0.1953   -0.786
    - offset: -0.01600611
    - vertices: p1131(v669) p1173(v351) p1831(v128)
    - neighboring facets: f1835 f3578 f4397
- f3578
    - flags: bottom simplicial
    - normal:    0.6335  -0.2075  -0.7454
    - offset: -0.01625364
    - vertices: p1131(v669) p3877(v490) p1831(v128)
    - neighboring facets: f2598 f3577 f3579
- f3579
    - flags: top simplicial
    - normal:    0.6513   -0.179  -0.7374
    - offset: -0.01557378
    - vertices: p1131(v669) p3877(v490) p2811(v129)
    - neighboring facets: f2595 f4399 f3578
- f3582
    - flags: top simplicial
    - normal:    0.7258  -0.2141  -0.6537
    - offset: -0.01622079
    - vertices: p1982(v670) p3877(v490) p3696(v342)
    - neighboring facets: f2600 f3585 f3583
- f3583
    - flags: bottom simplicial
    - normal:    0.7403  -0.1801  -0.6477
    - offset: -0.01539656
    - vertices: p1982(v670) p3877(v490) p3223(v458)
    - neighboring facets: f2595 f3584 f3582
- f3584
    - flags: top simplicial
    - normal:    0.8153  -0.2184  -0.5363
    - offset: -0.01592461
    - vertices: p1982(v670) p1395(v637) p3223(v458)
    - neighboring facets: f4894 f3583 f3586
- f3585
    - flags: top simplicial
    - normal:    0.7206   -0.228  -0.6548
    - offset: -0.01655048
    - vertices: p1982(v670) p3696(v342) p546(v223)
    - neighboring facets: f2600 f3586 f3582
- f3586
    - flags: bottom simplicial
    - normal:    0.8052  -0.2487  -0.5384
    - offset: -0.01665117
    - vertices: p1982(v670) p1395(v637) p546(v223)
    - neighboring facets: f3404 f3585 f3584
- f3588
    - flags: top simplicial
    - normal:    0.9801  -0.1955 -0.03497
    - offset: -0.01294962
    - vertices: p3129(v671) p680(v227) p2102(v24)
    - neighboring facets: f2346 f4405 f5099
- f3594
    - flags: bottom simplicial
    - normal:    0.9867  -0.1378 -0.08618
    - offset: -0.0119892
    - vertices: p304(v672) p1154(v628) p1584(v314)
    - neighboring facets: f4248 f3601 f3595
- f3595
    - flags: top simplicial
    - normal:     0.984  -0.1385  -0.1122
    - offset: -0.01213528
    - vertices: p304(v672) p1154(v628) p3023(v107)
    - neighboring facets: f3357 f5530 f3594
- f3598
    - flags: top simplicial
    - normal:    0.9876  -0.1459 -0.05867
    - offset: -0.01199682
    - vertices: p3315(v673) p1554(v344) p3804(v193)
    - neighboring facets: f2351 f4413 f4409
- f3600
    - flags: top simplicial
    - normal:    0.9876  -0.1459 -0.05868
    - offset: -0.01199683
    - vertices: p3315(v673) p304(v672) p3423(v491)
    - neighboring facets: f5092 f4410 f3601
- f3601
    - flags: bottom simplicial
    - normal:    0.9881    -0.14 -0.06347
    - offset: -0.01191132
    - vertices: p3315(v673) p304(v672) p1584(v314)
    - neighboring facets: f3594 f4412 f3600
- f3604
    - flags: bottom simplicial
    - normal:    0.6252  -0.5014  -0.5981
    - offset: -0.02753659
    - vertices: p452(v674) p290(v254) p462(v5)
    - neighboring facets: f1309 f3605 f3606
- f3605
    - flags: top simplicial
    - normal:    0.7705   -0.345   -0.536
    - offset: -0.02061532
    - vertices: p452(v674) p1724(v496) p462(v5)
    - neighboring facets: f2628 f3604 f3606
- f3606
    - flags: bottom simplicial
    - normal:    0.7103  -0.5088  -0.4864
    - offset: -0.02716716
    - vertices: p452(v674) p1724(v496) p290(v254)
    - neighboring facets: f4680 f3604 f3605
- f3607
    - flags: bottom simplicial
    - normal:    0.5919 0.002977   -0.806
    - offset: -0.01318966
    - vertices: p1410(v675) p1295(v349) p591(v311)
    - neighboring facets: f1824 f4417 f4422
- f3612
    - flags: top simplicial
    - normal:    0.5202 -0.08298    -0.85
    - offset:  -0.013366
    - vertices: p2529(v676) p2617(v501) p1009(v75)
    - neighboring facets: f2649 f3613 f4426
- f3613
    - flags: bottom simplicial
    - normal:    0.5117 -0.08037  -0.8554
    - offset: -0.01330161
    - vertices: p2529(v676) p1168(v350) p1009(v75)
    - neighboring facets: f3277 f3612 f4429
- f3618
    - flags: top simplicial
    - normal:    0.4519   -0.158   -0.878
    - offset: -0.01510371
    - vertices: p1535(v677) p2568(v232) p1695(v134)
    - neighboring facets: f1189 f3620 f3619
- f3619
    - flags: top simplicial
    - normal:    0.4533  -0.1585  -0.8771
    - offset: -0.0151173
    - vertices: p1535(v677) p2179(v502) p2568(v232)
    - neighboring facets: f2662 f3618 f3621
- f3620
    - flags: bottom simplicial
    - normal:    0.3923    -0.15  -0.9075
    - offset: -0.01498655
    - vertices: p1535(v677) p706(v233) p1695(v134)
    - neighboring facets: f1189 f3618 f4433
- f3621
    - flags: bottom simplicial
    - normal:    0.4331  -0.1696  -0.8853
    - offset: -0.01558432
    - vertices: p1535(v677) p2179(v502) p1855(v73)
    - neighboring facets: f2669 f5528 f3619
- f3624
    - flags: top simplicial
    - normal:    0.3331  -0.1197  -0.9353
    - offset: -0.01405489
    - vertices: p908(v678) p706(v233) p3994(v133)
    - neighboring facets: f1187 f3626 f3625
- f3625
    - flags: top simplicial
    - normal:    0.3207  -0.1215  -0.9393
    - offset: -0.01414113
    - vertices: p908(v678) p595(v504) p706(v233)
    - neighboring facets: f2671 f3624 f3627
- f3626
    - flags: top simplicial
    - normal:     0.329  -0.1124  -0.9376
    - offset: -0.01382036
    - vertices: p908(v678) p3994(v133) p543(v76)
    - neighboring facets: f1187 f3627 f3624
- f3627
    - flags: bottom simplicial
    - normal:    0.3218  -0.1095  -0.9405
    - offset: -0.01373848
    - vertices: p908(v678) p595(v504) p543(v76)
    - neighboring facets: f2676 f3626 f3625
- f3628
    - flags: bottom simplicial
    - normal:     0.308  -0.1313  -0.9423
    - offset: -0.01450775
    - vertices: p705(v679) p1327(v354) p706(v233)
    - neighboring facets: f2671 f4434 f5109
- f3630
    - flags: bottom simplicial
    - normal:    0.3421  -0.1554  -0.9267
    - offset: -0.01530223
    - vertices: p705(v679) p1535(v677) p2638(v505)
    - neighboring facets: f5529 f4436 f4435
- f3638
    - flags: top simplicial
    - normal:   -0.4162  -0.1681   0.8936
    - offset: -0.00775256
    - vertices: p476(v681) p2373(v356) p3621(v243)
    - neighboring facets: f3664 f3639 f3640
- f3639
    - flags: bottom simplicial
    - normal:    -0.466  -0.1791   0.8665
    - offset: -0.008354848
    - vertices: p476(v681) p3963(v507) p3621(v243)
    - neighboring facets: f2777 f3638 f4446
- f3640
    - flags: bottom simplicial
    - normal:   -0.5064  -0.1178   0.8542
    - offset: -0.006092035
    - vertices: p476(v681) p2373(v356) p1387(v136)
    - neighboring facets: f2684 f4442 f3638
- f3643
    - flags: top simplicial
    - normal:   -0.5957  -0.2188   0.7728
    - offset: -0.01042722
    - vertices: p2589(v682) p3963(v507) p266(v139)
    - neighboring facets: f2776 f3645 f4453
- f3645
    - flags: top simplicial
    - normal:   -0.5118   -0.356   0.7819
    - offset: -0.01581693
    - vertices: p2589(v682) p266(v139) p3317(v79)
    - neighboring facets: f2778 f5120 f3643
- f3647
    - flags: top simplicial
    - normal:   -0.7751  -0.1644     0.61
    - offset: -0.009012097
    - vertices: p2359(v683) p1997(v358) p1842(v236)
    - neighboring facets: f1873 f3648 f4447
- f3648
    - flags: bottom simplicial
    - normal:    -0.718  -0.1615   0.6771
    - offset: -0.008603366
    - vertices: p2359(v683) p3963(v507) p1842(v236)
    - neighboring facets: f4445 f3647 f4454
- f3651
    - flags: top simplicial
    - normal:    -0.186 -0.07703   0.9795
    - offset: -0.003597199
    - vertices: p91(v684) p2092(v357) p1132(v78)
    - neighboring facets: f1866 f4470 f3652
- f3652
    - flags: top simplicial
    - normal:  -0.07865 -0.08065   0.9936
    - offset: -0.003458353
    - vertices: p91(v684) p1299(v508) p2092(v357)
    - neighboring facets: f2697 f3651 f4459
- f3663
    - flags: bottom simplicial
    - normal:   -0.3086  -0.1679   0.9363
    - offset: -0.007401227
    - vertices: p172(v686) p3621(v243) p924(v42)
    - neighboring facets: f4089 f4477 f3664
- f3664
    - flags: bottom simplicial
    - normal:   -0.3094  -0.1676    0.936
    - offset: -0.007393275
    - vertices: p172(v686) p2373(v356) p3621(v243)
    - neighboring facets: f3638 f3663 f4473
- f3670
    - flags: top simplicial
    - normal:   -0.4807 -0.04532   0.8757
    - offset: -0.003295868
    - vertices: p430(v688) p3777(v239) p1387(v136)
    - neighboring facets: f1913 f3671 f3672
- f3671
    - flags: bottom simplicial
    - normal:   -0.5607 -0.05719   0.8261
    - offset: -0.004010718
    - vertices: p430(v688) p612(v511) p1387(v136)
    - neighboring facets: f4556 f3670 f3672
- f3672
    - flags: top simplicial
    - normal:   -0.5328 -0.04404   0.8451
    - offset: -0.003426199
    - vertices: p430(v688) p612(v511) p3777(v239)
    - neighboring facets: f2719 f3670 f3671
- f3673
    - flags: top simplicial
    - normal:   -0.6193  0.04929   0.7836
    - offset: -0.0005353815
    - vertices: p2395(v689) p558(v512) p1796(v360)
    - neighboring facets: f2722 f3675 f3677
- f3674
    - flags: top simplicial
    - normal:    -0.554  0.04769   0.8312
    - offset: -0.0003863501
    - vertices: p2395(v689) p475(v514) p3386(v137)
    - neighboring facets: f3689 f3676 f3675
- f3675
    - flags: bottom simplicial
    - normal:   -0.5742  0.04843   0.8173
    - offset: -0.0004247555
    - vertices: p2395(v689) p475(v514) p1796(v360)
    - neighboring facets: f3686 f3673 f3674
- f3676
    - flags: bottom simplicial
    - normal:   -0.5468  0.02644   0.8368
    - offset: -0.001059005
    - vertices: p2395(v689) p3777(v239) p3386(v137)
    - neighboring facets: f1909 f3674 f3677
- f3677
    - flags: bottom simplicial
    - normal:   -0.5719  0.03032   0.8197
    - offset: -0.001009811
    - vertices: p2395(v689) p558(v512) p3777(v239)
    - neighboring facets: f2719 f3676 f3673
- f3678
    - flags: top simplicial
    - normal:   -0.9776  0.07223   0.1977
    - offset: -0.002771076
    - vertices: p3267(v690) p3403(v248) p1462(v144)
    - neighboring facets: f1367 f3679 f4502
- f3679
    - flags: top simplicial
    - normal:   -0.9875   0.1423  0.06724
    - offset: -0.003123464
    - vertices: p3267(v690) p1462(v144) p3486(v56)
    - neighboring facets: f715 f4506 f3678
- f3686
    - flags: top simplicial
    - normal:   -0.4962   0.1151   0.8605
    - offset: 2.191158e-05
    - vertices: p1771(v691) p475(v514) p1796(v360)
    - neighboring facets: f3675 f4496 f3689
- f3689
    - flags: bottom simplicial
    - normal:   -0.5372  0.04723   0.8422
    - offset: -0.0003540333
    - vertices: p1771(v691) p475(v514) p3386(v137)
    - neighboring facets: f3674 f5144 f3686
- f3696
    - flags: top simplicial
    - normal:    -0.389   0.1669    0.906
    - offset: 0.0003898909
    - vertices: p894(v693) p1771(v691) p1889(v516)
    - neighboring facets: f4497 f5148 f4507
- f3716
    - flags: top simplicial
    - normal:   0.02568 -0.02801   0.9993
    - offset: -0.001450653
    - vertices: p1430(v694) p3022(v559) p318(v138)
    - neighboring facets: f2996 f4521 f3717
- f3717
    - flags: bottom simplicial
    - normal:   0.03068 -0.02895   0.9991
    - offset: -0.001473434
    - vertices: p1430(v694) p3022(v559) p3988(v267)
    - neighboring facets: f3919 f5162 f3716
- f3718
    - flags: top simplicial
    - normal:   -0.6956   0.7163  0.05568
    - offset: -0.004272145
    - vertices: p30(v695) p3697(v101) p1569(v29)
    - neighboring facets: f2323 f3719 f3720
- f3719
    - flags: bottom simplicial
    - normal:   -0.6846   0.7269  0.05463
    - offset: -0.004326294
    - vertices: p30(v695) p3396(v517) p1569(v29)
    - neighboring facets: f2755 f3718 f3720
- f3720
    - flags: top simplicial
    - normal:   -0.6942   0.7148   0.0842
    - offset: -0.004183821
    - vertices: p30(v695) p3396(v517) p3697(v101)
    - neighboring facets: f2752 f3718 f3719
- f3724
    - flags: bottom simplicial
    - normal:   -0.4202   0.8981   0.1294
    - offset: -0.00541913
    - vertices: p910(v696) p1142(v302) p1811(v102)
    - neighboring facets: f1564 f3728 f4543
- f3728
    - flags: bottom simplicial
    - normal:   -0.4621   0.8862  0.03265
    - offset: -0.005507496
    - vertices: p910(v696) p1811(v102) p3862(v58)
    - neighboring facets: f1564 f3729 f3724
- f3729
    - flags: top simplicial
    - normal:   -0.4762   0.8791  0.01917
    - offset: -0.005470282
    - vertices: p910(v696) p95(v306) p3862(v58)
    - neighboring facets: f3457 f3728 f4535
- f3736
    - flags: top simplicial
    - normal:     -0.71 0.007569   0.7042
    - offset: -0.00231351
    - vertices: p2186(v698) p558(v512) p3511(v238)
    - neighboring facets: f2718 f3737 f3739
- f3737
    - flags: bottom simplicial
    - normal:    -0.761 0.008894   0.6487
    - offset: -0.002472541
    - vertices: p2186(v698) p1556(v363) p3511(v238)
    - neighboring facets: f1904 f3736 f3738
- f3738
    - flags: bottom simplicial
    - normal:   -0.7705  0.02154   0.6371
    - offset: -0.002075195
    - vertices: p2186(v698) p2143(v518) p1556(v363)
    - neighboring facets: f2761 f3737 f3740
- f3739
    - flags: bottom simplicial
    - normal:   -0.7204  0.04938   0.6918
    - offset: -0.0009143953
    - vertices: p2186(v698) p558(v512) p1347(v237)
    - neighboring facets: f2722 f3740 f3736
- f3740
    - flags: top simplicial
    - normal:   -0.7357  0.04884   0.6755
    - offset: -0.0009943641
    - vertices: p2186(v698) p2143(v518) p1347(v237)
    - neighboring facets: f2763 f3739 f3738
- f3741
    - flags: bottom simplicial
    - normal:   -0.9057  -0.1119   0.4088
    - offset: -0.007749913
    - vertices: p2919(v699) p2896(v263) p3455(v41)
    - neighboring facets: f5124 f3743 f3742
- f3742
    - flags: bottom simplicial
    - normal:   -0.9113 -0.07968    0.404
    - offset: -0.006551209
    - vertices: p2919(v699) p3158(v523) p2896(v263)
    - neighboring facets: f3769 f3741 f3744
- f3743
    - flags: top simplicial
    - normal:   -0.8724  -0.1123   0.4757
    - offset: -0.007505205
    - vertices: p2919(v699) p1842(v236) p3455(v41)
    - neighboring facets: f1873 f3741 f3744
- f3744
    - flags: top simplicial
    - normal:   -0.8714  -0.1077   0.4786
    - offset: -0.007321491
    - vertices: p2919(v699) p3158(v523) p1842(v236)
    - neighboring facets: f2789 f3743 f3742
- f3745
    - flags: bottom simplicial
    - normal:   -0.9287 0.006522   0.3708
    - offset: -0.0035621
    - vertices: p11(v700) p780(v250) p2027(v82)
    - neighboring facets: f1966 f3747 f3746
- f3746
    - flags: bottom simplicial
    - normal:   -0.9265  0.02241   0.3756
    - offset: -0.002981706
    - vertices: p11(v700) p3109(v525) p780(v250)
    - neighboring facets: f2794 f3745 f3749
- f3747
    - flags: top simplicial
    - normal:      -0.9 -0.02877   0.4349
    - offset: -0.004586673
    - vertices: p11(v700) p4(v370) p2027(v82)
    - neighboring facets: f2821 f3745 f3748
- f3748
    - flags: bottom simplicial
    - normal:   -0.8841 -0.02449   0.4666
    - offset: -0.004314924
    - vertices: p11(v700) p4(v370) p498(v249)
    - neighboring facets: f2802 f3749 f3747
- f3749
    - flags: top simplicial
    - normal:   -0.8849 -0.005362   0.4657
    - offset: -0.003642139
    - vertices: p11(v700) p3109(v525) p498(v249)
    - neighboring facets: f2799 f3748 f3746
- f3750
    - flags: top simplicial
    - normal:     -0.85 -0.04048   0.5252
    - offset: -0.004666856
    - vertices: p3622(v701) p2980(v526) p498(v249)
    - neighboring facets: f2802 f3754 f3751
- f3751
    - flags: bottom simplicial
    - normal:   -0.8042 -0.03888   0.5931
    - offset: -0.004353585
    - vertices: p3622(v701) p2980(v526) p1556(v363)
    - neighboring facets: f2805 f3752 f3750
- f3752
    - flags: bottom simplicial
    - normal:   -0.8154 -0.01004   0.5788
    - offset: -0.003397066
    - vertices: p3622(v701) p1556(v363) p3802(v146)
    - neighboring facets: f2761 f3753 f3751
- f3753
    - flags: top simplicial
    - normal:   -0.8666   0.0132   0.4988
    - offset: -0.002868019
    - vertices: p3622(v701) p1349(v524) p3802(v146)
    - neighboring facets: f2793 f3752 f3754
- f3754
    - flags: bottom simplicial
    - normal:   -0.8672  0.01281   0.4978
    - offset: -0.002885454
    - vertices: p3622(v701) p1349(v524) p498(v249)
    - neighboring facets: f2799 f3750 f3753
- f3755
    - flags: bottom simplicial
    - normal:   -0.7889 -0.05532    0.612
    - offset: -0.004867585
    - vertices: p2428(v702) p2980(v526) p3326(v372)
    - neighboring facets: f2803 f4552 f3759
- f3758
    - flags: bottom simplicial
    - normal:   -0.7741 -0.05197   0.6309
    - offset: -0.00467497
    - vertices: p2428(v702) p2633(v359) p3633(v22)
    - neighboring facets: f1880 f3759 f4553
- f3759
    - flags: top simplicial
    - normal:   -0.7856 -0.05054   0.6166
    - offset: -0.004676292
    - vertices: p2428(v702) p2980(v526) p3633(v22)
    - neighboring facets: f2805 f3758 f3755
- f3760
    - flags: top simplicial
    - normal:   -0.9823 -0.005903   0.1872
    - offset: -0.004782204
    - vertices: p410(v703) p3398(v264) p105(v158)
    - neighboring facets: f2076 f3762 f3761
- f3761
    - flags: top simplicial
    - normal:   -0.9787 -0.02951   0.2033
    - offset: -0.005557043
    - vertices: p410(v703) p2500(v527) p3398(v264)
    - neighboring facets: f2981 f3760 f3763
- f3762
    - flags: bottom simplicial
    - normal:   -0.9754  0.03407    0.218
    - offset: -0.003229121
    - vertices: p410(v703) p2779(v528) p105(v158)
    - neighboring facets: f2812 f3760 f3767
- f3763
    - flags: bottom simplicial
    - normal:   -0.9676 -0.02825   0.2509
    - offset: -0.005312897
    - vertices: p410(v703) p2500(v527) p375(v374)
    - neighboring facets: f2809 f3764 f3761
- f3764
    - flags: bottom simplicial
    - normal:    -0.951 0.007264    0.309
    - offset: -0.003787096
    - vertices: p410(v703) p375(v374) p780(v250)
    - neighboring facets: f1966 f3765 f3763
- f3765
    - flags: bottom simplicial
    - normal:   -0.9554  0.03107   0.2936
    - offset: -0.003006864
    - vertices: p410(v703) p780(v250) p1188(v43)
    - neighboring facets: f1281 f3766 f3764
- f3766
    - flags: top simplicial
    - normal:   -0.9709  0.04051   0.2361
    - offset: -0.002922183
    - vertices: p410(v703) p1172(v265) p1188(v43)
    - neighboring facets: f1369 f3765 f3767
- f3767
    - flags: top simplicial
    - normal:   -0.9711  0.04046   0.2354
    - offset: -0.002927123
    - vertices: p410(v703) p2779(v528) p1172(v265)
    - neighboring facets: f2812 f3766 f3762
- f3768
    - flags: bottom simplicial
    - normal:    -0.933 -0.07368   0.3522
    - offset: -0.006526914
    - vertices: p276(v704) p2045(v530) p2896(v263)
    - neighboring facets: f2823 f3769 f3773
- f3769
    - flags: top simplicial
    - normal:   -0.9178  -0.0666   0.3914
    - offset: -0.006105337
    - vertices: p276(v704) p3158(v523) p2896(v263)
    - neighboring facets: f3742 f3768 f3770
- f3770
    - flags: top simplicial
    - normal:   -0.9177 -0.06631   0.3916
    - offset: -0.006093868
    - vertices: p276(v704) p2315(v529) p3158(v523)
    - neighboring facets: f2822 f3769 f3771
- f3771
    - flags: bottom simplicial
    - normal:   -0.9188 -0.05744   0.3906
    - offset: -0.005772592
    - vertices: p276(v704) p2315(v529) p2027(v82)
    - neighboring facets: f2821 f3772 f3770
- f3772
    - flags: top simplicial
    - normal:   -0.9324 -0.04165    0.359
    - offset: -0.005322539
    - vertices: p276(v704) p375(v374) p2027(v82)
    - neighboring facets: f1966 f3771 f3773
- f3773
    - flags: top simplicial
    - normal:   -0.9349 -0.04639    0.352
    - offset: -0.005525141
    - vertices: p276(v704) p2045(v530) p375(v374)
    - neighboring facets: f2824 f3772 f3768
- f3774
    - flags: top simplicial
    - normal:   -0.9822  -0.0869  -0.1664
    - offset: -0.009515479
    - vertices: p1004(v705) p2611(v388) p1864(v262)
    - neighboring facets: f2045 f3775 f3776
- f3775
    - flags: bottom simplicial
    - normal:   -0.9883   -0.117 -0.09813
    - offset: -0.01029299
    - vertices: p1004(v705) p863(v531) p1864(v262)
    - neighboring facets: f2828 f3774 f4566
- f3776
    - flags: bottom simplicial
    - normal:   -0.9654  -0.1386  -0.2209
    - offset: -0.01178527
    - vertices: p1004(v705) p2611(v388) p1214(v47)
    - neighboring facets: f2042 f3777 f3774
- f3777
    - flags: top simplicial
    - normal:   -0.9646   -0.161  -0.2089
    - offset: -0.01258087
    - vertices: p1004(v705) p829(v375) p1214(v47)
    - neighboring facets: f2940 f3776 f4567
- f3785
    - flags: bottom simplicial
    - normal:    -0.797  -0.6023 -0.04532
    - offset: -0.02925926
    - vertices: p3958(v706) p3213(v251) p79(v149)
    - neighboring facets: f2863 f5216 f3786
- f3786
    - flags: bottom simplicial
    - normal:   -0.7849  -0.6172 -0.05418
    - offset: -0.02992673
    - vertices: p3958(v706) p2893(v385) p3213(v251)
    - neighboring facets: f3879 f3785 f5171
- f3789
    - flags: bottom simplicial
    - normal:    -0.901   -0.283  -0.3289
    - offset: -0.0180923
    - vertices: p14(v707) p2973(v376) p2012(v202)
    - neighboring facets: f2941 f3791 f4576
- f3791
    - flags: top simplicial
    - normal:   -0.8236  -0.2849  -0.4903
    - offset: -0.01920238
    - vertices: p14(v707) p157(v482) p2012(v202)
    - neighboring facets: f2555 f3789 f3792
- f3792
    - flags: bottom simplicial
    - normal:   -0.7783  -0.3226  -0.5386
    - offset: -0.02101133
    - vertices: p14(v707) p157(v482) p275(v332)
    - neighboring facets: f2557 f3793 f3791
- f3793
    - flags: top simplicial
    - normal:   -0.7803  -0.3288   -0.532
    - offset: -0.02122634
    - vertices: p14(v707) p549(v534) p275(v332)
    - neighboring facets: f2850 f3792 f4577
- f3796
    - flags: top simplicial
    - normal:   -0.5843  -0.7115   0.3904
    - offset: -0.03198488
    - vertices: p1994(v708) p3140(v535) p3003(v377)
    - neighboring facets: f2853 f3807 f4585
- f3805
    - flags: bottom simplicial
    - normal:   -0.6388  -0.7483   0.1786
    - offset: -0.03427066
    - vertices: p3784(v710) p44(v536) p3003(v377)
    - neighboring facets: f5238 f3807 f4604
- f3806
    - flags: bottom simplicial
    - normal:   -0.7101  -0.6772   0.1929
    - offset: -0.03131641
    - vertices: p3784(v710) p1994(v708) p1810(v253)
    - neighboring facets: f5183 f4606 f3807
- f3807
    - flags: top simplicial
    - normal:   -0.6902  -0.6961   0.1979
    - offset: -0.03206579
    - vertices: p3784(v710) p1994(v708) p3003(v377)
    - neighboring facets: f3796 f3805 f3806
- f3818
    - flags: bottom simplicial
    - normal:   -0.9172  -0.2575   -0.304
    - offset: -0.01690168
    - vertices: p1816(v712) p2170(v549) p2973(v376)
    - neighboring facets: f2941 f5205 f3821
- f3820
    - flags: top simplicial
    - normal:   -0.9442  -0.2185  -0.2463
    - offset: -0.0150031
    - vertices: p1816(v712) p829(v375) p2311(v252)
    - neighboring facets: f4570 f5163 f3821
- f3821
    - flags: top simplicial
    - normal:    -0.942  -0.2149  -0.2579
    - offset: -0.01492665
    - vertices: p1816(v712) p2170(v549) p829(v375)
    - neighboring facets: f2940 f3820 f3818
- f3836
    - flags: top simplicial
    - normal:   0.06559  -0.9685  -0.2403
    - offset: -0.04524944
    - vertices: p1118(v715) p2665(v260) p2704(v45)
    - neighboring facets: f2039 f4671 f3837
- f3837
    - flags: top simplicial
    - normal:   0.04273  -0.9302  -0.3646
    - offset: -0.04438132
    - vertices: p1118(v715) p694(v540) p2665(v260)
    - neighboring facets: f5607 f3836 f4670
- f3838
    - flags: top simplicial
    - normal:    0.8709  -0.4032  -0.2809
    - offset: -0.02139198
    - vertices: p3385(v716) p2217(v497) p1724(v496)
    - neighboring facets: f2635 f3839 f3840
- f3839
    - flags: bottom simplicial
    - normal:    0.7948  -0.4719  -0.3817
    - offset: -0.02495713
    - vertices: p3385(v716) p348(v541) p1724(v496)
    - neighboring facets: f4681 f3838 f3861
- f3840
    - flags: bottom simplicial
    - normal:     0.874   -0.442   -0.202
    - offset: -0.02254666
    - vertices: p3385(v716) p2217(v497) p301(v96)
    - neighboring facets: f2633 f3864 f3838
- f3843
    - flags: bottom simplicial
    - normal:    0.9182  -0.3622   0.1605
    - offset: -0.01731933
    - vertices: p56(v717) p3104(v435) p1869(v293)
    - neighboring facets: f2300 f4666 f4659
- f3847
    - flags: bottom simplicial
    - normal:    0.8702  -0.4925 -0.01496
    - offset: -0.02359387
    - vertices: p56(v717) p1910(v542) p301(v96)
    - neighboring facets: f2894 f4660 f4665
- f3849
    - flags: bottom simplicial
    - normal:    0.6605  -0.7471  0.07471
    - offset: -0.03402863
    - vertices: p1026(v718) p2419(v543) p115(v381)
    - neighboring facets: f5251 f4664 f4627
- f3857
    - flags: top simplicial
    - normal:    0.3893  -0.6905  -0.6097
    - offset: -0.0356262
    - vertices: p2977(v719) p290(v254) p3664(v150)
    - neighboring facets: f1309 f3858 f4685
- f3858
    - flags: bottom simplicial
    - normal:     0.327  -0.7126  -0.6207
    - offset: -0.03663828
    - vertices: p2977(v719) p1092(v154) p3664(v150)
    - neighboring facets: f764 f3857 f3859
- f3859
    - flags: bottom simplicial
    - normal:     0.272  -0.7692  -0.5782
    - offset: -0.03881325
    - vertices: p2977(v719) p694(v540) p1092(v154)
    - neighboring facets: f5606 f3858 f4669
- f3861
    - flags: top simplicial
    - normal:    0.7874  -0.6043  -0.1219
    - offset: -0.02893262
    - vertices: p1977(v720) p3385(v716) p348(v541)
    - neighboring facets: f3839 f4679 f3864
- f3863
    - flags: top simplicial
    - normal:    0.8113  -0.5806 -0.06876
    - offset: -0.02756939
    - vertices: p1977(v720) p115(v381) p301(v96)
    - neighboring facets: f2894 f3864 f4674
- f3864
    - flags: bottom simplicial
    - normal:    0.8118  -0.5795 -0.07228
    - offset:  -0.027546
    - vertices: p1977(v720) p3385(v716) p301(v96)
    - neighboring facets: f3840 f3863 f3861
- f3867
    - flags: bottom simplicial
    - normal:    0.3594  -0.9323  0.03924
    - offset: -0.04210153
    - vertices: p2129(v721) p2218(v544) p2419(v543)
    - neighboring facets: f5249 f4690 f5225
- f3873
    - flags: top simplicial
    - normal:   -0.1527  -0.7195  -0.6775
    - offset: -0.03758873
    - vertices: p1985(v722) p512(v258) p364(v153)
    - neighboring facets: f1326 f4694 f3874
- f3874
    - flags: top simplicial
    - normal:   -0.1351  -0.7531  -0.6439
    - offset: -0.03875866
    - vertices: p1985(v722) p482(v383) p512(v258)
    - neighboring facets: f2015 f3873 f4701
- f3877
    - flags: bottom simplicial
    - normal:   -0.5962  -0.8019 -0.03911
    - offset: -0.03747955
    - vertices: p776(v723) p2536(v547) p1992(v83)
    - neighboring facets: f2926 f3880 f5176
- f3879
    - flags: top simplicial
    - normal:   -0.7049  -0.7074 -0.05208
    - offset: -0.0336365
    - vertices: p776(v723) p2893(v385) p3213(v251)
    - neighboring facets: f3786 f3881 f5175
- f3880
    - flags: top simplicial
    - normal:   -0.6755  -0.7374 0.008374
    - offset: -0.03456634
    - vertices: p776(v723) p1749(v378) p1992(v83)
    - neighboring facets: f2860 f3877 f3881
- f3881
    - flags: bottom simplicial
    - normal:   -0.7102  -0.7038 -0.01674
    - offset: -0.03330235
    - vertices: p776(v723) p1749(v378) p3213(v251)
    - neighboring facets: f2864 f3879 f3880
- f3882
    - flags: bottom simplicial
    - normal:   -0.8724  -0.2072  -0.4427
    - offset: -0.01579699
    - vertices: p976(v724) p1041(v389) p2012(v202)
    - neighboring facets: f2555 f3883 f3884
- f3883
    - flags: top simplicial
    - normal:   -0.8922  -0.2201  -0.3943
    - offset: -0.01600451
    - vertices: p976(v724) p2170(v549) p2012(v202)
    - neighboring facets: f2941 f3882 f3884
- f3884
    - flags: bottom simplicial
    - normal:   -0.8831  -0.2008  -0.4241
    - offset: -0.01542545
    - vertices: p976(v724) p2170(v549) p1041(v389)
    - neighboring facets: f3903 f3882 f3883
- f3889
    - flags: top simplicial
    - normal:   -0.8589 0.001966  -0.5121
    - offset: -0.008326555
    - vertices: p181(v725) p2390(v214) p1129(v199)
    - neighboring facets: f1093 f3892 f5271
- f3890
    - flags: bottom simplicial
    - normal:   -0.9183  0.01631  -0.3956
    - offset: -0.007086934
    - vertices: p181(v725) p3775(v469) p3766(v18)
    - neighboring facets: f2491 f3891 f4709
- f3891
    - flags: top simplicial
    - normal:   -0.9181  0.01661   -0.396
    - offset: -0.007078873
    - vertices: p181(v725) p489(v648) p3766(v18)
    - neighboring facets: f3473 f3890 f3893
- f3892
    - flags: top simplicial
    - normal:   -0.8705 0.007467   -0.492
    - offset: -0.008012204
    - vertices: p181(v725) p1129(v199) p3631(v64)
    - neighboring facets: f1014 f3893 f3889
- f3893
    - flags: bottom simplicial
    - normal:   -0.9106  0.02627  -0.4124
    - offset: -0.006844533
    - vertices: p181(v725) p489(v648) p3631(v64)
    - neighboring facets: f3474 f3892 f3891
- f3894
    - flags: top simplicial
    - normal:   -0.9413 -0.07082  -0.3302
    - offset: -0.00981732
    - vertices: p1488(v726) p3405(v553) p3145(v155)
    - neighboring facets: f2962 f3896 f3895
- f3895
    - flags: bottom simplicial
    - normal:    -0.927 -0.08647  -0.3649
    - offset: -0.01060965
    - vertices: p1488(v726) p3405(v553) p108(v261)
    - neighboring facets: f3900 f3897 f3894
- f3896
    - flags: bottom simplicial
    - normal:    -0.941  -0.1005  -0.3231
    - offset: -0.01089293
    - vertices: p1488(v726) p2611(v388) p3145(v155)
    - neighboring facets: f2045 f3894 f3897
- f3897
    - flags: top simplicial
    - normal:   -0.9397  -0.1072  -0.3248
    - offset: -0.01115367
    - vertices: p1488(v726) p2611(v388) p108(v261)
    - neighboring facets: f2042 f3895 f3896
- f3898
    - flags: top simplicial
    - normal:   -0.9025 -0.07486  -0.4242
    - offset: -0.01052602
    - vertices: p305(v727) p187(v552) p3150(v390)
    - neighboring facets: f2958 f3899 f3901
- f3899
    - flags: bottom simplicial
    - normal:   -0.9073 -0.07697  -0.4133
    - offset: -0.01053738
    - vertices: p305(v727) p3405(v553) p3150(v390)
    - neighboring facets: f2963 f3898 f3900
- f3900
    - flags: top simplicial
    - normal:   -0.9085 -0.07875  -0.4104
    - offset: -0.01058693
    - vertices: p305(v727) p3405(v553) p108(v261)
    - neighboring facets: f3895 f3902 f3899
- f3901
    - flags: bottom simplicial
    - normal:   -0.8573  -0.1264   -0.499
    - offset: -0.01297053
    - vertices: p305(v727) p187(v552) p1041(v389)
    - neighboring facets: f2960 f3903 f3898
- f3902
    - flags: bottom simplicial
    - normal:   -0.9048  -0.1356  -0.4036
    - offset: -0.01272947
    - vertices: p305(v727) p2170(v549) p108(v261)
    - neighboring facets: f2937 f3900 f3903
- f3903
    - flags: top simplicial
    - normal:   -0.8999  -0.1393  -0.4132
    - offset: -0.01293044
    - vertices: p305(v727) p2170(v549) p1041(v389)
    - neighboring facets: f3884 f3901 f3902
- f3904
    - flags: bottom simplicial
    - normal:   -0.9981 -0.05396 -0.02855
    - offset: -0.007564055
    - vertices: p2661(v728) p1864(v262) p1858(v87)
    - neighboring facets: f2828 f3906 f3905
- f3905
    - flags: bottom simplicial
    - normal:   -0.9976 -0.04685 -0.05027
    - offset: -0.007417416
    - vertices: p2661(v728) p2918(v554) p1864(v262)
    - neighboring facets: f2966 f3904 f4710
- f3906
    - flags: top simplicial
    - normal:   -0.9991  -0.0432 -0.002593
    - offset: -0.007032698
    - vertices: p2661(v728) p495(v392) p1858(v87)
    - neighboring facets: f2072 f3904 f4712
- f3909
    - flags: bottom simplicial
    - normal:   -0.9999  0.01391 0.006572
    - offset: -0.004927107
    - vertices: p1760(v729) p1518(v142) p2698(v1)
    - neighboring facets: f1255 f3910 f3911
- f3910
    - flags: top simplicial
    - normal:        -1 -0.002088 0.008196
    - offset: -0.005492621
    - vertices: p1760(v729) p2802(v555) p2698(v1)
    - neighboring facets: f3915 f3909 f3911
- f3911
    - flags: bottom simplicial
    - normal:   -0.9986  0.01694   0.0501
    - offset: -0.004601103
    - vertices: p1760(v729) p2802(v555) p1518(v142)
    - neighboring facets: f2976 f3909 f3910
- f3912
    - flags: top simplicial
    - normal:   -0.9977 -0.04666  0.04847
    - offset: -0.006916047
    - vertices: p3779(v730) p503(v393) p495(v392)
    - neighboring facets: f2072 f3914 f3913
- f3913
    - flags: top simplicial
    - normal:   -0.9977 -0.04664  0.04909
    - offset: -0.006912653
    - vertices: p3779(v730) p129(v557) p503(v393)
    - neighboring facets: f2982 f3912 f3917
- f3914
    - flags: top simplicial
    - normal:   -0.9999   -0.016  0.00529
    - offset: -0.006005695
    - vertices: p3779(v730) p495(v392) p2698(v1)
    - neighboring facets: f4711 f3915 f3912
- f3915
    - flags: bottom simplicial
    - normal:   -0.9999 -0.01345 0.008146
    - offset: -0.00589974
    - vertices: p3779(v730) p2802(v555) p2698(v1)
    - neighboring facets: f3910 f3914 f3916
- f3916
    - flags: top simplicial
    - normal:   -0.9988 0.003177  0.04814
    - offset: -0.005105219
    - vertices: p3779(v730) p2802(v555) p3398(v264)
    - neighboring facets: f2977 f3917 f3915
- f3917
    - flags: bottom simplicial
    - normal:   -0.9982 -0.03039   0.0525
    - offset: -0.00630645
    - vertices: p3779(v730) p129(v557) p3398(v264)
    - neighboring facets: f2982 f3916 f3913
- f3918
    - flags: bottom simplicial
    - normal:    0.0423 -0.03178   0.9986
    - offset: -0.001553174
    - vertices: p1970(v731) p2566(v396) p3988(v267)
    - neighboring facets: f5161 f3919 f3920
- f3919
    - flags: top simplicial
    - normal:   0.03512 -0.03089   0.9989
    - offset: -0.001530083
    - vertices: p1970(v731) p3022(v559) p3988(v267)
    - neighboring facets: f3717 f3918 f4716
- f3920
    - flags: bottom simplicial
    - normal:   0.05691 -0.03827   0.9976
    - offset: -0.001753201
    - vertices: p1970(v731) p2224(v558) p2566(v396)
    - neighboring facets: f2987 f3918 f3923
- f3922
    - flags: bottom simplicial
    - normal:   0.03718 -0.04612   0.9982
    - offset: -0.002027934
    - vertices: p1970(v731) p1777(v365) p3903(v6)
    - neighboring facets: f4462 f3923 f4715
- f3923
    - flags: top simplicial
    - normal:   0.03952 -0.04601   0.9982
    - offset: -0.002022358
    - vertices: p1970(v731) p2224(v558) p3903(v6)
    - neighboring facets: f2988 f3922 f3920
- f3928
    - flags: top simplicial
    - normal:    0.3702  -0.1286     0.92
    - offset: -0.005089595
    - vertices: p2636(v733) p1861(v568) p1892(v270)
    - neighboring facets: f5610 f5281 f3930
- f3930
    - flags: bottom simplicial
    - normal:    0.4084  -0.1507   0.9003
    - offset: -0.005953345
    - vertices: p2636(v733) p1861(v568) p2028(v405)
    - neighboring facets: f4855 f4728 f3928
- f3931
    - flags: bottom simplicial
    - normal:   0.09768 -0.08433   0.9916
    - offset: -0.003297801
    - vertices: p1686(v734) p3000(v401) p3903(v6)
    - neighboring facets: f3029 f4463 f3932
- f3932
    - flags: bottom simplicial
    - normal:    0.0981 -0.08512   0.9915
    - offset: -0.003325333
    - vertices: p1686(v734) p1146(v570) p3000(v401)
    - neighboring facets: f3939 f3931 f3941
- f3935
    - flags: top simplicial
    - normal:   0.03823 -0.08783   0.9954
    - offset: -0.003476152
    - vertices: p1686(v734) p1340(v569) p2113(v175)
    - neighboring facets: f3047 f5286 f3940
- f3937
    - flags: bottom simplicial
    - normal:   0.09771 -0.09606   0.9906
    - offset: -0.003716555
    - vertices: p2836(v735) p1340(v569) p2458(v406)
    - neighboring facets: f3047 f3938 f3940
- f3938
    - flags: bottom simplicial
    - normal:    0.1111 -0.09375   0.9894
    - offset: -0.003626448
    - vertices: p2836(v735) p2458(v406) p3000(v401)
    - neighboring facets: f3020 f3939 f3937
- f3939
    - flags: top simplicial
    - normal:    0.1101  -0.0932   0.9895
    - offset: -0.003607174
    - vertices: p2836(v735) p1146(v570) p3000(v401)
    - neighboring facets: f3932 f3938 f3941
- f3940
    - flags: bottom simplicial
    - normal:   0.09237 -0.09067   0.9916
    - offset: -0.00352574
    - vertices: p2836(v735) p1686(v734) p1340(v569)
    - neighboring facets: f3935 f3937 f3941
- f3941
    - flags: top simplicial
    - normal:    0.0943 -0.08958   0.9915
    - offset: -0.003485536
    - vertices: p2836(v735) p1686(v734) p1146(v570)
    - neighboring facets: f3932 f3939 f3940
- f3942
    - flags: bottom simplicial
    - normal:    0.5354 -0.07587   0.8412
    - offset: -0.004929131
    - vertices: p1820(v736) p535(v407) p3249(v163)
    - neighboring facets: f2153 f4736 f5624
- f3952
    - flags: bottom simplicial
    - normal:    0.9465 -0.09543   0.3083
    - offset: -0.009596349
    - vertices: p826(v738) p393(v572) p3151(v166)
    - neighboring facets: f3063 f4021 f3953
- f3953
    - flags: top simplicial
    - normal:    0.9465  -0.1055   0.3049
    - offset: -0.009656847
    - vertices: p826(v738) p393(v572) p2090(v414)
    - neighboring facets: f3960 f4745 f3952
- f3956
    - flags: top simplicial
    - normal:    0.9598  -0.1099   0.2582
    - offset: -0.009931793
    - vertices: p2666(v739) p393(v572) p2890(v412)
    - neighboring facets: f3060 f3957 f3960
- f3957
    - flags: bottom simplicial
    - normal:    0.9599  -0.1101   0.2577
    - offset: -0.009935652
    - vertices: p2666(v739) p2595(v573) p2890(v412)
    - neighboring facets: f3065 f3956 f3958
- f3958
    - flags: top simplicial
    - normal:    0.9595  -0.1115   0.2588
    - offset: -0.009937884
    - vertices: p2666(v739) p2595(v573) p3124(v280)
    - neighboring facets: f5629 f3959 f3957
- f3959
    - flags: bottom simplicial
    - normal:    0.9447  -0.1072   0.3099
    - offset: -0.009637536
    - vertices: p2666(v739) p2090(v414) p3124(v280)
    - neighboring facets: f3087 f3958 f3960
- f3960
    - flags: bottom simplicial
    - normal:    0.9467   -0.106   0.3042
    - offset: -0.009663153
    - vertices: p2666(v739) p393(v572) p2090(v414)
    - neighboring facets: f3953 f3959 f3956
- f3961
    - flags: bottom simplicial
    - normal:    0.9525  -0.1164   0.2815
    - offset: -0.009855133
    - vertices: p2333(v740) p3124(v280) p3796(v167)
    - neighboring facets: f3085 f4750 f5301
- f3967
    - flags: bottom simplicial
    - normal:    0.9586  -0.1316   0.2526
    - offset: -0.01019513
    - vertices: p1647(v742) p1531(v431) p702(v48)
    - neighboring facets: f3190 f3971 f4757
- f3968
    - flags: top simplicial
    - normal:    0.9677  -0.1239   0.2194
    - offset: -0.01024058
    - vertices: p1647(v742) p2595(v573) p888(v411)
    - neighboring facets: f4935 f5716 f3973
- f3971
    - flags: top simplicial
    - normal:    0.9776  -0.1317   0.1641
    - offset: -0.01063292
    - vertices: p1647(v742) p1460(v625) p702(v48)
    - neighboring facets: f3342 f3967 f5718
- f3973
    - flags: bottom simplicial
    - normal:    0.9666  -0.1237   0.2244
    - offset: -0.01021188
    - vertices: p1647(v742) p2595(v573) p1648(v413)
    - neighboring facets: f3073 f5633 f3968
- f3975
    - flags: bottom simplicial
    - normal:    0.9398  -0.1215   0.3194
    - offset: -0.00970818
    - vertices: p143(v743) p1582(v575) p3796(v167)
    - neighboring facets: f3979 f3977 f4780
- f3977
    - flags: top simplicial
    - normal:    0.9485  -0.1161   0.2948
    - offset: -0.009782721
    - vertices: p143(v743) p2497(v576) p3796(v167)
    - neighboring facets: f3085 f3975 f3987
- f3979
    - flags: top simplicial
    - normal:    0.9477  -0.1235   0.2942
    - offset: -0.00986661
    - vertices: p1917(v744) p1582(v575) p3796(v167)
    - neighboring facets: f3975 f5634 f4756
- f3984
    - flags: bottom simplicial
    - normal:    0.9202  -0.1113   0.3752
    - offset: -0.009289243
    - vertices: p3911(v745) p1195(v577) p3852(v415)
    - neighboring facets: f3107 f3986 f3985
- f3985
    - flags: top simplicial
    - normal:    0.9249  -0.1109   0.3638
    - offset: -0.00935278
    - vertices: p3911(v745) p1195(v577) p2497(v576)
    - neighboring facets: f3092 f3987 f3984
- f3986
    - flags: top simplicial
    - normal:    0.9271  -0.1134   0.3573
    - offset: -0.009411598
    - vertices: p3911(v745) p143(v743) p3852(v415)
    - neighboring facets: f4777 f3984 f3987
- f3987
    - flags: bottom simplicial
    - normal:    0.9287  -0.1131   0.3532
    - offset: -0.009432861
    - vertices: p3911(v745) p143(v743) p2497(v576)
    - neighboring facets: f3977 f3985 f3986
- f3988
    - flags: top simplicial
    - normal:    0.7732   -0.105   0.6254
    - offset: -0.00745903
    - vertices: p3456(v746) p1653(v578) p2016(v173)
    - neighboring facets: f3097 f3990 f3989
- f3989
    - flags: bottom simplicial
    - normal:    0.7872  -0.1059   0.6075
    - offset: -0.007615377
    - vertices: p3456(v746) p1653(v578) p2879(v416)
    - neighboring facets: f4006 f4766 f3988
- f3990
    - flags: bottom simplicial
    - normal:    0.7691  -0.1036   0.6307
    - offset: -0.007392557
    - vertices: p3456(v746) p1645(v592) p2016(v173)
    - neighboring facets: f3170 f3988 f4767
- f3993
    - flags: top simplicial
    - normal:    0.7658  -0.1343    0.629
    - offset: -0.008022133
    - vertices: p392(v747) p1383(v424) p1156(v287)
    - neighboring facets: f2246 f3994 f4769
- f3994
    - flags: bottom simplicial
    - normal:     0.771  -0.1307   0.6233
    - offset: -0.007988499
    - vertices: p392(v747) p1653(v578) p1156(v287)
    - neighboring facets: f3097 f3993 f4773
- f3999
    - flags: top simplicial
    - normal:    0.9247  -0.1351    0.356
    - offset: -0.009732477
    - vertices: p2033(v748) p1456(v430) p2229(v98)
    - neighboring facets: f4038 f4009 f4775
- f4004
    - flags: bottom simplicial
    - normal:    0.9171  -0.1256   0.3783
    - offset: -0.00944816
    - vertices: p2070(v749) p2033(v748) p1582(v575)
    - neighboring facets: f4776 f4781 f4005
- f4005
    - flags: top simplicial
    - normal:     0.886  -0.1213   0.4475
    - offset: -0.00897232
    - vertices: p2070(v749) p2033(v748) p2681(v579)
    - neighboring facets: f4010 f4013 f4004
- f4006
    - flags: top simplicial
    - normal:    0.8182  -0.1096   0.5644
    - offset: -0.008001954
    - vertices: p468(v750) p1653(v578) p2879(v416)
    - neighboring facets: f3989 f5310 f4008
- f4008
    - flags: bottom simplicial
    - normal:    0.8722  -0.1209    0.474
    - offset: -0.008801446
    - vertices: p468(v750) p1653(v578) p2229(v98)
    - neighboring facets: f4772 f4009 f4006
- f4009
    - flags: top simplicial
    - normal:    0.8761  -0.1206   0.4669
    - offset: -0.008838596
    - vertices: p468(v750) p2033(v748) p2229(v98)
    - neighboring facets: f3999 f4008 f4010
- f4010
    - flags: bottom simplicial
    - normal:    0.8761  -0.1205   0.4669
    - offset: -0.008836934
    - vertices: p468(v750) p2033(v748) p2681(v579)
    - neighboring facets: f4005 f4783 f4009
- f4011
    - flags: top simplicial
    - normal:    0.8884  -0.1106   0.4455
    - offset: -0.008844296
    - vertices: p914(v751) p1960(v580) p3852(v415)
    - neighboring facets: f3107 f4778 f4015
- f4013
    - flags: top simplicial
    - normal:    0.8867  -0.1137   0.4482
    - offset: -0.008865895
    - vertices: p914(v751) p2070(v749) p2681(v579)
    - neighboring facets: f4005 f5307 f4779
- f4015
    - flags: bottom simplicial
    - normal:    0.8714  -0.1105   0.4779
    - offset: -0.008631328
    - vertices: p914(v751) p1960(v580) p2879(v416)
    - neighboring facets: f3118 f5309 f4011
- f4016
    - flags: top simplicial
    - normal:    0.8874 -0.09832   0.4503
    - offset: -0.008741164
    - vertices: p1044(v752) p1403(v417) p3151(v166)
    - neighboring facets: f2202 f4017 f4018
- f4017
    - flags: bottom simplicial
    - normal:    0.8887 -0.09904   0.4477
    - offset: -0.008761066
    - vertices: p1044(v752) p571(v581) p3151(v166)
    - neighboring facets: f4019 f4016 f4018
- f4018
    - flags: top simplicial
    - normal:    0.8839  -0.1002   0.4569
    - offset: -0.008705576
    - vertices: p1044(v752) p571(v581) p1403(v417)
    - neighboring facets: f3111 f4016 f4017
- f4019
    - flags: top simplicial
    - normal:    0.9087  -0.1031   0.4046
    - offset: -0.009059281
    - vertices: p286(v753) p571(v581) p3151(v166)
    - neighboring facets: f4017 f4021 f4020
- f4020
    - flags: bottom simplicial
    - normal:    0.9073  -0.1037   0.4076
    - offset: -0.009044853
    - vertices: p286(v753) p571(v581) p1195(v577)
    - neighboring facets: f3114 f4022 f4019
- f4021
    - flags: bottom simplicial
    - normal:    0.9215  -0.1043   0.3742
    - offset: -0.009250447
    - vertices: p286(v753) p826(v738) p3151(v166)
    - neighboring facets: f3952 f4019 f4022
- f4022
    - flags: top simplicial
    - normal:    0.9215  -0.1043   0.3742
    - offset: -0.009250452
    - vertices: p286(v753) p826(v738) p1195(v577)
    - neighboring facets: f4746 f4020 f4021
- f4023
    - flags: bottom simplicial
    - normal:    0.9816  -0.1125   0.1545
    - offset: -0.01049883
    - vertices: p412(v754) p2592(v282) p3162(v89)
    - neighboring facets: f1470 f5312 f4024
- f4024
    - flags: bottom simplicial
    - normal:    0.9816  -0.1125   0.1545
    - offset: -0.01049885
    - vertices: p412(v754) p1514(v583) p2592(v282)
    - neighboring facets: f3120 f4023 f4787
- f4027
    - flags: top simplicial
    - normal:    0.9513    -0.19   0.2426
    - offset: -0.01145998
    - vertices: p639(v755) p3933(v290) p677(v88)
    - neighboring facets: f4079 f4028 f4031
- f4028
    - flags: bottom simplicial
    - normal:    0.9518  -0.1935   0.2378
    - offset: -0.01156156
    - vertices: p639(v755) p3924(v585) p677(v88)
    - neighboring facets: f4034 f4027 f4029
- f4029
    - flags: top simplicial
    - normal:    0.9247  -0.2768   0.2612
    - offset: -0.0133738
    - vertices: p639(v755) p3924(v585) p3953(v177)
    - neighboring facets: f3128 f4030 f4028
- f4030
    - flags: top simplicial
    - normal:    0.9103  -0.2716   0.3124
    - offset: -0.01300255
    - vertices: p639(v755) p3953(v177) p3711(v172)
    - neighboring facets: f873 f4031 f4029
- f4031
    - flags: bottom simplicial
    - normal:    0.9095  -0.2691   0.3169
    - offset: -0.01292231
    - vertices: p639(v755) p3933(v290) p3711(v172)
    - neighboring facets: f1503 f4030 f4027
- f4032
    - flags: bottom simplicial
    - normal:    0.9717  -0.1976   0.1294
    - offset: -0.01217909
    - vertices: p2121(v756) p2964(v307) p677(v88)
    - neighboring facets: f2357 f4034 f4033
- f4033
    - flags: bottom simplicial
    - normal:    0.9676  -0.2344  0.09365
    - offset: -0.01318055
    - vertices: p2121(v756) p84(v586) p2964(v307)
    - neighboring facets: f3134 f4032 f4037
- f4034
    - flags: top simplicial
    - normal:     0.952  -0.1937   0.2372
    - offset: -0.01157128
    - vertices: p2121(v756) p3924(v585) p677(v88)
    - neighboring facets: f4028 f4032 f4035
- f4035
    - flags: bottom simplicial
    - normal:    0.9403  -0.2761   0.1991
    - offset: -0.01365365
    - vertices: p2121(v756) p3924(v585) p1022(v420)
    - neighboring facets: f3129 f4036 f4034
- f4036
    - flags: top simplicial
    - normal:    0.9416  -0.2784   0.1894
    - offset: -0.01375386
    - vertices: p2121(v756) p3104(v435) p1022(v420)
    - neighboring facets: f3129 f4035 f4037
- f4037
    - flags: top simplicial
    - normal:    0.9428  -0.2785   0.1832
    - offset: -0.01378681
    - vertices: p2121(v756) p84(v586) p3104(v435)
    - neighboring facets: f3141 f4036 f4033
- f4038
    - flags: bottom simplicial
    - normal:     0.924  -0.1378   0.3566
    - offset: -0.009783884
    - vertices: p3093(v757) p1456(v430) p2229(v98)
    - neighboring facets: f3999 f4771 f4039
- f4039
    - flags: top simplicial
    - normal:    0.9272  -0.1441   0.3457
    - offset: -0.009970148
    - vertices: p3093(v757) p1456(v430) p3630(v174)
    - neighboring facets: f3178 f4042 f4038
- f4042
    - flags: bottom simplicial
    - normal:    0.9189  -0.1581   0.3616
    - offset: -0.01018537
    - vertices: p3093(v757) p3192(v594) p3630(v174)
    - neighboring facets: f3182 f4039 f4075
- f4044
    - flags: top simplicial
    - normal:    0.4715 -0.07907   0.8783
    - offset: -0.004450599
    - vertices: p19(v758) p2180(v409) p3934(v276)
    - neighboring facets: f2155 f4046 f4045
- f4045
    - flags: top simplicial
    - normal:     0.476 -0.08103   0.8757
    - offset: -0.004527412
    - vertices: p19(v758) p87(v589) p2180(v409)
    - neighboring facets: f3153 f4044 f4047
- f4046
    - flags: top simplicial
    - normal:    0.4785 -0.07663   0.8747
    - offset: -0.004441397
    - vertices: p19(v758) p3934(v276) p3249(v163)
    - neighboring facets: f1423 f4047 f4044
- f4047
    - flags: bottom simplicial
    - normal:    0.4829 -0.07705   0.8723
    - offset: -0.004481776
    - vertices: p19(v758) p87(v589) p3249(v163)
    - neighboring facets: f4735 f4046 f4045
- f4048
    - flags: top simplicial
    - normal:    0.6145 -0.09455   0.7833
    - offset: -0.005857479
    - vertices: p2619(v759) p2116(v571) p1156(v287)
    - neighboring facets: f5300 f4050 f4732
- f4050
    - flags: bottom simplicial
    - normal:    0.6689  -0.1309   0.7317
    - offset: -0.00711502
    - vertices: p2619(v759) p2933(v426) p1156(v287)
    - neighboring facets: f2246 f4048 f5617
- f4052
    - flags: top simplicial
    - normal:    0.6924 -0.08367   0.7166
    - offset: -0.006452806
    - vertices: p2232(v760) p2393(v423) p3381(v286)
    - neighboring facets: f4068 f4053 f4054
- f4053
    - flags: bottom simplicial
    - normal:    0.6723 -0.08706   0.7351
    - offset: -0.006266276
    - vertices: p2232(v760) p2940(v590) p3381(v286)
    - neighboring facets: f3167 f4052 f4055
- f4054
    - flags: bottom simplicial
    - normal:    0.6755 -0.06791   0.7342
    - offset: -0.006208986
    - vertices: p2232(v760) p2393(v423) p2866(v51)
    - neighboring facets: f2230 f4055 f4052
- f4055
    - flags: top simplicial
    - normal:     0.639  -0.0803    0.765
    - offset: -0.005900967
    - vertices: p2232(v760) p2940(v590) p2866(v51)
    - neighboring facets: f4064 f4054 f4053
- f4057
    - flags: bottom simplicial
    - normal:    0.6823 -0.09344    0.725
    - offset: -0.006403467
    - vertices: p3969(v761) p2454(v591) p1156(v287)
    - neighboring facets: f3164 f4066 f4058
- f4058
    - flags: top simplicial
    - normal:    0.6763 -0.09188   0.7309
    - offset: -0.006332455
    - vertices: p3969(v761) p2454(v591) p3381(v286)
    - neighboring facets: f3167 f4067 f4057
- f4061
    - flags: top simplicial
    - normal:    0.6714 -0.09128   0.7354
    - offset: -0.006280206
    - vertices: p3754(v762) p2454(v591) p3347(v427)
    - neighboring facets: f3164 f5297 f4062
- f4062
    - flags: bottom simplicial
    - normal:    0.6716 -0.09126   0.7352
    - offset: -0.006282465
    - vertices: p3754(v762) p2454(v591) p2940(v590)
    - neighboring facets: f3167 f4064 f4061
- f4064
    - flags: bottom simplicial
    - normal:    0.6205 -0.08364   0.7798
    - offset: -0.005736791
    - vertices: p3754(v762) p2940(v590) p2866(v51)
    - neighboring facets: f4055 f5622 f4062
- f4065
    - flags: top simplicial
    - normal:    0.7045 -0.09609   0.7032
    - offset: -0.006650587
    - vertices: p827(v763) p1645(v592) p1156(v287)
    - neighboring facets: f3170 f4066 f4071
- f4066
    - flags: bottom simplicial
    - normal:     0.685 -0.09371   0.7225
    - offset: -0.006432197
    - vertices: p827(v763) p3969(v761) p1156(v287)
    - neighboring facets: f4057 f4065 f4067
- f4067
    - flags: top simplicial
    - normal:    0.6859  -0.0931   0.7217
    - offset: -0.006436854
    - vertices: p827(v763) p3969(v761) p3381(v286)
    - neighboring facets: f4058 f4068 f4066
- f4068
    - flags: bottom simplicial
    - normal:    0.7148    -0.09   0.6935
    - offset: -0.00671561
    - vertices: p827(v763) p2393(v423) p3381(v286)
    - neighboring facets: f4052 f4067 f4069
- f4069
    - flags: bottom simplicial
    - normal:    0.7781 -0.09416    0.621
    - offset: -0.00741052
    - vertices: p827(v763) p2207(v587) p2393(v423)
    - neighboring facets: f3143 f4068 f5316
- f4071
    - flags: bottom simplicial
    - normal:    0.7747 -0.09913   0.6246
    - offset: -0.007407908
    - vertices: p827(v763) p1645(v592) p2879(v416)
    - neighboring facets: f4765 f4791 f4065
- f4074
    - flags: bottom simplicial
    - normal:    0.8994  -0.1616   0.4062
    - offset: -0.01002649
    - vertices: p2184(v764) p3093(v757) p2864(v588)
    - neighboring facets: f4770 f4795 f4075
- f4075
    - flags: top simplicial
    - normal:    0.9182  -0.1584   0.3631
    - offset: -0.01018504
    - vertices: p2184(v764) p3093(v757) p3192(v594)
    - neighboring facets: f4042 f4794 f4074
- f4076
    - flags: top simplicial
    - normal:     0.954  -0.1607   0.2532
    - offset: -0.01076538
    - vertices: p1729(v765) p237(v593) p1761(v429)
    - neighboring facets: f3177 f4078 f4077
- f4077
    - flags: top simplicial
    - normal:    0.9525   -0.163   0.2574
    - offset: -0.01079564
    - vertices: p1729(v765) p3192(v594) p237(v593)
    - neighboring facets: f3182 f4076 f4080
- f4078
    - flags: top simplicial
    - normal:    0.9603   -0.168   0.2229
    - offset: -0.01107142
    - vertices: p1729(v765) p1761(v429) p677(v88)
    - neighboring facets: f2261 f4079 f4076
- f4079
    - flags: bottom simplicial
    - normal:    0.9513  -0.1888   0.2435
    - offset: -0.01142834
    - vertices: p1729(v765) p3933(v290) p677(v88)
    - neighboring facets: f4027 f4078 f4080
- f4080
    - flags: bottom simplicial
    - normal:    0.9505  -0.1859   0.2491
    - offset: -0.01133618
    - vertices: p1729(v765) p3192(v594) p3933(v290)
    - neighboring facets: f4793 f4079 f4077
- f4081
    - flags: top simplicial
    - normal:    0.9583  -0.1409   0.2488
    - offset: -0.01038078
    - vertices: p3015(v766) p1456(v430) p702(v48)
    - neighboring facets: f2269 f4082 f4083
- f4082
    - flags: bottom simplicial
    - normal:    0.9583  -0.1409   0.2488
    - offset: -0.01038098
    - vertices: p3015(v766) p164(v595) p702(v48)
    - neighboring facets: f3186 f4081 f4083
- f4083
    - flags: top simplicial
    - normal:    0.9583  -0.1409   0.2488
    - offset: -0.01038091
    - vertices: p3015(v766) p164(v595) p1456(v430)
    - neighboring facets: f3188 f4081 f4082
- f4084
    - flags: top simplicial
    - normal:   0.02558  -0.1517   0.9881
    - offset: -0.005902933
    - vertices: p3609(v767) p324(v601) p3666(v291)
    - neighboring facets: f3215 f4799 f4085
- f4085
    - flags: bottom simplicial
    - normal:   0.04034  -0.1615   0.9861
    - offset: -0.006262367
    - vertices: p3609(v767) p324(v601) p2519(v434)
    - neighboring facets: f5343 f5824 f4084
- f4089
    - flags: top simplicial
    - normal:    -0.276  -0.1891   0.9424
    - offset: -0.008154007
    - vertices: p404(v768) p3621(v243) p924(v42)
    - neighboring facets: f3663 f4090 f4091
- f4090
    - flags: bottom simplicial
    - normal:   -0.2578  -0.1964    0.946
    - offset: -0.008392843
    - vertices: p404(v768) p1577(v599) p924(v42)
    - neighboring facets: f3203 f4089 f4091
- f4091
    - flags: top simplicial
    - normal:    -0.275  -0.2128   0.9376
    - offset: -0.009106207
    - vertices: p404(v768) p1577(v599) p3621(v243)
    - neighboring facets: f3201 f4089 f4090
- f4092
    - flags: top simplicial
    - normal:   -0.2532  -0.2493   0.9348
    - offset: -0.0105559
    - vertices: p1228(v769) p1573(v522) p2604(v369)
    - neighboring facets: f2779 f4093 f5356
- f4093
    - flags: bottom simplicial
    - normal:   -0.2754  -0.2219   0.9354
    - offset: -0.009476087
    - vertices: p1228(v769) p1577(v599) p2604(v369)
    - neighboring facets: f3201 f4092 f4094
- f4094
    - flags: top simplicial
    - normal:    -0.145  -0.2326   0.9617
    - offset: -0.009566112
    - vertices: p1228(v769) p1577(v599) p3060(v176)
    - neighboring facets: f3204 f5668 f4093
- f4099
    - flags: top simplicial
    - normal:   -0.2249  -0.8249   0.5187
    - offset: -0.03583968
    - vertices: p654(v770) p938(v438) p434(v12)
    - neighboring facets: f2924 f5361 f4100
- f4100
    - flags: top simplicial
    - normal:   -0.0597  -0.6607   0.7483
    - offset: -0.02795804
    - vertices: p654(v770) p3051(v600) p938(v438)
    - neighboring facets: f3213 f4099 f5357
- f4101
    - flags: top simplicial
    - normal:    0.5742  -0.2388   0.7831
    - offset: -0.009919567
    - vertices: p3927(v771) p3195(v437) p1757(v100)
    - neighboring facets: f2303 f5337 f4103
- f4103
    - flags: top simplicial
    - normal:     0.501  -0.2254   0.8356
    - offset: -0.009142191
    - vertices: p3927(v771) p3100(v604) p3195(v437)
    - neighboring facets: f4852 f4101 f4807
- f4122
    - flags: bottom simplicial
    - normal:    0.5594  -0.1948   0.8057
    - offset: -0.008045302
    - vertices: p1490(v774) p3195(v437) p2040(v179)
    - neighboring facets: f2304 f4124 f4853
- f4124
    - flags: bottom simplicial
    - normal:    0.5703  -0.1907    0.799
    - offset: -0.007910261
    - vertices: p1490(v774) p2040(v179) p3449(v26)
    - neighboring facets: f886 f4125 f4122
- f4125
    - flags: top simplicial
    - normal:    0.5291  -0.1802   0.8292
    - offset: -0.007372648
    - vertices: p1490(v774) p1504(v404) p3449(v26)
    - neighboring facets: f2156 f4124 f4126
- f4126
    - flags: bottom simplicial
    - normal:    0.5233  -0.1789   0.8332
    - offset: -0.007300739
    - vertices: p1490(v774) p1504(v404) p2629(v55)
    - neighboring facets: f5277 f4127 f4125
- f4127
    - flags: top simplicial
    - normal:    0.5223  -0.1788   0.8338
    - offset: -0.007296858
    - vertices: p1490(v774) p3100(v604) p2629(v55)
    - neighboring facets: f4129 f4126 f4854
- f4128
    - flags: top simplicial
    - normal:    0.4828  -0.1679   0.8595
    - offset: -0.006775947
    - vertices: p1859(v775) p2028(v405) p2629(v55)
    - neighboring facets: f5278 f4129 f5375
- f4129
    - flags: bottom simplicial
    - normal:    0.5182  -0.1783   0.8365
    - offset: -0.00726506
    - vertices: p1859(v775) p3100(v604) p2629(v55)
    - neighboring facets: f4127 f4128 f5378
- f4133
    - flags: bottom simplicial
    - normal:   -0.9044   0.4013  -0.1449
    - offset: -0.004517407
    - vertices: p3493(v776) p1952(v606) p2371(v298)
    - neighboring facets: f3249 f4135 f4134
- f4134
    - flags: top simplicial
    - normal:    -0.898   0.4369 -0.05172
    - offset: -0.003926211
    - vertices: p3493(v776) p1952(v606) p169(v440)
    - neighboring facets: f3250 f4136 f4133
- f4135
    - flags: top simplicial
    - normal:   -0.9196   0.3927 -0.01349
    - offset: -0.003562347
    - vertices: p3493(v776) p766(v605) p2371(v298)
    - neighboring facets: f3257 f4133 f4136
- f4136
    - flags: bottom simplicial
    - normal:   -0.9188   0.3945 -0.01134
    - offset: -0.003550154
    - vertices: p3493(v776) p766(v605) p169(v440)
    - neighboring facets: f3245 f4134 f4135
- f4137
    - flags: top simplicial
    - normal:   -0.5831    0.807 -0.09356
    - offset: -0.005594232
    - vertices: p2550(v777) p907(v444) p3900(v63)
    - neighboring facets: f2340 f4138 f5478
- f4138
    - flags: bottom simplicial
    - normal:   -0.5476   0.8265  -0.1304
    - offset: -0.006019119
    - vertices: p2550(v777) p3367(v609) p3900(v63)
    - neighboring facets: f3262 f4137 f5479
- f4145
    - flags: top simplicial
    - normal:     0.988  -0.1461  0.05069
    - offset: -0.01144856
    - vertices: p3537(v778) p471(v308) p3539(v188)
    - neighboring facets: f3337 f5106 f4146
- f4146
    - flags: top simplicial
    - normal:    0.9868  -0.1529   0.0541
    - offset: -0.01156767
    - vertices: p3537(v778) p2286(v448) p471(v308)
    - neighboring facets: f2358 f4145 f4863
- f4147
    - flags: bottom simplicial
    - normal:    0.9857  -0.1616  0.04879
    - offset: -0.01177864
    - vertices: p1963(v779) p2286(v448) p2964(v307)
    - neighboring facets: f2357 f4148 f4864
- f4148
    - flags: top simplicial
    - normal:    0.9853  -0.1649  0.04367
    - offset: -0.01187836
    - vertices: p1963(v779) p656(v610) p2964(v307)
    - neighboring facets: f3266 f4147 f4151
- f4150
    - flags: top simplicial
    - normal:    0.9863  -0.1644 -0.01049
    - offset: -0.0121261
    - vertices: p1963(v779) p1592(v446) p2102(v24)
    - neighboring facets: f2350 f4151 f4152
- f4151
    - flags: bottom simplicial
    - normal:     0.983  -0.1834 -0.003916
    - offset: -0.01251274
    - vertices: p1963(v779) p656(v610) p2102(v24)
    - neighboring facets: f3268 f4150 f4148
- f4152
    - flags: bottom simplicial
    - normal:    0.9874  -0.1581 -0.01076
    - offset: -0.01198771
    - vertices: p1963(v779) p1592(v446) p3804(v193)
    - neighboring facets: f2351 f4153 f4150
- f4153
    - flags: top simplicial
    - normal:    0.9874   -0.158  -0.0101
    - offset:  -0.011981
    - vertices: p1963(v779) p3537(v778) p3804(v193)
    - neighboring facets: f5107 f4152 f4865
- f4154
    - flags: bottom simplicial
    - normal:    0.5718 -0.07912  -0.8166
    - offset: -0.01342884
    - vertices: p88(v780) p688(v498) p2002(v449)
    - neighboring facets: f2637 f4159 f4156
- f4155
    - flags: top simplicial
    - normal:    0.5604 -0.08295  -0.8241
    - offset: -0.01342387
    - vertices: p88(v780) p1732(v612) p1009(v75)
    - neighboring facets: f3277 f4158 f4157
- f4156
    - flags: top simplicial
    - normal:    0.5585  -0.0807  -0.8256
    - offset: -0.01340748
    - vertices: p88(v780) p688(v498) p1168(v350)
    - neighboring facets: f4420 f4157 f4154
- f4157
    - flags: bottom simplicial
    - normal:    0.5587 -0.08194  -0.8253
    - offset: -0.01341456
    - vertices: p88(v780) p1732(v612) p1168(v350)
    - neighboring facets: f3277 f4156 f4155
- f4158
    - flags: bottom simplicial
    - normal:    0.5862 -0.08525  -0.8057
    - offset: -0.01349052
    - vertices: p88(v780) p2397(v340) p1009(v75)
    - neighboring facets: f1778 f4155 f4159
- f4159
    - flags: bottom simplicial
    - normal:    0.5966   -0.086  -0.7979
    - offset: -0.01351292
    - vertices: p88(v780) p2002(v449) p2397(v340)
    - neighboring facets: f3274 f4158 f4154
- f4160
    - flags: top simplicial
    - normal:    0.7333 -0.09753  -0.6729
    - offset: -0.01368403
    - vertices: p1353(v781) p3198(v618) p663(v450)
    - neighboring facets: f3306 f4867 f4911
- f4162
    - flags: bottom simplicial
    - normal:    0.7944  -0.1006   -0.599
    - offset: -0.0136254
    - vertices: p1353(v781) p2742(v619) p2872(v452)
    - neighboring facets: f4916 f4871 f4909
- f4173
    - flags: bottom simplicial
    - normal:    0.8064  -0.1255  -0.5778
    - offset: -0.01397954
    - vertices: p3860(v783) p1446(v226) p1332(v130)
    - neighboring facets: f1791 f4189 f4174
- f4174
    - flags: bottom simplicial
    - normal:    0.8059  -0.1326   -0.577
    - offset: -0.0141257
    - vertices: p3860(v783) p3223(v458) p1446(v226)
    - neighboring facets: f3396 f4173 f5402
- f4183
    - flags: top simplicial
    - normal:    0.8589  -0.1134  -0.4994
    - offset: -0.01351433
    - vertices: p2642(v785) p325(v617) p1823(v312)
    - neighboring facets: f3301 f5410 f4900
- f4186
    - flags: bottom simplicial
    - normal:    0.8693  -0.1197  -0.4795
    - offset: -0.01353953
    - vertices: p2746(v786) p325(v617) p1005(v451)
    - neighboring facets: f3301 f4907 f4187
- f4187
    - flags: bottom simplicial
    - normal:    0.8671  -0.1194  -0.4836
    - offset: -0.01355012
    - vertices: p2746(v786) p3773(v784) p325(v617)
    - neighboring facets: f4902 f4186 f4188
- f4188
    - flags: top simplicial
    - normal:    0.8621  -0.1207  -0.4922
    - offset: -0.01360623
    - vertices: p2746(v786) p3773(v784) p1332(v130)
    - neighboring facets: f4870 f4189 f4187
- f4189
    - flags: bottom simplicial
    - normal:    0.8458  -0.1262  -0.5183
    - offset: -0.01380449
    - vertices: p2746(v786) p3860(v783) p1332(v130)
    - neighboring facets: f4173 f4188 f4190
- f4190
    - flags: top simplicial
    - normal:    0.8587  -0.1298  -0.4958
    - offset: -0.01379749
    - vertices: p2746(v786) p3860(v783) p996(v616)
    - neighboring facets: f4895 f4908 f4189
- f4191
    - flags: bottom simplicial
    - normal:    0.6768 -0.08326  -0.7315
    - offset: -0.01360561
    - vertices: p589(v787) p2002(v449) p591(v311)
    - neighboring facets: f2637 f4192 f4193
- f4192
    - flags: top simplicial
    - normal:    0.6812 -0.08417  -0.7272
    - offset: -0.01361265
    - vertices: p589(v787) p3198(v618) p591(v311)
    - neighboring facets: f4912 f4191 f4193
- f4193
    - flags: bottom simplicial
    - normal:    0.6777 -0.08428  -0.7305
    - offset: -0.01360977
    - vertices: p589(v787) p3198(v618) p2002(v449)
    - neighboring facets: f3308 f4191 f4192
- f4195
    - flags: top simplicial
    - normal:    0.8618   0.3276  -0.3872
    - offset: -0.01099511
    - vertices: p2460(v788) p2659(v192) p1289(v8)
    - neighboring facets: f3418 f4197 f4207
- f4197
    - flags: bottom simplicial
    - normal:    0.7368   0.3114  -0.6001
    - offset: -0.01170248
    - vertices: p2460(v788) p2908(v37) p1289(v8)
    - neighboring facets: f531 f4195 f4198
- f4198
    - flags: bottom simplicial
    - normal:    0.7332   0.2969  -0.6118
    - offset: -0.01181828
    - vertices: p2460(v788) p591(v311) p2908(v37)
    - neighboring facets: f1824 f4197 f4913
- f4207
    - flags: bottom simplicial
    - normal:    0.8671 -0.03649  -0.4967
    - offset: -0.01321327
    - vertices: p2652(v790) p2460(v788) p2659(v192)
    - neighboring facets: f4195 f4979 f4921
- f4213
    - flags: top simplicial
    - normal:    0.9854  -0.1175   0.1234
    - offset: -0.01068975
    - vertices: p2079(v791) p1239(v624) p675(v454)
    - neighboring facets: f3334 f4221 f4930
- f4217
    - flags: top simplicial
    - normal:    0.9758  -0.1249   0.1795
    - offset: -0.01045687
    - vertices: p1452(v792) p2448(v622) p888(v411)
    - neighboring facets: f4230 f4936 f4220
- f4218
    - flags: top simplicial
    - normal:      0.98  -0.1194   0.1592
    - offset: -0.01051989
    - vertices: p1452(v792) p2595(v573) p2948(v279)
    - neighboring facets: f3067 f4219 f4937
- f4219
    - flags: bottom simplicial
    - normal:    0.9831  -0.1164   0.1414
    - offset: -0.01058528
    - vertices: p1452(v792) p2079(v791) p2948(v279)
    - neighboring facets: f5425 f4218 f4221
- f4220
    - flags: bottom simplicial
    - normal:    0.9798  -0.1233   0.1575
    - offset: -0.01055927
    - vertices: p1452(v792) p2448(v622) p675(v454)
    - neighboring facets: f4234 f4221 f4217
- f4221
    - flags: top simplicial
    - normal:      0.98  -0.1229   0.1565
    - offset: -0.01056196
    - vertices: p1452(v792) p2079(v791) p675(v454)
    - neighboring facets: f4213 f4220 f4219
- f4225
    - flags: bottom simplicial
    - normal:    0.9893  -0.1378  0.04727
    - offset: -0.01131919
    - vertices: p295(v794) p3539(v188) p2996(v105)
    - neighboring facets: f3320 f4227 f4226
- f4226
    - flags: bottom simplicial
    - normal:    0.9885  -0.1408  0.05514
    - offset: -0.01133456
    - vertices: p295(v794) p1460(v625) p3539(v188)
    - neighboring facets: f3337 f4225 f4229
- f4227
    - flags: top simplicial
    - normal:    0.9895  -0.1329  0.05675
    - offset: -0.01119162
    - vertices: p295(v794) p647(v623) p2996(v105)
    - neighboring facets: f4246 f4225 f4228
- f4228
    - flags: top simplicial
    - normal:    0.9893  -0.1321  0.06185
    - offset: -0.0111523
    - vertices: p295(v794) p1151(v793) p647(v623)
    - neighboring facets: f5430 f4227 f4229
- f4229
    - flags: bottom simplicial
    - normal:    0.9888  -0.1325  0.06934
    - offset: -0.01112444
    - vertices: p295(v794) p1151(v793) p1460(v625)
    - neighboring facets: f5436 f4226 f4228
- f4230
    - flags: bottom simplicial
    - normal:    0.9758  -0.1249   0.1795
    - offset: -0.01045695
    - vertices: p2978(v795) p2448(v622) p888(v411)
    - neighboring facets: f4217 f4946 f4944
- f4234
    - flags: top simplicial
    - normal:    0.9799  -0.1245   0.1561
    - offset: -0.01057899
    - vertices: p1454(v796) p2448(v622) p675(v454)
    - neighboring facets: f4220 f4938 f4945
- f4241
    - flags: bottom simplicial
    - normal:    0.9902  -0.1271  0.05868
    - offset: -0.01110243
    - vertices: p2426(v797) p2662(v626) p675(v454)
    - neighboring facets: f3347 f4939 f4244
- f4244
    - flags: top simplicial
    - normal:    0.9908  -0.1257  0.04971
    - offset: -0.01113057
    - vertices: p2426(v797) p2662(v626) p714(v313)
    - neighboring facets: f3346 f4245 f4241
- f4245
    - flags: top simplicial
    - normal:    0.9904  -0.1303  0.04703
    - offset: -0.01120015
    - vertices: p2426(v797) p714(v313) p2996(v105)
    - neighboring facets: f3322 f4246 f4244
- f4246
    - flags: bottom simplicial
    - normal:    0.9903  -0.1303  0.04728
    - offset: -0.01119912
    - vertices: p2426(v797) p647(v623) p2996(v105)
    - neighboring facets: f4227 f4245 f5711
- f4248
    - flags: top simplicial
    - normal:    0.9876  -0.1326 -0.08433
    - offset: -0.01189487
    - vertices: p480(v798) p1154(v628) p1584(v314)
    - neighboring facets: f3594 f4950 f4249
- f4249
    - flags: bottom simplicial
    - normal:    0.9802  -0.1293  -0.1501
    - offset: -0.01216953
    - vertices: p480(v798) p1154(v628) p2807(v455)
    - neighboring facets: f4251 f4951 f4248
- f4250
    - flags: top simplicial
    - normal:    0.9802  -0.1293  -0.1502
    - offset: -0.01216962
    - vertices: p2600(v799) p2807(v455) p270(v196)
    - neighboring facets: f5469 f4252 f4251
- f4251
    - flags: top simplicial
    - normal:    0.9802  -0.1293  -0.1501
    - offset: -0.01216957
    - vertices: p2600(v799) p1154(v628) p2807(v455)
    - neighboring facets: f4249 f4250 f4253
- f4252
    - flags: bottom simplicial
    - normal:    0.9802  -0.1293  -0.1502
    - offset: -0.01216963
    - vertices: p2600(v799) p3978(v627) p270(v196)
    - neighboring facets: f3353 f4250 f4253
- f4253
    - flags: bottom simplicial
    - normal:    0.9802  -0.1293  -0.1502
    - offset: -0.01216963
    - vertices: p2600(v799) p1154(v628) p3978(v627)
    - neighboring facets: f3358 f4252 f4251
- f4254
    - flags: top simplicial
    - normal:    0.9511  -0.1298  -0.2804
    - offset: -0.01282474
    - vertices: p1844(v800) p1407(v632) p1482(v60)
    - neighboring facets: f4884 f4264 f4261
- f4258
    - flags: bottom simplicial
    - normal:    0.9372  -0.1357  -0.3213
    - offset: -0.01313912
    - vertices: p744(v801) p1407(v632) p357(v456)
    - neighboring facets: f3373 f4259 f4261
- f4259
    - flags: bottom simplicial
    - normal:    0.9356  -0.1464  -0.3212
    - offset: -0.01335001
    - vertices: p744(v801) p357(v456) p748(v315)
    - neighboring facets: f3388 f4896 f4258
- f4261
    - flags: bottom simplicial
    - normal:    0.9335  -0.1329  -0.3329
    - offset: -0.01314222
    - vertices: p744(v801) p1844(v800) p1407(v632)
    - neighboring facets: f4254 f4258 f4264
- f4262
    - flags: bottom simplicial
    - normal:    0.9138  -0.1293  -0.3851
    - offset: -0.01332559
    - vertices: p744(v801) p996(v616) p1005(v451)
    - neighboring facets: f4906 f4263 f4897
- f4263
    - flags: bottom simplicial
    - normal:    0.9268  -0.1304  -0.3521
    - offset: -0.01318898
    - vertices: p744(v801) p1005(v451) p1482(v60)
    - neighboring facets: f5395 f4264 f4262
- f4264
    - flags: top simplicial
    - normal:    0.9282  -0.1308  -0.3483
    - offset: -0.01317826
    - vertices: p744(v801) p1844(v800) p1482(v60)
    - neighboring facets: f4254 f4263 f4261
- f4268
    - flags: bottom simplicial
    - normal:    0.9546  -0.2426   -0.173
    - offset: -0.01472726
    - vertices: p3715(v802) p1159(v495) p3965(v346)
    - neighboring facets: f2618 f4279 f4954
- f4270
    - flags: bottom simplicial
    - normal:     0.968  -0.1441  -0.2056
    - offset: -0.01269363
    - vertices: p3010(v803) p2377(v634) p965(v317)
    - neighboring facets: f5006 f5534 f4274
- f4273
    - flags: bottom simplicial
    - normal:    0.9473  -0.1663  -0.2738
    - offset: -0.01352447
    - vertices: p3010(v803) p569(v633) p748(v315)
    - neighboring facets: f4962 f4274 f5096
- f4274
    - flags: top simplicial
    - normal:     0.947  -0.1562  -0.2806
    - offset: -0.0133422
    - vertices: p3010(v803) p2377(v634) p748(v315)
    - neighboring facets: f3388 f4273 f4270
- f4278
    - flags: top simplicial
    - normal:    0.9108  -0.2373  -0.3378
    - offset: -0.01547788
    - vertices: p597(v804) p707(v638) p730(v635)
    - neighboring facets: f3407 f4282 f4964
- f4279
    - flags: bottom simplicial
    - normal:    0.9507  -0.2318  -0.2061
    - offset: -0.01464301
    - vertices: p597(v804) p3715(v802) p3965(v346)
    - neighboring facets: f4268 f4281 f4280
- f4280
    - flags: top simplicial
    - normal:    0.9513  -0.2273  -0.2083
    - offset: -0.01455111
    - vertices: p597(v804) p3715(v802) p569(v633)
    - neighboring facets: f4957 f4963 f4279
- f4281
    - flags: top simplicial
    - normal:    0.9336  -0.2754  -0.2292
    - offset: -0.01577713
    - vertices: p597(v804) p233(v347) p3965(v346)
    - neighboring facets: f1812 f4279 f4282
- f4282
    - flags: top simplicial
    - normal:    0.9261   -0.274  -0.2593
    - offset: -0.01591464
    - vertices: p597(v804) p730(v635) p233(v347)
    - neighboring facets: f3391 f4281 f4278
- f4298
    - flags: bottom simplicial
    - normal:    0.9831  -0.1157  -0.1421
    - offset: -0.01199748
    - vertices: p3068(v808) p1670(v641) p2586(v459)
    - neighboring facets: f5720 f4301 f4992
- f4301
    - flags: top simplicial
    - normal:    0.9834  -0.1159  -0.1399
    - offset: -0.01198766
    - vertices: p3068(v808) p2009(v639) p2586(v459)
    - neighboring facets: f5445 f4298 f4995
- f4310
    - flags: bottom simplicial
    - normal:   0.08635   0.2473  -0.9651
    - offset: -0.01104408
    - vertices: p3956(v811) p2905(v462) p2199(v71)
    - neighboring facets: f2445 f5013 f4311
- f4311
    - flags: bottom simplicial
    - normal:   0.05958   0.2095   -0.976
    - offset: -0.01105948
    - vertices: p3956(v811) p2103(v643) p2905(v462)
    - neighboring facets: f3440 f4310 f4313
- f4313
    - flags: top simplicial
    - normal:    0.1174 -0.04309  -0.9921
    - offset: -0.01182414
    - vertices: p3956(v811) p2103(v643) p1400(v68)
    - neighboring facets: f3444 f5012 f4311
- f4314
    - flags: top simplicial
    - normal:   -0.4022   0.9155 -0.001528
    - offset: -0.005942624
    - vertices: p735(v812) p243(v467) p3862(v58)
    - neighboring facets: f2467 f4315 f5017
- f4315
    - flags: bottom simplicial
    - normal:   -0.4471   0.8945 -3.736e-05
    - offset: -0.005697529
    - vertices: p735(v812) p2983(v646) p3862(v58)
    - neighboring facets: f3457 f4314 f4317
- f4317
    - flags: top simplicial
    - normal:   -0.4743   0.8803 -0.008721
    - offset: -0.005603994
    - vertices: p735(v812) p2983(v646) p907(v444)
    - neighboring facets: f3458 f5476 f4315
- f4320
    - flags: top simplicial
    - normal:   -0.9825  0.04527  -0.1808
    - offset: -0.004813793
    - vertices: p1953(v813) p1458(v649) p1515(v322)
    - neighboring facets: f3478 f4321 f4322
- f4321
    - flags: bottom simplicial
    - normal:   -0.9829  0.04357  -0.1788
    - offset: -0.00486163
    - vertices: p1953(v813) p645(v650) p1515(v322)
    - neighboring facets: f3479 f4320 f4322
- f4322
    - flags: top simplicial
    - normal:   -0.9821  0.04459  -0.1832
    - offset: -0.0048495
    - vertices: p1953(v813) p645(v650) p1458(v649)
    - neighboring facets: f3482 f4320 f4321
- f4324
    - flags: bottom simplicial
    - normal:   -0.1506 -0.01896  -0.9884
    - offset: -0.01136777
    - vertices: p3149(v814) p1318(v652) p1818(v328)
    - neighboring facets: f3490 f4326 f4330
- f4326
    - flags: bottom simplicial
    - normal:   -0.1412 0.002337    -0.99
    - offset: -0.0106713
    - vertices: p3149(v814) p1818(v328) p3812(v207)
    - neighboring facets: f2518 f4327 f4324
- f4327
    - flags: top simplicial
    - normal:   -0.1061 -0.002955  -0.9944
    - offset: -0.01081586
    - vertices: p3149(v814) p1463(v474) p3812(v207)
    - neighboring facets: f2514 f4326 f4332
- f4328
    - flags: top simplicial
    - normal:   -0.1243  -0.0399  -0.9914
    - offset: -0.01203466
    - vertices: p743(v815) p617(v473) p78(v209)
    - neighboring facets: f2507 f4331 f4329
- f4329
    - flags: top simplicial
    - normal:   -0.1295 -0.03568  -0.9909
    - offset: -0.01190027
    - vertices: p743(v815) p1318(v652) p617(v473)
    - neighboring facets: f3489 f4328 f4330
- f4330
    - flags: top simplicial
    - normal:   -0.1362  -0.0266  -0.9903
    - offset: -0.01160662
    - vertices: p743(v815) p3149(v814) p1318(v652)
    - neighboring facets: f4324 f4329 f4332
- f4331
    - flags: bottom simplicial
    - normal:  -0.01628 -0.03099  -0.9994
    - offset: -0.01159939
    - vertices: p743(v815) p1463(v474) p78(v209)
    - neighboring facets: f3497 f4328 f4332
- f4332
    - flags: bottom simplicial
    - normal:  -0.05638  -0.0221  -0.9982
    - offset: -0.01137464
    - vertices: p743(v815) p3149(v814) p1463(v474)
    - neighboring facets: f4327 f4331 f4330
- f4345
    - flags: bottom simplicial
    - normal:   0.09098 -0.08935  -0.9918
    - offset: -0.01339891
    - vertices: p3716(v818) p2804(v479) p1478(v330)
    - neighboring facets: f3524 f4346 f5024
- f4346
    - flags: top simplicial
    - normal:    0.1149 -0.09458  -0.9889
    - offset: -0.01353975
    - vertices: p3716(v818) p3533(v659) p1478(v330)
    - neighboring facets: f3520 f4345 f5058
- f4354
    - flags: bottom simplicial
    - normal:   0.05804 -0.06936  -0.9959
    - offset: -0.0127588
    - vertices: p394(v819) p2714(v478) p1478(v330)
    - neighboring facets: f2531 f4355 f5066
- f4355
    - flags: top simplicial
    - normal:   0.05765 -0.07551  -0.9955
    - offset: -0.01296911
    - vertices: p394(v819) p65(v660) p1478(v330)
    - neighboring facets: f3524 f4354 f5747
- f4356
    - flags: top simplicial
    - normal:   -0.2554  -0.2798  -0.9255
    - offset: -0.02107168
    - vertices: p3229(v820) p100(v661) p1995(v46)
    - neighboring facets: f3528 f5522 f4357
- f4357
    - flags: bottom simplicial
    - normal:   -0.1614  -0.2376  -0.9579
    - offset: -0.01939318
    - vertices: p3229(v820) p100(v661) p1047(v481)
    - neighboring facets: f3543 f5524 f4356
- f4368
    - flags: bottom simplicial
    - normal:   -0.1962   -0.165  -0.9666
    - offset: -0.01663005
    - vertices: p2356(v822) p3670(v663) p1578(v213)
    - neighboring facets: f3542 f4369 f4373
- f4369
    - flags: top simplicial
    - normal:   -0.2766   -0.153  -0.9487
    - offset: -0.01620675
    - vertices: p2356(v822) p3391(v483) p1578(v213)
    - neighboring facets: f3546 f4368 f4370
- f4370
    - flags: top simplicial
    - normal:   -0.3232  -0.1418  -0.9357
    - offset: -0.01577269
    - vertices: p2356(v822) p1857(v665) p3391(v483)
    - neighboring facets: f3556 f4369 f5084
- f4372
    - flags: top simplicial
    - normal:  -0.07048  -0.1261  -0.9895
    - offset: -0.01503198
    - vertices: p2356(v822) p737(v816) p792(v121)
    - neighboring facets: f5486 f4383 f4373
- f4373
    - flags: bottom simplicial
    - normal:   -0.0369  -0.1486  -0.9882
    - offset: -0.01578648
    - vertices: p2356(v822) p737(v816) p3670(v663)
    - neighboring facets: f5031 f4368 f4372
- f4374
    - flags: bottom simplicial
    - normal:   -0.4878 -0.07483  -0.8698
    - offset: -0.01310924
    - vertices: p1169(v823) p753(v484) p3226(v203)
    - neighboring facets: f2567 f4376 f4375
- f4375
    - flags: bottom simplicial
    - normal:   -0.4875 -0.07495  -0.8699
    - offset: -0.01311399
    - vertices: p1169(v823) p1292(v666) p753(v484)
    - neighboring facets: f3562 f4374 f4381
- f4376
    - flags: bottom simplicial
    - normal:   -0.4959 -0.06107  -0.8662
    - offset: -0.01260912
    - vertices: p1169(v823) p3226(v203) p1439(v9)
    - neighboring facets: f1031 f4380 f4374
- f4378
    - flags: top simplicial
    - normal:   -0.2167 -0.06179  -0.9743
    - offset: -0.01284719
    - vertices: p2478(v824) p617(v473) p1439(v9)
    - neighboring facets: f2509 f4380 f4379
- f4379
    - flags: bottom simplicial
    - normal:   -0.2144 -0.06197  -0.9748
    - offset: -0.01285243
    - vertices: p2478(v824) p617(v473) p792(v121)
    - neighboring facets: f2507 f4383 f4378
- f4380
    - flags: bottom simplicial
    - normal:   -0.3029 -0.07263  -0.9503
    - offset: -0.01325955
    - vertices: p2478(v824) p1169(v823) p1439(v9)
    - neighboring facets: f4376 f4378 f4381
- f4381
    - flags: top simplicial
    - normal:   -0.3098 -0.07373  -0.9479
    - offset: -0.01329731
    - vertices: p2478(v824) p1169(v823) p1292(v666)
    - neighboring facets: f4375 f5081 f4380
- f4383
    - flags: top simplicial
    - normal:    -0.218 -0.09931  -0.9709
    - offset: -0.01421847
    - vertices: p2478(v824) p2356(v822) p792(v121)
    - neighboring facets: f4372 f4379 f5085
- f4385
    - flags: bottom simplicial
    - normal:   -0.4234  -0.1329  -0.8961
    - offset: -0.01533077
    - vertices: p777(v825) p1857(v665) p2615(v335)
    - neighboring facets: f3556 f4386 f5083
- f4386
    - flags: top simplicial
    - normal:   -0.4974 -0.09416  -0.8624
    - offset: -0.01376972
    - vertices: p777(v825) p1292(v666) p2615(v335)
    - neighboring facets: f3562 f4385 f5082
- f4396
    - flags: top simplicial
    - normal:    0.5429  -0.1351  -0.8288
    - offset: -0.01459087
    - vertices: p1025(v827) p2617(v501) p1173(v351)
    - neighboring facets: f2655 f4397 f4398
- f4397
    - flags: bottom simplicial
    - normal:    0.5827  -0.1866   -0.791
    - offset: -0.01580613
    - vertices: p1025(v827) p1131(v669) p1173(v351)
    - neighboring facets: f3577 f4396 f4399
- f4398
    - flags: bottom simplicial
    - normal:    0.5689  -0.1277  -0.8124
    - offset: -0.01442083
    - vertices: p1025(v827) p2617(v501) p2811(v129)
    - neighboring facets: f2651 f4399 f4396
- f4399
    - flags: top simplicial
    - normal:    0.6031  -0.1529  -0.7828
    - offset: -0.01500956
    - vertices: p1025(v827) p1131(v669) p2811(v129)
    - neighboring facets: f3579 f4398 f4397
- f4402
    - flags: bottom simplicial
    - normal:    0.9821  -0.1528  -0.1099
    - offset: -0.01239781
    - vertices: p1185(v828) p3423(v491) p1554(v344)
    - neighboring facets: f4408 f4404 f5093
- f4404
    - flags: bottom simplicial
    - normal:    0.9861  -0.1605 -0.04269
    - offset: -0.01220962
    - vertices: p1185(v828) p1554(v344) p2102(v24)
    - neighboring facets: f2350 f4405 f4402
- f4405
    - flags: top simplicial
    - normal:    0.9857  -0.1622 -0.04597
    - offset: -0.01226617
    - vertices: p1185(v828) p3129(v671) p2102(v24)
    - neighboring facets: f3588 f4404 f5098
- f4408
    - flags: top simplicial
    - normal:    0.9876  -0.1459 -0.05868
    - offset: -0.01199687
    - vertices: p2671(v829) p3423(v491) p1554(v344)
    - neighboring facets: f4402 f4409 f4410
- f4409
    - flags: bottom simplicial
    - normal:    0.9876  -0.1459 -0.05868
    - offset: -0.01199683
    - vertices: p2671(v829) p3315(v673) p1554(v344)
    - neighboring facets: f3598 f4408 f4410
- f4410
    - flags: top simplicial
    - normal:    0.9876  -0.1459 -0.05868
    - offset: -0.01199683
    - vertices: p2671(v829) p3315(v673) p3423(v491)
    - neighboring facets: f3600 f4408 f4409
- f4412
    - flags: bottom simplicial
    - normal:    0.9886  -0.1396 -0.05629
    - offset: -0.01186632
    - vertices: p3706(v830) p3315(v673) p1584(v314)
    - neighboring facets: f3601 f5102 f4413
- f4413
    - flags: top simplicial
    - normal:    0.9885  -0.1429 -0.04957
    - offset: -0.0118942
    - vertices: p3706(v830) p3315(v673) p3804(v193)
    - neighboring facets: f3598 f5108 f4412
- f4416
    - flags: top simplicial
    - normal:     0.593 -0.02154  -0.8049
    - offset: -0.01326974
    - vertices: p1216(v831) p688(v498) p591(v311)
    - neighboring facets: f2637 f4417 f4418
- f4417
    - flags: bottom simplicial
    - normal:    0.5911 -0.01524  -0.8064
    - offset: -0.01324511
    - vertices: p1216(v831) p1410(v675) p591(v311)
    - neighboring facets: f3607 f4416 f4418
- f4418
    - flags: top simplicial
    - normal:    0.5631 -0.03287  -0.8257
    - offset: -0.0132585
    - vertices: p1216(v831) p1410(v675) p688(v498)
    - neighboring facets: f4421 f4416 f4417
- f4419
    - flags: top simplicial
    - normal:    0.4774 -0.07572  -0.8754
    - offset: -0.01317763
    - vertices: p3448(v832) p1819(v499) p1168(v350)
    - neighboring facets: f4431 f4420 f4432
- f4420
    - flags: bottom simplicial
    - normal:    0.4922 -0.07371  -0.8673
    - offset: -0.01321102
    - vertices: p3448(v832) p688(v498) p1168(v350)
    - neighboring facets: f4156 f4419 f4421
- f4421
    - flags: bottom simplicial
    - normal:     0.514 -0.05861  -0.8558
    - offset: -0.01322744
    - vertices: p3448(v832) p1410(v675) p688(v498)
    - neighboring facets: f4418 f4420 f4422
- f4422
    - flags: top simplicial
    - normal:     0.526 -0.04152  -0.8494
    - offset: -0.01321142
    - vertices: p3448(v832) p1410(v675) p1295(v349)
    - neighboring facets: f3607 f4430 f4421
- f4425
    - flags: bottom simplicial
    - normal:     0.452  -0.0844   -0.888
    - offset: -0.01332181
    - vertices: p762(v833) p2617(v501) p545(v352)
    - neighboring facets: f2655 f4427 f4426
- f4426
    - flags: bottom simplicial
    - normal:    0.4903 -0.08293  -0.8676
    - offset: -0.01333905
    - vertices: p762(v833) p2529(v676) p2617(v501)
    - neighboring facets: f3612 f4425 f4429
- f4427
    - flags: top simplicial
    - normal:    0.3927 -0.07568  -0.9165
    - offset: -0.01301681
    - vertices: p762(v833) p1510(v500) p545(v352)
    - neighboring facets: f2645 f4425 f4428
- f4428
    - flags: bottom simplicial
    - normal:     0.393 -0.07188  -0.9167
    - offset: -0.01293416
    - vertices: p762(v833) p1510(v500) p1295(v349)
    - neighboring facets: f2646 f4430 f4427
- f4429
    - flags: top simplicial
    - normal:    0.5112 -0.08031  -0.8557
    - offset: -0.01329999
    - vertices: p762(v833) p2529(v676) p1168(v350)
    - neighboring facets: f3613 f4431 f4426
- f4430
    - flags: top simplicial
    - normal:    0.4578 -0.07477  -0.8859
    - offset: -0.01312092
    - vertices: p762(v833) p3448(v832) p1295(v349)
    - neighboring facets: f4422 f4428 f4432
- f4431
    - flags: bottom simplicial
    - normal:    0.4766 -0.07623  -0.8758
    - offset: -0.01317796
    - vertices: p762(v833) p1819(v499) p1168(v350)
    - neighboring facets: f4419 f4429 f4432
- f4432
    - flags: bottom simplicial
    - normal:    0.4651 -0.07532   -0.882
    - offset: -0.01314315
    - vertices: p762(v833) p3448(v832) p1819(v499)
    - neighboring facets: f4419 f4431 f4430
- f4433
    - flags: top simplicial
    - normal:    0.3482  -0.1514  -0.9251
    - offset: -0.01514119
    - vertices: p1840(v834) p1535(v677) p706(v233)
    - neighboring facets: f3620 f4434 f4435
- f4434
    - flags: bottom simplicial
    - normal:    0.3389  -0.1491  -0.9289
    - offset: -0.01508101
    - vertices: p1840(v834) p705(v679) p706(v233)
    - neighboring facets: f3628 f4433 f4435
- f4435
    - flags: top simplicial
    - normal:    0.3425  -0.1538  -0.9269
    - offset: -0.01523959
    - vertices: p1840(v834) p705(v679) p1535(v677)
    - neighboring facets: f3630 f4433 f4434
- f4436
    - flags: bottom simplicial
    - normal:    0.2339  -0.1494  -0.9607
    - offset: -0.01531253
    - vertices: p505(v835) p705(v679) p2638(v505)
    - neighboring facets: f3630 f5114 f5110
- f4441
    - flags: bottom simplicial
    - normal:    0.2002  -0.1734  -0.9643
    - offset: -0.01627912
    - vertices: p505(v835) p3996(v826) p3221(v680)
    - neighboring facets: f5506 f5764 f5115
- f4442
    - flags: bottom simplicial
    - normal:   -0.5795  -0.1145   0.8069
    - offset: -0.006213668
    - vertices: p598(v836) p476(v681) p1387(v136)
    - neighboring facets: f3640 f4557 f4446
- f4445
    - flags: top simplicial
    - normal:      -0.7  -0.1413      0.7
    - offset: -0.007727198
    - vertices: p598(v836) p3963(v507) p1842(v236)
    - neighboring facets: f3648 f4555 f4446
- f4446
    - flags: top simplicial
    - normal:   -0.5484  -0.1533   0.8221
    - offset: -0.007628825
    - vertices: p598(v836) p476(v681) p3963(v507)
    - neighboring facets: f3639 f4445 f4442
- f4447
    - flags: bottom simplicial
    - normal:   -0.7228  -0.2099   0.6584
    - offset: -0.01062346
    - vertices: p2819(v837) p2359(v683) p1997(v358)
    - neighboring facets: f3647 f4595 f4456
- f4453
    - flags: bottom simplicial
    - normal:   -0.6689  -0.1982   0.7165
    - offset: -0.009882916
    - vertices: p2107(v838) p2589(v682) p3963(v507)
    - neighboring facets: f3643 f4454 f5118
- f4454
    - flags: top simplicial
    - normal:   -0.6786  -0.1937   0.7085
    - offset: -0.009738111
    - vertices: p2107(v838) p2359(v683) p3963(v507)
    - neighboring facets: f3648 f4453 f4456
- f4456
    - flags: top simplicial
    - normal:   -0.7129  -0.2097   0.6692
    - offset: -0.01056547
    - vertices: p2107(v838) p2819(v837) p2359(v683)
    - neighboring facets: f4447 f4454 f5119
- f4459
    - flags: bottom simplicial
    - normal:  -0.07796 -0.07975   0.9938
    - offset: -0.003424737
    - vertices: p321(v839) p91(v684) p1299(v508)
    - neighboring facets: f3652 f4466 f4469
- f4460
    - flags: bottom simplicial
    - normal:   0.01585 -0.05196   0.9985
    - offset: -0.002260015
    - vertices: p2381(v840) p1777(v365) p340(v240)
    - neighboring facets: f4717 f4467 f4462
- f4462
    - flags: top simplicial
    - normal:   0.03402 -0.05432   0.9979
    - offset: -0.002313488
    - vertices: p2381(v840) p1777(v365) p3903(v6)
    - neighboring facets: f3922 f4463 f4460
- f4463
    - flags: bottom simplicial
    - normal:   0.03857 -0.07273   0.9966
    - offset: -0.002945012
    - vertices: p2381(v840) p1686(v734) p3903(v6)
    - neighboring facets: f3931 f4462 f4464
- f4464
    - flags: top simplicial
    - normal:   0.03458 -0.07847   0.9963
    - offset: -0.00315044
    - vertices: p2381(v840) p1686(v734) p2078(v685)
    - neighboring facets: f4731 f4468 f4463
- f4465
    - flags: top simplicial
    - normal:  -0.01255 -0.07305   0.9972
    - offset: -0.003044362
    - vertices: p563(v841) p2078(v685) p1299(v508)
    - neighboring facets: f5285 f4466 f4468
- f4466
    - flags: bottom simplicial
    - normal:  -0.07119 -0.07234   0.9948
    - offset: -0.003145558
    - vertices: p563(v841) p321(v839) p1299(v508)
    - neighboring facets: f4459 f4465 f4469
- f4467
    - flags: bottom simplicial
    - normal:  0.001149 -0.05785   0.9983
    - offset: -0.002487455
    - vertices: p563(v841) p2381(v840) p340(v240)
    - neighboring facets: f4460 f4472 f4468
- f4468
    - flags: top simplicial
    - normal:  0.001257 -0.06475   0.9979
    - offset: -0.002726805
    - vertices: p563(v841) p2381(v840) p2078(v685)
    - neighboring facets: f4464 f4465 f4467
- f4469
    - flags: top simplicial
    - normal:  -0.07655  -0.0701   0.9946
    - offset: -0.003079228
    - vertices: p563(v841) p321(v839) p91(v684)
    - neighboring facets: f4459 f4470 f4466
- f4470
    - flags: top simplicial
    - normal:   -0.1117  -0.0521   0.9924
    - offset: -0.002528649
    - vertices: p563(v841) p91(v684) p1132(v78)
    - neighboring facets: f3651 f4471 f4469
- f4471
    - flags: bottom simplicial
    - normal:   -0.1182 -0.03817   0.9923
    - offset: -0.002058581
    - vertices: p563(v841) p2430(v368) p1132(v78)
    - neighboring facets: f1931 f4470 f4472
- f4472
    - flags: top simplicial
    - normal:   -0.1079 -0.03692   0.9935
    - offset: -0.001993619
    - vertices: p563(v841) p2430(v368) p340(v240)
    - neighboring facets: f1930 f4467 f4471
- f4473
    - flags: top simplicial
    - normal:   -0.2902  -0.1558   0.9442
    - offset: -0.006873445
    - vertices: p2141(v842) p172(v686) p2373(v356)
    - neighboring facets: f3664 f4474 f4477
- f4474
    - flags: bottom simplicial
    - normal:   -0.3079  -0.1228   0.9435
    - offset: -0.005651382
    - vertices: p2141(v842) p1273(v506) p2373(v356)
    - neighboring facets: f2684 f4473 f4475
- f4475
    - flags: bottom simplicial
    - normal:   -0.3007  -0.1198   0.9462
    - offset: -0.005517613
    - vertices: p2141(v842) p577(v509) p1273(v506)
    - neighboring facets: f2705 f4474 f4476
- f4476
    - flags: top simplicial
    - normal:   -0.2168  -0.1524   0.9643
    - offset: -0.006538012
    - vertices: p2141(v842) p577(v509) p924(v42)
    - neighboring facets: f2700 f4477 f4475
- f4477
    - flags: bottom simplicial
    - normal:   -0.2639  -0.1562   0.9518
    - offset: -0.006815425
    - vertices: p2141(v842) p172(v686) p924(v42)
    - neighboring facets: f3663 f4476 f4473
- f4483
    - flags: bottom simplicial
    - normal:   -0.8967   -0.222   0.3829
    - offset: -0.01212133
    - vertices: p1235(v844) p727(v510) p3455(v41)
    - neighboring facets: f2710 f5127 f5540
- f4489
    - flags: top simplicial
    - normal:   -0.9605  -0.1674   0.2224
    - offset: -0.01065321
    - vertices: p2949(v845) p173(v843) p3758(v687)
    - neighboring facets: f5130 f5133 f4492
- f4492
    - flags: bottom simplicial
    - normal:   -0.9657  -0.1416   0.2174
    - offset: -0.009691237
    - vertices: p2949(v845) p173(v843) p3370(v156)
    - neighboring facets: f5126 f5139 f4489
- f4496
    - flags: top simplicial
    - normal:    -0.482   0.1324   0.8661
    - offset: 0.0001217447
    - vertices: p3407(v846) p1771(v691) p1796(v360)
    - neighboring facets: f3686 f4498 f4497
- f4497
    - flags: bottom simplicial
    - normal:   -0.4463     0.15   0.8822
    - offset: 0.0002460568
    - vertices: p3407(v846) p1771(v691) p1889(v516)
    - neighboring facets: f3696 f4500 f4496
- f4498
    - flags: top simplicial
    - normal:   -0.6173  0.08046   0.7826
    - offset: -0.0004104478
    - vertices: p3407(v846) p1796(v360) p1347(v237)
    - neighboring facets: f2722 f4501 f4496
- f4499
    - flags: top simplicial
    - normal:   -0.9529   0.2901  0.08843
    - offset: -0.003086394
    - vertices: p3407(v846) p531(v515) p3820(v140)
    - neighboring facets: f2735 f4500 f4504
- f4500
    - flags: bottom simplicial
    - normal:   -0.8965    0.387   0.2155
    - offset: -0.002758795
    - vertices: p3407(v846) p1889(v516) p3820(v140)
    - neighboring facets: f2750 f4499 f4497
- f4501
    - flags: bottom simplicial
    - normal:   -0.9576     0.06   0.2818
    - offset: -0.002459357
    - vertices: p3407(v846) p3403(v248) p1347(v237)
    - neighboring facets: f1267 f4498 f4502
- f4502
    - flags: bottom simplicial
    - normal:   -0.9737  0.08873   0.2098
    - offset: -0.002686555
    - vertices: p3407(v846) p3267(v690) p3403(v248)
    - neighboring facets: f3678 f4501 f4506
- f4503
    - flags: bottom simplicial
    - normal:   -0.9774   0.2055  0.05045
    - offset: -0.003147731
    - vertices: p3407(v846) p3285(v362) p848(v14)
    - neighboring facets: f1899 f4505 f4504
- f4504
    - flags: bottom simplicial
    - normal:   -0.9773   0.2056  0.05045
    - offset: -0.003147739
    - vertices: p3407(v846) p531(v515) p3285(v362)
    - neighboring facets: f2735 f4503 f4499
- f4505
    - flags: top simplicial
    - normal:   -0.9839   0.1705   0.0545
    - offset: -0.00312174
    - vertices: p3407(v846) p3486(v56) p848(v14)
    - neighboring facets: f2331 f4503 f4506
- f4506
    - flags: top simplicial
    - normal:   -0.9851   0.1592  0.06493
    - offset: -0.003092267
    - vertices: p3407(v846) p3267(v690) p3486(v56)
    - neighboring facets: f3679 f4505 f4502
- f4507
    - flags: bottom simplicial
    - normal:   -0.3936  0.07185   0.9165
    - offset: -8.071604e-05
    - vertices: p37(v847) p894(v693) p1771(v691)
    - neighboring facets: f3696 f5146 f4510
- f4509
    - flags: top simplicial
    - normal:   -0.3758   0.0352    0.926
    - offset: -0.0002830575
    - vertices: p37(v847) p3752(v366) p3386(v137)
    - neighboring facets: f1933 f5145 f4510
- f4510
    - flags: top simplicial
    - normal:   -0.3689  0.03447   0.9288
    - offset: -0.0002878106
    - vertices: p37(v847) p894(v693) p3752(v366)
    - neighboring facets: f4513 f4509 f4507
- f4511
    - flags: bottom simplicial
    - normal:   -0.1501 -0.002185   0.9887
    - offset: -0.0009406471
    - vertices: p3160(v848) p2430(v368) p2675(v242)
    - neighboring facets: f1930 f5150 f4512
- f4512
    - flags: top simplicial
    - normal:   -0.2798  0.01402     0.96
    - offset: -0.0006959265
    - vertices: p3160(v848) p2430(v368) p3752(v366)
    - neighboring facets: f1933 f4513 f4511
- f4513
    - flags: bottom simplicial
    - normal:    -0.287  0.02361   0.9576
    - offset: -0.000411747
    - vertices: p3160(v848) p894(v693) p3752(v366)
    - neighboring facets: f4510 f4512 f5147
- f4520
    - flags: bottom simplicial
    - normal:   -0.0784 -0.008383   0.9969
    - offset: -0.0009966245
    - vertices: p1180(v849) p2675(v242) p318(v138)
    - neighboring facets: f1243 f4521 f5151
- f4521
    - flags: top simplicial
    - normal:   -0.0253 -0.01797   0.9995
    - offset: -0.001215827
    - vertices: p1180(v849) p1430(v694) p318(v138)
    - neighboring facets: f3716 f4520 f4538
- f4523
    - flags: bottom simplicial
    - normal:   0.09439   0.3739   0.9226
    - offset: -0.001312557
    - vertices: p1457(v850) p3733(v301) p3836(v183)
    - neighboring facets: f2334 f4549 f5153
- f4529
    - flags: bottom simplicial
    - normal:   0.08761 -0.03834   0.9954
    - offset: -0.00174531
    - vertices: p1457(v850) p2566(v396) p3759(v159)
    - neighboring facets: f2987 f5158 f5159
- f4534
    - flags: top simplicial
    - normal:   -0.6363   0.7692  0.05976
    - offset: -0.004548107
    - vertices: p3277(v851) p3396(v517) p95(v306)
    - neighboring facets: f2755 f4535 f4542
- f4535
    - flags: bottom simplicial
    - normal:   -0.5015   0.8635  0.05343
    - offset: -0.005243193
    - vertices: p3277(v851) p910(v696) p95(v306)
    - neighboring facets: f3729 f4534 f4545
- f4536
    - flags: top simplicial
    - normal:   -0.2355   0.2799   0.9307
    - offset: 0.0002397837
    - vertices: p3732(v852) p209(v697) p1430(v694)
    - neighboring facets: f4544 f4538 f4540
- f4537
    - flags: top simplicial
    - normal:   -0.3167   0.2125   0.9244
    - offset: 0.0004872815
    - vertices: p3732(v852) p1180(v849) p1889(v516)
    - neighboring facets: f5149 f4539 f4538
- f4538
    - flags: bottom simplicial
    - normal:   -0.3117    0.216   0.9253
    - offset: 0.0004762286
    - vertices: p3732(v852) p1180(v849) p1430(v694)
    - neighboring facets: f4521 f4536 f4537
- f4539
    - flags: top simplicial
    - normal:   -0.6631   0.4449    0.602
    - offset: -0.001580109
    - vertices: p3732(v852) p1889(v516) p3052(v361)
    - neighboring facets: f2751 f4541 f4537
- f4540
    - flags: top simplicial
    - normal:   -0.4636    0.551   0.6938
    - offset: -0.00174834
    - vertices: p3732(v852) p3277(v851) p209(v697)
    - neighboring facets: f4546 f4536 f4542
- f4541
    - flags: bottom simplicial
    - normal:   -0.6555   0.6332   0.4116
    - offset: -0.002867226
    - vertices: p3732(v852) p3396(v517) p3052(v361)
    - neighboring facets: f2752 f4539 f4542
- f4542
    - flags: bottom simplicial
    - normal:   -0.6318   0.6368   0.4419
    - offset: -0.00280553
    - vertices: p3732(v852) p3277(v851) p3396(v517)
    - neighboring facets: f4534 f4541 f4540
- f4543
    - flags: top simplicial
    - normal:   -0.3145   0.8614   0.3988
    - offset: -0.004666213
    - vertices: p2188(v853) p910(v696) p1142(v302)
    - neighboring facets: f3724 f4548 f4545
- f4544
    - flags: bottom simplicial
    - normal:   -0.2134   0.2929    0.932
    - offset: 0.0001632976
    - vertices: p2188(v853) p209(v697) p1430(v694)
    - neighboring facets: f4536 f4550 f4546
- f4545
    - flags: top simplicial
    - normal:   -0.4108   0.7682    0.491
    - offset: -0.003655932
    - vertices: p2188(v853) p3277(v851) p910(v696)
    - neighboring facets: f4535 f4543 f4546
- f4546
    - flags: bottom simplicial
    - normal:   -0.3962   0.5437   0.7399
    - offset: -0.001627767
    - vertices: p2188(v853) p3277(v851) p209(v697)
    - neighboring facets: f4540 f4544 f4545
- f4547
    - flags: bottom simplicial
    - normal:   -0.1798   0.8506   0.4942
    - offset: -0.004653502
    - vertices: p2188(v853) p3836(v183) p1618(v182)
    - neighboring facets: f1554 f4548 f4549
- f4548
    - flags: top simplicial
    - normal:   -0.2267   0.8763    0.425
    - offset: -0.004881963
    - vertices: p2188(v853) p1142(v302) p1618(v182)
    - neighboring facets: f1565 f4547 f4543
- f4549
    - flags: bottom simplicial
    - normal:  -0.07292    0.345   0.9358
    - offset: -0.0004537867
    - vertices: p2188(v853) p1457(v850) p3836(v183)
    - neighboring facets: f4523 f4547 f4550
- f4550
    - flags: top simplicial
    - normal:   -0.1376   0.3171   0.9383
    - offset: -0.0001340365
    - vertices: p2188(v853) p1457(v850) p1430(v694)
    - neighboring facets: f5160 f4544 f4549
- f4551
    - flags: bottom simplicial
    - normal:   -0.7724 -0.08023     0.63
    - offset: -0.005714296
    - vertices: p2411(v854) p3326(v372) p1842(v236)
    - neighboring facets: f2789 f4555 f4552
- f4552
    - flags: bottom simplicial
    - normal:   -0.7796 -0.06483   0.6229
    - offset: -0.005174431
    - vertices: p2411(v854) p2428(v702) p3326(v372)
    - neighboring facets: f3755 f4551 f4553
- f4553
    - flags: top simplicial
    - normal:    -0.768 -0.05588    0.638
    - offset: -0.004791104
    - vertices: p2411(v854) p2428(v702) p2633(v359)
    - neighboring facets: f3758 f4554 f4552
- f4554
    - flags: bottom simplicial
    - normal:   -0.6641 -0.08227   0.7431
    - offset: -0.00531728
    - vertices: p2411(v854) p612(v511) p2633(v359)
    - neighboring facets: f2720 f4553 f4556
- f4555
    - flags: top simplicial
    - normal:    -0.689  -0.1114   0.7161
    - offset: -0.006507878
    - vertices: p2411(v854) p598(v836) p1842(v236)
    - neighboring facets: f4445 f4551 f4557
- f4556
    - flags: top simplicial
    - normal:   -0.6472 -0.09574   0.7563
    - offset: -0.005744962
    - vertices: p2411(v854) p612(v511) p1387(v136)
    - neighboring facets: f3671 f4557 f4554
- f4557
    - flags: bottom simplicial
    - normal:   -0.6489  -0.1024    0.754
    - offset: -0.005999637
    - vertices: p2411(v854) p598(v836) p1387(v136)
    - neighboring facets: f4442 f4556 f4555
- f4566
    - flags: top simplicial
    - normal:   -0.9878  -0.1264 -0.09067
    - offset: -0.01061228
    - vertices: p653(v856) p1004(v705) p863(v531)
    - neighboring facets: f3775 f5552 f4567
- f4567
    - flags: bottom simplicial
    - normal:   -0.9669  -0.1849  -0.1758
    - offset: -0.0133166
    - vertices: p653(v856) p1004(v705) p829(v375)
    - neighboring facets: f3777 f4570 f4566
- f4570
    - flags: bottom simplicial
    - normal:     -0.96  -0.2283  -0.1624
    - offset: -0.01490833
    - vertices: p653(v856) p829(v375) p2311(v252)
    - neighboring facets: f3820 f4571 f4567
- f4571
    - flags: top simplicial
    - normal:     -0.96  -0.2412   -0.142
    - offset: -0.01529797
    - vertices: p653(v856) p1832(v855) p2311(v252)
    - neighboring facets: f5164 f4570 f5169
- f4572
    - flags: top simplicial
    - normal:   -0.8007  -0.5285  -0.2822
    - offset: -0.02778058
    - vertices: p3005(v857) p3700(v548) p1306(v533)
    - neighboring facets: f4579 f4573 f5173
- f4573
    - flags: bottom simplicial
    - normal:    -0.793  -0.5935  -0.1376
    - offset: -0.02948643
    - vertices: p3005(v857) p3958(v706) p1306(v533)
    - neighboring facets: f4618 f4572 f5170
- f4576
    - flags: top simplicial
    - normal:   -0.8972  -0.3013   -0.323
    - offset: -0.01879902
    - vertices: p1564(v858) p14(v707) p2973(v376)
    - neighboring facets: f3789 f5210 f4577
- f4577
    - flags: bottom simplicial
    - normal:     -0.86  -0.3561  -0.3654
    - offset: -0.02131447
    - vertices: p1564(v858) p14(v707) p549(v534)
    - neighboring facets: f3793 f4580 f4576
- f4579
    - flags: bottom simplicial
    - normal:   -0.8092  -0.5023  -0.3049
    - offset: -0.02684891
    - vertices: p1564(v858) p3700(v548) p1306(v533)
    - neighboring facets: f4572 f5211 f4580
- f4580
    - flags: top simplicial
    - normal:   -0.7931  -0.4866  -0.3664
    - offset: -0.02660194
    - vertices: p1564(v858) p3700(v548) p549(v534)
    - neighboring facets: f2935 f4577 f4579
- f4585
    - flags: bottom simplicial
    - normal:   -0.6639  -0.6667   0.3386
    - offset: -0.03039425
    - vertices: p1152(v860) p1994(v708) p3140(v535)
    - neighboring facets: f3796 f4586 f5184
- f4586
    - flags: top simplicial
    - normal:   -0.7997  -0.5508    0.239
    - offset: -0.02598552
    - vertices: p1152(v860) p3471(v709) p3140(v535)
    - neighboring facets: f4591 f4585 f5181
- f4590
    - flags: bottom simplicial
    - normal:   -0.5998  -0.4601   0.6546
    - offset: -0.02061243
    - vertices: p2599(v861) p3140(v535) p3317(v79)
    - neighboring facets: f2852 f4592 f4591
- f4591
    - flags: bottom simplicial
    - normal:   -0.8029  -0.5067    0.314
    - offset: -0.02393384
    - vertices: p2599(v861) p3471(v709) p3140(v535)
    - neighboring facets: f4586 f4590 f5566
- f4592
    - flags: top simplicial
    - normal:   -0.7737  -0.3236   0.5447
    - offset: -0.01563333
    - vertices: p2599(v861) p2819(v837) p3317(v79)
    - neighboring facets: f5121 f4590 f4595
- f4594
    - flags: top simplicial
    - normal:   -0.8682  -0.2702   0.4163
    - offset: -0.0139296
    - vertices: p2599(v861) p727(v510) p1997(v358)
    - neighboring facets: f2710 f4595 f4600
- f4595
    - flags: bottom simplicial
    - normal:   -0.8375  -0.2868   0.4651
    - offset: -0.01443964
    - vertices: p2599(v861) p2819(v837) p1997(v358)
    - neighboring facets: f4447 f4594 f4592
- f4600
    - flags: bottom simplicial
    - normal:   -0.8718   -0.293   0.3925
    - offset: -0.01495392
    - vertices: p1392(v862) p2599(v861) p727(v510)
    - neighboring facets: f4594 f5541 f5567
- f4602
    - flags: top simplicial
    - normal:   -0.6826  -0.7281  0.06314
    - offset: -0.03392393
    - vertices: p3750(v863) p44(v536) p1749(v378)
    - neighboring facets: f2860 f4603 f4604
- f4603
    - flags: bottom simplicial
    - normal:   -0.7035  -0.7079  0.06333
    - offset: -0.03309215
    - vertices: p3750(v863) p3784(v710) p1749(v378)
    - neighboring facets: f4608 f4602 f4604
- f4604
    - flags: top simplicial
    - normal:    -0.683  -0.7246   0.0915
    - offset: -0.03366697
    - vertices: p3750(v863) p3784(v710) p44(v536)
    - neighboring facets: f3805 f4602 f4603
- f4606
    - flags: bottom simplicial
    - normal:   -0.7612  -0.6417  0.09352
    - offset: -0.03025761
    - vertices: p724(v864) p3784(v710) p1810(v253)
    - neighboring facets: f3806 f5199 f4608
- f4607
    - flags: bottom simplicial
    - normal:    -0.786  -0.6178  0.02556
    - offset: -0.02952179
    - vertices: p724(v864) p1101(v537) p1749(v378)
    - neighboring facets: f2864 f4608 f5200
- f4608
    - flags: top simplicial
    - normal:   -0.7637  -0.6443  0.03999
    - offset: -0.03056392
    - vertices: p724(v864) p3784(v710) p1749(v378)
    - neighboring facets: f4603 f4607 f4606
- f4618
    - flags: top simplicial
    - normal:   -0.8488  -0.5236 -0.07367
    - offset: -0.02620433
    - vertices: p2990(v866) p3958(v706) p1306(v533)
    - neighboring facets: f4573 f4619 f5217
- f4619
    - flags: bottom simplicial
    - normal:   -0.8668  -0.4936 -0.07067
    - offset: -0.02495539
    - vertices: p2990(v866) p1737(v711) p1306(v533)
    - neighboring facets: f5209 f4618 f5212
- f4622
    - flags: top simplicial
    - normal:    0.4425  -0.6548   0.6127
    - offset: -0.02803281
    - vertices: p1973(v867) p3570(v772) p700(v180)
    - neighboring facets: f4813 f5218 f5362
- f4627
    - flags: top simplicial
    - normal:    0.6141  -0.7689   0.1779
    - offset: -0.03452513
    - vertices: p2106(v868) p1026(v718) p2419(v543)
    - neighboring facets: f3849 f4692 f4818
- f4631
    - flags: bottom simplicial
    - normal:   0.07797  -0.8433   0.5318
    - offset: -0.03642648
    - vertices: p3232(v869) p2904(v439) p3785(v296)
    - neighboring facets: f2317 f5588 f5675
- f4644
    - flags: bottom simplicial
    - normal:  -0.06254  -0.9924  -0.1064
    - offset: -0.04547087
    - vertices: p227(v871) p3869(v387) p2704(v45)
    - neighboring facets: f2039 f4646 f4645
- f4645
    - flags: top simplicial
    - normal:   -0.1608   -0.983 -0.08833
    - offset: -0.0450254
    - vertices: p227(v871) p3869(v387) p2549(v384)
    - neighboring facets: f2929 f4652 f4644
- f4646
    - flags: top simplicial
    - normal:  -0.007317  -0.9958 -0.09109
    - offset: -0.04551323
    - vertices: p227(v871) p3792(v870) p2704(v45)
    - neighboring facets: f4672 f4644 f4647
- f4647
    - flags: bottom simplicial
    - normal:   0.06799  -0.9975 -0.01833
    - offset: -0.04517507
    - vertices: p227(v871) p3792(v870) p2471(v714)
    - neighboring facets: f5222 f5584 f4646
- f4652
    - flags: top simplicial
    - normal:   -0.2057  -0.9743  0.09171
    - offset: -0.04376172
    - vertices: p2789(v872) p227(v871) p2549(v384)
    - neighboring facets: f4645 f5240 f5799
- f4658
    - flags: top simplicial
    - normal:    0.9544  -0.2974    0.027
    - offset: -0.01522402
    - vertices: p835(v873) p3104(v435) p2881(v53)
    - neighboring facets: f2293 f4661 f4659
- f4659
    - flags: top simplicial
    - normal:    0.9356  -0.3477  0.06098
    - offset: -0.01714746
    - vertices: p835(v873) p56(v717) p3104(v435)
    - neighboring facets: f3843 f4658 f4660
- f4660
    - flags: bottom simplicial
    - normal:     0.873  -0.4875 -0.01416
    - offset: -0.02337864
    - vertices: p835(v873) p56(v717) p301(v96)
    - neighboring facets: f3847 f4662 f4659
- f4661
    - flags: bottom simplicial
    - normal:    0.9463  -0.3153 -0.07208
    - offset: -0.01649758
    - vertices: p835(v873) p2982(v348) p2881(v53)
    - neighboring facets: f1819 f4658 f4662
- f4662
    - flags: top simplicial
    - normal:    0.9295  -0.3604 -0.07846
    - offset: -0.01842163
    - vertices: p835(v873) p2982(v348) p301(v96)
    - neighboring facets: f2633 f4660 f4661
- f4663
    - flags: top simplicial
    - normal:    0.7921  -0.6102  0.01649
    - offset: -0.02843894
    - vertices: p2764(v874) p1910(v542) p115(v381)
    - neighboring facets: f2894 f4664 f4665
- f4664
    - flags: bottom simplicial
    - normal:    0.7716  -0.6351  0.03551
    - offset: -0.0294208
    - vertices: p2764(v874) p1026(v718) p115(v381)
    - neighboring facets: f3849 f4663 f4667
- f4665
    - flags: top simplicial
    - normal:    0.8482  -0.5249  0.07116
    - offset: -0.02458395
    - vertices: p2764(v874) p56(v717) p1910(v542)
    - neighboring facets: f3847 f4663 f4666
- f4666
    - flags: bottom simplicial
    - normal:    0.8576  -0.4959   0.1368
    - offset: -0.02307396
    - vertices: p2764(v874) p56(v717) p1869(v293)
    - neighboring facets: f3843 f4667 f4665
- f4667
    - flags: top simplicial
    - normal:    0.7907  -0.5776   0.2027
    - offset: -0.0262845
    - vertices: p2764(v874) p1026(v718) p1869(v293)
    - neighboring facets: f4816 f4666 f4664
- f4669
    - flags: top simplicial
    - normal:    0.3719  -0.8995  -0.2292
    - offset: -0.04223044
    - vertices: p2461(v875) p2977(v719) p694(v540)
    - neighboring facets: f3859 f4670 f4687
- f4670
    - flags: bottom simplicial
    - normal:    0.1716  -0.9494   -0.263
    - offset: -0.04459468
    - vertices: p2461(v875) p1118(v715) p694(v540)
    - neighboring facets: f3837 f4669 f4671
- f4671
    - flags: top simplicial
    - normal:   0.06908  -0.9697  -0.2342
    - offset: -0.04526501
    - vertices: p2461(v875) p1118(v715) p2704(v45)
    - neighboring facets: f3836 f4672 f4670
- f4672
    - flags: bottom simplicial
    - normal:   0.07051   -0.985  -0.1573
    - offset: -0.04544643
    - vertices: p2461(v875) p3792(v870) p2704(v45)
    - neighboring facets: f4646 f4671 f4673
- f4673
    - flags: top simplicial
    - normal:   0.08856  -0.9847  -0.1501
    - offset: -0.04539334
    - vertices: p2461(v875) p3792(v870) p1160(v380)
    - neighboring facets: f5227 f4686 f4672
- f4674
    - flags: bottom simplicial
    - normal:    0.7492  -0.6586 -0.07084
    - offset: -0.03095138
    - vertices: p2253(v876) p1977(v720) p115(v381)
    - neighboring facets: f3863 f5252 f4684
- f4679
    - flags: top simplicial
    - normal:    0.7364  -0.6492  -0.1904
    - offset: -0.03129341
    - vertices: p808(v877) p1977(v720) p348(v541)
    - neighboring facets: f3861 f4681 f4689
- f4680
    - flags: top simplicial
    - normal:    0.7121  -0.5091  -0.4834
    - offset: -0.02716356
    - vertices: p808(v877) p1724(v496) p290(v254)
    - neighboring facets: f3606 f4688 f4681
- f4681
    - flags: top simplicial
    - normal:    0.7474  -0.4976  -0.4401
    - offset: -0.02641277
    - vertices: p808(v877) p348(v541) p1724(v496)
    - neighboring facets: f3839 f4680 f4679
- f4682
    - flags: bottom simplicial
    - normal:    0.4178  -0.8942  -0.1607
    - offset: -0.04156629
    - vertices: p3227(v878) p2218(v544) p1160(v380)
    - neighboring facets: f5226 f4686 f4683
- f4683
    - flags: bottom simplicial
    - normal:    0.5431   -0.831  -0.1202
    - offset: -0.03863075
    - vertices: p3227(v878) p2253(v876) p2218(v544)
    - neighboring facets: f5250 f4682 f4684
- f4684
    - flags: top simplicial
    - normal:    0.6067  -0.7847  -0.1268
    - offset: -0.03669363
    - vertices: p3227(v878) p2253(v876) p1977(v720)
    - neighboring facets: f4674 f4689 f4683
- f4685
    - flags: bottom simplicial
    - normal:    0.5042   -0.747  -0.4334
    - offset: -0.03699826
    - vertices: p3227(v878) p2977(v719) p290(v254)
    - neighboring facets: f3857 f4688 f4687
- f4686
    - flags: top simplicial
    - normal:    0.4083  -0.8961  -0.1738
    - offset: -0.0417309
    - vertices: p3227(v878) p2461(v875) p1160(v380)
    - neighboring facets: f4673 f4682 f4687
- f4687
    - flags: bottom simplicial
    - normal:    0.3925   -0.895  -0.2118
    - offset: -0.04192293
    - vertices: p3227(v878) p2461(v875) p2977(v719)
    - neighboring facets: f4669 f4685 f4686
- f4688
    - flags: top simplicial
    - normal:    0.6584  -0.6843  -0.3134
    - offset: -0.03357379
    - vertices: p3227(v878) p808(v877) p290(v254)
    - neighboring facets: f4680 f4685 f4689
- f4689
    - flags: bottom simplicial
    - normal:    0.6908  -0.6853  -0.2306
    - offset: -0.03308468
    - vertices: p3227(v878) p808(v877) p1977(v720)
    - neighboring facets: f4679 f4684 f4688
- f4690
    - flags: bottom simplicial
    - normal:     0.386  -0.9175  0.09607
    - offset: -0.04123446
    - vertices: p3002(v879) p2129(v721) p2419(v543)
    - neighboring facets: f3867 f4692 f5254
- f4692
    - flags: top simplicial
    - normal:    0.6065   -0.775   0.1777
    - offset: -0.03478789
    - vertices: p3002(v879) p2106(v868) p2419(v543)
    - neighboring facets: f4627 f4690 f5257
- f4694
    - flags: top simplicial
    - normal:   -0.2495  -0.7792   -0.575
    - offset: -0.03956371
    - vertices: p3348(v880) p1985(v722) p364(v153)
    - neighboring facets: f3873 f4696 f4695
- f4695
    - flags: bottom simplicial
    - normal:   -0.2562  -0.8104  -0.5268
    - offset: -0.04055646
    - vertices: p3348(v880) p1985(v722) p3291(v545)
    - neighboring facets: f4702 f4699 f4694
- f4696
    - flags: bottom simplicial
    - normal:   -0.5744  -0.6933  -0.4351
    - offset: -0.03539233
    - vertices: p3348(v880) p3700(v548) p364(v153)
    - neighboring facets: f2932 f4694 f4697
- f4697
    - flags: top simplicial
    - normal:   -0.5746  -0.7231  -0.3835
    - offset: -0.03627673
    - vertices: p3348(v880) p3700(v548) p62(v386)
    - neighboring facets: f5172 f4698 f4696
- f4698
    - flags: top simplicial
    - normal:   -0.4962  -0.7957  -0.3473
    - offset: -0.03899177
    - vertices: p3348(v880) p62(v386) p285(v259)
    - neighboring facets: f2925 f4699 f4697
- f4699
    - flags: bottom simplicial
    - normal:   -0.4441  -0.8163  -0.3694
    - offset: -0.03995699
    - vertices: p3348(v880) p3291(v545) p285(v259)
    - neighboring facets: f5262 f4698 f4695
- f4700
    - flags: bottom simplicial
    - normal:   -0.1363  -0.7907  -0.5968
    - offset: -0.04004713
    - vertices: p488(v881) p482(v383) p758(v85)
    - neighboring facets: f2015 f5600 f4701
- f4701
    - flags: bottom simplicial
    - normal:    -0.153  -0.7773  -0.6102
    - offset: -0.03958404
    - vertices: p488(v881) p1985(v722) p482(v383)
    - neighboring facets: f3874 f4700 f4702
- f4702
    - flags: top simplicial
    - normal:   -0.2269  -0.8298  -0.5099
    - offset: -0.0412136
    - vertices: p488(v881) p1985(v722) p3291(v545)
    - neighboring facets: f4695 f5263 f4701
- f4706
    - flags: bottom simplicial
    - normal:   -0.8864 -0.06611  -0.4581
    - offset: -0.01040591
    - vertices: p3654(v882) p320(v551) p3150(v390)
    - neighboring facets: f2958 f4708 f5267
- f4708
    - flags: top simplicial
    - normal:   -0.9202 -0.05525  -0.3875
    - offset: -0.009579837
    - vertices: p3654(v882) p3775(v469) p3150(v390)
    - neighboring facets: f2963 f4706 f4709
- f4709
    - flags: top simplicial
    - normal:   -0.9046 -0.04048  -0.4243
    - offset: -0.009278612
    - vertices: p3654(v882) p181(v725) p3775(v469)
    - neighboring facets: f3890 f4708 f5268
- f4710
    - flags: top simplicial
    - normal:   -0.9984 -0.03938 -0.04097
    - offset: -0.007096156
    - vertices: p2603(v883) p2661(v728) p2918(v554)
    - neighboring facets: f3905 f4714 f4712
- f4711
    - flags: bottom simplicial
    - normal:   -0.9998 -0.01949 0.0003203
    - offset: -0.006156065
    - vertices: p2603(v883) p495(v392) p2698(v1)
    - neighboring facets: f3914 f4713 f4712
- f4712
    - flags: bottom simplicial
    - normal:   -0.9993 -0.03647 -0.004396
    - offset: -0.006796178
    - vertices: p2603(v883) p2661(v728) p495(v392)
    - neighboring facets: f3906 f4711 f4710
- f4713
    - flags: top simplicial
    - normal:   -0.9988  0.01269 -0.04718
    - offset: -0.005240084
    - vertices: p2603(v883) p3889(v86) p2698(v1)
    - neighboring facets: f1254 f4711 f4714
- f4714
    - flags: top simplicial
    - normal:   -0.9976 -0.009947 -0.06893
    - offset: -0.006174804
    - vertices: p2603(v883) p2918(v554) p3889(v86)
    - neighboring facets: f2968 f4713 f4710
- f4715
    - flags: top simplicial
    - normal:   0.03617 -0.04566   0.9983
    - offset: -0.002013872
    - vertices: p3049(v884) p1970(v731) p1777(v365)
    - neighboring facets: f3922 f4717 f4716
- f4716
    - flags: bottom simplicial
    - normal:   0.03422 -0.04315   0.9985
    - offset: -0.001932951
    - vertices: p3049(v884) p1970(v731) p3022(v559)
    - neighboring facets: f3919 f4718 f4715
- f4717
    - flags: top simplicial
    - normal:   0.02153 -0.04709   0.9987
    - offset: -0.002084791
    - vertices: p3049(v884) p1777(v365) p340(v240)
    - neighboring facets: f4460 f4718 f4715
- f4718
    - flags: bottom simplicial
    - normal:   0.01794  -0.0427   0.9989
    - offset: -0.001943853
    - vertices: p3049(v884) p3022(v559) p340(v240)
    - neighboring facets: f2996 f4717 f4716
- f4721
    - flags: top simplicial
    - normal:    0.3006  -0.1031   0.9482
    - offset: -0.004075867
    - vertices: p1774(v885) p2257(v402) p1892(v270)
    - neighboring facets: f2131 f4722 f4724
- f4722
    - flags: bottom simplicial
    - normal:    0.3142  -0.1087   0.9431
    - offset: -0.004289776
    - vertices: p1774(v885) p3495(v732) p1892(v270)
    - neighboring facets: f5611 f4721 f5612
- f4724
    - flags: bottom simplicial
    - normal:    0.2633 -0.09716   0.9598
    - offset: -0.003820017
    - vertices: p1774(v885) p2257(v402) p627(v161)
    - neighboring facets: f3040 f4725 f4721
- f4725
    - flags: top simplicial
    - normal:    0.2503 -0.09644   0.9633
    - offset: -0.003777972
    - vertices: p1774(v885) p2465(v564) p627(v161)
    - neighboring facets: f3022 f4724 f5944
- f4728
    - flags: bottom simplicial
    - normal:    0.4113  -0.1504    0.899
    - offset: -0.005946641
    - vertices: p114(v886) p2636(v733) p2028(v405)
    - neighboring facets: f3930 f5276 f5279
- f4731
    - flags: bottom simplicial
    - normal:   0.03584 -0.08628   0.9956
    - offset: -0.003423977
    - vertices: p1322(v887) p1686(v734) p2078(v685)
    - neighboring facets: f4464 f5283 f5288
- f4732
    - flags: bottom simplicial
    - normal:    0.6141 -0.09449   0.7835
    - offset: -0.005853453
    - vertices: p3110(v888) p2619(v759) p2116(v571)
    - neighboring facets: f4048 f5298 f5290
- f4735
    - flags: top simplicial
    - normal:    0.4862 -0.07733   0.8704
    - offset: -0.004511439
    - vertices: p3110(v888) p87(v589) p3249(v163)
    - neighboring facets: f4047 f4736 f5289
- f4736
    - flags: bottom simplicial
    - normal:    0.5496 -0.08191   0.8314
    - offset: -0.005085412
    - vertices: p3110(v888) p1820(v736) p3249(v163)
    - neighboring facets: f3942 f4735 f5625
- f4744
    - flags: bottom simplicial
    - normal:    0.9272   -0.107   0.3589
    - offset: -0.009356144
    - vertices: p2473(v890) p1195(v577) p2090(v414)
    - neighboring facets: f3092 f4745 f4746
- f4745
    - flags: top simplicial
    - normal:    0.9258  -0.1058   0.3629
    - offset: -0.009326151
    - vertices: p2473(v890) p826(v738) p2090(v414)
    - neighboring facets: f3953 f4744 f4746
- f4746
    - flags: bottom simplicial
    - normal:    0.9215  -0.1043   0.3741
    - offset: -0.009250833
    - vertices: p2473(v890) p826(v738) p1195(v577)
    - neighboring facets: f4022 f4744 f4745
- f4749
    - flags: top simplicial
    - normal:    0.9609  -0.1185   0.2502
    - offset: -0.01003336
    - vertices: p2194(v891) p2595(v573) p3796(v167)
    - neighboring facets: f3073 f4750 f5630
- f4750
    - flags: bottom simplicial
    - normal:    0.9603  -0.1181   0.2527
    - offset: -0.0100167
    - vertices: p2194(v891) p2333(v740) p3796(v167)
    - neighboring facets: f3961 f4749 f5303
- f4755
    - flags: bottom simplicial
    - normal:    0.9546  -0.1257   0.2702
    - offset: -0.0100166
    - vertices: p3603(v893) p1582(v575) p1531(v431)
    - neighboring facets: f3192 f4757 f4756
- f4756
    - flags: bottom simplicial
    - normal:    0.9543  -0.1253   0.2715
    - offset: -0.01000432
    - vertices: p3603(v893) p1917(v744) p1582(v575)
    - neighboring facets: f3979 f4755 f5306
- f4757
    - flags: top simplicial
    - normal:    0.9638  -0.1247   0.2355
    - offset: -0.01017237
    - vertices: p3603(v893) p1647(v742) p1531(v431)
    - neighboring facets: f3967 f4755 f5305
- f4765
    - flags: top simplicial
    - normal:     0.773  -0.1031    0.626
    - offset: -0.007428242
    - vertices: p2243(v895) p1645(v592) p2879(v416)
    - neighboring facets: f4071 f4766 f4767
- f4766
    - flags: bottom simplicial
    - normal:    0.7848  -0.1056   0.6106
    - offset: -0.007585483
    - vertices: p2243(v895) p3456(v746) p2879(v416)
    - neighboring facets: f3989 f4765 f4767
- f4767
    - flags: top simplicial
    - normal:    0.7705  -0.1037   0.6289
    - offset: -0.007408624
    - vertices: p2243(v895) p3456(v746) p1645(v592)
    - neighboring facets: f3990 f4765 f4766
- f4768
    - flags: top simplicial
    - normal:    0.8548  -0.1557    0.495
    - offset: -0.009399961
    - vertices: p562(v896) p2864(v588) p1383(v424)
    - neighboring facets: f3152 f4769 f4770
- f4769
    - flags: bottom simplicial
    - normal:    0.8506  -0.1535   0.5029
    - offset: -0.009304316
    - vertices: p562(v896) p392(v747) p1383(v424)
    - neighboring facets: f3993 f4768 f4773
- f4770
    - flags: top simplicial
    - normal:     0.887  -0.1542   0.4353
    - offset: -0.009708426
    - vertices: p562(v896) p3093(v757) p2864(v588)
    - neighboring facets: f4074 f4768 f4771
- f4771
    - flags: bottom simplicial
    - normal:    0.8789  -0.1432   0.4551
    - offset: -0.009362433
    - vertices: p562(v896) p3093(v757) p2229(v98)
    - neighboring facets: f4038 f4772 f4770
- f4772
    - flags: top simplicial
    - normal:    0.8693  -0.1394   0.4743
    - offset: -0.009171014
    - vertices: p562(v896) p1653(v578) p2229(v98)
    - neighboring facets: f4008 f4771 f4773
- f4773
    - flags: top simplicial
    - normal:    0.8637  -0.1395   0.4843
    - offset: -0.009113498
    - vertices: p562(v896) p392(v747) p1653(v578)
    - neighboring facets: f3994 f4772 f4769
- f4774
    - flags: top simplicial
    - normal:    0.9343  -0.1332   0.3308
    - offset: -0.009828794
    - vertices: p1746(v897) p1582(v575) p1456(v430)
    - neighboring facets: f3081 f4775 f4776
- f4775
    - flags: bottom simplicial
    - normal:     0.927  -0.1343   0.3503
    - offset: -0.009747526
    - vertices: p1746(v897) p2033(v748) p1456(v430)
    - neighboring facets: f3999 f4774 f4776
- f4776
    - flags: top simplicial
    - normal:    0.9255  -0.1301   0.3557
    - offset: -0.009645176
    - vertices: p1746(v897) p2033(v748) p1582(v575)
    - neighboring facets: f4004 f4774 f4775
- f4777
    - flags: bottom simplicial
    - normal:    0.9247  -0.1168   0.3625
    - offset: -0.009416022
    - vertices: p2387(v898) p143(v743) p3852(v415)
    - neighboring facets: f3986 f4778 f4780
- f4778
    - flags: top simplicial
    - normal:    0.8947  -0.1126   0.4323
    - offset: -0.008952138
    - vertices: p2387(v898) p914(v751) p3852(v415)
    - neighboring facets: f4011 f4777 f4779
- f4779
    - flags: bottom simplicial
    - normal:    0.8942  -0.1128   0.4333
    - offset: -0.008947496
    - vertices: p2387(v898) p914(v751) p2070(v749)
    - neighboring facets: f4013 f4781 f4778
- f4780
    - flags: top simplicial
    - normal:    0.9339  -0.1208   0.3365
    - offset: -0.009607121
    - vertices: p2387(v898) p143(v743) p1582(v575)
    - neighboring facets: f3975 f4781 f4777
- f4781
    - flags: bottom simplicial
    - normal:    0.9321  -0.1212   0.3413
    - offset: -0.009587507
    - vertices: p2387(v898) p2070(v749) p1582(v575)
    - neighboring facets: f4004 f4780 f4779
- f4783
    - flags: bottom simplicial
    - normal:    0.8514  -0.1137   0.5121
    - offset: -0.008433868
    - vertices: p887(v899) p468(v750) p2681(v579)
    - neighboring facets: f4010 f5308 f5311
- f4786
    - flags: top simplicial
    - normal:    0.9815   -0.113   0.1548
    - offset: -0.01049924
    - vertices: p1669(v900) p1514(v583) p2595(v573)
    - neighboring facets: f3122 f5315 f4787
- f4787
    - flags: top simplicial
    - normal:    0.9816  -0.1125   0.1545
    - offset: -0.01049883
    - vertices: p1669(v900) p412(v754) p1514(v583)
    - neighboring facets: f4024 f4786 f5313
- f4791
    - flags: bottom simplicial
    - normal:    0.7776 -0.09862    0.621
    - offset: -0.007435366
    - vertices: p1948(v901) p827(v763) p2879(v416)
    - neighboring facets: f4071 f5319 f5317
- f4793
    - flags: top simplicial
    - normal:    0.9213  -0.1835   0.3429
    - offset: -0.01084625
    - vertices: p2567(v902) p3192(v594) p3933(v290)
    - neighboring facets: f4080 f4796 f4794
- f4794
    - flags: top simplicial
    - normal:    0.9206  -0.1834   0.3447
    - offset: -0.01083377
    - vertices: p2567(v902) p2184(v764) p3192(v594)
    - neighboring facets: f4075 f4793 f4795
- f4795
    - flags: bottom simplicial
    - normal:    0.8936  -0.1901   0.4067
    - offset: -0.01065534
    - vertices: p2567(v902) p2184(v764) p2864(v588)
    - neighboring facets: f4074 f4797 f4794
- f4796
    - flags: top simplicial
    - normal:    0.8932  -0.2482   0.3749
    - offset: -0.01215515
    - vertices: p2567(v902) p3933(v290) p425(v97)
    - neighboring facets: f1503 f4797 f4793
- f4797
    - flags: bottom simplicial
    - normal:    0.8647  -0.2171   0.4529
    - offset: -0.01099968
    - vertices: p2567(v902) p2864(v588) p425(v97)
    - neighboring facets: f3151 f4796 f4795
- f4798
    - flags: bottom simplicial
    - normal:   0.03451  -0.1398   0.9896
    - offset: -0.005420877
    - vertices: p3333(v903) p3422(v432) p3666(v291)
    - neighboring facets: f2277 f4799 f4800
- f4799
    - flags: top simplicial
    - normal:   0.03323  -0.1439    0.989
    - offset: -0.005583948
    - vertices: p3333(v903) p3609(v767) p3666(v291)
    - neighboring facets: f4084 f4798 f4800
- f4800
    - flags: bottom simplicial
    - normal:   0.04295  -0.1403   0.9892
    - offset: -0.005426277
    - vertices: p3333(v903) p3609(v767) p3422(v432)
    - neighboring facets: f5926 f4798 f4799
- f4806
    - flags: top simplicial
    - normal:    0.4784  -0.2339   0.8464
    - offset: -0.009446907
    - vertices: p3412(v905) p3927(v771) p1343(v603)
    - neighboring facets: f5335 f5636 f4807
- f4807
    - flags: bottom simplicial
    - normal:    0.4905   -0.227   0.8414
    - offset: -0.009184535
    - vertices: p3412(v905) p3927(v771) p3100(v604)
    - neighboring facets: f4103 f5679 f4806
- f4813
    - flags: bottom simplicial
    - normal:    0.4739  -0.6505   0.5935
    - offset: -0.02793184
    - vertices: p1877(v906) p3570(v772) p700(v180)
    - neighboring facets: f4622 f4817 f5331
- f4815
    - flags: top simplicial
    - normal:    0.7512  -0.5389   0.3812
    - offset: -0.02397149
    - vertices: p1877(v906) p3637(v602) p1869(v293)
    - neighboring facets: f3223 f4816 f5330
- f4816
    - flags: bottom simplicial
    - normal:    0.7592  -0.6024   0.2464
    - offset: -0.02716069
    - vertices: p1877(v906) p1026(v718) p1869(v293)
    - neighboring facets: f4667 f4815 f4818
- f4817
    - flags: top simplicial
    - normal:    0.6124  -0.7487    0.254
    - offset: -0.03340152
    - vertices: p1877(v906) p2106(v868) p700(v180)
    - neighboring facets: f5220 f4813 f4818
- f4818
    - flags: bottom simplicial
    - normal:     0.633  -0.7472   0.2026
    - offset: -0.03350585
    - vertices: p1877(v906) p2106(v868) p1026(v718)
    - neighboring facets: f4627 f4816 f4817
- f4820
    - flags: bottom simplicial
    - normal:    0.7511  -0.4158   0.5129
    - offset: -0.01830595
    - vertices: p2492(v907) p3637(v602) p1728(v436)
    - neighboring facets: f3223 f5338 f5329
- f4838
    - flags: bottom simplicial
    - normal:   0.08312  -0.5753   0.8137
    - offset: -0.0240318
    - vertices: p1003(v910) p3051(v600) p2306(v295)
    - neighboring facets: f3213 f5365 f5647
- f4852
    - flags: bottom simplicial
    - normal:    0.5428  -0.1978   0.8162
    - offset: -0.008118296
    - vertices: p3031(v912) p3100(v604) p3195(v437)
    - neighboring facets: f4103 f4853 f4854
- f4853
    - flags: top simplicial
    - normal:     0.543  -0.1977   0.8161
    - offset: -0.008113742
    - vertices: p3031(v912) p1490(v774) p3195(v437)
    - neighboring facets: f4122 f4852 f4854
- f4854
    - flags: bottom simplicial
    - normal:     0.543  -0.1976   0.8162
    - offset: -0.008112569
    - vertices: p3031(v912) p1490(v774) p3100(v604)
    - neighboring facets: f4127 f4852 f4853
- f4855
    - flags: top simplicial
    - normal:    0.3974  -0.1539   0.9046
    - offset: -0.006048184
    - vertices: p1277(v913) p1861(v568) p2028(v405)
    - neighboring facets: f3930 f5376 f5946
- f4863
    - flags: bottom simplicial
    - normal:    0.9867  -0.1561  0.04528
    - offset: -0.01167633
    - vertices: p583(v914) p3537(v778) p2286(v448)
    - neighboring facets: f4146 f4864 f4865
- f4864
    - flags: top simplicial
    - normal:    0.9862  -0.1589  0.04539
    - offset: -0.01173714
    - vertices: p583(v914) p1963(v779) p2286(v448)
    - neighboring facets: f4147 f4863 f4865
- f4865
    - flags: bottom simplicial
    - normal:    0.9873  -0.1574  0.02053
    - offset: -0.01182601
    - vertices: p583(v914) p1963(v779) p3537(v778)
    - neighboring facets: f4153 f4863 f4864
- f4866
    - flags: top simplicial
    - normal:    0.7354 -0.09936  -0.6704
    - offset: -0.0136959
    - vertices: p68(v915) p663(v450) p1232(v10)
    - neighboring facets: f2373 f4868 f4867
- f4867
    - flags: top simplicial
    - normal:    0.7366 -0.09923   -0.669
    - offset: -0.01369365
    - vertices: p68(v915) p1353(v781) p663(v450)
    - neighboring facets: f4160 f4866 f4871
- f4868
    - flags: bottom simplicial
    - normal:    0.7421  -0.1005  -0.6627
    - offset: -0.01370237
    - vertices: p68(v915) p2966(v225) p1232(v10)
    - neighboring facets: f1792 f4866 f4869
- f4869
    - flags: top simplicial
    - normal:    0.7589  -0.1026  -0.6431
    - offset: -0.01370432
    - vertices: p68(v915) p2966(v225) p1332(v130)
    - neighboring facets: f1790 f4870 f4868
- f4870
    - flags: bottom simplicial
    - normal:    0.7681  -0.1032   -0.632
    - offset: -0.0136959
    - vertices: p68(v915) p3773(v784) p1332(v130)
    - neighboring facets: f4188 f4869 f5382
- f4871
    - flags: bottom simplicial
    - normal:    0.7779  -0.1027    -0.62
    - offset: -0.01367266
    - vertices: p68(v915) p1353(v781) p2872(v452)
    - neighboring facets: f4162 f5381 f4867
- f4882
    - flags: bottom simplicial
    - normal:    0.9516  -0.1161  -0.2845
    - offset: -0.01267337
    - vertices: p3556(v917) p391(v782) p3248(v460)
    - neighboring facets: f5456 f4883 f5693
- f4883
    - flags: top simplicial
    - normal:    0.9543  -0.1168  -0.2751
    - offset: -0.01263566
    - vertices: p3556(v917) p3535(v916) p3248(v460)
    - neighboring facets: f4971 f4882 f5687
- f4884
    - flags: bottom simplicial
    - normal:    0.9534  -0.1294  -0.2727
    - offset: -0.01277715
    - vertices: p3556(v917) p1407(v632) p1482(v60)
    - neighboring facets: f4254 f5394 f4885
- f4885
    - flags: top simplicial
    - normal:    0.9538  -0.1295   -0.271
    - offset: -0.01276974
    - vertices: p3556(v917) p1407(v632) p380(v195)
    - neighboring facets: f3373 f5004 f4884
- f4892
    - flags: bottom simplicial
    - normal:    0.8705  -0.2266  -0.4369
    - offset: -0.01570427
    - vertices: p1940(v918) p707(v638) p3325(v74)
    - neighboring facets: f3407 f4893 f4965
- f4893
    - flags: top simplicial
    - normal:    0.8469  -0.2243  -0.4822
    - offset: -0.01584474
    - vertices: p1940(v918) p1395(v637) p3325(v74)
    - neighboring facets: f3403 f4892 f4894
- f4894
    - flags: bottom simplicial
    - normal:    0.8408  -0.2208  -0.4943
    - offset: -0.01581384
    - vertices: p1940(v918) p1395(v637) p3223(v458)
    - neighboring facets: f3584 f5403 f4893
- f4895
    - flags: bottom simplicial
    - normal:    0.8705  -0.1348  -0.4733
    - offset: -0.01381214
    - vertices: p1415(v919) p3860(v783) p996(v616)
    - neighboring facets: f4190 f4897 f5401
- f4896
    - flags: bottom simplicial
    - normal:    0.9316  -0.1464  -0.3327
    - offset: -0.01341041
    - vertices: p1415(v919) p744(v801) p748(v315)
    - neighboring facets: f4259 f5404 f4897
- f4897
    - flags: top simplicial
    - normal:    0.9126  -0.1317  -0.3871
    - offset: -0.01338075
    - vertices: p1415(v919) p744(v801) p996(v616)
    - neighboring facets: f4262 f4895 f4896
- f4900
    - flags: bottom simplicial
    - normal:    0.8489  -0.1124  -0.5164
    - offset:  -0.013552
    - vertices: p71(v920) p2642(v785) p325(v617)
    - neighboring facets: f4183 f4902 f5411
- f4901
    - flags: bottom simplicial
    - normal:    0.8123   -0.108  -0.5732
    - offset: -0.01364824
    - vertices: p71(v920) p3773(v784) p2872(v452)
    - neighboring facets: f5380 f5697 f4902
- f4902
    - flags: top simplicial
    - normal:    0.8424  -0.1121   -0.527
    - offset: -0.01357965
    - vertices: p71(v920) p3773(v784) p325(v617)
    - neighboring facets: f4187 f4900 f4901
- f4906
    - flags: top simplicial
    - normal:    0.8843   -0.123  -0.4505
    - offset: -0.01349174
    - vertices: p1870(v921) p996(v616) p1005(v451)
    - neighboring facets: f4262 f4907 f4908
- f4907
    - flags: bottom simplicial
    - normal:    0.8751  -0.1211  -0.4685
    - offset: -0.01352541
    - vertices: p1870(v921) p2746(v786) p1005(v451)
    - neighboring facets: f4186 f4906 f4908
- f4908
    - flags: top simplicial
    - normal:    0.8741  -0.1221  -0.4702
    - offset: -0.01355177
    - vertices: p1870(v921) p2746(v786) p996(v616)
    - neighboring facets: f4190 f4906 f4907
- f4909
    - flags: top simplicial
    - normal:    0.7821 -0.09687  -0.6155
    - offset: -0.01362859
    - vertices: p1326(v922) p1353(v781) p2742(v619)
    - neighboring facets: f4162 f5413 f4911
- f4911
    - flags: bottom simplicial
    - normal:    0.7497  -0.0956  -0.6548
    - offset: -0.01366322
    - vertices: p1326(v922) p1353(v781) p3198(v618)
    - neighboring facets: f4160 f4912 f4909
- f4912
    - flags: bottom simplicial
    - normal:    0.7495 -0.08887   -0.656
    - offset:  -0.013634
    - vertices: p1326(v922) p3198(v618) p591(v311)
    - neighboring facets: f4192 f4913 f4911
- f4913
    - flags: top simplicial
    - normal:     0.751 -0.08877  -0.6543
    - offset: -0.01363256
    - vertices: p1326(v922) p2460(v788) p591(v311)
    - neighboring facets: f4198 f4912 f5414
- f4914
    - flags: bottom simplicial
    - normal:    0.8636  -0.1086  -0.4924
    - offset: -0.01344166
    - vertices: p3534(v923) p913(v789) p2872(v452)
    - neighboring facets: f5699 f4916 f5421
- f4916
    - flags: top simplicial
    - normal:    0.8499  -0.1039  -0.5166
    - offset: -0.01347238
    - vertices: p3534(v923) p2742(v619) p2872(v452)
    - neighboring facets: f4162 f4914 f4917
- f4917
    - flags: top simplicial
    - normal:    0.8651  -0.1031  -0.4909
    - offset: -0.0133941
    - vertices: p3534(v923) p637(v620) p2742(v619)
    - neighboring facets: f4918 f4916 f5420
- f4918
    - flags: bottom simplicial
    - normal:    0.8684  -0.1025  -0.4851
    - offset: -0.01337346
    - vertices: p3973(v924) p637(v620) p2742(v619)
    - neighboring facets: f4917 f4920 f5416
- f4920
    - flags: top simplicial
    - normal:    0.8207 -0.09076  -0.5641
    - offset: -0.01352863
    - vertices: p3973(v924) p2460(v788) p2742(v619)
    - neighboring facets: f5412 f4918 f4921
- f4921
    - flags: top simplicial
    - normal:    0.8618 -0.05109  -0.5047
    - offset: -0.0132786
    - vertices: p3973(v924) p2652(v790) p2460(v788)
    - neighboring facets: f4207 f4920 f5417
- f4930
    - flags: bottom simplicial
    - normal:    0.9834  -0.1159   0.1396
    - offset: -0.01059039
    - vertices: p681(v926) p2079(v791) p1239(v624)
    - neighboring facets: f4213 f4932 f5427
- f4931
    - flags: top simplicial
    - normal:    0.9834  -0.1158   0.1398
    - offset: -0.01058847
    - vertices: p681(v926) p2598(v418) p2592(v282)
    - neighboring facets: f3120 f4932 f4933
- f4932
    - flags: bottom simplicial
    - normal:    0.9835  -0.1159   0.1391
    - offset: -0.01059296
    - vertices: p681(v926) p1239(v624) p2592(v282)
    - neighboring facets: f3333 f4931 f4930
- f4933
    - flags: bottom simplicial
    - normal:    0.9834  -0.1159   0.1397
    - offset: -0.01059008
    - vertices: p681(v926) p2598(v418) p2948(v279)
    - neighboring facets: f3067 f5708 f4931
- f4935
    - flags: bottom simplicial
    - normal:     0.975  -0.1246   0.1838
    - offset: -0.01043197
    - vertices: p1244(v927) p2595(v573) p888(v411)
    - neighboring facets: f3968 f4936 f4937
- f4936
    - flags: top simplicial
    - normal:    0.9758  -0.1249   0.1796
    - offset: -0.01045665
    - vertices: p1244(v927) p1452(v792) p888(v411)
    - neighboring facets: f4217 f4935 f4937
- f4937
    - flags: bottom simplicial
    - normal:    0.9752  -0.1246   0.1828
    - offset: -0.01043697
    - vertices: p1244(v927) p1452(v792) p2595(v573)
    - neighboring facets: f4218 f4935 f4936
- f4938
    - flags: top simplicial
    - normal:    0.9839   -0.128   0.1244
    - offset: -0.01078586
    - vertices: p1551(v928) p1454(v796) p675(v454)
    - neighboring facets: f4234 f4939 f5433
- f4939
    - flags: bottom simplicial
    - normal:      0.99  -0.1273  0.06019
    - offset: -0.01109804
    - vertices: p1551(v928) p2426(v797) p675(v454)
    - neighboring facets: f4241 f4938 f5429
- f4944
    - flags: top simplicial
    - normal:    0.9759   -0.125   0.1791
    - offset: -0.01046006
    - vertices: p1179(v929) p2978(v795) p2448(v622)
    - neighboring facets: f4230 f4945 f4946
- f4945
    - flags: bottom simplicial
    - normal:    0.9777  -0.1251   0.1688
    - offset: -0.01051748
    - vertices: p1179(v929) p1454(v796) p2448(v622)
    - neighboring facets: f4234 f4944 f5714
- f4946
    - flags: bottom simplicial
    - normal:     0.976  -0.1252   0.1784
    - offset: -0.01046657
    - vertices: p1179(v929) p2978(v795) p888(v411)
    - neighboring facets: f4230 f5717 f4944
- f4950
    - flags: top simplicial
    - normal:    0.9882  -0.1315 -0.07801
    - offset: -0.01184497
    - vertices: p2741(v930) p480(v798) p1584(v314)
    - neighboring facets: f4248 f4952 f4951
- f4951
    - flags: bottom simplicial
    - normal:    0.9881   -0.131 -0.08037
    - offset: -0.01184947
    - vertices: p2741(v930) p480(v798) p2807(v455)
    - neighboring facets: f4249 f4953 f4950
- f4952
    - flags: bottom simplicial
    - normal:    0.9893  -0.1306 -0.06494
    - offset: -0.01176305
    - vertices: p2741(v930) p2220(v453) p1584(v314)
    - neighboring facets: f3319 f4950 f4953
- f4953
    - flags: bottom simplicial
    - normal:    0.9893  -0.1306 -0.06502
    - offset: -0.01176261
    - vertices: p2741(v930) p2807(v455) p2220(v453)
    - neighboring facets: f2407 f4952 f4951
- f4954
    - flags: top simplicial
    - normal:      0.96  -0.2396  -0.1448
    - offset: -0.01451851
    - vertices: p621(v931) p3715(v802) p1159(v495)
    - neighboring facets: f4268 f4956 f4957
- f4955
    - flags: bottom simplicial
    - normal:    0.9677  -0.2358 -0.08893
    - offset: -0.01414538
    - vertices: p621(v931) p680(v227) p1250(v131)
    - neighboring facets: f2613 f4956 f5100
- f4956
    - flags: top simplicial
    - normal:    0.9647  -0.2424  -0.1032
    - offset: -0.01436981
    - vertices: p621(v931) p1159(v495) p1250(v131)
    - neighboring facets: f2621 f4955 f4954
- f4957
    - flags: bottom simplicial
    - normal:    0.9687  -0.1791  -0.1721
    - offset: -0.01328253
    - vertices: p621(v931) p3715(v802) p569(v633)
    - neighboring facets: f4280 f5097 f4954
- f4962
    - flags: top simplicial
    - normal:    0.9425  -0.1765   -0.284
    - offset: -0.01379945
    - vertices: p3705(v932) p569(v633) p748(v315)
    - neighboring facets: f4273 f5405 f4963
- f4963
    - flags: top simplicial
    - normal:    0.9432   -0.192  -0.2711
    - offset: -0.01408571
    - vertices: p3705(v932) p597(v804) p569(v633)
    - neighboring facets: f4280 f4962 f4964
- f4964
    - flags: bottom simplicial
    - normal:    0.9125   -0.231  -0.3377
    - offset: -0.01533192
    - vertices: p3705(v932) p597(v804) p707(v638)
    - neighboring facets: f4278 f4965 f4963
- f4965
    - flags: top simplicial
    - normal:    0.9041  -0.2067  -0.3739
    - offset: -0.0149556
    - vertices: p3705(v932) p1940(v918) p707(v638)
    - neighboring facets: f4892 f4964 f5406
- f4971
    - flags: bottom simplicial
    - normal:    0.9574  -0.1163  -0.2643
    - offset: -0.01258266
    - vertices: p2850(v934) p3535(v916) p3248(v460)
    - neighboring facets: f4883 f5454 f5685
- f4977
    - flags: top simplicial
    - normal:    0.9718  0.06209  -0.2277
    - offset: -0.01172318
    - vertices: p2275(v935) p2009(v639) p2659(v192)
    - neighboring facets: f3418 f4979 f4978
- f4978
    - flags: top simplicial
    - normal:    0.9727 -0.02859  -0.2305
    - offset: -0.01208898
    - vertices: p2275(v935) p2312(v805) p2009(v639)
    - neighboring facets: f5442 f4977 f5465
- f4979
    - flags: bottom simplicial
    - normal:    0.9221  -0.1036  -0.3728
    - offset: -0.01298491
    - vertices: p2275(v935) p2652(v790) p2659(v192)
    - neighboring facets: f4207 f4977 f5730
- f4988
    - flags: bottom simplicial
    - normal:    0.9786  -0.1229  -0.1651
    - offset: -0.0121675
    - vertices: p1290(v937) p1990(v806) p1670(v641)
    - neighboring facets: f4999 f4992 f5468
- f4989
    - flags: bottom simplicial
    - normal:    0.9902  -0.1263 -0.05991
    - offset: -0.01168508
    - vertices: p1290(v937) p714(v313) p1441(v194)
    - neighboring facets: f2385 f4990 f4991
- f4990
    - flags: top simplicial
    - normal:    0.9898  -0.1273 -0.06353
    - offset: -0.01171413
    - vertices: p1290(v937) p2807(v455) p1441(v194)
    - neighboring facets: f2407 f4989 f5467
- f4991
    - flags: bottom simplicial
    - normal:    0.9908   -0.124 -0.05441
    - offset: -0.01163379
    - vertices: p1290(v937) p1546(v630) p714(v313)
    - neighboring facets: f3368 f4989 f4993
- f4992
    - flags: top simplicial
    - normal:    0.9831  -0.1162  -0.1413
    - offset: -0.01199666
    - vertices: p1290(v937) p3068(v808) p1670(v641)
    - neighboring facets: f4298 f4988 f4995
- f4993
    - flags: top simplicial
    - normal:    0.9912  -0.1218 -0.05225
    - offset: -0.01160104
    - vertices: p1290(v937) p1546(v630) p739(v59)
    - neighboring facets: f3367 f4994 f4991
- f4994
    - flags: bottom simplicial
    - normal:     0.991  -0.1171  -0.0651
    - offset: -0.01162567
    - vertices: p1290(v937) p2009(v639) p739(v59)
    - neighboring facets: f3420 f4993 f4995
- f4995
    - flags: bottom simplicial
    - normal:    0.9834  -0.1159  -0.1399
    - offset: -0.01198763
    - vertices: p1290(v937) p3068(v808) p2009(v639)
    - neighboring facets: f4301 f4994 f4992
- f4998
    - flags: bottom simplicial
    - normal:    0.9758  -0.1251  -0.1793
    - offset: -0.01225374
    - vertices: p1999(v938) p1990(v806) p965(v317)
    - neighboring facets: f5471 f5389 f4999
- f4999
    - flags: top simplicial
    - normal:    0.9758  -0.1251  -0.1793
    - offset: -0.01225374
    - vertices: p1999(v938) p1990(v806) p1670(v641)
    - neighboring facets: f4988 f5387 f4998
- f5000
    - flags: bottom simplicial
    - normal:    0.9703  -0.1247  -0.2071
    - offset: -0.01238648
    - vertices: p720(v939) p1753(v809) p965(v317)
    - neighboring facets: f5390 f5006 f5473
- f5004
    - flags: top simplicial
    - normal:    0.9569  -0.1288  -0.2601
    - offset: -0.01270686
    - vertices: p720(v939) p3556(v917) p380(v195)
    - neighboring facets: f4885 f5005 f5398
- f5005
    - flags: bottom simplicial
    - normal:    0.9633  -0.1403  -0.2289
    - offset: -0.01274548
    - vertices: p720(v939) p2377(v634) p380(v195)
    - neighboring facets: f3385 f5004 f5006
- f5006
    - flags: top simplicial
    - normal:    0.9657  -0.1419  -0.2173
    - offset: -0.01271626
    - vertices: p720(v939) p2377(v634) p965(v317)
    - neighboring facets: f4270 f5000 f5005
- f5012
    - flags: top simplicial
    - normal:    0.1313  -0.0453  -0.9903
    - offset: -0.01188207
    - vertices: p2706(v941) p3956(v811) p1400(v68)
    - neighboring facets: f4313 f5014 f5013
- f5013
    - flags: bottom simplicial
    - normal:    0.1216  0.07567  -0.9897
    - offset: -0.01169445
    - vertices: p2706(v941) p3956(v811) p2199(v71)
    - neighboring facets: f4310 f5015 f5012
- f5014
    - flags: bottom simplicial
    - normal:    0.1611  -0.0506  -0.9856
    - offset: -0.01201633
    - vertices: p2706(v941) p1693(v485) p1400(v68)
    - neighboring facets: f2574 f5012 f5016
- f5015
    - flags: top simplicial
    - normal:    0.1659 -0.05117  -0.9848
    - offset: -0.01203678
    - vertices: p2706(v941) p3734(v336) p2199(v71)
    - neighboring facets: f1757 f5013 f5016
- f5016
    - flags: top simplicial
    - normal:    0.1637 -0.05094  -0.9852
    - offset: -0.01202747
    - vertices: p2706(v941) p1693(v485) p3734(v336)
    - neighboring facets: f2574 f5015 f5014
- f5017
    - flags: bottom simplicial
    - normal:   -0.4541   0.8907 -0.02347
    - offset: -0.005815953
    - vertices: p855(v942) p735(v812) p243(v467)
    - neighboring facets: f4314 f5018 f5477
- f5018
    - flags: bottom simplicial
    - normal:   -0.4367   0.8981 -0.05119
    - offset: -0.006100769
    - vertices: p855(v942) p243(v467) p2924(v198)
    - neighboring facets: f3462 f5019 f5017
- f5019
    - flags: top simplicial
    - normal:   -0.4801   0.8725 -0.09032
    - offset: -0.006137667
    - vertices: p855(v942) p3367(v609) p2924(v198)
    - neighboring facets: f3262 f5018 f5480
- f5023
    - flags: bottom simplicial
    - normal:    0.0377 -0.08719  -0.9955
    - offset: -0.01340801
    - vertices: p249(v943) p65(v660) p2804(v479)
    - neighboring facets: f3524 f5024 f5756
- f5024
    - flags: top simplicial
    - normal:   0.06071  -0.1113  -0.9919
    - offset: -0.01422251
    - vertices: p249(v943) p3716(v818) p2804(v479)
    - neighboring facets: f4345 f5023 f5060
- f5031
    - flags: top simplicial
    - normal:  -0.03613  -0.1487  -0.9882
    - offset: -0.01578844
    - vertices: p2622(v944) p737(v816) p3670(v663)
    - neighboring facets: f4373 f5758 f5772
- f5057
    - flags: bottom simplicial
    - normal:    0.1088  -0.1161  -0.9873
    - offset: -0.01431761
    - vertices: p3204(v948) p3533(v659) p1170(v210)
    - neighboring facets: f3519 f5511 f5058
- f5058
    - flags: bottom simplicial
    - normal:   0.09998  -0.1132  -0.9885
    - offset: -0.01422631
    - vertices: p3204(v948) p3716(v818) p3533(v659)
    - neighboring facets: f4346 f5057 f5060
- f5060
    - flags: bottom simplicial
    - normal:   0.06473  -0.1176  -0.9909
    - offset: -0.0144394
    - vertices: p3204(v948) p249(v943) p3716(v818)
    - neighboring facets: f5024 f5058 f5773
- f5064
    - flags: top simplicial
    - normal:   0.03161  -0.0542   -0.998
    - offset: -0.01229313
    - vertices: p374(v949) p2714(v478) p78(v209)
    - neighboring facets: f3512 f5065 f5066
- f5065
    - flags: bottom simplicial
    - normal:   0.03161  -0.0542   -0.998
    - offset: -0.01229317
    - vertices: p374(v949) p394(v819) p78(v209)
    - neighboring facets: f5751 f5064 f5066
- f5066
    - flags: top simplicial
    - normal:   0.03161  -0.0542   -0.998
    - offset: -0.01229316
    - vertices: p374(v949) p394(v819) p2714(v478)
    - neighboring facets: f4354 f5064 f5065
- f5067
    - flags: top simplicial
    - normal:  -0.06654  -0.4134  -0.9081
    - offset: -0.02619541
    - vertices: p2745(v950) p201(v662) p2967(v255)
    - neighboring facets: f3534 f5069 f5068
- f5068
    - flags: top simplicial
    - normal:  -0.03602  -0.3591  -0.9326
    - offset: -0.02403822
    - vertices: p2745(v950) p1141(v821) p201(v662)
    - neighboring facets: f5078 f5067 f5073
- f5069
    - flags: top simplicial
    - normal:  -0.01819    -0.51    -0.86
    - offset: -0.02980487
    - vertices: p2745(v950) p2967(v255) p1911(v152)
    - neighboring facets: f1314 f5070 f5067
- f5070
    - flags: bottom simplicial
    - normal:  -0.01463  -0.5099  -0.8601
    - offset: -0.02979555
    - vertices: p2745(v950) p1284(v382) p1911(v152)
    - neighboring facets: f2012 f5069 f5071
- f5071
    - flags: top simplicial
    - normal:   0.01141  -0.4952  -0.8687
    - offset: -0.02920054
    - vertices: p2745(v950) p1284(v382) p175(v257)
    - neighboring facets: f2012 f5072 f5070
- f5072
    - flags: bottom simplicial
    - normal:   0.02072  -0.4871  -0.8731
    - offset: -0.02887753
    - vertices: p2745(v950) p2610(v480) p175(v257)
    - neighboring facets: f2541 f5071 f5073
- f5073
    - flags: bottom simplicial
    - normal:   0.02316  -0.4552  -0.8901
    - offset: -0.02766027
    - vertices: p2745(v950) p1141(v821) p2610(v480)
    - neighboring facets: f5075 f5072 f5068
- f5074
    - flags: bottom simplicial
    - normal:   0.04242   -0.308  -0.9505
    - offset: -0.02187731
    - vertices: p1194(v951) p1637(v488) p2610(v480)
    - neighboring facets: f2584 f5075 f5076
- f5075
    - flags: top simplicial
    - normal:   0.03274  -0.3271  -0.9444
    - offset: -0.02265179
    - vertices: p1194(v951) p1141(v821) p2610(v480)
    - neighboring facets: f5073 f5074 f5078
- f5076
    - flags: top simplicial
    - normal:   0.04962  -0.2505  -0.9668
    - offset: -0.01957292
    - vertices: p1194(v951) p1637(v488) p3875(v331)
    - neighboring facets: f3572 f5077 f5074
- f5077
    - flags: bottom simplicial
    - normal:   0.04874  -0.2446  -0.9684
    - offset: -0.01933669
    - vertices: p1194(v951) p2468(v945) p3875(v331)
    - neighboring facets: f5492 f5076 f5523
- f5078
    - flags: bottom simplicial
    - normal:  -0.02455  -0.3377  -0.9409
    - offset: -0.02317802
    - vertices: p1194(v951) p1141(v821) p201(v662)
    - neighboring facets: f5068 f5520 f5075
- f5081
    - flags: top simplicial
    - normal:   -0.3098 -0.07373  -0.9479
    - offset: -0.01329731
    - vertices: p1924(v952) p2478(v824) p1292(v666)
    - neighboring facets: f4381 f5082 f5085
- f5082
    - flags: bottom simplicial
    - normal:   -0.3098 -0.07373  -0.9479
    - offset: -0.01329733
    - vertices: p1924(v952) p777(v825) p1292(v666)
    - neighboring facets: f4386 f5081 f5083
- f5083
    - flags: top simplicial
    - normal:   -0.3646  -0.1232   -0.923
    - offset: -0.01505963
    - vertices: p1924(v952) p777(v825) p1857(v665)
    - neighboring facets: f4385 f5084 f5082
- f5084
    - flags: bottom simplicial
    - normal:   -0.2965  -0.1178  -0.9477
    - offset: -0.01490398
    - vertices: p1924(v952) p2356(v822) p1857(v665)
    - neighboring facets: f4370 f5083 f5085
- f5085
    - flags: bottom simplicial
    - normal:   -0.2846  -0.1136  -0.9519
    - offset: -0.01475295
    - vertices: p1924(v952) p2478(v824) p2356(v822)
    - neighboring facets: f4383 f5084 f5081
- f5088
    - flags: top simplicial
    - normal:    0.3873  -0.1953   -0.901
    - offset: -0.0166938
    - vertices: p534(v953) p2326(v667) p1855(v73)
    - neighboring facets: f3567 f5526 f5089
- f5089
    - flags: bottom simplicial
    - normal:    0.3918  -0.1983  -0.8984
    - offset: -0.01679708
    - vertices: p534(v953) p2326(v667) p3206(v338)
    - neighboring facets: f3564 f5090 f5088
- f5090
    - flags: top simplicial
    - normal:    0.3523  -0.2533   -0.901
    - offset: -0.01905354
    - vertices: p534(v953) p3454(v668) p3206(v338)
    - neighboring facets: f3571 f5089 f5091
- f5091
    - flags: top simplicial
    - normal:    0.2418  -0.2132  -0.9466
    - offset: -0.01773783
    - vertices: p534(v953) p3996(v826) p3454(v668)
    - neighboring facets: f5510 f5090 f5117
- f5092
    - flags: bottom simplicial
    - normal:    0.9802  -0.1501  -0.1288
    - offset: -0.01243798
    - vertices: p1061(v954) p304(v672) p3423(v491)
    - neighboring facets: f3600 f5093 f5531
- f5093
    - flags: top simplicial
    - normal:    0.9821  -0.1528  -0.1104
    - offset: -0.01240024
    - vertices: p1061(v954) p1185(v828) p3423(v491)
    - neighboring facets: f4402 f5092 f5098
- f5096
    - flags: top simplicial
    - normal:    0.9699  -0.1542  -0.1886
    - offset: -0.01281269
    - vertices: p1061(v954) p3010(v803) p569(v633)
    - neighboring facets: f4273 f5097 f5532
- f5097
    - flags: bottom simplicial
    - normal:    0.9705   -0.172  -0.1692
    - offset: -0.01310751
    - vertices: p1061(v954) p621(v931) p569(v633)
    - neighboring facets: f4957 f5096 f5100
- f5098
    - flags: bottom simplicial
    - normal:    0.9792  -0.1643  -0.1189
    - offset: -0.01269316
    - vertices: p1061(v954) p1185(v828) p3129(v671)
    - neighboring facets: f4405 f5099 f5093
- f5099
    - flags: bottom simplicial
    - normal:    0.9747  -0.1709  -0.1444
    - offset: -0.0129631
    - vertices: p1061(v954) p3129(v671) p680(v227)
    - neighboring facets: f3588 f5100 f5098
- f5100
    - flags: top simplicial
    - normal:    0.9734  -0.1718  -0.1515
    - offset: -0.01301779
    - vertices: p1061(v954) p621(v931) p680(v227)
    - neighboring facets: f4955 f5099 f5097
- f5102
    - flags: bottom simplicial
    - normal:     0.989  -0.1382   -0.053
    - offset: -0.01182639
    - vertices: p3065(v955) p3706(v830) p1584(v314)
    - neighboring facets: f4412 f5536 f5103
- f5103
    - flags: top simplicial
    - normal:    0.9893  -0.1378  -0.0476
    - offset: -0.01179337
    - vertices: p3065(v955) p3706(v830) p2540(v621)
    - neighboring facets: f5104 f5537 f5102
- f5104
    - flags: bottom simplicial
    - normal:    0.9893  -0.1378 -0.04759
    - offset: -0.01179335
    - vertices: p1158(v956) p3706(v830) p2540(v621)
    - neighboring facets: f5103 f5105 f5108
- f5105
    - flags: bottom simplicial
    - normal:    0.9892   -0.143  0.03074
    - offset: -0.01148861
    - vertices: p1158(v956) p2540(v621) p3539(v188)
    - neighboring facets: f3320 f5106 f5104
- f5106
    - flags: top simplicial
    - normal:    0.9891  -0.1437  0.03083
    - offset: -0.01150017
    - vertices: p1158(v956) p3537(v778) p3539(v188)
    - neighboring facets: f4145 f5105 f5107
- f5107
    - flags: bottom simplicial
    - normal:    0.9886  -0.1504 -0.002065
    - offset: -0.01179329
    - vertices: p1158(v956) p3537(v778) p3804(v193)
    - neighboring facets: f4153 f5108 f5106
- f5108
    - flags: top simplicial
    - normal:    0.9888  -0.1451 -0.03394
    - offset: -0.01185819
    - vertices: p1158(v956) p3706(v830) p3804(v193)
    - neighboring facets: f4413 f5107 f5104
- f5109
    - flags: top simplicial
    - normal:    0.2281  -0.1408  -0.9634
    - offset: -0.01500624
    - vertices: p2909(v957) p705(v679) p1327(v354)
    - neighboring facets: f3628 f5111 f5110
- f5110
    - flags: top simplicial
    - normal:    0.2284  -0.1458  -0.9626
    - offset: -0.01519012
    - vertices: p2909(v957) p505(v835) p705(v679)
    - neighboring facets: f4436 f5109 f5765
- f5111
    - flags: top simplicial
    - normal:     0.202  -0.1273  -0.9711
    - offset: -0.01456855
    - vertices: p2909(v957) p1327(v354) p1170(v210)
    - neighboring facets: f3506 f5766 f5109
- f5114
    - flags: bottom simplicial
    - normal:    0.2409   -0.169  -0.9557
    - offset: -0.01603031
    - vertices: p2680(v958) p505(v835) p2638(v505)
    - neighboring facets: f4436 f5116 f5115
- f5115
    - flags: top simplicial
    - normal:    0.2254   -0.173  -0.9588
    - offset: -0.0162124
    - vertices: p2680(v958) p505(v835) p3996(v826)
    - neighboring facets: f4441 f5117 f5114
- f5116
    - flags: top simplicial
    - normal:    0.2839   -0.178  -0.9422
    - offset: -0.01628006
    - vertices: p2680(v958) p534(v953) p2638(v505)
    - neighboring facets: f5527 f5114 f5117
- f5117
    - flags: bottom simplicial
    - normal:    0.2549  -0.1922  -0.9477
    - offset: -0.01689561
    - vertices: p2680(v958) p534(v953) p3996(v826)
    - neighboring facets: f5091 f5115 f5116
- f5118
    - flags: top simplicial
    - normal:   -0.6907  -0.2303   0.6855
    - offset: -0.01131947
    - vertices: p1868(v959) p2107(v838) p2589(v682)
    - neighboring facets: f4453 f5120 f5119
- f5119
    - flags: bottom simplicial
    - normal:   -0.7134  -0.2138   0.6673
    - offset: -0.01073885
    - vertices: p1868(v959) p2107(v838) p2819(v837)
    - neighboring facets: f4456 f5121 f5118
- f5120
    - flags: top simplicial
    - normal:    -0.721  -0.3005   0.6244
    - offset: -0.01439592
    - vertices: p1868(v959) p2589(v682) p3317(v79)
    - neighboring facets: f3645 f5121 f5118
- f5121
    - flags: bottom simplicial
    - normal:   -0.7408  -0.3053   0.5983
    - offset: -0.01469623
    - vertices: p1868(v959) p2819(v837) p3317(v79)
    - neighboring facets: f4592 f5120 f5119
- f5124
    - flags: top simplicial
    - normal:    -0.918  -0.1221   0.3773
    - offset: -0.008262582
    - vertices: p3842(v960) p2896(v263) p3455(v41)
    - neighboring facets: f3741 f5129 f5125
- f5125
    - flags: bottom simplicial
    - normal:   -0.9361  -0.1019   0.3366
    - offset: -0.007654273
    - vertices: p3842(v960) p2896(v263) p3370(v156)
    - neighboring facets: f2823 f5126 f5124
- f5126
    - flags: top simplicial
    - normal:   -0.9367  -0.1041   0.3343
    - offset: -0.007748024
    - vertices: p3842(v960) p173(v843) p3370(v156)
    - neighboring facets: f4492 f5125 f5131
- f5127
    - flags: bottom simplicial
    - normal:    -0.901  -0.2168   0.3757
    - offset: -0.0119458
    - vertices: p3014(v961) p1235(v844) p3455(v41)
    - neighboring facets: f4483 f5129 f5128
- f5128
    - flags: top simplicial
    - normal:   -0.9079  -0.2133   0.3609
    - offset: -0.01187307
    - vertices: p3014(v961) p1235(v844) p3758(v687)
    - neighboring facets: f5538 f5130 f5127
- f5129
    - flags: top simplicial
    - normal:   -0.9213  -0.1375   0.3639
    - offset: -0.00891103
    - vertices: p3014(v961) p3842(v960) p3455(v41)
    - neighboring facets: f5124 f5127 f5131
- f5130
    - flags: bottom simplicial
    - normal:   -0.9395  -0.1615   0.3022
    - offset: -0.01009216
    - vertices: p3014(v961) p173(v843) p3758(v687)
    - neighboring facets: f4489 f5128 f5131
- f5131
    - flags: bottom simplicial
    - normal:   -0.9337  -0.1406   0.3294
    - offset: -0.009170809
    - vertices: p3014(v961) p3842(v960) p173(v843)
    - neighboring facets: f5126 f5130 f5129
- f5133
    - flags: top simplicial
    - normal:   -0.9611  -0.2101   0.1791
    - offset: -0.01250645
    - vertices: p3585(v962) p2949(v845) p3758(v687)
    - neighboring facets: f4489 f5539 f5545
- f5138
    - flags: top simplicial
    - normal:   -0.9843 -0.08082   0.1569
    - offset: -0.00765272
    - vertices: p2523(v963) p3101(v556) p3370(v156)
    - neighboring facets: f2980 f5139 f5140
- f5139
    - flags: bottom simplicial
    - normal:   -0.9794  -0.1041   0.1729
    - offset: -0.008467814
    - vertices: p2523(v963) p2949(v845) p3370(v156)
    - neighboring facets: f4492 f5138 f5546
- f5140
    - flags: bottom simplicial
    - normal:   -0.9876  -0.0769   0.1366
    - offset: -0.007602659
    - vertices: p2523(v963) p3101(v556) p503(v393)
    - neighboring facets: f2979 f5141 f5138
- f5141
    - flags: bottom simplicial
    - normal:   -0.9916  -0.0897  0.09337
    - offset: -0.008302687
    - vertices: p2523(v963) p503(v393) p1858(v87)
    - neighboring facets: f2072 f5548 f5140
- f5144
    - flags: bottom simplicial
    - normal:    -0.413  0.03917   0.9099
    - offset: -0.0002614334
    - vertices: p3558(v964) p1771(v691) p3386(v137)
    - neighboring facets: f3689 f5145 f5146
- f5145
    - flags: top simplicial
    - normal:   -0.4067  0.03864   0.9127
    - offset: -0.0002604792
    - vertices: p3558(v964) p37(v847) p3386(v137)
    - neighboring facets: f4509 f5144 f5146
- f5146
    - flags: bottom simplicial
    - normal:   -0.4046  0.04885   0.9132
    - offset: -0.0002050557
    - vertices: p3558(v964) p37(v847) p1771(v691)
    - neighboring facets: f4507 f5144 f5145
- f5147
    - flags: top simplicial
    - normal:    -0.247  0.01937   0.9688
    - offset: -0.0004649423
    - vertices: p3299(v965) p3160(v848) p894(v693)
    - neighboring facets: f4513 f5148 f5150
- f5148
    - flags: top simplicial
    - normal:   -0.3342   0.1953   0.9221
    - offset: 0.0004836531
    - vertices: p3299(v965) p894(v693) p1889(v516)
    - neighboring facets: f3696 f5149 f5147
- f5149
    - flags: bottom simplicial
    - normal:   -0.3248   0.2022   0.9239
    - offset: 0.0004927047
    - vertices: p3299(v965) p1180(v849) p1889(v516)
    - neighboring facets: f4537 f5148 f5151
- f5150
    - flags: bottom simplicial
    - normal:    -0.126 0.0008546    0.992
    - offset: -0.000797072
    - vertices: p3299(v965) p3160(v848) p2675(v242)
    - neighboring facets: f4511 f5151 f5147
- f5151
    - flags: top simplicial
    - normal:   -0.1249 0.0006972   0.9922
    - offset: -0.0007999431
    - vertices: p3299(v965) p1180(v849) p2675(v242)
    - neighboring facets: f4520 f5150 f5149
- f5152
    - flags: top simplicial
    - normal:    0.1789   0.1777   0.9677
    - offset: -0.002008949
    - vertices: p2227(v966) p3733(v301) p3331(v11)
    - neighboring facets: f1557 f5553 f5153
- f5153
    - flags: top simplicial
    - normal:    0.1548   0.2303   0.9607
    - offset: -0.001817722
    - vertices: p2227(v966) p1457(v850) p3733(v301)
    - neighboring facets: f4523 f5152 f5158
- f5156
    - flags: top simplicial
    - normal:    0.1537 -0.04891   0.9869
    - offset: -0.002105038
    - vertices: p2227(v966) p2361(v399) p36(v90)
    - neighboring facets: f2104 f5157 f5557
- f5157
    - flags: bottom simplicial
    - normal:    0.1317  -0.0456   0.9902
    - offset: -0.001984067
    - vertices: p2227(v966) p3759(v159) p36(v90)
    - neighboring facets: f2081 f5156 f5158
- f5158
    - flags: bottom simplicial
    - normal:    0.1254 -0.04453   0.9911
    - offset: -0.001949057
    - vertices: p2227(v966) p1457(v850) p3759(v159)
    - neighboring facets: f4529 f5157 f5153
- f5159
    - flags: top simplicial
    - normal:    0.0846 -0.03778   0.9957
    - offset: -0.001728889
    - vertices: p3340(v967) p1457(v850) p2566(v396)
    - neighboring facets: f4529 f5161 f5160
- f5160
    - flags: bottom simplicial
    - normal:  -0.009583   0.1019   0.9948
    - offset: -0.001091853
    - vertices: p3340(v967) p1457(v850) p1430(v694)
    - neighboring facets: f4550 f5162 f5159
- f5161
    - flags: top simplicial
    - normal:   0.04447 -0.03125   0.9985
    - offset: -0.001535715
    - vertices: p3340(v967) p2566(v396) p3988(v267)
    - neighboring facets: f3918 f5162 f5159
- f5162
    - flags: bottom simplicial
    - normal:   0.04421  -0.0312   0.9985
    - offset: -0.001534445
    - vertices: p3340(v967) p1430(v694) p3988(v267)
    - neighboring facets: f3717 f5161 f5160
- f5163
    - flags: top simplicial
    - normal:   -0.9498  -0.2584  -0.1764
    - offset: -0.01618022
    - vertices: p331(v968) p1816(v712) p2311(v252)
    - neighboring facets: f3820 f5164 f5165
- f5164
    - flags: bottom simplicial
    - normal:   -0.9518  -0.2589  -0.1645
    - offset: -0.01613006
    - vertices: p331(v968) p1832(v855) p2311(v252)
    - neighboring facets: f4571 f5163 f5165
- f5165
    - flags: top simplicial
    - normal:   -0.9491  -0.2684  -0.1647
    - offset: -0.01650778
    - vertices: p331(v968) p1832(v855) p1816(v712)
    - neighboring facets: f5208 f5163 f5164
- f5168
    - flags: bottom simplicial
    - normal:   -0.9562  -0.2787 -0.08946
    - offset: -0.01646804
    - vertices: p3489(v969) p1832(v855) p3656(v538)
    - neighboring facets: f5207 f5563 f5169
- f5169
    - flags: bottom simplicial
    - normal:   -0.9611  -0.2595 -0.09398
    - offset: -0.01573864
    - vertices: p3489(v969) p653(v856) p1832(v855)
    - neighboring facets: f4571 f5168 f5550
- f5170
    - flags: top simplicial
    - normal:   -0.7655  -0.6277  -0.1412
    - offset: -0.03090371
    - vertices: p2285(v970) p3005(v857) p3958(v706)
    - neighboring facets: f4573 f5171 f5173
- f5171
    - flags: top simplicial
    - normal:   -0.7548  -0.6486 -0.09805
    - offset: -0.03148377
    - vertices: p2285(v970) p3958(v706) p2893(v385)
    - neighboring facets: f3786 f5175 f5170
- f5172
    - flags: bottom simplicial
    - normal:   -0.6589  -0.6969  -0.2831
    - offset: -0.03462731
    - vertices: p2285(v970) p3700(v548) p62(v386)
    - neighboring facets: f4697 f5174 f5173
- f5173
    - flags: bottom simplicial
    - normal:   -0.6985  -0.6705  -0.2501
    - offset: -0.03335323
    - vertices: p2285(v970) p3005(v857) p3700(v548)
    - neighboring facets: f4572 f5172 f5170
- f5174
    - flags: top simplicial
    - normal:   -0.5585  -0.8108  -0.1748
    - offset: -0.03857339
    - vertices: p2285(v970) p2536(v547) p62(v386)
    - neighboring facets: f2925 f5172 f5176
- f5175
    - flags: bottom simplicial
    - normal:   -0.6679  -0.7387 -0.09072
    - offset: -0.03513522
    - vertices: p2285(v970) p776(v723) p2893(v385)
    - neighboring facets: f3879 f5171 f5176
- f5176
    - flags: top simplicial
    - normal:   -0.6356  -0.7649  -0.1045
    - offset: -0.03628814
    - vertices: p2285(v970) p776(v723) p2536(v547)
    - neighboring facets: f3877 f5174 f5175
- f5179
    - flags: bottom simplicial
    - normal:   -0.8648  -0.4997  0.04874
    - offset: -0.0245923
    - vertices: p1229(v971) p2593(v859) p1101(v537)
    - neighboring facets: f5190 f5186 f5182
- f5180
    - flags: top simplicial
    - normal:   -0.8452  -0.5085   0.1644
    - offset: -0.02454061
    - vertices: p624(v972) p2593(v859) p3471(v709)
    - neighboring facets: f5193 f5181 f5182
- f5181
    - flags: bottom simplicial
    - normal:   -0.7999  -0.5519   0.2358
    - offset: -0.02603955
    - vertices: p624(v972) p1152(v860) p3471(v709)
    - neighboring facets: f4586 f5180 f5184
- f5182
    - flags: top simplicial
    - normal:   -0.8518  -0.5212  0.05352
    - offset: -0.02545016
    - vertices: p624(v972) p1229(v971) p2593(v859)
    - neighboring facets: f5179 f5180 f5186
- f5183
    - flags: top simplicial
    - normal:   -0.7635  -0.6137    0.201
    - offset: -0.02869566
    - vertices: p624(v972) p1994(v708) p1810(v253)
    - neighboring facets: f3806 f5201 f5184
- f5184
    - flags: top simplicial
    - normal:   -0.7659  -0.6098   0.2036
    - offset: -0.02852619
    - vertices: p624(v972) p1152(v860) p1994(v708)
    - neighboring facets: f4585 f5183 f5181
- f5186
    - flags: bottom simplicial
    - normal:   -0.8476   -0.528  0.05209
    - offset: -0.02573649
    - vertices: p624(v972) p1229(v971) p1101(v537)
    - neighboring facets: f5179 f5202 f5182
- f5190
    - flags: top simplicial
    - normal:   -0.8664   -0.497  0.04825
    - offset: -0.02448329
    - vertices: p85(v973) p2593(v859) p1101(v537)
    - neighboring facets: f5179 f5796 f5568
- f5193
    - flags: bottom simplicial
    - normal:   -0.8898  -0.4412    0.117
    - offset: -0.02195704
    - vertices: p1666(v974) p2593(v859) p3471(v709)
    - neighboring facets: f5180 f5564 f5569
- f5199
    - flags: bottom simplicial
    - normal:   -0.8004   -0.598  0.04276
    - offset: -0.02864217
    - vertices: p547(v975) p724(v864) p1810(v253)
    - neighboring facets: f4606 f5201 f5200
- f5200
    - flags: top simplicial
    - normal:   -0.7979  -0.6017  0.03588
    - offset: -0.02882058
    - vertices: p547(v975) p724(v864) p1101(v537)
    - neighboring facets: f4607 f5202 f5199
- f5201
    - flags: top simplicial
    - normal:   -0.8161  -0.5754  0.05436
    - offset: -0.02767013
    - vertices: p547(v975) p624(v972) p1810(v253)
    - neighboring facets: f5183 f5199 f5202
- f5202
    - flags: bottom simplicial
    - normal:   -0.8243  -0.5639  0.04939
    - offset: -0.02721887
    - vertices: p547(v975) p624(v972) p1101(v537)
    - neighboring facets: f5186 f5200 f5201
- f5205
    - flags: bottom simplicial
    - normal:   -0.9216   -0.363  -0.1372
    - offset: -0.02009574
    - vertices: p2136(v976) p1816(v712) p2973(v376)
    - neighboring facets: f3818 f5210 f5208
- f5207
    - flags: top simplicial
    - normal:   -0.9349  -0.3395  -0.1031
    - offset: -0.01894748
    - vertices: p2136(v976) p1832(v855) p3656(v538)
    - neighboring facets: f5168 f5561 f5208
- f5208
    - flags: bottom simplicial
    - normal:   -0.9341  -0.3391  -0.1113
    - offset: -0.01897868
    - vertices: p2136(v976) p1832(v855) p1816(v712)
    - neighboring facets: f5165 f5205 f5207
- f5209
    - flags: top simplicial
    - normal:   -0.8937  -0.4406 -0.08432
    - offset: -0.0228733
    - vertices: p2136(v976) p1737(v711) p1306(v533)
    - neighboring facets: f4619 f5211 f5579
- f5210
    - flags: top simplicial
    - normal:   -0.9016  -0.4134  -0.1276
    - offset: -0.02205172
    - vertices: p2136(v976) p1564(v858) p2973(v376)
    - neighboring facets: f4576 f5205 f5211
- f5211
    - flags: bottom simplicial
    - normal:   -0.9004  -0.4166  -0.1256
    - offset: -0.02216635
    - vertices: p2136(v976) p1564(v858) p1306(v533)
    - neighboring facets: f4579 f5209 f5210
- f5212
    - flags: top simplicial
    - normal:   -0.8656  -0.4983 -0.04911
    - offset: -0.02502264
    - vertices: p1314(v977) p2990(v866) p1737(v711)
    - neighboring facets: f4619 f5576 f5217
- f5215
    - flags: top simplicial
    - normal:   -0.8104  -0.5858 -0.01384
    - offset: -0.0284194
    - vertices: p1314(v977) p1101(v537) p79(v149)
    - neighboring facets: f2863 f5216 f5794
- f5216
    - flags: bottom simplicial
    - normal:   -0.8234  -0.5656 -0.04624
    - offset: -0.02776114
    - vertices: p1314(v977) p3958(v706) p79(v149)
    - neighboring facets: f3785 f5215 f5217
- f5217
    - flags: bottom simplicial
    - normal:   -0.8295  -0.5564 -0.04883
    - offset: -0.02740068
    - vertices: p1314(v977) p2990(v866) p3958(v706)
    - neighboring facets: f4618 f5216 f5212
- f5218
    - flags: top simplicial
    - normal:    0.3677  -0.7547   0.5433
    - offset: -0.03259173
    - vertices: p135(v978) p1973(v867) p700(v180)
    - neighboring facets: f4622 f5220 f5219
- f5219
    - flags: top simplicial
    - normal:    0.3466  -0.7564   0.5548
    - offset: -0.03262207
    - vertices: p135(v978) p3232(v869) p1973(v867)
    - neighboring facets: f5676 f5218 f5221
- f5220
    - flags: bottom simplicial
    - normal:    0.3585  -0.8187   0.4486
    - offset: -0.03569245
    - vertices: p135(v978) p2106(v868) p700(v180)
    - neighboring facets: f4817 f5218 f5221
- f5221
    - flags: bottom simplicial
    - normal:    0.3447  -0.8385   0.4219
    - offset: -0.03664028
    - vertices: p135(v978) p3232(v869) p2106(v868)
    - neighboring facets: f5259 f5220 f5219
- f5222
    - flags: top simplicial
    - normal:   0.07177  -0.9973 -0.01748
    - offset: -0.04515978
    - vertices: p121(v979) p3792(v870) p2471(v714)
    - neighboring facets: f4647 f5223 f5227
- f5223
    - flags: top simplicial
    - normal:    0.1809  -0.9833  0.02158
    - offset: -0.04434626
    - vertices: p121(v979) p2471(v714) p2560(v539)
    - neighboring facets: f5228 f5224 f5222
- f5224
    - flags: bottom simplicial
    - normal:    0.1847  -0.9826  0.02137
    - offset: -0.04431741
    - vertices: p121(v979) p2129(v721) p2560(v539)
    - neighboring facets: f5256 f5223 f5225
- f5225
    - flags: top simplicial
    - normal:     0.246  -0.9692  0.01233
    - offset: -0.04378878
    - vertices: p121(v979) p2129(v721) p2218(v544)
    - neighboring facets: f3867 f5226 f5224
- f5226
    - flags: top simplicial
    - normal:    0.2554  -0.9661  -0.0379
    - offset: -0.04394023
    - vertices: p121(v979) p2218(v544) p1160(v380)
    - neighboring facets: f4682 f5227 f5225
- f5227
    - flags: bottom simplicial
    - normal:    0.1895  -0.9801 -0.05932
    - offset: -0.04466976
    - vertices: p121(v979) p3792(v870) p1160(v380)
    - neighboring facets: f4673 f5226 f5222
- f5228
    - flags: bottom simplicial
    - normal:    0.1242  -0.9904  0.06073
    - offset: -0.04449571
    - vertices: p3544(v980) p2471(v714) p2560(v539)
    - neighboring facets: f5223 f5594 f5585
- f5235
    - flags: top simplicial
    - normal:   -0.3435  -0.8563   0.3857
    - offset: -0.03770278
    - vertices: p3681(v981) p3003(v377) p434(v12)
    - neighboring facets: f2853 f5236 f5238
- f5236
    - flags: bottom simplicial
    - normal:   -0.2791  -0.8534   0.4403
    - offset: -0.0373382
    - vertices: p3681(v981) p1619(v546) p434(v12)
    - neighboring facets: f2924 f5235 f5804
- f5237
    - flags: bottom simplicial
    - normal:   -0.4137  -0.8888   0.1973
    - offset: -0.03980314
    - vertices: p3681(v981) p44(v536) p2317(v148)
    - neighboring facets: f2857 f5239 f5238
- f5238
    - flags: top simplicial
    - normal:   -0.4181  -0.8833   0.2119
    - offset: -0.03952031
    - vertices: p3681(v981) p44(v536) p3003(v377)
    - neighboring facets: f3805 f5235 f5237
- f5239
    - flags: top simplicial
    - normal:   -0.3464  -0.9273   0.1416
    - offset: -0.04162813
    - vertices: p3681(v981) p2549(v384) p2317(v148)
    - neighboring facets: f2927 f5237 f5240
- f5240
    - flags: top simplicial
    - normal:   -0.2357  -0.9653   0.1125
    - offset: -0.04329844
    - vertices: p3681(v981) p2789(v872) p2549(v384)
    - neighboring facets: f4652 f5239 f5805
- f5241
    - flags: top simplicial
    - normal:    0.1303  -0.9431   0.3061
    - offset: -0.0415029
    - vertices: p1100(v982) p3232(v869) p293(v713)
    - neighboring facets: f5258 f5596 f5589
- f5249
    - flags: top simplicial
    - normal:    0.4249  -0.9048  0.02759
    - offset: -0.04099925
    - vertices: p3685(v983) p2218(v544) p2419(v543)
    - neighboring facets: f3867 f5251 f5250
- f5250
    - flags: top simplicial
    - normal:    0.5506  -0.8308  -0.0813
    - offset: -0.03841226
    - vertices: p3685(v983) p2253(v876) p2218(v544)
    - neighboring facets: f4683 f5249 f5252
- f5251
    - flags: top simplicial
    - normal:    0.5879  -0.8088  0.01483
    - offset: -0.03695249
    - vertices: p3685(v983) p2419(v543) p115(v381)
    - neighboring facets: f3849 f5252 f5249
- f5252
    - flags: bottom simplicial
    - normal:    0.6026   -0.798 -0.008704
    - offset: -0.03661063
    - vertices: p3685(v983) p2253(v876) p115(v381)
    - neighboring facets: f4674 f5251 f5250
- f5254
    - flags: top simplicial
    - normal:    0.3607  -0.9237   0.1291
    - offset: -0.04137535
    - vertices: p1431(v984) p3002(v879) p2129(v721)
    - neighboring facets: f4690 f5256 f5261
- f5255
    - flags: bottom simplicial
    - normal:    0.2011  -0.9653   0.1665
    - offset: -0.0430123
    - vertices: p1431(v984) p293(v713) p2560(v539)
    - neighboring facets: f5595 f5256 f5260
- f5256
    - flags: top simplicial
    - normal:    0.2257  -0.9679   0.1102
    - offset: -0.04335029
    - vertices: p1431(v984) p2129(v721) p2560(v539)
    - neighboring facets: f5224 f5255 f5254
- f5257
    - flags: bottom simplicial
    - normal:    0.3861    -0.89   0.2426
    - offset: -0.03949691
    - vertices: p3184(v985) p3002(v879) p2106(v868)
    - neighboring facets: f4692 f5259 f5261
- f5258
    - flags: bottom simplicial
    - normal:    0.2737  -0.9097   0.3123
    - offset: -0.04007029
    - vertices: p3184(v985) p3232(v869) p293(v713)
    - neighboring facets: f5241 f5260 f5259
- f5259
    - flags: top simplicial
    - normal:    0.3036  -0.8979   0.3188
    - offset: -0.03953966
    - vertices: p3184(v985) p3232(v869) p2106(v868)
    - neighboring facets: f5221 f5257 f5258
- f5260
    - flags: top simplicial
    - normal:    0.3424   -0.925   0.1646
    - offset: -0.0412932
    - vertices: p3184(v985) p1431(v984) p293(v713)
    - neighboring facets: f5255 f5258 f5261
- f5261
    - flags: bottom simplicial
    - normal:    0.3449  -0.9243   0.1636
    - offset: -0.04126501
    - vertices: p3184(v985) p1431(v984) p3002(v879)
    - neighboring facets: f5254 f5257 f5260
- f5262
    - flags: top simplicial
    - normal:   -0.3325  -0.8581  -0.3913
    - offset: -0.04174242
    - vertices: p3810(v986) p3291(v545) p285(v259)
    - neighboring facets: f4699 f5264 f5263
- f5263
    - flags: top simplicial
    - normal:   -0.2273   -0.831  -0.5077
    - offset: -0.04125219
    - vertices: p3810(v986) p488(v881) p3291(v545)
    - neighboring facets: f4702 f5262 f5601
- f5264
    - flags: bottom simplicial
    - normal:   -0.2581  -0.8963  -0.3606
    - offset: -0.04306624
    - vertices: p3810(v986) p3869(v387) p285(v259)
    - neighboring facets: f2928 f5262 f5602
- f5267
    - flags: top simplicial
    - normal:   -0.8833 -0.05973  -0.4651
    - offset: -0.01021764
    - vertices: p2792(v987) p3654(v882) p320(v551)
    - neighboring facets: f4706 f5269 f5268
- f5268
    - flags: bottom simplicial
    - normal:   -0.8842  -0.0542  -0.4639
    - offset: -0.01001155
    - vertices: p2792(v987) p3654(v882) p181(v725)
    - neighboring facets: f4709 f5271 f5267
- f5269
    - flags: top simplicial
    - normal:    -0.861 -0.05699  -0.5054
    - offset: -0.01038636
    - vertices: p2792(v987) p320(v551) p1680(v123)
    - neighboring facets: f2952 f5270 f5267
- f5270
    - flags: bottom simplicial
    - normal:   -0.8401 -0.05353  -0.5397
    - offset: -0.01048115
    - vertices: p2792(v987) p2390(v214) p1680(v123)
    - neighboring facets: f1746 f5269 f5271
- f5271
    - flags: bottom simplicial
    - normal:   -0.8619 -0.02234  -0.5066
    - offset: -0.00915143
    - vertices: p2792(v987) p181(v725) p2390(v214)
    - neighboring facets: f3889 f5270 f5268
- f5276
    - flags: bottom simplicial
    - normal:    0.4424  -0.1544   0.8834
    - offset: -0.006169615
    - vertices: p3791(v989) p114(v886) p2028(v405)
    - neighboring facets: f4728 f5278 f5279
- f5277
    - flags: top simplicial
    - normal:    0.5001  -0.1721   0.8487
    - offset: -0.006981663
    - vertices: p3791(v989) p1504(v404) p2629(v55)
    - neighboring facets: f4126 f5278 f5280
- f5278
    - flags: bottom simplicial
    - normal:    0.4813  -0.1666   0.8606
    - offset: -0.006724544
    - vertices: p3791(v989) p2028(v405) p2629(v55)
    - neighboring facets: f4128 f5277 f5276
- f5279
    - flags: top simplicial
    - normal:    0.4193  -0.1465    0.896
    - offset: -0.005824582
    - vertices: p3791(v989) p114(v886) p2636(v733)
    - neighboring facets: f4728 f5281 f5276
- f5280
    - flags: bottom simplicial
    - normal:    0.3968   -0.134   0.9081
    - offset: -0.005361262
    - vertices: p3791(v989) p1504(v404) p1892(v270)
    - neighboring facets: f2133 f5281 f5277
- f5281
    - flags: top simplicial
    - normal:    0.3971   -0.137   0.9075
    - offset: -0.005442906
    - vertices: p3791(v989) p2636(v733) p1892(v270)
    - neighboring facets: f3928 f5280 f5279
- f5282
    - flags: top simplicial
    - normal:   0.03423 -0.08845   0.9955
    - offset: -0.003504123
    - vertices: p2843(v990) p1322(v887) p2113(v175)
    - neighboring facets: f5287 f5284 f5283
- f5283
    - flags: bottom simplicial
    - normal:   0.03556 -0.08643   0.9956
    - offset: -0.003429848
    - vertices: p2843(v990) p1322(v887) p2078(v685)
    - neighboring facets: f4731 f5285 f5282
- f5284
    - flags: bottom simplicial
    - normal:  0.009901 -0.09849   0.9951
    - offset: -0.003905234
    - vertices: p2843(v990) p1299(v508) p2113(v175)
    - neighboring facets: f2697 f5282 f5285
- f5285
    - flags: bottom simplicial
    - normal:  0.008135 -0.08964   0.9959
    - offset: -0.003592925
    - vertices: p2843(v990) p2078(v685) p1299(v508)
    - neighboring facets: f4465 f5284 f5283
- f5286
    - flags: top simplicial
    - normal:   0.03823 -0.08783   0.9954
    - offset: -0.00347615
    - vertices: p226(v991) p1686(v734) p2113(v175)
    - neighboring facets: f3935 f5287 f5288
- f5287
    - flags: bottom simplicial
    - normal:    0.0358 -0.08806   0.9955
    - offset: -0.0034878
    - vertices: p226(v991) p1322(v887) p2113(v175)
    - neighboring facets: f5282 f5286 f5288
- f5288
    - flags: top simplicial
    - normal:   0.03684 -0.08718   0.9955
    - offset: -0.003454501
    - vertices: p226(v991) p1322(v887) p1686(v734)
    - neighboring facets: f4731 f5286 f5287
- f5289
    - flags: bottom simplicial
    - normal:    0.4959 -0.07976   0.8647
    - offset: -0.004638307
    - vertices: p3886(v992) p3110(v888) p87(v589)
    - neighboring facets: f4735 f5620 f5290
- f5290
    - flags: top simplicial
    - normal:     0.613  -0.1028   0.7833
    - offset: -0.006034892
    - vertices: p3886(v992) p3110(v888) p2619(v759)
    - neighboring facets: f4732 f5808 f5289
- f5297
    - flags: top simplicial
    - normal:    0.6234 -0.08572   0.7772
    - offset: -0.005777526
    - vertices: p2882(v993) p3754(v762) p3347(v427)
    - neighboring facets: f4061 f5299 f5623
- f5298
    - flags: bottom simplicial
    - normal:    0.6029 -0.08715   0.7931
    - offset: -0.00560273
    - vertices: p2882(v993) p3110(v888) p2116(v571)
    - neighboring facets: f4732 f5300 f5626
- f5299
    - flags: top simplicial
    - normal:    0.6613 -0.09154   0.7445
    - offset: -0.006183749
    - vertices: p2882(v993) p3347(v427) p1156(v287)
    - neighboring facets: f3164 f5300 f5297
- f5300
    - flags: bottom simplicial
    - normal:    0.6135 -0.08822   0.7848
    - offset: -0.005710277
    - vertices: p2882(v993) p2116(v571) p1156(v287)
    - neighboring facets: f4048 f5299 f5298
- f5301
    - flags: top simplicial
    - normal:    0.9594  -0.1169   0.2568
    - offset: -0.009984541
    - vertices: p1631(v994) p2333(v740) p3124(v280)
    - neighboring facets: f3961 f5627 f5303
- f5303
    - flags: top simplicial
    - normal:    0.9594  -0.1169   0.2568
    - offset: -0.009984921
    - vertices: p1631(v994) p2194(v891) p2333(v740)
    - neighboring facets: f4750 f5301 f5628
- f5305
    - flags: bottom simplicial
    - normal:    0.9638  -0.1247   0.2355
    - offset: -0.01017237
    - vertices: p3519(v995) p3603(v893) p1647(v742)
    - neighboring facets: f4757 f5631 f5306
- f5306
    - flags: top simplicial
    - normal:    0.9639  -0.1245   0.2354
    - offset: -0.01016918
    - vertices: p3519(v995) p3603(v893) p1917(v744)
    - neighboring facets: f4756 f5632 f5305
- f5307
    - flags: top simplicial
    - normal:    0.8564   -0.112    0.504
    - offset: -0.008468921
    - vertices: p801(v996) p914(v751) p2681(v579)
    - neighboring facets: f4013 f5308 f5309
- f5308
    - flags: bottom simplicial
    - normal:     0.856   -0.112   0.5046
    - offset: -0.008465093
    - vertices: p801(v996) p887(v899) p2681(v579)
    - neighboring facets: f4783 f5307 f5311
- f5309
    - flags: bottom simplicial
    - normal:    0.8569  -0.1119   0.5032
    - offset: -0.008472786
    - vertices: p801(v996) p914(v751) p2879(v416)
    - neighboring facets: f4015 f5310 f5307
- f5310
    - flags: top simplicial
    - normal:     0.832   -0.111   0.5436
    - offset: -0.008173998
    - vertices: p801(v996) p468(v750) p2879(v416)
    - neighboring facets: f4006 f5309 f5311
- f5311
    - flags: top simplicial
    - normal:    0.8429  -0.1122   0.5263
    - offset: -0.008314023
    - vertices: p801(v996) p887(v899) p468(v750)
    - neighboring facets: f4783 f5310 f5308
- f5312
    - flags: bottom simplicial
    - normal:    0.9816  -0.1125   0.1545
    - offset: -0.01049882
    - vertices: p939(v997) p412(v754) p3162(v89)
    - neighboring facets: f4023 f5314 f5313
- f5313
    - flags: bottom simplicial
    - normal:    0.9816  -0.1125   0.1545
    - offset: -0.01049882
    - vertices: p939(v997) p1669(v900) p412(v754)
    - neighboring facets: f4787 f5312 f5315
- f5314
    - flags: top simplicial
    - normal:    0.9795  -0.1122   0.1675
    - offset: -0.01043328
    - vertices: p939(v997) p2595(v573) p3162(v89)
    - neighboring facets: f3065 f5312 f5315
- f5315
    - flags: top simplicial
    - normal:    0.9802  -0.1125   0.1628
    - offset: -0.01045782
    - vertices: p939(v997) p1669(v900) p2595(v573)
    - neighboring facets: f4786 f5314 f5313
- f5316
    - flags: top simplicial
    - normal:    0.7813 -0.09714   0.6165
    - offset: -0.00746496
    - vertices: p2576(v998) p827(v763) p2207(v587)
    - neighboring facets: f4069 f5318 f5317
- f5317
    - flags: top simplicial
    - normal:    0.7813 -0.09715   0.6165
    - offset: -0.007465117
    - vertices: p2576(v998) p1948(v901) p827(v763)
    - neighboring facets: f4791 f5316 f5319
- f5318
    - flags: top simplicial
    - normal:    0.7842 -0.09789   0.6127
    - offset: -0.007502686
    - vertices: p2576(v998) p2207(v587) p2879(v416)
    - neighboring facets: f3144 f5319 f5316
- f5319
    - flags: bottom simplicial
    - normal:     0.784 -0.09789    0.613
    - offset: -0.007499666
    - vertices: p2576(v998) p1948(v901) p2879(v416)
    - neighboring facets: f4791 f5318 f5317
- f5329
    - flags: top simplicial
    - normal:    0.6953  -0.4801   0.5348
    - offset: -0.0209299
    - vertices: p2711(v1000) p2492(v907) p3637(v602)
    - neighboring facets: f4820 f5330 f5333
- f5330
    - flags: bottom simplicial
    - normal:    0.6871  -0.5309   0.4961
    - offset: -0.02321041
    - vertices: p2711(v1000) p1877(v906) p3637(v602)
    - neighboring facets: f4815 f5329 f5331
- f5331
    - flags: top simplicial
    - normal:    0.6503  -0.5511   0.5229
    - offset: -0.02397889
    - vertices: p2711(v1000) p1877(v906) p3570(v772)
    - neighboring facets: f4813 f5332 f5330
- f5332
    - flags: bottom simplicial
    - normal:    0.4673  -0.5133   0.7198
    - offset: -0.02163916
    - vertices: p2711(v1000) p2952(v908) p3570(v772)
    - neighboring facets: f5363 f5331 f5334
- f5333
    - flags: bottom simplicial
    - normal:     0.571  -0.4138   0.7091
    - offset: -0.01748475
    - vertices: p2711(v1000) p2492(v907) p1343(v603)
    - neighboring facets: f5336 f5334 f5329
- f5334
    - flags: top simplicial
    - normal:    0.5669  -0.4166   0.7107
    - offset: -0.01759663
    - vertices: p2711(v1000) p2952(v908) p1343(v603)
    - neighboring facets: f5642 f5333 f5332
- f5335
    - flags: bottom simplicial
    - normal:    0.5678  -0.3208   0.7581
    - offset: -0.01342138
    - vertices: p255(v1001) p3927(v771) p1343(v603)
    - neighboring facets: f4806 f5336 f5337
- f5336
    - flags: top simplicial
    - normal:    0.5877  -0.3818   0.7133
    - offset: -0.01612641
    - vertices: p255(v1001) p2492(v907) p1343(v603)
    - neighboring facets: f5333 f5335 f5338
- f5337
    - flags: top simplicial
    - normal:    0.5914  -0.2507   0.7664
    - offset: -0.0104802
    - vertices: p255(v1001) p3927(v771) p1757(v100)
    - neighboring facets: f4101 f5339 f5335
- f5338
    - flags: bottom simplicial
    - normal:    0.7688  -0.3562   0.5312
    - offset: -0.01573182
    - vertices: p255(v1001) p2492(v907) p1728(v436)
    - neighboring facets: f4820 f5340 f5336
- f5339
    - flags: bottom simplicial
    - normal:    0.8027  -0.2592   0.5371
    - offset: -0.01167957
    - vertices: p255(v1001) p3953(v177) p1757(v100)
    - neighboring facets: f1515 f5337 f5340
- f5340
    - flags: bottom simplicial
    - normal:    0.8253  -0.2887   0.4853
    - offset: -0.01306592
    - vertices: p255(v1001) p1728(v436) p3953(v177)
    - neighboring facets: f2299 f5339 f5338
- f5341
    - flags: bottom simplicial
    - normal:   0.01808  -0.2076    0.978
    - offset: -0.008156976
    - vertices: p377(v1002) p324(v601) p3060(v176)
    - neighboring facets: f3217 f5670 f5343
- f5343
    - flags: top simplicial
    - normal:   0.03407  -0.1989   0.9794
    - offset: -0.007772613
    - vertices: p377(v1002) p324(v601) p2519(v434)
    - neighboring facets: f4085 f5655 f5341
- f5348
    - flags: bottom simplicial
    - normal:   0.05509   -0.195   0.9793
    - offset: -0.00758299
    - vertices: p2415(v1003) p377(v1002) p2921(v909)
    - neighboring facets: f5671 f5661 f5656
- f5356
    - flags: bottom simplicial
    - normal:    -0.131  -0.2959   0.9462
    - offset: -0.01216438
    - vertices: p317(v1004) p1228(v769) p1573(v522)
    - neighboring facets: f4092 f5360 f5669
- f5357
    - flags: bottom simplicial
    - normal:   -0.1002  -0.5247   0.8454
    - offset: -0.02192087
    - vertices: p317(v1004) p654(v770) p3051(v600)
    - neighboring facets: f4100 f5827 f5361
- f5360
    - flags: bottom simplicial
    - normal:   -0.2677  -0.4549   0.8493
    - offset: -0.01923981
    - vertices: p317(v1004) p1573(v522) p434(v12)
    - neighboring facets: f2780 f5361 f5356
- f5361
    - flags: top simplicial
    - normal:   -0.1509  -0.5143   0.8443
    - offset: -0.02156588
    - vertices: p317(v1004) p654(v770) p434(v12)
    - neighboring facets: f4099 f5360 f5357
- f5362
    - flags: bottom simplicial
    - normal:    0.4325  -0.6501   0.6247
    - offset: -0.02778772
    - vertices: p1914(v1005) p1973(v867) p3570(v772)
    - neighboring facets: f4622 f5363 f5674
- f5363
    - flags: top simplicial
    - normal:    0.4335  -0.5329   0.7267
    - offset: -0.02243393
    - vertices: p1914(v1005) p2952(v908) p3570(v772)
    - neighboring facets: f5332 f5362 f5364
- f5364
    - flags: top simplicial
    - normal:    0.3464  -0.5081   0.7886
    - offset: -0.02116811
    - vertices: p1914(v1005) p1003(v910) p2952(v908)
    - neighboring facets: f5645 f5363 f5365
- f5365
    - flags: bottom simplicial
    - normal:     0.252   -0.602   0.7577
    - offset: -0.02529841
    - vertices: p1914(v1005) p1003(v910) p2306(v295)
    - neighboring facets: f4838 f5678 f5364
- f5368
    - flags: bottom simplicial
    - normal:   0.09307  -0.1253   0.9877
    - offset: -0.004791621
    - vertices: p528(v1006) p101(v597) p70(v99)
    - neighboring facets: f5924 f5922 f5374
- f5371
    - flags: top simplicial
    - normal:    0.1402  -0.1211   0.9827
    - offset: -0.004606612
    - vertices: p528(v1006) p2458(v406) p573(v271)
    - neighboring facets: f3019 f5372 f5373
- f5372
    - flags: bottom simplicial
    - normal:    0.1426  -0.1224   0.9822
    - offset: -0.004654834
    - vertices: p528(v1006) p3880(v911) p573(v271)
    - neighboring facets: f5941 f5371 f5957
- f5373
    - flags: bottom simplicial
    - normal:   0.09934  -0.1187    0.988
    - offset: -0.004536471
    - vertices: p528(v1006) p2458(v406) p2113(v175)
    - neighboring facets: f3047 f5374 f5371
- f5374
    - flags: top simplicial
    - normal:   0.09395  -0.1221   0.9881
    - offset: -0.004671467
    - vertices: p528(v1006) p101(v597) p2113(v175)
    - neighboring facets: f3194 f5373 f5368
- f5375
    - flags: bottom simplicial
    - normal:    0.4263  -0.1621   0.8899
    - offset: -0.006422798
    - vertices: p2729(v1007) p1859(v775) p2028(v405)
    - neighboring facets: f4128 f5376 f5378
- f5376
    - flags: top simplicial
    - normal:    0.3963  -0.1554   0.9049
    - offset: -0.006102749
    - vertices: p2729(v1007) p1277(v913) p2028(v405)
    - neighboring facets: f4855 f5375 f5872
- f5378
    - flags: top simplicial
    - normal:    0.4695  -0.1804   0.8643
    - offset: -0.007237178
    - vertices: p2729(v1007) p1859(v775) p3100(v604)
    - neighboring facets: f4129 f5680 f5375
- f5380
    - flags: top simplicial
    - normal:    0.7829  -0.1042  -0.6133
    - offset: -0.01367862
    - vertices: p2442(v1008) p3773(v784) p2872(v452)
    - neighboring facets: f4901 f5381 f5382
- f5381
    - flags: bottom simplicial
    - normal:    0.7797  -0.1037  -0.6175
    - offset: -0.01367908
    - vertices: p2442(v1008) p68(v915) p2872(v452)
    - neighboring facets: f4871 f5380 f5382
- f5382
    - flags: top simplicial
    - normal:    0.7783  -0.1038  -0.6193
    - offset: -0.01368235
    - vertices: p2442(v1008) p68(v915) p3773(v784)
    - neighboring facets: f4870 f5380 f5381
- f5387
    - flags: top simplicial
    - normal:    0.9758  -0.1251  -0.1793
    - offset: -0.01225377
    - vertices: p2201(v1009) p1999(v938) p1670(v641)
    - neighboring facets: f4999 f5684 f5389
- f5388
    - flags: top simplicial
    - normal:     0.966  -0.1239   -0.227
    - offset: -0.01247089
    - vertices: p2201(v1009) p2019(v810) p1753(v809)
    - neighboring facets: f5739 f5390 f5690
- f5389
    - flags: bottom simplicial
    - normal:    0.9758  -0.1251  -0.1794
    - offset: -0.01225388
    - vertices: p2201(v1009) p1999(v938) p965(v317)
    - neighboring facets: f4998 f5390 f5387
- f5390
    - flags: top simplicial
    - normal:     0.971  -0.1247  -0.2038
    - offset: -0.0123699
    - vertices: p2201(v1009) p1753(v809) p965(v317)
    - neighboring facets: f5000 f5389 f5388
- f5394
    - flags: bottom simplicial
    - normal:    0.9393  -0.1252  -0.3194
    - offset: -0.01294841
    - vertices: p116(v1010) p3556(v917) p1482(v60)
    - neighboring facets: f4884 f5395 f5694
- f5395
    - flags: top simplicial
    - normal:    0.9329  -0.1251  -0.3377
    - offset: -0.01303393
    - vertices: p116(v1010) p1005(v451) p1482(v60)
    - neighboring facets: f4263 f5394 f5396
- f5396
    - flags: top simplicial
    - normal:     0.932  -0.1249  -0.3402
    - offset: -0.01304279
    - vertices: p116(v1010) p3790(v615) p1005(v451)
    - neighboring facets: f3289 f5395 f5839
- f5398
    - flags: bottom simplicial
    - normal:     0.965  -0.1243   -0.231
    - offset: -0.01249807
    - vertices: p1920(v1011) p720(v939) p3556(v917)
    - neighboring facets: f5004 f5689 f5745
- f5401
    - flags: top simplicial
    - normal:    0.8822  -0.1479  -0.4471
    - offset: -0.01397786
    - vertices: p1390(v1012) p1415(v919) p3860(v783)
    - neighboring facets: f4895 f5402 f5404
- f5402
    - flags: top simplicial
    - normal:    0.8587  -0.1524  -0.4892
    - offset: -0.01424741
    - vertices: p1390(v1012) p3860(v783) p3223(v458)
    - neighboring facets: f4174 f5403 f5401
- f5403
    - flags: bottom simplicial
    - normal:    0.8599  -0.1555  -0.4862
    - offset: -0.01430389
    - vertices: p1390(v1012) p1940(v918) p3223(v458)
    - neighboring facets: f4894 f5402 f5406
- f5404
    - flags: bottom simplicial
    - normal:    0.9104  -0.1529  -0.3844
    - offset: -0.01380176
    - vertices: p1390(v1012) p1415(v919) p748(v315)
    - neighboring facets: f4896 f5405 f5401
- f5405
    - flags: top simplicial
    - normal:     0.929  -0.1768  -0.3251
    - offset: -0.01402714
    - vertices: p1390(v1012) p3705(v932) p748(v315)
    - neighboring facets: f4962 f5404 f5406
- f5406
    - flags: bottom simplicial
    - normal:    0.9115  -0.1903  -0.3646
    - offset: -0.01453446
    - vertices: p1390(v1012) p3705(v932) p1940(v918)
    - neighboring facets: f4965 f5403 f5405
- f5409
    - flags: bottom simplicial
    - normal:    0.8775  -0.1117  -0.4664
    - offset: -0.01338814
    - vertices: p1157(v1013) p913(v789) p1823(v312)
    - neighboring facets: f5422 f5410 f5700
- f5410
    - flags: top simplicial
    - normal:    0.8594  -0.1125  -0.4987
    - offset: -0.01350061
    - vertices: p1157(v1013) p2642(v785) p1823(v312)
    - neighboring facets: f4183 f5409 f5411
- f5411
    - flags: top simplicial
    - normal:    0.8586  -0.1118  -0.5004
    - offset: -0.01349741
    - vertices: p1157(v1013) p71(v920) p2642(v785)
    - neighboring facets: f4900 f5410 f5698
- f5412
    - flags: bottom simplicial
    - normal:    0.8054 -0.09224  -0.5855
    - offset: -0.01357203
    - vertices: p40(v1014) p2460(v788) p2742(v619)
    - neighboring facets: f4920 f5413 f5414
- f5413
    - flags: top simplicial
    - normal:    0.7811 -0.09465  -0.6172
    - offset: -0.01362103
    - vertices: p40(v1014) p1326(v922) p2742(v619)
    - neighboring facets: f4909 f5412 f5414
- f5414
    - flags: bottom simplicial
    - normal:    0.7793 -0.09405  -0.6195
    - offset: -0.01362167
    - vertices: p40(v1014) p1326(v922) p2460(v788)
    - neighboring facets: f4913 f5412 f5413
- f5416
    - flags: top simplicial
    - normal:    0.8719  -0.1025  -0.4789
    - offset: -0.0133544
    - vertices: p3735(v1015) p3973(v924) p637(v620)
    - neighboring facets: f4918 f5706 f5417
- f5417
    - flags: bottom simplicial
    - normal:    0.8721  -0.1022  -0.4785
    - offset: -0.01335266
    - vertices: p3735(v1015) p3973(v924) p2652(v790)
    - neighboring facets: f4921 f5707 f5416
- f5420
    - flags: bottom simplicial
    - normal:    0.8786  -0.1056  -0.4657
    - offset: -0.01333382
    - vertices: p319(v1016) p3534(v923) p637(v620)
    - neighboring facets: f4917 f5703 f5421
- f5421
    - flags: top simplicial
    - normal:    0.8731  -0.1089  -0.4752
    - offset: -0.01339093
    - vertices: p319(v1016) p3534(v923) p913(v789)
    - neighboring facets: f4914 f5422 f5420
- f5422
    - flags: top simplicial
    - normal:    0.8791  -0.1118  -0.4634
    - offset: -0.01337838
    - vertices: p319(v1016) p913(v789) p1823(v312)
    - neighboring facets: f5409 f5423 f5421
- f5423
    - flags: bottom simplicial
    - normal:     0.891  -0.1133  -0.4396
    - offset: -0.0133117
    - vertices: p319(v1016) p3790(v615) p1823(v312)
    - neighboring facets: f3289 f5422 f5837
- f5425
    - flags: top simplicial
    - normal:    0.9834  -0.1159   0.1396
    - offset: -0.01059009
    - vertices: p127(v1017) p2079(v791) p2948(v279)
    - neighboring facets: f4219 f5709 f5427
- f5427
    - flags: top simplicial
    - normal:    0.9834  -0.1159   0.1396
    - offset: -0.01059011
    - vertices: p127(v1017) p681(v926) p2079(v791)
    - neighboring facets: f4930 f5425 f5710
- f5429
    - flags: top simplicial
    - normal:    0.9894  -0.1302    0.064
    - offset: -0.01111397
    - vertices: p333(v1018) p1551(v928) p2426(v797)
    - neighboring facets: f4939 f5713 f5431
- f5430
    - flags: bottom simplicial
    - normal:    0.9894  -0.1303  0.06406
    - offset: -0.01111404
    - vertices: p333(v1018) p1151(v793) p647(v623)
    - neighboring facets: f4228 f5712 f5431
- f5431
    - flags: bottom simplicial
    - normal:    0.9894  -0.1303  0.06407
    - offset: -0.01111403
    - vertices: p333(v1018) p1551(v928) p1151(v793)
    - neighboring facets: f5437 f5430 f5429
- f5433
    - flags: bottom simplicial
    - normal:    0.9839  -0.1287    0.124
    - offset: -0.01079578
    - vertices: p2667(v1019) p1551(v928) p1454(v796)
    - neighboring facets: f4938 f5715 f5437
- f5436
    - flags: top simplicial
    - normal:    0.9852    -0.13   0.1116
    - offset: -0.01087802
    - vertices: p2667(v1019) p1151(v793) p1460(v625)
    - neighboring facets: f4229 f5719 f5437
- f5437
    - flags: top simplicial
    - normal:    0.9855  -0.1297   0.1095
    - offset: -0.01088345
    - vertices: p2667(v1019) p1551(v928) p1151(v793)
    - neighboring facets: f5431 f5436 f5433
- f5442
    - flags: bottom simplicial
    - normal:    0.9748 -0.08568  -0.2058
    - offset: -0.01217797
    - vertices: p1649(v1021) p2312(v805) p2009(v639)
    - neighboring facets: f4978 f5445 f5443
- f5443
    - flags: bottom simplicial
    - normal:    0.9745 -0.09228  -0.2043
    - offset: -0.0121927
    - vertices: p1649(v1021) p3831(v933) p2312(v805)
    - neighboring facets: f5450 f5442 f5724
- f5445
    - flags: bottom simplicial
    - normal:    0.9824  -0.1141  -0.1479
    - offset: -0.01201888
    - vertices: p1649(v1021) p2009(v639) p2586(v459)
    - neighboring facets: f4301 f5446 f5442
- f5446
    - flags: top simplicial
    - normal:    0.9821  -0.1138  -0.1503
    - offset: -0.01202839
    - vertices: p1649(v1021) p381(v1020) p2586(v459)
    - neighboring facets: f5721 f5445 f5725
- f5450
    - flags: top simplicial
    - normal:    0.9691  -0.1042  -0.2237
    - offset: -0.01233104
    - vertices: p3543(v1023) p3831(v933) p2312(v805)
    - neighboring facets: f5443 f5451 f5452
- f5451
    - flags: bottom simplicial
    - normal:    0.9598  -0.1101  -0.2581
    - offset: -0.01251488
    - vertices: p3543(v1023) p3103(v1022) p2312(v805)
    - neighboring facets: f5737 f5450 f5844
- f5452
    - flags: bottom simplicial
    - normal:    0.9717  -0.1109  -0.2085
    - offset: -0.01229364
    - vertices: p3543(v1023) p3831(v933) p1670(v641)
    - neighboring facets: f5722 f5453 f5450
- f5453
    - flags: top simplicial
    - normal:    0.9658  -0.1137   -0.233
    - offset: -0.01242268
    - vertices: p3543(v1023) p2850(v934) p1670(v641)
    - neighboring facets: f5683 f5452 f5454
- f5454
    - flags: bottom simplicial
    - normal:    0.9601  -0.1107   -0.257
    - offset: -0.01251296
    - vertices: p3543(v1023) p2850(v934) p3248(v460)
    - neighboring facets: f4971 f5843 f5453
- f5456
    - flags: top simplicial
    - normal:      0.95  -0.1138  -0.2907
    - offset: -0.01268624
    - vertices: p2793(v1024) p391(v782) p3248(v460)
    - neighboring facets: f4882 f5457 f5458
- f5457
    - flags: bottom simplicial
    - normal:      0.95  -0.1126  -0.2912
    - offset: -0.01268084
    - vertices: p2793(v1024) p3582(v936) p3248(v460)
    - neighboring facets: f5734 f5456 f5729
- f5458
    - flags: top simplicial
    - normal:     0.929  -0.1104  -0.3531
    - offset: -0.0129445
    - vertices: p2793(v1024) p2127(v925) p391(v782)
    - neighboring facets: f5692 f5456 f5732
- f5465
    - flags: bottom simplicial
    - normal:    0.9581 -0.07387  -0.2769
    - offset: -0.01247747
    - vertices: p1633(v1025) p2275(v935) p2312(v805)
    - neighboring facets: f4978 f5738 f5466
- f5466
    - flags: bottom simplicial
    - normal:    0.9337  -0.1012  -0.3436
    - offset: -0.0128608
    - vertices: p1633(v1025) p3582(v936) p2275(v935)
    - neighboring facets: f5728 f5465 f5735
- f5467
    - flags: bottom simplicial
    - normal:    0.9811  -0.1267  -0.1462
    - offset: -0.01211925
    - vertices: p1072(v1026) p1290(v937) p2807(v455)
    - neighboring facets: f4990 f5469 f5468
- f5468
    - flags: top simplicial
    - normal:    0.9793  -0.1258  -0.1586
    - offset: -0.01216578
    - vertices: p1072(v1026) p1290(v937) p1990(v806)
    - neighboring facets: f4988 f5471 f5467
- f5469
    - flags: bottom simplicial
    - normal:    0.9802  -0.1293  -0.1502
    - offset: -0.01216962
    - vertices: p1072(v1026) p2807(v455) p270(v196)
    - neighboring facets: f4250 f5470 f5467
- f5470
    - flags: top simplicial
    - normal:    0.9786  -0.1279   -0.161
    - offset: -0.01220246
    - vertices: p1072(v1026) p965(v317) p270(v196)
    - neighboring facets: f3353 f5469 f5471
- f5471
    - flags: top simplicial
    - normal:    0.9771  -0.1261  -0.1713
    - offset: -0.01222727
    - vertices: p1072(v1026) p1990(v806) p965(v317)
    - neighboring facets: f4998 f5470 f5468
- f5473
    - flags: top simplicial
    - normal:    0.9659  -0.1239  -0.2273
    - offset: -0.0124727
    - vertices: p2181(v1027) p720(v939) p1753(v809)
    - neighboring facets: f5000 f5740 f5746
- f5476
    - flags: top simplicial
    - normal:   -0.4737   0.8806 -0.01294
    - offset: -0.005635881
    - vertices: p1082(v1028) p735(v812) p907(v444)
    - neighboring facets: f4317 f5478 f5477
- f5477
    - flags: top simplicial
    - normal:   -0.4737   0.8806 -0.01295
    - offset: -0.005635894
    - vertices: p1082(v1028) p855(v942) p735(v812)
    - neighboring facets: f5017 f5476 f5480
- f5478
    - flags: bottom simplicial
    - normal:   -0.4737   0.8806 -0.01295
    - offset: -0.005635895
    - vertices: p1082(v1028) p2550(v777) p907(v444)
    - neighboring facets: f4137 f5476 f5479
- f5479
    - flags: top simplicial
    - normal:   -0.4737   0.8806 -0.01296
    - offset: -0.00563593
    - vertices: p1082(v1028) p2550(v777) p3367(v609)
    - neighboring facets: f4138 f5480 f5478
- f5480
    - flags: bottom simplicial
    - normal:   -0.4737   0.8806 -0.01296
    - offset: -0.005635952
    - vertices: p1082(v1028) p855(v942) p3367(v609)
    - neighboring facets: f5019 f5479 f5477
- f5484
    - flags: bottom simplicial
    - normal:  0.003167 -0.09517  -0.9955
    - offset: -0.01376828
    - vertices: p3807(v1029) p249(v943) p737(v816)
    - neighboring facets: f5770 f5486 f5755
- f5486
    - flags: bottom simplicial
    - normal:  -0.05949 -0.08933  -0.9942
    - offset: -0.01367593
    - vertices: p3807(v1029) p737(v816) p792(v121)
    - neighboring facets: f4372 f5753 f5484
- f5487
    - flags: top simplicial
    - normal:   -0.0829  -0.1997  -0.9763
    - offset: -0.01782609
    - vertices: p1198(v1030) p3670(v663) p1047(v481)
    - neighboring facets: f3543 f5489 f5759
- f5489
    - flags: bottom simplicial
    - normal:  -0.04363  -0.2244  -0.9735
    - offset: -0.01872417
    - vertices: p1198(v1030) p2468(v945) p1047(v481)
    - neighboring facets: f5525 f5487 f5495
- f5492
    - flags: top simplicial
    - normal:   0.05571  -0.2307  -0.9714
    - offset: -0.01877471
    - vertices: p3240(v1031) p2468(v945) p3875(v331)
    - neighboring facets: f5077 f5493 f5495
- f5493
    - flags: bottom simplicial
    - normal:   0.07326  -0.2108  -0.9748
    - offset: -0.01795554
    - vertices: p3240(v1031) p3854(v946) p3875(v331)
    - neighboring facets: f5508 f5492 f5501
- f5495
    - flags: top simplicial
    - normal:  -0.002737  -0.2146  -0.9767
    - offset: -0.0182683
    - vertices: p3240(v1031) p1198(v1030) p2468(v945)
    - neighboring facets: f5489 f5492 f5497
- f5496
    - flags: bottom simplicial
    - normal:   0.03812  -0.1873  -0.9816
    - offset: -0.01711502
    - vertices: p3240(v1031) p2622(v944) p2579(v817)
    - neighboring facets: f5502 f5500 f5497
- f5497
    - flags: bottom simplicial
    - normal:   0.03235  -0.1877  -0.9817
    - offset: -0.01714306
    - vertices: p3240(v1031) p1198(v1030) p2622(v944)
    - neighboring facets: f5760 f5496 f5495
- f5500
    - flags: bottom simplicial
    - normal:   0.05934  -0.1953  -0.9789
    - offset: -0.01738163
    - vertices: p3346(v1032) p3240(v1031) p2579(v817)
    - neighboring facets: f5496 f5502 f5501
- f5501
    - flags: top simplicial
    - normal:   0.07525  -0.2023  -0.9764
    - offset: -0.01761639
    - vertices: p3346(v1032) p3240(v1031) p3854(v946)
    - neighboring facets: f5493 f5762 f5500
- f5502
    - flags: top simplicial
    - normal:   0.04141  -0.1857  -0.9817
    - offset: -0.01704819
    - vertices: p3346(v1032) p2622(v944) p2579(v817)
    - neighboring facets: f5496 f5500 f5850
- f5506
    - flags: top simplicial
    - normal:    0.1597  -0.1865  -0.9694
    - offset: -0.01685769
    - vertices: p3554(v1033) p3996(v826) p3221(v680)
    - neighboring facets: f4441 f5507 f5510
- f5507
    - flags: bottom simplicial
    - normal:     0.143   -0.184  -0.9725
    - offset: -0.01678881
    - vertices: p3554(v1033) p3854(v946) p3221(v680)
    - neighboring facets: f5761 f5506 f5508
- f5508
    - flags: top simplicial
    - normal:    0.1463  -0.2118  -0.9663
    - offset: -0.01788288
    - vertices: p3554(v1033) p3854(v946) p3875(v331)
    - neighboring facets: f5493 f5509 f5507
- f5509
    - flags: bottom simplicial
    - normal:     0.197  -0.2188  -0.9557
    - offset: -0.01805361
    - vertices: p3554(v1033) p3454(v668) p3875(v331)
    - neighboring facets: f3572 f5508 f5510
- f5510
    - flags: bottom simplicial
    - normal:    0.2049  -0.2153  -0.9548
    - offset: -0.01789612
    - vertices: p3554(v1033) p3996(v826) p3454(v668)
    - neighboring facets: f5091 f5509 f5506
- f5511
    - flags: bottom simplicial
    - normal:    0.1207  -0.1393  -0.9829
    - offset: -0.01513877
    - vertices: p1245(v1034) p3204(v948) p1170(v210)
    - neighboring facets: f5057 f5767 f5774
- f5520
    - flags: bottom simplicial
    - normal:  -0.06901  -0.2859  -0.9558
    - offset: -0.02119531
    - vertices: p3848(v1035) p1194(v951) p201(v662)
    - neighboring facets: f5078 f5521 f5523
- f5521
    - flags: bottom simplicial
    - normal:   -0.1375  -0.2956  -0.9454
    - offset: -0.02165422
    - vertices: p3848(v1035) p201(v662) p1995(v46)
    - neighboring facets: f3534 f5522 f5520
- f5522
    - flags: top simplicial
    - normal:   -0.1767  -0.2795  -0.9438
    - offset: -0.02104213
    - vertices: p3848(v1035) p3229(v820) p1995(v46)
    - neighboring facets: f4356 f5521 f5524
- f5523
    - flags: top simplicial
    - normal:   -0.0519  -0.2522  -0.9663
    - offset: -0.01982831
    - vertices: p3848(v1035) p1194(v951) p2468(v945)
    - neighboring facets: f5077 f5525 f5520
- f5524
    - flags: bottom simplicial
    - normal:  -0.08504  -0.2482   -0.965
    - offset: -0.01971776
    - vertices: p3848(v1035) p3229(v820) p1047(v481)
    - neighboring facets: f4357 f5525 f5522
- f5525
    - flags: top simplicial
    - normal:  -0.06985  -0.2461  -0.9667
    - offset: -0.01961403
    - vertices: p3848(v1035) p2468(v945) p1047(v481)
    - neighboring facets: f5489 f5524 f5523
- f5526
    - flags: top simplicial
    - normal:    0.3652  -0.1815  -0.9131
    - offset: -0.01622255
    - vertices: p2450(v1036) p534(v953) p1855(v73)
    - neighboring facets: f5088 f5528 f5527
- f5527
    - flags: bottom simplicial
    - normal:    0.2864  -0.1778  -0.9415
    - offset: -0.0162696
    - vertices: p2450(v1036) p534(v953) p2638(v505)
    - neighboring facets: f5116 f5529 f5526
- f5528
    - flags: bottom simplicial
    - normal:    0.3563  -0.1717  -0.9185
    - offset: -0.01586382
    - vertices: p2450(v1036) p1535(v677) p1855(v73)
    - neighboring facets: f3621 f5526 f5529
- f5529
    - flags: top simplicial
    - normal:    0.3552  -0.1714  -0.9189
    - offset: -0.01585682
    - vertices: p2450(v1036) p1535(v677) p2638(v505)
    - neighboring facets: f3630 f5527 f5528
- f5530
    - flags: top simplicial
    - normal:    0.9788  -0.1454  -0.1445
    - offset: -0.01242223
    - vertices: p540(v1037) p304(v672) p3023(v107)
    - neighboring facets: f3595 f5533 f5531
- f5531
    - flags: top simplicial
    - normal:    0.9773  -0.1481  -0.1513
    - offset: -0.01250528
    - vertices: p540(v1037) p1061(v954) p304(v672)
    - neighboring facets: f5092 f5530 f5532
- f5532
    - flags: bottom simplicial
    - normal:    0.9712  -0.1482  -0.1867
    - offset: -0.01267525
    - vertices: p540(v1037) p1061(v954) p3010(v803)
    - neighboring facets: f5096 f5534 f5531
- f5533
    - flags: bottom simplicial
    - normal:    0.9729  -0.1426   -0.182
    - offset: -0.01255241
    - vertices: p540(v1037) p965(v317) p3023(v107)
    - neighboring facets: f3357 f5530 f5534
- f5534
    - flags: bottom simplicial
    - normal:    0.9702  -0.1456  -0.1938
    - offset: -0.01265916
    - vertices: p540(v1037) p3010(v803) p965(v317)
    - neighboring facets: f4270 f5533 f5532
- f5535
    - flags: top simplicial
    - normal:    0.9894  -0.1353 -0.05333
    - offset: -0.01177969
    - vertices: p327(v1038) p2540(v621) p1584(v314)
    - neighboring facets: f3319 f5536 f5537
- f5536
    - flags: bottom simplicial
    - normal:    0.9892   -0.137 -0.05209
    - offset:  -0.011801
    - vertices: p327(v1038) p3065(v955) p1584(v314)
    - neighboring facets: f5102 f5535 f5537
- f5537
    - flags: top simplicial
    - normal:    0.9893  -0.1378  -0.0476
    - offset: -0.01179337
    - vertices: p327(v1038) p3065(v955) p2540(v621)
    - neighboring facets: f5103 f5535 f5536
- f5538
    - flags: bottom simplicial
    - normal:   -0.9387  -0.2606   0.2258
    - offset: -0.01431257
    - vertices: p2999(v1039) p1235(v844) p3758(v687)
    - neighboring facets: f5128 f5539 f5540
- f5539
    - flags: top simplicial
    - normal:   -0.9549  -0.2423   0.1719
    - offset: -0.01379924
    - vertices: p2999(v1039) p3585(v962) p3758(v687)
    - neighboring facets: f5133 f5538 f5781
- f5540
    - flags: top simplicial
    - normal:   -0.9322  -0.2832   0.2254
    - offset: -0.01520996
    - vertices: p2999(v1039) p1235(v844) p727(v510)
    - neighboring facets: f4483 f5541 f5538
- f5541
    - flags: bottom simplicial
    - normal:   -0.9305   -0.309   0.1967
    - offset: -0.01635195
    - vertices: p2999(v1039) p1392(v862) p727(v510)
    - neighboring facets: f4600 f5540 f5784
- f5545
    - flags: bottom simplicial
    - normal:   -0.9727  -0.2294  0.03546
    - offset: -0.01389691
    - vertices: p1011(v1040) p3585(v962) p2949(v845)
    - neighboring facets: f5133 f5546 f5788
- f5546
    - flags: top simplicial
    - normal:   -0.9803  -0.1961   0.0244
    - offset: -0.01267483
    - vertices: p1011(v1040) p2523(v963) p2949(v845)
    - neighboring facets: f5139 f5545 f5548
- f5548
    - flags: bottom simplicial
    - normal:   -0.9862  -0.1657 0.004406
    - offset:  -0.011607
    - vertices: p1011(v1040) p2523(v963) p1858(v87)
    - neighboring facets: f5141 f5551 f5546
- f5550
    - flags: top simplicial
    - normal:   -0.9625  -0.2587 -0.08152
    - offset: -0.01563912
    - vertices: p1011(v1040) p3489(v969) p653(v856)
    - neighboring facets: f5169 f5552 f5790
- f5551
    - flags: top simplicial
    - normal:   -0.9874  -0.1564 -0.02259
    - offset: -0.01138763
    - vertices: p1011(v1040) p863(v531) p1858(v87)
    - neighboring facets: f2828 f5548 f5552
- f5552
    - flags: top simplicial
    - normal:   -0.9872  -0.1567 -0.02957
    - offset: -0.01143692
    - vertices: p1011(v1040) p653(v856) p863(v531)
    - neighboring facets: f4566 f5551 f5550
- f5553
    - flags: top simplicial
    - normal:    0.1796 -0.0008756   0.9837
    - offset: -0.002199542
    - vertices: p2043(v1041) p2227(v966) p3331(v11)
    - neighboring facets: f5152 f5554 f5557
- f5554
    - flags: bottom simplicial
    - normal:    0.2004 -0.05483   0.9782
    - offset: -0.002394472
    - vertices: p2043(v1041) p1713(v268) p3331(v11)
    - neighboring facets: f3014 f5553 f5555
- f5555
    - flags: top simplicial
    - normal:    0.1898 -0.05368   0.9804
    - offset: -0.002328718
    - vertices: p2043(v1041) p1713(v268) p1743(v160)
    - neighboring facets: f3012 f5556 f5554
- f5556
    - flags: bottom simplicial
    - normal:    0.1588  -0.0497   0.9861
    - offset: -0.002134342
    - vertices: p2043(v1041) p2361(v399) p1743(v160)
    - neighboring facets: f2105 f5555 f5557
- f5557
    - flags: bottom simplicial
    - normal:    0.1572 -0.04942   0.9863
    - offset: -0.002123951
    - vertices: p2043(v1041) p2227(v966) p2361(v399)
    - neighboring facets: f5156 f5556 f5553
- f5561
    - flags: top simplicial
    - normal:   -0.9312  -0.3591 -0.06185
    - offset: -0.01948035
    - vertices: p3275(v1042) p2136(v976) p3656(v538)
    - neighboring facets: f5207 f5563 f5793
- f5562
    - flags: top simplicial
    - normal:   -0.9508  -0.3066 -0.04416
    - offset: -0.01731565
    - vertices: p3275(v1042) p3489(v969) p3571(v379)
    - neighboring facets: f5789 f5894 f5563
- f5563
    - flags: bottom simplicial
    - normal:   -0.9464  -0.3185 -0.05339
    - offset: -0.01783424
    - vertices: p3275(v1042) p3489(v969) p3656(v538)
    - neighboring facets: f5168 f5561 f5562
- f5564
    - flags: bottom simplicial
    - normal:   -0.8983  -0.4218   0.1227
    - offset: -0.02115199
    - vertices: p3302(v1043) p1666(v974) p3471(v709)
    - neighboring facets: f5193 f5566 f5786
- f5566
    - flags: top simplicial
    - normal:   -0.8611  -0.3937   0.3217
    - offset: -0.0193278
    - vertices: p3302(v1043) p2599(v861) p3471(v709)
    - neighboring facets: f4591 f5564 f5567
- f5567
    - flags: top simplicial
    - normal:   -0.8745  -0.3452   0.3407
    - offset: -0.01727735
    - vertices: p3302(v1043) p1392(v862) p2599(v861)
    - neighboring facets: f4600 f5566 f5785
- f5568
    - flags: bottom simplicial
    - normal:   -0.8691  -0.4921  0.04965
    - offset: -0.0242777
    - vertices: p1658(v1044) p85(v973) p2593(v859)
    - neighboring facets: f5190 f5569 f5570
- f5569
    - flags: top simplicial
    - normal:    -0.883  -0.4646  0.06659
    - offset: -0.02309438
    - vertices: p1658(v1044) p1666(v974) p2593(v859)
    - neighboring facets: f5193 f5568 f5570
- f5570
    - flags: bottom simplicial
    - normal:   -0.8879  -0.4569  0.05314
    - offset: -0.02283275
    - vertices: p1658(v1044) p1666(v974) p85(v973)
    - neighboring facets: f5572 f5568 f5569
- f5572
    - flags: top simplicial
    - normal:   -0.9085  -0.4156  0.04363
    - offset: -0.02119715
    - vertices: p2861(v1045) p1666(v974) p85(v973)
    - neighboring facets: f5570 f5797 f5898
- f5576
    - flags: top simplicial
    - normal:   -0.8665  -0.4969  -0.0484
    - offset: -0.0249614
    - vertices: p2902(v1046) p1314(v977) p1737(v711)
    - neighboring facets: f5212 f5579 f5861
- f5579
    - flags: bottom simplicial
    - normal:   -0.8989  -0.4334 -0.06444
    - offset: -0.02246356
    - vertices: p2902(v1046) p2136(v976) p1737(v711)
    - neighboring facets: f5209 f5576 f5580
- f5580
    - flags: top simplicial
    - normal:   -0.9138  -0.4038 -0.04313
    - offset: -0.02115026
    - vertices: p2902(v1046) p2136(v976) p3756(v865)
    - neighboring facets: f5791 f5582 f5579
- f5582
    - flags: bottom simplicial
    - normal:   -0.9177  -0.3963 -0.02589
    - offset: -0.02076002
    - vertices: p2902(v1046) p3275(v1042) p3756(v865)
    - neighboring facets: f5792 f5580 f5583
- f5583
    - flags: bottom simplicial
    - normal:   -0.9188  -0.3947 -0.002169
    - offset: -0.02057238
    - vertices: p2902(v1046) p2861(v1045) p3275(v1042)
    - neighboring facets: f5896 f5582 f5798
- f5584
    - flags: bottom simplicial
    - normal:   0.02209   -0.999  0.03932
    - offset: -0.04498447
    - vertices: p925(v1047) p227(v871) p2471(v714)
    - neighboring facets: f4647 f5585 f5800
- f5585
    - flags: top simplicial
    - normal:   0.06373  -0.9959  0.06394
    - offset: -0.04473335
    - vertices: p925(v1047) p3544(v980) p2471(v714)
    - neighboring facets: f5228 f5584 f5599
- f5588
    - flags: bottom simplicial
    - normal:   0.06125  -0.8774   0.4758
    - offset: -0.03809163
    - vertices: p1408(v1048) p3232(v869) p3785(v296)
    - neighboring facets: f4631 f5803 f5589
- f5589
    - flags: bottom simplicial
    - normal:    0.1104  -0.9396    0.324
    - offset: -0.04129187
    - vertices: p1408(v1048) p1100(v982) p3232(v869)
    - neighboring facets: f5241 f5588 f5807
- f5594
    - flags: bottom simplicial
    - normal:   0.08485  -0.9802   0.1789
    - offset: -0.04358039
    - vertices: p1522(v1049) p3544(v980) p2560(v539)
    - neighboring facets: f5228 f5595 f5599
- f5595
    - flags: top simplicial
    - normal:   0.09049  -0.9739    0.208
    - offset: -0.04319354
    - vertices: p1522(v1049) p293(v713) p2560(v539)
    - neighboring facets: f5255 f5594 f5596
- f5596
    - flags: top simplicial
    - normal:   0.08733  -0.9723   0.2168
    - offset: -0.04308897
    - vertices: p1522(v1049) p1100(v982) p293(v713)
    - neighboring facets: f5241 f5595 f5597
- f5597
    - flags: bottom simplicial
    - normal:   0.01003  -0.9697   0.2441
    - offset: -0.04288343
    - vertices: p1522(v1049) p1100(v982) p2789(v872)
    - neighboring facets: f5806 f5598 f5596
- f5598
    - flags: top simplicial
    - normal:   0.01105   -0.988   0.1542
    - offset: -0.04402776
    - vertices: p1522(v1049) p925(v1047) p2789(v872)
    - neighboring facets: f5801 f5597 f5599
- f5599
    - flags: bottom simplicial
    - normal:   0.01181   -0.988   0.1539
    - offset: -0.04403077
    - vertices: p1522(v1049) p925(v1047) p3544(v980)
    - neighboring facets: f5585 f5594 f5598
- f5600
    - flags: bottom simplicial
    - normal:   -0.1459  -0.8077  -0.5712
    - offset: -0.04061146
    - vertices: p1895(v1050) p488(v881) p758(v85)
    - neighboring facets: f4700 f5604 f5601
- f5601
    - flags: bottom simplicial
    - normal:   -0.2218  -0.8368  -0.5006
    - offset: -0.0414434
    - vertices: p1895(v1050) p3810(v986) p488(v881)
    - neighboring facets: f5263 f5600 f5602
- f5602
    - flags: top simplicial
    - normal:   -0.2376  -0.8951  -0.3773
    - offset: -0.04310633
    - vertices: p1895(v1050) p3810(v986) p3869(v387)
    - neighboring facets: f5264 f5603 f5601
- f5603
    - flags: top simplicial
    - normal:  -0.03476  -0.9135  -0.4053
    - offset: -0.04392401
    - vertices: p1895(v1050) p3869(v387) p2665(v260)
    - neighboring facets: f2039 f5607 f5602
- f5604
    - flags: top simplicial
    - normal:  -0.02963  -0.8124  -0.5824
    - offset: -0.04077898
    - vertices: p1895(v1050) p815(v256) p758(v85)
    - neighboring facets: f1327 f5600 f5605
- f5605
    - flags: bottom simplicial
    - normal:  -0.005964    -0.82  -0.5724
    - offset: -0.04101415
    - vertices: p1895(v1050) p815(v256) p1092(v154)
    - neighboring facets: f1329 f5606 f5604
- f5606
    - flags: top simplicial
    - normal:    0.0237    -0.88  -0.4744
    - offset: -0.04289988
    - vertices: p1895(v1050) p694(v540) p1092(v154)
    - neighboring facets: f3859 f5605 f5607
- f5607
    - flags: bottom simplicial
    - normal:  0.008596  -0.8973  -0.4413
    - offset: -0.04343346
    - vertices: p1895(v1050) p694(v540) p2665(v260)
    - neighboring facets: f3837 f5603 f5606
- f5608
    - flags: bottom simplicial
    - normal:     0.336  -0.1238   0.9337
    - offset: -0.004855477
    - vertices: p860(v1051) p1681(v988) p1861(v568)
    - neighboring facets: f5947 f5610 f5948
- f5610
    - flags: bottom simplicial
    - normal:    0.3597  -0.1252   0.9246
    - offset: -0.004948069
    - vertices: p860(v1051) p1861(v568) p1892(v270)
    - neighboring facets: f3928 f5611 f5608
- f5611
    - flags: top simplicial
    - normal:    0.3495  -0.1216    0.929
    - offset: -0.00480433
    - vertices: p860(v1051) p3495(v732) p1892(v270)
    - neighboring facets: f4722 f5610 f5613
- f5612
    - flags: top simplicial
    - normal:    0.3212  -0.1175   0.9397
    - offset: -0.00460854
    - vertices: p3624(v1052) p1774(v885) p3495(v732)
    - neighboring facets: f4722 f5613 f5945
- f5613
    - flags: bottom simplicial
    - normal:    0.3263  -0.1207   0.9375
    - offset: -0.004729405
    - vertices: p3624(v1052) p860(v1051) p3495(v732)
    - neighboring facets: f5611 f5612 f5949
- f5617
    - flags: top simplicial
    - normal:    0.6401  -0.1203   0.7588
    - offset: -0.006644438
    - vertices: p3159(v1053) p2619(v759) p2933(v426)
    - neighboring facets: f4050 f5619 f5809
- f5619
    - flags: bottom simplicial
    - normal:    0.6008  -0.1113   0.7916
    - offset: -0.006140357
    - vertices: p3159(v1053) p87(v589) p2933(v426)
    - neighboring facets: f3154 f5617 f5620
- f5620
    - flags: bottom simplicial
    - normal:    0.5962  -0.1084   0.7955
    - offset: -0.00603696
    - vertices: p3159(v1053) p3886(v992) p87(v589)
    - neighboring facets: f5289 f5619 f5810
- f5621
    - flags: top simplicial
    - normal:    0.5741 -0.08112   0.8148
    - offset: -0.005297864
    - vertices: p1586(v1054) p535(v407) p2866(v51)
    - neighboring facets: f2147 f5622 f5624
- f5622
    - flags: bottom simplicial
    - normal:    0.6162 -0.08416   0.7831
    - offset: -0.005698819
    - vertices: p1586(v1054) p3754(v762) p2866(v51)
    - neighboring facets: f4064 f5621 f5623
- f5623
    - flags: bottom simplicial
    - normal:    0.6158 -0.08462   0.7833
    - offset: -0.00569751
    - vertices: p1586(v1054) p2882(v993) p3754(v762)
    - neighboring facets: f5297 f5622 f5626
- f5624
    - flags: top simplicial
    - normal:    0.5698 -0.08196   0.8177
    - offset: -0.005263286
    - vertices: p1586(v1054) p1820(v736) p535(v407)
    - neighboring facets: f3942 f5621 f5625
- f5625
    - flags: top simplicial
    - normal:    0.5679 -0.08332   0.8189
    - offset: -0.005253643
    - vertices: p1586(v1054) p3110(v888) p1820(v736)
    - neighboring facets: f4736 f5624 f5626
- f5626
    - flags: top simplicial
    - normal:     0.587 -0.08512   0.8051
    - offset: -0.00543736
    - vertices: p1586(v1054) p2882(v993) p3110(v888)
    - neighboring facets: f5298 f5625 f5623
- f5627
    - flags: top simplicial
    - normal:    0.9594  -0.1169   0.2568
    - offset: -0.009984635
    - vertices: p1468(v1055) p1631(v994) p3124(v280)
    - neighboring facets: f5301 f5629 f5628
- f5628
    - flags: bottom simplicial
    - normal:    0.9594  -0.1169   0.2568
    - offset: -0.009984651
    - vertices: p1468(v1055) p1631(v994) p2194(v891)
    - neighboring facets: f5303 f5630 f5627
- f5629
    - flags: bottom simplicial
    - normal:    0.9595  -0.1161   0.2567
    - offset: -0.009980186
    - vertices: p1468(v1055) p2595(v573) p3124(v280)
    - neighboring facets: f3958 f5627 f5630
- f5630
    - flags: bottom simplicial
    - normal:    0.9596  -0.1168   0.2561
    - offset: -0.009988466
    - vertices: p1468(v1055) p2194(v891) p2595(v573)
    - neighboring facets: f4749 f5629 f5628
- f5631
    - flags: bottom simplicial
    - normal:    0.9641  -0.1246   0.2344
    - offset: -0.01017525
    - vertices: p2469(v1056) p3519(v995) p1647(v742)
    - neighboring facets: f5305 f5633 f5632
- f5632
    - flags: top simplicial
    - normal:    0.9646  -0.1243   0.2324
    - offset: -0.01018056
    - vertices: p2469(v1056) p3519(v995) p1917(v744)
    - neighboring facets: f5306 f5634 f5631
- f5633
    - flags: bottom simplicial
    - normal:    0.9663  -0.1237   0.2259
    - offset: -0.01020396
    - vertices: p2469(v1056) p1647(v742) p1648(v413)
    - neighboring facets: f3973 f5635 f5631
- f5634
    - flags: top simplicial
    - normal:     0.966  -0.1237    0.227
    - offset: -0.01019886
    - vertices: p2469(v1056) p1917(v744) p3796(v167)
    - neighboring facets: f3979 f5635 f5632
- f5635
    - flags: bottom simplicial
    - normal:     0.966  -0.1237   0.2269
    - offset: -0.01019894
    - vertices: p2469(v1056) p1648(v413) p3796(v167)
    - neighboring facets: f3073 f5634 f5633
- f5636
    - flags: top simplicial
    - normal:    0.3745  -0.2511   0.8926
    - offset: -0.009977337
    - vertices: p2612(v1057) p3412(v905) p1343(v603)
    - neighboring facets: f4806 f5643 f5811
- f5641
    - flags: top simplicial
    - normal:    0.1926  -0.2106   0.9584
    - offset: -0.008171217
    - vertices: p2612(v1057) p732(v999) p764(v773)
    - neighboring facets: f5653 f5905 f5644
- f5642
    - flags: bottom simplicial
    - normal:    0.3761  -0.3469   0.8592
    - offset: -0.01413846
    - vertices: p3675(v1058) p2952(v908) p1343(v603)
    - neighboring facets: f5334 f5643 f5645
- f5643
    - flags: top simplicial
    - normal:    0.3714  -0.2548   0.8928
    - offset: -0.0101328
    - vertices: p3675(v1058) p2612(v1057) p1343(v603)
    - neighboring facets: f5636 f5642 f5644
- f5644
    - flags: bottom simplicial
    - normal:     0.364  -0.2576   0.8951
    - offset: -0.01024646
    - vertices: p3675(v1058) p2612(v1057) p732(v999)
    - neighboring facets: f5641 f5650 f5643
- f5645
    - flags: bottom simplicial
    - normal:    0.3302  -0.4662   0.8207
    - offset: -0.01929316
    - vertices: p3675(v1058) p1003(v910) p2952(v908)
    - neighboring facets: f5364 f5642 f5649
- f5647
    - flags: top simplicial
    - normal:   0.08842  -0.4343   0.8964
    - offset: -0.01776182
    - vertices: p866(v1059) p1003(v910) p3051(v600)
    - neighboring facets: f4838 f5828 f5649
- f5649
    - flags: top simplicial
    - normal:    0.1855  -0.3943   0.9001
    - offset: -0.01602506
    - vertices: p866(v1059) p3675(v1058) p1003(v910)
    - neighboring facets: f5645 f5647 f5650
- f5650
    - flags: bottom simplicial
    - normal:    0.1879  -0.3905   0.9012
    - offset: -0.01586012
    - vertices: p866(v1059) p3675(v1058) p732(v999)
    - neighboring facets: f5644 f5653 f5649
- f5653
    - flags: bottom simplicial
    - normal:    0.1638  -0.2262   0.9602
    - offset: -0.008827335
    - vertices: p866(v1059) p732(v999) p764(v773)
    - neighboring facets: f5641 f5831 f5650
- f5655
    - flags: top simplicial
    - normal:    0.0483   -0.194   0.9798
    - offset: -0.007552214
    - vertices: p761(v1060) p377(v1002) p2519(v434)
    - neighboring facets: f5343 f5825 f5656
- f5656
    - flags: top simplicial
    - normal:   0.04915  -0.1941   0.9798
    - offset: -0.007552291
    - vertices: p761(v1060) p2415(v1003) p377(v1002)
    - neighboring facets: f5348 f5655 f5822
- f5659
    - flags: bottom simplicial
    - normal:    0.1119   -0.205   0.9723
    - offset: -0.007949376
    - vertices: p1684(v1061) p2921(v909) p764(v773)
    - neighboring facets: f5830 f5881 f5661
- f5661
    - flags: bottom simplicial
    - normal:   0.07343  -0.1944   0.9782
    - offset: -0.007542478
    - vertices: p1684(v1061) p2415(v1003) p2921(v909)
    - neighboring facets: f5348 f5659 f5817
- f5668
    - flags: top simplicial
    - normal:  -0.09466  -0.2682   0.9587
    - offset: -0.01091247
    - vertices: p2329(v1063) p1228(v769) p3060(v176)
    - neighboring facets: f4094 f5670 f5669
- f5669
    - flags: top simplicial
    - normal:  -0.09588  -0.2694   0.9582
    - offset: -0.01096716
    - vertices: p2329(v1063) p317(v1004) p1228(v769)
    - neighboring facets: f5356 f5668 f5826
- f5670
    - flags: bottom simplicial
    - normal:   0.01265  -0.2195   0.9755
    - offset: -0.008658545
    - vertices: p2329(v1063) p377(v1002) p3060(v176)
    - neighboring facets: f5341 f5668 f5671
- f5671
    - flags: top simplicial
    - normal:    0.0196  -0.2231   0.9746
    - offset: -0.00879954
    - vertices: p2329(v1063) p377(v1002) p2921(v909)
    - neighboring facets: f5348 f5829 f5670
- f5674
    - flags: top simplicial
    - normal:    0.4156  -0.6578   0.6281
    - offset: -0.02811103
    - vertices: p2856(v1064) p1914(v1005) p1973(v867)
    - neighboring facets: f5362 f5676 f5678
- f5675
    - flags: top simplicial
    - normal:     0.187   -0.797   0.5743
    - offset: -0.03430294
    - vertices: p2856(v1064) p3232(v869) p2904(v439)
    - neighboring facets: f4631 f5677 f5676
- f5676
    - flags: bottom simplicial
    - normal:    0.3374  -0.7535   0.5642
    - offset: -0.03246433
    - vertices: p2856(v1064) p3232(v869) p1973(v867)
    - neighboring facets: f5219 f5674 f5675
- f5677
    - flags: top simplicial
    - normal:    0.1471  -0.6905   0.7082
    - offset: -0.02926272
    - vertices: p2856(v1064) p2904(v439) p2306(v295)
    - neighboring facets: f2316 f5678 f5675
- f5678
    - flags: bottom simplicial
    - normal:     0.235  -0.6388   0.7326
    - offset: -0.02695721
    - vertices: p2856(v1064) p1914(v1005) p2306(v295)
    - neighboring facets: f5365 f5677 f5674
- f5679
    - flags: bottom simplicial
    - normal:    0.4563  -0.1901   0.8693
    - offset: -0.007602075
    - vertices: p1756(v1065) p3412(v905) p3100(v604)
    - neighboring facets: f4807 f5680 f5864
- f5680
    - flags: top simplicial
    - normal:    0.4623  -0.1835   0.8676
    - offset: -0.007346033
    - vertices: p1756(v1065) p2729(v1007) p3100(v604)
    - neighboring facets: f5378 f5679 f5873
- f5683
    - flags: bottom simplicial
    - normal:    0.9651  -0.1161  -0.2346
    - offset: -0.01244641
    - vertices: p205(v1066) p2850(v934) p1670(v641)
    - neighboring facets: f5453 f5684 f5685
- f5684
    - flags: top simplicial
    - normal:    0.9758  -0.1251  -0.1794
    - offset: -0.01225401
    - vertices: p205(v1066) p2201(v1009) p1670(v641)
    - neighboring facets: f5387 f5683 f5686
- f5685
    - flags: top simplicial
    - normal:    0.9637  -0.1186  -0.2392
    - offset: -0.01248423
    - vertices: p205(v1066) p2850(v934) p3535(v916)
    - neighboring facets: f4971 f5686 f5683
- f5686
    - flags: bottom simplicial
    - normal:    0.9644  -0.1202  -0.2354
    - offset: -0.01248008
    - vertices: p205(v1066) p2201(v1009) p3535(v916)
    - neighboring facets: f5688 f5685 f5684
- f5687
    - flags: bottom simplicial
    - normal:    0.9633  -0.1219   -0.239
    - offset: -0.01251143
    - vertices: p1139(v1067) p3556(v917) p3535(v916)
    - neighboring facets: f4883 f5688 f5689
- f5688
    - flags: top simplicial
    - normal:    0.9649  -0.1228  -0.2323
    - offset:  -0.012486
    - vertices: p1139(v1067) p2201(v1009) p3535(v916)
    - neighboring facets: f5686 f5687 f5690
- f5689
    - flags: bottom simplicial
    - normal:     0.965  -0.1241  -0.2311
    - offset: -0.01249619
    - vertices: p1139(v1067) p1920(v1011) p3556(v917)
    - neighboring facets: f5398 f5687 f5833
- f5690
    - flags: bottom simplicial
    - normal:    0.9658  -0.1237  -0.2279
    - offset: -0.01247399
    - vertices: p1139(v1067) p2201(v1009) p2019(v810)
    - neighboring facets: f5388 f5832 f5688
- f5692
    - flags: bottom simplicial
    - normal:    0.9307  -0.1139  -0.3475
    - offset: -0.01294821
    - vertices: p441(v1068) p2127(v925) p391(v782)
    - neighboring facets: f5458 f5693 f5836
- f5693
    - flags: top simplicial
    - normal:    0.9392  -0.1171  -0.3229
    - offset: -0.01286486
    - vertices: p441(v1068) p3556(v917) p391(v782)
    - neighboring facets: f4882 f5692 f5694
- f5694
    - flags: top simplicial
    - normal:    0.9373  -0.1176   -0.328
    - offset: -0.01289375
    - vertices: p441(v1068) p116(v1010) p3556(v917)
    - neighboring facets: f5394 f5693 f5840
- f5697
    - flags: bottom simplicial
    - normal:    0.8595  -0.1111  -0.4989
    - offset: -0.0134853
    - vertices: p3835(v1069) p71(v920) p2872(v452)
    - neighboring facets: f4901 f5699 f5698
- f5698
    - flags: bottom simplicial
    - normal:     0.861  -0.1113  -0.4962
    - offset: -0.01347862
    - vertices: p3835(v1069) p1157(v1013) p71(v920)
    - neighboring facets: f5411 f5697 f5700
- f5699
    - flags: top simplicial
    - normal:    0.8627  -0.1105  -0.4935
    - offset: -0.01346232
    - vertices: p3835(v1069) p913(v789) p2872(v452)
    - neighboring facets: f4914 f5697 f5700
- f5700
    - flags: top simplicial
    - normal:    0.8628  -0.1111  -0.4932
    - offset: -0.01346741
    - vertices: p3835(v1069) p1157(v1013) p913(v789)
    - neighboring facets: f5409 f5699 f5698
- f5701
    - flags: top simplicial
    - normal:     0.905  -0.1063  -0.4118
    - offset: -0.01314998
    - vertices: p622(v1070) p319(v1016) p2127(v925)
    - neighboring facets: f5838 f5733 f5703
- f5703
    - flags: bottom simplicial
    - normal:    0.8852   -0.105  -0.4532
    - offset: -0.01328792
    - vertices: p622(v1070) p319(v1016) p637(v620)
    - neighboring facets: f5420 f5706 f5701
- f5706
    - flags: top simplicial
    - normal:    0.8729  -0.1026  -0.4769
    - offset: -0.01334932
    - vertices: p622(v1070) p3735(v1015) p637(v620)
    - neighboring facets: f5416 f5703 f5707
- f5707
    - flags: bottom simplicial
    - normal:    0.8737  -0.1026  -0.4755
    - offset: -0.01334521
    - vertices: p622(v1070) p3735(v1015) p2652(v790)
    - neighboring facets: f5417 f5731 f5706
- f5708
    - flags: bottom simplicial
    - normal:    0.9834  -0.1159   0.1396
    - offset: -0.01059009
    - vertices: p2650(v1071) p681(v926) p2948(v279)
    - neighboring facets: f4933 f5709 f5710
- f5709
    - flags: top simplicial
    - normal:    0.9834  -0.1159   0.1396
    - offset: -0.01059009
    - vertices: p2650(v1071) p127(v1017) p2948(v279)
    - neighboring facets: f5425 f5708 f5710
- f5710
    - flags: bottom simplicial
    - normal:    0.9834  -0.1159   0.1396
    - offset: -0.01059009
    - vertices: p2650(v1071) p127(v1017) p681(v926)
    - neighboring facets: f5427 f5708 f5709
- f5711
    - flags: top simplicial
    - normal:    0.9894  -0.1303  0.06391
    - offset: -0.01111477
    - vertices: p1019(v1072) p2426(v797) p647(v623)
    - neighboring facets: f4246 f5712 f5713
- f5712
    - flags: bottom simplicial
    - normal:    0.9894  -0.1303  0.06406
    - offset: -0.01111407
    - vertices: p1019(v1072) p333(v1018) p647(v623)
    - neighboring facets: f5430 f5711 f5713
- f5713
    - flags: top simplicial
    - normal:    0.9894  -0.1303    0.064
    - offset: -0.01111427
    - vertices: p1019(v1072) p333(v1018) p2426(v797)
    - neighboring facets: f5429 f5711 f5712
- f5714
    - flags: top simplicial
    - normal:    0.9799  -0.1289   0.1519
    - offset: -0.01065348
    - vertices: p280(v1073) p1179(v929) p1454(v796)
    - neighboring facets: f4945 f5715 f5717
- f5715
    - flags: bottom simplicial
    - normal:    0.9799  -0.1289   0.1519
    - offset: -0.01065349
    - vertices: p280(v1073) p2667(v1019) p1454(v796)
    - neighboring facets: f5433 f5714 f5719
- f5716
    - flags: top simplicial
    - normal:    0.9771  -0.1288   0.1695
    - offset: -0.01056084
    - vertices: p280(v1073) p1647(v742) p888(v411)
    - neighboring facets: f3968 f5717 f5718
- f5717
    - flags: bottom simplicial
    - normal:    0.9772  -0.1281   0.1695
    - offset: -0.01054983
    - vertices: p280(v1073) p1179(v929) p888(v411)
    - neighboring facets: f4946 f5716 f5714
- f5718
    - flags: bottom simplicial
    - normal:    0.9778   -0.131   0.1632
    - offset: -0.01062497
    - vertices: p280(v1073) p1647(v742) p1460(v625)
    - neighboring facets: f3971 f5719 f5716
- f5719
    - flags: top simplicial
    - normal:    0.9792  -0.1304   0.1553
    - offset: -0.01065811
    - vertices: p280(v1073) p2667(v1019) p1460(v625)
    - neighboring facets: f5436 f5718 f5715
- f5720
    - flags: top simplicial
    - normal:    0.9821  -0.1143  -0.1498
    - offset: -0.01202875
    - vertices: p1153(v1074) p1670(v641) p2586(v459)
    - neighboring facets: f4298 f5721 f5722
- f5721
    - flags: bottom simplicial
    - normal:    0.9821  -0.1138  -0.1503
    - offset: -0.01202861
    - vertices: p1153(v1074) p381(v1020) p2586(v459)
    - neighboring facets: f5446 f5720 f5727
- f5722
    - flags: top simplicial
    - normal:    0.9811  -0.1136  -0.1565
    - offset: -0.01205825
    - vertices: p1153(v1074) p3831(v933) p1670(v641)
    - neighboring facets: f5452 f5720 f5726
- f5724
    - flags: top simplicial
    - normal:    0.9815  -0.1126  -0.1546
    - offset: -0.01204478
    - vertices: p2624(v1075) p1649(v1021) p3831(v933)
    - neighboring facets: f5443 f5726 f5725
- f5725
    - flags: bottom simplicial
    - normal:    0.9815  -0.1127  -0.1545
    - offset: -0.01204437
    - vertices: p2624(v1075) p1649(v1021) p381(v1020)
    - neighboring facets: f5446 f5727 f5724
- f5726
    - flags: bottom simplicial
    - normal:    0.9815  -0.1127  -0.1545
    - offset: -0.01204441
    - vertices: p2624(v1075) p1153(v1074) p3831(v933)
    - neighboring facets: f5722 f5724 f5727
- f5727
    - flags: top simplicial
    - normal:    0.9815  -0.1127  -0.1545
    - offset: -0.01204437
    - vertices: p2624(v1075) p1153(v1074) p381(v1020)
    - neighboring facets: f5721 f5725 f5726
- f5728
    - flags: top simplicial
    - normal:    0.9231   -0.105    -0.37
    - offset: -0.01297755
    - vertices: p1640(v1076) p3582(v936) p2275(v935)
    - neighboring facets: f5466 f5730 f5729
- f5729
    - flags: top simplicial
    - normal:    0.9233  -0.1054  -0.3693
    - offset: -0.01297669
    - vertices: p1640(v1076) p2793(v1024) p3582(v936)
    - neighboring facets: f5457 f5728 f5732
- f5730
    - flags: top simplicial
    - normal:     0.922  -0.1046  -0.3728
    - offset: -0.01298729
    - vertices: p1640(v1076) p2275(v935) p2652(v790)
    - neighboring facets: f4979 f5731 f5728
- f5731
    - flags: bottom simplicial
    - normal:    0.9181  -0.1048  -0.3821
    - offset: -0.0130268
    - vertices: p1640(v1076) p622(v1070) p2652(v790)
    - neighboring facets: f5707 f5730 f5733
- f5732
    - flags: bottom simplicial
    - normal:     0.921  -0.1063  -0.3747
    - offset: -0.01300374
    - vertices: p1640(v1076) p2793(v1024) p2127(v925)
    - neighboring facets: f5458 f5733 f5729
- f5733
    - flags: top simplicial
    - normal:    0.9135  -0.1061  -0.3928
    - offset: -0.01307565
    - vertices: p1640(v1076) p622(v1070) p2127(v925)
    - neighboring facets: f5701 f5732 f5731
- f5734
    - flags: top simplicial
    - normal:     0.953  -0.1115  -0.2819
    - offset: -0.01263236
    - vertices: p2293(v1077) p3582(v936) p3248(v460)
    - neighboring facets: f5457 f5841 f5735
- f5735
    - flags: top simplicial
    - normal:    0.9523  -0.1109  -0.2843
    - offset: -0.01264153
    - vertices: p2293(v1077) p1633(v1025) p3582(v936)
    - neighboring facets: f5466 f5734 f5738
- f5737
    - flags: top simplicial
    - normal:    0.9595  -0.1101  -0.2594
    - offset: -0.01252059
    - vertices: p2293(v1077) p3103(v1022) p2312(v805)
    - neighboring facets: f5451 f5738 f5842
- f5738
    - flags: bottom simplicial
    - normal:    0.9594    -0.11  -0.2596
    - offset: -0.01252089
    - vertices: p2293(v1077) p1633(v1025) p2312(v805)
    - neighboring facets: f5465 f5737 f5735
- f5739
    - flags: bottom simplicial
    - normal:    0.9659  -0.1239  -0.2273
    - offset: -0.0124727
    - vertices: p824(v1078) p2019(v810) p1753(v809)
    - neighboring facets: f5388 f5740 f5743
- f5740
    - flags: top simplicial
    - normal:    0.9659  -0.1239  -0.2273
    - offset: -0.01247272
    - vertices: p824(v1078) p2181(v1027) p1753(v809)
    - neighboring facets: f5473 f5739 f5744
- f5743
    - flags: top simplicial
    - normal:    0.9659  -0.1239  -0.2274
    - offset: -0.01247275
    - vertices: p1543(v1079) p824(v1078) p2019(v810)
    - neighboring facets: f5739 f5834 f5744
- f5744
    - flags: bottom simplicial
    - normal:    0.9659  -0.1239  -0.2273
    - offset: -0.01247275
    - vertices: p1543(v1079) p824(v1078) p2181(v1027)
    - neighboring facets: f5740 f5746 f5743
- f5745
    - flags: top simplicial
    - normal:    0.9659  -0.1239  -0.2274
    - offset: -0.01247285
    - vertices: p1543(v1079) p1920(v1011) p720(v939)
    - neighboring facets: f5398 f5746 f5835
- f5746
    - flags: bottom simplicial
    - normal:    0.9659  -0.1239  -0.2274
    - offset: -0.01247281
    - vertices: p1543(v1079) p2181(v1027) p720(v939)
    - neighboring facets: f5473 f5745 f5744
- f5747
    - flags: bottom simplicial
    - normal:   0.03705 -0.08247  -0.9959
    - offset: -0.0132461
    - vertices: p716(v1080) p394(v819) p65(v660)
    - neighboring facets: f4355 f5757 f5754
- f5751
    - flags: top simplicial
    - normal:   0.02194 -0.07221  -0.9971
    - offset: -0.01292487
    - vertices: p898(v1081) p394(v819) p78(v209)
    - neighboring facets: f5065 f5752 f5754
- f5752
    - flags: top simplicial
    - normal:   -0.1307 -0.06245  -0.9894
    - offset: -0.01280494
    - vertices: p898(v1081) p78(v209) p792(v121)
    - neighboring facets: f2507 f5753 f5751
- f5753
    - flags: bottom simplicial
    - normal:   -0.1108 -0.06859  -0.9915
    - offset: -0.01300381
    - vertices: p898(v1081) p3807(v1029) p792(v121)
    - neighboring facets: f5486 f5752 f5755
- f5754
    - flags: top simplicial
    - normal:   0.03558 -0.08215   -0.996
    - offset: -0.01323795
    - vertices: p898(v1081) p716(v1080) p394(v819)
    - neighboring facets: f5747 f5751 f5757
- f5755
    - flags: top simplicial
    - normal:   0.03371 -0.08723  -0.9956
    - offset: -0.01341853
    - vertices: p898(v1081) p3807(v1029) p249(v943)
    - neighboring facets: f5484 f5756 f5753
- f5756
    - flags: top simplicial
    - normal:   0.03699 -0.08695  -0.9955
    - offset: -0.01340075
    - vertices: p898(v1081) p249(v943) p65(v660)
    - neighboring facets: f5023 f5757 f5755
- f5757
    - flags: bottom simplicial
    - normal:   0.03674  -0.0853  -0.9957
    - offset: -0.01334446
    - vertices: p898(v1081) p716(v1080) p65(v660)
    - neighboring facets: f5747 f5756 f5754
- f5758
    - flags: top simplicial
    - normal:  -0.03307  -0.1558  -0.9872
    - offset: -0.01605655
    - vertices: p3524(v1082) p2622(v944) p3670(v663)
    - neighboring facets: f5031 f5759 f5760
- f5759
    - flags: bottom simplicial
    - normal:   -0.0685  -0.1939  -0.9786
    - offset: -0.01758261
    - vertices: p3524(v1082) p1198(v1030) p3670(v663)
    - neighboring facets: f5487 f5758 f5760
- f5760
    - flags: top simplicial
    - normal:   -0.0158  -0.1779  -0.9839
    - offset: -0.01686532
    - vertices: p3524(v1082) p1198(v1030) p2622(v944)
    - neighboring facets: f5497 f5758 f5759
- f5761
    - flags: top simplicial
    - normal:    0.1372  -0.1827  -0.9735
    - offset: -0.01674798
    - vertices: p2297(v1083) p3854(v946) p3221(v680)
    - neighboring facets: f5507 f5764 f5762
- f5762
    - flags: top simplicial
    - normal:    0.1145   -0.184  -0.9762
    - offset: -0.01683524
    - vertices: p2297(v1083) p3346(v1032) p3854(v946)
    - neighboring facets: f5501 f5761 f5763
- f5763
    - flags: top simplicial
    - normal:   0.09332  -0.1523  -0.9839
    - offset: -0.01567036
    - vertices: p2297(v1083) p1245(v1034) p3346(v1032)
    - neighboring facets: f5848 f5762 f5767
- f5764
    - flags: bottom simplicial
    - normal:    0.1584   -0.163  -0.9738
    - offset: -0.0159592
    - vertices: p2297(v1083) p505(v835) p3221(v680)
    - neighboring facets: f4441 f5761 f5765
- f5765
    - flags: bottom simplicial
    - normal:    0.1517  -0.1522  -0.9766
    - offset: -0.01556594
    - vertices: p2297(v1083) p2909(v957) p505(v835)
    - neighboring facets: f5110 f5764 f5766
- f5766
    - flags: top simplicial
    - normal:    0.1316  -0.1438  -0.9808
    - offset: -0.01528243
    - vertices: p2297(v1083) p2909(v957) p1170(v210)
    - neighboring facets: f5111 f5767 f5765
- f5767
    - flags: bottom simplicial
    - normal:    0.1258  -0.1426  -0.9818
    - offset: -0.01524724
    - vertices: p2297(v1083) p1245(v1034) p1170(v210)
    - neighboring facets: f5511 f5766 f5763
- f5770
    - flags: top simplicial
    - normal:   0.04618  -0.1287  -0.9906
    - offset: -0.01488171
    - vertices: p2096(v1084) p249(v943) p737(v816)
    - neighboring facets: f5484 f5772 f5775
- f5772
    - flags: bottom simplicial
    - normal:   0.01717  -0.1408  -0.9899
    - offset: -0.01539317
    - vertices: p2096(v1084) p2622(v944) p737(v816)
    - neighboring facets: f5031 f5770 f5851
- f5773
    - flags: top simplicial
    - normal:   0.06188  -0.1239  -0.9904
    - offset: -0.01467068
    - vertices: p1424(v1085) p3204(v948) p249(v943)
    - neighboring facets: f5060 f5775 f5774
- f5774
    - flags: top simplicial
    - normal:   0.06673  -0.1295  -0.9893
    - offset: -0.01486976
    - vertices: p1424(v1085) p1245(v1034) p3204(v948)
    - neighboring facets: f5511 f5773 f5849
- f5775
    - flags: bottom simplicial
    - normal:   0.04645  -0.1287  -0.9906
    - offset: -0.01488131
    - vertices: p1424(v1085) p2096(v1084) p249(v943)
    - neighboring facets: f5770 f5773 f5852
- f5781
    - flags: bottom simplicial
    - normal:   -0.9508   -0.281   0.1306
    - offset: -0.01549873
    - vertices: p487(v1086) p2999(v1039) p3585(v962)
    - neighboring facets: f5539 f5855 f5784
- f5784
    - flags: top simplicial
    - normal:   -0.9275  -0.3383   0.1588
    - offset: -0.01765875
    - vertices: p487(v1086) p2999(v1039) p1392(v862)
    - neighboring facets: f5541 f5785 f5781
- f5785
    - flags: bottom simplicial
    - normal:   -0.9201  -0.3649   0.1425
    - offset: -0.01877766
    - vertices: p487(v1086) p3302(v1043) p1392(v862)
    - neighboring facets: f5567 f5784 f5786
- f5786
    - flags: top simplicial
    - normal:   -0.9158  -0.3826   0.1222
    - offset: -0.01956315
    - vertices: p487(v1086) p3302(v1043) p1666(v974)
    - neighboring facets: f5564 f5860 f5785
- f5788
    - flags: top simplicial
    - normal:   -0.9648  -0.2618   0.0225
    - offset: -0.01521511
    - vertices: p3599(v1087) p1011(v1040) p3585(v962)
    - neighboring facets: f5545 f5890 f5790
- f5789
    - flags: bottom simplicial
    - normal:   -0.9591   -0.281 -0.03324
    - offset: -0.01624873
    - vertices: p3599(v1087) p3489(v969) p3571(v379)
    - neighboring facets: f5562 f5889 f5790
- f5790
    - flags: bottom simplicial
    - normal:   -0.9607  -0.2741 -0.04426
    - offset: -0.01603981
    - vertices: p3599(v1087) p1011(v1040) p3489(v969)
    - neighboring facets: f5550 f5789 f5788
- f5791
    - flags: bottom simplicial
    - normal:   -0.9164   -0.398 -0.04277
    - offset: -0.02091612
    - vertices: p389(v1088) p2136(v976) p3756(v865)
    - neighboring facets: f5580 f5792 f5793
- f5792
    - flags: top simplicial
    - normal:   -0.9193  -0.3915  -0.0404
    - offset: -0.02064297
    - vertices: p389(v1088) p3275(v1042) p3756(v865)
    - neighboring facets: f5582 f5791 f5793
- f5793
    - flags: bottom simplicial
    - normal:   -0.9311  -0.3595 -0.06165
    - offset: -0.01949237
    - vertices: p389(v1088) p3275(v1042) p2136(v976)
    - neighboring facets: f5561 f5791 f5792
- f5794
    - flags: bottom simplicial
    - normal:   -0.8632  -0.5048 0.006384
    - offset: -0.02501299
    - vertices: p3926(v1089) p1314(v977) p1101(v537)
    - neighboring facets: f5215 f5796 f5862
- f5796
    - flags: top simplicial
    - normal:   -0.8664   -0.497  0.04801
    - offset: -0.02448259
    - vertices: p3926(v1089) p85(v973) p1101(v537)
    - neighboring facets: f5190 f5794 f5797
- f5797
    - flags: top simplicial
    - normal:   -0.9088  -0.4161   0.0299
    - offset: -0.02128735
    - vertices: p3926(v1089) p2861(v1045) p85(v973)
    - neighboring facets: f5572 f5796 f5798
- f5798
    - flags: top simplicial
    - normal:   -0.9152  -0.4029 0.006009
    - offset: -0.02086452
    - vertices: p3926(v1089) p2902(v1046) p2861(v1045)
    - neighboring facets: f5583 f5797 f5863
- f5799
    - flags: bottom simplicial
    - normal:   -0.1693  -0.9815  0.08989
    - offset: -0.04406937
    - vertices: p2927(v1090) p2789(v872) p227(v871)
    - neighboring facets: f4652 f5800 f5801
- f5800
    - flags: top simplicial
    - normal:  -0.03326  -0.9977  0.05977
    - offset: -0.04486012
    - vertices: p2927(v1090) p925(v1047) p227(v871)
    - neighboring facets: f5584 f5799 f5801
- f5801
    - flags: bottom simplicial
    - normal:  -0.05763  -0.9917   0.1149
    - offset: -0.04437725
    - vertices: p2927(v1090) p925(v1047) p2789(v872)
    - neighboring facets: f5598 f5799 f5800
- f5802
    - flags: top simplicial
    - normal:   -0.0541  -0.8554   0.5151
    - offset: -0.03705741
    - vertices: p2693(v1091) p1619(v546) p3785(v296)
    - neighboring facets: f2922 f5803 f5804
- f5803
    - flags: bottom simplicial
    - normal:   0.04218  -0.8851   0.4635
    - offset: -0.03846985
    - vertices: p2693(v1091) p1408(v1048) p3785(v296)
    - neighboring facets: f5588 f5802 f5807
- f5804
    - flags: top simplicial
    - normal:   -0.1418  -0.9085   0.3931
    - offset: -0.03980362
    - vertices: p2693(v1091) p3681(v981) p1619(v546)
    - neighboring facets: f5236 f5802 f5805
- f5805
    - flags: bottom simplicial
    - normal:  -0.05061  -0.9601   0.2751
    - offset: -0.04237396
    - vertices: p2693(v1091) p3681(v981) p2789(v872)
    - neighboring facets: f5240 f5806 f5804
- f5806
    - flags: top simplicial
    - normal:  -0.01549  -0.9615   0.2743
    - offset: -0.04242087
    - vertices: p2693(v1091) p1100(v982) p2789(v872)
    - neighboring facets: f5597 f5805 f5807
- f5807
    - flags: top simplicial
    - normal:  -0.004377  -0.9576   0.2882
    - offset: -0.04220077
    - vertices: p2693(v1091) p1408(v1048) p1100(v982)
    - neighboring facets: f5589 f5806 f5803
- f5808
    - flags: top simplicial
    - normal:    0.6185  -0.1085   0.7783
    - offset: -0.006206244
    - vertices: p679(v1092) p3886(v992) p2619(v759)
    - neighboring facets: f5290 f5809 f5810
- f5809
    - flags: bottom simplicial
    - normal:    0.6254  -0.1128   0.7721
    - offset: -0.006359333
    - vertices: p679(v1092) p3159(v1053) p2619(v759)
    - neighboring facets: f5617 f5808 f5810
- f5810
    - flags: top simplicial
    - normal:    0.6126  -0.1096   0.7828
    - offset: -0.006186626
    - vertices: p679(v1092) p3159(v1053) p3886(v992)
    - neighboring facets: f5620 f5808 f5809
- f5811
    - flags: bottom simplicial
    - normal:    0.3668   -0.243    0.898
    - offset: -0.009632135
    - vertices: p1344(v1093) p2612(v1057) p3412(v905)
    - neighboring facets: f5636 f5865 f5874
- f5817
    - flags: top simplicial
    - normal:   0.08064  -0.1931   0.9779
    - offset: -0.007481747
    - vertices: p1607(v1094) p1684(v1061) p2415(v1003)
    - neighboring facets: f5661 f5822 f5883
- f5822
    - flags: bottom simplicial
    - normal:   0.05573  -0.1804    0.982
    - offset: -0.006996137
    - vertices: p1607(v1094) p761(v1060) p2415(v1003)
    - neighboring facets: f5656 f5817 f5825
- f5824
    - flags: bottom simplicial
    - normal:   0.04767  -0.1623   0.9856
    - offset: -0.006280082
    - vertices: p1607(v1094) p3609(v767) p2519(v434)
    - neighboring facets: f4085 f5825 f5923
- f5825
    - flags: top simplicial
    - normal:   0.04844  -0.1666   0.9848
    - offset: -0.006452891
    - vertices: p1607(v1094) p761(v1060) p2519(v434)
    - neighboring facets: f5655 f5824 f5822
- f5826
    - flags: bottom simplicial
    - normal:   0.02981  -0.2806   0.9594
    - offset: -0.01122337
    - vertices: p3182(v1095) p2329(v1063) p317(v1004)
    - neighboring facets: f5669 f5827 f5829
- f5827
    - flags: bottom simplicial
    - normal:   0.04614  -0.4277   0.9027
    - offset: -0.01749856
    - vertices: p3182(v1095) p317(v1004) p3051(v600)
    - neighboring facets: f5357 f5828 f5826
- f5828
    - flags: top simplicial
    - normal:   0.06275  -0.4272    0.902
    - offset: -0.01746548
    - vertices: p3182(v1095) p866(v1059) p3051(v600)
    - neighboring facets: f5647 f5827 f5831
- f5829
    - flags: top simplicial
    - normal:   0.03524  -0.2459   0.9687
    - offset: -0.009738939
    - vertices: p3182(v1095) p2329(v1063) p2921(v909)
    - neighboring facets: f5671 f5830 f5826
- f5830
    - flags: top simplicial
    - normal:    0.1136  -0.2151     0.97
    - offset: -0.008373071
    - vertices: p3182(v1095) p2921(v909) p764(v773)
    - neighboring facets: f5659 f5831 f5829
- f5831
    - flags: bottom simplicial
    - normal:    0.1245  -0.2226   0.9669
    - offset: -0.008685785
    - vertices: p3182(v1095) p866(v1059) p764(v773)
    - neighboring facets: f5653 f5830 f5828
- f5832
    - flags: bottom simplicial
    - normal:    0.9659  -0.1238  -0.2275
    - offset: -0.0124731
    - vertices: p2303(v1096) p1139(v1067) p2019(v810)
    - neighboring facets: f5690 f5834 f5833
- f5833
    - flags: top simplicial
    - normal:    0.9659  -0.1239  -0.2274
    - offset: -0.01247278
    - vertices: p2303(v1096) p1139(v1067) p1920(v1011)
    - neighboring facets: f5689 f5835 f5832
- f5834
    - flags: top simplicial
    - normal:    0.9659  -0.1239  -0.2274
    - offset: -0.01247275
    - vertices: p2303(v1096) p1543(v1079) p2019(v810)
    - neighboring facets: f5743 f5832 f5835
- f5835
    - flags: bottom simplicial
    - normal:    0.9659  -0.1239  -0.2274
    - offset: -0.01247277
    - vertices: p2303(v1096) p1543(v1079) p1920(v1011)
    - neighboring facets: f5745 f5833 f5834
- f5836
    - flags: top simplicial
    - normal:    0.9267  -0.1143   -0.358
    - offset: -0.01299813
    - vertices: p3827(v1097) p441(v1068) p2127(v925)
    - neighboring facets: f5692 f5838 f5840
- f5837
    - flags: top simplicial
    - normal:    0.9077  -0.1142  -0.4038
    - offset: -0.01318522
    - vertices: p3827(v1097) p319(v1016) p3790(v615)
    - neighboring facets: f5423 f5839 f5838
- f5838
    - flags: bottom simplicial
    - normal:    0.9079  -0.1141  -0.4034
    - offset: -0.01318274
    - vertices: p3827(v1097) p319(v1016) p2127(v925)
    - neighboring facets: f5701 f5836 f5837
- f5839
    - flags: bottom simplicial
    - normal:    0.9222  -0.1163  -0.3689
    - offset: -0.01306389
    - vertices: p3827(v1097) p116(v1010) p3790(v615)
    - neighboring facets: f5396 f5837 f5840
- f5840
    - flags: bottom simplicial
    - normal:    0.9241  -0.1164  -0.3639
    - offset: -0.01304338
    - vertices: p3827(v1097) p441(v1068) p116(v1010)
    - neighboring facets: f5694 f5839 f5836
- f5841
    - flags: top simplicial
    - normal:    0.9571  -0.1106  -0.2678
    - offset: -0.01256323
    - vertices: p2551(v1098) p2293(v1077) p3248(v460)
    - neighboring facets: f5734 f5843 f5842
- f5842
    - flags: bottom simplicial
    - normal:    0.9594  -0.1101  -0.2597
    - offset: -0.01252211
    - vertices: p2551(v1098) p2293(v1077) p3103(v1022)
    - neighboring facets: f5737 f5844 f5841
- f5843
    - flags: bottom simplicial
    - normal:    0.9599  -0.1104  -0.2578
    - offset: -0.01251473
    - vertices: p2551(v1098) p3543(v1023) p3248(v460)
    - neighboring facets: f5454 f5841 f5844
- f5844
    - flags: top simplicial
    - normal:    0.9599  -0.1104  -0.2578
    - offset: -0.01251481
    - vertices: p2551(v1098) p3543(v1023) p3103(v1022)
    - neighboring facets: f5451 f5842 f5843
- f5848
    - flags: bottom simplicial
    - normal:   0.06559  -0.1452  -0.9872
    - offset: -0.01545331
    - vertices: p3190(v1100) p1245(v1034) p3346(v1032)
    - neighboring facets: f5763 f5850 f5849
- f5849
    - flags: bottom simplicial
    - normal:   0.06272  -0.1426  -0.9878
    - offset: -0.01536291
    - vertices: p3190(v1100) p1424(v1085) p1245(v1034)
    - neighboring facets: f5774 f5848 f5852
- f5850
    - flags: bottom simplicial
    - normal:   0.05521  -0.1534  -0.9866
    - offset: -0.01578909
    - vertices: p3190(v1100) p3346(v1032) p2622(v944)
    - neighboring facets: f5502 f5851 f5848
- f5851
    - flags: top simplicial
    - normal:   0.04342  -0.1404  -0.9891
    - offset: -0.01531833
    - vertices: p3190(v1100) p2096(v1084) p2622(v944)
    - neighboring facets: f5772 f5850 f5852
- f5852
    - flags: top simplicial
    - normal:   0.04357  -0.1403  -0.9891
    - offset: -0.01531664
    - vertices: p3190(v1100) p1424(v1085) p2096(v1084)
    - neighboring facets: f5775 f5851 f5849
- f5855
    - flags: bottom simplicial
    - normal:   -0.9508   -0.301  0.07317
    - offset: -0.01652372
    - vertices: p793(v1101) p487(v1086) p3585(v962)
    - neighboring facets: f5781 f5888 f5930
- f5860
    - flags: top simplicial
    - normal:   -0.9166  -0.3842   0.1108
    - offset: -0.01967136
    - vertices: p23(v1102) p487(v1086) p1666(v974)
    - neighboring facets: f5786 f5899 f5932
- f5861
    - flags: bottom simplicial
    - normal:   -0.8665  -0.4969 -0.04839
    - offset: -0.02496135
    - vertices: p1077(v1103) p2902(v1046) p1314(v977)
    - neighboring facets: f5576 f5862 f5863
- f5862
    - flags: top simplicial
    - normal:    -0.866  -0.4996 -0.02238
    - offset: -0.02494521
    - vertices: p1077(v1103) p3926(v1089) p1314(v977)
    - neighboring facets: f5794 f5861 f5863
- f5863
    - flags: bottom simplicial
    - normal:   -0.8818  -0.4709 -0.02555
    - offset: -0.0237953
    - vertices: p1077(v1103) p3926(v1089) p2902(v1046)
    - neighboring facets: f5798 f5861 f5862
- f5864
    - flags: top simplicial
    - normal:     0.374  -0.1794   0.9099
    - offset: -0.007021427
    - vertices: p373(v1104) p1756(v1065) p3412(v905)
    - neighboring facets: f5679 f5865 f5903
- f5865
    - flags: bottom simplicial
    - normal:    0.3379  -0.1972   0.9203
    - offset: -0.007696705
    - vertices: p373(v1104) p1344(v1093) p3412(v905)
    - neighboring facets: f5811 f5864 f5901
- f5872
    - flags: bottom simplicial
    - normal:    0.3685  -0.1612   0.9156
    - offset: -0.006282372
    - vertices: p397(v1105) p2729(v1007) p1277(v913)
    - neighboring facets: f5376 f5910 f5873
- f5873
    - flags: bottom simplicial
    - normal:    0.3715  -0.1656   0.9136
    - offset: -0.006460011
    - vertices: p397(v1105) p1756(v1065) p2729(v1007)
    - neighboring facets: f5680 f5872 f5904
- f5874
    - flags: top simplicial
    - normal:    0.2469  -0.1867   0.9509
    - offset: -0.007190099
    - vertices: p1434(v1106) p1344(v1093) p2612(v1057)
    - neighboring facets: f5811 f5907 f5936
- f5881
    - flags: bottom simplicial
    - normal:     0.121  -0.1932   0.9737
    - offset: -0.00745374
    - vertices: p3012(v1107) p1684(v1061) p764(v773)
    - neighboring facets: f5659 f5882 f5883
- f5882
    - flags: top simplicial
    - normal:    0.1267  -0.1888   0.9738
    - offset: -0.007267371
    - vertices: p3012(v1107) p1607(v1094) p764(v773)
    - neighboring facets: f5953 f5881 f5883
- f5883
    - flags: bottom simplicial
    - normal:    0.1199  -0.1903   0.9744
    - offset: -0.007333953
    - vertices: p3012(v1107) p1607(v1094) p1684(v1061)
    - neighboring facets: f5817 f5881 f5882
- f5885
    - flags: bottom simplicial
    - normal:    0.1301  -0.1518   0.9798
    - offset: -0.005789575
    - vertices: p3254(v1108) p1607(v1094) p1283(v1062)
    - neighboring facets: f5915 f5929 f5921
- f5888
    - flags: bottom simplicial
    - normal:   -0.9597  -0.2791   0.0331
    - offset: -0.01584446
    - vertices: p1073(v1109) p793(v1101) p3585(v962)
    - neighboring facets: f5855 f5890 f5931
- f5889
    - flags: bottom simplicial
    - normal:   -0.9613  -0.2757 -0.0008122
    - offset: -0.01587393
    - vertices: p1073(v1109) p3599(v1087) p3571(v379)
    - neighboring facets: f5789 f5933 f5890
- f5890
    - flags: top simplicial
    - normal:    -0.964   -0.265  0.02187
    - offset: -0.01534088
    - vertices: p1073(v1109) p3599(v1087) p3585(v962)
    - neighboring facets: f5788 f5888 f5889
- f5894
    - flags: top simplicial
    - normal:   -0.9247  -0.3798  0.02669
    - offset: -0.01983627
    - vertices: p2946(v1110) p3275(v1042) p3571(v379)
    - neighboring facets: f5562 f5934 f5896
- f5896
    - flags: top simplicial
    - normal:   -0.9232  -0.3835  0.02484
    - offset: -0.01999084
    - vertices: p2946(v1110) p2861(v1045) p3275(v1042)
    - neighboring facets: f5583 f5894 f5897
- f5897
    - flags: top simplicial
    - normal:   -0.9174  -0.3959  0.04118
    - offset: -0.02041364
    - vertices: p2946(v1110) p23(v1102) p2861(v1045)
    - neighboring facets: f5900 f5896 f5935
- f5898
    - flags: bottom simplicial
    - normal:   -0.9148  -0.4014  0.04513
    - offset: -0.02061588
    - vertices: p2332(v1111) p2861(v1045) p1666(v974)
    - neighboring facets: f5572 f5899 f5900
- f5899
    - flags: top simplicial
    - normal:   -0.9154  -0.3999  0.04658
    - offset: -0.02054892
    - vertices: p2332(v1111) p23(v1102) p1666(v974)
    - neighboring facets: f5860 f5898 f5900
- f5900
    - flags: bottom simplicial
    - normal:   -0.9171  -0.3965  0.04176
    - offset: -0.0204355
    - vertices: p2332(v1111) p23(v1102) p2861(v1045)
    - neighboring facets: f5897 f5898 f5899
- f5901
    - flags: top simplicial
    - normal:    0.3346  -0.1935   0.9223
    - offset: -0.007539397
    - vertices: p3867(v1112) p373(v1104) p1344(v1093)
    - neighboring facets: f5865 f5902 f5903
- f5902
    - flags: bottom simplicial
    - normal:    0.3282  -0.1909   0.9251
    - offset: -0.007426068
    - vertices: p3867(v1112) p397(v1105) p1344(v1093)
    - neighboring facets: f5908 f5901 f5904
- f5903
    - flags: bottom simplicial
    - normal:    0.3727  -0.1791   0.9105
    - offset: -0.007006519
    - vertices: p3867(v1112) p373(v1104) p1756(v1065)
    - neighboring facets: f5864 f5904 f5901
- f5904
    - flags: top simplicial
    - normal:    0.3709  -0.1747   0.9121
    - offset: -0.006825719
    - vertices: p3867(v1112) p397(v1105) p1756(v1065)
    - neighboring facets: f5873 f5903 f5902
- f5905
    - flags: top simplicial
    - normal:    0.1996  -0.1982   0.9596
    - offset: -0.007652134
    - vertices: p2744(v1113) p2612(v1057) p764(v773)
    - neighboring facets: f5641 f5952 f5907
- f5907
    - flags: top simplicial
    - normal:    0.2188  -0.1914   0.9568
    - offset: -0.007374341
    - vertices: p2744(v1113) p1434(v1106) p2612(v1057)
    - neighboring facets: f5874 f5905 f5950
- f5908
    - flags: top simplicial
    - normal:    0.2905  -0.1797   0.9398
    - offset: -0.006931977
    - vertices: p194(v1114) p397(v1105) p1344(v1093)
    - neighboring facets: f5902 f5937 f5910
- f5910
    - flags: bottom simplicial
    - normal:    0.3509   -0.161   0.9224
    - offset: -0.006252649
    - vertices: p194(v1114) p397(v1105) p1277(v913)
    - neighboring facets: f5872 f5940 f5908
- f5912
    - flags: top simplicial
    - normal:    0.2113  -0.1463   0.9664
    - offset: -0.005565666
    - vertices: p194(v1114) p1283(v1062) p3880(v911)
    - neighboring facets: f5927 f5942 f5939
- f5915
    - flags: top simplicial
    - normal:    0.1524  -0.1764   0.9725
    - offset: -0.006749819
    - vertices: p525(v1115) p1607(v1094) p1283(v1062)
    - neighboring facets: f5885 f5916 f5954
- f5916
    - flags: bottom simplicial
    - normal:     0.157  -0.1769   0.9716
    - offset: -0.006768853
    - vertices: p525(v1115) p1434(v1106) p1283(v1062)
    - neighboring facets: f5938 f5915 f5951
- f5921
    - flags: top simplicial
    - normal:    0.1234  -0.1486   0.9812
    - offset: -0.00566667
    - vertices: p2870(v1116) p3254(v1108) p1607(v1094)
    - neighboring facets: f5885 f5923 f5959
- f5922
    - flags: bottom simplicial
    - normal:    0.0935  -0.1265   0.9875
    - offset: -0.00484009
    - vertices: p2870(v1116) p528(v1006) p70(v99)
    - neighboring facets: f5368 f5924 f5958
- f5923
    - flags: top simplicial
    - normal:   0.05263   -0.155   0.9865
    - offset: -0.005987939
    - vertices: p2870(v1116) p1607(v1094) p3609(v767)
    - neighboring facets: f5824 f5926 f5921
- f5924
    - flags: top simplicial
    - normal:   0.04459  -0.1398   0.9892
    - offset: -0.00540263
    - vertices: p2870(v1116) p101(v597) p70(v99)
    - neighboring facets: f5368 f5922 f5925
- f5925
    - flags: bottom simplicial
    - normal:   0.04339  -0.1401   0.9892
    - offset: -0.005416704
    - vertices: p2870(v1116) p101(v597) p3422(v432)
    - neighboring facets: f3194 f5926 f5924
- f5926
    - flags: top simplicial
    - normal:   0.04316  -0.1403   0.9892
    - offset: -0.005425494
    - vertices: p2870(v1116) p3609(v767) p3422(v432)
    - neighboring facets: f4800 f5925 f5923
- f5927
    - flags: bottom simplicial
    - normal:    0.1341  -0.1449   0.9803
    - offset: -0.005519375
    - vertices: p2060(v1117) p1283(v1062) p3880(v911)
    - neighboring facets: f5912 f5955 f5929
- f5929
    - flags: bottom simplicial
    - normal:    0.1341  -0.1449   0.9803
    - offset: -0.005520129
    - vertices: p2060(v1117) p3254(v1108) p1283(v1062)
    - neighboring facets: f5885 f5927 f5956
- f5930
    - flags: top simplicial
    - normal:   -0.9477  -0.3131  0.06165
    - offset: -0.0170498
    - vertices: p1807(v1118) p793(v1101) p487(v1086)
    - neighboring facets: f5855 f5932 f5931
- f5931
    - flags: top simplicial
    - normal:   -0.9497  -0.3101  0.04429
    - offset: -0.01701098
    - vertices: p1807(v1118) p1073(v1109) p793(v1101)
    - neighboring facets: f5888 f5930 f5933
- f5932
    - flags: bottom simplicial
    - normal:   -0.9349  -0.3513  0.04971
    - offset: -0.01861235
    - vertices: p1807(v1118) p23(v1102) p487(v1086)
    - neighboring facets: f5860 f5930 f5935
- f5933
    - flags: bottom simplicial
    - normal:   -0.9328  -0.3591  0.03012
    - offset: -0.01900692
    - vertices: p1807(v1118) p1073(v1109) p3571(v379)
    - neighboring facets: f5889 f5934 f5931
- f5934
    - flags: top simplicial
    - normal:   -0.9259  -0.3768  0.02883
    - offset: -0.01970541
    - vertices: p1807(v1118) p2946(v1110) p3571(v379)
    - neighboring facets: f5894 f5933 f5935
- f5935
    - flags: bottom simplicial
    - normal:    -0.926  -0.3761  0.03187
    - offset: -0.01966429
    - vertices: p1807(v1118) p2946(v1110) p23(v1102)
    - neighboring facets: f5897 f5932 f5934
- f5936
    - flags: bottom simplicial
    - normal:    0.2517  -0.1844   0.9501
    - offset: -0.007098903
    - vertices: p82(v1119) p1434(v1106) p1344(v1093)
    - neighboring facets: f5874 f5937 f5938
- f5937
    - flags: top simplicial
    - normal:    0.2891  -0.1797   0.9403
    - offset: -0.006929935
    - vertices: p82(v1119) p194(v1114) p1344(v1093)
    - neighboring facets: f5908 f5936 f5939
- f5938
    - flags: top simplicial
    - normal:    0.2071  -0.1669    0.964
    - offset: -0.006373548
    - vertices: p82(v1119) p1434(v1106) p1283(v1062)
    - neighboring facets: f5916 f5939 f5936
- f5939
    - flags: bottom simplicial
    - normal:    0.2153  -0.1611   0.9632
    - offset: -0.006147798
    - vertices: p82(v1119) p194(v1114) p1283(v1062)
    - neighboring facets: f5912 f5938 f5937
- f5940
    - flags: bottom simplicial
    - normal:    0.3377  -0.1578   0.9279
    - offset: -0.006116518
    - vertices: p3618(v1120) p194(v1114) p1277(v913)
    - neighboring facets: f5910 f5946 f5942
- f5941
    - flags: top simplicial
    - normal:    0.2085  -0.1367   0.9684
    - offset: -0.005200208
    - vertices: p3618(v1120) p3880(v911) p573(v271)
    - neighboring facets: f5372 f5943 f5942
- f5942
    - flags: top simplicial
    - normal:    0.2144  -0.1417   0.9664
    - offset: -0.005391726
    - vertices: p3618(v1120) p194(v1114) p3880(v911)
    - neighboring facets: f5912 f5941 f5940
- f5943
    - flags: bottom simplicial
    - normal:    0.2376  -0.1101   0.9651
    - offset: -0.004243012
    - vertices: p3618(v1120) p2465(v564) p573(v271)
    - neighboring facets: f3025 f5941 f5944
- f5944
    - flags: bottom simplicial
    - normal:    0.2417  -0.1095   0.9641
    - offset: -0.004224173
    - vertices: p3618(v1120) p1774(v885) p2465(v564)
    - neighboring facets: f4725 f5943 f5945
- f5945
    - flags: bottom simplicial
    - normal:    0.3177  -0.1192   0.9407
    - offset: -0.004665335
    - vertices: p3618(v1120) p3624(v1052) p1774(v885)
    - neighboring facets: f5612 f5944 f5949
- f5946
    - flags: bottom simplicial
    - normal:    0.3416  -0.1296   0.9309
    - offset: -0.005074584
    - vertices: p3618(v1120) p1277(v913) p1861(v568)
    - neighboring facets: f4855 f5947 f5940
- f5947
    - flags: top simplicial
    - normal:    0.3374  -0.1268   0.9328
    - offset: -0.004968504
    - vertices: p3618(v1120) p1681(v988) p1861(v568)
    - neighboring facets: f5608 f5946 f5948
- f5948
    - flags: top simplicial
    - normal:    0.3271  -0.1214   0.9371
    - offset: -0.004755113
    - vertices: p3618(v1120) p860(v1051) p1681(v988)
    - neighboring facets: f5608 f5947 f5949
- f5949
    - flags: top simplicial
    - normal:    0.3264  -0.1211   0.9374
    - offset: -0.004743267
    - vertices: p3618(v1120) p3624(v1052) p860(v1051)
    - neighboring facets: f5613 f5948 f5945
- f5950
    - flags: bottom simplicial
    - normal:    0.1596  -0.1811   0.9704
    - offset: -0.00694097
    - vertices: p75(v1121) p2744(v1113) p1434(v1106)
    - neighboring facets: f5907 f5951 f5952
- f5951
    - flags: top simplicial
    - normal:    0.1578  -0.1787   0.9712
    - offset: -0.006842874
    - vertices: p75(v1121) p525(v1115) p1434(v1106)
    - neighboring facets: f5916 f5950 f5954
- f5952
    - flags: top simplicial
    - normal:    0.1594  -0.1815   0.9704
    - offset: -0.006957004
    - vertices: p75(v1121) p2744(v1113) p764(v773)
    - neighboring facets: f5905 f5953 f5950
- f5953
    - flags: bottom simplicial
    - normal:     0.139  -0.1842    0.973
    - offset: -0.007073078
    - vertices: p75(v1121) p1607(v1094) p764(v773)
    - neighboring facets: f5882 f5952 f5954
- f5954
    - flags: bottom simplicial
    - normal:     0.139  -0.1842    0.973
    - offset: -0.007072577
    - vertices: p75(v1121) p525(v1115) p1607(v1094)
    - neighboring facets: f5915 f5953 f5951
- f5955
    - flags: bottom simplicial
    - normal:    0.1341  -0.1449   0.9803
    - offset: -0.005519367
    - vertices: p2352(v1122) p2060(v1117) p3880(v911)
    - neighboring facets: f5927 f5957 f5956
- f5956
    - flags: top simplicial
    - normal:    0.1341  -0.1449   0.9803
    - offset: -0.005519371
    - vertices: p2352(v1122) p2060(v1117) p3254(v1108)
    - neighboring facets: f5929 f5959 f5955
- f5957
    - flags: top simplicial
    - normal:    0.1299  -0.1413   0.9814
    - offset: -0.005382464
    - vertices: p2352(v1122) p528(v1006) p3880(v911)
    - neighboring facets: f5372 f5955 f5958
- f5958
    - flags: top simplicial
    - normal:    0.1244  -0.1427   0.9819
    - offset: -0.005436008
    - vertices: p2352(v1122) p2870(v1116) p528(v1006)
    - neighboring facets: f5922 f5957 f5959
- f5959
    - flags: bottom simplicial
    - normal:    0.1245  -0.1431   0.9818
    - offset: -0.005451383
    - vertices: p2352(v1122) p2870(v1116) p3254(v1108)
    - neighboring facets: f5921 f5956 f5958
