3
4000 932 1398
0.03627588227391243 0.01405196823179722 -0.1260000020265579 
0.03986985236406326 -0.02306867390871048 -0.04745664447546005 
0.03182194381952286 -0.03626680374145508 -0.1189647167921066 
0.03390000015497208 0.01882217451930046 -0.003806051798164845 
0.04049298912286758 0.02660141512751579 -0.08250381052494049 
0.008056977763772011 0.01572417840361595 -0.08678027987480164 
0.01351643167436123 0.0007736734114587307 -0.09199998527765274 
0.02404415421187878 -0.02232076041400433 -0.06148878857493401 
-0.006551731377840042 -0.04632946103811264 -0.1141959130764008 
-0.02668844535946846 -0.002369478112086654 -0.09199997782707214 
0.03390000015497208 0.003519547171890736 -0.01400284841656685 
0.04179491847753525 0.02457704767584801 -0.0659702941775322 
0.03672799095511436 0.02009312435984612 -0.08953183889389038 
0.03390000015497208 0.01210241392254829 0.02467280998826027 
0.03390000015497208 -0.0158900935202837 -0.01091050263494253 
-0.02049638703465462 0.01799999736249447 -0.08074788004159927 
0.002093081828206778 0.01301654800772667 -0.09199998527765274 
-0.02223028615117073 0.002917785895988345 -0.134300023317337 
-0.006398274563252926 0.01799999736249447 -0.07745605707168579 
-0.02245673723518848 0.01578828506171703 -0.08631950616836548 
0.009499677456915379 0.0442563109099865 -0.1260000020265579 
0.02900728955864906 0.01799999736249447 -0.06603926420211792 
-0.04119274020195007 0.007483792491257191 -0.1000000014901161 
0.04819411784410477 0.005120763089507818 -0.03460796922445297 
0.03799999877810478 -0.004989046137779951 0.004577996674925089 
0.04360330849885941 -0.01572808995842934 -0.05484546720981598 
-0.04824263975024223 -0.0002813756582327187 -0.118840865790844 
-0.04368780553340912 -0.009466767311096191 -0.1260000020265579 
0.03629822283983231 -0.03206396102905273 -0.005636879242956638 
0.008836808614432812 -0.02483432367444038 -0.09199997782707214 
0.03171345219016075 0.01783908903598785 -0.08228466659784317 
-0.009157962165772915 0.02394033968448639 -0.134300023317337 
0.02614536695182323 -0.02192005142569542 -0.08455349504947662 
0.01497776806354523 -0.02874409034848213 -0.1000000014901161 
-0.03898064792156219 -0.02362877875566483 -0.1000000014901161 
0.03799999505281448 0.02791290543973446 -0.01041099522262812 
0.03869732469320297 -0.02902271971106529 -0.0379064679145813 
0.03520330786705017 -0.03022399917244911 -0.08243092894554138 
0.006413964089006186 -0.007139666005969048 -0.09199998527765274 
-0.02073827013373375 -0.01800000108778477 -0.07979144155979156 
0.02781100571155548 -0.01631530560553074 -0.1260000020265579 
0.03390000015497208 -0.02569778636097908 0.01194760855287313 
0.04603284597396851 -0.006306565832346678 -0.04009313508868217 
0.02488134242594242 0.037058025598526 -0.0964999794960022 
0.04808426275849342 0.004513409920036793 -0.0934717059135437 
-0.004739949479699135 -0.02804083749651909 -0.1325000077486038 
0.009691174142062664 0.02029061876237392 -0.08285710960626602 
0.03422682359814644 -0.03426589071750641 -0.08035048842430115 
0.0314507819712162 -0.03690663725137711 -0.08152075856924057 
0.03800000250339508 -0.0153171569108963 -0.008700745180249214 
0.03963354229927063 0.02215201780200005 -0.08232785016298294 
0.02444993704557419 -0.03471395373344421 -0.1260000020265579 
0.03276367485523224 -0.009305800311267376 -0.08649999648332596 
0.01791790127754211 0.01692712306976318 -0.09199998527765274 
-0.008122500963509083 -0.01623639278113842 -0.08449511975049973 
0.01055607851594687 0.02000000141561031 -0.07533678412437439 
0.0481715053319931 0.003575738985091448 -0.08908863365650177 
0.0324728935956955 -0.03594918549060822 -0.0972498431801796 
0.04085977002978325 -0.02547730691730976 -0.1191414520144463 
0.04433415830135345 -0.00346877658739686 -0.1261071860790253 
-0.0482490062713623 4.026389069622383e-05 -0.1093145459890366 
0.04102297127246857 0.0120000010356307 -0.01189346238970757 
-0.02532209269702435 0.0201850775629282 -0.09758777916431427 
-0.005067839287221432 -0.03072716481983662 -0.1260000020265579 
-0.003775216639041901 0.009716658852994442 -0.134300023317337 
0.03390000015497208 -0.01960398815572262 -0.03088770061731339 
0.03390000015497208 -0.03392435237765312 -0.03854528814554214 
0.03799999877810478 0.01594534143805504 -0.0111805060878396 
0.003002117620781064 -0.04156733304262161 -0.1268440783023834 
0.03843232616782188 -0.02938219532370567 -0.02880489081144333 
0.01713912189006805 0.03018287755548954 -0.130500003695488 
-0.003323255805298686 -0.04209507629275322 -0.1261947154998779 
0.03988870978355408 -0.01200000382959843 -0.02691846340894699 
0.03315495699644089 0.02936888672411442 -0.08649999648332596 
0.03319570049643517 0.02095906250178814 -0.09537599980831146 
-0.0103274192661047 0.04653754085302353 -0.1299658119678497 
0.04648751765489578 0.0127909854054451 -0.1162861809134483 
0.04634818062186241 -0.003371692728251219 -0.04662739112973213 
0.03390000015497208 0.0245494544506073 0.01620070263743401 
0.03972839564085007 -0.00679283170029521 -0.03215314075350761 
0.04275023937225342 0.01728737913072109 -0.06774379312992096 
0.04770281538367271 0.007117715198546648 -0.1139536052942276 
0.04074833542108536 -0.02608281560242176 -0.07728257775306702 
0.02868475764989853 -0.006723461672663689 -0.1266647279262543 
0.04425125569105148 -0.01200000382959843 -0.01298538595438004 
0.04796035587787628 0.006632961798459291 -0.07194407284259796 
-0.03058437816798687 -0.01910998672246933 -0.1260000020265579 
-0.02235237509012222 0.01576988212764263 -0.0850212424993515 
0.02645570784807205 0.02088913321495056 -0.1260000020265579 
0.04081577435135841 0.01400000415742397 0.01050390861928463 
0.03800000250339508 0.02148089930415154 0.009943371638655663 
0.04141785949468613 0.02521851845085621 -0.09281445294618607 
0.04085099324584007 -0.02562040649354458 -0.105654664337635 
0.0427149161696434 -0.02252205461263657 -0.09771657735109329 
0.04692259058356285 0.0122494800016284 -0.01837138831615448 
0.01731698215007782 0.01661727018654346 -0.08422704041004181 
0.03830723464488983 -0.00952058844268322 -0.03362349793314934 
0.03870300576090813 -0.02189287170767784 -0.06294790655374527 
0.04502436518669128 -0.01126297190785408 -0.03973383828997612 
-0.01977016776800156 -0.02928879112005234 -0.0964999794960022 
0.03390000015497208 -0.01955310814082623 -0.01770843751728535 
0.02596411481499672 0.02575908042490482 -0.130500003695488 
-0.04315128177404404 0.0208603274077177 -0.1047367826104164 
0.001387633150443435 0.02090515196323395 -0.08384192734956741 
0.04278369247913361 0.01200000010430813 -0.01332803070545197 
0.04759303480386734 -0.009263461455702782 -0.05526601523160934 
-0.02396821416914463 0.02929339930415154 -0.09649998694658279 
0.01556719001382589 0.03119702078402042 -0.09649998694658279 
-0.005474639590829611 0.01875833794474602 -0.07314313948154449 
-0.04688635468482971 -0.01076267100870609 -0.1002680137753487 
-0.01088631898164749 0.02225677296519279 -0.08673884719610214 
0.02635012194514275 -0.004600740037858486 -0.09199998527765274 
0.03636870533227921 0.0202578604221344 -0.09429635107517242 
0.03390000015497208 -0.03296182304620743 -0.05926143750548363 
0.0395987406373024 -0.02800178341567516 -0.05247549712657928 
0.0484207458794117 0.0008663010667078197 -0.09482816606760025 
0.01818390376865864 -0.02321993000805378 -0.1310641169548035 
0.007308176718652248 0.04541381448507309 -0.1278199851512909 
0.04189664497971535 0.01200000010430813 0.00902690552175045 
-0.02487535402178764 -0.02006958611309528 -0.08940193057060242 
0.03799999877810478 0.009191274642944336 0.01785185374319553 
0.04302315413951874 -0.01382940448820591 -0.08712838590145111 
0.04554304480552673 -0.01578879356384277 -0.1181983128190041 
-0.03754729032516479 0.02723466604948044 -0.1260000020265579 
0.03870757296681404 0.02575248666107655 -0.0359736941754818 
-0.01181270927190781 0.03057311847805977 -0.1260000020265579 
-0.02001106925308704 0.0349365621805191 -0.09649998694658279 
0.03799999505281448 -0.02449187450110912 -0.008628828451037407 
0.03390000015497208 -0.01638196408748627 -0.02520110458135605 
0.01677771657705307 -0.04208879545331001 -0.09649999439716339 
-0.0120595833286643 -0.03631850704550743 -0.09649998694658279 
-0.02969701960682869 0.01229504682123661 -0.09999999403953552 
0.0460687130689621 -0.006077246740460396 -0.04494959115982056 
0.04311366006731987 -0.02164921537041664 -0.1151047199964523 
0.03799999877810478 0.01607713848352432 -0.01377489231526852 
0.006569740828126669 0.03997551649808884 -0.1346565932035446 
-0.047666035592556 -0.007344146259129047 -0.1071389466524124 
-0.03272430598735809 0.03544014692306519 -0.1186084449291229 
0.0009069023653864861 -0.02000000514090061 -0.07940742373466492 
-0.02733960747718811 0.03968789801001549 -0.1091896444559097 
0.001762157073244452 -0.04669282585382462 -0.1146596819162369 
0.01333415694534779 0.03591885790228844 -0.1260000020265579 
-0.005934653338044882 -0.04787439107894897 -0.09963701665401459 
0.03799999505281448 -0.0076722027733922 -0.0318271592259407 
0.01688414439558983 -0.0403277613222599 -0.1260000020265579 
-0.03943251818418503 0.009942219592630863 -0.1259999871253967 
-0.01990511082112789 -0.04372059181332588 -0.1155087575316429 
0.001470026327297091 -0.02966674603521824 -0.09291031211614609 
0.03475712239742279 0.00998365692794323 -0.05849999934434891 
0.03665465861558914 0.0304080918431282 0.00856357254087925 
0.03894347697496414 0.01799999736249447 -0.07774701714515686 
0.03353497013449669 0.004701824393123388 -0.05849999934434891 
0.04648862779140472 -0.0002307117392774671 -0.06616295874118805 
-0.01370185427367687 0.02405324764549732 -0.134300023317337 
-0.002782481489703059 0.02972305193543434 -0.09963184595108032 
0.005191434640437365 0.02179290913045406 -0.08695273101329803 
0.03679415583610535 0.02831677719950676 -0.07642300426959991 
0.03390000015497208 -0.02547909691929817 -0.01767108961939812 
-0.03505606949329376 -0.02292487770318985 -0.1260000020265579 
0.04696416482329369 0.01174891926348209 -0.07871019095182419 
0.01564458943903446 -0.01947438530623913 -0.08699999749660492 
-0.01809115707874298 0.02105395309627056 -0.1343000084161758 
0.02277283556759357 -0.020922577008605 -0.06299446523189545 
0.03671394661068916 0.02835558727383614 -0.07428624480962753 
0.03881917521357536 -0.01399999298155308 0.01156028732657433 
0.03290917724370956 -0.03116931580007076 -0.085908442735672 
0.03915397077798843 -0.01200000382959843 0.01549632288515568 
0.03800000250339508 0.01610573567450047 -0.01516344211995602 
-0.04110723733901978 -0.009440908208489418 -0.1000000014901161 
-0.04314118623733521 -0.02152090519666672 -0.1232970803976059 
0.03390000015497208 -0.009916023351252079 0.02961813285946846 
-0.02465195395052433 0.0333569273352623 -0.09649999439716339 
0.002092417795211077 0.03851906210184097 -0.1384574621915817 
0.04634405300021172 0.0009625038364902139 -0.08801969140768051 
0.03986632078886032 -0.0231519341468811 -0.05333032831549644 
0.03390000015497208 0.02208846807479858 -0.02446497604250908 
0.03882629796862602 0.003968074917793274 -0.08499997854232788 
0.02568157762289047 0.02167281694710255 -0.1273503452539444 
-0.009602702222764492 -0.01856681518256664 -0.1343000084161758 
-0.004046670161187649 -0.01614328660070896 -0.08692506700754166 
0.001495345961302519 0.04669304937124252 -0.1243027821183205 
0.03390000015497208 -0.002115522511303425 -0.004337945021688938 
0.04075063019990921 -0.02626727521419525 -0.03493800014257431 
-0.03522225841879845 0.03086896985769272 -0.1289860606193542 
0.03491809219121933 -0.03345295041799545 -0.07212537527084351 
0.04188838601112366 0.01400000415742397 0.008398025296628475 
0.02042384445667267 -0.04263869300484657 -0.1026661843061447 
-0.03799999877810478 0.01869106665253639 -0.09926158934831619 
0.03799999877810478 0.001258961856365204 0.01402615662664175 
0.02918881922960281 0.01799999736249447 -0.06963680684566498 
0.03390000015497208 0.01487492769956589 -0.02723909728229046 
0.0294145941734314 0.01799999736249447 -0.06907655298709869 
-0.04382143169641495 -0.01636968553066254 -0.1012886613607407 
-0.03956222534179688 0.009275980293750763 -0.1000000014901161 
0.04175763204693794 -0.02450559474527836 -0.0460745245218277 
-0.001562395133078098 0.02000000141561031 -0.07392401248216629 
0.04291863366961479 0.01838549599051476 -0.1000492870807648 
0.02894002571702003 0.01641711033880711 -0.08708157390356064 
0.03582534566521645 -0.01395791675895452 -0.09936848282814026 
0.03947781026363373 -0.02773849293589592 -0.1035027951002121 
0.04624318331480026 0.00433075800538063 -0.04365463554859161 
0.02256486378610134 0.01961028203368187 -0.06185105443000793 
-0.03007690981030464 0.03772585839033127 -0.1034377068281174 
0.04244966432452202 -0.00387875153683126 -0.03283821046352386 
-0.006154946982860565 -0.02324981801211834 -0.1343000084161758 
-0.01607399806380272 -0.02517435140907764 -0.09958439320325851 
-0.01351558975875378 -0.01800000108778477 -0.07987125962972641 
-0.02021771669387817 0.01706954836845398 -0.09199999272823334 
-0.03711956739425659 -0.002985846251249313 -0.1269543319940567 
-0.002044785302132368 0.0293887909501791 -0.1316614896059036 
0.04179427400231361 -0.01601197198033333 -0.05651088058948517 
0.006538978777825832 0.01477392762899399 -0.08655315637588501 
0.02359295636415482 0.01978815719485283 -0.1274905949831009 
0.03821927309036255 -0.02426975220441818 -0.09649998694658279 
0.03522387892007828 -0.03031947836279869 -0.07712291926145554 
-0.02331641688942909 0.00775205809623003 -0.1343000084161758 
0.02280672453343868 0.03845798969268799 -0.1289999932050705 
0.001936161774210632 0.04624604806303978 -0.1272040903568268 
-0.0127879474312067 -0.01426459290087223 -0.09199999272823334 
-0.03732338175177574 0.0204100739210844 -0.09453041106462479 
0.01697444915771484 0.04328170791268349 -0.09599999338388443 
0.02191097848117352 0.01776761747896671 -0.06426802277565002 
-0.001347117242403328 0.02903159335255623 -0.09258460998535156 
0.03315773978829384 0.03504278883337975 -0.1044838428497314 
0.03498847782611847 0.03053300827741623 -0.05232878774404526 
0.03963470086455345 -0.02371892705559731 -0.1260000020265579 
0.01012093480676413 0.03837769106030464 -0.130500003695488 
-0.004167817998677492 -0.04830429702997208 -0.09728912264108658 
-0.02462706714868546 -0.04149135202169418 -0.1141281202435493 
0.03951463848352432 -0.01399999298155308 -0.006520793773233891 
0.03533154353499413 -0.03315844386816025 -0.0008893022895790637 
0.01642799749970436 0.01799999922513962 -0.07232704013586044 
0.03799999877810478 0.01484667509794235 0.003668555524200201 
0.03390000015497208 0.02221240475773811 -0.0214137751609087 
0.0467379242181778 -0.0119255231693387 -0.1161928325891495 
0.03421138599514961 0.03150000423192978 -0.02089855447411537 
0.01274265348911285 -0.03790336847305298 -0.1260000020265579 
0.03799999877810478 0.01183826103806496 0.02665940672159195 
0.03390000015497208 -0.028213270008564 0.01189202722162008 
0.02189315669238567 -0.03861534222960472 -0.09649998694658279 
0.0111953541636467 0.03049273788928986 -0.1298525035381317 
-0.03174895793199539 0.001343369018286467 -0.1000000089406967 
0.03382905572652817 -0.01800000108778477 -0.07892249524593353 
-0.04622761532664299 -0.01381750125437975 -0.1235359460115433 
-0.01978230662643909 -0.01800000108778477 -0.08127319812774658 
0.02358919568359852 0.01999999955296516 -0.08040791749954224 
0.03390000015497208 -0.03257071226835251 -0.050948865711689 
0.008175416849553585 0.01422587968409061 -0.09199998527765274 
0.02736717648804188 -0.03969494625926018 -0.1063862591981888 
0.03390000015497208 0.02555103041231632 -0.0167135912925005 
0.04647081345319748 0.0002925971639342606 -0.0953124538064003 
-0.02663476392626762 -0.03854323923587799 -0.1260000020265579 
-0.04258061200380325 -0.01131833624094725 -0.1260000020265579 
-0.04444000124931335 0.002839323598891497 -0.1273446828126907 
0.03390000015497208 0.004293646197766066 -0.00856698676943779 
-0.006609173491597176 0.03661714494228363 -0.1313792169094086 
0.03655518591403961 -0.02861849963665009 -0.04661156609654427 
-0.006472677458077669 0.04633868485689163 -0.1195155754685402 
-0.03221890702843666 0.03460023552179337 -0.0964999794960022 
-0.008939526975154877 0.007470743730664253 -0.09199998527765274 
-0.01148296147584915 0.01556417904794216 -0.08672244101762772 
0.02658894285559654 -0.0006031279917806387 -0.09199997782707214 
0.03000687621533871 0.03407996520400047 -0.1274030804634094 
-0.02407374419271946 0.003893856890499592 -0.1343000084161758 
0.003190431743860245 0.02000000141561031 -0.07295152544975281 
0.03610222041606903 -0.001204752014018595 -0.1277000159025192 
0.04618315026164055 0.001504482235759497 -0.03583843261003494 
-0.04496146738529205 -0.01725355163216591 -0.1248508840799332 
0.02745110914111137 -0.0206977054476738 -0.1260000020265579 
-0.03934802860021591 -0.002697181422263384 -0.1274963319301605 
-0.02548582665622234 -0.01561320386826992 -0.09963609278202057 
-0.03555208817124367 0.01892918162047863 -0.08557038009166718 
-0.01213580276817083 -0.004233206622302532 -0.1343000084161758 
-0.0276567991822958 -0.01800000108778477 -0.09336458146572113 
-0.006974393501877785 0.01799999736249447 -0.07584916800260544 
0.03390000015497208 0.005027694627642632 -0.02615822851657867 
0.04622315242886543 0.01462690625339746 -0.001339997979812324 
0.03397290036082268 0.02002804726362228 0.02735332772135735 
0.03967464715242386 0.01400000415742397 0.006576847285032272 
-0.04580843076109886 0.01421597693115473 -0.1257644593715668 
0.03863191604614258 -0.02631630189716816 -0.01968040131032467 
-0.01226739678531885 0.04624233767390251 -0.1074627935886383 
0.0355326309800148 -0.03260117769241333 -0.1156612932682037 
0.034138523042202 0.02074370719492435 -0.08793729543685913 
0.04717418551445007 -0.01105361618101597 -0.06209029629826546 
0.007134045008569956 0.03166321665048599 -0.09771852195262909 
0.040159672498703 -0.0143948495388031 -0.002681690035387874 
0.03845387697219849 -0.02048509381711483 -0.0328485406935215 
0.03547706082463264 0.02882056683301926 0.01604806073009968 
0.04237053543329239 -0.01986215822398663 -0.1011339128017426 
0.03390000015497208 0.006983472034335136 -0.005050663370639086 
0.01965702511370182 0.04382634162902832 -0.1253863126039505 
0.04686961323022842 0.007661629002541304 -0.1260000020265579 
-0.001971740042790771 0.03670896589756012 -0.1395000070333481 
0.03634034097194672 0.002807835582643747 -0.08499998599290848 
-0.004665850661695004 -0.01155006233602762 -0.1343000084161758 
-0.002499242313206196 0.02131469175219536 -0.08416209369897842 
0.03809728845953941 -0.02556020393967628 -0.0964999794960022 
-0.02310648746788502 0.004875402431935072 -0.1343000084161758 
0.04369049519300461 -0.01591720059514046 -0.04621979594230652 
-0.02303680777549744 -0.0008702077902853489 -0.09199998527765274 
0.03871531784534454 -0.01800000108778477 -0.06652627885341644 
-0.0006945279892534018 0.01573886163532734 -0.08677203953266144 
0.03030742518603802 -0.03745371475815773 -0.1228823661804199 
0.02706049755215645 0.01702464744448662 -0.09999999403953552 
-0.009230485185980797 0.01805773004889488 -0.07439681887626648 
-0.02994004637002945 -0.0378325991332531 -0.1035276353359222 
0.03850043937563896 0.01591658778488636 0.001282885205000639 
0.008681797422468662 0.04625020176172256 -0.121762216091156 
0.03524114191532135 0.02596578001976013 -0.02415856532752514 
0.02830379083752632 0.03254225105047226 -0.1272894144058228 
0.0128310602158308 0.000631364993751049 -0.09199998527765274 
-0.0009953607805073261 0.003022492863237858 -0.09199999272823334 
0.04402942210435867 0.01475298590958118 -0.07230344414710999 
-0.01526946388185024 0.001778432400897145 -0.1342999935150146 
0.03340873867273331 0.01781918480992317 -0.06449232250452042 
0.03799999877810478 0.008816692978143692 -0.02442445419728756 
-0.02791541256010532 0.03365231305360794 -0.130500003695488 
0.04598899558186531 -0.01480791158974171 -0.06996887922286987 
0.02230534516274929 -0.02597345225512981 -0.1275695711374283 
0.03609495609998703 0.01799999736249447 -0.04987827688455582 
0.04173172265291214 0.02468229830265045 -0.07123450934886932 
0.03521714732050896 0.004887704271823168 -0.03451064974069595 
0.03616951033473015 -0.01412247586995363 -0.08649999648332596 
-0.006010155193507671 0.03788325190544128 -0.1366113573312759 
-0.03639446943998337 0.01827598176896572 -0.1260000020265579 
-0.008987555280327797 -0.01774609833955765 -0.1343000084161758 
0.02765629813075066 0.01147680543363094 -0.09853895753622055 
-0.042654849588871 -0.02042873948812485 -0.1021637320518494 
0.0465008020401001 0.01324128173291683 -0.09535318613052368 
0.03390000388026237 0.02501047775149345 -0.01825804449617863 
0.03390000015497208 0.01179677341133356 -0.02507663145661354 
0.03705287724733353 0.03087769262492657 -0.123060904443264 
-0.001358428504317999 -0.01454316265881062 -0.1343000084161758 
0.02618052437901497 0.01357051450759172 -0.1283155232667923 
0.02811164036393166 -0.03920721262693405 -0.1021620184183121 
-0.03140087425708771 -0.02000000514090061 -0.09097746014595032 
0.04822617024183273 -0.0007060032221488655 -0.1012522131204605 
-0.01570178382098675 0.01799999736249447 -0.07813142985105515 
-0.03650528565049171 -0.01558651588857174 -0.1000000089406967 
0.04109891131520271 0.02574090659618378 -0.02346271276473999 
0.0404115617275238 -0.01399999298155308 0.01383856404572725 
-0.02410063520073891 -0.03563942015171051 -0.09649998694658279 
0.04055233672261238 0.01334301196038723 -0.08499998599290848 
-0.006204432807862759 0.01544654089957476 -0.08670514822006226 
-0.03561601042747498 -0.02215258404612541 -0.1260000020265579 
-0.030378807336092 0.01799999736249447 -0.09119100868701935 
0.03905542567372322 -0.01485231146216393 -0.06070805713534355 
0.03390000015497208 -0.005508647300302982 0.01240947097539902 
0.0368143729865551 0.03150000423192978 -0.02752990275621414 
0.03390000015497208 0.009130462072789669 -0.002540225628763437 
0.03810273855924606 -0.009673653170466423 -0.08649999648332596 
0.03799999877810478 0.0004683838924393058 0.02596591971814632 
-0.02764886431396008 -0.017998356372118 -0.08152023702859879 
-0.01153551787137985 0.01542467344552279 -0.09199998527765274 
-0.01865044608712196 -0.01521366089582443 -0.08662159740924835 
0.01397899724543095 -0.008379838429391384 -0.09199997782707214 
-0.01538544427603483 -0.02446732297539711 -0.09258461743593216 
-0.01193863712251186 -0.03007150813937187 -0.09757234156131744 
0.0273965559899807 -0.02159895747900009 -0.06227222084999084 
0.02979482896625996 -0.01800000108778477 -0.07587859034538269 
0.02592448517680168 -0.02259812876582146 -0.09632059931755066 
0.03390000015497208 -0.03022690676152706 -0.003962398506700993 
0.02625807747244835 -0.02294399216771126 -0.09638939797878265 
-0.01756986975669861 0.02707889303565025 -0.09666579961776733 
-0.03994647413492203 0.02690958604216576 -0.1191427260637283 
-0.03085222467780113 0.03709568083286285 -0.1086677238345146 
0.03469482809305191 -0.01366439089179039 -0.05834082514047623 
-0.01832250505685806 -0.02696981653571129 -0.1260000020265579 
0.04642187058925629 0.001377983368001878 -0.07542016357183456 
0.03994106128811836 0.02745787240564823 -0.08956587314605713 
-0.008561842143535614 -0.04748354479670525 -0.09649998694658279 
0.04177892208099365 -0.02166209556162357 -0.1016742214560509 
0.03488149121403694 -0.03366799652576447 -0.01440247893333435 
0.03390000015497208 0.02748249657452106 -0.0137396901845932 
0.03541276231408119 0.033090740442276 -0.003760295221582055 
0.046050775796175 0.01479316502809525 -0.08753515034914017 
0.02057558484375477 0.03790146484971046 -0.130500003695488 
0.02494624629616737 0.01581896468997002 -0.1260094493627548 
0.03390000015497208 -0.00894900131970644 -0.02172406017780304 
-0.02915659919381142 0.006125357933342457 -0.09674349427223206 
0.0181441456079483 -0.02367492951452732 -0.09411708265542984 
-0.02195482887327671 -0.01665477827191353 -0.1343000084161758 
0.01588981598615646 0.01799999736249447 -0.07040794193744659 
-0.01643787696957588 0.005185374058783054 -0.1343000084161758 
-0.012168706394732 -0.01431737095117569 -0.08649999648332596 
0.04781282693147659 0.006237762980163097 -0.1155125424265862 
0.02086963504552841 0.02648130990564823 -0.1262548118829727 
-0.01529314182698727 -0.02298225834965706 -0.08488759398460388 
0.04275640845298767 0.009180391207337379 -0.0964452400803566 
-0.03037870675325394 0.002417799551039934 -0.1276475489139557 
-0.002760910661891103 -0.03179436922073364 -0.1274386048316956 
0.04599842429161072 0.010630177333951 0.001658891560509801 
0.04297450929880142 -0.01399999298155308 -0.006560584530234337 
0.03390000015497208 0.02655230648815632 0.01038673613220453 
0.02035223320126534 -0.00356164644472301 -0.09199998527765274 
0.03760436177253723 -0.03058513626456261 -0.0109474016353488 
0.04255210235714912 -0.02314217202365398 -0.02996237762272358 
0.04349473863840103 -0.02058243378996849 -0.1256235837936401 
-0.007703819777816534 0.01122890040278435 -0.09199998527765274 
0.03230449557304382 -0.01635945960879326 -0.08705046027898788 
-0.04039275646209717 0.02618059515953064 -0.1176556423306465 
0.01590767130255699 -0.02357195131480694 -0.08650000393390656 
0.0431925542652607 0.0114162340760231 -0.05818672478199005 
0.04143624380230904 0.003832273185253143 -0.03403615951538086 
0.03829758986830711 -0.02619501017034054 -0.07991693168878555 
0.04717511683702469 0.01114483084529638 -0.05073215812444687 
0.03082807548344135 0.03710233420133591 -0.1215183287858963 
0.02795482613146305 0.02677312307059765 -0.09649998694658279 
-0.03473768755793571 -0.002701442688703537 -0.1000000014901161 
0.04705294221639633 0.01154456846415997 -0.06302768737077713 
-0.008833247236907482 -0.0294517520815134 -0.1000000014901161 
0.03799999877810478 -0.02635305561125278 -0.00694879237562418 
0.03390000015497208 0.007221225649118423 0.009722398594021797 
0.04507606476545334 -0.01070154178887606 -0.05609597638249397 
0.02088842913508415 -0.01800000108778477 -0.07254743576049805 
0.04788953810930252 -0.005999938119202852 -0.09000460058450699 
0.02768915332853794 -0.02142097800970078 -0.09573936462402344 
0.04254837334156036 -0.01428741961717606 -0.02562890946865082 
0.03390000015497208 -0.02736246213316917 0.004781343042850494 
-0.0376589372754097 -0.01774392649531364 -0.1000000014901161 
0.04308661818504333 -0.01681423373520374 -0.05403497815132141 
-0.01106381975114346 -0.02907890453934669 -0.1260000020265579 
-0.008326323702931404 0.04700792580842972 -0.1263474673032761 
0.03390000015497208 -0.0335957407951355 -0.04231593757867813 
0.03400830551981926 0.03397895395755768 -0.002670127432793379 
0.03480629622936249 0.03365074843168259 0.001170433475635946 
0.03618131205439568 -0.01176815945655107 -0.1000000014901161 
0.03891894221305847 -0.01394700072705746 -0.03222388401627541 
0.005883294157683849 -0.0152405733242631 -0.08481846749782562 
0.04267259687185287 0.02281191572546959 -0.09538556635379791 
-0.003139673732221127 0.03550475835800171 -0.1264116019010544 
-0.03517099469900131 0.005346022546291351 -0.1000000089406967 
0.0393608920276165 -0.01200000382959843 -0.01605259254574776 
0.004286905750632286 0.03239700570702553 -0.1333868801593781 
0.04543673992156982 0.01593020744621754 -0.1190559267997742 
0.0445646159350872 0.01843179203569889 -0.106604278087616 
-0.03711473196744919 -0.01800000108778477 -0.09567547589540482 
-0.0358281210064888 -0.02000000514090061 -0.08947765082120895 
-0.0376909039914608 -0.01823455840349197 -0.09118150174617767 
0.0455981008708477 -0.009104274213314056 -0.06631664931774139 
0.03313159942626953 -0.02956537902355194 -0.1276033520698547 
-0.01361501030623913 0.04283419996500015 -0.1281271278858185 
0.03799999505281448 0.003003272227942944 -0.01859067380428314 
0.01064882799983025 -0.04679205268621445 -0.09975124150514603 
0.02202655002474785 0.02489950321614742 -0.09990543872117996 
0.04332625865936279 0.01609485037624836 -0.05491158738732338 
0.03389999642968178 0.01842554099857807 -0.03603976592421532 
0.03614059463143349 -0.0298421997576952 0.0120586808770895 
-0.02458397299051285 -0.01334359031170607 -0.1325358748435974 
0.01088132802397013 0.007009726017713547 -0.1343000084161758 
-0.006164149381220341 -0.02883434668183327 -0.1314321160316467 
0.03390000015497208 -0.0102215176448226 0.01727867126464844 
0.01006894186139107 -0.003875891212373972 -0.1343000084161758 
0.03403569012880325 -0.0121906753629446 -0.08499998599290848 
0.04024757817387581 0.02701146528124809 -0.07081566005945206 
0.0186956599354744 -0.02266754768788815 -0.0866655558347702 
-0.03913658484816551 -0.02821993641555309 -0.1095838695764542 
0.02957109175622463 -0.02720347046852112 -0.09649998694658279 
0.04172368347644806 0.007022995501756668 -0.05849999934434891 
0.03980726003646851 -0.02364175766706467 -0.04899850487709045 
-0.03944845497608185 0.02185492403805256 -0.1260000020265579 
0.03390000015497208 -0.01517963036894798 0.01574121043086052 
0.03623464703559875 0.03028932586312294 0.01069067418575287 
-0.01347098778933287 -0.04606887325644493 -0.1197476163506508 
-0.003939785063266754 0.02045759931206703 -0.1343000084161758 
0.03257736563682556 0.02638597041368484 -0.09649998694658279 
0.01180864218622446 0.04625025764107704 -0.1227015480399132 
-0.0006004722090438008 -0.03274825215339661 -0.09931546449661255 
-0.03812247514724731 -0.02093131095170975 -0.1000000014901161 
0.04634974151849747 -0.002791344420984387 -0.08986907452344894 
0.04377713799476624 -0.01399999298155308 -0.01688338257372379 
-0.02019353769719601 0.02171028964221478 -0.1277000159025192 
-0.01415238343179226 -0.02413271553814411 -0.1328016221523285 
0.03556348755955696 0.02982307225465775 -0.07257088273763657 
0.03957450017333031 -0.02160814963281155 -0.08031085133552551 
0.003645067568868399 0.03988531231880188 -0.1351373791694641 
0.00109272263944149 0.0002440810203552246 -0.09199998527765274 
0.04610898718237877 0.005253931041806936 -0.0635288879275322 
0.04711475223302841 -0.01118749938905239 -0.07731275260448456 
-0.02160368859767914 -0.02063639648258686 -0.09964713454246521 
0.01500424463301897 -0.02966096624732018 -0.09649999439716339 
0.03390000015497208 0.01949113048613071 0.01409995649009943 
-0.04626199975609779 0.01301371864974499 -0.1002001389861107 
0.04091132432222366 0.02555019035935402 -0.1030580550432205 
-0.02696651592850685 -0.01720622926950455 -0.08786197006702423 
-0.02903051301836967 0.02399149537086487 -0.0964999794960022 
0.005189531482756138 -0.04246683791279793 -0.09649998694658279 
0.03390000388026237 -0.01178253255784512 0.009069516323506832 
0.03390000015497208 -0.01218061242252588 0.005559379234910011 
0.03168351203203201 0.0130050340667367 -0.06001626327633858 
0.02204160764813423 0.005202502012252808 -0.1343000084161758 
0.03799999505281448 0.00293642352335155 0.02878256142139435 
-0.04208007827401161 0.02342437207698822 -0.1070969179272652 
-0.000247442105319351 0.02986082062125206 -0.09948404133319855 
0.005523804109543562 -0.04151401296257973 -0.09649998694658279 
0.02075486443936825 -0.01200807373970747 -0.1343000084161758 
0.03541657328605652 0.01732918992638588 -0.06331890076398849 
0.04149021953344345 0.025065828114748 -0.09766034781932831 
-0.009657220914959908 -0.04625001177191734 -0.1244388520717621 
0.04622162505984306 0.004181046970188618 -0.06992286443710327 
-0.04574860259890556 0.01529218256473541 -0.1252277791500092 
0.043282151222229 0.02124650590121746 -0.1063550189137459 
0.01686077564954758 -0.03906603902578354 -0.0964999794960022 
0.03393397480249405 -0.0317910723388195 -0.04955009743571281 
0.03390000015497208 -0.006229624152183533 0.0200080294162035 
0.04516129940748215 -0.01743531972169876 -0.06632107496261597 
-0.02018033713102341 0.02186769060790539 -0.0941905751824379 
0.03390000015497208 0.005445314105600119 0.0126564297825098 
0.03944653645157814 0.01400000415742397 0.01037444826215506 
-0.003275013528764248 0.00530663039535284 -0.09199998527765274 
0.04525153711438179 0.01744299195706844 -0.04690957814455032 
0.03390000015497208 -0.0006930148229002953 -0.002633983734995127 
0.02036121860146523 -0.01261480152606964 -0.09199998527765274 
-0.03657735884189606 0.03146399557590485 -0.1184602230787277 
0.02034921757876873 -0.04217160493135452 -0.1260000020265579 
0.04791111499071121 -0.005773921031504869 -0.08217477053403854 
0.0437752977013588 -0.01560338586568832 -0.06498761475086212 
0.03390000015497208 0.01279668789356947 -0.02279827557504177 
0.02904931828379631 0.01090937945991755 -0.08649999648332596 
0.03799999877810478 -0.01039610616862774 0.01217842195183039 
0.04755400866270065 0.008070085197687149 -0.1252617239952087 
-0.0477340929210186 0.006789261940866709 -0.1103154048323631 
-0.04408185184001923 0.01959483325481415 -0.1140314117074013 
0.04364281520247459 -0.01575925201177597 -0.06402368098497391 
0.006247107870876789 0.04329908266663551 -0.135540783405304 
0.03756580501794815 -0.0302670169621706 -0.1095029562711716 
0.005715216509997845 -0.02000000327825546 -0.07586950063705444 
-0.02897193096578121 0.03748660534620285 -0.1303837597370148 
-0.03788730502128601 0.01799999736249447 -0.09504308551549911 
0.04588941112160683 -0.008226236328482628 -0.1260000020265579 
0.01348218135535717 -0.01788490638136864 -0.08229390531778336 
0.0300837941467762 0.01788120158016682 -0.08207932114601135 
0.005622148048132658 0.02934542112052441 -0.09735441952943802 
0.03390000015497208 -0.007656804751604795 0.01626621186733246 
0.03799999877810478 0.02364281192421913 -0.02037132531404495 
-0.02514193579554558 -0.03753460198640823 -0.09649998694658279 
0.02626380696892738 -0.02196210995316505 -0.1266098022460938 
0.03390000015497208 0.02819284424185753 0.009815332479774952 
0.03718505799770355 0.03110578469932079 -0.07144848257303238 
-0.02709740027785301 -0.01251248084008694 -0.09814876317977905 
0.03453237935900688 -0.0339849442243576 -0.04011091589927673 
0.02813282608985901 0.02534074336290359 -0.09649998694658279 
0.02349851094186306 -0.04002582281827927 -0.09022985398769379 
-0.04215879738330841 0.008906223811209202 -0.1260000020265579 
0.03187764436006546 -0.03561694920063019 -0.1274959444999695 
0.03390000015497208 -0.01431524660438299 0.02493554167449474 
0.04816213250160217 0.003786224871873856 -0.06012027710676193 
0.002658881712704897 -0.019460279494524 -0.1343000084161758 
0.03390000015497208 -0.020470866933465 -0.0212420430034399 
0.03656763955950737 -0.00776395620778203 0.030673798173666 
-0.02639294043183327 0.04031827673316002 -0.1143137291073799 
0.02810277044773102 -0.02685831673443317 -0.1277000159025192 
-0.04476544633507729 0.01115257851779461 -0.1000000014901161 
0.001784415915608406 0.02000000141561031 -0.07572422921657562 
-0.03743148595094681 -0.01663510873913765 -0.1260000169277191 
0.005470414645969868 -0.01800000108778477 -0.07860207557678223 
0.03799999877810478 -0.0007604644051752985 0.02873295731842518 
0.04397885128855705 0.02034443989396095 -0.08524143695831299 
-0.0328291691839695 -0.03533345088362694 -0.1262148171663284 
0.04717946797609329 -0.01106831338256598 0.001701838802546263 
0.04321431368589401 -0.02144524641335011 -0.1226568520069122 
0.0457434356212616 0.01065845042467117 0.00168716604821384 
0.04372365027666092 0.02087021805346012 -0.04113420844078064 
0.03698709234595299 0.02801761217415333 -0.03874294087290764 
0.005904786754399538 0.02755172178149223 -0.1326890736818314 
0.04261917620897293 0.02257079258561134 -0.1253080070018768 
0.03783923387527466 -0.001037759822793305 0.03023363277316093 
-0.004585384391248226 0.0465543307363987 -0.1006269529461861 
-0.009591502137482166 0.0282173715531826 -0.09262473881244659 
0.03390000388026237 0.01065819431096315 0.02019478753209114 
0.04028454050421715 -0.01618834584951401 -0.001271079760044813 
-0.02343956381082535 0.008085967972874641 -0.1343000084161758 
0.03330069780349731 -0.03524599596858025 -0.09870836138725281 
0.04041764885187149 0.02624943666160107 -0.0009999958565458655 
-0.01252158917486668 -0.03889034315943718 -0.09649998694658279 
0.03750704228878021 -0.007507191970944405 -0.1260000020265579 
0.04231591150164604 0.0008627679198980331 -0.09999999403953552 
-0.009529164060950279 0.02734613418579102 -0.133697509765625 
0.03400295972824097 -0.01004726253449917 -0.08649999648332596 
0.03547646850347519 -0.03277464210987091 -0.06780652701854706 
0.03752213343977928 -0.01146587543189526 -0.03301065415143967 
0.03799999877810478 -0.01068357285112143 0.02501239627599716 
-0.002610254101455212 -0.009109347127377987 -0.1343000084161758 
0.04169392585754395 -0.02469939365983009 -0.03658652678132057 
0.02027544751763344 0.01999999955296516 -0.07877083122730255 
0.04066513106226921 -0.01799999922513962 -0.09148120880126953 
0.03338005766272545 0.02195143327116966 -0.05657338351011276 
-0.008173031732439995 0.008559110574424267 -0.1343000084161758 
0.03983798623085022 -0.02315079420804977 -0.1260000020265579 
0.03791004046797752 0.008856514468789101 -0.1260000020265579 
0.02992855571210384 -0.01480890065431595 -0.1260000020265579 
0.02793982997536659 0.02000000327825546 -0.09021227806806564 
0.03988504409790039 -0.0232552345842123 -0.03281907364726067 
-0.02229606360197067 -0.03508347272872925 -0.1260000020265579 
0.03390000015497208 -0.001020163879729807 -0.03432381898164749 
0.04487946629524231 0.01836152747273445 -0.08027655631303787 
0.02101333439350128 0.02108338288962841 -0.09422047436237335 
0.004347627051174641 0.04147867858409882 -0.1330742835998535 
0.02075797691941261 -0.01480577047914267 -0.09199999272823334 
0.02713879570364952 0.01153157744556665 -0.12654048204422 
0.01430723443627357 -0.04590560495853424 -0.1157928258180618 
0.04616519063711166 -0.005451707635074854 -0.07839414477348328 
-0.01612868905067444 0.01494925748556852 -0.09199998527765274 
0.04405250400304794 -0.004329799208790064 -0.05834998935461044 
-0.002925281878560781 0.004198607057332993 -0.09199998527765274 
0.01776820234954357 0.02766363695263863 -0.1269737482070923 
0.03390000015497208 0.01680218242108822 -0.009587550535798073 
-0.01089129783213139 -0.03688260167837143 -0.1260000020265579 
0.03438324481248856 0.03128025680780411 -0.06396495550870895 
0.01260369084775448 -0.04620159417390823 -0.1017425805330276 
0.04240993410348892 -0.01200000382959843 0.01924933865666389 
0.04264853522181511 0.02293028309941292 -0.07093372941017151 
0.001113956794142723 0.02067997306585312 -0.08355927467346191 
0.0458272285759449 0.01566802896559238 -0.05678307637572289 
0.04218290746212006 -0.009414374828338623 -0.06000000983476639 
0.04613190516829491 0.005511182360351086 -0.03834144026041031 
0.03390000015497208 -0.00170512031763792 -0.006501986645162106 
0.0381416492164135 0.02952709794044495 -0.1008859127759933 
0.0481390580534935 -0.003219625679776073 -0.1113846749067307 
-0.009621750563383102 -0.02399999834597111 -0.08546233177185059 
0.01928414590656757 0.02284016460180283 -0.09550932794809341 
0.02682275511324406 0.0221383236348629 -0.1262067705392838 
0.03700000047683716 -0.009741200134158134 -0.09890951961278915 
0.04844150319695473 0.001347362413071096 -0.03489634767174721 
-0.0226023830473423 0.04245475679636002 -0.09983104467391968 
-0.02908475324511528 -0.004724054597318172 -0.1290245801210403 
0.03723711520433426 -0.03072092309594154 -0.0659828782081604 
-0.03015162609517574 0.03449447825551033 -0.1271439790725708 
0.03744632378220558 -0.02019928023219109 0.02315337210893631 
0.03799999877810478 0.01840109750628471 0.0175954420119524 
0.03390000015497208 -0.001765062101185322 -0.01510579511523247 
0.03515218943357468 0.03003889136016369 -0.08305790275335312 
0.03799999877810478 0.01001245994120836 -0.02412894554436207 
0.03980813175439835 0.02231080830097198 -0.08060403168201447 
0.03401416912674904 -0.02004334703087807 -0.08962683379650116 
0.03599800914525986 -0.032403863966465 -0.01184993423521519 
0.03547968715429306 0.01858700811862946 -0.1260000020265579 
0.03390000015497208 -0.02705722115933895 0.005374271888285875 
0.04124718531966209 -0.01200000382959843 -0.009616994298994541 
-0.004428103100508451 0.009054865688085556 -0.09199998527765274 
0.03944651409983635 0.02775527909398079 -0.1118160858750343 
-0.04823391139507294 -0.0006081720348447561 -0.1251451373100281 
0.03878498077392578 -0.01200000382959843 -0.01047344412654638 
-0.01164951082319021 0.04211996123194695 -0.0964999794960022 
0.04546080902218819 -0.009526828303933144 -0.03740550577640533 
0.03329479694366455 0.03480755910277367 -0.1272703558206558 
-0.02482621558010578 -0.01187796052545309 -0.1343000084161758 
0.01969384029507637 -0.02273286506533623 -0.0848841518163681 
-0.001361569855362177 0.01248489879071712 -0.1343000084161758 
-0.02043857239186764 -0.02125116810202599 -0.1307552009820938 
0.03799999877810478 0.01840454339981079 -0.01253782957792282 
0.002351478207856417 -0.01226254645735025 -0.09199999272823334 
0.02956948801875114 -0.01800000108778477 -0.06922926753759384 
-0.003981230780482292 0.04757588729262352 -0.1298358738422394 
-0.0153126697987318 0.03696131706237793 -0.1260000020265579 
-0.01476335246115923 -0.008971410803496838 -0.1343000084161758 
0.04563300311565399 0.01531311590224504 -0.1139927357435226 
0.03700000047683716 -0.007752485573291779 -0.09920907020568848 
0.04823438450694084 0.0005737107712775469 -0.1044991165399551 
-0.02739417552947998 0.0207538940012455 -0.08365466445684433 
0.04246188700199127 0.008571700192987919 -0.06000000983476639 
0.03623093292117119 -0.0268708560615778 0.01744583994150162 
0.01040607132017612 0.02756261825561523 -0.1261158436536789 
0.03029460646212101 -0.01729314401745796 -0.08797816187143326 
0.03721636906266212 -0.007397405337542295 -0.08650000393390656 
0.03390000015497208 0.004846942611038685 0.02681607939302921 
0.03573478385806084 -0.03243794664740562 -0.06767220795154572 
-0.0130915455520153 0.006803132593631744 -0.1343000084161758 
-0.002017837017774582 0.02000000141561031 -0.07715179026126862 
0.03799999877810478 0.002299049636349082 -0.02427553758025169 
-0.0007451931014657021 0.01939480751752853 -0.08699999004602432 
0.03430180996656418 0.0313807986676693 -0.05044228583574295 
0.03742889687418938 0.0274098627269268 -0.0464494489133358 
-0.02116929367184639 -0.007615686394274235 -0.09199999272823334 
-0.002448867075145245 -0.01803136058151722 -0.1343000084161758 
0.0422852598130703 -0.0003341209376230836 -0.1277000308036804 
0.04106802865862846 -0.01399999298155308 -0.01591716706752777 
-0.01463406626135111 0.03121309354901314 -0.09649998694658279 
-0.02807027101516724 0.01677809841930866 -0.08619002252817154 
0.0186186321079731 -0.02708985283970833 -0.09999999403953552 
0.03799999877810478 -0.02261971309781075 -0.01104610599577427 
-0.02301331795752048 -0.003034459892660379 -0.1343000084161758 
-0.0341397188603878 0.02000000141561031 -0.09064316749572754 
0.02355392277240753 -0.01544748526066542 -0.06124427914619446 
0.02066250517964363 -0.009062565863132477 -0.09199999272823334 
0.02863859385251999 0.008380078710615635 -0.09547439217567444 
0.03493473306298256 0.03150000423192978 -0.07581339031457901 
0.03942674025893211 -0.01473879814147949 -0.1260000020265579 
0.01975011825561523 0.01737859658896923 -0.09199998527765274 
0.03977352753281593 -0.02774943970143795 -0.03279790654778481 
0.04646104201674461 0.01342521421611309 -0.08256427943706512 
0.03584293648600578 0.03150000423192978 -0.08347080647945404 
0.03391984850168228 -0.03465277329087257 -0.08302723616361618 
0.03390000015497208 -0.01225095242261887 0.01558431889861822 
0.005463935434818268 0.03187999129295349 -0.1276799738407135 
-0.0313153900206089 0.003113325219601393 -0.1264364272356033 
-0.03221960738301277 0.03591469302773476 -0.1175531893968582 
0.04639570042490959 -0.002115523675456643 -0.07011742889881134 
-0.01808485947549343 -0.0163351334631443 -0.09199998527765274 
-0.005455280654132366 0.03422945737838745 -0.1320857405662537 
-0.02737649530172348 0.03967222943902016 -0.1083047315478325 
0.0381460003554821 -0.01399999298155308 0.00722088385373354 
0.04529821872711182 0.01636574044823647 -0.1228778287768364 
0.01397219486534595 0.01799999922513962 -0.07431615889072418 
0.03390000015497208 0.02418288215994835 -0.01838166266679764 
0.03390000015497208 0.006626775488257408 -0.03266299888491631 
-0.0209816712886095 -0.02583707496523857 -0.1261122077703476 
0.04100741073489189 0.02581484615802765 -0.04733910411596298 
-0.01697041094303131 -0.0435340628027916 -0.1001315340399742 
0.02304960787296295 -0.03338802605867386 -0.1260000020265579 
0.03390000015497208 -0.007010129280388355 0.01807146891951561 
0.02621892094612122 -0.02004015445709229 -0.08963100612163544 
0.03962909057736397 0.02173843421041965 -0.07047197222709656 
0.02738159894943237 -0.01438193954527378 -0.09300000220537186 
0.0386723019182682 0.01200000010430813 0.01145601086318493 
0.03390000015497208 -0.01942550018429756 -0.03149706870317459 
0.04755579307675362 0.009480488486588001 -0.03343076631426811 
0.04812519252300262 0.00346494116820395 -0.1015990525484085 
-0.001071291393600404 0.04669303819537163 -0.11307143419981 
-0.02978952974081039 0.0009535320568829775 -0.09905556589365005 
0.01943676546216011 0.04216054454445839 -0.09607241302728653 
-0.04263589903712273 0.02251646295189857 -0.1032731309533119 
-0.02021246962249279 -0.01295780390501022 -0.09199998527765274 
0.0482686460018158 0.003995517268776894 -0.04520496353507042 
0.03442750498652458 0.03150000423192978 -0.05040235817432404 
0.03981425985693932 -0.02269876562058926 -0.09634061902761459 
0.04506267607212067 0.01659386046230793 -0.09991660714149475 
0.03660938143730164 0.03150000423192978 -0.05630525201559067 
0.03655106201767921 0.01799999736249447 -0.0693894699215889 
0.04549053311347961 0.00104783580172807 -0.1265959143638611 
0.04106328636407852 0.01158005092293024 0.002621131017804146 
-0.02551696263253689 0.03308949619531631 -0.130500003695488 
-0.01712171360850334 0.02398817427456379 -0.1295045018196106 
0.04825379699468613 0.002675915835425258 -0.0941033810377121 
-0.04659414291381836 -0.01229503098875284 -0.1161128953099251 
0.02179228141903877 -0.0432543121278286 -0.09246394038200378 
0.03086602315306664 0.01860591396689415 -0.05115094780921936 
-0.0213606022298336 0.02145393751561642 -0.08716225624084473 
0.01701045595109463 -0.04484136775135994 -0.10470000654459 
0.002152983099222183 -0.02000000514090061 -0.07999497652053833 
-0.01448668539524078 -0.02502499520778656 -0.132500022649765 
-0.02652369439601898 0.01799999736249447 -0.08098576217889786 
0.03390000015497208 -0.02421097084879875 0.01224750652909279 
-0.03581716492772102 0.02695942670106888 -0.1260000020265579 
0.04343395680189133 0.01400000415742397 0.01433477364480495 
-0.03541600331664085 -0.02524328604340553 -0.1260000020265579 
0.0390598401427269 -0.01200000382959843 -0.02263270318508148 
-0.02733994647860527 -0.02267848886549473 -0.1262149810791016 
0.02017766050994396 0.03312751278281212 -0.1289999932050705 
0.00868508405983448 0.01029448676854372 -0.1343000084161758 
-0.0254580844193697 -0.01276702340692282 -0.1332999914884567 
0.005762140266597271 0.01196364779025316 -0.1342999935150146 
0.03557891026139259 0.01799999922513962 -0.03753172978758812 
0.01049466617405415 -0.0195744801312685 -0.09199998527765274 
-0.03791579231619835 -0.01743987016379833 -0.1000000014901161 
-0.03076891973614693 -0.02157427184283733 -0.09589776396751404 
-0.04110328480601311 -0.02505116909742355 -0.1194849908351898 
0.03390000015497208 0.01502223312854767 0.02859476581215858 
0.001440312247723341 0.04599133506417274 -0.1274588108062744 
0.01235363725572824 -0.02715812996029854 -0.09267792850732803 
0.02201214618980885 0.03035996481776237 -0.130500003695488 
-0.03177473694086075 -0.005958314519375563 -0.1260000020265579 
-0.006649495102465153 0.02910042926669121 -0.09984247386455536 
-0.0187741331756115 0.04323909059166908 -0.1304681003093719 
0.02838995866477489 -0.03894998878240585 -0.1080189645290375 
-0.04489074274897575 -0.01744609326124191 -0.1210106536746025 
-0.008554122410714626 -0.04625001549720764 -0.1157034486532211 
0.03463605418801308 0.03150000423192978 -0.08269484341144562 
0.03228963911533356 0.03615587577223778 -0.09454697370529175 
-0.0143010038882494 -0.02056515961885452 -0.08699999004602432 
0.04067439958453178 -0.02628910914063454 -0.07327563315629959 
-0.00236792303621769 0.01799999922513962 -0.07746170461177826 
-0.00660927128046751 0.03676185756921768 -0.1260000020265579 
-0.01189572364091873 0.03058928996324539 -0.09942406415939331 
-0.02266110479831696 0.01999999955296516 -0.07937545329332352 
0.02193297073245049 -0.01800000108778477 -0.07021269202232361 
0.03480169922113419 0.01604919880628586 -0.05662388727068901 
-0.007133244536817074 -0.02889272943139076 -0.09798498451709747 
0.04637515544891357 -0.01385338976979256 -0.0423392653465271 
0.04188380390405655 0.02441661804914474 -0.06275501847267151 
-0.01102103851735592 0.04624997451901436 -0.1133512035012245 
0.00306942337192595 0.04653620719909668 -0.1271507292985916 
-0.02077347598969936 -0.04076812416315079 -0.0964999794960022 
0.0301566943526268 0.03762731701135635 -0.1244941726326942 
0.02949714288115501 -0.01800000108778477 -0.06890110671520233 
0.0053402129560709 -0.008919864892959595 -0.09199998527765274 
0.04578777402639389 0.01188985165208578 -0.02898320183157921 
0.03550125658512115 0.03264635801315308 -0.1121770292520523 
0.04648783430457115 0.0002145854668924585 -0.06704150140285492 
0.03477218002080917 0.03150000423192978 -0.07855670899152756 
0.03199413046240807 -0.01800000108778477 -0.0916743129491806 
0.03066014498472214 0.01907901465892792 -0.05167461186647415 
0.04797545820474625 0.00700771901756525 -0.04161126539111137 
-0.01368224900215864 0.03842974454164505 -0.1289999932050705 
-0.01735547743737698 -0.01527225226163864 -0.08482503145933151 
0.01039235014468431 0.02000000141561031 -0.07839319109916687 
0.03390000015497208 -0.01966710947453976 0.001206584740430117 
0.03902458027005196 -0.001964058261364698 -0.1277000159025192 
-0.02590116299688816 0.04070751741528511 -0.1023413240909576 
0.03516837581992149 -0.03311713039875031 -0.09787337481975555 
0.03799999505281448 0.004476085305213928 -0.01464670058339834 
0.04172516986727715 -0.02451877295970917 -0.04968229308724403 
0.03651465848088264 0.03150000423192978 -0.02595503069460392 
-0.03700533509254456 -0.03095288015902042 -0.1204211413860321 
-0.01551233232021332 -0.04091276228427887 -0.1260000020265579 
0.01614762656390667 0.002033923985436559 -0.1343000084161758 
0.03799999877810478 0.02163924835622311 0.01210107281804085 
0.03390000015497208 0.01672661490738392 -0.01284923404455185 
0.03732071071863174 -0.03045856952667236 -0.09974513202905655 
0.03299999982118607 0.0314333476126194 -0.08585401624441147 
0.02617688104510307 0.02000000141561031 -0.07849502563476562 
-0.01271111611276865 0.01799999922513962 -0.07834070920944214 
0.03820770606398582 -0.007144944742321968 -0.0009999958565458655 
0.03390000015497208 -0.02872313186526299 -0.01105986069887877 
0.03390000015497208 0.006436116527765989 -0.009073675610125065 
-0.03432904183864594 0.03380210697650909 -0.1117924675345421 
-0.0162363275885582 0.02457664161920547 -0.1294117569923401 
0.03292988613247871 0.03317027166485786 -0.130500003695488 
0.04293613880872726 -0.02229099534451962 -0.03549586609005928 
-0.02148955687880516 0.02437863871455193 -0.1292537152767181 
0.04319346696138382 -0.01200000382959843 -0.007948997430503368 
0.03769726678729057 0.02008515596389771 0.0228644460439682 
-0.00295016379095614 -0.01438240986317396 -0.08499998599290848 
0.02834936045110226 0.009496588259935379 -0.09568288177251816 
-0.0398489236831665 0.003871535882353783 -0.1000000014901161 
0.03882343322038651 -0.01511433906853199 0.001818940392695367 
0.04370364546775818 0.01400000415742397 -0.012401576153934 
0.005308911204338074 -0.01708922348916531 -0.08699999004602432 
0.03390000015497208 -0.02282669395208359 -0.01410146802663803 
0.002771384315565228 -0.04669281840324402 -0.1015978530049324 
0.03800000250339508 0.02307899855077267 -0.02143415994942188 
0.04521230608224869 -0.01084091700613499 -0.09169299155473709 
-0.04777967929840088 -0.006334592122584581 -0.115246057510376 
-0.03722448274493217 -0.02265014126896858 -0.1260000020265579 
0.04439102113246918 0.01208929903805256 -0.08344271034002304 
0.03982274234294891 0.02718527428805828 -0.1229222044348717 
0.03390000015497208 0.02953173778951168 0.005043218843638897 
-0.03528079763054848 -0.002523820381611586 -0.1000000014901161 
0.04618885368108749 0.01402078755199909 -0.004095496609807014 
-0.00339661817997694 -0.0214991383254528 -0.0842343270778656 
0.03497350960969925 -0.03322955220937729 -0.1044784560799599 
-0.0230596549808979 -0.01721819490194321 -0.1333602219820023 
0.04841722920536995 -0.000722074240911752 -0.04476837813854218 
0.03799999877810478 -0.001280329190194607 0.01026942860335112 
0.005280137993395329 0.04166840016841888 -0.1260000020265579 
-0.03652290627360344 -0.01800000108778477 -0.09325207024812698 
0.02441705018281937 -0.01643938012421131 -0.1281955689191818 
-0.0147475004196167 -0.01512429304420948 -0.08485725522041321 
-0.0003201302606612444 0.03317566961050034 -0.09999999403953552 
0.02156355604529381 0.02440878748893738 -0.1277000159025192 
0.005573435220867395 0.03209589421749115 -0.09914756566286087 
-0.04140514135360718 -0.015781469643116 -0.1260000020265579 
-0.04052404686808586 0.02609796263277531 -0.1238674372434616 
0.03725022822618484 -0.00333122699521482 0.03071904182434082 
-0.03943257406353951 -0.02780331484973431 -0.1100682765245438 
0.03600764274597168 0.03229258209466934 -0.01263101678341627 
0.02700118348002434 -0.02208507806062698 -0.08680451661348343 
-0.02589561603963375 0.01199781056493521 -0.1342340856790543 
0.04246075451374054 0.01200000010430813 -0.02488309517502785 
0.03923666849732399 -0.02843116782605648 -0.05650205910205841 
0.03879225626587868 -0.001469663693569601 -0.08649998903274536 
0.03799999877810478 0.004930201452225447 -0.01096261944621801 
0.04435443133115768 -0.0059157470241189 -0.0868234857916832 
-0.02575592324137688 0.005091539584100246 -0.09199997782707214 
0.03943884745240211 -0.004826507531106472 -0.1259999871253967 
-0.01382831297814846 0.04134216904640198 -0.1304999887943268 
0.04715503752231598 -0.01020069885998964 -0.1102441251277924 
-0.01524712704122066 -0.0373833179473877 -0.09649998694658279 
0.01316170580685139 0.02613601461052895 -0.1322145909070969 
0.02142799273133278 0.03205478936433792 -0.1290000081062317 
-0.02232851833105087 0.009715590626001358 -0.1343000084161758 
-0.004488374106585979 0.03128351271152496 -0.1000000014901161 
0.03390000015497208 -0.03339652344584465 -0.05979567766189575 
0.04819219931960106 0.00234077381901443 -0.1020951345562935 
-0.03595132380723953 -0.0117679238319397 -0.1260000020265579 
0.04172695428133011 0.02417014911770821 -0.1192617267370224 
0.0455327183008194 -0.01614554598927498 -0.08677886426448822 
0.01142802089452744 -0.03142675012350082 -0.1000000014901161 
-0.04477805271744728 0.01788305304944515 -0.1205634474754333 
0.0330657996237278 -0.02147344872355461 -0.08722558617591858 
0.04608691483736038 -0.01433637738227844 -0.09770883619785309 
0.04627744108438492 0.003634357359260321 -0.07286722958087921 
0.01187578029930592 0.04238194227218628 -0.1289999932050705 
0.02307546511292458 -0.02430837973952293 -0.09649998694658279 
0.03390000015497208 -0.01760579831898212 -0.02545615471899509 
0.04614889994263649 0.004685700871050358 -0.05385648831725121 
0.03799999877810478 -0.008617429994046688 -0.02054088562726974 
0.03799999877810478 -0.02026794850826263 -0.02418883517384529 
0.0431215688586235 -0.01568287052214146 -0.05605367571115494 
0.04454363882541656 0.009644366800785065 -0.03465667366981506 
-0.03015248849987984 -0.02927188947796822 -0.1277000159025192 
0.04318317025899887 0.01678385213017464 -0.09296479076147079 
0.04175472259521484 -0.01399999298155308 0.005117581225931644 
0.03833911195397377 -0.02086309529840946 -0.08313682675361633 
0.03390000015497208 0.01862223632633686 0.01379300840198994 
0.0395081527531147 0.02443071082234383 -0.09596346318721771 
0.03390000015497208 -0.0008293711580336094 0.006845530588179827 
0.03390000015497208 0.01713556051254272 -0.03106353431940079 
-0.0319768600165844 0.03612641617655754 -0.1153779998421669 
0.02968792989850044 0.03610177710652351 -0.1035462021827698 
0.01896619983017445 0.01629443280398846 -0.09199999272823334 
0.04266223311424255 -0.0224791020154953 -0.1056241691112518 
-0.04369299486279488 -0.02039592154324055 -0.1109694913029671 
0.02590185776352882 -0.01732633449137211 -0.05877997353672981 
0.0372428335249424 0.02749062702059746 -0.05635316297411919 
0.03954549506306648 0.02807357534766197 -0.07829426229000092 
-0.03927354142069817 -0.02802860923111439 -0.1152320504188538 
0.03390000015497208 0.00220210780389607 -0.0343555361032486 
0.04247554391622543 0.01505498867481947 -0.0959913581609726 
-0.01441820058971643 0.01711169630289078 -0.08380924165248871 
0.0216684453189373 -0.04070038348436356 -0.09649999439716339 
0.005250717513263226 0.03199987858533859 -0.1289355456829071 
0.02588703483343124 -0.02276608347892761 -0.1276915073394775 
0.03799999877810478 -0.008734315633773804 -0.02193163521587849 
0.02519994042813778 -0.01800000108778477 -0.075250044465065 
0.04015222936868668 0.01400000415742397 0.01821155659854412 
0.03970479592680931 -0.01029472518712282 -0.05849999934434891 
0.02665530890226364 0.02000000141561031 -0.06999482959508896 
-0.0480378270149231 0.004432091023772955 -0.1188932880759239 
-0.0002896045334637165 -0.03377567976713181 -0.1277000308036804 
0.01437471155077219 -0.02000000514090061 -0.07964950054883957 
-0.04508989304304123 -0.01023541949689388 -0.1000000089406967 
0.03242328390479088 -0.0360591933131218 -0.08626935631036758 
-0.00675046956166625 0.04064600169658661 -0.1384143680334091 
-0.003292639274150133 0.03830656409263611 -0.1395000070333481 
0.03872719407081604 -0.01173100993037224 -0.02972180023789406 
-0.02532231248915195 -0.0310945063829422 -0.09649999439716339 
0.009532038122415543 -0.04624976962804794 -0.1213685944676399 
0.04775109142065048 0.008401653729379177 -0.0006394246011041105 
0.02793930470943451 0.02756760269403458 -0.1305000185966492 
0.0453864261507988 -0.01657779328525066 -0.09159553050994873 
0.0119804572314024 0.02000000141561031 -0.07878061383962631 
0.03799999877810478 -0.02963891066610813 -0.01336733810603619 
0.03799999877810478 0.0002598996507003903 -0.02318711578845978 
0.03412895277142525 0.02310743182897568 0.02469765394926071 
0.04810793697834015 0.003697015112265944 -0.1102355942130089 
-0.0326971523463726 -0.02420446462929249 -0.09649998694658279 
-0.02099794521927834 0.02784396708011627 -0.130500003695488 
0.03800000250339508 -0.0296261552721262 -0.009271194227039814 
0.02177927456796169 0.03489391505718231 -0.09649998694658279 
0.03799999877810478 -0.01588124595582485 -0.008958655409514904 
0.03652697801589966 -0.007433733437210321 -0.08499998599290848 
0.01045994833111763 0.03373448923230171 -0.1289703249931335 
-0.0431334599852562 -0.01799630001187325 -0.1007070988416672 
0.04222750663757324 -0.00532423984259367 -0.1260000020265579 
0.03390000015497208 0.005712846759706736 0.02254915609955788 
-0.01335400529205799 -0.02654904127120972 -0.1260000020265579 
0.03390000015497208 -0.03201436623930931 -0.03499986231327057 
-0.003312593325972557 0.04454924538731575 -0.1262058615684509 
0.04641447216272354 -0.00159375264775008 -0.07967790961265564 
-0.04139142856001854 -0.02133569680154324 -0.1000000014901161 
0.04795912653207779 0.005081916227936745 -0.1167729496955872 
0.007220366504043341 0.04599999636411667 -0.09641499817371368 
-0.01899618282914162 0.04407826438546181 -0.127617135643959 
0.03175035491585732 0.02000000141561031 -0.07395337522029877 
0.03972711786627769 -0.02732468582689762 -0.1144203096628189 
-0.03088028356432915 -0.03739084303379059 -0.09754393249750137 
0.0365290492773056 -0.03151681646704674 -0.1196326985955238 
-0.04817435145378113 -0.002552974969148636 -0.1105386018753052 
0.010462312027812 -0.03999143093824387 -0.0964999794960022 
0.03584291785955429 -0.02953403443098068 -0.03513414040207863 
0.03722335025668144 -0.02271940186619759 -0.02687907032668591 
0.01693596877157688 0.03822235763072968 -0.09649998694658279 
0.04044532403349876 0.01200000010430813 -0.02082574926316738 
-0.005733511876314878 -0.02913170121610165 -0.09497682750225067 
0.03799999877810478 0.009939771145582199 0.01440650597214699 
-0.007678470574319363 -0.04625002294778824 -0.1097952947020531 
0.04371526092290878 -0.01584837771952152 -0.04518987610936165 
0.03250481933355331 -0.01718233525753021 -0.09688659757375717 
-0.03076912835240364 -0.003940099850296974 -0.09999999403953552 
-0.00201690080575645 0.01880133338272572 -0.09199997782707214 
0.03848973661661148 0.0205116979777813 -0.05088190734386444 
0.01875303126871586 0.007341380231082439 -0.1342999935150146 
0.04510278254747391 0.01781658455729485 -0.08674562722444534 
-0.03904353082180023 0.02833456359803677 -0.1241164654493332 
0.03390000015497208 -0.01394972018897533 -0.01851559802889824 
0.04474965482950211 -0.01857561245560646 -0.09278392791748047 
0.01324891392141581 0.04610588774085045 -0.119658425450325 
0.03823922947049141 -0.01488583721220493 -0.05780134722590446 
0.0208765622228384 0.03712622076272964 -0.0964999794960022 
-0.01867816597223282 -0.02872353047132492 -0.1259999871253967 
-0.008958240039646626 -0.03020717762410641 -0.1260000020265579 
0.02506672218441963 -0.03301781788468361 -0.09649998694658279 
0.04489275068044662 -0.0183354876935482 -0.05703321844339371 
-0.01130250189453363 -0.008576896041631699 -0.09199997782707214 
0.03521304950118065 -0.01799459755420685 -0.09306273609399796 
0.02866329066455364 -0.0006758099771104753 -0.1332999914884567 
-0.03113631159067154 -0.006650522351264954 -0.1260000020265579 
-0.005085654556751251 -0.02311883121728897 -0.1342999935150146 
0.03025314584374428 0.02621276862919331 -0.1273121684789658 
0.04258451610803604 -0.02271485328674316 -0.06939875334501266 
0.0438273586332798 0.01543181668967009 -0.07999339699745178 
-0.006277143955230713 -0.03603724762797356 -0.09649998694658279 
0.04534212499856949 -0.01627674326300621 -0.1050138100981712 
0.01414186507463455 -0.04419805109500885 -0.09516659379005432 
-0.03731269389390945 0.01599102653563023 -0.1259999871253967 
0.01227240171283484 0.02598559111356735 -0.1325000077486038 
-0.03581739589571953 0.01997828297317028 -0.08598478138446808 
0.01298040151596069 0.002805632539093494 -0.09199997782707214 
0.02585061639547348 -0.008243853226304054 -0.09199998527765274 
0.02760946378111839 -0.01800000108778477 -0.07907882332801819 
0.01569397561252117 0.02493821829557419 -0.1286922693252563 
-0.02717618830502033 0.0345468744635582 -0.130500003695488 
0.03390000015497208 0.01550119649618864 -0.02745095640420914 
-0.03033705055713654 0.01186942029744387 -0.1260000020265579 
0.04459469020366669 -0.01293693203479052 -0.09245955944061279 
0.03390000015497208 -0.0009351363405585289 -0.01289841532707214 
0.03988074138760567 -0.02320234850049019 -0.03304324671626091 
-0.03137505054473877 -0.01826740056276321 -0.1260000020265579 
0.003746181726455688 0.04665020853281021 -0.1239568367600441 
0.0425194650888443 0.01475928258150816 -0.09602281451225281 
0.03179255127906799 0.03392251580953598 -0.0925697386264801 
-0.03172934800386429 -0.01800000108778477 -0.09756713360548019 
-0.02068522199988365 0.03737407177686691 -0.09649998694658279 
-0.01501455157995224 0.02203831821680069 -0.08467859029769897 
0.04095621407032013 -0.01798138581216335 -0.07636056840419769 
0.04063189402222633 -0.0225902833044529 -0.09512341767549515 
0.02398135140538216 0.03823346272110939 -0.09649998694658279 
-0.02244648709893227 -0.01659020595252514 -0.1343000084161758 
0.01522073894739151 0.004530472680926323 -0.09199997782707214 
0.007914863526821136 0.01799999736249447 -0.07172291725873947 
0.0410754382610321 -0.01200000382959843 -0.01363100297749043 
-0.03708939626812935 -0.02369962260127068 -0.1260000020265579 
0.01386885531246662 0.008879534900188446 -0.09199999272823334 
0.03926807269454002 0.0002678981400094926 -0.1277000159025192 
0.00694705406203866 0.04138375073671341 -0.1335122287273407 
-0.03441727533936501 -0.03370903432369232 -0.0996338352560997 
-0.01230540405958891 0.004890162963420153 -0.1343000084161758 
0.02202818915247917 -0.0387108102440834 -0.09649998694658279 
0.03799999877810478 -0.003202905412763357 0.01314171589910984 
0.02214082702994347 -0.004091927316039801 -0.09199998527765274 
0.03390000015497208 -0.02257677353918552 0.01320846471935511 
0.04823076352477074 -0.00120990036521107 -0.1064418330788612 
0.03390000015497208 -0.01360802352428436 -0.001766773406416178 
0.02768075093626976 -0.01169103197753429 -0.08605480194091797 
0.03086341917514801 -0.02601134218275547 -0.1261325776576996 
0.0427904948592186 0.007385518401861191 -0.03421676531434059 
0.01627127453684807 0.01400000415742397 -0.08637250959873199 
0.01403334364295006 0.04599999636411667 -0.0961785763502121 
0.0352223664522171 0.03150000423192978 -0.06946096569299698 
-0.03800000250339508 0.0196477584540844 -0.09333469718694687 
0.03740594536066055 0.02586666867136955 -0.09649999439716339 
-0.01836209185421467 -0.01987376436591148 -0.07744492590427399 
0.03840690851211548 -0.009582278318703175 -0.001204930827952921 
0.02645896933972836 0.04033384472131729 -0.105353906750679 
0.02739031985402107 -0.009568574838340282 -0.1324810832738876 
0.03390000015497208 -0.02046655118465424 -0.01508144848048687 
-0.03123872168362141 0.02112213335931301 -0.0954168289899826 
0.02275993674993515 -0.03335611522197723 -0.1260000020265579 
-0.02635950967669487 -0.03896984830498695 -0.1260000020265579 
0.03105258755385876 -0.02265885472297668 -0.05738284438848495 
0.0170456413179636 0.01338055264204741 -0.1343000084161758 
0.03390000015497208 -0.002726130886003375 0.01918637752532959 
0.0462450236082077 0.004280416294932365 -0.07603900134563446 
-0.0165337547659874 -0.04542884230613708 -0.09649998694658279 
-0.004927412141114473 0.01110208965837955 -0.09199999272823334 
-0.002759161870926619 -0.02936443127691746 -0.1282787024974823 
0.04588092863559723 0.01547988038510084 -0.05848472565412521 
-0.04402914270758629 -0.01959415711462498 -0.1033193916082382 
-0.03587130829691887 0.0322563573718071 -0.1099094673991203 
0.01916792243719101 -0.02295945025980473 -0.09885028004646301 
-0.00518255028873682 -0.02000000514090061 -0.0758485272526741 
0.0378122478723526 -0.01762360706925392 0.02457772195339203 
-0.003967671189457178 0.04662491753697395 -0.1040166392922401 
0.04627855867147446 0.00298976874910295 -0.04534851014614105 
-0.02228592708706856 0.01611225679516792 -0.1343000084161758 
-0.007279365789145231 0.02694156020879745 -0.1343000084161758 
0.04324381798505783 -0.01323219761252403 -0.03326182067394257 
0.02702926844358444 -0.01793476566672325 -0.0574866309762001 
0.04316997528076172 -0.004391712602227926 -0.1260000020265579 
-0.006381252780556679 0.008708836510777473 -0.1343000084161758 
-0.01712166890501976 -0.0243135392665863 -0.09321467578411102 
0.04792910069227219 0.006994743831455708 -0.0549854002892971 
0.03745230287313461 0.02750555425882339 -0.03022365644574165 
0.04750209301710129 -0.009785338304936886 -0.04535477235913277 
0.04680709168314934 -0.01095440238714218 -0.03082059323787689 
0.04768679291009903 -0.006536344066262245 -0.03232823312282562 
0.03390000015497208 0.03117558173835278 -0.003688516560941935 
-0.02023358456790447 -0.01570182479918003 -0.09199997782707214 
0.04420187696814537 0.01417360920459032 -0.07396424561738968 
-0.02441846206784248 0.01011948473751545 -0.1343000084161758 
-0.03940535336732864 -0.02784334868192673 -0.1046098917722702 
-0.03731246292591095 0.01230872701853514 -0.1260000020265579 
0.04028917849063873 0.009526495821774006 -0.09649998694658279 
0.02567987702786922 -0.01794195547699928 -0.1000000014901161 
0.02097656205296516 0.04336510226130486 -0.1051960363984108 
-0.01010913867503405 -0.03652523458003998 -0.1260000020265579 
0.03942371159791946 0.02780642360448837 -0.1064852550625801 
-0.003471408039331436 -0.01540104858577251 -0.1343000084161758 
0.006725522223860025 0.002292928751558065 -0.1343000084161758 
6.968707020860165e-05 0.04390070587396622 -0.127516508102417 
0.03390000015497208 -0.01564788818359375 0.01714518666267395 
0.04422268643975258 0.0198612529784441 -0.07074036449193954 
0.007262342609465122 -0.02000000514090061 -0.07031867653131485 
0.03390000015497208 0.02622618339955807 0.001615902408957481 
-0.00105056120082736 -0.04348050057888031 -0.1266428977251053 
-0.02056368067860603 -0.04344985634088516 -0.1146746128797531 
0.0137348361313343 -0.04612969234585762 -0.1010525971651077 
0.03456840291619301 -0.01461044233292341 -0.03221580386161804 
-0.01632603630423546 0.032715804874897 -0.130500003695488 
0.04772078990936279 0.008261719718575478 -0.08582274615764618 
0.04615817591547966 -0.01410834677517414 -0.09833455085754395 
0.03835146501660347 0.0291972067207098 -0.114918164908886 
0.01615837402641773 -0.04538761079311371 -0.1159187257289886 
0.03827374428510666 -0.004951689392328262 -0.03458483517169952 
0.03507766127586365 0.01502706483006477 -0.0994001179933548 
0.02480528876185417 0.0413796529173851 -0.1073950007557869 
0.04840302467346191 -0.0009118271991610527 -0.07383750379085541 
-0.03621352463960648 0.03188406676054001 -0.1032609790563583 
-0.02816365100443363 0.004591649863868952 -0.1342312693595886 
0.03390000015497208 -0.004568781238049269 -0.01438215840607882 
-0.01644920185208321 -0.0009673192980699241 -0.09199999272823334 
-0.04266081750392914 0.02231112867593765 -0.1189340576529503 
0.03623336926102638 0.0132635198533535 -0.08649999648332596 
0.01116415113210678 -0.02639110758900642 -0.1341119855642319 
-0.04301443696022034 -0.02144660986959934 -0.1048274487257004 
-0.00279821315780282 0.01821137219667435 -0.1343000084161758 
0.03390000015497208 -0.01535125635564327 0.01617679558694363 
0.04054179415106773 0.02655095979571342 -0.09076447784900665 
0.03532108291983604 0.03096563927829266 0.011806963942945 
0.01158917881548405 0.02618445456027985 -0.1325000077486038 
0.02208032831549644 0.0006981734186410904 -0.1343000084161758 
0.02098117023706436 0.004598906263709068 -0.09199998527765274 
0.04194775223731995 0.02382823266088963 -0.1022721081972122 
0.03111673891544342 -0.02292755618691444 -0.08661386370658875 
0.02905195392668247 0.01799438148736954 -0.09876376390457153 
0.03595459461212158 0.02000000141561031 -0.05222252756357193 
0.02042028680443764 0.03512849658727646 -0.1260000020265579 
0.03390000015497208 -0.028354087844491 0.01603196375072002 
0.03741241246461868 0.03044824674725533 -0.1145021170377731 
0.03677870705723763 -0.0001612415071576834 -0.1277000159025192 
0.04444941505789757 0.01940284296870232 -0.09399672597646713 
0.03799999877810478 -0.008174367249011993 -0.02127075009047985 
0.0444033220410347 0.01880595460534096 -0.1128773167729378 
-0.01923915930092335 0.044341791421175 -0.09884390980005264 
-0.02561499923467636 -0.02784524485468864 -0.09649998694658279 
0.03354731574654579 0.0144816879183054 -0.08649998903274536 
-0.02634280920028687 0.02023543417453766 -0.1000000014901161 
-0.02980235405266285 0.002368482295423746 -0.09609112143516541 
-0.008569027297198772 0.02000000141561031 -0.08123709261417389 
0.03390000015497208 0.001243964303284883 -0.00420670909807086 
0.03050449676811695 0.016823535785079 -0.08408113569021225 
0.01260262075811625 -0.03579192608594894 -0.1260000020265579 
-0.04723524302244186 -0.009842254221439362 -0.1103599891066551 
0.0396072156727314 0.01400000415742397 0.01436853408813477 
0.006768736056983471 0.04740159213542938 -0.1275753974914551 
0.004493759479373693 -0.04441876709461212 -0.1260000020265579 
0.03414291888475418 -0.0227802749723196 -0.08664315938949585 
0.04621945321559906 0.004201337229460478 -0.06979329884052277 
-0.00425198208540678 0.02000000141561031 -0.07819689810276031 
-0.005878984928131104 -0.01381330192089081 -0.1343000084161758 
-0.003348651574924588 0.03236847743391991 -0.1375779658555984 
0.01633261889219284 -0.02504486776888371 -0.09997044503688812 
-0.02008884400129318 -0.02208482287824154 -0.09752422571182251 
0.0355256125330925 0.03277892991900444 0.001826481311582029 
0.04108531773090363 0.01168618351221085 -0.002906143199652433 
0.02943617291748524 0.0002651750110089779 -0.1286189705133438 
-0.01834435388445854 0.02020667679607868 -0.09207823872566223 
0.02746348083019257 0.01180159393697977 -0.09483940899372101 
0.03805234655737877 -0.0001907795667648315 -0.09649998694658279 
0.03782105818390846 -0.02684970945119858 -0.08002842962741852 
0.03778033331036568 0.02694660797715187 -0.06774593889713287 
-0.01305381767451763 0.04386301338672638 -0.1266514658927917 
0.01973130367696285 -0.007042205892503262 -0.09199997782707214 
0.04079517722129822 0.01052336674183607 -0.03110594674944878 
-0.01075595244765282 -0.04308792948722839 -0.1260000169277191 
0.006448827683925629 0.03556741401553154 -0.1260000020265579 
0.03803211450576782 0.005766644608229399 -0.1260000020265579 
0.03422993421554565 0.01614146307110786 -0.0565277561545372 
0.03390000015497208 0.0227640476077795 -0.007863483391702175 
0.009325096383690834 -0.02716134861111641 -0.1340394914150238 
0.04695765301585197 0.01189494505524635 -0.05960098281502724 
0.03075262904167175 -0.0008977808756753802 -0.1277000159025192 
0.03411747142672539 -0.01777735166251659 -0.03446706756949425 
-0.0153623316437006 -0.02348895370960236 -0.09240666031837463 
0.01815294101834297 -0.02333527058362961 -0.1260884702205658 
0.0208473801612854 0.02136363461613655 -0.09762165695428848 
0.04210049659013748 0.009074636735022068 -0.1260000020265579 
0.03891085833311081 -0.02625291049480438 -0.01973197050392628 
-0.02246487326920033 -0.04268272966146469 -0.1107410937547684 
0.04096895828843117 0.009081974625587463 -0.08649999648332596 
0.01797203533351421 0.04457833245396614 -0.1122419983148575 
-0.0369068905711174 0.02979757636785507 -0.1259999871253967 
0.04557338356971741 -0.009232180193066597 -0.06533811986446381 
0.005341698415577412 0.02661803364753723 -0.09204082936048508 
-0.002796178683638573 -0.01806467399001122 -0.1343000084161758 
0.04026082903146744 -0.02701025456190109 -0.01988247409462929 
0.04238864406943321 0.02334338240325451 -0.09924796968698502 
-0.0407526008784771 0.02573593705892563 -0.1230986267328262 
0.0448271632194519 -0.01841670833528042 0.0001674102968536317 
-0.003153620287775993 -0.02386005595326424 -0.08649999648332596 
0.04376834630966187 0.009303607046604156 -0.05812554806470871 
-0.01478993706405163 -0.02252696827054024 -0.08669218420982361 
0.03390000015497208 -0.03285333141684532 -0.004499372560530901 
0.04199894517660141 -0.01552426628768444 0.001545031671412289 
0.0400988757610321 0.02683389931917191 -0.1068830639123917 
-0.009524833410978317 -0.01694689318537712 -0.08699999749660492 
0.03390000015497208 0.01107927970588207 -0.02631601877510548 
-0.03878803178668022 -0.02869545668363571 -0.1056883931159973 
-0.001406692434102297 0.02986947633326054 -0.09948334097862244 
0.01224182825535536 -0.0189873818308115 -0.09199997782707214 
0.002290870761498809 0.01334873959422112 -0.09199999272823334 
0.03998649120330811 0.02729822508990765 0.0005119025590829551 
-0.03075358644127846 0.03717874735593796 -0.1027433127164841 
0.03435292094945908 -0.03377756103873253 -0.1169303208589554 
-0.02392266131937504 0.01751946657896042 -0.0831817239522934 
-0.02879699878394604 -0.005980856250971556 -0.1272658556699753 
0.02894612960517406 0.006835968233644962 -0.09774580597877502 
0.006707568652927876 0.02868068590760231 -0.1261451244354248 
0.02125588804483414 -0.03366717323660851 -0.09649998694658279 
0.03390000015497208 -0.005317565519362688 -0.008998718112707138 
0.01592941768467426 -0.04548979178071022 -0.107802227139473 
-0.03082223236560822 -0.01352054718881845 -0.1260000169277191 
0.03390000015497208 -0.02017159946262836 -0.01771005056798458 
-0.004713134840130806 0.03056563064455986 -0.1000000014901161 
0.03284255042672157 -0.01295454706996679 -0.1260000020265579 
-0.02579638548195362 -0.0387408584356308 -0.1260000020265579 
0.04608245566487312 0.0146878445520997 -0.0870700478553772 
-0.0371047742664814 0.01975843496620655 -0.0884057804942131 
0.04711896181106567 0.0103621082380414 -0.1040957421064377 
0.03390000015497208 -0.02627983689308167 0.007685168646275997 
0.03830642253160477 0.01799999736249447 -0.09179765731096268 
-0.006679197773337364 0.04631222411990166 -0.1003318056464195 
-0.01719057746231556 -0.03922098129987717 -0.1260000020265579 
0.02724131941795349 0.03975482285022736 -0.1234186217188835 
0.04778020828962326 -0.008165575563907623 -0.03237908333539963 
-0.01405784673988819 0.00870969146490097 -0.09199997782707214 
-0.0003672383900266141 0.04435160011053085 -0.09977510571479797 
0.04765564948320389 0.008983207866549492 -0.0988246276974678 
-0.004757391288876534 0.02644491195678711 -0.1343000084161758 
0.009847407229244709 -0.03649622946977615 -0.1260000020265579 
-0.03389877453446388 -0.02306630834937096 -0.1260000020265579 
0.01659023389220238 0.03296633809804916 -0.1289999932050705 
0.03390000015497208 -0.003386130556464195 -0.001422088593244553 
0.001287300838157535 -0.04112355411052704 -0.0973590612411499 
0.02307929471135139 -0.02000000514090061 -0.06829030811786652 
0.0455024279654026 -0.007181880529969931 0.001000008196569979 
0.02766174077987671 0.01259800605475903 -0.1260000020265579 
0.01488194800913334 -0.02207601442933083 -0.1343000084161758 
-0.03033016249537468 0.02082341536879539 -0.08653147518634796 
0.005598949268460274 0.04243400320410728 -0.09649998694658279 
-0.01190167758613825 -0.01800000108778477 -0.08073882758617401 
0.04718683660030365 -0.01106504164636135 -0.04989396780729294 
0.04109328240156174 -0.01909905485808849 -0.0009999958565458655 
0.03390000015497208 0.01511098351329565 0.01068116072565317 
0.04597640782594681 0.00690423371270299 -0.05107257887721062 
0.03436414152383804 0.03114613331854343 -0.0561908632516861 
0.01098939310759306 -0.01800000108778477 -0.07669678330421448 
-0.03833763301372528 -0.02927787974476814 -0.1099852025508881 
-0.0159287340939045 0.02890638634562492 -0.1000000089406967 
0.0461689792573452 -0.005248316563665867 -0.09252513945102692 
-0.006326930597424507 0.02868721261620522 -0.1286362260580063 
0.02826058119535446 0.00840264093130827 -0.1272775530815125 
-0.0311223641037941 0.02387296408414841 -0.09649998694658279 
0.02772040851414204 0.01799999922513962 -0.07160674035549164 
0.0199942197650671 -0.0111055476590991 -0.09199997782707214 
0.03390000015497208 0.005938321352005005 -0.0184272937476635 
-0.008037017658352852 0.04522775858640671 -0.1286098062992096 
0.02899947762489319 -0.03632313758134842 -0.08341488242149353 
0.03290118277072906 -0.03523385897278786 -0.1007532179355621 
0.03744135797023773 0.02011216431856155 -0.06820999085903168 
0.0447193942964077 0.01200000010430813 -0.007912077009677887 
0.04167141020298004 -0.02426877059042454 -0.1199121475219727 
0.01220707595348358 -0.03941415995359421 -0.09649998694658279 
0.02327297814190388 0.042249396443367 -0.1204299032688141 
0.03424514830112457 -0.007609504740685225 -0.03414762765169144 
0.03985747322440147 0.02291666716337204 -0.08094295114278793 
0.03799999877810478 -0.001070769736543298 -0.02511615492403507 
-0.02777941338717937 -0.003385176183655858 -0.1343000084161758 
0.03962454944849014 -0.02795034274458885 -0.02492935582995415 
-0.001561498269438744 0.02239080704748631 -0.08476780354976654 
0.04680550843477249 -0.002689637476578355 -0.1275012493133545 
0.0008937446982599795 0.04127597436308861 -0.1000000089406967 
0.0342925488948822 0.01461637392640114 -0.08499286323785782 
-0.02881894074380398 0.02084077708423138 -0.09512528032064438 
-0.03598666191101074 0.03212723135948181 -0.1168067306280136 
0.04255341365933418 -0.02312725409865379 -0.03081411868333817 
0.01286725047975779 -0.01642215065658092 -0.09199998527765274 
0.04102271795272827 -0.02573142573237419 -0.06343222409486771 
0.03831607103347778 0.01421996019780636 -0.06032131612300873 
-0.01121017709374428 -0.02634020894765854 -0.1325000077486038 
-0.0238334909081459 0.02196895703673363 -0.08493444323539734 
-0.006528665777295828 0.0411725714802742 -0.1385080814361572 
0.03390000015497208 -0.01429981831461191 0.01170984283089638 
0.0366114117205143 -0.02861097827553749 -0.09541227668523788 
0.03524725139141083 -0.0216455552726984 -0.08711057901382446 
0.04177821427583694 -0.00387875153683126 -0.03306007385253906 
0.03628823161125183 0.02007119916379452 -0.06466516852378845 
0.00608937069773674 0.0126816313713789 -0.09199998527765274 
0.01178280171006918 -0.02743405103683472 -0.09628288447856903 
0.03923765197396278 -0.02490347623825073 -0.08142506331205368 
0.03765968233346939 0.01593221351504326 -0.05674577131867409 
0.04076927527785301 0.006183227989822626 -0.03440923243761063 
0.0399390235543251 0.003368908539414406 -0.05849999934434891 
-0.02994876727461815 -0.03321738913655281 -0.1276757568120956 
0.01773538812994957 0.02000000141561031 -0.0765872448682785 
0.03390000015497208 -0.004749160259962082 0.01884766109287739 
0.02813722193241119 0.02000000141561031 -0.07044845819473267 
0.04240644350647926 0.0234996136277914 -0.03496412932872772 
-0.005405495408922434 -0.02265427820384502 -0.09199998527765274 
-0.03421185910701752 -0.02013897523283958 -0.08743082731962204 
0.01341049745678902 -0.03806200623512268 -0.1260000020265579 
-0.03440993651747704 -0.03379573673009872 -0.1052774041891098 
-0.03752921894192696 0.02000000141561031 -0.09263113886117935 
0.04098308086395264 0.01797721534967422 -0.04887836799025536 
0.03390000015497208 -0.01548018679022789 -0.01436310261487961 
0.04517455026507378 0.004494142718613148 -0.035456333309412 
0.01303801499307156 0.02718754485249519 -0.1260000020265579 
-0.03299640864133835 -0.007625207304954529 -0.1000000014901161 
0.0224152896553278 0.02626020647585392 -0.1274818778038025 
0.02037343196570873 0.02527016960084438 -0.1287672817707062 
0.04619525745511055 0.004780282732099295 -0.07359800487756729 
-0.0177961066365242 0.01717162877321243 -0.1343000084161758 
0.04316854476928711 -0.006658847443759441 -0.03218222036957741 
0.01436816435307264 -0.04589562118053436 -0.1213643699884415 
-0.04818404465913773 -0.002324216533452272 -0.1224247589707375 
0.04765869677066803 0.007495899684727192 -0.1100962460041046 
0.03390000015497208 -0.01965838670730591 0.01129506155848503 
-0.01314956974238157 -0.02374856919050217 -0.08649999648332596 
0.04505785554647446 -0.01399999298155308 0.006643806118518114 
0.04323447495698929 -0.02140134945511818 -0.1136161088943481 
0.01502520684152842 0.03791334107518196 -0.130500003695488 
-0.008832002058625221 0.02681346982717514 -0.1332999914884567 
0.03432796895503998 0.006444315426051617 -0.1260000020265579 
0.02981561049818993 -0.03784468024969101 -0.1182959228754044 
0.03990374132990837 0.02147296443581581 -0.1260000020265579 
0.03390000015497208 -0.03097095340490341 -0.05914624780416489 
-0.02854364737868309 0.02414524555206299 -0.09649998694658279 
-0.02658606693148613 -0.04024498164653778 -0.1063958406448364 
-0.0254983939230442 0.03498917818069458 -0.1260000020265579 
0.04461497440934181 0.01837155967950821 -0.1224930360913277 
-0.03317881003022194 0.01708666607737541 -0.1260000020265579 
-0.004820540547370911 -0.02355057187378407 -0.09199998527765274 
0.03490994870662689 -0.02000000514090061 -0.03329968824982643 
-0.02581524476408958 0.01216519717127085 -0.1342301964759827 
0.01865198463201523 -0.04351016506552696 -0.1000000014901161 
0.02714064717292786 0.03142330422997475 -0.1266868710517883 
0.03206899762153625 0.01786652021110058 -0.08913564682006836 
0.04582680389285088 -0.01576727256178856 -0.03047392889857292 
0.0120915062725544 0.04227077588438988 -0.130500003695488 
0.04741613939404488 0.01014316640794277 -0.09718652814626694 
0.04215830564498901 -0.02350201085209846 -0.09330305457115173 
0.03213869035243988 0.029680285602808 -0.1292544603347778 
0.04229249805212021 -0.02328167483210564 -0.05644777417182922 
0.0302746407687664 0.009303923696279526 -0.0850810781121254 
-0.006166327279061079 0.04637368768453598 -0.1223492026329041 
0.01540172286331654 -0.01156632695347071 -0.1343000084161758 
0.03279949724674225 -0.03272062540054321 -0.09138201922178268 
0.04245676845312119 0.02328029647469521 -0.07655303925275803 
0.04462121427059174 -0.01898208819329739 -0.09243094921112061 
0.03944175690412521 -0.0281569566577673 -0.02359916269779205 
0.04549169540405273 0.01680539920926094 -0.05250878259539604 
0.02708019502460957 0.01849166490137577 -0.1260000020265579 
0.01317068375647068 -0.02627330832183361 -0.1319597512483597 
0.04632583260536194 0.002324375789612532 -0.051756851375103 
0.04518840461969376 -0.0175782460719347 -0.02884640730917454 
0.03342012315988541 -0.02216225117444992 -0.06168048083782196 
0.03105036541819572 -0.02413198724389076 -0.05831439048051834 
0.02952836640179157 -0.01042080204933882 -0.08529318124055862 
0.02320927008986473 -0.02274520881474018 -0.09823314845561981 
-0.0328085720539093 -0.03099101781845093 -0.1265889555215836 
0.03608487546443939 -0.02928444556891918 -0.07054080069065094 
0.01621378026902676 0.04536302015185356 -0.1075068265199661 
0.002457655034959316 -0.01800000108778477 -0.07861106097698212 
0.03524684906005859 0.03150000423192978 -0.06349942088127136 
0.03352586925029755 0.03469050675630569 -0.1013884469866753 
0.03553131222724915 0.01799999736249447 -0.09208522737026215 
0.03802603110671043 0.01782281696796417 -0.09386403113603592 
0.01407156791538 -0.02000000514090061 -0.07885976880788803 
0.01610761694610119 -0.01494900602847338 -0.09199998527765274 
0.04564128816127777 0.0163350086659193 -0.04688836634159088 
-0.007231993600726128 0.03698119521141052 -0.09649999439716339 
-0.002547433134168386 0.0004404722712934017 -0.1342999935150146 
-0.005980643909424543 -0.02988845482468605 -0.1260000020265579 
0.04472816735506058 0.009935616515576839 -0.05713529139757156 
0.003338236594572663 -0.02964505739510059 -0.09693890810012817 
0.0403929091989994 0.02638322487473488 -0.1223630607128143 
0.0101362057030201 0.04625022038817406 -0.121746189892292 
0.04814708232879639 0.003082759911194444 -0.110679879784584 
0.02918284200131893 -0.007755127269774675 -0.09199998527765274 
0.02570406161248684 0.03420866280794144 -0.1260000020265579 
0.03359127044677734 0.02083654701709747 -0.08776619285345078 
-0.02701630443334579 -0.01659225858747959 -0.08508533239364624 
-0.04151478409767151 0.02434777468442917 -0.1068667247891426 
0.03799999877810478 0.01437325403094292 0.003688833676278591 
-0.0176265649497509 -0.02033019065856934 -0.08292805403470993 
0.04245480895042419 0.0232933945953846 -0.07339632511138916 
0.03904737904667854 0.01200000010430813 0.00448213703930378 
-0.04811515659093857 -0.003598632290959358 -0.108809769153595 
-0.02198534458875656 0.0197669193148613 -0.1277263611555099 
0.04536932334303856 -0.01709181442856789 -0.0290796123445034 
0.04207294061779976 0.02316232770681381 -0.09981294721364975 
0.03996532037854195 -0.02745851501822472 -0.02321253903210163 
0.013192318379879 0.004795168992131948 -0.09199999272823334 
0.04587969928979874 -0.0004107932036276907 -0.1256514638662338 
-0.03286609053611755 0.03529636189341545 -0.106290191411972 
0.03633334115147591 0.013147815130651 -0.09962271153926849 
0.01584252901375294 0.0271000824868679 -0.1260000020265579 
-0.002345558721572161 0.005225975997745991 -0.09199998527765274 
0.03747924417257309 0.02745778858661652 -0.055308997631073 
0.04225706681609154 0.002487375633791089 -0.1276219487190247 
0.04049891605973244 0.01639769971370697 -0.06223922222852707 
0.03985000401735306 -0.009951876476407051 -0.001287354854866862 
0.03799999877810478 0.02355447970330715 0.01641678065061569 
-0.01692349091172218 0.02828093990683556 -0.09649999439716339 
0.02854959852993488 -0.007306694053113461 -0.1300698518753052 
-0.01930104196071625 -0.02104452252388 -0.09258461743593216 
-0.02777870371937752 0.03289716318249702 -0.130500003695488 
0.0421229675412178 0.01472965348511934 -0.1260000020265579 
0.03707577288150787 -0.01155964098870754 -0.1260000020265579 
0.04829190671443939 -0.001996885519474745 -0.06799255311489105 
0.03243131935596466 0.0107077294960618 -0.06000001356005669 
-0.01803961396217346 -0.000131543492898345 -0.09199998527765274 
0.00996273010969162 0.04625022411346436 -0.1228629946708679 
-0.03300928324460983 -0.02809060364961624 -0.1261035650968552 
-0.01902518607676029 -0.04372465237975121 -0.1031999960541725 
0.03600962460041046 0.02033919095993042 -0.02901646122336388 
0.03390000015497208 0.008030818775296211 -0.03202907741069794 
0.02771482430398464 0.009877497330307961 -0.1301068365573883 
0.04323882982134819 -0.02153356745839119 -0.05284164845943451 
0.01471384055912495 0.04564778879284859 -0.1047264784574509 
-0.04621434211730957 0.01377612352371216 -0.1117742508649826 
0.03152593597769737 -0.03652423992753029 -0.1143677681684494 
0.03390000015497208 0.02074811235070229 -0.004029440693557262 
0.02273980155587196 -0.0424502044916153 -0.1231999769806862 
0.009532850235700607 -0.04624981433153152 -0.10120989382267 
-0.00637397263199091 -0.04634977132081985 -0.1071862727403641 
0.04654154926538467 -0.01360997464507818 -0.003446676768362522 
0.03390000015497208 0.00796313863247633 -0.01995604485273361 
-0.02202166244387627 -0.0428057387471199 -0.1175583153963089 
0.004930108785629272 0.03385601937770844 -0.1356673091650009 
-0.03093761391937733 0.03698595613241196 -0.1252714395523071 
0.04556408524513245 0.01560116093605757 -0.1103239804506302 
0.04020103812217712 -0.02702441811561584 -0.08821824193000793 
0.02443733625113964 0.01639315485954285 -0.06223448365926743 
-0.0005338005139492452 -0.03294819593429565 -0.09649999439716339 
-0.02479706704616547 -0.04095806181430817 -0.1000582426786423 
0.04832135513424873 0.002012420678511262 -0.053230881690979 
0.03390000015497208 -0.01597420126199722 0.00442746514454484 
0.04673872888088226 -0.01266291085630655 -0.03259935230016708 
-0.02932688966393471 -0.009722685441374779 -0.09963462501764297 
0.04641055315732956 0.0140446275472641 -0.0263613723218441 
0.01045110821723938 0.01627578586339951 -0.08698643743991852 
0.03698436543345451 -0.02004173770546913 -0.09320981055498123 
0.02488368190824986 0.03957264125347137 -0.1026038751006126 
-0.03775391355156898 -0.00606759637594223 -0.1259999871253967 
-0.02029673755168915 0.01811791583895683 -0.08699999749660492 
-0.004844572395086288 0.04659474268555641 -0.1260000020265579 
0.03390000015497208 -0.02535290457308292 0.01164053287357092 
0.03390000015497208 -0.02890848554670811 0.01463394239544868 
-0.04811409115791321 0.002920479048043489 -0.1098838895559311 
0.03901349008083344 -0.02788133919239044 -0.0009999958565458655 
-0.02641429752111435 -0.03374436870217323 -0.1260000020265579 
0.04108023270964622 -0.02178688906133175 -0.02462459355592728 
-0.005179134663194418 -0.02922634780406952 -0.09640885889530182 
0.03823968023061752 -0.01399999298155308 0.005695287603884935 
0.03655882924795151 -0.02649808302521706 -0.06057343631982803 
0.04440416395664215 -0.01357812713831663 -0.04447109624743462 
0.006112360395491123 0.01799999736249447 -0.0717456117272377 
0.04110251739621162 -0.01399999298155308 -0.02128668874502182 
0.04628316685557365 -0.003929510712623596 -0.08969893306493759 
0.03799999877810478 -0.008753230795264244 0.02495092898607254 
0.0003522755578160286 0.01403448637574911 -0.08499998599290848 
0.04232531040906906 -0.01758419722318649 -0.0706646740436554 
0.01153780985623598 0.04625024646520615 -0.1177019327878952 
-0.02600865252315998 -0.0209733285009861 -0.08764518797397614 
0.00427528889849782 0.04588529840111732 -0.130500003695488 
0.03799999877810478 -0.01438613422214985 0.01150958798825741 
0.03390000015497208 0.0002846810966730118 0.009677670896053314 
0.04253309220075607 0.02276445366442204 -0.1031687259674072 
-0.01037969347089529 -0.02000000514090061 -0.0798763781785965 
0.04143192246556282 0.02471364289522171 -0.1034213751554489 
-0.01051778718829155 -0.02749842405319214 -0.1276493221521378 
-0.008802670985460281 0.03527439758181572 -0.09649999439716339 
0.02724361605942249 0.02292212843894958 -0.09638504683971405 
0.03011749126017094 -0.01800000108778477 -0.07227158546447754 
-0.04474625736474991 0.01765953004360199 -0.1041622683405876 
0.03390000015497208 0.01984747126698494 0.01611077971756458 
0.02685583755373955 -0.01288679055869579 -0.09329414367675781 
0.03380610048770905 -0.02000000514090061 -0.07169966399669647 
0.04810591787099838 0.001940718037076294 0.001000008196569979 
-0.02936502732336521 0.02223206870257854 -0.1260000020265579 
0.04408334940671921 -0.0146266408264637 -0.07700935751199722 
0.01753635331988335 -0.03709647804498672 -0.09649999439716339 
0.03239297494292259 -0.01164811290800571 -0.08499998599290848 
0.04576759040355682 0.01490273140370846 -0.1139470040798187 
0.02692513167858124 0.02285149320960045 -0.09637099504470825 
0.03390000015497208 -0.01547181606292725 -0.02330447547137737 
0.04079997539520264 -0.01200000382959843 -0.02060600742697716 
0.03563152998685837 -0.03281879052519798 -0.03808073699474335 
0.008353612385690212 -0.03213541582226753 -0.1260000020265579 
0.03875664249062538 0.02908693626523018 -0.08649004250764847 
0.01419575419276953 -0.01639986224472523 -0.08699999004602432 
0.03132175654172897 -0.02094199322164059 -0.09535044431686401 
0.03756267577409744 -0.01720842905342579 -0.06306078284978867 
0.0442856140434742 -0.01395615004003048 -0.080325648188591 
-0.04299389570951462 0.01172969583421946 -0.1260000020265579 
0.02571677975356579 0.02647190168499947 -0.09649999439716339 
0.04289637506008148 -0.004461418371647596 -0.0009999958565458655 
0.0007015983574092388 -0.04669283702969551 -0.104874275624752 
0.02309746667742729 -0.01112904772162437 -0.09199998527765274 
0.02209794521331787 0.02469194680452347 -0.1294373124837875 
-0.04046202078461647 -0.02532394044101238 -0.1258656978607178 
0.03393899276852608 -0.0150406900793314 0.03021372109651566 
-0.01857251673936844 -0.04404805600643158 -0.09649998694658279 
-0.01446635834872723 0.01286782696843147 -0.1343000084161758 
-0.002222990151494741 0.02648382447659969 -0.1343000084161758 
0.03390000015497208 -0.008475257083773613 0.003617674112319946 
0.03095805086195469 -0.02556720748543739 -0.08615775406360626 
-0.02644609473645687 0.01432918757200241 -0.1260000020265579 
0.0002697114832699299 0.02269920520484447 -0.09199998527765274 
0.03381681814789772 0.01084932219237089 -0.06000001356005669 
0.03228617459535599 0.007086123805493116 -0.08649999648332596 
0.03799999505281448 -0.02705677226185799 -0.004598961211740971 
0.0358845591545105 -0.00470422999933362 -0.05849999934434891 
0.03390000015497208 -0.009581875056028366 -0.01589879021048546 
-0.04706669226288795 0.01061415486037731 -0.1066708415746689 
-0.01946601644158363 -0.03938946127891541 -0.0964999794960022 
0.03390000015497208 -0.02253060415387154 0.01908950321376324 
-0.02410250902175903 0.02664359286427498 -0.09649998694658279 
0.01459485571831465 0.004180267453193665 -0.1343000084161758 
-0.03304847329854965 0.02859637327492237 -0.130500003695488 
0.04497608169913292 0.01157260686159134 -0.08066071569919586 
-0.01931176334619522 -0.04407307505607605 -0.1043283194303513 
-0.004103233106434345 0.02121862396597862 -0.08699999004602432 
-0.01519775204360485 0.04575991630554199 -0.1236712783575058 
0.02379544079303741 -0.01743053458631039 -0.08337937295436859 
-0.01039325725287199 0.02755310013890266 -0.1317064613103867 
-0.006492788437753916 -0.04633619263768196 -0.1190443485975266 
0.03598502278327942 0.01799999736249447 -0.07225359976291656 
0.03799999877810478 -0.02763960883021355 0.007162817288190126 
0.02673954702913761 0.03841051086783409 -0.1018712595105171 
0.03799999505281448 0.02117058634757996 0.01151252072304487 
0.03799999877810478 0.007872392423450947 0.01339540258049965 
0.03390000015497208 0.005506382323801517 0.01056752540171146 
-0.02600709348917007 -0.01945975981652737 -0.09204111993312836 
0.04489231109619141 -0.005430762656033039 -0.0009999958565458655 
-0.01003017835319042 -0.02083877101540565 -0.08376284688711166 
-0.02140951715409756 -0.0229458175599575 -0.1277000159025192 
0.0473383441567421 -0.01049750298261642 -0.06186642497777939 
0.01539892237633467 0.0008353041484951973 -0.1343000084161758 
0.04589167237281799 -0.01537297759205103 -0.04429816454648972 
0.02877615578472614 0.007772264070808887 -0.09575185924768448 
0.00117498729377985 0.04669304937124252 -0.1227882653474808 
0.04679115861654282 -0.01215724740177393 -0.09122979640960693 
0.03063728287816048 -0.00302978977560997 -0.09300000220537186 
0.04266931116580963 -0.02258784137666225 -0.08659853786230087 
0.008087640628218651 0.01799999549984932 -0.07573007047176361 
0.03818618133664131 0.02981974370777607 -0.042885422706604 
-0.02726349420845509 0.03692302107810974 -0.1271329820156097 
-0.02459380775690079 -0.01313397008925676 -0.134300023317337 
0.02224800363183022 0.04168425500392914 -0.1015594154596329 
0.03580052778124809 0.03150000423192978 -0.08401906490325928 
0.001633358420804143 -0.02994188852608204 -0.1000000014901161 
0.04611332714557648 0.01380285993218422 -0.1238006800413132 
0.04318513348698616 0.02189768105745316 -0.07318252325057983 
0.03262615203857422 -0.02016890421509743 -0.08227977156639099 
-0.03508302569389343 0.03301245719194412 -0.09970307350158691 
-0.01219010539352894 0.01799999736249447 -0.08106414973735809 
0.03390000015497208 -0.01741443946957588 -0.02512385323643684 
0.04398607835173607 -0.00655971746891737 0.001000008196569979 
-0.0191347561776638 -0.02612551674246788 -0.09815756231546402 
0.03476383164525032 0.02815516106784344 -0.09649998694658279 
0.03390000015497208 0.003015548223629594 -0.02272485941648483 
0.01332492660731077 -0.02000000514090061 -0.06826456636190414 
0.04646073654294014 0.01347589492797852 -0.06973624974489212 
0.0346643403172493 0.01075683068484068 0.0320943184196949 
0.03538963198661804 -0.02841224335134029 -0.06073134392499924 
0.02148820646107197 0.01784254796802998 -0.08226780593395233 
0.01308260671794415 0.02000549994409084 -0.08159478008747101 
-0.003874528687447309 0.04663556069135666 -0.1036321967840195 
0.03799999877810478 -0.00463258707895875 0.01916081085801125 
-0.001002798089757562 0.04416094720363617 -0.09895232319831848 
0.03491102904081345 -0.02000000514090061 -0.06929348409175873 
-0.01060501486063004 -0.02005624771118164 -0.08175966143608093 
-0.03652263805270195 0.007973019033670425 -0.1000000014901161 
-0.005365665070712566 0.03547810390591621 -0.1335009038448334 
0.02665751241147518 0.01854664459824562 -0.05792723968625069 
-0.01635375618934631 0.02092672884464264 -0.08384189754724503 
-0.03931001573801041 0.008321590721607208 -0.1000000089406967 
0.03028956614434719 -0.009281588718295097 -0.08521153777837753 
0.04570145159959793 -0.002262648660689592 -8.30242206575349e-05 
0.00440229382365942 -0.03394810855388641 -0.1260000020265579 
-0.01635838486254215 -0.02321475371718407 -0.09257893264293671 
0.01897642016410828 0.02788415737450123 -0.130500003695488 
0.03799999877810478 0.01974809542298317 -0.02418896555900574 
0.02947853319346905 -0.02190146781504154 -0.06196635961532593 
0.0406348779797554 0.02600401639938354 -0.1254504472017288 
0.042105782777071 0.01400000415742397 0.004693086259067059 
0.02609110623598099 -0.01275319512933493 -0.08622728288173676 
0.02262299507856369 0.01799999736249447 -0.07245843112468719 
0.02024107426404953 0.0192901249974966 -0.09234051406383514 
0.03389999642968178 -0.0242580808699131 -0.001801554695703089 
0.03005559556186199 -0.03764922171831131 -0.1210388690233231 
0.01623355224728584 -0.04015280306339264 -0.1260000020265579 
0.0440218523144722 0.008456341922283173 -0.06041372567415237 
-0.04683255404233932 0.01150541566312313 -0.1130616515874863 
0.0356379859149456 -0.003107192693278193 -0.08649999648332596 
-0.03498779237270355 -0.03319299966096878 -0.1083752438426018 
0.0425834059715271 0.01200000010430813 0.01836150139570236 
-0.003602289594709873 -0.0009093238040804863 -0.09199998527765274 
0.03711164742708206 -0.03090149909257889 -0.0965166762471199 
0.04490277171134949 -0.01175101846456528 -0.04976334050297737 
-0.02978548035025597 0.03710658475756645 -0.1261285990476608 
0.01184168271720409 0.0259319581091404 -0.1332999914884567 
0.03879021108150482 0.02899551764130592 -0.09801046550273895 
-0.009534641169011593 0.04616611450910568 -0.1307249963283539 
0.04594858735799789 0.01525264233350754 -0.05808632075786591 
0.04570427536964417 -0.01563392207026482 -0.08193422108888626 
0.005847110413014889 -0.04640992730855942 -0.1133122444152832 
0.01140999607741833 0.02618829719722271 -0.1332999914884567 
0.04640427604317665 0.001983211608603597 -0.03888207674026489 
0.006372603122144938 0.02000000327825546 -0.07001293450593948 
-0.0204465426504612 -0.04358739405870438 -0.1053771525621414 
0.03546807169914246 0.01746970787644386 -0.09483730792999268 
0.02551029622554779 -0.01476001366972923 -0.1282385587692261 
-0.002236608415842056 -0.02284268476068974 -0.08487623929977417 
-0.02841572649776936 -0.02605108357965946 -0.1277000159025192 
-0.02151205390691757 0.04042730107903481 -0.130500003695488 
0.0393180176615715 -0.01020980719476938 -0.08649998903274536 
0.02909515425562859 0.02610750682651997 -0.09649998694658279 
0.0002247393131256104 -0.01800000108778477 -0.07488808780908585 
-0.007771271280944347 0.0321064293384552 -0.09649999439716339 
0.04593627899885178 -0.01200000382959843 -0.009995165280997753 
0.04314061254262924 0.009622683748602867 -0.03380336239933968 
0.03752266243100166 0.02240291982889175 -0.08671823143959045 
0.03107145987451077 -0.02412991598248482 -0.08649999648332596 
-0.03799999877810478 -0.02912080846726894 -0.09808924794197083 
-0.0480988621711731 0.003417504951357841 -0.115547277033329 
0.02136957459151745 0.01999999955296516 -0.06886336952447891 
0.03799999877810478 -0.01832077279686928 0.01954852789640427 
0.03844157233834267 -0.02943412214517593 -0.02359252423048019 
-0.0249688383191824 0.01617685332894325 -0.09276849776506424 
0.03390000015497208 0.004302279558032751 -0.03021877817809582 
-0.02135548368096352 0.04306827485561371 -0.1237954199314117 
-0.04570740461349487 -0.01531494408845901 -0.1097446084022522 
0.03390000015497208 0.004658776335418224 -0.005804418586194515 
-0.04712658375501633 -0.01007308159023523 -0.1004189699888229 
0.02015720494091511 0.02073649503290653 -0.08723995834589005 
0.03866259008646011 -0.02567499130964279 -0.1259999871253967 
0.03799999877810478 0.007525169756263494 -0.02667786926031113 
0.01721854135394096 0.02151385694742203 -0.08700917661190033 
0.006201071664690971 0.01286763790994883 -0.1343000084161758 
0.003110533114522696 -0.001912636682391167 -0.09199998527765274 
0.03799999877810478 0.006278527900576591 -0.01429105270653963 
0.03626474738121033 -0.007174956612288952 -0.06000000983476639 
0.03800000250339508 -0.02759606391191483 0.009843276813626289 
0.03799999877810478 -0.01739669963717461 0.008776700124144554 
0.02007750049233437 -0.02202000841498375 -0.09856896102428436 
0.04310370981693268 0.01691196672618389 -0.08058217912912369 
0.03965724259614944 -0.005232325755059719 -0.08649999648332596 
-0.03969159722328186 0.01326867658644915 -0.1000000014901161 
0.04221506789326668 0.01125698536634445 0.002285707974806428 
0.03708874434232712 -0.01265021599829197 -0.05849999934434891 
0.03537097945809364 0.03278949111700058 -0.1221019476652145 
0.02100938744843006 -0.002537444233894348 -0.09199997782707214 
0.04410926252603531 0.01448474545031786 -0.08139508962631226 
0.04771273955702782 0.008518674410879612 -0.09298662841320038 
0.03651993349194527 0.003113475395366549 -0.03473105654120445 
0.03514459729194641 0.02675619907677174 0.01974580623209476 
0.02576635591685772 -0.01429779268801212 -0.1267186403274536 
0.03966354951262474 -0.02743875794112682 -0.1126045435667038 
0.01879610866308212 0.0111265629529953 -0.1343000084161758 
0.03350819647312164 -0.00659743370488286 -0.06000000983476639 
0.00342374574393034 0.03831537812948227 -0.1263757795095444 
0.04830165207386017 0.002425485057756305 -0.04818708449602127 
0.0174772571772337 0.01799999736249447 -0.08045646548271179 
0.02956661581993103 -0.03803052753210068 -0.1172763034701347 
0.03799999877810478 -0.020986407995224 -0.003810846479609609 
-0.01632664538919926 -0.02500094659626484 -0.09986497461795807 
0.03799999505281448 0.002149388659745455 0.006752649322152138 
0.008062965236604214 -0.02000000327825546 -0.0794699490070343 
-0.00982145220041275 -0.01800000108778477 -0.07885604351758957 
0.00134200369939208 0.0215618871152401 -0.09199998527765274 
0.0417274609208107 0.004268460441380739 -0.03472109511494637 
0.03660240024328232 0.02860345505177975 -0.08934346586465836 
0.02993878349661827 -0.0004770375089719892 -0.1000000014901161 
-0.04706066101789474 -0.0105249835178256 -0.1088045388460159 
0.03616603463888168 -0.02918973751366138 -0.0753343254327774 
0.03534802049398422 0.01799999736249447 -0.04711957275867462 
0.03649540990591049 -0.03158532083034515 -0.08170048892498016 
-0.008146888576447964 0.01799999736249447 -0.0812879204750061 
0.006325033493340015 0.02152797020971775 -0.08433985710144043 
0.02754733897745609 0.03193227201700211 -0.1268463730812073 
0.02965592220425606 -0.02000000514090061 -0.06860963255167007 
0.01396720204502344 0.04094874486327171 -0.130500003695488 
-0.0006132191047072411 0.020466523244977 -0.08699999004602432 
0.03773143142461777 -0.03015253692865372 -0.06174657493829727 
0.04660434648394585 0.01200000010430813 -0.005601375363767147 
0.03859606757760048 0.01400000415742397 0.02443416602909565 
0.002037917030975223 0.04599999636411667 -0.09743297100067139 
0.03785708546638489 -0.008656073361635208 0.02892907336354256 
0.03651665896177292 -0.02869304642081261 -0.03989109769463539 
0.02398935705423355 -0.0218503475189209 -0.09720171988010406 
0.03390000015497208 0.01298810634762049 -0.03065509349107742 
-0.006722886115312576 0.02000000327825546 -0.07653479278087616 
0.04632941633462906 0.003008538857102394 -0.07788299024105072 
-0.01510060485452414 -0.02937967330217361 -0.09649998694658279 
0.04702141135931015 -0.01081500202417374 -0.1149306893348694 
0.04357738792896271 -0.02093521878123283 -0.0401945672929287 
-0.004661081358790398 0.02906633540987968 -0.1320252418518066 
-0.02814038842916489 0.001869623782113194 -0.1343000084161758 
0.03516088426113129 0.02966842986643314 -0.06155044957995415 
0.02258459106087685 0.01897522807121277 -0.1286639273166656 
0.002116755582392216 -0.04258299991488457 -0.09649998694658279 
-0.03945016860961914 0.02772029861807823 -0.1231903806328773 
0.04695872962474823 -0.01165945921093225 -0.08616523444652557 
0.03772816807031631 -0.02000000700354576 -0.09188535809516907 
-0.02794813551008701 -0.03649390116333961 -0.1260000020265579 
0.04209937155246735 0.005204008892178535 -0.08649998903274536 
0.04146377369761467 0.02512162365019321 -0.02672762796282768 
-0.001080760965123773 0.04456528276205063 -0.130500003695488 
0.04507649317383766 -0.007310952059924603 -0.03528326749801636 
0.04709853231906891 -0.01142082363367081 -0.03730819001793861 
0.03669559955596924 -0.03133269399404526 -0.06178577616810799 
0.046271912753582 -0.004502095747739077 -0.04700598865747452 
-0.02574375458061695 -0.03608763217926025 -0.09649998694658279 
0.04558462649583817 -0.009165547788143158 -0.09061224758625031 
0.01922039315104485 -0.02000000514090061 -0.06938119232654572 
0.01170695573091507 0.0220834594219923 -0.08680729568004608 
0.04615293070673943 -0.005465906113386154 -0.04962614178657532 
0.007406845688819885 -0.02158921584486961 -0.09199999272823334 
0.04608243331313133 0.01200000010430813 -0.02246814966201782 
0.03390000015497208 0.01101167872548103 -0.006765291094779968 
0.04262981191277504 0.02131921425461769 -0.1000000014901161 
0.001188874244689941 0.0213129073381424 -0.0841660350561142 
0.04464013129472733 0.0125481178984046 -0.04389810934662819 
0.03227831423282623 0.02662232518196106 -0.12828429043293 
0.03799999877810478 0.01141761243343353 0.0253345537930727 
0.003328741760924459 0.003352885600179434 -0.09199998527765274 
0.03851413726806641 0.007599173579365015 -0.09649998694658279 
0.03489605337381363 0.00411634286865592 -0.1260000020265579 
0.001382811926305294 -0.02000000514090061 -0.07503937184810638 
0.03800000250339508 0.02489328943192959 0.01159517467021942 
0.04498495906591415 -0.01721441932022572 -0.1150409951806068 
0.03086010552942753 0.03602701053023338 -0.09433736652135849 
0.03937975317239761 -0.008906755596399307 -0.03170593082904816 
-0.03503003343939781 -0.01765086874365807 -0.1260000020265579 
-0.0212048627436161 0.03471428155899048 -0.1289999932050705 
0.03799999877810478 0.01976705342531204 -0.0237217340618372 
-0.01259404700249434 -0.02278356999158859 -0.1343000084161758 
0.04820678010582924 0.0004235324449837208 -0.1243689507246017 
0.04500199109315872 0.003397025167942047 -0.03536095097661018 
0.03799999877810478 0.01068561337888241 0.00899247732013464 
-0.03257866203784943 0.03558758646249771 -0.1225741356611252 
-0.0205930657684803 -0.02254033274948597 -0.08624789863824844 
-0.005172779783606529 0.02019263245165348 -0.08257860690355301 
0.005986244417726994 -0.02707755006849766 -0.134300023317337 
-0.03758497536182404 -0.03065061382949352 -0.09722290933132172 
0.03303741291165352 0.01439736410975456 -0.06040943413972855 
0.03799999877810478 0.02831056155264378 -0.004180164076387882 
0.03571406751871109 0.004402120597660542 -0.09999999403953552 
0.02756934612989426 -0.01147043518722057 -0.09511309862136841 
-0.04651683568954468 -0.01258007436990738 -0.1058435365557671 
0.01348523516207933 -0.01907984912395477 -0.08699999004602432 
0.03508499264717102 -0.03343759104609489 -0.007473236881196499 
0.04300680756568909 -0.02216732501983643 -0.03422914817929268 
-0.004510332830250263 -0.03587454184889793 -0.1260000020265579 
0.04438230767846107 0.007525346707552671 -0.05798958241939545 
-0.01965179108083248 -0.03720615804195404 -0.09649998694658279 
0.03901126608252525 -0.02433952689170837 0.001000008196569979 
0.01940746977925301 0.02000000141561031 -0.0672353208065033 
0.03657545894384384 -0.03146417438983917 -0.123752698302269 
0.03756548464298248 0.02721613645553589 -0.06888315081596375 
0.0467509850859642 -0.01234251726418734 -0.08124081790447235 
0.03390000015497208 -0.03339286521077156 -0.01905296929180622 
0.04044420272111893 -0.01200000382959843 0.009473580867052078 
0.02173997461795807 -0.03025344014167786 -0.1260000020265579 
0.03088655509054661 0.01067889295518398 -0.08650000393390656 
0.03799999877810478 0.007124195341020823 0.02341089583933353 
0.03559695184230804 0.02970624342560768 -0.06260083615779877 
0.03799999877810478 -0.01459808368235826 0.01432525366544724 
0.002047232817858458 0.02579061314463615 -0.134300023317337 
0.03389620408415794 -0.03456586226820946 -0.09735318273305893 
0.04526179656386375 0.007026669103652239 -0.1259999871253967 
-0.003287925850600004 0.04344823956489563 -0.1262214332818985 
0.01628931239247322 0.03283417969942093 -0.130500003695488 
0.03799999877810478 0.03002307377755642 -0.001807614346034825 
0.03948269411921501 0.02815424837172031 -0.02585229650139809 
-0.009288158267736435 0.03514695912599564 -0.0964999794960022 
-0.01096787210553885 0.01745627261698246 -0.08699998259544373 
0.04729502275586128 -0.01057724934071302 -0.09309429675340652 
0.0390833280980587 0.02828070521354675 -0.1049342006444931 
0.04608217254281044 -0.01484781783074141 -0.04231623187661171 
0.02273047901690006 -0.04250698164105415 -0.1174264848232269 
0.03986369073390961 -0.02761266939342022 -0.05607597902417183 
0.03524128720164299 0.03150000423192978 -0.01887114904820919 
-0.02887567318975925 0.03848584741353989 -0.1207463443279266 
0.03468091413378716 0.02376664243638515 0.02403831109404564 
-0.009024824947118759 0.04625000059604645 -0.1085570380091667 
0.02960610203444958 -0.03807110711932182 -0.1092439442873001 
0.04184728488326073 0.02441828884184361 -0.08578308671712875 
0.01218185294419527 0.01178363617509604 -0.09199998527765274 
0.02974303811788559 0.02009794674813747 -0.05366701632738113 
0.04630376771092415 -0.003690683981403708 -0.07549785077571869 
0.03983191028237343 -0.02260278910398483 -0.07134672999382019 
-0.003926543984562159 -0.01814982295036316 -0.08699999004602432 
0.007099819369614124 -0.01800000108778477 -0.07468010485172272 
0.04066884145140648 -0.01200000382959843 0.02281295135617256 
0.043846745043993 0.01547426544129848 -0.08962846547365189 
-0.04163345322012901 -0.00160740758292377 -0.1277000159025192 
0.02180022932589054 0.0003146813251078129 -0.09199998527765274 
0.03183639794588089 0.01373055577278137 -0.06015782803297043 
-0.01888503134250641 -0.04450897499918938 -0.09812624752521515 
-0.02657962217926979 -0.01866608858108521 -0.09563478827476501 
-0.04760099202394485 -0.007846185937523842 -0.1042998135089874 
0.04792555421590805 0.0070951865054667 -0.05308867990970612 
-0.0225487444549799 -0.03188511356711388 -0.09649999439716339 
0.03952812403440475 0.01387343741953373 -0.08499999344348907 
0.04760315641760826 0.009172969497740269 -0.0765642449259758 
-0.02009791880846024 0.01616534776985645 -0.08453735709190369 
-0.03743986040353775 0.03038642928004265 -0.1197690814733505 
0.02217170223593712 -0.01800000108778477 -0.0754271075129509 
0.01629700511693954 -0.04284506663680077 -0.1260000020265579 
0.02391295880079269 -0.01622175797820091 -0.1334960460662842 
0.03390000015497208 -0.02043296582996845 -0.01356393285095692 
-0.020107327029109 0.0393790602684021 -0.1262561976909637 
0.02912765368819237 -0.01336410734802485 -0.08499997854232788 
0.04410506039857864 0.007226796355098486 -0.1260000169277191 
0.03799999877810478 0.02015005797147751 -0.01493068225681782 
0.0337686762213707 -0.03439531475305557 -0.1072236821055412 
0.00499951746314764 0.03775092959403992 -0.1274158656597137 
0.02934935130178928 0.002807975979521871 -0.1313202679157257 
0.0384209007024765 -0.02926967665553093 -0.09965072572231293 
0.04672489687800407 0.01295987237244844 -0.01629982516169548 
0.04289277270436287 -0.02219882979989052 -0.0916399359703064 
-0.02444550395011902 -0.002848831471055746 -0.1343000084161758 
0.02708921395242214 0.03814129903912544 -0.102356992661953 
0.0117854755371809 -0.03804662823677063 -0.1260000020265579 
0.01143707986921072 -0.02067273296415806 -0.09199998527765274 
0.03390000015497208 -0.007464076392352581 0.02367442101240158 
0.03390000015497208 0.0003304914571344852 -0.02228836715221405 
-0.0247268583625555 0.03870812803506851 -0.1264835894107819 
0.01005953550338745 0.02766298875212669 -0.1274767071008682 
0.04697417095303535 -0.01206413935869932 -0.02253578789532185 
0.02937481179833412 0.01468407083302736 -0.1000000014901161 
0.03871718794107437 0.02068047225475311 -0.07176470756530762 
0.0245528370141983 0.02946036867797375 -0.1263304352760315 
0.02604943886399269 -0.01725481823086739 -0.08364206552505493 
0.03390000015497208 0.0001277414266951382 0.0163559727370739 
0.03799999877810478 0.01190387550741434 -0.01306448318064213 
0.0006721977842971683 0.03808264434337616 -0.1341541111469269 
-0.03819363564252853 -0.02416842803359032 -0.1000000014901161 
-0.0326911173760891 0.02213805168867111 -0.1260000020265579 
0.03471094369888306 -0.02000000514090061 -0.07169423997402191 
0.03914475068449974 0.01391303725540638 -0.06021742522716522 
-0.01181636564433575 -0.03854075819253922 -0.1260000169277191 
-0.0289272665977478 -0.003626592690125108 -0.09199997782707214 
0.01905647851526737 -0.0175807848572731 -0.08308682590723038 
0.01252767164260149 -0.01076265797019005 -0.09199998527765274 
0.04140256717801094 -0.01200000382959843 0.006772104650735855 
0.01302079297602177 -0.02788590081036091 -0.1260000020265579 
0.03362103179097176 0.02000000141561031 -0.04232281446456909 
-0.02488173358142376 -0.01633699238300323 -0.08705104142427444 
0.03390000015497208 -0.009162049740552902 0.0248933844268322 
0.03232119232416153 0.02121284790337086 -0.0626690685749054 
0.003232650458812714 0.01941586285829544 -0.07023667544126511 
0.04748257622122765 0.009866642765700817 -0.0955716073513031 
0.04449127241969109 -0.01930629462003708 -0.07227753847837448 
-0.002951202914118767 -0.01762764155864716 -0.1343000084161758 
0.0377245619893074 -0.03019607253372669 -0.09072155505418777 
0.0335492342710495 0.03150000423192978 -0.05966338515281677 
-0.01408757828176022 0.03425942361354828 -0.1289999932050705 
0.01676855236291885 0.01799999736249447 -0.07358990609645844 
-0.02733127400279045 -0.01091241277754307 -0.1275755763053894 
0.01697759330272675 0.04536996781826019 -0.09728184342384338 
0.04102326184511185 -0.02511399425566196 -0.1145631670951843 
0.04071490094065666 0.003521690377965569 -0.0007922060904093087 
0.03181200474500656 0.02615600079298019 -0.1277429610490799 
-0.03222907334566116 0.01165212038904428 -0.1260000020265579 
0.03390000015497208 0.02451613545417786 0.00449658278375864 
0.03799999877810478 0.02739639952778816 0.003088452154770494 
0.01494058221578598 0.03969046473503113 -0.09649998694658279 
-0.04696602374315262 -0.01088262535631657 -0.114842489361763 
0.03630122914910316 0.0265347883105278 -0.0580395981669426 
-0.02832493744790554 -0.03670429065823555 -0.09649998694658279 
-0.006529259029775858 0.03865877166390419 -0.1322694271802902 
0.03509404882788658 -0.02674247696995735 -0.08649999648332596 
0.03700458630919456 0.02803665399551392 -0.0751439705491066 
-0.009152653627097607 -0.02823560126125813 -0.09258461743593216 
0.03390000015497208 0.003258251352235675 -0.03053208999335766 
0.03267779946327209 0.02000000141561031 -0.07956089824438095 
0.0465974397957325 0.01310321316123009 -0.06033113971352577 
0.02500184066593647 -0.01737546175718307 -0.05967065691947937 
-0.03516848385334015 0.03300841897726059 -0.1091366484761238 
0.01278034038841724 0.02576505765318871 -0.1339968591928482 
-0.02182141505181789 0.04302744194865227 -0.1008978486061096 
0.03717461228370667 -0.0160299576818943 -0.09607194364070892 
-0.0178153645247221 -0.005032767076045275 -0.1343000084161758 
0.02729710377752781 -0.01396974641829729 -0.05894934386014938 
-0.03177095949649811 0.01799999549984932 -0.09109648317098618 
0.04377817735075951 -0.0116491885855794 -0.03385636210441589 
0.04111003875732422 -0.01200000382959843 -0.006108254194259644 
-0.01604166068136692 -0.04543960839509964 -0.1084700673818588 
0.03390000015497208 -0.005349042825400829 0.003736983053386211 
-0.04017211124300957 9.299651719629765e-05 -0.1000000089406967 
0.04284259304404259 0.01720722019672394 -0.08109816163778305 
0.03708247095346451 0.03123756498098373 -0.06033483892679214 
0.04360399767756462 0.01843876577913761 -0.1000000014901161 
0.03912878036499023 -0.012000004760921 -0.02624284848570824 
0.04615263640880585 0.005596158560365438 -0.08035977184772491 
0.04790983349084854 -0.006589969620108604 -0.06994853913784027 
0.001514626434072852 -0.02172396332025528 -0.09199998527765274 
0.02409603446722031 -0.01692298427224159 -0.1302426904439926 
0.03494782745838165 -0.02909557148814201 0.01679051481187344 
0.02253237366676331 -0.03574571385979652 -0.1260000020265579 
0.03473840653896332 0.002401884645223618 -0.08499998599290848 
0.004589574411511421 0.02669166028499603 -0.09203505516052246 
0.001075607724487782 -0.01010635960847139 -0.09199998527765274 
0.04828862100839615 0.002358675701543689 -0.05820491537451744 
0.0255107544362545 0.01718546077609062 -0.05916782468557358 
0.03481900319457054 0.01105233002454042 -0.1000000089406967 
0.03346720337867737 0.01799999736249447 -0.0797417163848877 
0.007225298788398504 0.04174815863370895 -0.1327402293682098 
0.04065942764282227 0.0141107402741909 -0.00364325987175107 
0.03799999877810478 -0.02421808987855911 -0.009679703041911125 
0.03799999877810478 -0.02819289825856686 0.007919499650597572 
0.008423589169979095 -0.002459618728607893 -0.09199997782707214 
0.03799999877810478 0.02255851030349731 0.003854642622172832 
0.02786337397992611 -0.01075634825974703 -0.0935264527797699 
0.004420118406414986 -0.01800000108778477 -0.08071205765008926 
0.01114308834075928 -0.02000000700354576 -0.07198682427406311 
0.03774477541446686 -0.01494712103158236 -0.08653155714273453 
0.0364595390856266 0.01641364395618439 -0.05624417960643768 
-0.03535735979676247 0.01799999736249447 -0.0883297324180603 
-0.01732854917645454 -0.04343409091234207 -0.1013735085725784 
0.034230075776577 0.02000000141561031 -0.04664119705557823 
0.04271179437637329 -0.02247338183224201 -0.0575101412832737 
0.04635544121265411 0.01396000664681196 -0.0506330132484436 
0.04086127877235413 0.01799560710787773 -0.09165455400943756 
-0.02876077592372894 0.03501126542687416 -0.0964999794960022 
0.001136088627390563 0.04669304937124252 -0.1095920503139496 
0.008132130838930607 -0.02858066000044346 -0.09403333067893982 
0.00763679388910532 -0.04624979570508003 -0.1161281764507294 
-0.01952049881219864 0.02595813944935799 -0.1000000014901161 
-0.002520428504794836 0.006496340036392212 -0.09199998527765274 
0.02369234710931778 0.04202650859951973 -0.1252351999282837 
-0.01513898745179176 -0.02362149767577648 -0.1332951188087463 
0.01648644171655178 -0.01643373817205429 -0.1343000084161758 
0.02414173632860184 -0.02518849074840546 -0.1277000159025192 
0.001326610217802227 0.04201274365186691 -0.1271555870771408 
0.03591640293598175 0.02468015253543854 -0.02517156861722469 
0.02395592257380486 -0.04187698289752007 -0.1238158047199249 
-0.0007489705458283424 0.01798488758504391 -0.1343000084161758 
0.006720432080328465 0.01799999736249447 -0.08015799522399902 
0.03272493928670883 -0.01800000108778477 -0.06933611631393433 
0.02682440914213657 0.02399999462068081 -0.08540001511573792 
0.04396151751279831 0.01400000415742397 -0.01208804547786713 
0.0175893809646368 0.0377160832285881 -0.1271900534629822 
-0.04602691531181335 0.01442142110317945 -0.1213880255818367 
0.03313399851322174 0.001791299902833998 -0.08649999648332596 
-0.04338192194700241 -0.02103010937571526 -0.1200630366802216 
0.04537851363420486 -0.00957242026925087 -0.04049336165189743 
0.04227450489997864 -0.01639106310904026 -0.05583243072032928 
-0.001131009892560542 0.04625009745359421 -0.1267473101615906 
-0.001242307829670608 -0.04517762362957001 -0.09649999439716339 
-0.01267524436116219 -0.01907960511744022 -0.07554667443037033 
0.02697787247598171 -0.03757239505648613 -0.09425166249275208 
0.02705307118594646 -0.01164886169135571 -0.1275214403867722 
0.03799999877810478 0.009653600864112377 -0.004517286084592342 
0.02782783657312393 0.02585692517459393 -0.130500003695488 
-0.02482375130057335 0.01573530957102776 -0.1263712346553802 
0.001201043371111155 -0.01104409247636795 -0.1343000084161758 
-0.0277022197842598 0.03539904952049255 -0.1265232414007187 
0.03778142854571342 -0.009546758607029915 -0.08499998599290848 
0.001028045080602169 -0.02000000327825546 -0.07691629230976105 
0.03390000015497208 0.01132960431277752 0.002653688192367554 
-0.003115545958280563 0.02000000141561031 -0.07922787964344025 
-0.04423157125711441 0.01927300170063972 -0.117259293794632 
-0.004810998681932688 0.04773742705583572 -0.129345566034317 
0.02785876765847206 0.009563629515469074 -0.1283111572265625 
-0.001177961938083172 -0.02169934287667274 -0.08699892461299896 
0.007273097522556782 0.04253000020980835 -0.1333852559328079 
0.02380181849002838 -0.02227426879107952 -0.06154306977987289 
0.00464252382516861 0.02146418020129204 -0.09199999272823334 
0.04627606645226479 -0.003738564439117908 -0.05569915473461151 
0.03935476019978523 -0.01167451869696379 -0.0964999794960022 
0.0340559184551239 0.01737718284130096 -0.09497199952602386 
0.0308839101344347 0.02551766484975815 -0.08563818037509918 
-0.04688782244920731 -0.01117813028395176 -0.1196884140372276 
0.04565184563398361 0.01634820550680161 -0.03425627201795578 
0.03999669104814529 0.00173876341432333 -0.1277000159025192 
-0.0133579820394516 0.03500369191169739 -0.09649998694658279 
0.008466835133731365 0.04516423866152763 -0.1280378103256226 
0.0258345790207386 0.01965529657900333 -0.05885009467601776 
-0.01471719052642584 0.03170759975910187 -0.1282486468553543 
-0.04805687442421913 0.003837516065686941 -0.1048038303852081 
-0.03699910640716553 -0.03096897900104523 -0.1068885400891304 
0.04779969900846481 -0.006890086457133293 -0.09277874231338501 
-0.01667942851781845 -0.02475881204009056 -0.09862058609724045 
0.03022203035652637 -0.009382661432027817 -0.08516186475753784 
-0.03228708356618881 -0.03609051182866096 -0.09727442264556885 
-0.01740158349275589 0.03074661828577518 -0.0964999794960022 
-0.00202741683460772 0.03295429795980453 -0.1380810737609863 
-0.004362952895462513 0.03196074068546295 -0.09756365418434143 
0.03288907185196877 -0.01612509042024612 -0.06195519119501114 
-0.02818847261369228 0.03037461824715137 -0.09806259721517563 
-0.04734466597437859 0.009290112182497978 -0.1080960556864738 
-0.01204773038625717 -0.02712606824934483 -0.09597702324390411 
-0.02760419994592667 0.01799999736249447 -0.09182046353816986 
-0.02528617158532143 -0.01508958265185356 -0.1285917013883591 
0.02698370814323425 -0.01269185170531273 -0.1260000020265579 
0.04608270525932312 0.01199999917298555 -0.02083297446370125 
-0.03636262565851212 0.03091490641236305 -0.1260000020265579 
0.03799999877810478 -0.004046854563057423 0.02456523478031158 
-0.0184885635972023 0.04434783756732941 -0.1176891028881073 
-0.02989109605550766 -0.03524592146277428 -0.1260071247816086 
-0.01574739068746567 0.0223350003361702 -0.08672299236059189 
0.01278641726821661 -0.0270252414047718 -0.09723314642906189 
0.04041410610079765 0.02634916082024574 -0.1143382266163826 
0.001968052238225937 0.02313871681690216 -0.09199997782707214 
0.03390000015497208 -0.01051484793424606 -0.01362578198313713 
-0.0009419249836355448 0.04625010117888451 -0.1264984458684921 
0.01116866990923882 -0.01800000108778477 -0.0726386159658432 
0.02143130823969841 0.02000000141561031 -0.07920446991920471 
0.02020427584648132 -0.02620450034737587 -0.09979407489299774 
-0.02363965287804604 -0.04161840677261353 -0.1000000014901161 
-0.0070182872004807 -0.02895190753042698 -0.09898154437541962 
0.02853962033987045 0.008329099975526333 -0.09962640702724457 
0.04164411127567291 0.009603161364793777 0.001215207390487194 
0.04531379789113998 -0.0163734145462513 -0.1164316385984421 
-0.01241470221430063 0.04622370004653931 -0.117197185754776 
-0.04366564005613327 0.02033079415559769 -0.1255349516868591 
0.03426503390073776 0.02037297189235687 -0.08301863074302673 
-0.0418088361620903 -0.001354013453237712 -0.1000000089406967 
0.03457353264093399 0.03150000423192978 -0.02993774972856045 
0.03975340723991394 0.02776321768760681 -0.09777827560901642 
0.04139088094234467 -0.02483847737312317 -0.07635986059904099 
0.04541151225566864 0.01696817949414253 -0.08403330296278 
-0.02796398289501667 -0.008990155532956123 -0.1297463327646255 
-0.02963788993656635 -0.02735938690602779 -0.0964999794960022 
0.03438957780599594 0.008813695050776005 -0.06000000983476639 
0.0435515008866787 -0.003718249499797821 0.0004467182734515518 
0.0282209999859333 -0.03894763067364693 -0.1211656928062439 
0.01146147772669792 0.02000000141561031 -0.07917265594005585 
-0.02451177313923836 -0.03856886178255081 -0.0964999794960022 
0.005579524673521519 0.03858074545860291 -0.09649998694658279 
-0.006832203827798367 -0.04629741609096527 -0.1139623746275902 
-0.02072372660040855 0.02529398538172245 -0.1000000014901161 
0.03626455739140511 -0.0321020744740963 -0.01249008812010288 
0.03602904826402664 -0.007205402012914419 -0.08499998599290848 
-0.04691034555435181 -0.01092088595032692 -0.1003802269697189 
0.03681223094463348 -0.0265263132750988 -0.0577736496925354 
-0.02940800040960312 -0.01719856634736061 -0.08372572064399719 
0.03868471086025238 0.02914982289075851 -0.0002288199175382033 
0.03629721701145172 0.000778203655499965 0.0320180170238018 
-0.04476835578680038 0.003405014518648386 -0.1000000014901161 
-0.004119184799492359 -0.04595454037189484 -0.1257953941822052 
0.04790855199098587 -0.005821118596941233 -0.09498278051614761 
0.03390000015497208 -9.791748016141355e-05 0.0162014327943325 
-0.0138962659984827 -0.01434217486530542 -0.134300023317337 
0.03427591174840927 0.03150000423192978 -0.06047222018241882 
-0.03363541141152382 -0.007793056778609753 -0.1260000020265579 
0.009185452945530415 -0.01800000108778477 -0.08044451475143433 
-0.02177504822611809 -0.0186616312712431 -0.1340631991624832 
-0.03998005390167236 -0.003760121297091246 -0.1260094046592712 
0.04593709111213684 -0.007049506064504385 -0.03918716311454773 
-0.03692422434687614 0.03105632774531841 -0.1188241764903069 
-0.0100798737257719 0.03333032876253128 -0.1267356127500534 
-0.006051278673112392 0.04723545163869858 -0.1299631297588348 
-0.007467825431376696 -0.02256834879517555 -0.08668426424264908 
0.03544776886701584 0.002546556992456317 -0.03476573526859283 
0.04469316825270653 0.01881618611514568 -0.07470376044511795 
0.002567376708611846 0.02871257439255714 -0.1334235817193985 
0.02073248103260994 -0.01049467548727989 -0.09199998527765274 
0.04258051514625549 -0.01200000382959843 0.004583015106618404 
0.03231591731309891 0.02047348767518997 -0.06352223455905914 
0.03742180019617081 -0.0273982398211956 -0.07878118008375168 
0.0166027694940567 -0.01974016241729259 -0.134300023317337 
0.03799999877810478 -0.004891671240329742 -0.027265764772892 
0.00644989125430584 0.02877730876207352 -0.1313212215900421 
0.03799999877810478 -0.0207812637090683 -0.00274195708334446 
0.02863363176584244 0.01905096881091595 -0.05533560365438461 
0.03473799675703049 -0.03366947174072266 -0.073701411485672 
0.03705938532948494 -0.02800507098436356 -0.0458809919655323 
-0.02730383537709713 0.01799999736249447 -0.09010375291109085 
0.03799999877810478 -0.009013835340738297 -0.0246943011879921 
0.01328588835895061 0.03932410851120949 -0.130500003695488 
0.03799999877810478 -0.02364873141050339 -0.01191660575568676 
0.04595278203487396 0.01376207172870636 0.006860675290226936 
0.0479915551841259 -0.004775974899530411 -0.1220370531082153 
-0.03796176239848137 -0.0297351386398077 -0.118617907166481 
0.03784580156207085 0.02295447140932083 -0.09639148414134979 
-0.0239848829805851 0.03105536289513111 -0.1262328922748566 
-0.0103483647108078 0.01400000415742397 -0.08508311212062836 
0.01612147316336632 0.01999999955296516 -0.07557302713394165 
-0.02388971671462059 0.02011813223361969 -0.08216147124767303 
-0.04180137440562248 0.02395395003259182 -0.1226084381341934 
0.04394383355975151 0.01096627116203308 -0.06073694676160812 
0.04270154982805252 -0.01162716094404459 0.002734825713559985 
0.04668167978525162 0.01203949842602015 -0.1068880259990692 
0.04219864308834076 0.0238320417702198 -0.05688445642590523 
0.0007436010055243969 0.04424542561173439 -0.1295550465583801 
0.02375967241823673 -0.01836684346199036 -0.08780872076749802 
-0.02497624233365059 -0.02064653299748898 -0.09750553965568542 
0.03390000015497208 0.006973044015467167 0.0315982960164547 
0.04008112475275993 0.002487710444256663 -0.1276230663061142 
0.04691935330629349 0.01202405709773302 -0.06216523796319962 
-0.01698426529765129 0.03046353533864021 -0.1267455667257309 
0.02687793970108032 0.02114426158368587 -0.08744552731513977 
-0.0226889755576849 -0.02000000700354576 -0.07979703694581985 
0.0224461518228054 0.01696348376572132 -0.09242796152830124 
0.04820263385772705 0.0007061557262204587 -0.117414802312851 
-0.04616059362888336 0.01402019523084164 -0.1031777113676071 
-0.03216487541794777 -0.003125052433460951 -0.1264178156852722 
0.005586933344602585 0.0363074503839016 -0.1380658745765686 
0.0457984060049057 0.002165693789720535 -0.0003749579191207886 
0.03390000015497208 -0.02741944417357445 -0.01091570034623146 
0.01597803086042404 -0.0001174304634332657 -0.09199998527765274 
-0.02311189845204353 0.03444557264447212 -0.0964999794960022 
0.03799999877810478 0.009733034297823906 0.009033672511577606 
-0.02608842775225639 -0.01736929640173912 -0.1000000014901161 
0.01905266009271145 0.04213554412126541 -0.130500003695488 
-0.02076203003525734 0.04360510036349297 -0.09751135110855103 
0.008781232871115208 0.03956172987818718 -0.1260000020265579 
0.03987224400043488 0.01103424094617367 -0.002062961691990495 
0.04417909309267998 -0.01987635344266891 -0.05895078927278519 
-0.02759640663862228 0.03636417537927628 -0.1276192367076874 
0.01025655679404736 0.02105269953608513 -0.08699999004602432 
0.02724570780992508 -0.0397549569606781 -0.1086781695485115 
0.04154520854353905 -0.01200000382959843 -0.01214487291872501 
-0.005036271642893553 0.04190594330430031 -0.1286333799362183 
0.007158645428717136 -0.01267382130026817 -0.09199997782707214 
0.01800319738686085 -0.04456423223018646 -0.122724175453186 
0.04823244363069534 -0.004795580171048641 -0.03330895304679871 
0.04316439852118492 0.009311852045357227 -0.03162010014057159 
0.02729988656938076 -0.02312632091343403 -0.1271227896213531 
0.03488237038254738 -0.02025830745697021 -0.0942985862493515 
0.005468199960887432 0.03586430475115776 -0.1375597566366196 
0.03799999877810478 0.01173022296279669 -0.006682996638119221 
-0.01395102590322495 0.02951300144195557 -0.09931538999080658 
0.03799999877810478 -0.005379321984946728 -0.01179889496415854 
0.03478354960680008 0.02243398502469063 -0.09628795832395554 
0.04645384848117828 -0.0009360908297821879 -0.06318355351686478 
0.01898758858442307 -0.02967669442296028 -0.1260000020265579 
0.04478470608592033 -0.01166033744812012 -0.09446676820516586 
0.02842474542558193 -0.01800000108778477 -0.07882959395647049 
0.04012983292341232 0.01998397335410118 -0.02616641670465469 
0.02850136533379555 0.01114271208643913 -0.08596865832805634 
0.0287172794342041 0.006418544333428144 -0.1274227201938629 
0.04344446957111359 0.0001067081102519296 -0.1000000014901161 
0.04585648328065872 0.007622812874615192 -0.04555795341730118 
0.04385417327284813 0.02060632407665253 -0.07440464198589325 
-0.01966960355639458 -0.02476036734879017 -0.1000000089406967 
0.03188574314117432 -0.01800000108778477 -0.06564374268054962 
0.03552368655800819 -0.02000000514090061 -0.04304356127977371 
0.03146422281861305 -0.0198524072766304 -0.1260000020265579 
0.02361956425011158 0.02364074438810349 -0.08650000393390656 
0.008673413656651974 0.01163791678845882 -0.1342999935150146 
0.02789691835641861 -0.03924836590886116 -0.1134996563196182 
-0.01794910430908203 -0.03397773206233978 -0.1260000020265579 
0.03597326949238777 -0.03197937831282616 0.005245945416390896 
0.03390000015497208 0.01177399419248104 -0.007219881750643253 
-0.0003187330439686775 0.01799999549984932 -0.07446484267711639 
0.04823146387934685 -0.001257646246813238 -0.1240619122982025 
0.0005130118224769831 -0.007368703838437796 -0.09199999272823334 
-0.009182782843708992 -0.04522502049803734 -0.1260000020265579 
0.02757922932505608 -0.02026266790926456 -0.08271265029907227 
0.01306614186614752 -0.02000000514090061 -0.07858150452375412 
0.03800000250339508 -0.005964640993624926 0.02749968878924847 
0.04163168370723724 -0.02442297339439392 -0.08453939855098724 
0.04118543490767479 -0.02520982548594475 -0.08188752830028534 
-0.01334564574062824 0.04110891371965408 -0.1260000020265579 
0.03982720151543617 0.02254494093358517 -0.07304978370666504 
0.03764474764466286 -0.0298911165446043 0.006040496751666069 
0.01346413232386112 0.01352431252598763 -0.09199998527765274 
-0.02251189947128296 0.02311364747583866 -0.1277000159025192 
0.01699402928352356 0.01999999955296516 -0.0767003670334816 
0.02711798995733261 0.02000000141561031 -0.07610850781202316 
0.03390000015497208 -0.008123138919472694 -0.02377426810562611 
-0.02497639134526253 -0.02084638364613056 -0.09523633867502213 
0.03414560109376907 0.02017716690897942 -0.08255781233310699 
0.03799999877810478 0.01044002082198858 0.0239693745970726 
0.003546063788235188 -0.0005868496373295784 -0.1343000084161758 
-0.01329094916582108 0.03009970486164093 -0.1000000014901161 
0.0351017564535141 0.02000000141561031 -0.04911288619041443 
-0.02261471934616566 -0.02950748987495899 -0.09649998694658279 
0.04769779741764069 -0.007275072392076254 -0.1074859499931335 
0.03390000015497208 0.008989280089735985 0.008256643079221249 
-0.02357111871242523 0.01598478108644485 -0.08672217279672623 
0.02888791263103485 0.007123247720301151 -0.09736061096191406 
-0.03597079589962959 0.005626094527542591 -0.1000000089406967 
0.03390000015497208 -0.01734204217791557 -0.01447578892111778 
-0.03348952904343605 0.01773366518318653 -0.08522684872150421 
0.03199023380875587 0.008080855943262577 -0.1000000014901161 
0.04246634244918823 0.02333643473684788 -0.0514012947678566 
-0.01133793406188488 0.02858063019812107 -0.1000000014901161 
-0.02623570337891579 -0.01343358308076859 -0.1312260180711746 
-0.0356336236000061 -0.007945294491946697 -0.1000000014901161 
0.0008823731914162636 0.04022546112537384 -0.1304999887943268 
0.03390000015497208 0.005424556322395802 -0.01726588420569897 
0.03390000015497208 -0.02084486000239849 -0.005037290044128895 
0.009224608540534973 -0.04624977707862854 -0.106558233499527 
0.03799999877810478 -0.0163537822663784 0.01467334385961294 
0.03739500790834427 -0.02758246287703514 -0.06769803166389465 
0.03312080726027489 0.01999999955296516 -0.04961540549993515 
0.01396152563393116 -0.01438881736248732 -0.1343000084161758 
0.03902741149067879 0.02413287758827209 -0.0009999958565458655 
0.04634176194667816 -0.0133229922503233 -0.1112017780542374 
-0.03788523375988007 0.02626195549964905 -0.0964999794960022 
-0.003322312142699957 -0.02954335324466228 -0.0928569883108139 
0.02553653903305531 -0.04031934216618538 -0.08727119863033295 
0.03799999505281448 0.01548453234136105 0.003795524360612035 
0.0446757897734642 -0.01880090869963169 -0.09402228146791458 
0.03641171380877495 0.03165744245052338 -0.1013220697641373 
0.04074740037322044 -0.02627217024564743 -0.03833204507827759 
0.04510260000824928 0.01400000415742397 -0.01985893025994301 
-0.01201478857547045 -0.01399999391287565 -0.08624039590358734 
-0.01259831339120865 0.01429870165884495 -0.08649999648332596 
0.03146695718169212 0.01390620227903128 -0.06019546091556549 
-0.005800781305879354 0.04463667422533035 -0.09649998694658279 
0.004400460515171289 -0.02137711644172668 -0.08699999004602432 
0.03800032287836075 -0.02444352023303509 -0.02682790532708168 
-0.04679893329739571 -0.01151404622942209 -0.1064238548278809 
0.03991959244012833 0.004729882348328829 -0.09649998694658279 
-0.04471249878406525 -0.01794004254043102 -0.1095113307237625 
0.03824193403124809 0.0003206552937626839 -0.09649998694658279 
0.04546387493610382 0.008771014399826527 -0.0827016681432724 
0.03390000015497208 -0.02893580496311188 0.009659803472459316 
-0.0003700472298078239 -0.02817287296056747 -0.09246903657913208 
0.01008689217269421 0.04028666764497757 -0.1289999932050705 
0.03390000015497208 0.02618737332522869 -0.007390070706605911 
0.0003198203630745411 -0.007723212242126465 -0.09199998527765274 
0.03032517991960049 0.0371326357126236 -0.1278890371322632 
0.02615872025489807 0.01361951231956482 -0.1275601238012314 
0.03799999505281448 -0.01165369153022766 0.01981525495648384 
0.03482997789978981 -0.02945790253579617 -0.06097587570548058 
0.0180963072925806 -0.002593148965388536 -0.1343000084161758 
0.04682159423828125 0.01171764638274908 0.002952491864562035 
0.04544392973184586 0.01693408191204071 -0.06346501410007477 
0.03746028244495392 -0.01295885071158409 -0.08649999648332596 
0.03799999877810478 0.02878211438655853 -0.004248164594173431 
0.03443151339888573 0.01580936461687088 -0.09631526470184326 
-0.02218397334218025 0.01415191404521465 -0.09199998527765274 
0.03172730654478073 -0.03392807766795158 -0.08435507863759995 
0.04785872250795364 -0.007705219555646181 -0.04396594315767288 
0.01848556473851204 -0.007200826890766621 -0.1343000084161758 
-0.007220907602459192 0.01570846512913704 -0.09199998527765274 
-0.01766797341406345 0.01939136348664761 -0.09199998527765274 
0.04048717767000198 0.01720458455383778 -0.0009999958565458655 
0.03305194154381752 -0.02000000700354576 -0.08041467517614365 
0.03817319497466087 -0.01200000382959843 0.01584995537996292 
0.03799999877810478 0.004708561114966869 -0.01839490234851837 
0.01900314725935459 0.008495587855577469 -0.1343000084161758 
-0.02031251788139343 0.04354618117213249 -0.1157438457012177 
0.02866194024682045 -0.03893689066171646 -0.09483382850885391 
-0.006097598932683468 -0.01746516115963459 -0.09199997782707214 
0.02835579216480255 0.01396437454968691 -0.1000000014901161 
-0.02556906268000603 -0.01465718820691109 -0.1296941936016083 
0.01899757422506809 0.02931901812553406 -0.1276745796203613 
0.01272769551724195 -0.02597998827695847 -0.09258461743593216 
0.04448140412569046 0.01324893720448017 -0.06892792880535126 
0.04631638526916504 -0.001576870097778738 -0.08260662108659744 
0.04662789031863213 0.01330845896154642 -0.005397164728492498 
0.03558873385190964 -0.0143114160746336 -0.09937624633312225 
0.03390000015497208 0.00344163691624999 0.006072067655622959 
0.03707467764616013 -0.0309258084744215 -0.08205993473529816 
-0.02539089135825634 -0.02769920602440834 -0.09649998694658279 
-0.01584630645811558 -0.02700726315379143 -0.1000000014901161 
-0.0196781363338232 0.02043075114488602 -0.08714105188846588 
-0.001408878481015563 -0.03434497117996216 -0.1277000159025192 
0.04499903321266174 -0.01799602806568146 -0.0578530989587307 
-0.02655944414436817 0.0180086512118578 -0.1000000089406967 
0.03646298497915268 0.03183348849415779 -0.09805090725421906 
0.02443056367337704 -0.01745249703526497 -0.06024568900465965 
0.04570991918444633 0.0159713551402092 -0.08089438080787659 
-0.02170305885374546 0.007929838262498379 -0.09199997782707214 
-0.03800000250339508 -0.02143132500350475 -0.09844180196523666 
0.04633826017379761 -0.002032706514000893 -0.06237807869911194 
0.01299596577882767 -0.01970813423395157 -0.08699998259544373 
0.03271393477916718 0.005418531596660614 -0.1260000020265579 
0.03851383179426193 -0.02589534409344196 -0.09394045174121857 
-0.04501112550497055 0.01720769889652729 -0.1132151782512665 
0.01611892692744732 0.01799999736249447 -0.06986670196056366 
0.03068065270781517 -0.02478170394897461 -0.1260000020265579 
-0.003250891342759132 0.040447898209095 -0.126549631357193 
0.01916227489709854 0.01799999736249447 -0.06901999562978745 
0.006441048812121153 -0.02000000700354576 -0.0729878842830658 
-0.02935825474560261 0.007482695858925581 -0.1000000089406967 
0.03390000015497208 0.007136933039873838 0.01537494547665119 
0.01038831751793623 0.04625019431114197 -0.1119856983423233 
0.03800000250339508 0.01556505914777517 0.01761364750564098 
0.009561361744999886 0.01799999736249447 -0.06957149505615234 
0.04060033708810806 -0.02579710446298122 -0.115917980670929 
0.02384311705827713 0.01842621341347694 -0.06079600006341934 
-0.004074970260262489 -0.01034091226756573 -0.1343000084161758 
0.01675990596413612 0.0151871656998992 -0.09199997782707214 
-0.003567175008356571 -0.02000000514090061 -0.08061742782592773 
-0.03799999877810478 -0.02764716371893883 -0.09848324209451675 
0.04782085865736008 0.006417893338948488 -0.1016256809234619 
0.03019731491804123 0.01766647771000862 -0.08851146697998047 
0.008362831547856331 -0.02399999834597111 -0.08525212109088898 
-0.02660028077661991 0.01338302530348301 -0.09658315777778625 
0.04823311418294907 -0.003777233883738518 -0.04682227969169617 
0.002268688287585974 -0.02824797481298447 -0.1325000077486038 
0.04762091487646103 -0.007765230257064104 -0.1092415824532509 
0.03390000015497208 0.02332464978098869 -0.005703115835785866 
-0.03837558627128601 0.02918996289372444 -0.1204349026083946 
0.009516523219645023 -0.0471549928188324 -0.09967422485351562 
0.01363680884242058 -0.01800000108778477 -0.07992970943450928 
0.03799999877810478 0.002336065517738461 -0.03214477002620697 
0.03390000015497208 0.03323538973927498 0.003748040180653334 
0.0271877832710743 -0.01221822295337915 -0.09346671402454376 
0.04290320724248886 0.0158658754080534 -0.03333520144224167 
0.02096671424806118 -0.03368982300162315 -0.09649998694658279 
-0.01899178512394428 0.03485459089279175 -0.130500003695488 
0.03983980417251587 0.02269976958632469 -0.07816217094659805 
-0.01439218502491713 0.004064252600073814 -0.09199998527765274 
0.0004747582133859396 0.03212743252515793 -0.1277000308036804 
0.04095873236656189 0.003972413949668407 -0.08649998903274536 
0.03390000015497208 -0.01983365416526794 -0.0121157905086875 
-0.02604809775948524 0.01463852077722549 -0.09726253151893616 
0.03799999877810478 -0.006587980315089226 0.01853927411139011 
0.007601579651236534 -0.02694845944643021 -0.1328223794698715 
0.04117048159241676 0.02551325783133507 -0.06006454676389694 
-0.04191562533378601 0.02307006902992725 -0.1000345796346664 
-0.001880981842987239 -0.04839228466153145 -0.09841874986886978 
0.006179033312946558 -0.04637200385332108 -0.1036324426531792 
-0.02617283165454865 -0.01589833199977875 -0.1260000020265579 
-0.004920852836221457 -0.02906706929206848 -0.131189838051796 
0.03390000015497208 -0.03340101987123489 -0.0574382022023201 
-0.005198935978114605 0.04529143869876862 -0.09649999439716339 
-0.01941840350627899 0.01662964001297951 -0.1343000084161758 
0.02560144476592541 0.0242574866861105 -0.1278192698955536 
0.02565350756049156 -0.002843467984348536 -0.09199998527765274 
0.03390000015497208 -0.007058907765895128 0.02335004508495331 
-0.03255656734108925 0.01799999736249447 -0.09746655076742172 
0.04809605702757835 -0.003850537817925215 -0.1182599291205406 
-0.01380109786987305 0.03142466396093369 -0.130500003695488 
0.04669037461280823 0.01283392310142517 -0.06011917442083359 
0.03775034472346306 0.02017892152070999 -0.05300067365169525 
0.04790673404932022 0.007041447795927525 -0.07650542259216309 
0.03800000250339508 -0.01580222509801388 0.0228358656167984 
0.003270394867286086 0.02360900305211544 -0.09199998527765274 
-0.02005977928638458 -0.02158591710031033 -0.08709762990474701 
-0.02466773241758347 -0.02000000514090061 -0.08104290068149567 
-0.0432824119925499 0.02112296409904957 -0.1178223416209221 
-0.03380145877599716 -0.002164637204259634 -0.1276978552341461 
0.01608834974467754 0.03712556511163712 -0.1260000020265579 
0.02380653657019138 -0.0419638454914093 -0.1109202653169632 
0.01475765556097031 0.005619583185762167 -0.1343000084161758 
0.04054407030344009 0.01740538515150547 -0.08805287629365921 
-0.03052830882370472 -0.02066353335976601 -0.08794966340065002 
0.01392302103340626 0.01799999736249447 -0.06718301773071289 
0.005910590756684542 -0.0310235358774662 -0.1259999871253967 
0.03612953051924706 -0.02000000514090061 -0.04535196721553802 
0.03687121719121933 -0.03117546439170837 -0.09950427711009979 
0.04682007431983948 0.01238585449755192 -0.05969584733247757 
0.04129421710968018 -0.004146706312894821 -0.09649998694658279 
-0.0233403742313385 0.04105023294687271 -0.09649998694658279 
-0.009733899496495724 0.02301955409348011 -0.08659297227859497 
-0.007893867790699005 0.04601440578699112 -0.1313260048627853 
-0.04334679618477821 -0.009035202674567699 -0.09999999403953552 
-0.02275858819484711 -0.02214784920215607 -0.08469599485397339 
0.04675962775945663 0.01259418204426765 -0.06222095340490341 
0.03213247656822205 0.01902377605438232 -0.04792964830994606 
-0.004531648010015488 0.02019166201353073 -0.08257316797971725 
0.03411862626671791 0.01444646436721087 0.03059164248406887 
-0.02829059772193432 0.03075575456023216 -0.09905941784381866 
-0.02299544960260391 -0.02464957535266876 -0.0964999794960022 
0.04465267434716225 0.01891520619392395 -0.07326321303844452 
0.04120363295078278 -0.02154231630265713 -0.09373311698436737 
0.03390000015497208 0.00314605119638145 -0.01790949702262878 
0.04625857621431351 -0.004497181158512831 -0.09059078246355057 
0.03390000015497208 -0.03139996901154518 0.003408840857446194 
0.04328823834657669 0.01661446318030357 -0.06887881457805634 
0.003198542864993215 0.04669306054711342 -0.1000504195690155 
0.01226135808974504 0.04624383524060249 -0.106549508869648 
-0.03654926270246506 0.003552909009158611 -0.126055583357811 
0.04628998041152954 0.01199999917298555 -0.01900766789913177 
-0.04451922327280045 -0.01845750026404858 -0.1234941184520721 
0.01868414878845215 -0.02006994374096394 -0.08182288706302643 
0.003265321953222156 0.03946862742304802 -0.1349587738513947 
0.02004954963922501 -0.04191932082176208 -0.09386423230171204 
0.03922113031148911 0.01263122633099556 -0.0326225534081459 
0.03700000047683716 0.002258612075820565 -0.09919846057891846 
0.01911344565451145 -0.02224534377455711 -0.09258461743593216 
-0.01813438534736633 -0.04450565204024315 -0.1170651465654373 
-0.00456804595887661 -0.004872885998338461 -0.09199998527765274 
0.04576043784618378 -0.006922842003405094 -0.03639476746320724 
0.01992077194154263 0.03733864054083824 -0.130500003695488 
-0.0282079353928566 -0.0208798348903656 -0.09527944028377533 
0.0259094163775444 -0.01541422680020332 -0.05877165123820305 
0.00887167826294899 0.04548283293843269 -0.0963442474603653 
0.04558052867650986 -0.009198938496410847 -0.06493265181779861 
0.04821982979774475 0.001687627867795527 -0.1016687378287315 
0.03799999877810478 -0.002616772893816233 -0.02761881425976753 
0.04676143452525139 -0.01232290174812078 -0.07898420840501785 
-0.01997328922152519 -0.01800000108778477 -0.07816525548696518 
0.03996291011571884 0.01799999922513962 -0.05094408988952637 
0.009365278296172619 0.02237355709075928 -0.0867200642824173 
-0.03799999877810478 -0.02712930366396904 -0.098038449883461 
0.03799999877810478 0.02311496436595917 -0.002512258011847734 
0.03569701686501503 0.03150000423192978 -0.06100691109895706 
0.04605497047305107 -0.0149462791159749 -0.04093670099973679 
0.02437604404985905 -0.03935986757278442 -0.09381615370512009 
-0.03903956711292267 -0.008086429908871651 -0.1260000020265579 
0.03877266496419907 -0.0256381556391716 -0.04022863879799843 
0.01907144114375114 0.04170257225632668 -0.09649999439716339 
0.04627132415771484 0.01366961654275656 -0.1016229391098022 
0.04030240327119827 0.01237927656620741 -0.09649998694658279 
0.005526548251509666 -0.01800000108778477 -0.0732475072145462 
-0.03896229714155197 -0.02843892946839333 -0.1250337511301041 
0.001713076140731573 -0.02146390452980995 -0.1343000084161758 
0.04087867960333824 0.01017064228653908 -0.06000000983476639 
-0.03457182645797729 0.0006416654214262962 -0.1000000014901161 
0.03390000015497208 -0.004445522557944059 0.02960002794861794 
0.03390000015497208 -0.02746475860476494 -0.01746928691864014 
0.04739906638860703 -0.01025780104100704 -0.05479378998279572 
-0.001990583958104253 0.04634230583906174 -0.130500003695488 
0.03989393264055252 0.02754936553537846 -0.09731227159500122 
-0.01397561933845282 -0.02891050837934017 -0.09999999403953552 
0.004931853618472815 0.02567049115896225 -0.09199998527765274 
0.03832325339317322 0.01200000010430813 0.01349733211100101 
0.0110832005739212 0.03102279268205166 -0.130500003695488 
-0.02499928697943687 0.04126626625657082 -0.1103486269712448 
0.048231091350317 -0.001335948472842574 -0.1182544678449631 
0.03111669793725014 -0.03687290474772453 -0.1219966933131218 
0.04819159582257271 0.003388750832527876 -0.0707269161939621 
0.03410501033067703 -0.02141882106661797 -0.05606662482023239 
0.03799999877810478 0.005110627971589565 -0.03225157782435417 
0.03469065204262733 -0.007925384677946568 -0.1000000014901161 
0.03297083079814911 -0.0198576133698225 -0.04578951746225357 
-0.02862770110368729 -0.01800000108778477 -0.09113145619630814 
-0.01170281507074833 -0.005550541914999485 -0.09199998527765274 
-0.009755228646099567 -0.01621195115149021 -0.1343000084161758 
0.03666065260767937 0.01170601323246956 -0.09882885217666626 
0.04033105820417404 0.02687372639775276 -0.09219032526016235 
0.03951270505785942 0.02811569906771183 -0.06247890368103981 
0.04014844074845314 0.02720059640705585 -0.02590427175164223 
0.04542984068393707 -0.0003527248336467892 -0.0964999794960022 
0.01069795712828636 -0.02414510026574135 -0.09199997782707214 
-0.0176175981760025 0.003230414120480418 -0.09199998527765274 
0.02133380621671677 0.01393360458314419 -0.08542910218238831 
0.01045028585940599 0.0321543850004673 -0.1261168569326401 
0.03457624465227127 -0.03108751773834229 -0.03143574669957161 
0.02828694507479668 -0.01601441577076912 -0.05666013062000275 
-0.01999743096530437 0.02542826160788536 -0.1294965744018555 
0.02173372730612755 -0.0428992360830307 -0.1225996762514114 
0.03799654170870781 0.02971205860376358 -0.1081743389368057 
0.03795347362756729 -0.02977842651307583 -0.1094420030713081 
0.02505134418606758 0.01554049365222454 -0.1308845430612564 
-0.007300719618797302 -0.01800000108778477 -0.07807047665119171 
0.02674587070941925 0.03895014524459839 -0.1039923876523972 
-0.01123462151736021 -0.04625003784894943 -0.1034352704882622 
0.04646442085504532 -0.0007309342036023736 -0.05521929636597633 
-0.0277350191026926 -0.03803826868534088 -0.1260000020265579 
0.04190683364868164 -0.01801984384655952 -0.0009999958565458655 
0.03189912065863609 0.01767985336482525 -0.08854160457849503 
0.03390000015497208 0.004797655157744884 0.002464972902089357 
0.03563988208770752 -0.01961291022598743 0.02625854499638081 
0.04658162221312523 -0.01309819612652063 -0.05456383526325226 
0.03596897795796394 0.02932243794202805 -0.06591213494539261 
0.04422329738736153 0.01400000415742397 -0.02350692823529243 
-0.004682407714426517 0.00661427341401577 -0.1343000084161758 
0.02687443792819977 -0.02276909723877907 -0.08490453660488129 
-0.04435225576162338 0.01380791235715151 -0.1260000020265579 
0.02463881298899651 0.04095593094825745 -0.1280540078878403 
-0.02491526678204536 0.02243802696466446 -0.0962899774312973 
0.03427333012223244 -0.02346165291965008 -0.1260000020265579 
0.03840472176671028 0.002527849283069372 -0.0964999794960022 
-0.01703398115932941 0.02404670603573322 -0.128390446305275 
-0.0362476147711277 -0.01485935226082802 -0.09999999403953552 
0.01213325932621956 0.02399999648332596 -0.0852411687374115 
0.03916314244270325 -0.02852737903594971 -0.06660053133964539 
-0.03319242596626282 0.03496668860316277 -0.120658703148365 
0.03558646887540817 -0.00416913628578186 -0.05849999934434891 
0.03390000015497208 0.02829614840447903 0.006224393378943205 
0.03799999877810478 -0.02002294734120369 0.01240113191306591 
0.02805406600236893 -0.03902687877416611 -0.1253671944141388 
0.04834535717964172 0.001740807318128645 -0.06019864976406097 
-0.008476243354380131 -0.01800000108778477 -0.07556125521659851 
0.04093019664287567 -0.01445979624986649 0.002651838585734367 
0.04069158807396889 -0.02587108686566353 -0.1251666694879532 
0.03390000015497208 -0.006497859954833984 -0.007817758247256279 
0.04166530072689056 -0.005218112375587225 -0.0964999794960022 
-0.01522755343466997 0.0412391759455204 -0.09649998694658279 
0.03348599746823311 0.01590529456734657 -0.05677381902933121 
0.04524454846978188 -0.01031772699207067 -0.04521193727850914 
0.008436757139861584 0.01651331782341003 -0.134300023317337 
0.03902602195739746 -0.01200000382959843 0.01604759693145752 
0.03799999877810478 0.01733384653925896 -0.009031232446432114 
0.0436827763915062 -0.006170753389596939 -0.0009999958565458655 
0.04673979058861732 -0.01259074825793505 -0.04798242822289467 
-0.02268918231129646 0.03314432874321938 -0.1289999932050705 
0.0475899800658226 -0.009281554259359837 -0.0774373784661293 
-0.02133907563984394 -0.04322570189833641 -0.1035616919398308 
0.004164677113294601 -0.01800000295042992 -0.07305653393268585 
0.01995561085641384 0.01717115379869938 -0.1343000084161758 
0.03891127556562424 0.02888829261064529 -0.06602560728788376 
0.03698203340172768 -0.02001293003559113 -0.05003707110881805 
0.02311858721077442 0.03566966205835342 -0.130500003695488 
-0.0260249599814415 0.01147559564560652 -0.1343000084161758 
0.006586658768355846 -0.003769829869270325 -0.1343000084161758 
0.02388321980834007 -0.0395924337208271 -0.0964999794960022 
0.03799999877810478 -0.01186672411859035 0.02695418149232864 
0.03799999877810478 0.01007911842316389 -0.001587058650329709 
0.03961549326777458 0.02417651377618313 -0.06764054298400879 
-0.003668608143925667 -0.01655623689293861 -0.0842517614364624 
0.04743002727627754 -0.01011586748063564 -0.03320491313934326 
-0.01986552216112614 -0.02634952962398529 -0.1260000020265579 
0.03859149292111397 0.01433173567056656 -0.02573002316057682 
0.02103368006646633 0.04321195557713509 -0.120034746825695 
0.008055816404521465 -0.04624979197978973 -0.1019659340381622 
0.03390000015497208 -0.02275825291872025 -0.004179089330136776 
0.03731679543852806 -0.009546108543872833 0.02932147867977619 
0.03936163336038589 0.02280155941843987 -0.0866389274597168 
-0.03828665986657143 0.02930751815438271 -0.1110984832048416 
0.00945528969168663 0.04114275798201561 -0.1289999932050705 
-0.02853439003229141 -0.0150939803570509 -0.1260000020265579 
-0.02474002353847027 0.04022983089089394 -0.09649999439716339 
0.04547176882624626 -0.00947187002748251 -0.0476468950510025 
-0.03471338748931885 -0.02567859925329685 -0.0964999794960022 
-0.003725830931216478 0.04599999636411667 -0.09931424260139465 
0.02283688820898533 0.04240720719099045 -0.1253374069929123 
0.01974604092538357 -0.04387203976511955 -0.1066118776798248 
0.0269344300031662 -0.02014046348631382 -0.08214845508337021 
0.001663070637732744 -0.01399999298155308 -0.08543601632118225 
0.02394265122711658 0.03122209943830967 -0.130500003695488 
-0.008032646961510181 0.02104514837265015 -0.08394554257392883 
-0.04159218072891235 -0.01395021937787533 -0.09999999403953552 
0.04277083650231361 0.02230541966855526 -0.1177091598510742 
0.04760004580020905 0.009204111993312836 -0.05793174356222153 
0.04519413784146309 0.01759406551718712 -0.037105493247509 
0.01976129040122032 0.01799999736249447 -0.0772411972284317 
0.01902103424072266 -0.02590431086719036 -0.1000000014901161 
-0.04471401125192642 -0.006389832124114037 -0.1000000014901161 
0.005389178171753883 -0.002983527723699808 -0.1343000084161758 
-0.03431561589241028 0.02099933475255966 -0.1260000020265579 
0.03584257885813713 -0.03224701434373856 -0.1211138367652893 
-0.03676394745707512 -0.02411912195384502 -0.09649998694658279 
-0.0070735989138484 -0.04626984149217606 -0.1147798895835876 
0.02315963432192802 0.000722171738743782 -0.1343000084161758 
0.02745942957699299 -0.03984100371599197 -0.09475187957286835 
0.02651248499751091 -0.04028886556625366 -0.1068404316902161 
0.02934871986508369 -0.01800000108778477 -0.06932181119918823 
-0.02481935545802116 -0.03162758052349091 -0.0964999794960022 
0.03666849434375763 -0.02849826961755753 -0.04213168099522591 
-0.01074011530727148 0.04624997824430466 -0.1165850013494492 
-0.02205169759690762 0.01669102162122726 -0.0921517014503479 
0.02245564945042133 -0.02000000514090061 -0.070813849568367 
0.04643664136528969 -0.001285116886720061 -0.07045571506023407 
0.0349419042468071 0.02979944832623005 -0.0835597962141037 
0.002266604453325272 -0.02000000514090061 -0.07773083448410034 
0.04458263888955116 0.01305648125708103 -0.03977701812982559 
0.03673279657959938 0.02839458175003529 -0.03399543464183807 
-0.02290828712284565 0.005351975094527006 -0.09199999272823334 
0.03399635851383209 -0.01240932382643223 -0.08499998599290848 
0.03504964709281921 -0.01800000108778477 -0.06990067660808563 
-0.0466911792755127 -0.01198577880859375 -0.1232910752296448 
0.02966329082846642 0.003622246440500021 -0.0983629897236824 
-0.01071290392428637 0.04624998196959496 -0.108304962515831 
-0.01892231032252312 -0.008725903928279877 -0.09199998527765274 
0.04467600211501122 0.01200000010430813 -0.01789494045078754 
0.0324433222413063 -0.02339829877018929 -0.09647975862026215 
0.0366666205227375 -0.03136459738016129 -0.05569256469607353 
0.04525430500507355 -0.01049917563796043 -0.0728851705789566 
-0.04754207283258438 0.007873151451349258 -0.11878951638937 
0.03604540973901749 -0.0320737436413765 -0.1025956943631172 
-0.03312378749251366 0.02947415411472321 -0.130500003695488 
0.006071427837014198 0.01423032581806183 -0.09199998527765274 
0.0462007038295269 -0.004710671491920948 -0.03754986822605133 
0.04629947245121002 0.003064291551709175 -0.06876666843891144 
0.01805594936013222 0.04489273577928543 -0.09891831874847412 
-0.009541495703160763 -0.02313059195876122 -0.08492805063724518 
0.04161760956048965 0.02482375875115395 -0.03618127107620239 
0.02338666096329689 -0.0423029288649559 -0.08959849178791046 
0.01913300715386868 -0.04234107211232185 -0.0933716669678688 
0.005054134875535965 0.03204165399074554 -0.1290120333433151 
-0.03811097145080566 0.01846710033714771 -0.1000000089406967 
0.0150455329567194 0.02533829398453236 -0.1319585144519806 
0.0304963793605566 -0.03738587349653244 -0.1074334532022476 
0.01089413929730654 0.04625021666288376 -0.1112567558884621 
0.03719788417220116 -0.03075622767210007 -0.05836179107427597 
-0.03502907231450081 -0.002897529629990458 -0.1272491812705994 
0.04281706735491753 0.01400000415742397 -0.01175838336348534 
0.01691221445798874 0.02000000141561031 -0.06948955357074738 
-0.03579889610409737 0.03233657777309418 -0.1127526387572289 
0.03390000015497208 0.0277200173586607 0.009670623578131199 
0.03799999877810478 -0.01909509114921093 0.01720430701971054 
-0.02491135522723198 0.01644592732191086 -0.09634929895401001 
-0.04336059093475342 -0.01762730255723 -0.1038562059402466 
-0.02757824398577213 -0.03173491358757019 -0.1271481364965439 
0.02119075693190098 0.03485311195254326 -0.1289999932050705 
0.03834512457251549 0.01799999922513962 -0.06732558459043503 
0.008199824020266533 -0.02858209237456322 -0.09802810847759247 
-0.015768026933074 0.04459875822067261 -0.1007278561592102 
-0.005976591724902391 0.04639536887407303 -0.1130207031965256 
0.04439496621489525 0.0002053941425401717 -0.09996704012155533 
-0.03799999877810478 0.02013887278735638 -0.09695325046777725 
-0.02031354419887066 0.02186573296785355 -0.09536847472190857 
0.03799999505281448 -0.0300365537405014 -0.009178992360830307 
0.04788829758763313 0.007063373457640409 -0.07414776831865311 
-0.006272267550230026 0.03886141628026962 -0.1357138156890869 
0.03799999877810478 -0.02775609865784645 -0.00247094826772809 
0.01537846680730581 -0.0167694203555584 -0.09199999272823334 
-0.0015333560295403 -0.0352751687169075 -0.1277000159025192 
0.03799999877810478 -0.02325090393424034 -0.008635405451059341 
0.03487645834684372 0.03369897976517677 -0.005194401834160089 
-0.02144661545753479 -0.02081470564007759 -0.09349080175161362 
0.04628905281424522 0.01200000010430813 -0.02536364644765854 
0.02410405501723289 0.04179768264293671 -0.1030961573123932 
-0.01668416708707809 0.01799999736249447 -0.07768504321575165 
-8.064988651312888e-05 0.04442839697003365 -0.09725343436002731 
0.04150273650884628 -0.0245225764811039 -0.1049888581037521 
0.03390000015497208 -0.01325647346675396 0.005716469138860703 
0.02342990785837173 0.008434941992163658 -0.09199998527765274 
0.04664431139826775 0.0132324043661356 -0.003147474257275462 
0.03046548739075661 -0.01799999922513962 -0.07653870433568954 
0.03390000015497208 -0.0306254718452692 -0.01511347759515047 
0.03390000015497208 -0.0117416325956583 -0.02147617936134338 
0.006546895019710064 0.03344795852899551 -0.130862295627594 
0.03390000015497208 0.01735777221620083 -0.003643408184871078 
0.03416900709271431 -0.007016789168119431 -0.1000000014901161 
-0.002532931044697762 0.01938999444246292 -0.07216120511293411 
-0.006671300623565912 0.03694747015833855 -0.1290000081062317 
0.01595103368163109 -0.04507899284362793 -0.1258680075407028 
0.03840222582221031 0.0295422151684761 -0.01993618533015251 
0.03945473581552505 0.01082816533744335 -0.001856889110058546 
0.04582031816244125 -0.01521226298063993 -0.09150111675262451 
-0.02853205241262913 -0.01413192413747311 -0.1000000014901161 
0.03390000015497208 0.01316569745540619 0.02602084167301655 
0.03000333346426487 0.007467520888894796 -0.1260000020265579 
0.0178068894892931 -0.02392209507524967 -0.09493741393089294 
0.03390000015497208 0.03068912960588932 -0.001302300021052361 
0.03390000015497208 -0.01400475390255451 -0.003938381560146809 
0.014121288433671 0.02000000141561031 -0.07092370837926865 
0.04041890054941177 -0.012000004760921 -0.01856182888150215 
0.04286515340209007 -0.02224612236022949 -0.09043032675981522 
0.04780272394418716 -0.006851229351013899 -0.08747978508472443 
0.03763845190405846 0.02724589966237545 -0.03164106607437134 
0.03799999877810478 0.00610791239887476 0.003614286426454782 
0.04105762019753456 0.02569298818707466 -0.06325650215148926 
0.03658775612711906 -0.02643756195902824 -0.060564324259758 
0.0009394120424985886 -0.02946124598383904 -0.1299539059400558 
0.03923456370830536 -0.0284581370651722 -0.07644023001194 
-0.02916223555803299 -0.01669380627572536 -0.09999999403953552 
0.03390000015497208 -0.007115335203707218 0.02509326301515102 
0.03794507309794426 -0.02989237569272518 -0.04814891517162323 
0.03929207846522331 -0.00498734787106514 -0.03458746150135994 
0.03390000015497208 -0.02585374191403389 -0.00148070091381669 
0.02945708483457565 0.0002165226323995739 -0.129726767539978 
0.03390000015497208 -0.01963717304170132 -0.0008277609013020992 
0.02358975075185299 0.0005532837240025401 -0.09199999272823334 
0.04192539304494858 -0.02388886176049709 -0.07424567639827728 
-0.03324161469936371 -0.0350177213549614 -0.09649998694658279 
0.01989934407174587 0.03558596968650818 -0.09649999439716339 
0.03299999982118607 -0.00325457938015461 -0.05948247760534286 
-0.03214420005679131 -0.001394824357703328 -0.1000000014901161 
0.03799999505281448 -0.01863742992281914 -0.01170302368700504 
0.02721683122217655 0.02010683156549931 -0.08919039368629456 
0.02934525534510612 -0.01959268003702164 -0.1260000020265579 
0.003423623740673065 -0.018490144982934 -0.09199998527765274 
0.04812655970454216 -0.005351780448108912 -0.04843509197235107 
-0.04599779099225998 -0.007647056598216295 -0.1000000014901161 
0.03413696959614754 -0.02801642008125782 -0.0964999794960022 
0.02742219157516956 0.009593776427209377 -0.1324312537908554 
-0.01570008136332035 -0.03679320588707924 -0.09649998694658279 
0.02785508707165718 -0.01732815057039261 -0.1260000020265579 
0.0267168041318655 -0.04010696709156036 -0.1112799197435379 
0.01180164981633425 0.01799999736249447 -0.07568270713090897 
-0.01582539081573486 -0.02026265673339367 -0.1343000084161758 
0.0445643924176693 -0.01296826079487801 -0.07657585293054581 
0.03061710856854916 -0.01637884601950645 -0.1260000020265579 
0.03390000015497208 -0.01016361173242331 0.006317706312984228 
0.03947533667087555 -0.01399999298155308 -0.009061961434781551 
0.03979594632983208 -0.0223351065069437 -0.02415536716580391 
0.01805806159973145 -0.01800000108778477 -0.07781901955604553 
-0.01890348829329014 0.00464176107198 -0.09199997782707214 
0.03883206471800804 0.02402593195438385 -0.08649999648332596 
-0.002145655918866396 -0.03039946779608727 -0.1000000089406967 
0.03921635448932648 -0.02107707411050797 -0.07002117484807968 
-0.0003054067492485046 0.03248115628957748 -0.1348913758993149 
0.03606712818145752 -0.005156302824616432 -0.1000000014901161 
0.04537346214056015 -0.01680126413702965 -0.06055497378110886 
0.04545164853334427 -0.002642797771841288 -0.03565990924835205 
0.03390000015497208 0.01099134795367718 0.02982125990092754 
-0.007364172488451004 0.01611929386854172 -0.1343000084161758 
-0.01026910729706287 0.02102675475180149 -0.08392808586359024 
0.03390000015497208 0.00959654338657856 -0.004060155712068081 
0.03799999877810478 -0.01137672364711761 -0.008132391609251499 
0.04470172524452209 -0.008505056612193584 -0.03484078869223595 
0.03948663175106049 -0.02811736427247524 -0.03295610100030899 
0.003896270412951708 0.01929568871855736 -0.1343000084161758 
0.03901007771492004 -0.01437882054597139 -0.08499998599290848 
0.002786781406030059 0.01447306387126446 -0.1343000084161758 
0.02721963822841644 0.03979873284697533 -0.1161059141159058 
-0.009750674478709698 -0.04625002294778824 -0.1203154176473618 
0.04531292244791985 0.01005189586430788 -0.03874881938099861 
-0.04734915494918823 -0.009171939454972744 -0.1198001652956009 
0.007270901463925838 0.03132025524973869 -0.09999999403953552 
0.03519796580076218 0.003201755462214351 -0.08499998599290848 
-0.01629168540239334 0.03725651651620865 -0.130500003695488 
0.0385064035654068 0.02509621158242226 0.001000008196569979 
0.03669155389070511 0.004257830791175365 -0.08649999648332596 
-0.02984412759542465 -0.008503464050590992 -0.09831919521093369 
-0.0004811449907720089 -0.009193805046379566 -0.09199999272823334 
-0.02565618976950645 0.01799999549984932 -0.08029726892709732 
-0.04701594635844231 -0.01069396547973156 -0.1069137305021286 
0.02637460455298424 -0.02000000700354576 -0.06926402449607849 
0.02956325560808182 -0.0242991428822279 -0.06012104079127312 
-0.007248061709105968 -0.01605133526027203 -0.08463241159915924 
0.04518875852227211 -0.0106065534055233 -0.06497268378734589 
0.03806313499808311 -0.00702336011454463 -0.09649998694658279 
-0.04468670859932899 0.004807568155229092 -0.1000000014901161 
0.04682405665516853 -0.01163882855325937 -0.105970673263073 
0.01435147412121296 0.03190087527036667 -0.1277913749217987 
-0.006724638864398003 -0.03100210800766945 -0.1260000020265579 
0.02136385068297386 -0.01741738989949226 -0.06340678036212921 
-0.002115419134497643 0.04669302701950073 -0.1026888489723206 
0.02711355127394199 0.03243592008948326 -0.130500003695488 
0.03793805837631226 -0.0302073210477829 -0.001763761509209871 
-0.02652805484831333 0.03755080699920654 -0.1280377358198166 
0.03390000015497208 0.0264493003487587 0.002002316527068615 
0.005913699045777321 -0.02195929549634457 -0.09199999272823334 
-0.01521613076329231 -0.03201137483119965 -0.1260000020265579 
0.04520326107740402 0.01666432432830334 -0.1192336305975914 
0.0277246031910181 0.03944125771522522 -0.1004647985100746 
-0.001039901748299599 0.0289221964776516 -0.1336370706558228 
0.04293316975235939 -0.01712947897613049 -0.07783518731594086 
0.04840158671140671 -0.001215692725963891 -0.03844456002116203 
-0.03799999877810478 0.02987324632704258 -0.09947820752859116 
0.04628612473607063 0.01418036036193371 -0.04950652271509171 
0.03814717009663582 0.01729591563344002 -0.03367380052804947 
0.03989003598690033 0.02331650629639626 -0.06699509173631668 
0.0359506793320179 -0.02000000514090061 -0.07417146861553192 
-0.007545908913016319 -0.04389332607388496 -0.1260000020265579 
-0.008118090219795704 0.04625001177191734 -0.1178366020321846 
0.03562625497579575 -0.03282476961612701 -0.03212989866733551 
0.04846493154764175 -0.0003123136411886662 -0.08003945648670197 
0.01386591326445341 -0.02000000514090061 -0.06719927489757538 
-0.01910370402038097 0.02604152634739876 -0.1286948025226593 
-0.01719003356993198 -0.03738254681229591 -0.1260000020265579 
0.03787923604249954 -0.02996030077338219 -0.04239984974265099 
-0.03131407499313354 0.009005779400467873 -0.1260000020265579 
-0.01553405541926622 0.02993410266935825 -0.1260000020265579 
-0.04188907146453857 0.02387597784399986 -0.1171620488166809 
0.03927667066454887 -0.009356716647744179 -0.001134477322921157 
0.01267567556351423 0.0004635755904018879 -0.1343000084161758 
0.02072698995471001 0.04343176633119583 -0.1093100607395172 
0.002702541882172227 -0.02717683464288712 -0.09208140522241592 
0.03650486469268799 0.02153223194181919 -0.1260000020265579 
0.002397536765784025 0.04274048656225204 -0.130500003695488 
0.006816426292061806 0.04293626546859741 -0.1359448730945587 
0.03390000015497208 -0.002051035175099969 -0.001623016316443682 
-0.03289369866251945 0.01405019592493773 -0.1260000020265579 
0.03024405241012573 0.0375814288854599 -0.11081762611866 
-0.01974016800522804 -0.024289570748806 -0.1000000089406967 
-0.02386881224811077 0.04101071134209633 -0.1259999871253967 
0.04205943644046783 0.01773247309029102 -0.04727114737033844 
0.04453589022159576 -0.01310690492391586 -0.08187119662761688 
0.03065970167517662 -0.03495202586054802 -0.08263692259788513 
-0.009958886541426182 0.01672463864088058 -0.1342999935150146 
0.03390000015497208 -0.004790072329342365 0.01327985990792513 
-0.008536879904568195 0.00249259895645082 -0.09199998527765274 
0.04663084074854851 -0.01293381955474615 -0.05396648496389389 
0.03799999877810478 -0.01794967986643314 0.02168629504740238 
0.03823661059141159 -0.007160993758589029 -0.03424376621842384 
0.004120210185647011 0.02000000141561031 -0.07277772575616837 
0.04819216206669807 -0.003171071875840425 -0.0529794804751873 
0.04000001028180122 0.02697431296110153 -0.116163045167923 
0.03444211184978485 0.02551065757870674 -0.08649999648332596 
0.04009389504790306 -0.01100871711969376 -0.08649999648332596 
0.006635592319071293 0.04022129625082016 -0.1385993361473083 
0.03388683125376701 -0.01820230111479759 -0.03849166259169579 
-0.03799999877810478 -0.02456188574433327 -0.09843447804450989 
0.0236064251512289 -0.04206958413124084 -0.1157180964946747 
0.005977700930088758 0.007048136088997126 -0.09199999272823334 
0.03390000015497208 0.001088572898879647 -0.01156695745885372 
0.04644650965929031 0.01392092742025852 -0.02643615938723087 
-0.02243188209831715 0.02107585966587067 -0.0839485228061676 
-0.01520978100597858 0.02000000141561031 -0.07651448994874954 
-0.03884906321763992 -0.02500299178063869 -0.1000000014901161 
0.0266105905175209 -0.01800000108778477 -0.07338638603687286 
-0.02915431559085846 0.02746624685823917 -0.0964999794960022 
-0.01583248190581799 0.04073553532361984 -0.09649998694658279 
-0.02203689888119698 -0.01957070082426071 -0.1290064603090286 
0.02015248686075211 0.02543318457901478 -0.1293349713087082 
0.04632727801799774 0.01421245466917753 -0.03704027086496353 
-0.01304586045444012 0.03719481825828552 -0.1289999932050705 
-0.01064841169863939 0.04624998196959496 -0.1153477877378464 
0.03905417025089264 -0.02189475297927856 -0.09605593979358673 
0.03799999877810478 0.01520379260182381 0.01396169327199459 
0.01681869849562645 0.01799999736249447 -0.06817597895860672 
-0.04370803385972977 0.01680594496428967 -0.1032093465328217 
0.0183966439217329 -0.0156677532941103 -0.09199998527765274 
0.02031529136002064 0.01899564266204834 -0.06348935514688492 
0.04403659328818321 -0.01843001134693623 -0.0009999958565458655 
-0.03013475611805916 0.02674380503594875 -0.130500003695488 
0.00466003455221653 0.01400000415742397 -0.08510593324899673 
0.04373420029878616 -0.003441798966377974 -0.09649998694658279 
0.03707179799675941 0.01799999736249447 -0.04582656174898148 
0.03211797028779984 -0.02328364923596382 -0.1260000020265579 
0.03390000015497208 -0.0324217714369297 0.007044434081763029 
0.005053739994764328 0.04650080949068069 -0.1093497723340988 
0.04641929268836975 -0.001744500710628927 -0.05223613232374191 
-0.007403974421322346 -0.006008596159517765 -0.1343000084161758 
0.03466391563415527 -0.03094098530709743 -0.07337234914302826 
0.00343340216204524 -0.0209023542702198 -0.08699999749660492 
0.03519708663225174 0.03194508701562881 -0.01381415966898203 
0.02216937020421028 -0.01745242066681385 -0.1332999914884567 
-0.005431005265563726 -0.04210181534290314 -0.09649998694658279 
0.0465010367333889 0.01338296756148338 -0.0605231411755085 
0.03390000015497208 0.02016791701316833 0.02357964590191841 
-0.03643699362874031 0.02173525653779507 -0.09601990133523941 
-0.03400423377752304 -0.01413731928914785 -0.1260000020265579 
-0.02442162111401558 -0.01709894835948944 -0.09566155076026917 
0.03390000015497208 0.003235343378037214 0.01319960039108992 
0.03390000015497208 -0.03281735256314278 -0.05450733006000519 
-0.03644389659166336 0.03162097930908203 -0.1034200862050056 
0.02265369892120361 -0.01961598917841911 -0.1277000308036804 
0.0005123065784573555 -0.0164323765784502 -0.08435235917568207 
-0.04113790020346642 0.01909899711608887 -0.1000000014901161 
0.02528634667396545 0.01582106947898865 -0.09720082581043243 
0.03390000015497208 -0.02856839820742607 -0.007565808482468128 
0.03390000015497208 -0.0208894032984972 0.007851985283195972 
-0.0161206778138876 0.02335087954998016 -0.1325000077486038 
0.03799999877810478 0.01519329845905304 -0.01503674127161503 
0.03891487792134285 0.001548341475427151 -0.0002227682998636737 
0.04537083953619003 0.009621242061257362 -0.0542265772819519 
0.04064827039837837 -0.01684129051864147 -0.08741371333599091 
-0.01424894016236067 -0.02098628133535385 -0.09199997782707214 
-0.004259150009602308 0.02914045751094818 -0.1295226961374283 
0.03390000015497208 0.02172887697815895 0.01928761042654514 
0.03390000015497208 -0.0324021577835083 -0.03703990206122398 
0.04628776386380196 -0.003908534534275532 -0.06281997263431549 
0.04608997330069542 -0.01446395739912987 -0.07439255714416504 
0.02165701612830162 0.04293376952409744 -0.1211784109473228 
0.03799999877810478 -0.02608422189950943 -0.005458911880850792 
0.03390000015497208 -0.01767335459589958 0.002059833146631718 
0.0003517661243677139 0.003168539609760046 -0.1343000084161758 
0.01256258226931095 -0.02401138842105865 -0.1343000084161758 
-0.006825347431004047 -0.04629820585250854 -0.1128612458705902 
0.04612739384174347 -0.01431398466229439 -0.07985717803239822 
0.03390000015497208 -0.01056673005223274 0.03173760697245598 
-0.02940204180777073 0.03786890581250191 -0.1268559545278549 
0.04412997514009476 0.02004870027303696 -0.05575463175773621 
-0.02542198076844215 0.00334848603233695 -0.1343000084161758 
-0.0239238366484642 0.04188593849539757 -0.1126015409827232 
-0.01736496016383171 0.03049100935459137 -0.09649999439716339 
0.03617648407816887 -0.02911459468305111 -0.03850464150309563 
0.007929920218884945 0.04599999636411667 -0.09812919050455093 
0.02037098072469234 0.04145874455571175 -0.130500003695488 
-0.0177781954407692 0.0446648895740509 -0.1191284209489822 
0.02861298993229866 -0.03896596282720566 -0.0953168123960495 
0.0391247533261776 0.004619245417416096 -0.03465096279978752 
0.0448637343943119 0.01190623268485069 -0.07667777687311172 
0.0386691689491272 -0.02064484171569347 -0.07885648310184479 
0.03338176757097244 -0.02753318101167679 -0.08650000393390656 
0.02966132387518883 -0.002089885529130697 -0.09506183117628098 
0.03390000015497208 0.00322262360714376 0.02720975689589977 
-0.01046193856745958 0.04264916479587555 -0.1289999783039093 
-0.0110675822943449 0.04283871874213219 -0.1260000020265579 
-0.04272963851690292 -0.01381772756576538 -0.1260000020265579 
0.003032229607924819 0.04669306427240372 -0.1230550706386566 
0.007797567639499903 0.0443192645907402 -0.1331812292337418 
0.04630498215556145 -0.00393871683627367 -0.03768592327833176 
0.02701164782047272 -0.0402635857462883 -0.08931472897529602 
0.03390000015497208 0.03212342038750648 -0.004471815191209316 
-0.02472046390175819 0.02422025613486767 -0.1285875141620636 
0.04813466221094131 0.005613635294139385 -0.03709350153803825 
0.0370885506272316 -0.0279647596180439 -0.04701970890164375 
-0.04553287848830223 0.01583592593669891 -0.1153648793697357 
-0.02399852126836777 -0.01606014370918274 -0.08600468188524246 
0.005116807296872139 -0.03586975857615471 -0.1260000020265579 
0.03799999877810478 0.01854415237903595 -0.007916266098618507 
-0.03539232164621353 -0.01800000108778477 -0.09791916608810425 
0.01960961520671844 -0.04385639727115631 -0.1143658235669136 
0.008235056884586811 0.046250119805336 -0.1098053604364395 
0.01959609985351562 0.02653037011623383 -0.130500003695488 
0.04535339027643204 -0.01021910645067692 -0.09268251061439514 
-0.003201039973646402 -0.04385191947221756 -0.1263176202774048 
0.03912541270256042 0.02148979157209396 -0.09578535705804825 
-0.0231633335351944 -0.04068878293037415 -0.09649999439716339 
0.03390000015497208 -0.02255182527005672 -0.01960514858365059 
0.03436621651053429 -0.01800000108778477 -0.07337777316570282 
0.01279076375067234 0.009714610874652863 -0.09199997782707214 
0.02155480533838272 0.0205057505518198 -0.08327896147966385 
0.03799999877810478 0.006091112270951271 -0.006173258181661367 
0.03390000015497208 0.01242331322282553 0.01631045527756214 
0.04506106674671173 0.009756841696798801 -0.08335103094577789 
0.03799999877810478 0.003620895324274898 -0.01625564321875572 
-0.01417063362896442 -0.02101545594632626 -0.09199998527765274 
0.02558253891766071 -0.02015463076531887 -0.0937773585319519 
-0.04417211189866066 0.0194120816886425 -0.1158543676137924 
0.04632636159658432 -0.003230967093259096 -0.07745197415351868 
0.01212900318205357 0.01649827696382999 -0.1343000084161758 
-0.02454724162817001 -0.04153861477971077 -0.1225751340389252 
0.03045102208852768 0.01650163531303406 -0.0843491330742836 
0.03799999877810478 -0.02921048924326897 -0.007597337942570448 
0.03799999877810478 0.005755172576755285 0.01027856301516294 
0.04182168841362 0.009720053523778915 -0.03358794376254082 
0.03878467902541161 -0.01800000108778477 -0.07939911633729935 
0.03799999877810478 -0.009467931464314461 -0.00471543800085783 
0.03750672191381454 -0.0257741492241621 -0.02624066360294819 
0.04518352448940277 0.002933811629191041 -0.05875668302178383 
0.03799999877810478 0.008616512641310692 -0.007134915329515934 
-0.02830397337675095 0.02929841540753841 -0.09851305931806564 
0.0195847824215889 0.02310789376497269 -0.08492791652679443 
0.03986453264951706 -0.02300333045423031 -0.04857888072729111 
-0.03004191815853119 0.007552273105829954 -0.09292808920145035 
0.04641348868608475 -0.007279045414179564 -0.03208095580339432 
0.03426897898316383 -0.02884906716644764 -0.08650000393390656 
-0.01630913466215134 0.0362643264234066 -0.130500003695488 
-0.003186315065249801 -0.0466928705573082 -0.115689642727375 
-0.029395442456007 -0.01071669533848763 -0.1260000020265579 
0.001197432167828083 -0.02183979377150536 -0.08692815899848938 
-0.02081125974655151 -0.02478672750294209 -0.1273718923330307 
0.03390000015497208 0.006980730220675468 0.001843991223722696 
-0.03144089877605438 -0.02062756195664406 -0.08622398227453232 
0.02777273580431938 0.01799999736249447 -0.07986550778150558 
0.007147860713303089 0.003459227737039328 -0.09199998527765274 
0.01147117558866739 0.02220810204744339 -0.08675212413072586 
0.03423560783267021 -0.03113528341054916 -0.08649999648332596 
0.04660342633724213 0.01230311580002308 -0.1174615696072578 
-0.02978687733411789 0.0006609023548662663 -0.09988267719745636 
0.01534964609891176 -0.02835822850465775 -0.1260000020265579 
-0.001032267697155476 0.01799999736249447 -0.07481460273265839 
0.04072818532586098 0.00352524989284575 -0.05974062904715538 
0.04316015169024467 -0.0216718353331089 -0.04722904413938522 
0.02047621086239815 0.03206503391265869 -0.130500003695488 
0.03390000015497208 -0.03274714201688766 -0.04120031744241714 
0.006101670674979687 0.01614523120224476 -0.09199998527765274 
-0.04637465626001358 -0.01312251575291157 -0.1123502478003502 
-0.02649824693799019 0.01040013786405325 -0.1342917084693909 
0.0468222014605999 0.0124533474445343 -0.03436969593167305 
0.04835711419582367 0.001563313067890704 -0.09021323919296265 
0.01034753490239382 0.01004288624972105 -0.09199998527765274 
0.03191280364990234 -0.01089232414960861 -0.08650000393390656 
-0.02075106650590897 0.01884770207107067 -0.1328032314777374 
-0.01557205244898796 -0.04564919322729111 -0.1172546222805977 
0.03799999505281448 0.007343679666519165 0.01015699654817581 
0.04782778024673462 0.0001244865707121789 -0.1000000014901161 
-0.0001063330564647913 0.0462501123547554 -0.1264839470386505 
0.03779391944408417 -0.003913114778697491 -0.1260000020265579 
0.0269276462495327 -0.0172506757080555 -0.06321163475513458 
0.007636748254299164 -0.03336096554994583 -0.1260000020265579 
0.02046201378107071 -0.0004615765064954758 -0.09199998527765274 
0.03799999877810478 0.01703910902142525 0.01387942023575306 
0.0417068712413311 0.01400000415742397 -0.01625413075089455 
0.03936691582202911 -0.02129264362156391 -0.04579758644104004 
0.01445639599114656 0.01677982322871685 -0.08699999004602432 
0.006122841965407133 -0.04637842625379562 -0.1059655994176865 
0.03390000015497208 -0.00547092966735363 -0.01343222055584192 
0.03799999877810478 0.02154330722987652 0.02090189978480339 
0.04819567874073982 0.005144030787050724 -0.03350024297833443 
0.03606026619672775 0.01799999736249447 -0.07742944359779358 
0.03799999877810478 -0.02339275553822517 -0.00856889970600605 
0.04845597594976425 0.0005695383879356086 -0.04405125230550766 
0.04121943190693855 -0.01794188842177391 -0.07125896960496902 
-0.009735500440001488 0.02007518894970417 -0.08192097395658493 
0.03040963597595692 0.02990163117647171 -0.1289408951997757 
0.03504889085888863 0.03347055986523628 -0.09783411026000977 
-0.001774101052433252 -0.03233902901411057 -0.09709350019693375 
0.002745951060205698 0.02825484797358513 -0.09258462488651276 
0.04820524528622627 0.0005280771874822676 -0.1152842938899994 
-0.01203841716051102 0.03379853442311287 -0.1289999932050705 
-0.01616138964891434 0.02000000141561031 -0.07783560454845428 
0.04264597222208977 0.01734604500234127 -0.06510478258132935 
0.03773757815361023 -0.02713535726070404 -0.03798102214932442 
-0.02305512875318527 0.003636103123426437 -0.1343000084161758 
0.001702255103737116 -0.00656757690012455 -0.1343000084161758 
-0.02558555826544762 0.01797227747738361 -0.08161261677742004 
0.001733527518808842 -0.01004423201084137 -0.1343000084161758 
0.03034071438014507 -0.02453861013054848 -0.06002328544855118 
-0.03539614379405975 -0.02672272920608521 -0.1260000020265579 
0.0247272402048111 0.01444868184626102 -0.05994275584816933 
-0.04565690457820892 -0.01539439335465431 -0.1158355250954628 
0.03700345382094383 0.03133907541632652 -0.03459350764751434 
0.02022567018866539 0.02197121828794479 -0.09984560310840607 
-0.003174173645675182 0.02399999462068081 -0.0852649062871933 
0.04161293059587479 0.01200000010430813 -0.0241270400583744 
0.008435303345322609 -0.01833396963775158 -0.06850004196166992 
0.03727346658706665 0.03099221736192703 -0.04019251465797424 
-0.01452196855098009 0.01889161579310894 -0.1343000084161758 
0.0103917233645916 0.01731614395976067 -0.1343000084161758 
0.03390000015497208 -0.0138925751671195 0.01864072307944298 
0.03799999877810478 -0.01432284247130156 -0.02493876032531261 
0.04307379201054573 -0.01696020364761353 -0.04590163379907608 
0.04208504408597946 0.02406217902898788 -0.03608385100960732 
-0.04575362056493759 -0.01253534853458405 -0.09999999403953552 
0.03949795663356781 -0.002918051555752754 -0.09649998694658279 
0.03014155849814415 -0.007401338778436184 -0.09206894785165787 
0.0178677961230278 0.01526869647204876 -0.08664915710687637 
-0.01795346289873123 -0.04458639398217201 -0.1204647719860077 
0.04640845954418182 -0.002183335600420833 -0.04002457112073898 
0.008836660534143448 0.0261343028396368 -0.1343000084161758 
0.03920726105570793 -0.02499584294855595 -0.03642046079039574 
0.008468142710626125 -0.02846743538975716 -0.09646636247634888 
0.04150287806987762 -0.01286092679947615 -0.09649980068206787 
0.04087364673614502 0.02602316066622734 -0.05206979066133499 
-0.02818726375699043 0.03858151286840439 -0.125763326883316 
-0.03572233021259308 -0.02732915058732033 -0.09649998694658279 
0.007763614878058434 0.04625019803643227 -0.1233212202787399 
-0.01414126995950937 0.01204451452940702 -0.09199998527765274 
-0.007731765508651733 -0.01256503164768219 -0.1343000084161758 
-0.01020569633692503 -0.04625003784894943 -0.1052216440439224 
-0.01037042401731014 -0.01800000108778477 -0.07976745069026947 
0.04836464673280716 0.003304076613858342 -0.0358545333147049 
-0.01165979728102684 0.04653932899236679 -0.1272578984498978 
-0.04584101587533951 -0.006683981511741877 -0.1000000089406967 
-0.001856675953604281 0.03685024753212929 -0.1395000070333481 
-0.02449773624539375 0.04013855755329132 -0.130500003695488 
0.001117981970310211 -0.01729019917547703 -0.08360712230205536 
0.02432318031787872 0.0222628265619278 -0.0603586807847023 
0.04191217571496964 -0.02394176833331585 -0.09611937403678894 
0.02083664946258068 0.0240047499537468 -0.1276839971542358 
-0.01147166639566422 0.01784097775816917 -0.08222407102584839 
0.04338507354259491 0.02155477553606033 -0.03782008215785027 
-0.02813087031245232 -0.01011842954903841 -0.09584385901689529 
0.04686449468135834 0.01245826296508312 -0.005255488213151693 
0.02587802894413471 0.03026292473077774 -0.1269735395908356 
-1.482068546465598e-05 0.04669303819537163 -0.1125398501753807 
-0.004703802987933159 0.044169832020998 -0.1319622546434402 
0.03859827667474747 -0.01399999298155308 0.008001226931810379 
0.03683896735310555 0.02000000141561031 -0.04875025153160095 
-0.005888717249035835 0.02330735139548779 -0.0849645733833313 
0.04818630963563919 -0.002466760575771332 -0.1019319593906403 
0.03683991357684135 -0.02742889523506165 0.01537704467773438 
0.04645871743559837 0.01347876060754061 -0.07076007127761841 
0.008969363756477833 0.02472878992557526 -0.1343000084161758 
0.00278553762473166 0.04786757752299309 -0.1290086358785629 
-0.026606235653162 -0.01349186152219772 -0.09689574688673019 
0.04550901800394058 -0.009346441365778446 -0.0487205795943737 
0.02134540118277073 0.001777360215783119 -0.1343000084161758 
-0.00296865776181221 0.02934805303812027 -0.130029171705246 
0.03231500461697578 0.02000000327825546 -0.07912775874137878 
0.04508909955620766 0.01786288991570473 -0.02822304330766201 
0.03796505182981491 -0.01637329906225204 -0.09585560858249664 
0.03541034460067749 -0.03282038494944572 -0.08077609539031982 
0.03619997575879097 -0.03217519819736481 -0.03630584105849266 
0.0463310107588768 0.00261042732745409 -0.06827650964260101 
-0.02069929055869579 -0.0199086107313633 -0.07822507619857788 
0.03143871575593948 -0.02136345021426678 -0.08729907125234604 
0.02596970088779926 -0.01425009313970804 -0.05870258808135986 
0.03848273307085037 0.01788703352212906 -0.03490081429481506 
-0.005000079981982708 0.04763895645737648 -0.1267681121826172 
-0.01751647144556046 -0.04478141665458679 -0.1147343292832375 
0.04665384814143181 0.01297458633780479 -0.05790840089321136 
-0.01978373341262341 0.02220875583589077 -0.095022052526474 
0.03805629163980484 -0.001330066588707268 -0.08499997854232788 
-0.02274363487958908 -0.008773387409746647 -0.09199998527765274 
0.04204530268907547 0.005741666536778212 -0.08499998599290848 
0.03390000015497208 0.003210089169442654 0.0171702578663826 
0.03799999877810478 0.01582713052630424 0.01922760531306267 
0.04503978416323662 -0.0177413783967495 -0.07932469993829727 
0.03799999877810478 0.004882464185357094 -0.0312393344938755 
0.01069732569158077 0.04625009000301361 -0.1008946448564529 
-0.01071740780025721 0.04677873477339745 -0.1278973519802094 
-0.006351853255182505 0.03448875993490219 -0.1280621588230133 
-0.01850081235170364 0.0287624578922987 -0.130500003695488 
-0.005113346036523581 0.01518086530268192 -0.08485926687717438 
0.04794857650995255 -0.005390355363488197 -0.07377690076828003 
0.03862940892577171 -0.02818705700337887 -0.1259273588657379 
0.006854134611785412 -0.01799999922513962 -0.06934721022844315 
-0.0181004349142313 0.03210245817899704 -0.09649999439716339 
-0.02590255439281464 -0.02976581454277039 -0.09649998694658279 
0.04024683684110641 0.01359457150101662 -0.03231034427881241 
-0.02658886089920998 0.0001669570337980986 -0.1343000084161758 
-0.006577496416866779 0.04000049084424973 -0.1354860067367554 
0.03727638721466064 -0.003036829875782132 -0.1266292333602905 
-0.005000543780624866 0.04249346256256104 -0.1273927092552185 
0.04822804033756256 -0.00105607695877552 -0.1026312932372093 
-0.02583015710115433 -0.02061960287392139 -0.08342266827821732 
-0.019029151648283 0.01928259804844856 -0.0920388400554657 
0.03687590360641479 0.01173988357186317 -0.08499998599290848 
0.007233942858874798 -0.02000000700354576 -0.07940115034580231 
0.01207808777689934 -0.02731377072632313 -0.09763164073228836 
-0.01801710948348045 0.04455825686454773 -0.1138235032558441 
-0.008558335714042187 0.04625000804662704 -0.112266942858696 
0.02662856504321098 0.01265412755310535 -0.1288349032402039 
0.03799999877810478 -0.007061624899506569 0.01864032633602619 
0.03420370817184448 0.02153578586876392 -0.08436261862516403 
-0.008916674181818962 -0.0280454009771347 -0.1289471238851547 
0.0292960349470377 -0.03608651459217072 -0.0852348580956459 
0.01277788355946541 0.04082190617918968 -0.1260000020265579 
0.03270608186721802 0.03284893929958344 -0.09578213095664978 
0.03799999877810478 0.01959841139614582 0.01809389889240265 
0.02140558697283268 -0.0430762954056263 -0.1165024638175964 
0.03376594930887222 0.03166943788528442 -0.09612308442592621 
0.02484460361301899 0.04131219908595085 -0.1209747940301895 
0.04023413360118866 -0.01310267671942711 0.02340107597410679 
-0.01678271777927876 -0.01602738350629807 -0.09199998527765274 
0.04556100815534592 0.01200000010430813 -0.01297669485211372 
0.04505810514092445 0.01793734915554523 -0.03251711279153824 
0.02729225531220436 -0.03971165791153908 -0.109733447432518 
0.001382932881824672 0.04217371344566345 -0.1276644170284271 
0.03684229403734207 -0.01079285424202681 -0.09700021892786026 
-0.02566469460725784 -0.01446514576673508 -0.1312114149332047 
-0.01814722083508968 -0.01792533323168755 -0.08196665346622467 
0.04099887236952782 -0.02583496645092964 -0.04919493198394775 
-0.007791643962264061 -0.02840948477387428 -0.1292766630649567 
0.03851598128676414 0.008839183486998081 0.001010505366139114 
0.02776062861084938 0.02000000327825546 -0.06551022827625275 
0.03941163420677185 -0.02821975387632847 -0.04670665040612221 
0.02855323255062103 0.03889411687850952 -0.1223202347755432 
0.03864635899662971 0.02584208548069 -0.0431239977478981 
-0.01090127695351839 -0.02025475911796093 -0.08274915814399719 
0.03390000015497208 -0.001648940145969391 -0.007990544661879539 
0.03477122634649277 -0.03379284217953682 -0.02424792014062405 
0.04806143045425415 -0.00590598676353693 -0.05100540071725845 
0.04602595418691635 0.006502160802483559 -0.07356739044189453 
0.02966500446200371 -0.00177291571162641 -0.09378112852573395 
0.003580476390197873 0.03652003407478333 -0.1394999921321869 
0.02430286258459091 -0.04168232530355453 -0.1108900606632233 
-0.01806277222931385 0.02694022469222546 -0.1295992434024811 
-0.01306933723390102 0.0438540056347847 -0.1271300464868546 
-0.03080723062157631 0.01799999736249447 -0.09754637628793716 
0.04427683725953102 0.01974893547594547 -0.09394457936286926 
0.04317021369934082 0.01013956684619188 -0.001309687970206141 
0.04295076429843903 -0.02209353446960449 -0.08972714096307755 
0.03895150125026703 0.02085433900356293 -0.03317689895629883 
0.003659232519567013 0.0009309025481343269 -0.09199998527765274 
-0.02098244242370129 -0.02072257921099663 -0.1315343827009201 
-0.04421955719590187 0.004618504550307989 -0.1260000020265579 
0.03553315997123718 -0.02000000514090061 -0.06533896178007126 
0.03390000015497208 -0.02919076383113861 0.003763773711398244 
-0.04346703737974167 0.02072808891534805 -0.1040790155529976 
0.04469219595193863 -0.0141631904989481 -0.02506973594427109 
-0.02651369199156761 -0.0214963648468256 -0.08590002357959747 
0.0482240617275238 -0.004628780297935009 -0.04119908064603806 
0.0359153114259243 0.01569174975156784 0.02842588722705841 
-0.003416337072849274 0.02027624100446701 -0.08282890915870667 
0.03800000250339508 -0.01572117581963539 0.01292574498802423 
0.04819114506244659 0.002105053048580885 -0.1113789454102516 
0.04305751994252205 -0.01698643714189529 -0.08114112913608551 
0.04277297481894493 -0.01726738922297955 -0.04661951214075089 
0.03454986587166786 0.00924750417470932 -0.03364773839712143 
0.01996323652565479 0.01857630908489227 -0.09207265079021454 
0.04478981345891953 0.01794124953448772 -0.1131700649857521 
0.001280174590647221 -0.01973291113972664 -0.1343000084161758 
0.03220222890377045 -0.02257194370031357 -0.1260000169277191 
-0.03098974749445915 0.0003570319386199117 -0.1000000014901161 
0.04606926813721657 -0.01200000382959843 -0.02028444781899452 
0.04026952013373375 -0.007644475903362036 -0.08649999648332596 
0.01376614347100258 -0.02522270753979683 -0.1325000077486038 
0.04672857373952866 -0.01269879657775164 -0.03228066489100456 
0.0009783504065126181 0.0435522235929966 -0.1276497840881348 
0.03899990022182465 0.02722989208996296 -0.1260000020265579 
0.004450035281479359 0.03396390378475189 -0.1392799466848373 
0.02465048432350159 -0.01841890811920166 -0.08836063742637634 
0.03564584255218506 -0.01434945128858089 -0.09781114012002945 
-0.03317749500274658 0.0349813811480999 -0.1067725121974945 
-0.03836644440889359 -0.02925238758325577 -0.1053242832422256 
0.04534768685698509 -0.009949574247002602 -0.04712244868278503 
0.0385742150247097 -0.01800000108778477 -0.05243086069822311 
0.0375390350818634 0.03030666708946228 -0.1063333973288536 
0.03081127442419529 -0.02316591888666153 -0.08497484028339386 
0.03390000015497208 0.005582313984632492 -0.01094168890267611 
0.03466322273015976 -0.01800000108778477 -0.04223828762769699 
0.04610370844602585 -0.01449635345488787 -0.002512026112526655 
0.04147448390722275 0.02507630921900272 -0.03366499394178391 
0.006881957408040762 0.003053122665733099 -0.1342999935150146 
-0.01728178933262825 0.02000000141561031 -0.07800475507974625 
0.03066655993461609 -0.03721024841070175 -0.1217042282223701 
0.04562811926007271 0.01619190536439419 -0.09537277370691299 
-0.00886516273021698 0.007559153717011213 -0.1342999935150146 
0.04098940640687943 0.02589414454996586 -0.09790845215320587 
-0.02928625419735909 0.01699250750243664 -0.0863090455532074 
0.04623944312334061 -0.01392929721623659 -0.08527855575084686 
0.04232527315616608 -0.01600193232297897 -0.05632766708731651 
0.03799999877810478 -0.02291181683540344 -0.004517748486250639 
-0.01023904606699944 0.01393865421414375 -0.1343000084161758 
-0.004525414202362299 0.0257871188223362 -0.09199998527765274 
0.02473847568035126 0.02000000141561031 -0.07308447360992432 
0.03390000015497208 -0.03037172555923462 -0.02037039026618004 
-0.009670034982264042 -0.04625001549720764 -0.122632622718811 
-0.03528276085853577 0.02024579793214798 -0.1260000020265579 
0.02876790054142475 0.005089408718049526 -0.1322393864393234 
0.03993561863899231 -0.008669560775160789 -0.03387975692749023 
0.03951350226998329 -0.02171577885746956 -0.06441484391689301 
0.0352369025349617 0.02977404370903969 -0.1290498077869415 
0.04004218429327011 -0.02734191715717316 -0.07880027592182159 
0.04337353259325027 -0.02131559140980244 -0.06813130527734756 
0.0477462038397789 -0.007425221614539623 -0.09742477536201477 
0.03501534834504128 -0.02130154892802238 0.02585980668663979 
0.03799999877810478 0.02417160384356976 0.006890137679874897 
-0.008463100530207157 -0.04666563868522644 -0.09649998694658279 
0.03799999877810478 0.008269283920526505 0.009935581125319004 
0.04593340307474136 -0.01476031634956598 -0.1162559390068054 
-0.02993364632129669 0.03419413045048714 -0.1272644251585007 
-0.008408805355429649 0.03378727659583092 -0.130500003695488 
0.04158360883593559 0.02078664489090443 -0.08934080600738525 
-0.003647033357992768 0.03446811810135841 -0.1395000070333481 
0.04273441806435585 -0.01835556328296661 -0.02723795734345913 
0.04644277691841125 0.01353072002530098 -0.07125991582870483 
0.0395871177315712 0.01400000415742397 0.01064747013151646 
0.04607109725475311 -0.004950409755110741 -0.06226815655827522 
0.044185820966959 -0.01381837204098701 -0.0565122477710247 
0.03390000015497208 0.01095949672162533 0.0289793461561203 
0.00162005377933383 -0.04829896986484528 -0.09653136879205704 
-0.03292332589626312 0.01763382740318775 -0.08683238923549652 
0.01216378808021545 0.02629357576370239 -0.1337032169103622 
0.04417106509208679 -0.01434594020247459 -0.07976105064153671 
0.03640991076827049 -0.03193750232458115 -0.007768834009766579 
0.04048075526952744 0.02624206431210041 -0.1026335060596466 
0.02436373569071293 -0.0213950127363205 -0.09711724519729614 
0.02590284869074821 0.01486885268241167 -0.1260000020265579 
-0.003785018809139729 -0.02000000327825546 -0.07392813265323639 
-0.02365658059716225 -0.04205234348773956 -0.1013268977403641 
0.02856082282960415 -0.001798951532691717 -0.1333000063896179 
0.04602127894759178 0.01449119951575994 -0.1037148535251617 
0.01014451961964369 0.03195405378937721 -0.126442015171051 
0.03390000015497208 0.02061142213642597 0.01308057270944118 
-0.01504712551832199 0.0006924248300492764 -0.09199998527765274 
0.03390000015497208 0.008394249714910984 -0.00362098915502429 
0.04409024864435196 0.01200000010430813 -0.02291558869183064 
0.04817692190408707 0.002045641653239727 -0.1158669590950012 
-0.03122897259891033 -0.03678034991025925 -0.114861436188221 
0.008405976928770542 -0.004041661042720079 -0.1343000084161758 
-0.007426861673593521 -0.008404571563005447 -0.09199999272823334 
-0.02193052694201469 -0.02061703242361546 -0.1277000159025192 
0.02186601981520653 -0.01800000108778477 -0.07083993405103683 
0.04536840692162514 -0.01623185351490974 -0.1157587468624115 
0.04203132539987564 -0.02355997264385223 -0.1057555377483368 
0.03499336168169975 0.03150000423192978 -0.01845316216349602 
0.00236616563051939 -0.02324721589684486 -0.08655028790235519 
0.04552343487739563 -0.008774247951805592 -0.0623931773006916 
0.02632316760718822 -0.01385798864066601 -0.09199998527765274 
0.03659126907587051 -0.03162651881575584 0.001682080328464508 
0.03390000015497208 0.01012018136680126 0.02653758972883224 
0.02534379996359348 0.0365430973470211 -0.1289999932050705 
-0.02209162339568138 0.0264847818762064 -0.1264404058456421 
0.01509994454681873 -0.03345726802945137 -0.09649998694658279 
-0.03901562467217445 -0.0283855851739645 -0.1142645105719566 
0.03728579357266426 0.01799999736249447 -0.04178453609347343 
0.03390000015497208 -0.006880704313516617 0.007484972476959229 
0.03333207219839096 -0.03484842553734779 -0.1042413339018822 
0.03390000015497208 -0.02738693729043007 -0.01375269517302513 
0.04740804061293602 -0.01011298969388008 0.0003408704942557961 
-0.005397004075348377 -0.03190258145332336 -0.09720894694328308 
0.004841106943786144 0.03352383896708488 -0.1336666494607925 
-0.001362269977107644 -0.0466928519308567 -0.1002190187573433 
0.0380670502781868 0.02664509788155556 -0.02957257255911827 
-0.01666994392871857 -0.02779694274067879 -0.1260000020265579 
0.03812182694673538 -0.02985203638672829 -0.02366569265723228 
0.03843759000301361 0.01799999736249447 -0.04189576953649521 
0.01869328692555428 0.04428379237651825 -0.1101960092782974 
0.004878911655396223 -0.03764914348721504 -0.09649998694658279 
0.03390000015497208 0.02945942804217339 -0.01353649329394102 
-0.01424908544868231 -0.03175503388047218 -0.1260000020265579 
0.03799999877810478 -0.001666180905885994 -0.02830926515161991 
0.03390000015497208 -0.01638428121805191 -0.01477721240371466 
0.03813521936535835 0.02026207745075226 -0.05133095756173134 
0.04672388732433319 -0.01296349428594112 -0.009770901873707771 
0.008614060468971729 0.002845221199095249 -0.09199999272823334 
0.02863904647529125 0.02007217146456242 -0.08957852423191071 
0.0296788290143013 -0.0005816464545205235 -0.09369301795959473 
0.03799999505281448 0.02004121616482735 -0.02086195722222328 
0.004622276406735182 -0.02856632694602013 -0.1338461637496948 
0.04594608023762703 -0.006862126290798187 -0.07294856011867523 
-0.03399448096752167 -0.02745920792222023 -0.09649999439716339 
0.009075668640434742 -0.01800000108778477 -0.07624129951000214 
-0.00691242516040802 0.04533223807811737 -0.1325284242630005 
0.03846344351768494 -0.02912893518805504 -0.1076233983039856 
0.04428575187921524 0.008098455145955086 -0.03187719732522964 
-0.002415276132524014 0.01778180338442326 -0.08247606456279755 
0.04403730109333992 -0.01482780650258064 -0.06365950405597687 
-0.02483608573675156 -0.001449304865673184 -0.1343000084161758 
-0.008535567671060562 -0.04625003784894943 -0.1047819852828979 
0.02473501302301884 0.02860154584050179 -0.127467542886734 
0.03390000015497208 -0.03307145088911057 -0.04457933455705643 
0.04729181528091431 -0.01054209191352129 -0.08728897571563721 
0.04110483452677727 0.01290284562855959 -0.06000994890928268 
0.03953097760677338 0.02809222787618637 -0.06658446043729782 
0.03761737793684006 -0.01360748708248138 -0.0583854541182518 
-0.04697868973016739 -0.01083474513143301 -0.1161208897829056 
0.04247870296239853 -0.006023339927196503 -0.03446667641401291 
0.04103431850671768 0.01796950213611126 -0.07802527397871017 
0.03535010665655136 0.02030878141522408 -0.05464110150933266 
0.01798591949045658 0.006468400824815035 -0.1342999935150146 
0.03981108590960503 -0.02724489755928516 -0.106629304587841 
0.03734857216477394 0.03089573606848717 -0.07335291802883148 
-0.04287450015544891 0.02190268039703369 -0.1254802346229553 
0.04789568483829498 -0.001533957198262215 -0.03292185068130493 
-0.03202705830335617 0.009193742647767067 -0.1000000089406967 
0.01616577804088593 0.01660421304404736 -0.08423586934804916 
0.04814424365758896 -0.003460893407464027 -0.07312437146902084 
0.03828317672014236 0.02635674178600311 -0.0643182098865509 
0.01925397291779518 0.02918098308146 -0.1272098124027252 
0.03772399574518204 0.001130660879425704 -0.05850000306963921 
0.0301801785826683 0.02466930449008942 -0.0964999794960022 
0.03863914310932159 -0.01068955380469561 -0.001718275947496295 
-0.02599971368908882 -0.001929392688907683 -0.1343000084161758 
0.02180889807641506 -0.0159105658531189 -0.08465608209371567 
0.03799999877810478 0.007095367182046175 0.002736361231654882 
0.01401265896856785 -0.0329667404294014 -0.09649999439716339 
0.03586907312273979 -0.01400364376604557 -0.09795967489480972 
-0.02715945616364479 -0.0305666122585535 -0.09649998694658279 
0.006315453443676233 -0.01160022523254156 -0.09199998527765274 
-0.01469352282583714 0.0289003998041153 -0.09714318811893463 
0.03799999877810478 -0.0153499785810709 -0.009450186043977737 
0.03799999877810478 0.0194254033267498 0.01082921586930752 
0.006351383868604898 -0.04635231196880341 -0.1191012188792229 
0.03592759370803833 0.02933782897889614 -0.03695928305387497 
-0.008104681968688965 -0.03058713674545288 -0.1260000020265579 
-0.03872443735599518 -0.02876153402030468 -0.118129163980484 
0.03007170185446739 -0.01496085710823536 -0.06074999645352364 
0.03799999877810478 0.02114409580826759 0.0186222530901432 
0.04496012255549431 0.01816605962812901 -0.07649194449186325 
0.04561890661716461 0.008632967248558998 -0.04762184619903564 
0.02953806519508362 -0.02823974937200546 -0.09987565129995346 
-0.006569511722773314 0.02296020835638046 -0.1343000084161758 
0.03953184932470322 -0.02440975606441498 -0.06891953200101852 
0.04439998418092728 -0.009954298846423626 -0.1260000020265579 
0.04357278347015381 -0.0210411548614502 -0.03348993510007858 
0.0479586198925972 -0.005335275549441576 -0.09941410273313522 
0.01452323328703642 -0.01800000108778477 -0.07771936058998108 
0.04720354825258255 -0.01108796056360006 -0.03202684968709946 
0.03799999505281448 0.02951028011739254 -0.006374149583280087 
-0.0414738729596138 -0.02443666383624077 -0.1160944253206253 
0.005395774263888597 -0.03187562525272369 -0.09843745827674866 
0.04137486219406128 0.02519711852073669 -0.04596254602074623 
0.01455840282142162 0.04587268084287643 -0.1237764284014702 
-0.006467356812208891 -0.03258012235164642 -0.1000000089406967 
-0.003555119037628174 0.01799999736249447 -0.07409216463565826 
0.04257985204458237 0.001928605372086167 -0.09658495336771011 
-0.002135992050170898 0.0003830846399068832 -0.09199997782707214 
0.04036857932806015 -0.005590205546468496 -0.03451136499643326 
-0.02219809219241142 -0.02051161602139473 -0.08323889970779419 
0.04592672735452652 -0.001860054209828377 -0.03344724327325821 
0.04541241377592087 -0.01671823672950268 -0.05382594466209412 
0.04200165346264839 0.02346064522862434 -0.1002759337425232 
0.03799999505281448 -0.02911494858562946 -0.01365451700985432 
0.04389036074280739 -0.001264607766643167 -0.1267148554325104 
0.04069195687770844 0.02630990743637085 -0.08583779633045197 
0.04819758981466293 -0.002118435222655535 -0.121161937713623 
0.01523660589009523 0.04334953054785728 -0.09649998694658279 
-0.01595805771648884 0.02478056214749813 -0.1306242495775223 
0.03147527202963829 -0.01800000108778477 -0.08067195862531662 
0.03586596995592117 -0.0249603521078825 -0.05844170227646828 
0.03904625773429871 0.02830347046256065 -0.1097016781568527 
0.02620453201234341 0.02628914266824722 -0.130500003695488 
0.03390000015497208 -0.01041427627205849 -0.007004191167652607 
-0.001878164941444993 -0.04276809841394424 -0.09792868793010712 
0.03800949826836586 -0.02970583364367485 -0.110492929816246 
0.04666982218623161 0.01315777748823166 -0.0155107332393527 
0.01601691916584969 0.02393355593085289 -0.08649999648332596 
-0.03806834667921066 -0.01934348419308662 -0.1260000020265579 
0.0372195802628994 -0.02006425149738789 -0.03814786672592163 
-0.02608604729175568 -0.01916704885661602 -0.1260000020265579 
0.04407437890768051 0.02016109973192215 -0.02805618196725845 
0.03390513360500336 0.03465273603796959 -0.09440447390079498 
-0.02874084003269672 0.03782658278942108 -0.09649999439716339 
0.03993165493011475 0.02379151992499828 -0.09053917974233627 
0.03390000015497208 0.00972809549421072 0.02161505445837975 
0.03809035196900368 0.01400000508874655 -0.01615502312779427 
-0.0212075375020504 0.02450990863144398 -0.096999891102314 
0.03441821783781052 -0.01800000108778477 -0.0485319197177887 
0.0352424830198288 -0.03021933697164059 -0.04759275168180466 
0.03301709517836571 -0.03552428632974625 -0.08649522811174393 
0.04398569464683533 -0.01504883822053671 -0.03588950261473656 
0.02065606787800789 -0.04338021203875542 -0.1231225952506065 
0.03799999877810478 -0.02374235540628433 0.01518506743013859 
-0.008750896900892258 -0.02290168032050133 -0.08487959951162338 
0.03782560303807259 0.02689910307526588 -0.06843111664056778 
0.03799999505281448 -0.02364136092364788 0.007908126339316368 
0.03371041268110275 -0.02000000700354576 -0.04766201972961426 
-0.02061215043067932 0.02893868088722229 -0.1260000020265579 
-0.0458972342312336 0.01487400010228157 -0.1245102062821388 
0.03800000250339508 -0.0003377641551196575 0.01182706747204065 
0.04649921506643295 -1.589350540598389e-05 -0.06990092992782593 
0.04618034511804581 0.01469615381211042 -0.03596093505620956 
0.01489992346614599 0.01284165121614933 -0.1343000084161758 
0.03958387672901154 0.0167902410030365 -0.0841263085603714 
-0.03281385079026222 0.03569547086954117 -0.09924407303333282 
-0.04670466482639313 -0.01194579619914293 -0.1245829612016678 
0.04103220254182816 -0.0179699994623661 -0.0765707939863205 
0.007260347250849009 -0.04624979943037033 -0.1045366376638412 
0.04821812361478806 0.003551706671714783 -0.05388207361102104 
0.003933145198971033 -0.003715246450155973 -0.09199997782707214 
-0.01444282196462154 0.04180079698562622 -0.130500003695488 
0.03595083206892014 0.0153767317533493 -0.08667012304067612 
0.0422707200050354 -0.01197116822004318 -0.06009398773312569 
0.03615295141935349 -0.02152537181973457 -0.05616068467497826 
0.02892519719898701 -0.005628877785056829 -0.1308923363685608 
-0.01240137219429016 0.0462341234087944 -0.1007385849952698 
0.04667320102453232 -0.01249408721923828 -0.09709873795509338 
0.008468657732009888 -0.03581747785210609 -0.09649998694658279 
0.001369039411656559 0.04669304937124252 -0.12226752191782 
0.03989532962441444 0.01400000415742397 -0.0102903600782156 
0.03085761889815331 -0.03709224984049797 -0.1036055386066437 
0.03113370761275291 0.03587682917714119 -0.1261644512414932 
-0.03042355552315712 -0.01445012167096138 -0.1260000020265579 
0.03390000015497208 -0.01385705359280109 0.01988803595304489 
0.04678286984562874 -0.0125242555513978 -0.0300995409488678 
-0.03712667524814606 0.01881012134253979 -0.08850950747728348 
-0.04542318359017372 -0.0160985104739666 -0.105863481760025 
0.02202392369508743 -0.02000000327825546 -0.06703823804855347 
0.03082767874002457 0.002608380746096373 -0.1275626569986343 
0.02669708430767059 0.01691609434783459 -0.05788262933492661 
0.02221348881721497 0.004413154441863298 -0.09199998527765274 
0.04756759852170944 -0.008067021146416664 -0.1161454766988754 
0.03390000015497208 -0.01574245654046535 -0.01077520474791527 
-0.03081969544291496 -0.01571128144860268 -0.1260000169277191 
0.0132361426949501 0.01796282827854156 -0.08168125152587891 
-0.04809533059597015 -0.003859393065795302 -0.1175677627325058 
0.003254895098507404 -0.03394003957509995 -0.09649998694658279 
0.02746928855776787 -0.001257711090147495 -0.09199998527765274 
0.02893032133579254 -0.005587289109826088 -0.1318449229001999 
-0.01647526398301125 0.01088793203234673 -0.1343000084161758 
0.04593241959810257 -0.01539692934602499 -0.03314552828669548 
0.03887023404240608 0.02487465552985668 -0.06282413750886917 
0.03533319011330605 0.01799999736249447 -0.09175585955381393 
0.04063218832015991 -0.01799999922513962 -0.05271835252642632 
0.01164041459560394 -0.02000000514090061 -0.0691034346818924 
-0.02956776134669781 -0.03799014911055565 -0.122113399207592 
0.03731853142380714 -0.03072816133499146 -0.03799401968717575 
0.04713429138064384 0.01029970403760672 -0.1013485416769981 
0.02348179742693901 -0.03907978162169456 -0.0964999794960022 
0.01464485004544258 0.02055209502577782 -0.08699999004602432 
0.03558094426989555 -0.03287606686353683 -0.0297941155731678 
-0.02397522889077663 -0.009574256837368011 -0.09199998527765274 
0.03803112357854843 0.03001893311738968 -0.03258790448307991 
-0.01911837235093117 0.01948885060846806 -0.1343000084161758 
0.04307743161916733 -0.01583168655633926 -0.0878542959690094 
-0.02933600544929504 -0.02270994707942009 -0.09636113792657852 
0.02797998301684856 -0.01031332835555077 -0.09948009997606277 
-0.0407547801733017 -0.002979958895593882 -0.1269991993904114 
0.03800000250339508 -0.02225411310791969 0.00743476627394557 
-0.04801329225301743 0.004727502353489399 -0.110517792403698 
0.03001778945326805 0.03540471568703651 -0.1305000185966492 
-0.005566645413637161 -0.03192811086773872 -0.1000000014901161 
0.002031737007200718 -0.04231661930680275 -0.09649998694658279 
0.04785600304603577 0.005726637318730354 -0.1254720985889435 
0.04627901315689087 -0.01428986713290215 0.0021629489492625 
0.03883858025074005 0.004551604855805635 -0.06000000983476639 
-0.03047431074082851 -0.009950985200703144 -0.1000000014901161 
0.02917908504605293 0.03841370716691017 -0.1158177554607391 
-0.03433185070753098 0.002822553273290396 -0.1000000089406967 
0.04573368281126022 -0.0083277877420187 -0.04182667657732964 
0.04840890690684319 -0.0008872912731021643 -0.09338385611772537 
0.03785067796707153 0.03025073558092117 -0.06616178900003433 
0.04616934061050415 -0.01480052340775728 -0.02715824916958809 
0.03799999877810478 0.01677070930600166 -0.009986989200115204 
0.0004431266570463777 -0.04808530211448669 -0.09967499971389771 
0.02375113964080811 -0.01744255796074867 -0.1262851357460022 
-0.03839994221925735 -0.01218579243868589 -0.1000000089406967 
0.03878272697329521 0.01799999736249447 -0.07663090527057648 
0.03544660657644272 -0.03268144279718399 -0.1236482188105583 
0.03390000015497208 0.002574203070253134 -0.02545657567679882 
-0.02300422079861164 0.008002137765288353 -0.1343000084161758 
0.04484696686267853 -0.01424643956124783 -0.1040017232298851 
-0.00826707947999239 0.01583893038332462 -0.1343000084161758 
-0.01641494780778885 -0.03686778619885445 -0.1260000020265579 
0.006123285740613937 0.01150289736688137 -0.09199998527765274 
0.04505740851163864 -0.01134218368679285 -0.09111545979976654 
0.03219859674572945 -0.0107613280415535 -0.1260000020265579 
0.0345391184091568 -0.030856529250741 0.01406454853713512 
-0.0003654153551906347 -0.02512111514806747 -0.1343000084161758 
-0.03565797582268715 -0.02000000514090061 -0.09017699956893921 
0.04738083481788635 -0.01034147199243307 -0.03486813604831696 
0.04599248617887497 -0.006596515886485577 -0.0476863831281662 
0.03390000015497208 0.005971935577690601 -0.01001662667840719 
-0.004145878367125988 0.04076309502124786 -0.1385308653116226 
0.0211421325802803 -0.02495974116027355 -0.09936147928237915 
0.04176118969917297 0.01200000010430813 -0.02407531253993511 
-0.03478569164872169 -0.02004546672105789 -0.1260000020265579 
0.03799999877810478 0.004834141116589308 -0.02751704677939415 
0.03700000047683716 -0.008610572665929794 -0.09769009053707123 
-0.04748858883976936 -0.008444039151072502 -0.1111888289451599 
0.003017899114638567 0.04175761714577675 -0.130500003695488 
0.01265755761414766 -0.04619273915886879 -0.1209013164043427 
0.03390000015497208 0.01840407773852348 -0.0216667428612709 
0.03152236342430115 0.02681645750999451 -0.09649998694658279 
-0.003185342065989971 0.03761123865842819 -0.1263358294963837 
0.0389537438750267 0.01232325658202171 -0.1260000020265579 
0.04807715490460396 -0.004067873116582632 -0.1195498704910278 
0.03799999877810478 0.01051213126629591 -0.0224462803453207 
-0.0283039752393961 -0.01800000108778477 -0.09848615527153015 
0.03444691002368927 0.03399093449115753 -0.09956321120262146 
0.03800000250339508 -0.004503743257373571 0.02442015707492828 
0.01825764589011669 -0.01008283719420433 -0.09199998527765274 
-0.001561267767101526 -0.02230333350598812 -0.09199999272823334 
0.03510338068008423 0.01799999736249447 -0.0792694017291069 
-0.01685020513832569 -0.02032314799726009 -0.08291681110858917 
-0.005730342585593462 -0.03698053583502769 -0.1260000020265579 
-0.0163048543035984 -0.008786262944340706 -0.09199998527765274 
0.04832085967063904 -0.001758774509653449 -0.09559417515993118 
-0.01830043643712997 -0.02761558070778847 -0.1000000014901161 
0.01177819445729256 0.01999999955296516 -0.07469666004180908 
0.03390000015497208 0.01643196865916252 -0.02566052600741386 
0.006338278762996197 0.02347652055323124 -0.08650466799736023 
0.002871742472052574 0.03306984901428223 -0.1274079382419586 
-0.01671614497900009 0.0190349742770195 -0.1343000084161758 
0.04402515292167664 -0.01972392201423645 -0.1239372789859772 
0.03390000015497208 -0.02137484215199947 -0.001899320748634636 
0.03746528923511505 -0.02747983857989311 -0.05298080295324326 
0.04563559964299202 -0.002834742423146963 -0.08753041177988052 
-0.002727776765823364 0.006015961989760399 -0.1343000084161758 
0.04817622527480125 -0.002586613642051816 -0.1071910262107849 
0.04109805077314377 -0.02516401186585426 -0.1074123084545135 
-0.04524512588977814 -0.01648134738206863 -0.1181503981351852 
0.0460224524140358 -0.01469046995043755 -0.07202558219432831 
0.0390745997428894 -0.02858635038137436 -0.03260050714015961 
-0.006196971982717514 0.01799999736249447 -0.07698772847652435 
-0.01384714245796204 0.04603149741888046 -0.1125311106443405 
0.03736124560236931 0.03049373440444469 -0.1187170669436455 
0.03390000015497208 -0.005369327031075954 -0.006121213547885418 
0.04589427262544632 0.007298203185200691 -0.07788991928100586 
0.04032494500279427 -0.0269125122576952 -0.06814949214458466 
0.02402462996542454 0.03980268910527229 -0.09638964384794235 
0.04597333818674088 -0.006715739145874977 -0.07962804287672043 
0.03618055582046509 0.03191734850406647 -0.1083279028534889 
-5.47897070646286e-06 0.003039010800421238 -0.09199998527765274 
0.03495626151561737 -0.02034075558185577 -0.02900675125420094 
-0.00950308796018362 0.03245217353105545 -0.1261740922927856 
0.03799999877810478 0.003662109840661287 -0.02210806310176849 
0.04501504451036453 -0.01781916245818138 -0.0793435350060463 
-0.01292432844638824 -0.0284635741263628 -0.1260000020265579 
0.04404256120324135 0.02022179774940014 -0.08551838994026184 
-0.02190699800848961 0.02914297208189964 -0.1260000020265579 
0.008840440772473812 0.02453933656215668 -0.09199998527765274 
0.003351356368511915 0.03953903168439865 -0.1264481395483017 
-0.04636408761143684 0.01322734542191029 -0.123308964073658 
-0.03102291375398636 -0.02017245255410671 -0.08254480361938477 
0.01029722951352596 -0.02000000514090061 -0.0784464031457901 
0.01556729711592197 -0.04565141722559929 -0.1162284761667252 
0.03800000250339508 -0.01847006753087044 0.002981856931000948 
0.03799999877810478 0.01598988845944405 0.01657383516430855 
0.02263457328081131 0.01938819698989391 -0.09635315835475922 
-0.01092675980180502 -0.04625003039836884 -0.121921107172966 
0.04749199002981186 0.009836005046963692 -0.03275365754961967 
0.03390000015497208 -0.00481170229613781 -0.01733222603797913 
0.04389938712120056 0.01528157014399767 -0.064255490899086 
0.04603563249111176 -0.01505667436867952 -0.03089449182152748 
0.03390000015497208 -0.003013548441231251 0.02332720346748829 
0.02071928046643734 0.02489473111927509 -0.09649998694658279 
-0.02734897658228874 -0.008210514672100544 -0.1325000077486038 
0.02324671670794487 -0.04226318746805191 -0.1161817163228989 
0.02101273089647293 0.02482651546597481 -0.128385066986084 
0.02847160026431084 -0.01800000108778477 -0.06529626250267029 
0.03390000015497208 0.01328678987920284 0.03069651871919632 
0.03094520419836044 -0.03514779359102249 -0.1270362734794617 
0.02971619181334972 0.00263735163025558 -0.09725762158632278 
0.02037826739251614 0.02612647227942944 -0.09981531649827957 
0.01265169866383076 -0.01206077449023724 -0.1343000084161758 
0.04555104300379753 -0.003756850492209196 -0.1260145455598831 
-0.02399116009473801 -0.01214984152466059 -0.1343000084161758 
0.04551102221012115 -0.01644185557961464 -0.04803382232785225 
0.03331512212753296 0.02000000141561031 -0.05234520137310028 
0.02553165517747402 -0.01807422935962677 -0.09951593726873398 
0.02971206232905388 0.002281629247590899 -0.09804033488035202 
-0.03232318907976151 0.02847965061664581 -0.130500003695488 
0.004981040954589844 -0.01558652240782976 -0.08668919652700424 
0.03978858888149261 -0.02772659808397293 -0.07779207825660706 
0.006738792639225721 0.008578591048717499 -0.09199998527765274 
0.03913236036896706 0.02821513637900352 -0.1045743674039841 
0.03762776777148247 0.03018124401569366 -0.1112120300531387 
0.03799999505281448 0.003504298161715269 0.01987394317984581 
-0.02694499865174294 -0.004039047285914421 -0.09199998527765274 
0.01884435676038265 -0.02392405271530151 -0.1000000014901161 
-0.02666160650551319 0.03071323782205582 -0.1272963583469391 
0.03390000015497208 0.02343581989407539 0.0134467575699091 
0.03390000015497208 -0.02270017378032207 -0.002299949061125517 
-0.02977830544114113 -0.0002847209107130766 -0.09504370391368866 
-0.01587360352277756 0.04498108103871346 -0.1016775518655777 
0.0363580733537674 -0.02865961194038391 -0.08264702558517456 
-0.02582081779837608 -0.04075629264116287 -0.1036775335669518 
0.03390000015497208 0.03130507469177246 0.0006006490439176559 
-0.04192081838846207 -0.007844279520213604 -0.1000000014901161 
0.01383018679916859 -0.04598377645015717 -0.1165367215871811 
0.01565239205956459 0.02490663528442383 -0.1320833265781403 
-0.009064293466508389 0.01820128038525581 -0.1343000084161758 
0.02937022224068642 -0.03602620214223862 -0.08663693070411682 
0.01487942598760128 0.04589719697833061 -0.1027908697724342 
-0.03555824980139732 -0.03259086236357689 -0.1112514436244965 
-0.03556215018033981 0.02247234433889389 -0.09622463583946228 
0.03768660873174667 -0.03034000098705292 -0.03034712374210358 
-0.004908232949674129 0.03319725021719933 -0.1326379030942917 
0.04436631873250008 -0.01327836140990257 -0.08891963958740234 
0.02911723591387272 0.03847183659672737 -0.106749102473259 
0.02170769684016705 -0.006188218016177416 -0.09199998527765274 
0.01235488243401051 -0.04623104631900787 -0.1190844923257828 
-0.03282910585403442 0.0353340357542038 -0.1151154860854149 
0.0464155301451683 0.01375332102179527 -0.05264207720756531 
0.0133932288736105 0.03210627287626266 -0.0964999794960022 
0.03016594983637333 -0.03758687898516655 -0.1193335428833961 
0.03720984235405922 -0.0005931142950430512 -0.08499998599290848 
0.04540356993675232 -0.002652519149705768 -0.03339171782135963 
0.02833983674645424 0.03870339691638947 -0.1280846297740936 
0.02870660275220871 -0.02159103751182556 -0.1260000020265579 
-0.04466987401247025 -0.01761598512530327 -0.1256490498781204 
0.004123648628592491 0.01922013610601425 -0.08699999749660492 
0.007085034623742104 -0.04497452080249786 -0.09649998694658279 
0.01532917376607656 -0.01183974556624889 -0.09199998527765274 
0.03371590375900269 -0.02982203662395477 -0.0964999794960022 
-0.01897591724991798 0.02249832823872566 -0.08477634191513062 
-0.02861573919653893 0.03879386186599731 -0.1050204709172249 
-0.001154838129878044 -0.04453893750905991 -0.09649999439716339 
0.03896262869238853 0.02840903028845787 -0.1106516271829605 
0.0202352087944746 0.02399999462068081 -0.08546481281518936 
0.04016257077455521 0.02673805318772793 -0.1168632432818413 
0.03799999505281448 0.0002982234582304955 -0.007506560534238815 
0.04414992406964302 -0.008232193998992443 0.001000008196569979 
-0.03445196524262428 -0.01800000108778477 -0.09884560108184814 
-0.003006230108439922 0.04030058532953262 -0.1268212795257568 
0.03854773566126823 0.01388725452125072 -0.08650000393390656 
0.0444222055375576 0.01315996143966913 -0.09405916184186935 
-0.02515872940421104 0.03977806866168976 -0.09649998694658279 
0.04655046015977859 -0.01257041282951832 -0.1152476817369461 
0.009146373718976974 -0.02285132370889187 -0.0848945677280426 
0.03799999877810478 -0.0234580971300602 0.003865772392600775 
0.03800000250339508 -0.02243401855230331 -0.01395551487803459 
0.03641290217638016 -0.02132848650217056 -0.05598291754722595 
0.04638431966304779 -0.002086427062749863 -0.08126064389944077 
0.02551716938614845 -0.03548820689320564 -0.1260000169277191 
0.04550442099571228 -0.01638780906796455 -0.0002115272509399801 
0.02110803127288818 0.02844663523137569 -0.130500003695488 
0.04822633787989616 -0.003255922812968493 -0.0492529422044754 
-0.005642886273562908 -0.00528330635279417 -0.09199998527765274 
-0.01561671029776335 0.02167229913175106 -0.08699999004602432 
0.02109335362911224 -0.04140498489141464 -0.09236248582601547 
0.02947765216231346 -0.02046322077512741 -0.06353203952312469 
0.03326029703021049 -0.008668335154652596 -0.08649999648332596 
0.04582304507493973 -0.01039944216609001 -0.0311608575284481 
0.03952838480472565 -0.02441942691802979 -0.03384043648838997 
0.04199007526040077 -0.02410491928458214 -0.04148312658071518 
0.03325825929641724 -0.02156798727810383 -0.08440656214952469 
0.01386499963700771 0.03498457744717598 -0.1289999932050705 
0.04019824042916298 0.003166073001921177 -0.03291000798344612 
0.04250867664813995 0.02327541448175907 -0.04467136040329933 
0.03705120831727982 0.03125820308923721 -0.08943714201450348 
0.03610929101705551 -0.03200932964682579 -0.06880760937929153 
-0.02553928643465042 -0.04091086238622665 -0.1153701171278954 
0.03390000015497208 -0.008009685203433037 -0.01987726241350174 
0.03727810457348824 0.01567953452467918 -0.1260000020265579 
0.02649786323308945 -0.01344486325979233 -0.09517300128936768 
0.0250980406999588 -0.01784124784171581 -0.09477362036705017 
0.04457802325487137 -0.009210195392370224 0.001109917066060007 
0.03390000015497208 -0.02066788077354431 0.01301694288849831 
0.0433843769133091 -0.01645945571362972 -0.0668589323759079 
0.04399479180574417 0.02029380761086941 -0.09204709529876709 
-0.007816054858267307 -0.02788400277495384 -0.1338202208280563 
0.03390000015497208 -0.007586070336401463 -0.02754790335893631 
0.03390000015497208 -0.03127369657158852 -0.0146439503878355 
0.02847617119550705 0.03580748662352562 -0.130500003695488 
0.01406915951520205 0.01804066449403763 -0.09199998527765274 
0.01023579761385918 -0.04624976217746735 -0.116438627243042 
0.03390000015497208 -0.02009303495287895 0.007303097285330296 
0.0345878005027771 -0.01041746698319912 -0.03328680247068405 
0.004534647800028324 -0.03713465854525566 -0.1260000020265579 
0.03077190183103085 0.03636851161718369 -0.1260000020265579 
0.04003747180104256 -0.02362985722720623 -0.09230419993400574 
-0.0198668297380209 -0.02178290113806725 -0.1292853057384491 
0.01332031283527613 0.02000000141561031 -0.07931283116340637 
-0.009079879149794579 0.04503083601593971 -0.1264214068651199 
0.04572145640850067 0.007815947756171227 -0.0009999958565458655 
-0.01566049084067345 0.04529762268066406 -0.1282663345336914 
0.01016219798475504 -0.0278965849429369 -0.094080850481987 
0.02355212345719337 -0.03992590680718422 -0.09224166721105576 
0.01638125069439411 0.01799999736249447 -0.07732588797807693 
0.004162009339779615 -0.04476850479841232 -0.1260000020265579 
0.03181706368923187 0.01799999736249447 -0.04999762400984764 
0.02780456282198429 0.0230993889272213 -0.08492635190486908 
0.04753905534744263 0.0004702969454228878 -0.03299172967672348 
0.007858958095312119 -0.04349206760525703 -0.1260000020265579 
-0.01607824116945267 0.004115098621696234 -0.09199999272823334 
0.04256588965654373 -0.02273764088749886 -0.06183101981878281 
0.0009480761364102364 -0.02000000327825546 -0.07474564015865326 
-0.02128366008400917 -0.04318279772996902 -0.1107072755694389 
0.02537926286458969 0.0363868921995163 -0.09649998694658279 
0.03154140338301659 0.01799999736249447 -0.07496830821037292 
0.03390000015497208 0.005804341752082109 -0.004393500741571188 
0.01374044921249151 0.02653288841247559 -0.09378759562969208 
0.004739753901958466 0.04451823979616165 -0.1315774917602539 
0.01649924740195274 0.03081518970429897 -0.1285559833049774 
0.0365472249686718 0.02000000141561031 -0.04327338188886642 
0.01889056898653507 0.0305518414825201 -0.1289999932050705 
0.03390000015497208 -0.00546747911721468 -0.02026182785630226 
0.04634970426559448 0.01421712338924408 -0.0269860178232193 
-0.03836932778358459 0.01283130887895823 -0.1260000020265579 
-0.00721448753029108 -0.03360404819250107 -0.1260000020265579 
-0.01864010281860828 -0.04287894815206528 -0.1010589748620987 
0.02957089431583881 0.03188490495085716 -0.12983538210392 
0.03788654506206512 -0.01800000295042992 -0.08041799813508987 
0.03108803182840347 -0.03167979791760445 -0.09671130031347275 
0.01042976696044207 -0.02399999834597111 -0.08601531386375427 
-0.02806247398257256 0.01500470470637083 -0.1000000014901161 
0.03799999877810478 0.02348564937710762 0.01636749133467674 
-0.0297759547829628 0.02961384691298008 -0.130500003695488 
-0.02373844385147095 0.03522307425737381 -0.1260000020265579 
0.000818825326859951 -0.01986320316791534 -0.09199998527765274 
-0.01111059729009867 0.01470735762268305 -0.1343000084161758 
0.04601731523871422 -0.004084147047251463 -0.08324246853590012 
-0.03160243853926659 0.02007076516747475 -0.09326408803462982 
-0.01590277813374996 0.02608263306319714 -0.1260000020265579 
0.04125181585550308 -0.02363347075879574 0.001000008196569979 
-0.008056534454226494 -0.04625004157423973 -0.1046827584505081 
0.02031435631215572 0.02096148580312729 -0.132288783788681 
0.04626718163490295 0.003107137978076935 -0.04797787964344025 
-0.01548831630498171 -0.04567466303706169 -0.1038263961672783 
-0.008351749740540981 -0.01949146389961243 -0.08699999749660492 
-0.0006490381201729178 -0.02735258638858795 -0.1343000084161758 
0.03365663066506386 0.01799999736249447 -0.06758315116167068 
0.04548186808824539 0.001175809768028557 -0.1277000159025192 
0.01532093621790409 0.01570151187479496 -0.08476302772760391 
0.03390000015497208 -0.006075425073504448 -0.004252473823726177 
0.04047892615199089 -0.02667941711843014 -0.04812664166092873 
-0.02593853883445263 0.0195468831807375 -0.09529287368059158 
0.03390000015497208 -0.02367777749896049 0.01139734126627445 
0.03762708976864815 -0.03028208017349243 -0.07040034234523773 
-0.02389644831418991 0.0419003963470459 -0.1184473782777786 
0.03873476386070251 0.006097238510847092 0.001000008196569979 
-0.02472391352057457 -0.02937636524438858 -0.1262196600437164 
0.01643865741789341 -0.02154210954904556 -0.09201587736606598 
0.009077832102775574 -0.005854140967130661 -0.1343000084161758 
0.01935817487537861 0.03281529247760773 -0.1260000020265579 
0.02914981171488762 0.01176944747567177 -0.08649998903274536 
-0.02876586467027664 0.0006674589239992201 -0.1325000077486038 
-0.0370708741247654 0.03084463626146317 -0.09969073534011841 
-0.01269000303000212 -0.02129555493593216 -0.08408775925636292 
0.03390000015497208 0.003734301310032606 0.01864862442016602 
-0.01847884617745876 -0.04435191676020622 -0.1138304769992828 
0.01761889085173607 0.02410141378641129 -0.09750357270240784 
0.03390000015497208 0.01741673983633518 0.01618611812591553 
-0.0008987006731331348 0.003522262442857027 -0.1343000084161758 
0.0339682474732399 0.0008825338445603848 -0.1000000014901161 
0.0271998755633831 0.03862997144460678 -0.1029790490865707 
0.03983815014362335 0.02346581593155861 -0.05358466506004333 
-0.0002351818839088082 0.04669304192066193 -0.121049240231514 
0.03677380084991455 -0.02673517540097237 0.01657210290431976 
0.03390000015497208 -0.03123708441853523 -0.05721645802259445 
0.04494780674576759 0.01819922775030136 -0.06202013045549393 
0.03550099581480026 0.0165711697191 -0.09581616520881653 
0.03652830049395561 0.005869546439498663 0.03122733905911446 
0.03390000015497208 0.00278967060148716 -0.03083778545260429 
0.03390000015497208 0.005196341779083014 0.03007845021784306 
0.0004005973460152745 0.04617441818118095 -0.130500003695488 
0.04566916078329086 -0.01570096239447594 -0.08932627737522125 
-0.02427855134010315 -0.02085906080901623 -0.1000000014901161 
0.04568937420845032 -1.871284621302038e-05 -0.1255000084638596 
-0.02144737541675568 -0.04310987144708633 -0.1110938042402267 
0.03186054527759552 -0.03363124281167984 -0.09532271325588226 
0.03127263858914375 0.02669025212526321 -0.1262803077697754 
0.004275646526366472 -0.02954399213194847 -0.09661917388439178 
-0.003225866239517927 -0.04456124827265739 -0.09649998694658279 
-0.0004182227421551943 -0.02068685553967953 -0.1342999935150146 
0.0202027540653944 0.04358278587460518 -0.1207258850336075 
0.03390000015497208 0.02408808469772339 3.473646938800812e-05 
-0.01978864707052708 0.02063741348683834 -0.1341644823551178 
0.03390000015497208 -0.02040840871632099 0.006157755386084318 
0.04753704369068146 -0.008236323483288288 -0.114626869559288 
0.01273196283727884 0.0440494567155838 -0.1277879923582077 
0.02400861494243145 -0.01440637558698654 -0.08650000393390656 
-0.02031524851918221 0.03627578541636467 -0.1289999932050705 
0.03956224024295807 -0.02805122174322605 -0.04918257892131805 
0.002239772584289312 -0.01881635561585426 -0.09199998527765274 
-0.01923212967813015 -0.044052354991436 -0.1105378642678261 
-0.03464296460151672 -0.03369210660457611 -0.09746003150939941 
0.007218980230391026 -0.02109139040112495 -0.08400678634643555 
0.04541872441768646 -0.01650713197886944 -0.08632200211286545 
0.02835647203028202 0.007627000100910664 -0.1320707201957703 
0.04328407719731331 0.01400000508874655 -0.018309585750103 
0.02378053590655327 0.01714692637324333 -0.1321349143981934 
0.04284128174185753 -0.01348290219902992 -0.09606041014194489 
0.009498219937086105 0.01586172170937061 -0.1343000084161758 
0.03145472705364227 -0.02879097126424313 -0.09805744886398315 
0.03929368779063225 0.02839704602956772 -0.05727208405733109 
-0.047867551445961 -0.005789484363049269 -0.113101951777935 
0.008782524615526199 0.03965868055820465 -0.1289999932050705 
0.003031140193343163 -0.006095162592828274 -0.1343000084161758 
0.0430031418800354 0.01159974001348019 0.002668546047061682 
-1.013610744848847e-05 -0.02399999648332596 -0.08504243195056915 
-0.02683644369244576 -0.0127840144559741 -0.1260000169277191 
0.03390000015497208 -6.129685789346695e-05 -0.004830734804272652 
0.03799999877810478 -0.02176914177834988 0.01344202272593975 
-0.001819994417019188 0.03239039331674576 -0.1368527710437775 
0.04291673377156258 -0.00548141822218895 -0.1260000020265579 
0.04075262695550919 0.01400000415742397 0.01790293864905834 
0.03396712243556976 0.03050825372338295 -0.02170752920210361 
0.001374891959130764 0.02087264880537987 -0.08380308747291565 
-0.0381658598780632 0.01972093060612679 -0.1260000020265579 
-0.02530314773321152 0.0400703139603138 -0.09649998694658279 
0.03390000015497208 0.0005109263584017754 -0.008945837616920471 
-0.009265974164009094 0.03357456624507904 -0.1269116997718811 
0.04242582619190216 0.02348446287214756 -0.02756115607917309 
0.02626235783100128 0.01389187760651112 -0.08499999344348907 
0.005628962069749832 -0.04034560546278954 -0.09649998694658279 
-0.03195178136229515 0.001775353448465466 -0.1000000014901161 
0.03887607902288437 -0.01800000108778477 -0.09196271002292633 
0.03799999505281448 -0.002596312668174505 0.004128110129386187 
0.03517475351691246 -0.006300637498497963 -0.1000000014901161 
0.04834472015500069 0.001736485282890499 -0.06690222024917603 
-0.01805433817207813 0.03773125633597374 -0.130500003695488 
-0.02038043923676014 0.04360577836632729 -0.1064090430736542 
0.03075119853019714 0.02724161557853222 -0.09649999439716339 
0.04141582176089287 -0.001579566858708858 -0.09960178285837173 
0.03509199991822243 0.01730355620384216 -0.03369282186031342 
0.02267865277826786 -0.01885582879185677 -0.1301405876874924 
0.04578239470720291 0.007001736667007208 -0.03654642030596733 
0.02652003243565559 -0.01800000108778477 -0.07147561013698578 
-0.003034802386537194 -0.009821465238928795 -0.09199999272823334 
0.0433809831738472 -0.02129633352160454 -0.06363929808139801 
0.01812753267586231 0.02347775548696518 -0.08650442212820053 
0.03799999877810478 -0.01983204483985901 0.01849096454679966 
0.02005497179925442 -0.01800000108778477 -0.0794425904750824 
-0.02784804627299309 0.0169244185090065 -0.1000000014901161 
0.03362490981817245 -0.02401356399059296 -0.09649999439716339 
0.03921886533498764 0.003912379965186119 -0.03474297374486923 
0.03679763525724411 0.02000000327825546 -0.03647826611995697 
0.04386100172996521 0.02054914273321629 -0.09220458567142487 
0.009402530267834663 0.04496059939265251 -0.1266060620546341 
-0.002890463452786207 -0.03031487017869949 -0.1000000014901161 
-0.0329081304371357 -0.03525276482105255 -0.1042908877134323 
0.04150589555501938 -0.01399999391287565 -0.008067023009061813 
0.03390000015497208 -0.006391866132616997 -0.001848971471190453 
0.04576257616281509 0.002192422281950712 -0.03493857011198997 
0.03834313154220581 0.02626383490860462 -0.03861401230096817 
-0.01467698533087969 0.02890679240226746 -0.09858690947294235 
0.0290217399597168 -0.01212702691555023 -0.1000000014901161 
0.02924356050789356 0.03837529197335243 -0.1063650622963905 
0.03739535436034203 0.03085730783641338 -0.01022902689874172 
0.000357343815267086 -0.02000000514090061 -0.07611817121505737 
0.02847688645124435 -0.01665968261659145 -0.084201380610466 
0.03390000015497208 0.004041426815092564 -0.03200909495353699 
-0.004875172395259142 -0.04824241623282433 -0.09921112656593323 
0.02549389936029911 0.01799999736249447 -0.07370319962501526 
0.03494511172175407 -0.03057803213596344 -0.04878149554133415 
0.003850210923701525 -0.01781388372182846 -0.08258669823408127 
-0.02864580228924751 0.03880263119935989 -0.1030805185437202 
0.04767816141247749 -0.008764303289353848 -0.06369239836931229 
-0.0223461277782917 -0.04262598603963852 -0.1222099214792252 
-0.01853757724165916 0.04459317773580551 -0.09841135889291763 
0.03618622943758965 0.03213631734251976 -0.09389151632785797 
0.03390000015497208 0.02865570411086082 0.009541423991322517 
-0.002286774106323719 -0.03313500061631203 -0.1276857852935791 
0.0243790540844202 0.0285489410161972 -0.12713523209095 
0.03499557822942734 0.003008535131812096 -0.126802995800972 
-0.008393339812755585 0.04419282078742981 -0.1260000020265579 
0.01856637373566628 -0.0234020259231329 -0.09536947309970856 
0.02753698639571667 0.01799999736249447 -0.06801703572273254 
0.02440905943512917 -0.01800000108778477 -0.06903351843357086 
0.03768203407526016 -0.03011561930179596 -0.1121101304888725 
-0.003382295602932572 -0.0343082919716835 -0.1261462420225143 
-0.0290235448628664 -0.005030656233429909 -0.1313032209873199 
0.04835403338074684 -0.001364104798994958 -0.05601904541254044 
-0.03135614469647408 -0.02040454000234604 -0.08839771896600723 
-0.03719502687454224 0.01849371939897537 -0.08883319795131683 
0.02126696333289146 0.004947557114064693 -0.1343000084161758 
-0.0396445095539093 -0.01747522689402103 -0.1260000020265579 
0.04525007680058479 0.002895582932978868 -0.08625274151563644 
0.04649154469370842 -0.0005099342088215053 -0.0909731388092041 
0.03949844464659691 0.02000000141561031 -0.09098726511001587 
0.01120359264314175 0.03807726502418518 -0.1260000020265579 
-0.02558929845690727 0.02422024309635162 -0.1289487183094025 
0.04265723377466202 -0.008152259513735771 -0.03400832787156105 
0.0207856185734272 0.01870377361774445 -0.06316347420215607 
0.04711193591356277 0.0114233260974288 -0.03288295865058899 
0.005566293373703957 -0.02795138023793697 -0.1332999914884567 
0.02977368794381618 0.01049270667135715 -0.08499999344348907 
0.03799999877810478 0.007660363800823689 -0.001100249122828245 
0.02882158569991589 -0.02024403028190136 -0.08873181045055389 
0.03390000015497208 0.02319291234016418 0.01906955800950527 
-0.03816843405365944 -0.02788995578885078 -0.1000000089406967 
-0.01646910794079304 0.04524916037917137 -0.1085747480392456 
0.03983508050441742 0.01466662250459194 -0.08653232455253601 
0.01899347454309464 -0.01589355617761612 -0.09199997782707214 
0.03799999877810478 0.007992558181285858 0.02824744954705238 
-0.03446255996823311 -0.004147156607359648 -0.1260000020265579 
0.02560508251190186 -0.03162737935781479 -0.1260000020265579 
0.009150535799562931 0.01663249172270298 -0.08420637995004654 
0.008640225045382977 0.02431105449795723 -0.09199998527765274 
0.005127878859639168 0.01973348297178745 -0.09199997782707214 
0.04397506266832352 0.01400000415742397 -0.005070589482784271 
-0.01379510015249252 0.02105752378702164 -0.08699998259544373 
0.04237557575106621 -0.02310463413596153 -0.05715253949165344 
0.03162890300154686 0.03600466251373291 -0.1285822987556458 
0.03390000015497208 -0.0009716139174997807 -0.002613211749121547 
-0.003058780916035175 0.03861945867538452 -0.1271968185901642 
0.02870415709912777 -0.01643149182200432 -0.08708915859460831 
0.004279926419258118 -0.004842107649892569 -0.1343000084161758 
0.03865320980548859 -0.02883586473762989 -0.1008704975247383 
0.03799999877810478 0.01924801617860794 -0.001516389311291277 
0.03389999642968178 -0.01267705671489239 0.008932869881391525 
-0.04011370986700058 0.0266364049166441 -0.1136418879032135 
0.03052554838359356 -0.001915738801471889 -0.1277000159025192 
0.01364707853645086 0.004510572180151939 -0.09199999272823334 
0.04081329703330994 -0.02608391083776951 -0.06808474659919739 
-0.006632709410041571 0.04257102310657501 -0.136503279209137 
0.03942618891596794 0.02455441839993 -0.08940991014242172 
0.04817516356706619 0.002337957266718149 -0.1232198029756546 
-0.02033600024878979 0.02000000141561031 -0.08140254765748978 
0.03801928460597992 0.02025166898965836 -0.0302644707262516 
0.03381363302469254 -0.02000000327825546 -0.04652062430977821 
-0.02718508988618851 0.01662201806902885 -0.0855606272816658 
0.03722497820854187 0.02778858691453934 -0.03601736947894096 
-0.01783777959644794 0.04463829845190048 -0.1209217756986618 
0.03390000015497208 -0.0244121216237545 -0.01933942176401615 
-0.0025289177428931 0.04669302701950073 -0.1103262156248093 
0.03166239336133003 0.03404336050152779 -0.09447978436946869 
0.03642034903168678 -0.02884468995034695 -0.03123757429420948 
0.01302220579236746 0.04614758491516113 -0.1185818016529083 
-0.0129567738622427 0.03885161131620407 -0.1260000020265579 
0.01068670023232698 0.04575355350971222 -0.1259966939687729 
0.02952171862125397 -0.02379714511334896 -0.08499998599290848 
0.04236535727977753 -0.01977838575839996 -0.1002070158720016 
-0.005731943994760513 -0.01885554008185863 -0.08699999004602432 
0.03851234167814255 -0.02187582105398178 -0.0009999959729611874 
0.005804748740047216 -0.04641479253768921 -0.100354477763176 
-0.03077043034136295 0.03269803524017334 -0.1255994141101837 
0.002444062847644091 -0.04669281840324402 -0.1125407516956329 
-0.004023091867566109 0.04777298867702484 -0.127349928021431 
0.02285055443644524 -0.04249059781432152 -0.1047697067260742 
0.03297785297036171 -0.02313809469342232 -0.08657198399305344 
0.01985291019082069 0.03892439603805542 -0.1260000020265579 
0.0393645353615284 0.02830603532493114 -0.06655585765838623 
-0.0004301208537071943 0.02829492464661598 -0.1325000077486038 
0.03623060882091522 0.005728233605623245 -0.1260000020265579 
0.005248787347227335 -0.03595101833343506 -0.1260000020265579 
0.03799999877810478 0.007605157792568207 -0.002932870760560036 
0.04532063007354736 -0.0169778224080801 -0.05882105231285095 
-0.03390288725495338 -0.02349516749382019 -0.09649936854839325 
0.03612517192959785 -0.02921576239168644 -0.06708460301160812 
0.03799999877810478 0.01911447942256927 0.01204250939190388 
-0.01594829000532627 -0.02000000514090061 -0.07849353551864624 
0.04004358872771263 0.01400000415742397 -0.01522551476955414 
0.01446617115288973 -0.04598186165094376 -0.1021192967891693 
0.03001170977950096 -0.03768539801239967 -0.1204905807971954 
-0.01805517449975014 -0.01687861047685146 -0.08398617804050446 
-0.02882455475628376 0.01427761744707823 -0.1260000020265579 
0.03144074976444244 -0.03684774041175842 -0.09140307456254959 
-0.01602135039865971 -0.01456065289676189 -0.09199998527765274 
0.03846609219908714 -0.01200000382959843 -0.01347383018583059 
0.03617877885699272 0.03150000423192978 -0.08561592549085617 
0.04773799329996109 0.008060231804847717 -0.08202572166919708 
-0.01070024073123932 0.04483317211270332 -0.1305440664291382 
0.03476941585540771 -0.03077901899814606 -0.05216203629970551 
0.034181147813797 -0.03151451796293259 -0.04732085019350052 
0.02770870737731457 -0.01800000108778477 -0.0692659318447113 
0.0353703610599041 -0.03017276898026466 -0.08140937238931656 
0.03059807047247887 0.01542496774345636 -0.06120464950799942 
0.02060415782034397 -0.04370943456888199 -0.09153647720813751 
-0.01487558335065842 0.01445152051746845 -0.08619660884141922 
0.03700000047683716 -0.002715875394642353 -0.09717201441526413 
0.03041170910000801 -0.01739693433046341 -0.08344894647598267 
0.03854038193821907 0.02054927870631218 -0.04161463677883148 
0.03494457900524139 -0.008420863188803196 0.03239300847053528 
-0.01284447498619556 -0.02396540343761444 -0.09206056594848633 
0.03728559985756874 -0.009730791673064232 -0.0964999794960022 
0.03939671441912651 0.02780275046825409 -0.1150367930531502 
-0.0008420201484113932 0.04669303447008133 -0.1133454218506813 
0.02003998681902885 -0.02081345766782761 -0.08727656304836273 
0.03390000015497208 -0.005519840866327286 0.03063908591866493 
0.04836168885231018 -0.001493421965278685 -0.04153144732117653 
0.03797559440135956 -0.02669564075767994 -0.09417306631803513 
0.005606015212833881 0.03022204712033272 -0.1260000020265579 
-0.008397760801017284 -0.04242060333490372 -0.1260000020265579 
0.03769639879465103 -0.02711077034473419 -0.08994857966899872 
0.04643816128373146 -0.00128491164650768 -0.05456972122192383 
0.0213541965931654 0.01656808704137802 -0.08427593857049942 
0.03799999505281448 -0.001783780753612518 -0.004878412932157516 
0.0361059159040451 -0.03228169307112694 -0.03833396732807159 
-0.02101715281605721 0.04370161890983582 -0.09941696375608444 
0.0300978422164917 0.02000000141561031 -0.07844958454370499 
0.04709038510918617 -0.01051214057952166 -0.1035971567034721 
-0.03900095820426941 0.0283952858299017 -0.1089241430163383 
0.03892037644982338 -0.006808664184063673 -0.03213738650083542 
0.02763105742633343 -0.03838323056697845 -0.1260000020265579 
0.03390000015497208 0.002202743198722601 0.007196780294179916 
0.00727979838848114 -0.04355766624212265 -0.1260000020265579 
0.02257420867681503 -0.01800000108778477 -0.07749126851558685 
0.004068720620125532 0.0406159833073616 -0.139324352145195 
0.03562625125050545 0.01380565576255322 -0.08499999344348907 
0.02002901397645473 0.02216340601444244 -0.09770680963993073 
-0.003068541176617146 -0.01693451032042503 -0.1343000084161758 
0.02782488241791725 0.0120159862563014 -0.08649999648332596 
0.03390000015497208 0.03132659941911697 -0.008136797696352005 
0.04289115592837334 0.01400000415742397 -0.01954695023596287 
0.04801254346966743 0.004779203794896603 -0.1019450053572655 
-0.001092738122679293 -0.0466928519308567 -0.1153255477547646 
0.0389283299446106 -0.012000004760921 0.0255146287381649 
0.03513788804411888 0.02984429337084293 -0.1260171234607697 
-0.006860131397843361 0.002409886568784714 -0.09199998527765274 
0.03704587370157242 0.02793328836560249 -0.06923281401395798 
-0.002460981020703912 0.04669302701950073 -0.1147876530885696 
0.03799999877810478 0.02267889492213726 0.01935566961765289 
-0.01916494965553284 -0.02278441376984119 -0.09493713825941086 
0.03453653305768967 0.02000000141561031 -0.07465517520904541 
0.03799999505281448 -0.005843003746122122 -0.007149499375373125 
0.03363193944096565 0.01799999736249447 -0.07553650438785553 
0.04678395763039589 -0.002203293144702911 0.001000008196569979 
0.003016038332134485 0.04570294544100761 -0.1304999887943268 
0.001883012591861188 0.04243957623839378 -0.1280441880226135 
-0.0008677294244989753 -0.04030094668269157 -0.09649998694658279 
-0.02231738157570362 0.0427238866686821 -0.1129994690418243 
0.0467737689614296 -0.01247889269143343 -0.04720695689320564 
0.03889875859022141 0.02890436910092831 -0.08094143122434616 
0.04472710937261581 0.01235129777342081 -0.07504972070455551 
0.03751716017723083 -0.01769941300153732 -0.03427223116159439 
0.03443647548556328 -0.03369388729333878 -0.118601068854332 
0.03703048825263977 0.0256461575627327 -0.09649998694658279 
-0.01689868606626987 0.02447404526174068 -0.09767573326826096 
0.03390000015497208 0.002277600578963757 0.02732086181640625 
0.03625937923789024 0.03150000423192978 -0.04756946116685867 
0.03390000015497208 0.02659162692725658 -0.02295686677098274 
0.03336409479379654 -0.03267525881528854 -0.07182683795690536 
-0.01527515519410372 0.02665928192436695 -0.1260000020265579 
0.02703145146369934 -0.03553684055805206 -0.1260000020265579 
3 2042 1504 1749 
3 957 3449 1055 
3 3449 371 1055 
3 2794 371 3449 
3 1504 3176 1749 
3 1504 2835 3938 
3 109 2042 1638 
3 109 1504 2042 
3 2835 109 1638 
3 109 2835 1504 
3 3449 2646 1749 
3 957 2646 3449 
3 1804 957 1055 
3 2152 2794 3449 
3 2367 1039 426 
3 2367 3022 1039 
3 1987 483 1638 
3 2302 1120 2114 
3 1120 2302 426 
3 2302 3377 426 
3 1059 2042 1749 
3 149 1120 426 
3 2080 149 1203 
3 1329 957 3559 
3 3176 1129 1749 
3 2451 1504 3938 
3 2451 3176 1504 
3 2646 1992 1749 
3 1992 2646 957 
3 1992 957 559 
3 957 3200 3559 
3 1804 3200 957 
3 3200 228 3559 
3 987 818 2764 
3 3963 987 2764 
3 818 987 1272 
3 987 3201 1272 
3 3201 1815 1272 
3 1815 545 1272 
3 3817 227 2317 
3 227 3817 371 
3 227 371 2794 
3 227 3191 2317 
3 3191 227 2794 
3 2617 3250 2048 
3 3377 568 426 
3 568 2367 426 
3 3824 3497 3377 
3 3824 2302 2114 
3 2302 3824 3377 
3 1629 1451 60 
3 1451 1987 60 
3 1987 1451 1629 
3 3726 3122 3859 
3 559 804 1749 
3 804 2403 1749 
3 2403 804 559 
3 2042 2699 1638 
3 2125 2721 2730 
3 2721 1481 624 
3 1481 2721 2125 
3 292 818 1272 
3 818 292 566 
3 292 521 566 
3 149 2045 1203 
3 2045 1779 1203 
3 1779 2045 3813 
3 149 463 1120 
3 463 149 2080 
3 545 1763 3054 
3 1295 2055 559 
3 3250 3694 2048 
3 1741 3694 3184 
3 3817 464 371 
3 2985 3823 1804 
3 1905 1129 3176 
3 1905 3449 1749 
3 1129 1905 1749 
3 448 2152 3449 
3 2152 448 2165 
3 1905 448 3449 
3 1190 2712 2165 
3 2506 2451 3938 
3 2835 1567 3938 
3 1567 3122 3726 
3 2152 230 2794 
3 230 3100 1756 
3 230 3191 2794 
3 230 736 3933 
3 736 230 2567 
3 3750 559 1749 
3 1992 3750 1749 
3 3750 1992 559 
3 654 3022 1970 
3 654 1283 3963 
3 1146 2113 291 
3 3314 1146 291 
3 3022 1146 1039 
3 2744 3963 2764 
3 2564 2602 426 
3 987 3140 3201 
3 1763 2474 3054 
3 1350 93 397 
3 1350 2204 3486 
3 1212 3918 3933 
3 2470 2617 1943 
3 2617 2470 545 
3 1239 545 1815 
3 2069 1239 1815 
3 1239 3140 2832 
3 3140 1239 2069 
3 1748 3694 3250 
3 3694 1748 3184 
3 3140 1748 2832 
3 1748 3140 3184 
3 3191 3463 2317 
3 568 3903 2367 
3 3022 3903 1970 
3 3903 3022 2367 
3 3903 3377 1970 
3 3903 568 3377 
3 1146 3566 1039 
3 3566 1146 3314 
3 2564 1866 291 
3 1866 3314 291 
3 1866 3566 3314 
3 3566 1866 1039 
3 1039 1866 426 
3 1866 2564 426 
3 1987 1517 483 
3 2316 998 483 
3 998 2316 2722 
3 2358 3533 483 
3 998 2358 483 
3 2358 998 277 
3 2358 1567 3533 
3 3122 2358 277 
3 1567 2358 3122 
3 1120 3344 2114 
3 3344 3366 2114 
3 1109 3366 2722 
3 1660 3344 1120 
3 998 935 277 
3 935 998 2722 
3 1660 935 3344 
3 1481 3230 560 
3 3230 1481 2125 
3 1226 3230 2125 
3 567 3726 3859 
3 757 2403 169 
3 2699 1144 1638 
3 3421 522 1987 
3 3421 919 522 
3 3421 1987 1629 
3 919 3421 1629 
3 2403 1503 169 
3 1503 2403 559 
3 2055 1503 559 
3 267 2371 169 
3 267 3583 3367 
3 3583 1269 253 
3 3583 267 169 
3 1503 3583 169 
3 2949 624 2730 
3 2721 2949 2730 
3 2949 2721 624 
3 2236 1226 2125 
3 1555 521 2915 
3 521 1555 566 
3 1555 1331 566 
3 521 1341 2915 
3 234 2081 3486 
3 3101 2081 2486 
3 2236 3101 2486 
3 3101 2236 2125 
3 3425 292 1272 
3 292 3425 521 
3 1155 149 426 
3 1155 2045 149 
3 2045 1778 3813 
3 1778 1155 426 
3 1155 1778 2045 
3 1490 3100 3953 
3 28 230 2712 
3 230 28 3100 
3 1763 3440 573 
3 3440 545 2418 
3 3440 1763 545 
3 1763 2636 3546 
3 2636 1763 3953 
3 690 1393 3546 
3 93 584 397 
3 584 93 1263 
3 3634 3694 1741 
3 2055 3634 1741 
3 1295 3634 2055 
3 2931 464 2985 
3 2931 1804 1055 
3 2931 2985 1804 
3 464 2931 371 
3 371 2931 1055 
3 3522 464 3817 
3 1180 3200 1804 
3 3823 1180 1804 
3 957 3407 559 
3 1050 1295 559 
3 1050 3634 1295 
3 662 1905 3176 
3 1905 662 3722 
3 448 3019 2165 
3 3019 1905 3722 
3 3019 448 1905 
3 1190 1391 1356 
3 1391 1190 1428 
3 1859 1350 397 
3 1190 1859 397 
3 854 550 3938 
3 550 2506 3938 
3 629 662 3176 
3 662 629 3722 
3 2451 629 3176 
3 2506 1063 2451 
3 3082 1063 2506 
3 1063 629 2451 
3 629 1063 3082 
3 611 3019 3722 
3 629 611 3722 
3 611 629 3082 
3 611 1481 560 
3 1567 2046 3938 
3 2046 1567 3726 
3 2046 854 3938 
3 567 2046 3726 
3 2046 567 854 
3 2096 2835 1638 
3 2096 1567 2835 
3 483 2096 1638 
3 3533 2096 483 
3 1567 2096 3533 
3 3220 230 2152 
3 230 3220 2712 
3 3220 2152 2165 
3 2712 3220 2165 
3 114 690 3546 
3 114 3747 690 
3 2636 114 3546 
3 3747 114 2712 
3 114 2636 2712 
3 3184 1702 1269 
3 1269 1702 253 
3 1702 1110 253 
3 925 1283 1110 
3 925 1702 3184 
3 1702 925 1110 
3 1283 925 3963 
3 3377 3049 1970 
3 3497 3049 3377 
3 3954 3824 2114 
3 3366 3954 2114 
3 2856 2744 2113 
3 2856 1146 3022 
3 1146 2856 2113 
3 654 525 3022 
3 525 2856 3022 
3 2856 525 2744 
3 525 654 3963 
3 2744 525 3963 
3 818 3422 2764 
3 3868 3422 818 
3 3422 3868 3581 
3 2113 2458 291 
3 1937 2458 3581 
3 496 1815 3201 
3 3140 496 3201 
3 496 2069 1815 
3 496 3140 2069 
3 3104 987 3963 
3 3104 3140 987 
3 3140 3104 3184 
3 925 3104 3963 
3 1434 2474 3546 
3 2474 1434 1263 
3 2474 1662 3546 
3 1662 2474 1763 
3 398 2155 1272 
3 2474 398 3054 
3 2081 398 3486 
3 2155 398 2081 
3 398 545 3054 
3 545 398 1272 
3 561 93 1350 
3 561 1350 3486 
3 93 561 1263 
3 561 2474 1263 
3 398 561 3486 
3 561 398 2474 
3 3918 1098 3933 
3 545 303 2418 
3 2470 303 545 
3 1115 2617 545 
3 1748 1115 2832 
3 1115 1239 2832 
3 1239 1115 545 
3 2418 57 573 
3 57 48 573 
3 2858 303 2470 
3 2858 2470 1943 
3 2858 230 1756 
3 230 2858 2567 
3 736 2858 1943 
3 2858 736 2567 
3 3100 373 1756 
3 373 2858 1756 
3 2858 373 48 
3 928 2617 2048 
3 928 3463 2617 
3 3463 928 2317 
3 2299 3463 3191 
3 230 2299 3191 
3 2299 230 3933 
3 2299 1098 3918 
3 1098 2299 3933 
3 2316 722 2722 
3 722 3957 2722 
3 3957 722 2737 
3 3118 722 483 
3 722 2316 483 
3 919 2558 522 
3 463 288 1120 
3 288 1660 1120 
3 3366 258 2722 
3 258 935 2722 
3 3344 258 3366 
3 935 258 3344 
3 1745 1432 3366 
3 954 2836 528 
3 2836 1432 528 
3 1789 935 1660 
3 935 1789 277 
3 1789 3122 277 
3 1789 822 3122 
3 1075 3230 1226 
3 2229 1481 2080 
3 2229 929 1481 
3 1600 567 3859 
3 1600 611 567 
3 1481 1600 2080 
3 611 1600 1481 
3 822 1600 3122 
3 1692 3082 2506 
3 567 1692 854 
3 1692 550 854 
3 550 1692 2506 
3 757 907 2403 
3 907 757 855 
3 2403 907 1749 
3 907 855 1749 
3 757 3311 855 
3 3311 757 169 
3 1987 1389 60 
3 1678 1144 2699 
3 2214 2699 2042 
3 1754 2214 2042 
3 243 2214 1754 
3 243 267 3367 
3 2214 243 2699 
3 243 1678 2699 
3 1144 243 3367 
3 1678 243 1144 
3 903 2371 1059 
3 903 3311 169 
3 2371 2216 1059 
3 3388 2216 2371 
3 2216 3388 1059 
3 1059 3388 2042 
3 3388 1754 2042 
3 1551 3583 1503 
3 3583 1551 1269 
3 1551 3184 1269 
3 3822 2236 2486 
3 2236 3822 1226 
3 1331 703 3156 
3 703 1555 3156 
3 1555 703 1331 
3 1555 76 3156 
3 76 1341 3156 
3 76 1555 2915 
3 1341 76 2915 
3 1331 1132 566 
3 3432 2125 2730 
3 3180 1782 234 
3 3180 2204 1350 
3 2155 1742 1272 
3 1742 3425 1272 
3 1229 1341 521 
3 3425 1229 521 
3 3523 1229 929 
3 375 1778 426 
3 1778 375 3813 
3 1782 1835 1540 
3 3230 1835 560 
3 3434 1391 1428 
3 1835 3434 1428 
3 3434 1835 1782 
3 3180 3434 1782 
3 1391 3434 1350 
3 3434 3180 1350 
3 1763 693 3953 
3 693 1490 3953 
3 693 1763 573 
3 1490 693 3100 
3 3351 693 573 
3 693 3351 3100 
3 396 28 2712 
3 396 2636 3953 
3 2636 396 2712 
3 3100 3031 3953 
3 28 3031 3100 
3 3031 396 3953 
3 396 3031 28 
3 2 2418 573 
3 3440 2 573 
3 2 3440 2418 
3 1270 1393 690 
3 1393 1270 2712 
3 3747 1270 690 
3 1270 3747 2712 
3 584 1187 397 
3 1187 1190 397 
3 1190 1187 2712 
3 1187 1393 2712 
3 464 499 2985 
3 3522 499 464 
3 499 3823 2985 
3 499 1050 3823 
3 928 499 2317 
3 499 928 2048 
3 499 3817 2317 
3 499 3522 3817 
3 2888 1180 3823 
3 3200 2888 228 
3 1180 2888 3200 
3 3407 2888 559 
3 228 2888 3559 
3 2888 3407 957 
3 2888 1050 559 
3 1050 2888 3823 
3 1647 1190 2165 
3 3019 1647 2165 
3 1647 3019 1190 
3 984 1190 1356 
3 984 1859 1190 
3 1859 984 1350 
3 1391 984 1356 
3 984 1391 1350 
3 3019 3426 1190 
3 611 3426 3019 
3 3426 611 560 
3 1428 3426 560 
3 1190 3426 1428 
3 2560 1283 528 
3 1283 2560 1110 
3 1110 2560 253 
3 3003 954 528 
3 3003 764 954 
3 1283 3003 528 
3 764 3003 1283 
3 764 3649 954 
3 75 764 1283 
3 75 3649 764 
3 3049 75 1970 
3 3649 75 3049 
3 799 3954 3366 
3 2843 3422 3581 
3 2843 2458 2113 
3 2458 2843 3581 
3 3422 2843 2764 
3 2843 2744 2764 
3 2744 2843 2113 
3 3581 2224 784 
3 3868 2224 3581 
3 1265 2602 2564 
3 1937 1265 2564 
3 1265 1937 2602 
3 2458 2515 291 
3 1937 2515 2458 
3 2515 2564 291 
3 2515 1937 2564 
3 3002 925 3184 
3 3104 3002 3184 
3 3002 3104 925 
3 3336 1763 3546 
3 1662 3336 3546 
3 3336 1662 1763 
3 1425 736 1943 
3 2617 1171 3250 
3 1115 1171 2617 
3 1171 1748 3250 
3 1171 1115 1748 
3 2858 3922 2418 
3 3922 2858 48 
3 3922 57 2418 
3 57 3922 48 
3 303 3155 2418 
3 3155 2858 2418 
3 2858 3155 303 
3 373 923 48 
3 48 923 573 
3 923 3351 573 
3 3351 923 3100 
3 923 373 3100 
3 3518 2299 3918 
3 3518 3918 1212 
3 3518 1212 3933 
3 736 3518 3933 
3 2124 3518 736 
3 183 2560 528 
3 722 3274 2737 
3 2104 3118 483 
3 2104 1477 3118 
3 1517 2104 483 
3 2558 1998 522 
3 522 1998 1987 
3 1998 1517 1987 
3 1597 2104 1517 
3 1998 1597 1517 
3 1597 1998 2558 
3 288 3977 1660 
3 3977 463 2080 
3 3977 288 463 
3 1276 1745 3366 
3 1109 1276 3366 
3 1075 105 2486 
3 105 1075 1226 
3 105 3822 2486 
3 3822 105 1226 
3 2409 1075 2486 
3 1782 2409 2486 
3 2409 1782 1540 
3 1835 2409 1540 
3 3452 1835 3230 
3 2409 3452 1075 
3 3452 2409 1835 
3 2229 2608 929 
3 3122 237 3859 
3 237 1600 3859 
3 1600 237 3122 
3 611 1799 567 
3 1799 1692 567 
3 1799 611 3082 
3 1692 1799 3082 
3 1116 903 1059 
3 855 1082 1749 
3 3311 1082 855 
3 1082 1059 1749 
3 1082 1116 1059 
3 903 1082 3311 
3 1116 1082 903 
3 1144 1806 1638 
3 1806 1987 1638 
3 1806 1389 1987 
3 2690 1144 3367 
3 2371 1952 169 
3 1952 903 169 
3 903 1952 2371 
3 1636 243 1754 
3 3388 1636 1754 
3 243 1636 267 
3 1636 2371 267 
3 1636 3388 2371 
3 1019 1503 2055 
3 1019 1551 1503 
3 1019 2055 1741 
3 1551 1019 3184 
3 1019 1741 3184 
3 1341 1442 3156 
3 2837 1132 3342 
3 3009 2837 3342 
3 3009 2143 1132 
3 3468 2155 2081 
3 3432 3468 2125 
3 3468 3101 2125 
3 3101 3468 2081 
3 122 234 3486 
3 122 3180 234 
3 2204 122 3486 
3 3180 122 2204 
3 1229 1858 1341 
3 1858 1229 3523 
3 3623 2969 2953 
3 375 2969 3813 
3 234 3393 2081 
3 3393 1782 2486 
3 2081 3393 2486 
3 3245 1428 560 
3 1835 3245 560 
3 3245 1835 1428 
3 182 584 2206 
3 182 1187 584 
3 1187 182 1393 
3 1393 182 3546 
3 2157 499 2048 
3 499 2157 1050 
3 1050 2157 3634 
3 3694 2157 2048 
3 3634 2157 3694 
3 3625 1329 3559 
3 2888 3625 3559 
3 1329 3625 957 
3 3625 2888 957 
3 3649 1526 954 
3 1526 3954 954 
3 1526 3049 3497 
3 1526 3649 3049 
3 3824 1526 3497 
3 1432 3821 3366 
3 3821 799 3366 
3 2836 3703 1432 
3 646 3868 818 
3 2224 646 784 
3 646 2224 3868 
3 646 407 784 
3 3343 646 2953 
3 646 1655 2953 
3 332 3623 2953 
3 1655 332 2953 
3 646 332 1655 
3 769 646 3343 
3 646 769 407 
3 407 769 784 
3 1937 1107 2602 
3 1107 1045 2602 
3 1045 3096 2718 
3 3096 3581 784 
3 769 3096 784 
3 3777 2143 3009 
3 3777 3009 3342 
3 3777 3342 1203 
3 340 3777 1203 
3 1588 818 566 
3 1588 646 818 
3 332 1588 836 
3 1588 332 646 
3 584 3091 2206 
3 3091 3501 2206 
3 3501 3091 584 
3 3501 3173 2206 
3 182 3173 3546 
3 3173 182 2206 
3 3173 1434 3546 
3 3879 3501 584 
3 3879 584 1263 
3 1434 3879 1263 
3 3173 3879 1434 
3 3879 3173 3501 
3 3353 2124 736 
3 1425 3353 736 
3 3353 1425 1943 
3 2617 3353 1943 
3 2124 3353 2617 
3 1315 2124 2617 
3 1315 3518 2124 
3 3463 1315 2617 
3 2299 1315 3463 
3 3518 1315 2299 
3 1432 2004 528 
3 2004 183 528 
3 2885 3274 722 
3 2104 501 2863 
3 2945 1789 1660 
3 3977 2945 1660 
3 1789 2945 822 
3 2945 1600 822 
3 2945 3977 2080 
3 514 1109 2722 
3 514 1276 1109 
3 514 2722 2058 
3 1745 514 2058 
3 1276 514 1745 
3 1075 2500 3230 
3 2500 3452 3230 
3 3452 2500 1075 
3 3011 3523 929 
3 2608 3011 929 
3 276 2229 2080 
3 276 2608 2229 
3 276 2080 1203 
3 3342 276 1203 
3 3028 276 3342 
3 1981 276 3028 
3 1442 276 1981 
3 1316 2690 3367 
3 1806 3760 1389 
3 2770 1442 1341 
3 2230 1442 1981 
3 1093 3009 1132 
3 2837 1093 1132 
3 1093 2837 3009 
3 3327 3432 2155 
3 3468 3327 2155 
3 3327 3468 3432 
3 624 115 2730 
3 115 3432 2730 
3 3432 115 2155 
3 115 1742 2155 
3 1229 793 929 
3 793 2946 929 
3 2946 793 1229 
3 1492 906 3813 
3 906 1779 3813 
3 1492 3273 3623 
3 3273 539 3623 
3 3273 1492 3813 
3 539 3273 3813 
3 539 1898 3623 
3 1898 2969 3623 
3 1898 539 3813 
3 2969 1898 3813 
3 1782 1699 234 
3 1699 3393 234 
3 3393 1699 1782 
3 3954 1135 3824 
3 1135 1526 3824 
3 1526 1135 3954 
3 654 3880 1283 
3 3880 3254 1283 
3 3254 3880 654 
3 2060 3254 654 
3 2060 654 1970 
3 75 2060 1970 
3 3703 551 1432 
3 1635 2836 954 
3 1635 3703 2836 
3 3954 1635 954 
3 3703 1635 3954 
3 2027 1492 3623 
3 2027 332 836 
3 2027 906 1492 
3 1588 2027 836 
3 2599 769 3343 
3 2599 375 426 
3 769 2599 2718 
3 2599 3343 2953 
3 2599 1045 2718 
3 2969 2599 2953 
3 2599 2969 375 
3 2602 2599 426 
3 1045 2599 2602 
3 1225 1937 3581 
3 3096 1225 3581 
3 3572 769 2718 
3 3096 3572 2718 
3 3572 3096 769 
3 1779 2430 1203 
3 2430 340 1203 
3 906 2430 1779 
3 2027 2430 906 
3 11 340 91 
3 2143 3109 1132 
3 1132 3109 566 
3 3109 1188 566 
3 498 1588 566 
3 1188 498 566 
3 523 722 3118 
3 523 2885 722 
3 1477 523 3118 
3 2885 523 1477 
3 2273 2104 2863 
3 2885 2273 1969 
3 2104 2273 1477 
3 2273 2885 1477 
3 3274 2088 2737 
3 853 2088 3274 
3 3957 975 2722 
3 2722 975 2058 
3 975 853 3274 
3 975 1745 2058 
3 1745 975 1432 
3 975 2004 1432 
3 975 3274 183 
3 2004 975 183 
3 2023 2885 1969 
3 2885 2023 3274 
3 3274 2023 183 
3 1597 3515 2104 
3 3515 1597 2558 
3 3515 2558 919 
3 1600 745 2080 
3 745 2945 2080 
3 2945 745 1600 
3 3011 94 3523 
3 94 1858 3523 
3 1858 94 1341 
3 94 2770 1341 
3 3011 2254 3337 
3 2254 3011 2608 
3 2254 2770 3337 
3 2770 2254 1442 
3 276 2254 2608 
3 2254 276 1442 
3 1389 959 60 
3 1316 959 1389 
3 642 919 1629 
3 642 3515 919 
3 3515 642 501 
3 642 1316 3367 
3 642 3583 253 
3 3583 642 3367 
3 136 3760 1806 
3 3760 136 2690 
3 1316 3397 2690 
3 3397 1316 1389 
3 3760 3397 1389 
3 2361 3028 3342 
3 1132 2361 3342 
3 1352 2230 1981 
3 2361 974 3028 
3 974 2361 1132 
3 974 1331 3156 
3 974 1132 1331 
3 952 1229 3425 
3 952 115 1229 
3 1742 3882 3425 
3 3882 952 3425 
3 952 3882 115 
3 115 3882 1742 
3 85 2946 1229 
3 115 85 1229 
3 1607 2060 75 
3 1607 75 1283 
3 3254 1607 1283 
3 551 2416 799 
3 2416 551 3703 
3 799 2416 3954 
3 2416 3703 3954 
3 3821 701 799 
3 701 551 799 
3 701 3821 1432 
3 551 701 1432 
3 332 1606 3623 
3 1606 2027 3623 
3 2027 1606 332 
3 1225 3081 1937 
3 3081 1225 1045 
3 3081 1107 1937 
3 1107 3081 1045 
3 2687 3096 1045 
3 1225 2687 1045 
3 2687 1225 3096 
3 321 11 91 
3 11 321 3777 
3 498 321 91 
3 321 498 2092 
3 1711 3777 340 
3 11 1711 340 
3 1711 11 3777 
3 3777 3511 2143 
3 3511 3109 2143 
3 3109 3511 3777 
3 3109 430 1188 
3 430 498 1188 
3 498 430 2092 
3 558 3109 3777 
3 558 430 3109 
3 3158 2027 1588 
3 498 3158 1588 
3 3158 2430 2027 
3 3158 498 91 
3 340 3158 91 
3 2430 3158 340 
3 2088 1189 2737 
3 1189 2088 853 
3 1189 3957 2737 
3 1189 853 3957 
3 853 1706 3957 
3 1706 975 3957 
3 975 1706 853 
3 879 2023 1969 
3 2023 879 501 
3 2273 879 1969 
3 501 879 2863 
3 879 2273 2863 
3 3360 501 2104 
3 3515 3360 2104 
3 3360 3515 501 
3 1825 3011 3337 
3 1825 94 3011 
3 2770 1825 3337 
3 94 1825 2770 
3 642 26 1316 
3 959 26 60 
3 26 959 1316 
3 26 1629 60 
3 26 642 1629 
3 279 642 253 
3 642 279 501 
3 2560 279 253 
3 183 279 2560 
3 2023 279 183 
3 279 2023 501 
3 3461 136 1806 
3 136 3461 2690 
3 3461 1806 1144 
3 2690 3461 1144 
3 833 3760 2690 
3 3397 833 2690 
3 833 3397 3760 
3 974 2524 3028 
3 2524 1981 3028 
3 2524 1352 1981 
3 2029 974 3156 
3 974 2029 2230 
3 1442 2029 3156 
3 2230 2029 1442 
3 2999 85 115 
3 2999 115 624 
3 85 2999 2946 
3 2946 2999 929 
3 1481 2999 624 
3 929 2999 1481 
3 2060 2352 3254 
3 2352 1607 3254 
3 1607 2352 2060 
3 321 1299 3777 
3 1299 321 2092 
3 1299 558 3777 
3 430 1299 2092 
3 558 1299 430 
3 511 974 2230 
3 511 2524 974 
3 1352 511 2230 
3 2524 511 1352 
Vertices and facets:
- p1504(v28): 0.034 -0.015  0.03
- p2042(v22): -0.047 -0.011  -0.1
- p1749(v6): -0.038 -0.031 -0.097
- p957(v30): -0.031 -0.037 -0.098
- p3449(v15): 0.035 -0.031 0.014
- p1055(v14): -0.017 -0.045 -0.096
- p371(v53): -0.0086 -0.047 -0.096
- p2794(v31): 0.034 -0.032 0.007
- p3176(v55): 0.035 -0.021 0.026
- p2835(v56): 0.034 -0.011 0.032
- p3938(v4): 0.035 -0.0084 0.032
- p109(v57): -0.047 -0.011  -0.1
- p1638(v12): -0.047 -0.01  -0.1
- p2646(v59): -0.033 -0.035 -0.096
- p1804(v60): -0.019 -0.045 -0.098
- p2152(v61): 0.036 -0.032 0.0052
- p2367(v76): 0.0032 0.047  -0.1
- p1039(v20): 0.014 0.046 -0.096
- p426(v11): 0.035 0.034 0.0012
- p3022(v78): 0.0028 0.048 -0.13
- p1987(v80): -0.048 0.0038  -0.1
- p483(v43): -0.046 0.013  -0.1
- p2302(v82): 0.034 0.033 0.0037
- p1120(v44): 0.035 0.031 0.012
- p2114(v10): -0.021 0.044 -0.098
- p3377(v41): -0.012 0.046  -0.1
- p1059(v87): -0.044 -0.02  -0.1
- p149(v94): 0.037  0.03 0.0086
- p2080(v85): 0.046 0.014 0.0069
- p1203(v49):  0.04 0.027 0.00051
- p1329(v103): -0.027 -0.04 -0.11
- p3559(v27): -0.026 -0.041  -0.1
- p1129(v104): 0.034 -0.028 0.016
- p2451(v107): 0.036 -0.02 0.026
- p1992(v111): -0.032 -0.036 -0.097
- p559(v8): -0.033 -0.035 -0.13
- p3200(v112): -0.024 -0.042  -0.1
- p228(v54): -0.025 -0.041 -0.11
- p987(v120): 0.029 -0.00068 -0.13
- p818(v65): 0.033 0.033 -0.13
- p2764(v5): 0.0066  0.04 -0.14
- p3963(v115): 0.0041 0.041 -0.14
- p1272(v35): 0.047 -0.0027 -0.13
- p3201(v66): 0.029 -0.0018 -0.13
- p1815(v121): 0.024 -0.016 -0.13
- p545(v129): 0.032 -0.036 -0.13
- p227(v131): -0.0042 -0.048 -0.097
- p3817(v72): -0.0049 -0.048 -0.099
- p2317(v3): -0.0019 -0.048 -0.098
- p3191(v70): 0.0016 -0.048 -0.097
- p2617(v132): 0.016 -0.045 -0.13
- p3250(v117): 0.0046 -0.029 -0.13
- p2048(v38): -0.0041 -0.046 -0.13
- p568(v134): -0.0046 0.047  -0.1
- p3824(v135): -0.019 0.045 -0.098
- p3497(v77): -0.014 0.046 -0.11
- p1451(v137): -0.048 0.0029 -0.11
- p1629(v62): -0.048 0.0034 -0.12
- p60(v1): -0.048 4e-05 -0.11
- p3122(v141): 0.036 0.016 0.028
- p3726(v84): 0.037 0.0059 0.031
- p3859(v45): 0.038 0.008 0.028
- p804(v146): -0.037 -0.031 -0.12
- p2403(v86): -0.039 -0.028 -0.13
- p2699(v148): -0.047 -0.011 -0.11
- p2721(v152): 0.048 -0.0012 -0.038
- p2125(v89): 0.048 -0.0048 -0.033
- p2730(v2): 0.048 -0.00031 -0.08
- p1481(v143): 0.048 0.0019 0.001
- p624(v47): 0.048 0.0013 -0.035
- p292(v161): 0.047 0.0077 -0.13
- p566(v17): 0.043 0.023 -0.13
- p521(v92): 0.048 0.0081 -0.13
- p2045(v165): 0.039 0.029 -0.00023
- p1779(v164): 0.039 0.028 -0.026
- p3813(v163): 0.037 0.031 -0.01
- p463(v166): 0.036  0.03 0.011
- p1763(v169): 0.037 -0.031 -0.12
- p3054(v9): 0.039 -0.028 -0.13
- p1295(v171): -0.03 -0.033 -0.13
- p2055(v116): -0.022 -0.019 -0.13
- p3694(v172): -0.00065 -0.027 -0.13
- p1741(v64): -0.013 -0.023 -0.13
- p3184(v63): -0.0036 0.034 -0.14
- p464(v173): -0.013 -0.046 -0.12
- p3823(v174): -0.022 -0.043 -0.12
- p2985(v101): -0.018 -0.045 -0.12
- p1905(v175): 0.035 -0.029 0.017
- p448(v176): 0.036 -0.03 0.012
- p2165(v29): 0.038 -0.03 0.006
- p1190(v177): 0.045 -0.018 0.00017
- p2712(v109): 0.038 -0.03 -0.0018
- p2506(v178): 0.037 -0.0095 0.029
- p1567(v180): 0.035 0.011 0.032
- p230(v181): 0.035 -0.033 -0.00089
- p3100(v168): 0.035 -0.034 -0.024
- p1756(v7): 0.035 -0.033 -0.0075
- p736(v126): 0.022 -0.043 -0.092
- p3933(v36): 0.021 -0.044 -0.092
- p2567(v69): 0.023 -0.042 -0.09
- p3750(v184): -0.035 -0.034 -0.097
- p654(v188): -0.004 0.048 -0.13
- p1970(v40): -0.0048 0.048 -0.13
- p1283(v186): -0.0065 0.041 -0.14
- p1146(v190): 0.0068 0.047 -0.13
- p2113(v118): 0.019 0.042 -0.13
- p291(v42):  0.02 0.044 -0.13
- p3314(v136): 0.015 0.046 -0.12
- p2744(v191): 0.0068 0.043 -0.14
- p2602(v192): 0.024 0.042  -0.1
- p2564(v79): 0.018 0.045 -0.099
- p3140(v196): 0.0045 0.034 -0.14
- p2474(v197): 0.041 -0.026 -0.13
- p93(v198): 0.043 -0.023 -0.098
- p1350(v124): 0.045 -0.019 -0.092
- p397(v25): 0.043 -0.023 -0.03
- p2204(v201): 0.045 -0.019 -0.094
- p3486(v67): 0.044 -0.02 -0.12
- p3918(v203): 0.014 -0.046  -0.1
- p1212(v68): 0.016 -0.045 -0.11
- p2470(v204): 0.028 -0.039 -0.13
- p1943(v18): 0.024 -0.042 -0.12
- p1239(v205): 0.015 -0.022 -0.13
- p2069(v195): 0.017 -0.02 -0.13
- p2832(v19): 0.013 -0.024 -0.13
- p1748(v206): 0.006 -0.027 -0.13
- p3463(v209): 0.013 -0.046 -0.12
- p3903(v213): -0.004 0.048 -0.13
- p3566(v214): 0.015 0.046  -0.1
- p1866(v215): 0.017 0.045 -0.097
- p1517(v216): -0.047 0.011 -0.11
- p2316(v217): -0.042 0.023  -0.1
- p998(v139): -0.036  0.02 -0.086
- p2722(v81): -0.038  0.03 -0.099
- p2358(v218): 0.034 0.014 0.031
- p3533(v108): 0.034 0.013 0.031
- p277(v21): 0.034  0.02 0.027
- p3344(v219): -0.029 0.038 -0.096
- p3366(v140): -0.033 0.036 -0.099
- p1109(v220): -0.036 0.032  -0.1
- p1660(v221): 0.035 0.027  0.02
- p935(v222): 0.034 0.023 0.025
- p3230(v225): 0.047 -0.01 0.00034
- p560(v13): 0.047 -0.011 0.0017
- p1226(v154): 0.048 -0.0082 -0.032
- p567(v227): 0.038 -0.001  0.03
- p757(v228): -0.041 -0.025 -0.12
- p169(v46): -0.043 -0.022 -0.12
- p1144(v229): -0.047 -0.0098 -0.11
- p3421(v231): -0.048 0.0047 -0.11
- p522(v138): -0.048 0.0068 -0.11
- p919(v150): -0.048 0.0044 -0.12
- p1503(v232): -0.04 -0.025 -0.13
- p2371(v234): -0.045 -0.018 -0.12
- p267(v151): -0.045 -0.017 -0.12
- p3583(v235): -0.045 -0.018 -0.13
- p3367(v88): -0.047 -0.012 -0.12
- p1269(v33): -0.028 -0.0034 -0.13
- p253(v16): -0.044 0.0028 -0.13
- p2949(v236): 0.048 0.00057 -0.044
- p2236(v237): 0.048 -0.0077 -0.044
- p1555(v238): 0.046 0.014 -0.12
- p2915(v48): 0.047 0.012 -0.12
- p1331(v155): 0.045 0.018 -0.12
- p1341(v239): 0.047  0.01 -0.097
- p234(v243): 0.047 -0.012 -0.12
- p2081(v160): 0.048 -0.0048 -0.12
- p3101(v244): 0.048 -0.0059 -0.051
- p2486(v50): 0.048 -0.0093 -0.077
- p3425(v245): 0.048 0.0057 -0.13
- p1155(v247): 0.036 0.033 0.0018
- p1778(v248): 0.038  0.03 -0.0018
- p1490(v250): 0.036 -0.033 -0.038
- p3953(v96): 0.036 -0.032 -0.038
- p28(v251): 0.036 -0.032 -0.0056
- p3440(v252): 0.035 -0.033 -0.12
- p573(v37): 0.033 -0.035 -0.099
- p2418(v71): 0.031 -0.037 -0.12
- p2636(v253): 0.039 -0.028 -0.076
- p3546(v51):  0.04 -0.028 -0.078
- p1393(v254):  0.04 -0.027 -0.023
- p690(v98):  0.04 -0.028 -0.033
- p584(v255): 0.042 -0.025 -0.037
- p1263(v123): 0.042 -0.024 -0.12
- p3634(v256): -0.0078 -0.028 -0.13
- p2931(v257): -0.016 -0.046 -0.12
- p3522(v258): -0.011 -0.046 -0.12
- p1180(v259): -0.022 -0.043 -0.11
- p3407(v260): -0.03 -0.038 -0.12
- p1050(v261): -0.026 -0.039 -0.13
- p662(v262): 0.036 -0.027 0.017
- p3722(v105): 0.037 -0.027 0.017
- p3019(v263): 0.037 -0.027 0.015
- p1391(v264): 0.045 -0.017 -0.029
- p1356(v52): 0.045 -0.018 -0.029
- p1428(v110): 0.047 -0.014 -0.0034
- p1859(v266): 0.044 -0.019 -0.072
- p550(v267): 0.037 -0.0078 0.031
- p854(v142): 0.037 -0.0033 0.031
- p629(v268): 0.037 -0.02 0.023
- p1063(v269): 0.038 -0.018 0.025
- p3082(v179):  0.04 -0.013 0.023
- p611(v270): 0.042 -0.012 0.019
- p2046(v271): 0.036 0.00078 0.032
- p2096(v272): 0.034 0.007 0.032
- p3220(v273): 0.037 -0.032 0.0017
- p114(v274):  0.04 -0.028 -0.052
- p3747(v182):  0.04 -0.028 -0.049
- p1702(v275): -0.028 0.0019 -0.13
- p1110(v185): -0.028 0.0046 -0.13
- p925(v277): -0.0033 0.038 -0.14
- p3049(v278): -0.011 0.047 -0.13
- p3954(v280): -0.021 0.044 -0.099
- p2856(v283): 0.0078 0.044 -0.13
- p525(v284): 0.0062 0.043 -0.14
- p3422(v287):  0.03 0.035 -0.13
- p3868(v288): 0.032 0.036 -0.13
- p3581(v193): 0.028 0.039 -0.13
- p2458(v289): 0.025 0.041 -0.13
- p1937(v290): 0.024 0.042 -0.13
- p496(v292): 0.021 -0.012 -0.13
- p3104(v293): 0.0036 0.037 -0.14
- p1434(v294):  0.04 -0.027 -0.088
- p1662(v295):  0.04 -0.027 -0.11
- p398(v296): 0.043 -0.021 -0.13
- p2155(v242): 0.048 -0.0013 -0.12
- p561(v297): 0.043 -0.021 -0.12
- p1098(v300): 0.014 -0.046  -0.1
- p303(v301):  0.03 -0.037 -0.12
- p1115(v302): 0.011 -0.026 -0.13
- p57(v304): 0.032 -0.036 -0.097
- p48(v208): 0.031 -0.037 -0.082
- p2858(v305): 0.027 -0.04 -0.089
- p373(v307): 0.035 -0.034 -0.014
- p928(v308): 0.0095 -0.046 -0.12
- p2299(v309): 0.0095 -0.047  -0.1
- p722(v314): -0.043 0.023  -0.1
- p3957(v312): -0.039 0.028 -0.11
- p2737(v211): -0.042 0.024 -0.12
- p3118(v210): -0.043 0.021  -0.1
- p2558(v316): -0.048 0.0079 -0.12
- p288(v318): 0.035 0.029 0.016
- p258(v319): -0.032 0.035 -0.096
- p1745(v320): -0.033 0.036 -0.12
- p1432(v223): -0.031 0.037 -0.13
- p2836(v321): -0.029 0.038 -0.13
- p954(v187): -0.019 0.044 -0.13
- p528(v114): -0.029 0.037 -0.13
- p1789(v323): 0.035 0.024 0.024
- p822(v224): 0.038  0.02 0.023
- p1075(v324): 0.048 -0.0098 -0.045
- p2229(v325): 0.047 0.012 0.003
- p929(v226): 0.048 0.0084 -0.00064
- p1600(v326): 0.043 0.012 0.018
- p1692(v327): 0.038 -0.0087 0.029
- p907(v328): -0.039 -0.028 -0.12
- p855(v147): -0.039 -0.028 -0.11
- p3311(v329): -0.041 -0.024 -0.12
- p1389(v330): -0.048 -0.0036 -0.11
- p1678(v331): -0.047 -0.011 -0.11
- p2214(v332): -0.047 -0.012 -0.11
- p1754(v230): -0.047 -0.013 -0.11
- p243(v333): -0.046 -0.014 -0.12
- p903(v334): -0.044 -0.02 -0.11
- p2216(v335): -0.045 -0.018 -0.11
- p3388(v336): -0.045 -0.016 -0.11
- p1551(v337): -0.025 -0.013 -0.13
- p3822(v338): 0.048 -0.0088 -0.064
- p703(v339): 0.045 0.016 -0.12
- p3156(v90): 0.046 0.016 -0.095
- p76(v340): 0.046 0.013 -0.12
- p1132(v344): 0.044 0.019 -0.094
- p3432(v346): 0.048 -0.00089 -0.093
- p3180(v347): 0.046 -0.015 -0.12
- p1782(v249): 0.047 -0.011 -0.093
- p1742(v348): 0.048 0.00042 -0.12
- p1229(v349): 0.048 0.009 -0.099
- p3523(v341): 0.047 0.0098 -0.033
- p375(v352): 0.035 0.033 -0.0038
- p1835(v354): 0.047 -0.012 -0.023
- p1540(v95): 0.047 -0.01 -0.062
- p3434(v355): 0.046 -0.015 -0.027
- p693(v356): 0.034 -0.035 -0.083
- p3351(v306): 0.033 -0.036 -0.086
- p396(v357): 0.038 -0.031 -0.011
- p3031(v358): 0.036 -0.032 -0.036
- p2(v359): 0.032 -0.036 -0.12
- p1270(v360):  0.04 -0.028 -0.025
- p1187(v361):  0.04 -0.027 -0.02
- p499(v362): -0.0097 -0.046 -0.12
- p2888(v363): -0.025 -0.042 -0.12
- p1647(v364): 0.038 -0.028 0.0098
- p984(v365): 0.045 -0.018 -0.057
- p3426(v366): 0.046 -0.014 0.0022
- p2560(v368): -0.033 0.029 -0.13
- p3003(v369): -0.024  0.04 -0.13
- p764(v279): -0.019 0.043 -0.13
- p3649(v370): -0.016 0.045 -0.13
- p75(v371): -0.01 0.047 -0.13
- p799(v372): -0.026 0.041  -0.1
- p2843(v374):  0.02 0.041 -0.13
- p2224(v375):  0.03 0.037 -0.13
- p784(v119):  0.03 0.038 -0.12
- p1265(v381): 0.023 0.042 -0.12
- p2515(v382): 0.023 0.042 -0.13
- p3002(v384): -0.0019 0.037 -0.14
- p3336(v387): 0.038 -0.03 -0.11
- p1425(v388): 0.023 -0.042 -0.12
- p1171(v389): 0.0093 -0.027 -0.13
- p3922(v390): 0.031 -0.037 -0.091
- p3155(v391): 0.031 -0.037 -0.12
- p923(v392): 0.032 -0.036 -0.086
- p3518(v393): 0.016 -0.046 -0.12
- p2124(v299): 0.018 -0.045 -0.12
- p183(v396): -0.035 0.031 -0.13
- p3274(v397): -0.043 0.022 -0.13
- p2104(v398): -0.046 0.014  -0.1
- p1477(v311): -0.045 0.018  -0.1
- p1998(v399): -0.047 0.0093 -0.11
- p1597(v400): -0.047 0.012 -0.11
- p3977(v401): 0.038 0.023 0.019
- p1276(v402): -0.036 0.032 -0.12
- p105(v403): 0.048 -0.0093 -0.055
- p2409(v404): 0.047 -0.01 -0.055
- p3452(v405): 0.047 -0.01 -0.035
- p2608(v406): 0.047 0.013 -0.0031
- p237(v407): 0.038 0.012 0.027
- p1799(v408): 0.041 -0.012 0.023
- p1116(v409): -0.043 -0.021  -0.1
- p1082(v410): -0.039 -0.028  -0.1
- p1806(v411): -0.048 -0.0078  -0.1
- p2690(v412): -0.047 -0.0092 -0.12
- p1952(v413): -0.043 -0.021 -0.12
- p1636(v414): -0.046 -0.015 -0.11
- p1019(v415): -0.022 -0.017 -0.13
- p1442(v418): 0.046 0.014 -0.026
- p2837(v420): 0.044  0.02 -0.056
- p3342(v158): 0.044  0.02 -0.028
- p3009(v345): 0.043 0.022 -0.038
- p2143(v421): 0.044 0.021 -0.074
- p3468(v422): 0.048 -0.0041 -0.12
- p122(v423): 0.046 -0.016 -0.12
- p1858(v425): 0.047 0.0099 -0.096
- p2969(v429): 0.037 0.031 -0.035
- p3623(v350): 0.037 0.031 -0.089
- p2953(v246): 0.035 0.033 -0.098
- p3393(v431): 0.048 -0.0081 -0.12
- p3245(v432): 0.047 -0.013 -0.0098
- p182(v433): 0.041 -0.026 -0.035
- p2206(v170): 0.041 -0.026 -0.038
- p2157(v434): -0.0092 -0.045 -0.13
- p3625(v435): -0.026 -0.041 -0.12
- p1526(v436): -0.015 0.046 -0.12
- p3821(v438): -0.029 0.039  -0.1
- p3703(v439): -0.024 0.042 -0.12
- p646(v440): 0.033 0.035 -0.13
- p407(v377): 0.031 0.037 -0.12
- p3343(v351): 0.034 0.035 -0.094
- p1655(v378): 0.035 0.033 -0.12
- p332(v442): 0.037 0.031 -0.12
- p769(v443): 0.032 0.036 -0.095
- p1107(v444): 0.025 0.041 -0.11
- p1045(v380): 0.026  0.04 -0.11
- p3096(v445): 0.029 0.039 -0.12
- p2718(v285): 0.028 0.039  -0.1
- p3777(v447): 0.042 0.023 -0.028
- p340(v446): 0.041 0.026 -0.023
- p1588(v449): 0.041 0.026 -0.13
- p836(v194):  0.04 0.027 -0.12
- p3091(v450): 0.041 -0.026 -0.049
- p3501(v386):  0.04 -0.027 -0.068
- p3173(v451):  0.04 -0.027 -0.079
- p3879(v452): 0.041 -0.026 -0.068
- p3353(v453): 0.021 -0.043 -0.12
- p1315(v454): 0.014 -0.046 -0.12
- p2004(v455): -0.036 0.031 -0.13
- p2885(v456): -0.044 0.019 -0.12
- p501(v458): -0.046 0.015 -0.13
- p2863(v315): -0.046 0.016 -0.12
- p2945(v459): 0.038 0.022 0.021
- p514(v460): -0.037 0.031 -0.12
- p2058(v75): -0.037 0.031 -0.12
- p2500(v461): 0.047 -0.01 -0.033
- p3011(v462): 0.047 0.012 -0.0053
- p276(v463): 0.046 0.015 -0.0013
- p3028(v240): 0.045 0.018 -0.028
- p1981(v343): 0.046 0.016 -0.034
- p1316(v464): -0.048 -0.0023 -0.12
- p3760(v465): -0.048 -0.0058 -0.11
- p2770(v466): 0.046 0.014 -0.026
- p2230(v469): 0.045 0.017 -0.063
- p1093(v470): 0.044  0.02 -0.071
- p3327(v471): 0.048 -0.0021 -0.12
- p115(v474): 0.048 0.00087 -0.095
- p793(v475): 0.048 0.007 -0.042
- p2946(v426): 0.048 0.0051 -0.034
- p906(v476):  0.04 0.028 -0.078
- p1492(v427): 0.039 0.029 -0.086
- p3273(v477): 0.037 0.031 -0.073
- p539(v428): 0.037 0.031 -0.071
- p1898(v478): 0.037 0.031 -0.06
- p1699(v479): 0.047 -0.011 -0.11
- p1135(v480): -0.019 0.044 -0.099
- p3880(v481): -0.0066 0.043 -0.14
- p3254(v437): -0.0069 0.045 -0.13
- p2060(v482): -0.0061 0.047 -0.13
- p551(v483): -0.026  0.04 -0.11
- p1635(v484): -0.021 0.043 -0.12
- p2027(v485):  0.04 0.028 -0.098
- p2599(v486): 0.035 0.034 -0.0052
- p1225(v487): 0.027  0.04 -0.12
- p3572(v488): 0.029 0.038 -0.11
- p2430(v489):  0.04 0.027 -0.026
- p11(v491): 0.042 0.025 -0.066
- p91(v383): 0.041 0.025 -0.093
- p3109(v493): 0.044  0.02 -0.094
- p1188(v492): 0.042 0.023 -0.099
- p498(v494): 0.041 0.025 -0.098
- p523(v495): -0.044  0.02 -0.11
- p2273(v496): -0.045 0.017 -0.11
- p1969(v133): -0.044 0.019 -0.12
- p2088(v497): -0.042 0.024 -0.12
- p853(v457): -0.041 0.026 -0.12
- p975(v498): -0.039 0.028 -0.12
- p2023(v499): -0.044  0.02 -0.13
- p3515(v500): -0.046 0.013 -0.12
- p745(v501): 0.043 0.014 0.014
- p94(v502): 0.047 0.012 -0.018
- p2254(v503): 0.047 0.013 -0.0054
- p3337(v23): 0.047 0.013 -0.016
- p959(v504): -0.048 -0.0026 -0.11
- p642(v505): -0.048 -0.00061 -0.13
- p136(v506): -0.048 -0.0073 -0.11
- p3397(v507): -0.048 -0.0039 -0.12
- p2361(v509): 0.045 0.019 -0.073
- p1352(v510): 0.045 0.017 -0.053
- p974(v511): 0.045 0.018 -0.087
- p952(v512): 0.048 0.0051 -0.12
- p3882(v513): 0.048 0.0023 -0.12
- p85(v514): 0.048 0.0066 -0.072
- p1607(v516): -0.0095 0.046 -0.13
- p2416(v517): -0.025 0.041 -0.11
- p701(v518): -0.027  0.04 -0.11
- p1606(v519): 0.039 0.029 -0.098
- p3081(v520): 0.025 0.041 -0.12
- p2687(v521): 0.027  0.04 -0.12
- p321(v523): 0.042 0.025 -0.071
- p2092(v490): 0.042 0.024 -0.057
- p1711(v524): 0.041 0.025 -0.027
- p3511(v525): 0.044  0.02 -0.086
- p430(v526): 0.043 0.023 -0.095
- p558(v527): 0.044  0.02 -0.085
- p3158(v528): 0.041 0.026 -0.098
- p1189(v529): -0.041 0.026 -0.12
- p1706(v530): -0.039 0.028 -0.12
- p879(v531): -0.045 0.018 -0.12
- p3360(v532): -0.046 0.015 -0.12
- p1825(v533): 0.047 0.013 -0.016
- p26(v534): -0.048 -0.00028 -0.12
- p279(v535): -0.046 0.014 -0.13
- p3461(v536): -0.047 -0.0084 -0.11
- p833(v537): -0.048 -0.0063 -0.12
- p2524(v538): 0.045 0.018 -0.037
- p2029(v539): 0.045 0.017 -0.084
- p2999(v540): 0.048 0.0033 -0.036
- p2352(v541): -0.0079 0.046 -0.13
- p1299(v542): 0.042 0.023 -0.035
- p511(v543): 0.045 0.017 -0.047
- f105
    - flags: bottom simplicial
    - normal:   -0.8139  -0.3056   0.4942
    - offset: 0.00809337
    - vertices: p1504(v28) p2042(v22) p1749(v6)
    - neighboring facets: f386 f234 f245
- f115
    - flags: top simplicial
    - normal:   -0.4797  -0.8135   0.3288
    - offset: -0.01315746
    - vertices: p957(v30) p3449(v15) p1055(v14)
    - neighboring facets: f225 f256 f255
- f225
    - flags: bottom simplicial
    - normal:   -0.2425   -0.941   0.2361
    - offset: -0.02397872
    - vertices: p371(v53) p3449(v15) p1055(v14)
    - neighboring facets: f115 f1275 f226
- f226
    - flags: bottom simplicial
    - normal:   -0.2296  -0.9453   0.2317
    - offset: -0.02449564
    - vertices: p371(v53) p2794(v31) p3449(v15)
    - neighboring facets: f262 f225 f612
- f234
    - flags: bottom simplicial
    - normal:   -0.7489  -0.4603   0.4767
    - offset: 0.00409169
    - vertices: p3176(v55) p1504(v28) p1749(v6)
    - neighboring facets: f105 f469 f483
- f239
    - flags: bottom simplicial
    - normal:   0.06708  -0.3212   0.9446
    - offset: -0.0356485
    - vertices: p2835(v56) p1504(v28) p3938(v4)
    - neighboring facets: f482 f870 f247
- f244
    - flags: top simplicial
    - normal:   -0.8628  -0.1988   0.4648
    - offset: 0.004010612
    - vertices: p109(v57) p2042(v22) p1638(v12)
    - neighboring facets: f693 f246 f245
- f245
    - flags: top simplicial
    - normal:     -0.83  -0.2334   0.5065
    - offset: 0.009357245
    - vertices: p109(v57) p1504(v28) p2042(v22)
    - neighboring facets: f105 f244 f247
- f246
    - flags: bottom simplicial
    - normal:   -0.8389  -0.1798   0.5137
    - offset: 0.01023661
    - vertices: p109(v57) p2835(v56) p1638(v12)
    - neighboring facets: f1342 f244 f247
- f247
    - flags: top simplicial
    - normal:   -0.8386  -0.1822   0.5135
    - offset: 0.01020574
    - vertices: p109(v57) p2835(v56) p1504(v28)
    - neighboring facets: f239 f245 f246
- f253
    - flags: bottom simplicial
    - normal:   -0.6733  -0.5976   0.4353
    - offset: -0.001306001
    - vertices: p2646(v59) p3449(v15) p1749(v6)
    - neighboring facets: f841 f506 f255
- f255
    - flags: bottom simplicial
    - normal:   -0.5688  -0.7314   0.3762
    - offset: -0.008215929
    - vertices: p2646(v59) p957(v30) p3449(v15)
    - neighboring facets: f115 f253 f507
- f256
    - flags: top simplicial
    - normal:   -0.4884  -0.8418   0.2299
    - offset: -0.02412668
    - vertices: p1804(v60) p957(v30) p1055(v14)
    - neighboring facets: f115 f1272 f511
- f262
    - flags: top simplicial
    - normal:    0.3474  -0.9215   0.1738
    - offset: -0.04287708
    - vertices: p2152(v61) p2794(v31) p3449(v15)
    - neighboring facets: f226 f844 f879
- f337
    - flags: top simplicial
    - normal:   0.02002   0.9924   0.1216
    - offset: -0.0342333
    - vertices: p2367(v76) p1039(v20) p426(v11)
    - neighboring facets: f1051 f630 f348
- f348
    - flags: bottom simplicial
    - normal:   0.04963    0.998  0.03977
    - offset: -0.04277835
    - vertices: p3022(v78) p2367(v76) p1039(v20)
    - neighboring facets: f337 f928 f1040
- f354
    - flags: top simplicial
    - normal:   -0.9516  0.03274   0.3057
    - offset: -0.01381193
    - vertices: p1987(v80) p483(v43) p1638(v12)
    - neighboring facets: f1344 f2040 f1054
- f362
    - flags: top simplicial
    - normal:   -0.4199   0.8516   0.3139
    - offset: -0.01524342
    - vertices: p2302(v82) p1120(v44) p2114(v10)
    - neighboring facets: f1068 f635 f363
- f363
    - flags: bottom simplicial
    - normal:    0.2166    0.949   0.2291
    - offset: -0.03974209
    - vertices: p2302(v82) p1120(v44) p426(v11)
    - neighboring facets: f425 f365 f362
- f365
    - flags: top simplicial
    - normal:   -0.0457   0.9886   0.1432
    - offset: -0.03184529
    - vertices: p2302(v82) p3377(v41) p426(v11)
    - neighboring facets: f629 f363 f636
- f386
    - flags: top simplicial
    - normal:   -0.8901  -0.3806   0.2506
    - offset: -0.02075677
    - vertices: p1059(v87) p2042(v22) p1749(v6)
    - neighboring facets: f105 f2034 f1662
- f425
    - flags: top simplicial
    - normal:    0.6706   0.7263   0.1509
    - offset: -0.04795873
    - vertices: p149(v94) p1120(v44) p426(v11)
    - neighboring facets: f363 f1221 f785
- f428
    - flags: bottom simplicial
    - normal:    0.8667   0.4658   0.1787
    - offset: -0.04746159
    - vertices: p149(v94) p2080(v85) p1203(v49)
    - neighboring facets: f2295 f781 f786
- f465
    - flags: top simplicial
    - normal:   -0.5543  -0.8323 -0.0005213
    - offset: -0.0482887
    - vertices: p1329(v103) p957(v30) p3559(v27)
    - neighboring facets: f510 f2139 f2141
- f469
    - flags: bottom simplicial
    - normal:   -0.7127  -0.5291   0.4606
    - offset: 0.001774184
    - vertices: p1129(v104) p3176(v55) p1749(v6)
    - neighboring facets: f234 f842 f838
- f482
    - flags: top simplicial
    - normal:    0.6772  -0.3209   0.6621
    - offset: -0.04781565
    - vertices: p2451(v107) p1504(v28) p3938(v4)
    - neighboring facets: f239 f856 f483
- f483
    - flags: top simplicial
    - normal:    0.5964  -0.3867   0.7035
    - offset: -0.04730948
    - vertices: p2451(v107) p3176(v55) p1504(v28)
    - neighboring facets: f234 f482 f1322
- f506
    - flags: bottom simplicial
    - normal:   -0.7134  -0.6956  0.08425
    - offset:  -0.039945
    - vertices: p1992(v111) p2646(v59) p1749(v6)
    - neighboring facets: f253 f897 f507
- f507
    - flags: top simplicial
    - normal:   -0.6346  -0.7356   0.2369
    - offset: -0.02399498
    - vertices: p1992(v111) p2646(v59) p957(v30)
    - neighboring facets: f255 f509 f506
- f509
    - flags: top simplicial
    - normal:   -0.6794  -0.7337 -0.006467
    - offset: -0.04904594
    - vertices: p1992(v111) p957(v30) p559(v8)
    - neighboring facets: f1288 f898 f507
- f510
    - flags: bottom simplicial
    - normal:    -0.533  -0.8458  0.02441
    - offset: -0.04570212
    - vertices: p3200(v112) p957(v30) p3559(v27)
    - neighboring facets: f465 f512 f511
- f511
    - flags: bottom simplicial
    - normal:   -0.5047  -0.8582  0.09373
    - offset: -0.03853118
    - vertices: p3200(v112) p1804(v60) p957(v30)
    - neighboring facets: f256 f510 f1282
- f512
    - flags: top simplicial
    - normal:   -0.5149  -0.8572 0.001473
    - offset: -0.04808079
    - vertices: p3200(v112) p228(v54) p3559(v27)
    - neighboring facets: f1794 f510 f1791
- f554
    - flags: top simplicial
    - normal:     0.304  0.04042  -0.9518
    - offset: -0.1355629
    - vertices: p987(v120) p818(v65) p2764(v5)
    - neighboring facets: f1414 f555 f557
- f555
    - flags: bottom simplicial
    - normal:    0.2751  0.02363  -0.9611
    - offset: -0.1359872
    - vertices: p987(v120) p3963(v115) p2764(v5)
    - neighboring facets: f933 f554 f1446
- f557
    - flags: bottom simplicial
    - normal:    0.3082  0.03978  -0.9505
    - offset: -0.1355072
    - vertices: p987(v120) p818(v65) p1272(v35)
    - neighboring facets: f762 f558 f554
- f558
    - flags: top simplicial
    - normal:    0.3016  -0.0275   -0.953
    - offset: -0.1357038
    - vertices: p987(v120) p3201(v66) p1272(v35)
    - neighboring facets: f560 f557 f954
- f560
    - flags: bottom simplicial
    - normal:    0.2982 -0.08316  -0.9509
    - offset: -0.1354184
    - vertices: p1815(v121) p3201(v66) p1272(v35)
    - neighboring facets: f558 f600 f1442
- f600
    - flags: bottom simplicial
    - normal:    0.3331  -0.1511  -0.9307
    - offset: -0.1346625
    - vertices: p545(v129) p1815(v121) p1272(v35)
    - neighboring facets: f560 f1465 f996
- f610
    - flags: bottom simplicial
    - normal:  -0.04596  -0.9988 -0.01524
    - offset: -0.04992221
    - vertices: p227(v131) p3817(v72) p2317(v3)
    - neighboring facets: f1788 f613 f611
- f611
    - flags: top simplicial
    - normal:   -0.1777  -0.9835  0.03372
    - offset: -0.04496818
    - vertices: p227(v131) p3817(v72) p371(v53)
    - neighboring facets: f826 f612 f610
- f612
    - flags: top simplicial
    - normal:    -0.145  -0.9689   0.2004
    - offset: -0.02791072
    - vertices: p227(v131) p371(v53) p2794(v31)
    - neighboring facets: f226 f614 f611
- f613
    - flags: top simplicial
    - normal:  -0.007319   -0.998  0.06292
    - offset: -0.04211654
    - vertices: p227(v131) p3191(v70) p2317(v3)
    - neighboring facets: f1020 f610 f614
- f614
    - flags: bottom simplicial
    - normal:  -0.01971  -0.9873   0.1575
    - offset: -0.03245205
    - vertices: p227(v131) p3191(v70) p2794(v31)
    - neighboring facets: f883 f612 f613
- f615
    - flags: top simplicial
    - normal:   0.01533  -0.4264  -0.9044
    - offset: -0.1333013
    - vertices: p2617(v132) p3250(v117) p2048(v38)
    - neighboring facets: f819 f1519 f1918
- f629
    - flags: bottom simplicial
    - normal:  -0.04254    0.989   0.1418
    - offset: -0.03196509
    - vertices: p568(v134) p3377(v41) p426(v11)
    - neighboring facets: f365 f630 f1042
- f630
    - flags: top simplicial
    - normal:  -0.02774   0.9903   0.1363
    - offset: -0.0325177
    - vertices: p568(v134) p2367(v76) p426(v11)
    - neighboring facets: f337 f629 f1038
- f634
    - flags: top simplicial
    - normal:   -0.2532   0.9673  0.01442
    - offset: -0.04640969
    - vertices: p3824(v135) p3497(v77) p3377(v41)
    - neighboring facets: f1373 f636 f2148
- f635
    - flags: top simplicial
    - normal:   -0.3033   0.9174   0.2577
    - offset: -0.02117585
    - vertices: p3824(v135) p2302(v82) p2114(v10)
    - neighboring facets: f362 f1381 f636
- f636
    - flags: bottom simplicial
    - normal:   -0.1815   0.9628   0.2002
    - offset: -0.02659504
    - vertices: p3824(v135) p2302(v82) p3377(v41)
    - neighboring facets: f365 f634 f635
- f641
    - flags: bottom simplicial
    - normal:   -0.9989  0.04708 0.001445
    - offset: -0.04803936
    - vertices: p1451(v137) p1629(v62) p60(v1)
    - neighboring facets: f2617 f642 f643
- f642
    - flags: top simplicial
    - normal:   -0.9989  0.04732 0.002707
    - offset: -0.04790071
    - vertices: p1451(v137) p1987(v80) p60(v1)
    - neighboring facets: f1629 f641 f643
- f643
    - flags: bottom simplicial
    - normal:   -0.9986  0.05194 0.001873
    - offset: -0.04799499
    - vertices: p1451(v137) p1987(v80) p1629(v62)
    - neighboring facets: f1137 f641 f642
- f658
    - flags: bottom simplicial
    - normal:    0.8107   0.2068   0.5477
    - offset: -0.04793119
    - vertices: p3122(v141) p3726(v84) p3859(v45)
    - neighboring facets: f1116 f2021 f873
- f686
    - flags: bottom simplicial
    - normal:   -0.7299  -0.6835 -0.009332
    - offset: -0.0492899
    - vertices: p804(v146) p559(v8) p1749(v6)
    - neighboring facets: f896 f687 f688
- f687
    - flags: top simplicial
    - normal:   -0.7789   -0.627 -0.01129
    - offset: -0.04959211
    - vertices: p804(v146) p2403(v86) p1749(v6)
    - neighboring facets: f1621 f686 f688
- f688
    - flags: bottom simplicial
    - normal:     -0.75  -0.6601 -0.04155
    - offset: -0.05319016
    - vertices: p804(v146) p2403(v86) p559(v8)
    - neighboring facets: f1141 f686 f687
- f693
    - flags: bottom simplicial
    - normal:    -0.969  -0.2468 0.007089
    - offset: -0.04744163
    - vertices: p2699(v148) p2042(v22) p1638(v12)
    - neighboring facets: f244 f1127 f1639
- f719
    - flags: bottom simplicial
    - normal:    0.9989 -0.04646 0.0005122
    - offset: -0.0483861
    - vertices: p2721(v152) p2125(v89) p2730(v2)
    - neighboring facets: f1702 f1162 f721
- f720
    - flags: top simplicial
    - normal:    0.9995 -0.02917 0.009826
    - offset: -0.04803634
    - vertices: p2721(v152) p1481(v143) p624(v47)
    - neighboring facets: f2645 f1163 f721
- f721
    - flags: bottom simplicial
    - normal:    0.9994 -0.03272  0.01011
    - offset: -0.04802432
    - vertices: p2721(v152) p1481(v143) p2125(v89)
    - neighboring facets: f1101 f719 f720
- f762
    - flags: top simplicial
    - normal:    0.4991   0.1214   -0.858
    - offset: -0.1324323
    - vertices: p292(v161) p818(v65) p1272(v35)
    - neighboring facets: f557 f1207 f764
- f764
    - flags: bottom simplicial
    - normal:    0.6336   0.2151  -0.7432
    - offset: -0.1249845
    - vertices: p292(v161) p818(v65) p566(v17)
    - neighboring facets: f2217 f765 f762
- f765
    - flags: top simplicial
    - normal:    0.6519   0.2195  -0.7258
    - offset: -0.1236892
    - vertices: p292(v161) p521(v92) p566(v17)
    - neighboring facets: f1171 f764 f1208
- f781
    - flags: bottom simplicial
    - normal:    0.7953   0.5983  0.09799
    - offset: -0.04818224
    - vertices: p2045(v165) p149(v94) p1203(v49)
    - neighboring facets: f428 f783 f1223
- f783
    - flags: top simplicial
    - normal:    0.8175    0.576  0.00308
    - offset: -0.0484121
    - vertices: p2045(v165) p1779(v164) p1203(v49)
    - neighboring facets: f2415 f781 f784
- f784
    - flags: bottom simplicial
    - normal:    0.7947    0.607 0.001167
    - offset: -0.04843647
    - vertices: p2045(v165) p1779(v164) p3813(v163)
    - neighboring facets: f2356 f1225 f783
- f785
    - flags: bottom simplicial
    - normal:    0.7174   0.6732   0.1792
    - offset: -0.04830198
    - vertices: p463(v166) p149(v94) p1120(v44)
    - neighboring facets: f425 f1571 f786
- f786
    - flags: top simplicial
    - normal:    0.8644   0.4627   0.1965
    - offset: -0.0474397
    - vertices: p463(v166) p149(v94) p2080(v85)
    - neighboring facets: f428 f1991 f785
- f803
    - flags: bottom simplicial
    - normal:    0.7432  -0.6248  -0.2396
    - offset: -0.07648612
    - vertices: p1763(v169) p545(v129) p3054(v9)
    - neighboring facets: f1464 f962 f1247
- f816
    - flags: top simplicial
    - normal:   -0.2911  -0.2426  -0.9254
    - offset: -0.1349302
    - vertices: p1295(v171) p2055(v116) p559(v8)
    - neighboring facets: f1142 f1292 f1270
- f819
    - flags: bottom simplicial
    - normal:  -0.01674  -0.4132  -0.9105
    - offset: -0.1335929
    - vertices: p3694(v172) p3250(v117) p2048(v38)
    - neighboring facets: f615 f2137 f1001
- f824
    - flags: bottom simplicial
    - normal:  -0.03264 -0.08535  -0.9958
    - offset: -0.1360938
    - vertices: p3694(v172) p1741(v64) p3184(v63)
    - neighboring facets: f2059 f1004 f1268
- f826
    - flags: bottom simplicial
    - normal:    -0.212  -0.9772  -0.0147
    - offset: -0.04963317
    - vertices: p464(v173) p3817(v72) p371(v53)
    - neighboring facets: f611 f1274 f1276
- f831
    - flags: bottom simplicial
    - normal:    -0.403  -0.9151 -0.01363
    - offset: -0.04967862
    - vertices: p3823(v174) p2985(v101) p1804(v60)
    - neighboring facets: f1273 f1283 f1783
- f838
    - flags: top simplicial
    - normal:   -0.7103  -0.5312   0.4618
    - offset: 0.00161088
    - vertices: p1905(v175) p1129(v104) p3176(v55)
    - neighboring facets: f469 f1297 f842
- f841
    - flags: top simplicial
    - normal:   -0.7054  -0.5424   0.4562
    - offset: 0.00121131
    - vertices: p1905(v175) p3449(v15) p1749(v6)
    - neighboring facets: f253 f842 f846
- f842
    - flags: bottom simplicial
    - normal:   -0.7101  -0.5339    0.459
    - offset: 0.001575547
    - vertices: p1905(v175) p1129(v104) p1749(v6)
    - neighboring facets: f469 f841 f838
- f844
    - flags: top simplicial
    - normal:    0.6912  -0.6942   0.2008
    - offset: -0.04811837
    - vertices: p448(v176) p2152(v61) p3449(v15)
    - neighboring facets: f262 f846 f845
- f845
    - flags: bottom simplicial
    - normal:    0.7307  -0.6564    0.188
    - offset: -0.04826023
    - vertices: p448(v176) p2152(v61) p2165(v29)
    - neighboring facets: f1349 f1299 f844
- f846
    - flags: bottom simplicial
    - normal:    0.7404  -0.6097   0.2828
    - offset: -0.04836578
    - vertices: p448(v176) p1905(v175) p3449(v15)
    - neighboring facets: f841 f844 f1303
- f849
    - flags: top simplicial
    - normal:    0.8584  -0.5102  0.05293
    - offset: -0.04788561
    - vertices: p1190(v177) p2712(v109) p2165(v29)
    - neighboring facets: f1350 f1800 f1779
- f856
    - flags: top simplicial
    - normal:    0.6927  -0.3131   0.6497
    - offset: -0.04788925
    - vertices: p2506(v178) p2451(v107) p3938(v4)
    - neighboring facets: f482 f1317 f1324
- f870
    - flags: bottom simplicial
    - normal:   -0.5392 0.005238   0.8422
    - offset: -0.008395545
    - vertices: p1567(v180) p2835(v56) p3938(v4)
    - neighboring facets: f239 f1337 f1343
- f873
    - flags: top simplicial
    - normal:    0.8052   0.2086   0.5552
    - offset: -0.0479718
    - vertices: p1567(v180) p3122(v141) p3726(v84)
    - neighboring facets: f658 f1338 f1067
- f879
    - flags: bottom simplicial
    - normal:    0.3256  -0.9343   0.1455
    - offset: -0.04235181
    - vertices: p230(v181) p2152(v61) p2794(v31)
    - neighboring facets: f262 f883 f1347
- f880
    - flags: top simplicial
    - normal:    0.7495   -0.662 1.615e-07
    - offset:  -0.048432
    - vertices: p230(v181) p3100(v168) p1756(v7)
    - neighboring facets: f1514 f1507 f1243
- f883
    - flags: top simplicial
    - normal:    0.1211  -0.9861   0.1134
    - offset: -0.03687709
    - vertices: p230(v181) p3191(v70) p2794(v31)
    - neighboring facets: f614 f879 f1524
- f885
    - flags: top simplicial
    - normal:    0.3873  -0.9209  0.04426
    - offset: -0.04417999
    - vertices: p230(v181) p736(v126) p3933(v36)
    - neighboring facets: f1940 f1526 f887
- f887
    - flags: bottom simplicial
    - normal:    0.4769  -0.8786  0.02635
    - offset: -0.04595778
    - vertices: p230(v181) p736(v126) p2567(v69)
    - neighboring facets: f1510 f1508 f885
- f896
    - flags: top simplicial
    - normal:    -0.719   -0.695 -0.00568
    - offset: -0.04887739
    - vertices: p3750(v184) p559(v8) p1749(v6)
    - neighboring facets: f686 f897 f898
- f897
    - flags: bottom simplicial
    - normal:   -0.7144  -0.6964  0.06888
    - offset: -0.04149747
    - vertices: p3750(v184) p1992(v111) p1749(v6)
    - neighboring facets: f506 f896 f898
- f898
    - flags: top simplicial
    - normal:   -0.7132  -0.7009 -0.004977
    - offset: -0.04880867
    - vertices: p3750(v184) p1992(v111) p559(v8)
    - neighboring facets: f509 f896 f897
- f917
    - flags: top simplicial
    - normal:  -0.002224   0.9487  -0.3163
    - offset: -0.0862105
    - vertices: p654(v188) p3022(v78) p1970(v40)
    - neighboring facets: f1039 f2381 f1400
- f920
    - flags: top simplicial
    - normal:  -0.003426   0.8049  -0.5933
    - offset: -0.1153466
    - vertices: p654(v188) p1283(v186) p3963(v115)
    - neighboring facets: f1370 f1403 f2376
- f925
    - flags: top simplicial
    - normal:     0.304   0.8932  -0.3313
    - offset: -0.08665876
    - vertices: p1146(v190) p2113(v118) p291(v42)
    - neighboring facets: f1423 f927 f1399
- f927
    - flags: bottom simplicial
    - normal:    0.2968   0.9253  -0.2362
    - offset: -0.07599863
    - vertices: p1146(v190) p3314(v136) p291(v42)
    - neighboring facets: f1048 f925 f1046
- f928
    - flags: bottom simplicial
    - normal:    0.1094   0.9938  0.01905
    - offset: -0.04541863
    - vertices: p1146(v190) p3022(v78) p1039(v20)
    - neighboring facets: f348 f1045 f1398
- f933
    - flags: top simplicial
    - normal:    0.2967   0.6574  -0.6926
    - offset:   -0.12441
    - vertices: p2744(v191) p3963(v115) p2764(v5)
    - neighboring facets: f555 f1854 f1404
- f935
    - flags: bottom simplicial
    - normal:     0.467    0.884  0.02114
    - offset: -0.04602647
    - vertices: p2602(v192) p2564(v79) p426(v11)
    - neighboring facets: f1052 f2406 f1886
- f954
    - flags: bottom simplicial
    - normal:    0.2134 -0.01946  -0.9768
    - offset: -0.1363335
    - vertices: p3140(v196) p987(v120) p3201(v66)
    - neighboring facets: f558 f1443 f1447
- f962
    - flags: bottom simplicial
    - normal:    0.7635  -0.6132  -0.2029
    - offset: -0.0723269
    - vertices: p2474(v197) p1763(v169) p3054(v9)
    - neighboring facets: f803 f1461 f1458
- f967
    - flags: bottom simplicial
    - normal:    0.8818  -0.4716 -0.002197
    - offset: -0.04850254
    - vertices: p93(v198) p1350(v124) p397(v25)
    - neighboring facets: f1314 f1259 f1466
- f979
    - flags: bottom simplicial
    - normal:    0.9325  -0.3611 -0.009138
    - offset: -0.04930762
    - vertices: p2204(v201) p1350(v124) p3486(v67)
    - neighboring facets: f1467 f2089 f1711
- f986
    - flags: bottom simplicial
    - normal:    0.3385  -0.9409 0.005694
    - offset: -0.04758183
    - vertices: p3918(v203) p1212(v68) p3933(v36)
    - neighboring facets: f1939 f1483 f1936
- f993
    - flags: top simplicial
    - normal:     0.426  -0.8203  -0.3817
    - offset: -0.09181615
    - vertices: p2470(v204) p2617(v132) p1943(v18)
    - neighboring facets: f2237 f1506 f994
- f994
    - flags: bottom simplicial
    - normal:    0.4035  -0.7654  -0.5013
    - offset: -0.1040428
    - vertices: p2470(v204) p2617(v132) p545(v129)
    - neighboring facets: f1490 f1486 f993
- f996
    - flags: top simplicial
    - normal:    0.2182  -0.2055   -0.954
    - offset: -0.1359092
    - vertices: p1239(v205) p545(v129) p1815(v121)
    - neighboring facets: f600 f997 f1495
- f997
    - flags: bottom simplicial
    - normal:    0.1667  -0.1228  -0.9783
    - offset: -0.1365816
    - vertices: p1239(v205) p2069(v195) p1815(v121)
    - neighboring facets: f1444 f996 f999
- f998
    - flags: top simplicial
    - normal:   0.06386 -0.07653   -0.995
    - offset: -0.1362711
    - vertices: p1239(v205) p3140(v196) p2832(v19)
    - neighboring facets: f1005 f1494 f999
- f999
    - flags: bottom simplicial
    - normal:    0.0956 -0.07044  -0.9929
    - offset: -0.1363275
    - vertices: p1239(v205) p3140(v196) p2069(v195)
    - neighboring facets: f1445 f997 f998
- f1001
    - flags: top simplicial
    - normal:   0.01252  -0.3021  -0.9532
    - offset: -0.1362697
    - vertices: p1748(v206) p3694(v172) p3250(v117)
    - neighboring facets: f819 f1920 f1004
- f1004
    - flags: bottom simplicial
    - normal:  0.003465 -0.08365  -0.9965
    - offset: -0.1361143
    - vertices: p1748(v206) p3694(v172) p3184(v63)
    - neighboring facets: f824 f1006 f1001
- f1005
    - flags: bottom simplicial
    - normal:   0.03745 -0.08032  -0.9961
    - offset: -0.1361706
    - vertices: p1748(v206) p3140(v196) p2832(v19)
    - neighboring facets: f998 f1491 f1006
- f1006
    - flags: top simplicial
    - normal:   0.02205 -0.08074  -0.9965
    - offset: -0.1361471
    - vertices: p1748(v206) p3140(v196) p3184(v63)
    - neighboring facets: f1448 f1004 f1005
- f1020
    - flags: bottom simplicial
    - normal:   0.05867  -0.9965 -0.05955
    - offset: -0.05397382
    - vertices: p3463(v209) p3191(v70) p2317(v3)
    - neighboring facets: f613 f1522 f1523
- f1038
    - flags: bottom simplicial
    - normal:  -0.02114   0.9988   0.0451
    - offset: -0.04205501
    - vertices: p3903(v213) p568(v134) p2367(v76)
    - neighboring facets: f630 f1040 f1042
- f1039
    - flags: bottom simplicial
    - normal:  -0.01663   0.9998 -0.01125
    - offset: -0.04926297
    - vertices: p3903(v213) p3022(v78) p1970(v40)
    - neighboring facets: f917 f1041 f1040
- f1040
    - flags: top simplicial
    - normal:  -0.003994   0.9992  0.04058
    - offset: -0.04258117
    - vertices: p3903(v213) p3022(v78) p2367(v76)
    - neighboring facets: f348 f1038 f1039
- f1041
    - flags: top simplicial
    - normal:    -0.106   0.9941  0.02412
    - offset: -0.04484432
    - vertices: p3903(v213) p3377(v41) p1970(v40)
    - neighboring facets: f1372 f1039 f1042
- f1042
    - flags: top simplicial
    - normal:  -0.04153   0.9981  0.04464
    - offset: -0.04216568
    - vertices: p3903(v213) p568(v134) p3377(v41)
    - neighboring facets: f629 f1041 f1038
- f1045
    - flags: bottom simplicial
    - normal:    0.1652   0.9862 0.005805
    - offset: -0.04712716
    - vertices: p3566(v214) p1146(v190) p1039(v20)
    - neighboring facets: f928 f1050 f1046
- f1046
    - flags: top simplicial
    - normal:    0.1945   0.9809 -0.004122
    - offset: -0.0483382
    - vertices: p3566(v214) p1146(v190) p3314(v136)
    - neighboring facets: f927 f1049 f1045
- f1047
    - flags: bottom simplicial
    - normal:    0.3872   0.9219 -0.01372
    - offset: -0.04973511
    - vertices: p1866(v215) p2564(v79) p291(v42)
    - neighboring facets: f1891 f1048 f1052
- f1048
    - flags: top simplicial
    - normal:    0.3681   0.9297 -0.01597
    - offset: -0.04998114
    - vertices: p1866(v215) p3314(v136) p291(v42)
    - neighboring facets: f927 f1047 f1049
- f1049
    - flags: top simplicial
    - normal:    0.2561   0.9666 -0.005048
    - offset: -0.04869553
    - vertices: p1866(v215) p3566(v214) p3314(v136)
    - neighboring facets: f1046 f1048 f1050
- f1050
    - flags: bottom simplicial
    - normal:    0.2136   0.9768  0.01214
    - offset: -0.04676452
    - vertices: p1866(v215) p3566(v214) p1039(v20)
    - neighboring facets: f1045 f1051 f1049
- f1051
    - flags: bottom simplicial
    - normal:    0.2347   0.9693  0.07288
    - offset: -0.04087389
    - vertices: p1866(v215) p1039(v20) p426(v11)
    - neighboring facets: f337 f1052 f1050
- f1052
    - flags: top simplicial
    - normal:     0.439   0.8981   0.0274
    - offset: -0.04553309
    - vertices: p1866(v215) p2564(v79) p426(v11)
    - neighboring facets: f935 f1051 f1047
- f1054
    - flags: bottom simplicial
    - normal:   -0.9849   0.1612  0.06271
    - offset: -0.04137897
    - vertices: p1517(v216) p1987(v80) p483(v43)
    - neighboring facets: f354 f1975 f1980
- f1058
    - flags: top simplicial
    - normal:   -0.8284   0.3508   0.4367
    - offset: 0.0008749956
    - vertices: p2316(v217) p998(v139) p483(v43)
    - neighboring facets: f1063 f1554 f1059
- f1059
    - flags: bottom simplicial
    - normal:   -0.7943   0.4214   0.4375
    - offset: 0.0007492777
    - vertices: p2316(v217) p998(v139) p2722(v81)
    - neighboring facets: f1083 f1548 f1058
- f1062
    - flags: top simplicial
    - normal:   -0.8351   0.2037    0.511
    - offset: 0.009918346
    - vertices: p2358(v218) p3533(v108) p483(v43)
    - neighboring facets: f1345 f1063 f1065
- f1063
    - flags: bottom simplicial
    - normal:   -0.8341   0.2093   0.5103
    - offset: 0.009823914
    - vertices: p2358(v218) p998(v139) p483(v43)
    - neighboring facets: f1058 f1062 f1064
- f1064
    - flags: top simplicial
    - normal:   -0.8196   0.2713   0.5046
    - offset: 0.008608381
    - vertices: p2358(v218) p998(v139) p277(v21)
    - neighboring facets: f1082 f1066 f1063
- f1065
    - flags: top simplicial
    - normal:   -0.6729   0.1915   0.7145
    - offset: -0.001665932
    - vertices: p2358(v218) p1567(v180) p3533(v108)
    - neighboring facets: f1346 f1062 f1067
- f1066
    - flags: bottom simplicial
    - normal:    0.5602   0.4266     0.71
    - offset: -0.04699854
    - vertices: p2358(v218) p3122(v141) p277(v21)
    - neighboring facets: f1594 f1064 f1067
- f1067
    - flags: bottom simplicial
    - normal:    0.5946   0.3771   0.7101
    - offset: -0.0474576
    - vertices: p2358(v218) p1567(v180) p3122(v141)
    - neighboring facets: f873 f1066 f1065
- f1068
    - flags: bottom simplicial
    - normal:   -0.5182   0.7778   0.3558
    - offset: -0.009981562
    - vertices: p3344(v219) p1120(v44) p2114(v10)
    - neighboring facets: f362 f1069 f1076
- f1069
    - flags: top simplicial
    - normal:   -0.5575   0.8052   0.2022
    - offset: -0.0269694
    - vertices: p3344(v219) p3366(v140) p2114(v10)
    - neighboring facets: f1384 f1068 f1578
- f1073
    - flags: top simplicial
    - normal:   -0.7467   0.6651 0.0009016
    - offset: -0.04815558
    - vertices: p1109(v220) p3366(v140) p2722(v81)
    - neighboring facets: f1576 f2279 f1995
- f1076
    - flags: top simplicial
    - normal:   -0.5605   0.7368   0.3782
    - offset: -0.007482365
    - vertices: p1660(v221) p3344(v219) p1120(v44)
    - neighboring facets: f1068 f1572 f1087
- f1082
    - flags: bottom simplicial
    - normal:   -0.7632   0.4438   0.4697
    - offset: 0.004189896
    - vertices: p935(v222) p998(v139) p277(v21)
    - neighboring facets: f1064 f1593 f1083
- f1083
    - flags: top simplicial
    - normal:    -0.754   0.4655   0.4634
    - offset: 0.003533257
    - vertices: p935(v222) p998(v139) p2722(v81)
    - neighboring facets: f1059 f1577 f1082
- f1087
    - flags: bottom simplicial
    - normal:   -0.5954   0.7003   0.3939
    - offset: -0.005590413
    - vertices: p935(v222) p1660(v221) p3344(v219)
    - neighboring facets: f1076 f1579 f1591
- f1100
    - flags: bottom simplicial
    - normal:    0.9905 -0.06399   0.1214
    - offset: -0.0476478
    - vertices: p3230(v225) p1481(v143) p560(v13)
    - neighboring facets: f1333 f1746 f1101
- f1101
    - flags: top simplicial
    - normal:    0.9982 -0.05862  0.01519
    - offset: -0.04791905
    - vertices: p3230(v225) p1481(v143) p2125(v89)
    - neighboring facets: f721 f1102 f1100
- f1102
    - flags: bottom simplicial
    - normal:    0.9912  -0.1321 0.003414
    - offset: -0.0483293
    - vertices: p3230(v225) p1226(v154) p2125(v89)
    - neighboring facets: f1166 f1101 f1597
- f1116
    - flags: top simplicial
    - normal:    0.8648  0.09314   0.4934
    - offset: -0.04754446
    - vertices: p567(v227) p3726(v84) p3859(v45)
    - neighboring facets: f658 f1606 f1340
- f1122
    - flags: top simplicial
    - normal:   -0.8577  -0.5138 -0.01727
    - offset: -0.05019027
    - vertices: p757(v228) p2403(v86) p169(v46)
    - neighboring facets: f1139 f1627 f1619
- f1127
    - flags: bottom simplicial
    - normal:   -0.9734  -0.2291  0.00532
    - offset: -0.04764599
    - vertices: p1144(v229) p2699(v148) p1638(v12)
    - neighboring facets: f693 f2038 f1636
- f1135
    - flags: top simplicial
    - normal:    -0.991   0.1329  0.01314
    - offset: -0.04675889
    - vertices: p3421(v231) p522(v138) p1987(v80)
    - neighboring facets: f1979 f1137 f1136
- f1136
    - flags: top simplicial
    - normal:   -0.9909   0.1344 -0.001837
    - offset:  -0.048416
    - vertices: p3421(v231) p919(v150) p522(v138)
    - neighboring facets: f1560 f1135 f1138
- f1137
    - flags: top simplicial
    - normal:   -0.9983   0.0591 0.001591
    - offset: -0.04803287
    - vertices: p3421(v231) p1987(v80) p1629(v62)
    - neighboring facets: f643 f1138 f1135
- f1138
    - flags: bottom simplicial
    - normal:    -0.998  0.06242 0.000722
    - offset: -0.04813495
    - vertices: p3421(v231) p919(v150) p1629(v62)
    - neighboring facets: f2498 f1137 f1136
- f1139
    - flags: bottom simplicial
    - normal:   -0.8598  -0.4683  -0.2035
    - offset: -0.07225861
    - vertices: p1503(v232) p2403(v86) p169(v46)
    - neighboring facets: f1122 f1160 f1141
- f1141
    - flags: top simplicial
    - normal:   -0.6455  -0.4713   -0.601
    - offset: -0.1136955
    - vertices: p1503(v232) p2403(v86) p559(v8)
    - neighboring facets: f688 f1142 f1139
- f1142
    - flags: bottom simplicial
    - normal:   -0.3263  -0.2168  -0.9201
    - offset: -0.1344981
    - vertices: p1503(v232) p2055(v116) p559(v8)
    - neighboring facets: f816 f1141 f2055
- f1151
    - flags: bottom simplicial
    - normal:    -0.908   -0.413 -0.07051
    - offset: -0.05675331
    - vertices: p2371(v234) p267(v151) p169(v46)
    - neighboring facets: f1159 f2047 f2053
- f1155
    - flags: bottom simplicial
    - normal:   -0.9327  -0.2959  -0.2064
    - offset: -0.07280446
    - vertices: p3583(v235) p267(v151) p3367(v88)
    - neighboring facets: f1643 f2504 f1159
- f1156
    - flags: top simplicial
    - normal:   -0.4067 -0.07093  -0.9108
    - offset: -0.1338581
    - vertices: p3583(v235) p1269(v33) p253(v16)
    - neighboring facets: f1358 f2503 f1667
- f1159
    - flags: top simplicial
    - normal:   -0.8936  -0.4291  -0.1316
    - offset: -0.06401409
    - vertices: p3583(v235) p267(v151) p169(v46)
    - neighboring facets: f1151 f1160 f1155
- f1160
    - flags: bottom simplicial
    - normal:   -0.8605  -0.4638  -0.2108
    - offset: -0.0730944
    - vertices: p3583(v235) p1503(v232) p169(v46)
    - neighboring facets: f1139 f1159 f1665
- f1161
    - flags: top simplicial
    - normal:    0.9998  0.02203 -0.000291
    - offset: -0.04846958
    - vertices: p2949(v236) p624(v47) p2730(v2)
    - neighboring facets: f2347 f1162 f1163
- f1162
    - flags: bottom simplicial
    - normal:    0.9996 -0.02755 0.0009239
    - offset: -0.04838117
    - vertices: p2949(v236) p2721(v152) p2730(v2)
    - neighboring facets: f719 f1161 f1163
- f1163
    - flags: top simplicial
    - normal:    0.9998 -0.02013  0.00329
    - offset: -0.04828949
    - vertices: p2949(v236) p2721(v152) p624(v47)
    - neighboring facets: f720 f1161 f1162
- f1166
    - flags: top simplicial
    - normal:    0.9912  -0.1326 0.001448
    - offset: -0.04839414
    - vertices: p2236(v237) p1226(v154) p2125(v89)
    - neighboring facets: f1102 f1206 f1672
- f1170
    - flags: top simplicial
    - normal:    0.9687   0.2476 -0.01632
    - offset: -0.05010863
    - vertices: p1555(v238) p521(v92) p2915(v48)
    - neighboring facets: f1173 f1678 f1171
- f1171
    - flags: bottom simplicial
    - normal:    0.9002   0.3054  -0.3105
    - offset: -0.08416657
    - vertices: p1555(v238) p521(v92) p566(v17)
    - neighboring facets: f765 f1172 f1170
- f1172
    - flags: top simplicial
    - normal:    0.9276   0.3451  -0.1429
    - offset: -0.06522541
    - vertices: p1555(v238) p1331(v155) p566(v17)
    - neighboring facets: f1694 f1171 f1675
- f1173
    - flags: bottom simplicial
    - normal:    0.9702    0.242 -0.01311
    - offset: -0.04973094
    - vertices: p1341(v239) p521(v92) p2915(v48)
    - neighboring facets: f1170 f1679 f1717
- f1198
    - flags: top simplicial
    - normal:    0.9653  -0.2444 -0.09198
    - offset: -0.05871825
    - vertices: p234(v243) p2081(v160) p3486(v67)
    - neighboring facets: f1462 f2087 f2123
- f1203
    - flags: top simplicial
    - normal:    0.9932  -0.1165 -0.002831
    - offset: -0.04856643
    - vertices: p3101(v244) p2081(v160) p2486(v50)
    - neighboring facets: f2125 f1205 f2086
- f1205
    - flags: bottom simplicial
    - normal:    0.9927  -0.1208 -0.002283
    - offset: -0.04853921
    - vertices: p3101(v244) p2236(v237) p2486(v50)
    - neighboring facets: f1671 f1203 f1206
- f1206
    - flags: top simplicial
    - normal:    0.9928  -0.1199 -0.002068
    - offset: -0.04852822
    - vertices: p3101(v244) p2236(v237) p2125(v89)
    - neighboring facets: f1166 f2085 f1205
- f1207
    - flags: top simplicial
    - normal:    0.6257   0.1082  -0.7726
    - offset: -0.1274957
    - vertices: p3425(v245) p292(v161) p1272(v35)
    - neighboring facets: f762 f1713 f1208
- f1208
    - flags: bottom simplicial
    - normal:    0.6815   0.1521  -0.7159
    - offset: -0.1233052
    - vertices: p3425(v245) p292(v161) p521(v92)
    - neighboring facets: f765 f1718 f1207
- f1221
    - flags: top simplicial
    - normal:    0.7195    0.684   0.1201
    - offset: -0.0482016
    - vertices: p1155(v247) p149(v94) p426(v11)
    - neighboring facets: f425 f1226 f1223
- f1223
    - flags: top simplicial
    - normal:    0.7758   0.6245  0.08976
    - offset: -0.04819703
    - vertices: p1155(v247) p2045(v165) p149(v94)
    - neighboring facets: f781 f1221 f1227
- f1225
    - flags: bottom simplicial
    - normal:     0.782   0.6233 0.005596
    - offset: -0.04841786
    - vertices: p1778(v248) p2045(v165) p3813(v163)
    - neighboring facets: f784 f1733 f1227
- f1226
    - flags: top simplicial
    - normal:    0.7611   0.6481  0.02675
    - offset: -0.04833087
    - vertices: p1778(v248) p1155(v247) p426(v11)
    - neighboring facets: f1221 f1732 f1227
- f1227
    - flags: bottom simplicial
    - normal:    0.7617   0.6473  0.02772
    - offset: -0.04832952
    - vertices: p1778(v248) p1155(v247) p2045(v165)
    - neighboring facets: f1223 f1225 f1226
- f1237
    - flags: top simplicial
    - normal:    0.7495   -0.662 -9.905e-07
    - offset: -0.04843204
    - vertices: p1490(v250) p3100(v168) p3953(v96)
    - neighboring facets: f1764 f1755 f1757
- f1242
    - flags: top simplicial
    - normal:    0.7495   -0.662 2.063e-07
    - offset:  -0.048432
    - vertices: p28(v251) p230(v181) p2712(v109)
    - neighboring facets: f1348 f1761 f1243
- f1243
    - flags: bottom simplicial
    - normal:    0.7495   -0.662 5.695e-08
    - offset:  -0.048432
    - vertices: p28(v251) p230(v181) p3100(v168)
    - neighboring facets: f880 f1765 f1242
- f1245
    - flags: bottom simplicial
    - normal:    0.7329  -0.6803 -0.00689
    - offset: -0.04906394
    - vertices: p3440(v252) p1763(v169) p573(v37)
    - neighboring facets: f1756 f1769 f1247
- f1246
    - flags: top simplicial
    - normal:    0.6792  -0.7303 -0.07281
    - offset:  -0.056947
    - vertices: p3440(v252) p545(v129) p2418(v71)
    - neighboring facets: f1485 f1770 f1247
- f1247
    - flags: top simplicial
    - normal:    0.7187  -0.6793  -0.1484
    - offset: -0.06602925
    - vertices: p3440(v252) p1763(v169) p545(v129)
    - neighboring facets: f803 f1246 f1245
- f1248
    - flags: bottom simplicial
    - normal:     0.792  -0.6104 -0.005731
    - offset: -0.04888545
    - vertices: p2636(v253) p1763(v169) p3546(v51)
    - neighboring facets: f1912 f1353 f1252
- f1252
    - flags: top simplicial
    - normal:    0.7642   -0.645 -0.001972
    - offset: -0.04848865
    - vertices: p2636(v253) p1763(v169) p3953(v96)
    - neighboring facets: f1754 f1762 f1248
- f1253
    - flags: bottom simplicial
    - normal:    0.8349  -0.5504 5.39e-08
    - offset: -0.04848026
    - vertices: p1393(v254) p690(v98) p3546(v51)
    - neighboring facets: f1351 f2133 f1771
- f1259
    - flags: bottom simplicial
    - normal:    0.8798  -0.4753 -0.002236
    - offset: -0.04850472
    - vertices: p584(v255) p93(v198) p397(v25)
    - neighboring facets: f967 f1777 f1260
- f1260
    - flags: top simplicial
    - normal:    0.8735  -0.4869 -0.002752
    - offset: -0.04854446
    - vertices: p584(v255) p93(v198) p1263(v123)
    - neighboring facets: f1468 f2230 f1259
- f1268
    - flags: top simplicial
    - normal:   -0.0554  -0.1448  -0.9879
    - offset:  -0.136673
    - vertices: p3634(v256) p3694(v172) p1741(v64)
    - neighboring facets: f824 f1269 f2138
- f1269
    - flags: bottom simplicial
    - normal:   -0.1143  -0.1986  -0.9734
    - offset: -0.1366909
    - vertices: p3634(v256) p2055(v116) p1741(v64)
    - neighboring facets: f2057 f1268 f1270
- f1270
    - flags: bottom simplicial
    - normal:   -0.1856  -0.3056  -0.9339
    - offset: -0.1349459
    - vertices: p3634(v256) p1295(v171) p2055(v116)
    - neighboring facets: f816 f1269 f1294
- f1271
    - flags: top simplicial
    - normal:   -0.2993  -0.9497 -0.09238
    - offset: -0.05884446
    - vertices: p2931(v257) p464(v173) p2985(v101)
    - neighboring facets: f1781 f1273 f1274
- f1272
    - flags: top simplicial
    - normal:   -0.3602  -0.9328 -0.006789
    - offset: -0.04898885
    - vertices: p2931(v257) p1804(v60) p1055(v14)
    - neighboring facets: f256 f1275 f1273
- f1273
    - flags: top simplicial
    - normal:   -0.3926  -0.9196 -0.01319
    - offset: -0.04963933
    - vertices: p2931(v257) p2985(v101) p1804(v60)
    - neighboring facets: f831 f1272 f1271
- f1274
    - flags: bottom simplicial
    - normal:   -0.2125  -0.9771 -0.01459
    - offset: -0.04962114
    - vertices: p2931(v257) p464(v173) p371(v53)
    - neighboring facets: f826 f1275 f1271
- f1275
    - flags: bottom simplicial
    - normal:   -0.2496  -0.9684 -0.001284
    - offset: -0.0482416
    - vertices: p2931(v257) p371(v53) p1055(v14)
    - neighboring facets: f225 f1272 f1274
- f1276
    - flags: top simplicial
    - normal:    -0.118  -0.9915 -0.05553
    - offset: -0.05391481
    - vertices: p3522(v258) p464(v173) p3817(v72)
    - neighboring facets: f826 f1789 f1782
- f1282
    - flags: top simplicial
    - normal:   -0.4585  -0.8887 0.001465
    - offset: -0.04806978
    - vertices: p1180(v259) p3200(v112) p1804(v60)
    - neighboring facets: f511 f1283 f1792
- f1283
    - flags: bottom simplicial
    - normal:   -0.4293  -0.9031 -0.008913
    - offset: -0.0491788
    - vertices: p1180(v259) p3823(v174) p1804(v60)
    - neighboring facets: f831 f1282 f1790
- f1288
    - flags: bottom simplicial
    - normal:   -0.6208  -0.7838 -0.01405
    - offset: -0.04984916
    - vertices: p3407(v260) p957(v30) p559(v8)
    - neighboring facets: f509 f1793 f1797
- f1292
    - flags: top simplicial
    - normal:   -0.1825  -0.3782  -0.9076
    - offset: -0.1339007
    - vertices: p1050(v261) p1295(v171) p559(v8)
    - neighboring facets: f816 f1798 f1294
- f1294
    - flags: top simplicial
    - normal:   -0.1649  -0.3693  -0.9146
    - offset: -0.1339731
    - vertices: p1050(v261) p3634(v256) p1295(v171)
    - neighboring facets: f1270 f1292 f2136
- f1297
    - flags: top simplicial
    - normal:    0.7037  -0.5414     0.46
    - offset: -0.04807087
    - vertices: p662(v262) p1905(v175) p3176(v55)
    - neighboring facets: f838 f1320 f1298
- f1298
    - flags: bottom simplicial
    - normal:    0.7482  -0.5436   0.3804
    - offset: -0.04835112
    - vertices: p662(v262) p1905(v175) p3722(v105)
    - neighboring facets: f1302 f1321 f1297
- f1299
    - flags: bottom simplicial
    - normal:    0.8233  -0.5274     0.21
    - offset: -0.04802404
    - vertices: p3019(v263) p448(v176) p2165(v29)
    - neighboring facets: f845 f1801 f1303
- f1302
    - flags: top simplicial
    - normal:    0.7536  -0.5496   0.3607
    - offset: -0.04838205
    - vertices: p3019(v263) p1905(v175) p3722(v105)
    - neighboring facets: f1298 f1328 f1303
- f1303
    - flags: top simplicial
    - normal:    0.7443  -0.6049   0.2831
    - offset: -0.04836409
    - vertices: p3019(v263) p448(v176) p1905(v175)
    - neighboring facets: f846 f1302 f1299
- f1304
    - flags: bottom simplicial
    - normal:    0.9375  -0.3479 0.001618
    - offset: -0.0484343
    - vertices: p1391(v264) p1190(v177) p1356(v52)
    - neighboring facets: f1803 f1806 f1305
- f1305
    - flags: top simplicial
    - normal:    0.9424  -0.3344 0.002322
    - offset: -0.04840529
    - vertices: p1391(v264) p1190(v177) p1428(v110)
    - neighboring facets: f1812 f1748 f1304
- f1314
    - flags: top simplicial
    - normal:    0.8843   -0.467 -0.001811
    - offset: -0.0484886
    - vertices: p1859(v266) p1350(v124) p397(v25)
    - neighboring facets: f967 f1315 f1805
- f1315
    - flags: bottom simplicial
    - normal:    0.8979  -0.4402 0.001242
    - offset: -0.04835747
    - vertices: p1859(v266) p1190(v177) p397(v25)
    - neighboring facets: f1778 f1314 f1804
- f1316
    - flags: bottom simplicial
    - normal:    0.7445  -0.1213   0.6565
    - offset: -0.04830415
    - vertices: p550(v267) p854(v142) p3938(v4)
    - neighboring facets: f1339 f1317 f1617
- f1317
    - flags: top simplicial
    - normal:    0.7483  -0.1717   0.6408
    - offset: -0.04835097
    - vertices: p550(v267) p2506(v178) p3938(v4)
    - neighboring facets: f856 f1316 f1618
- f1320
    - flags: top simplicial
    - normal:    0.7312  -0.5155   0.4468
    - offset: -0.04813801
    - vertices: p629(v268) p662(v262) p3176(v55)
    - neighboring facets: f1297 f1322 f1321
- f1321
    - flags: bottom simplicial
    - normal:    0.7736  -0.4874    0.405
    - offset: -0.04818969
    - vertices: p629(v268) p662(v262) p3722(v105)
    - neighboring facets: f1298 f1330 f1320
- f1322
    - flags: bottom simplicial
    - normal:    0.7566  -0.4017    0.516
    - offset: -0.04839154
    - vertices: p629(v268) p2451(v107) p3176(v55)
    - neighboring facets: f483 f1320 f1326
- f1324
    - flags: bottom simplicial
    - normal:    0.7417  -0.3053   0.5973
    - offset: -0.04810382
    - vertices: p1063(v269) p2506(v178) p2451(v107)
    - neighboring facets: f856 f1326 f1325
- f1325
    - flags: bottom simplicial
    - normal:    0.7856  -0.2768   0.5534
    - offset:  -0.048184
    - vertices: p1063(v269) p3082(v179) p2506(v178)
    - neighboring facets: f1613 f1324 f1327
- f1326
    - flags: top simplicial
    - normal:    0.7603  -0.3937   0.5167
    - offset: -0.04838552
    - vertices: p1063(v269) p629(v268) p2451(v107)
    - neighboring facets: f1322 f1324 f1327
- f1327
    - flags: bottom simplicial
    - normal:    0.8445   -0.346   0.4088
    - offset: -0.04807704
    - vertices: p1063(v269) p629(v268) p3082(v179)
    - neighboring facets: f1331 f1325 f1326
- f1328
    - flags: top simplicial
    - normal:    0.8809  -0.3866   0.2731
    - offset: -0.04725486
    - vertices: p611(v270) p3019(v263) p3722(v105)
    - neighboring facets: f1302 f1330 f1809
- f1330
    - flags: bottom simplicial
    - normal:     0.873  -0.3877   0.2958
    - offset: -0.04737184
    - vertices: p611(v270) p629(v268) p3722(v105)
    - neighboring facets: f1321 f1328 f1331
- f1331
    - flags: top simplicial
    - normal:    0.8642   -0.352   0.3594
    - offset: -0.04779477
    - vertices: p611(v270) p629(v268) p3082(v179)
    - neighboring facets: f1327 f2026 f1330
- f1333
    - flags: top simplicial
    - normal:    0.9643 -0.05469   0.2592
    - offset: -0.04654044
    - vertices: p611(v270) p1481(v143) p560(v13)
    - neighboring facets: f1100 f1810 f1611
- f1337
    - flags: bottom simplicial
    - normal:    0.1539  0.01764   0.9879
    - offset: -0.03723266
    - vertices: p2046(v271) p1567(v180) p3938(v4)
    - neighboring facets: f870 f1339 f1338
- f1338
    - flags: top simplicial
    - normal:    0.6121  0.09416   0.7852
    - offset: -0.04742967
    - vertices: p2046(v271) p1567(v180) p3726(v84)
    - neighboring facets: f873 f1340 f1337
- f1339
    - flags: top simplicial
    - normal:    0.6838 -0.07095   0.7262
    - offset: -0.04801695
    - vertices: p2046(v271) p854(v142) p3938(v4)
    - neighboring facets: f1316 f1337 f1341
- f1340
    - flags: bottom simplicial
    - normal:    0.7847  0.06019   0.6169
    - offset: -0.04828251
    - vertices: p2046(v271) p567(v227) p3726(v84)
    - neighboring facets: f1116 f1338 f1341
- f1341
    - flags: top simplicial
    - normal:     0.733 -0.04458   0.6788
    - offset: -0.04830389
    - vertices: p2046(v271) p567(v227) p854(v142)
    - neighboring facets: f1614 f1339 f1340
- f1342
    - flags: top simplicial
    - normal:   -0.8525 0.004152   0.5227
    - offset: 0.01235474
    - vertices: p2096(v272) p2835(v56) p1638(v12)
    - neighboring facets: f246 f1344 f1343
- f1343
    - flags: top simplicial
    - normal:   -0.5669 0.006543   0.8237
    - offset: -0.006854388
    - vertices: p2096(v272) p1567(v180) p2835(v56)
    - neighboring facets: f870 f1342 f1346
- f1344
    - flags: bottom simplicial
    - normal:   -0.8535  0.02703   0.5204
    - offset: 0.01230319
    - vertices: p2096(v272) p483(v43) p1638(v12)
    - neighboring facets: f354 f1342 f1345
- f1345
    - flags: bottom simplicial
    - normal:   -0.8505  0.07437   0.5207
    - offset:  0.0118602
    - vertices: p2096(v272) p3533(v108) p483(v43)
    - neighboring facets: f1062 f1344 f1346
- f1346
    - flags: bottom simplicial
    - normal:   -0.8019  0.08447   0.5914
    - offset: 0.007909639
    - vertices: p2096(v272) p1567(v180) p3533(v108)
    - neighboring facets: f1065 f1345 f1343
- f1347
    - flags: top simplicial
    - normal:    0.7221  -0.6894  0.05696
    - offset: -0.04832301
    - vertices: p3220(v273) p230(v181) p2152(v61)
    - neighboring facets: f879 f1349 f1348
- f1348
    - flags: bottom simplicial
    - normal:    0.7527  -0.6579  0.02322
    - offset: -0.04839011
    - vertices: p3220(v273) p230(v181) p2712(v109)
    - neighboring facets: f1242 f1350 f1347
- f1349
    - flags: top simplicial
    - normal:    0.7658  -0.6394  0.06948
    - offset: -0.0483578
    - vertices: p3220(v273) p2152(v61) p2165(v29)
    - neighboring facets: f845 f1350 f1347
- f1350
    - flags: bottom simplicial
    - normal:     0.787  -0.6146  0.05448
    - offset: -0.04832488
    - vertices: p3220(v273) p2712(v109) p2165(v29)
    - neighboring facets: f849 f1349 f1348
- f1351
    - flags: top simplicial
    - normal:    0.8225  -0.5687 -1.336e-05
    - offset: -0.04849706
    - vertices: p114(v274) p690(v98) p3546(v51)
    - neighboring facets: f1253 f1353 f1352
- f1352
    - flags: top simplicial
    - normal:    0.8126  -0.5828 0.0002565
    - offset: -0.04848451
    - vertices: p114(v274) p3747(v182) p690(v98)
    - neighboring facets: f1773 f1351 f1354
- f1353
    - flags: bottom simplicial
    - normal:    0.7967  -0.6044 -0.000596
    - offset: -0.04850303
    - vertices: p114(v274) p2636(v253) p3546(v51)
    - neighboring facets: f1248 f1351 f1355
- f1354
    - flags: bottom simplicial
    - normal:    0.7959  -0.6054 -0.0002675
    - offset: -0.04848374
    - vertices: p114(v274) p3747(v182) p2712(v109)
    - neighboring facets: f1774 f1355 f1352
- f1355
    - flags: top simplicial
    - normal:    0.7936  -0.6084 -0.0004735
    - offset: -0.04848781
    - vertices: p114(v274) p2636(v253) p2712(v109)
    - neighboring facets: f1763 f1354 f1353
- f1356
    - flags: bottom simplicial
    - normal:   -0.1909 -0.01312  -0.9815
    - offset: -0.1371659
    - vertices: p1702(v275) p3184(v63) p1269(v33)
    - neighboring facets: f1669 f1358 f1367
- f1358
    - flags: bottom simplicial
    - normal:   -0.3937 -0.02704  -0.9188
    - offset: -0.1344288
    - vertices: p1702(v275) p1269(v33) p253(v16)
    - neighboring facets: f1156 f1359 f1356
- f1359
    - flags: top simplicial
    - normal:   -0.3914  0.01989    -0.92
    - offset: -0.1346081
    - vertices: p1702(v275) p1110(v185) p253(v16)
    - neighboring facets: f1823 f1358 f1368
- f1366
    - flags: top simplicial
    - normal:   -0.2596  0.04076  -0.9648
    - offset: -0.1370118
    - vertices: p925(v277) p1283(v186) p1110(v185)
    - neighboring facets: f1822 f1368 f1370
- f1367
    - flags: top simplicial
    - normal:   -0.2352  0.02172  -0.9717
    - offset: -0.1371591
    - vertices: p925(v277) p1702(v275) p3184(v63)
    - neighboring facets: f1356 f1901 f1368
- f1368
    - flags: bottom simplicial
    - normal:   -0.2363  0.02251  -0.9714
    - offset: -0.1371533
    - vertices: p925(v277) p1702(v275) p1110(v185)
    - neighboring facets: f1359 f1366 f1367
- f1370
    - flags: bottom simplicial
    - normal:   -0.0602   0.2651  -0.9623
    - offset: -0.1445997
    - vertices: p925(v277) p1283(v186) p3963(v115)
    - neighboring facets: f920 f1450 f1366
- f1372
    - flags: bottom simplicial
    - normal:   -0.1578   0.9874  0.01002
    - offset: -0.0466006
    - vertices: p3049(v278) p3377(v41) p1970(v40)
    - neighboring facets: f1041 f1838 f1373
- f1373
    - flags: bottom simplicial
    - normal:   -0.1977   0.9802 0.007397
    - offset: -0.04702691
    - vertices: p3049(v278) p3497(v77) p3377(v41)
    - neighboring facets: f634 f1372 f2146
- f1381
    - flags: top simplicial
    - normal:   -0.3712   0.9235  0.09647
    - offset: -0.03857031
    - vertices: p3954(v280) p3824(v135) p2114(v10)
    - neighboring facets: f635 f1384 f2373
- f1384
    - flags: bottom simplicial
    - normal:   -0.5566   0.8226   0.1162
    - offset: -0.03609745
    - vertices: p3954(v280) p3366(v140) p2114(v10)
    - neighboring facets: f1069 f1381 f1841
- f1397
    - flags: top simplicial
    - normal:     0.279   0.8155  -0.5071
    - offset: -0.1058564
    - vertices: p2856(v283) p2744(v191) p2113(v118)
    - neighboring facets: f1855 f1399 f1402
- f1398
    - flags: top simplicial
    - normal:    0.2558   0.8662  -0.4293
    - offset: -0.09755898
    - vertices: p2856(v283) p1146(v190) p3022(v78)
    - neighboring facets: f928 f1401 f1399
- f1399
    - flags: bottom simplicial
    - normal:     0.269    0.864  -0.4257
    - offset: -0.09707894
    - vertices: p2856(v283) p1146(v190) p2113(v118)
    - neighboring facets: f925 f1397 f1398
- f1400
    - flags: bottom simplicial
    - normal:   0.03293   0.8271   -0.561
    - offset: -0.1120632
    - vertices: p525(v284) p654(v188) p3022(v78)
    - neighboring facets: f917 f1401 f1403
- f1401
    - flags: top simplicial
    - normal:     0.191    0.849  -0.4926
    - offset: -0.1047226
    - vertices: p525(v284) p2856(v283) p3022(v78)
    - neighboring facets: f1398 f1400 f1402
- f1402
    - flags: bottom simplicial
    - normal:    0.1913   0.8489  -0.4927
    - offset: -0.1047354
    - vertices: p525(v284) p2856(v283) p2744(v191)
    - neighboring facets: f1397 f1404 f1401
- f1403
    - flags: top simplicial
    - normal:   0.01389   0.8118  -0.5837
    - offset: -0.1143555
    - vertices: p525(v284) p654(v188) p3963(v115)
    - neighboring facets: f920 f1404 f1400
- f1404
    - flags: bottom simplicial
    - normal:   0.07535   0.7924  -0.6053
    - offset: -0.1168264
    - vertices: p525(v284) p2744(v191) p3963(v115)
    - neighboring facets: f933 f1403 f1402
- f1414
    - flags: bottom simplicial
    - normal:    0.3738   0.4871  -0.7893
    - offset: -0.1314725
    - vertices: p3422(v287) p818(v65) p2764(v5)
    - neighboring facets: f554 f1853 f1417
- f1417
    - flags: top simplicial
    - normal:    0.4848   0.6318  -0.6049
    - offset: -0.1158569
    - vertices: p3868(v288) p3422(v287) p818(v65)
    - neighboring facets: f1414 f2162 f1418
- f1418
    - flags: bottom simplicial
    - normal:    0.4562    0.665  -0.5913
    - offset: -0.1144036
    - vertices: p3868(v288) p3422(v287) p3581(v193)
    - neighboring facets: f1850 f1858 f1417
- f1423
    - flags: bottom simplicial
    - normal:    0.3316   0.8834  -0.3313
    - offset: -0.08676797
    - vertices: p2458(v289) p2113(v118) p291(v42)
    - neighboring facets: f925 f1889 f1851
- f1431
    - flags: top simplicial
    - normal:    0.5132   0.8453  -0.1487
    - offset: -0.06630696
    - vertices: p1937(v290) p2458(v289) p3581(v193)
    - neighboring facets: f1852 f2410 f1890
- f1442
    - flags: top simplicial
    - normal:    0.1871 -0.04697  -0.9812
    - offset: -0.1362246
    - vertices: p496(v292) p1815(v121) p3201(v66)
    - neighboring facets: f560 f1443 f1444
- f1443
    - flags: bottom simplicial
    - normal:    0.1811 -0.04221  -0.9826
    - offset: -0.1362233
    - vertices: p496(v292) p3140(v196) p3201(v66)
    - neighboring facets: f954 f1442 f1445
- f1444
    - flags: top simplicial
    - normal:    0.1463 -0.07854  -0.9861
    - offset: -0.1364151
    - vertices: p496(v292) p2069(v195) p1815(v121)
    - neighboring facets: f997 f1442 f1445
- f1445
    - flags: top simplicial
    - normal:    0.1204 -0.06463  -0.9906
    - offset: -0.1363149
    - vertices: p496(v292) p3140(v196) p2069(v195)
    - neighboring facets: f999 f1444 f1443
- f1446
    - flags: top simplicial
    - normal:    0.2553  0.01102  -0.9668
    - offset: -0.1361845
    - vertices: p3104(v293) p987(v120) p3963(v115)
    - neighboring facets: f555 f1450 f1447
- f1447
    - flags: top simplicial
    - normal:    0.2345 -0.003919  -0.9721
    - offset: -0.1363063
    - vertices: p3104(v293) p3140(v196) p987(v120)
    - neighboring facets: f954 f1446 f1448
- f1448
    - flags: bottom simplicial
    - normal:   0.02222 -0.07824  -0.9967
    - offset: -0.1362599
    - vertices: p3104(v293) p3140(v196) p3184(v63)
    - neighboring facets: f1006 f1902 f1447
- f1450
    - flags: bottom simplicial
    - normal:    0.0108  0.04155  -0.9991
    - offset: -0.1409276
    - vertices: p3104(v293) p925(v277) p3963(v115)
    - neighboring facets: f1370 f1446 f1903
- f1451
    - flags: top simplicial
    - normal:    0.8087  -0.5882 -0.007624
    - offset: -0.0490781
    - vertices: p1434(v294) p2474(v197) p3546(v51)
    - neighboring facets: f1457 f2227 f1452
- f1452
    - flags: bottom simplicial
    - normal:    0.8597  -0.5108 -0.004532
    - offset: -0.04876429
    - vertices: p1434(v294) p2474(v197) p1263(v123)
    - neighboring facets: f1469 f2231 f1451
- f1457
    - flags: bottom simplicial
    - normal:    0.8065  -0.5912 -0.007785
    - offset: -0.04908653
    - vertices: p1662(v295) p2474(v197) p3546(v51)
    - neighboring facets: f1451 f1913 f1458
- f1458
    - flags: top simplicial
    - normal:    0.8044  -0.5941 -0.008308
    - offset: -0.0491403
    - vertices: p1662(v295) p2474(v197) p1763(v169)
    - neighboring facets: f962 f1914 f1457
- f1460
    - flags: top simplicial
    - normal:    0.9315   -0.204  -0.3013
    - offset: -0.08255826
    - vertices: p398(v296) p2155(v242) p1272(v35)
    - neighboring facets: f1712 f1465 f1463
- f1461
    - flags: bottom simplicial
    - normal:    0.6867  -0.4155  -0.5965
    - offset: -0.1133562
    - vertices: p398(v296) p2474(v197) p3054(v9)
    - neighboring facets: f962 f1464 f1471
- f1462
    - flags: bottom simplicial
    - normal:    0.9557  -0.2303  -0.1834
    - offset: -0.06934264
    - vertices: p398(v296) p2081(v160) p3486(v67)
    - neighboring facets: f1198 f1470 f1463
- f1463
    - flags: bottom simplicial
    - normal:    0.9438  -0.2108  -0.2544
    - offset: -0.07735256
    - vertices: p398(v296) p2155(v242) p2081(v160)
    - neighboring facets: f2082 f1462 f1460
- f1464
    - flags: top simplicial
    - normal:    0.5129  -0.2959  -0.8058
    - offset: -0.1296307
    - vertices: p398(v296) p545(v129) p3054(v9)
    - neighboring facets: f803 f1461 f1465
- f1465
    - flags: bottom simplicial
    - normal:    0.3589  -0.1629  -0.9191
    - offset: -0.1344177
    - vertices: p398(v296) p545(v129) p1272(v35)
    - neighboring facets: f600 f1460 f1464
- f1466
    - flags: top simplicial
    - normal:    0.8821   -0.471 -0.002674
    - offset: -0.04854923
    - vertices: p561(v297) p93(v198) p1350(v124)
    - neighboring facets: f967 f1467 f1468
- f1467
    - flags: top simplicial
    - normal:    0.9026  -0.4304 -0.006944
    - offset: -0.04908744
    - vertices: p561(v297) p1350(v124) p3486(v67)
    - neighboring facets: f979 f1470 f1466
- f1468
    - flags: bottom simplicial
    - normal:    0.8762   -0.482 -0.003264
    - offset: -0.04859997
    - vertices: p561(v297) p93(v198) p1263(v123)
    - neighboring facets: f1260 f1469 f1466
- f1469
    - flags: top simplicial
    - normal:    0.8719  -0.4894 -0.01334
    - offset: -0.04981283
    - vertices: p561(v297) p2474(v197) p1263(v123)
    - neighboring facets: f1452 f1468 f1471
- f1470
    - flags: bottom simplicial
    - normal:    0.8893  -0.4548  -0.0482
    - offset: -0.05409527
    - vertices: p561(v297) p398(v296) p3486(v67)
    - neighboring facets: f1462 f1467 f1471
- f1471
    - flags: top simplicial
    - normal:    0.8803  -0.4713 -0.05384
    - offset: -0.0547543
    - vertices: p561(v297) p398(v296) p2474(v197)
    - neighboring facets: f1461 f1469 f1470
- f1483
    - flags: bottom simplicial
    - normal:    0.2685  -0.9619   0.0508
    - offset: -0.04292819
    - vertices: p1098(v300) p3918(v203) p3933(v36)
    - neighboring facets: f986 f1528 f1527
- f1485
    - flags: bottom simplicial
    - normal:     0.641  -0.7628 -0.08551
    - offset: -0.05850257
    - vertices: p303(v301) p545(v129) p2418(v71)
    - neighboring facets: f1246 f1926 f1486
- f1486
    - flags: bottom simplicial
    - normal:    0.6347  -0.7676 -0.08958
    - offset: -0.05899191
    - vertices: p303(v301) p2470(v204) p545(v129)
    - neighboring facets: f994 f1485 f1504
- f1490
    - flags: top simplicial
    - normal:    0.1275  -0.3728  -0.9191
    - offset: -0.1345258
    - vertices: p1115(v302) p2617(v132) p545(v129)
    - neighboring facets: f994 f1495 f1919
- f1491
    - flags: bottom simplicial
    - normal:   0.05038  -0.1081  -0.9929
    - offset: -0.1365696
    - vertices: p1115(v302) p1748(v206) p2832(v19)
    - neighboring facets: f1005 f1494 f1921
- f1494
    - flags: top simplicial
    - normal:    0.1268   -0.152  -0.9802
    - offset: -0.1368852
    - vertices: p1115(v302) p1239(v205) p2832(v19)
    - neighboring facets: f998 f1491 f1495
- f1495
    - flags: bottom simplicial
    - normal:    0.2067  -0.2196  -0.9534
    - offset: -0.1359708
    - vertices: p1115(v302) p1239(v205) p545(v129)
    - neighboring facets: f996 f1490 f1494
- f1499
    - flags: bottom simplicial
    - normal:    0.6408  -0.7677 -0.006459
    - offset: -0.04903421
    - vertices: p57(v304) p2418(v71) p573(v37)
    - neighboring facets: f1768 f1500 f1924
- f1500
    - flags: top simplicial
    - normal:    0.6424  -0.7664 -0.004908
    - offset: -0.04888764
    - vertices: p57(v304) p48(v208) p573(v37)
    - neighboring facets: f1930 f1499 f1925
- f1504
    - flags: top simplicial
    - normal:    0.5806  -0.8141 -0.01114
    - offset: -0.04945674
    - vertices: p2858(v305) p303(v301) p2470(v204)
    - neighboring facets: f1486 f1506 f1928
- f1506
    - flags: top simplicial
    - normal:    0.5679   -0.823 -0.01181
    - offset: -0.0495323
    - vertices: p2858(v305) p2470(v204) p1943(v18)
    - neighboring facets: f993 f1509 f1504
- f1507
    - flags: top simplicial
    - normal:    0.5566  -0.8307  0.01438
    - offset: -0.04719592
    - vertices: p2858(v305) p230(v181) p1756(v7)
    - neighboring facets: f880 f1515 f1508
- f1508
    - flags: bottom simplicial
    - normal:    0.4887  -0.8721  0.02409
    - offset: -0.04616387
    - vertices: p2858(v305) p230(v181) p2567(v69)
    - neighboring facets: f887 f1510 f1507
- f1509
    - flags: bottom simplicial
    - normal:    0.4988  -0.8667 -0.00365
    - offset: -0.04869637
    - vertices: p2858(v305) p736(v126) p1943(v18)
    - neighboring facets: f1915 f1506 f1510
- f1510
    - flags: top simplicial
    - normal:    0.4892   -0.872  0.01731
    - offset: -0.04677756
    - vertices: p2858(v305) p736(v126) p2567(v69)
    - neighboring facets: f887 f1508 f1509
- f1514
    - flags: bottom simplicial
    - normal:    0.7495   -0.662 3.417e-07
    - offset: -0.04843201
    - vertices: p373(v307) p3100(v168) p1756(v7)
    - neighboring facets: f880 f1515 f1933
- f1515
    - flags: top simplicial
    - normal:    0.5864    -0.81 0.009711
    - offset: -0.04758433
    - vertices: p373(v307) p2858(v305) p1756(v7)
    - neighboring facets: f1507 f1514 f1516
- f1516
    - flags: bottom simplicial
    - normal:    0.5936  -0.8047 0.008486
    - offset: -0.04767685
    - vertices: p373(v307) p2858(v305) p48(v208)
    - neighboring facets: f1923 f1929 f1515
- f1519
    - flags: top simplicial
    - normal:   0.04204  -0.9799   -0.195
    - offset: -0.0693877
    - vertices: p928(v308) p2617(v132) p2048(v38)
    - neighboring facets: f615 f1787 f1520
- f1520
    - flags: top simplicial
    - normal:    0.0462  -0.9808  -0.1893
    - offset: -0.06877971
    - vertices: p928(v308) p3463(v209) p2617(v132)
    - neighboring facets: f2241 f1519 f1522
- f1522
    - flags: bottom simplicial
    - normal:   0.02987  -0.9965 -0.07817
    - offset: -0.05586018
    - vertices: p928(v308) p3463(v209) p2317(v3)
    - neighboring facets: f1020 f1786 f1520
- f1523
    - flags: top simplicial
    - normal:    0.1335  -0.9907 -0.02515
    - offset: -0.05049557
    - vertices: p2299(v309) p3463(v209) p3191(v70)
    - neighboring facets: f1020 f1524 f2242
- f1524
    - flags: bottom simplicial
    - normal:    0.1786  -0.9796  0.09213
    - offset: -0.03870982
    - vertices: p2299(v309) p230(v181) p3191(v70)
    - neighboring facets: f883 f1523 f1526
- f1526
    - flags: top simplicial
    - normal:    0.2472  -0.9663  0.07231
    - offset: -0.04070952
    - vertices: p2299(v309) p230(v181) p3933(v36)
    - neighboring facets: f885 f1528 f1524
- f1527
    - flags: top simplicial
    - normal:    0.2468  -0.9684  0.03501
    - offset: -0.04452509
    - vertices: p2299(v309) p1098(v300) p3918(v203)
    - neighboring facets: f1483 f1934 f1528
- f1528
    - flags: bottom simplicial
    - normal:    0.2547  -0.9651  0.06159
    - offset: -0.04179189
    - vertices: p2299(v309) p1098(v300) p3933(v36)
    - neighboring facets: f1483 f1526 f1527
- f1548
    - flags: bottom simplicial
    - normal:   -0.8654   0.4892   0.1088
    - offset: -0.03666958
    - vertices: p722(v314) p2316(v217) p2722(v81)
    - neighboring facets: f1059 f1549 f1554
- f1549
    - flags: top simplicial
    - normal:   -0.8476   0.5306 0.006795
    - offset: -0.04738341
    - vertices: p722(v314) p3957(v312) p2722(v81)
    - neighboring facets: f2459 f1548 f1550
- f1550
    - flags: bottom simplicial
    - normal:   -0.8478   0.5303 0.006319
    - offset: -0.04743416
    - vertices: p722(v314) p3957(v312) p2737(v211)
    - neighboring facets: f2597 f1962 f1549
- f1553
    - flags: bottom simplicial
    - normal:   -0.9187   0.3825   0.0987
    - offset: -0.03758709
    - vertices: p722(v314) p3118(v210) p483(v43)
    - neighboring facets: f1973 f1554 f2445
- f1554
    - flags: top simplicial
    - normal:   -0.9103   0.3912   0.1356
    - offset: -0.03361668
    - vertices: p722(v314) p2316(v217) p483(v43)
    - neighboring facets: f1058 f1553 f1548
- f1560
    - flags: bottom simplicial
    - normal:   -0.9898   0.1427 -0.004173
    - offset: -0.0486743
    - vertices: p2558(v316) p919(v150) p522(v138)
    - neighboring facets: f1136 f1977 f2475
- f1571
    - flags: bottom simplicial
    - normal:    0.7634   0.5873    0.269
    - offset: -0.0483248
    - vertices: p288(v318) p463(v166) p1120(v44)
    - neighboring facets: f785 f1572 f1992
- f1572
    - flags: top simplicial
    - normal:   -0.3449   0.8324   0.4337
    - offset: -0.01871404
    - vertices: p288(v318) p1660(v221) p1120(v44)
    - neighboring facets: f1076 f1571 f1986
- f1576
    - flags: bottom simplicial
    - normal:   -0.6949   0.6032   0.3914
    - offset: -0.005488317
    - vertices: p258(v319) p3366(v140) p2722(v81)
    - neighboring facets: f1073 f1577 f1578
- f1577
    - flags: top simplicial
    - normal:   -0.6936   0.5747   0.4342
    - offset: -0.0003318118
    - vertices: p258(v319) p935(v222) p2722(v81)
    - neighboring facets: f1083 f1576 f1579
- f1578
    - flags: bottom simplicial
    - normal:   -0.6225    0.671   0.4028
    - offset: -0.004404666
    - vertices: p258(v319) p3344(v219) p3366(v140)
    - neighboring facets: f1069 f1576 f1579
- f1579
    - flags: bottom simplicial
    - normal:   -0.6221   0.6706   0.4041
    - offset: -0.004246539
    - vertices: p258(v319) p935(v222) p3344(v219)
    - neighboring facets: f1087 f1578 f1577
- f1582
    - flags: top simplicial
    - normal:   -0.6581   0.7528 -0.01012
    - offset: -0.04947257
    - vertices: p1745(v320) p1432(v223) p3366(v140)
    - neighboring facets: f2152 f1994 f2463
- f1583
    - flags: bottom simplicial
    - normal:   -0.5146   0.8435  -0.1541
    - offset: -0.06662518
    - vertices: p2836(v321) p954(v187) p528(v114)
    - neighboring facets: f1824 f1584 f2387
- f1584
    - flags: top simplicial
    - normal:     -0.61   0.7764  -0.1585
    - offset: -0.06744359
    - vertices: p2836(v321) p1432(v223) p528(v114)
    - neighboring facets: f2244 f1583 f2155
- f1591
    - flags: top simplicial
    - normal:   -0.3292   0.7912   0.5155
    - offset: -0.01977891
    - vertices: p1789(v323) p935(v222) p1660(v221)
    - neighboring facets: f1087 f2273 f1593
- f1593
    - flags: bottom simplicial
    - normal:    0.1321   0.6435    0.754
    - offset: -0.03799834
    - vertices: p1789(v323) p935(v222) p277(v21)
    - neighboring facets: f1082 f1594 f1591
- f1594
    - flags: top simplicial
    - normal:    0.6355   0.4414   0.6335
    - offset: -0.04775821
    - vertices: p1789(v323) p3122(v141) p277(v21)
    - neighboring facets: f1066 f1593 f1595
- f1595
    - flags: top simplicial
    - normal:    0.7206   0.4128    0.557
    - offset: -0.04819331
    - vertices: p1789(v323) p822(v224) p3122(v141)
    - neighboring facets: f1612 f1594 f2275
- f1597
    - flags: top simplicial
    - normal:    0.9845  -0.1752 0.0007701
    - offset: -0.04844684
    - vertices: p1075(v324) p3230(v225) p1226(v154)
    - neighboring facets: f1102 f1999 f2284
- f1601
    - flags: top simplicial
    - normal:    0.9811  0.09528   0.1683
    - offset: -0.04755113
    - vertices: p2229(v325) p1481(v143) p2080(v85)
    - neighboring facets: f1610 f2293 f1602
- f1602
    - flags: top simplicial
    - normal:    0.9815  0.09589   0.1655
    - offset: -0.04756953
    - vertices: p2229(v325) p929(v226) p1481(v143)
    - neighboring facets: f2646 f1601 f2012
- f1606
    - flags: top simplicial
    - normal:     0.891  0.08234   0.4465
    - offset: -0.04712782
    - vertices: p1600(v326) p567(v227) p3859(v45)
    - neighboring facets: f1116 f2022 f1607
- f1607
    - flags: top simplicial
    - normal:    0.9258  0.00729    0.378
    - offset: -0.04645082
    - vertices: p1600(v326) p611(v270) p567(v227)
    - neighboring facets: f2024 f1606 f1611
- f1610
    - flags: bottom simplicial
    - normal:    0.9578  0.03284   0.2856
    - offset: -0.04642411
    - vertices: p1600(v326) p1481(v143) p2080(v85)
    - neighboring facets: f1601 f2478 f1611
- f1611
    - flags: bottom simplicial
    - normal:    0.9536 0.004238   0.3009
    - offset: -0.04618529
    - vertices: p1600(v326) p611(v270) p1481(v143)
    - neighboring facets: f1333 f1610 f1607
- f1612
    - flags: bottom simplicial
    - normal:    0.8468   0.2505   0.4692
    - offset: -0.04768168
    - vertices: p1600(v326) p822(v224) p3122(v141)
    - neighboring facets: f1595 f2023 f2276
- f1613
    - flags: top simplicial
    - normal:    0.8021  -0.2472   0.5437
    - offset: -0.04823185
    - vertices: p1692(v327) p3082(v179) p2506(v178)
    - neighboring facets: f1325 f1618 f2027
- f1614
    - flags: bottom simplicial
    - normal:    0.8245 -0.09363   0.5581
    - offset: -0.04816788
    - vertices: p1692(v327) p567(v227) p854(v142)
    - neighboring facets: f1341 f1617 f2025
- f1617
    - flags: top simplicial
    - normal:    0.7665  -0.1245   0.6301
    - offset: -0.04832204
    - vertices: p1692(v327) p550(v267) p854(v142)
    - neighboring facets: f1316 f1614 f1618
- f1618
    - flags: bottom simplicial
    - normal:    0.7483  -0.1717   0.6408
    - offset: -0.04835097
    - vertices: p1692(v327) p550(v267) p2506(v178)
    - neighboring facets: f1317 f1613 f1617
- f1619
    - flags: bottom simplicial
    - normal:   -0.8489  -0.5286 -0.004829
    - offset: -0.04870984
    - vertices: p907(v328) p757(v228) p2403(v86)
    - neighboring facets: f1122 f1621 f1620
- f1620
    - flags: top simplicial
    - normal:   -0.8499  -0.5269 -0.003189
    - offset: -0.04851505
    - vertices: p907(v328) p757(v228) p855(v147)
    - neighboring facets: f1623 f1622 f1619
- f1621
    - flags: bottom simplicial
    - normal:   -0.8309  -0.5564 -0.003095
    - offset: -0.04858439
    - vertices: p907(v328) p2403(v86) p1749(v6)
    - neighboring facets: f687 f1622 f1619
- f1622
    - flags: top simplicial
    - normal:   -0.8353  -0.5498 -0.001735
    - offset: -0.04841515
    - vertices: p907(v328) p855(v147) p1749(v6)
    - neighboring facets: f2032 f1621 f1620
- f1623
    - flags: bottom simplicial
    - normal:   -0.8554   -0.518 0.0003818
    - offset: -0.04808983
    - vertices: p3311(v329) p757(v228) p855(v147)
    - neighboring facets: f1620 f2033 f1627
- f1627
    - flags: top simplicial
    - normal:   -0.8645  -0.5027 -0.003381
    - offset: -0.04852907
    - vertices: p3311(v329) p757(v228) p169(v46)
    - neighboring facets: f1122 f1651 f1623
- f1629
    - flags: bottom simplicial
    - normal:   -0.9975 -0.02758   0.0657
    - offset: -0.04094325
    - vertices: p1389(v330) p1987(v80) p60(v1)
    - neighboring facets: f642 f2493 f2041
- f1636
    - flags: top simplicial
    - normal:   -0.9694  -0.2457 0.0009682
    - offset: -0.04809873
    - vertices: p1678(v331) p1144(v229) p2699(v148)
    - neighboring facets: f1127 f1646 f1648
- f1639
    - flags: top simplicial
    - normal:   -0.9677   -0.252  0.00689
    - offset: -0.04745577
    - vertices: p2214(v332) p2699(v148) p2042(v22)
    - neighboring facets: f693 f1640 f1645
- f1640
    - flags: bottom simplicial
    - normal:   -0.9676  -0.2523 0.006923
    - offset: -0.04745197
    - vertices: p2214(v332) p1754(v230) p2042(v22)
    - neighboring facets: f1663 f1639 f1641
- f1641
    - flags: top simplicial
    - normal:    -0.967  -0.2548 0.002013
    - offset: -0.04797373
    - vertices: p243(v333) p2214(v332) p1754(v230)
    - neighboring facets: f1640 f2050 f1645
- f1643
    - flags: top simplicial
    - normal:   -0.9456  -0.3048   -0.114
    - offset: -0.06201029
    - vertices: p243(v333) p267(v151) p3367(v88)
    - neighboring facets: f1155 f1647 f2052
- f1645
    - flags: bottom simplicial
    - normal:    -0.967  -0.2547    0.002
    - offset: -0.04797522
    - vertices: p243(v333) p2214(v332) p2699(v148)
    - neighboring facets: f1639 f1646 f1641
- f1646
    - flags: top simplicial
    - normal:   -0.9687  -0.2483 0.0007174
    - offset: -0.04812216
    - vertices: p243(v333) p1678(v331) p2699(v148)
    - neighboring facets: f1636 f1645 f1648
- f1647
    - flags: bottom simplicial
    - normal:   -0.9691  -0.2468 0.0003499
    - offset: -0.04816455
    - vertices: p243(v333) p1144(v229) p3367(v88)
    - neighboring facets: f2042 f1643 f1648
- f1648
    - flags: bottom simplicial
    - normal:    -0.969  -0.2469 0.0003875
    - offset: -0.04816014
    - vertices: p243(v333) p1678(v331) p1144(v229)
    - neighboring facets: f1636 f1647 f1646
- f1650
    - flags: top simplicial
    - normal:   -0.9209  -0.3899 0.0004015
    - offset: -0.04814283
    - vertices: p903(v334) p2371(v234) p1059(v87)
    - neighboring facets: f1653 f2030 f2049
- f1651
    - flags: top simplicial
    - normal:   -0.8737  -0.4865 0.005291
    - offset: -0.04750844
    - vertices: p903(v334) p3311(v329) p169(v46)
    - neighboring facets: f1627 f2048 f2036
- f1653
    - flags: bottom simplicial
    - normal:   -0.9258   -0.378 0.001192
    - offset: -0.04804583
    - vertices: p2216(v335) p2371(v234) p1059(v87)
    - neighboring facets: f1650 f1661 f1659
- f1659
    - flags: top simplicial
    - normal:   -0.9326  -0.3608 0.0004622
    - offset: -0.04812298
    - vertices: p3388(v336) p2216(v335) p2371(v234)
    - neighboring facets: f1653 f2054 f1661
- f1661
    - flags: bottom simplicial
    - normal:     -0.93  -0.3676  0.00442
    - offset: -0.04769221
    - vertices: p3388(v336) p2216(v335) p1059(v87)
    - neighboring facets: f1653 f1662 f1659
- f1662
    - flags: bottom simplicial
    - normal:   -0.9412  -0.3326  0.05877
    - offset: -0.04188679
    - vertices: p3388(v336) p1059(v87) p2042(v22)
    - neighboring facets: f386 f1663 f1661
- f1663
    - flags: top simplicial
    - normal:   -0.9547  -0.2969  0.02139
    - offset: -0.04587878
    - vertices: p3388(v336) p1754(v230) p2042(v22)
    - neighboring facets: f1640 f1662 f2051
- f1665
    - flags: top simplicial
    - normal:   -0.3578  -0.1695  -0.9183
    - offset: -0.1343502
    - vertices: p1551(v337) p3583(v235) p1503(v232)
    - neighboring facets: f1160 f2056 f1667
- f1667
    - flags: bottom simplicial
    - normal:   -0.3699  -0.1209  -0.9212
    - offset: -0.1343972
    - vertices: p1551(v337) p3583(v235) p1269(v33)
    - neighboring facets: f1156 f1669 f1665
- f1669
    - flags: top simplicial
    - normal:   -0.1409 -0.04604   -0.989
    - offset: -0.1368862
    - vertices: p1551(v337) p3184(v63) p1269(v33)
    - neighboring facets: f1356 f1667 f2058
- f1671
    - flags: top simplicial
    - normal:    0.9858  -0.1681 8.994e-07
    - offset: -0.04847291
    - vertices: p3822(v338) p2236(v237) p2486(v50)
    - neighboring facets: f1205 f2000 f1672
- f1672
    - flags: bottom simplicial
    - normal:    0.9858  -0.1681 1.419e-06
    - offset: -0.04847288
    - vertices: p3822(v338) p2236(v237) p1226(v154)
    - neighboring facets: f1166 f2001 f1671
- f1673
    - flags: bottom simplicial
    - normal:     0.946    0.324 -0.009299
    - offset: -0.04929775
    - vertices: p703(v339) p1331(v155) p3156(v90)
    - neighboring facets: f2527 f1674 f1675
- f1674
    - flags: top simplicial
    - normal:    0.9519   0.3062 -0.009483
    - offset: -0.04929661
    - vertices: p703(v339) p1555(v238) p3156(v90)
    - neighboring facets: f1676 f1673 f1675
- f1675
    - flags: bottom simplicial
    - normal:    0.9316   0.3413  -0.1251
    - offset: -0.06315328
    - vertices: p703(v339) p1555(v238) p1331(v155)
    - neighboring facets: f1172 f1673 f1674
- f1676
    - flags: bottom simplicial
    - normal:    0.9563   0.2924 -0.008249
    - offset: -0.04915352
    - vertices: p76(v340) p1555(v238) p3156(v90)
    - neighboring facets: f1674 f1677 f1678
- f1677
    - flags: top simplicial
    - normal:    0.9584   0.2854 -0.00703
    - offset: -0.04902084
    - vertices: p76(v340) p1341(v239) p3156(v90)
    - neighboring facets: f2071 f1676 f1679
- f1678
    - flags: top simplicial
    - normal:    0.9654   0.2606 -0.01298
    - offset: -0.04971957
    - vertices: p76(v340) p1555(v238) p2915(v48)
    - neighboring facets: f1170 f1679 f1676
- f1679
    - flags: bottom simplicial
    - normal:    0.9664    0.257 -0.01136
    - offset: -0.04953138
    - vertices: p76(v340) p1341(v239) p2915(v48)
    - neighboring facets: f1173 f1678 f1677
- f1694
    - flags: bottom simplicial
    - normal:    0.9057   0.4237 -0.01007
    - offset: -0.04942763
    - vertices: p1132(v344) p1331(v155) p566(v17)
    - neighboring facets: f1172 f2434 f2528
- f1702
    - flags: top simplicial
    - normal:    0.9978 -0.06584 -0.001352
    - offset: -0.04848853
    - vertices: p3432(v346) p2125(v89) p2730(v2)
    - neighboring facets: f719 f2349 f2084
- f1708
    - flags: top simplicial
    - normal:     0.962  -0.2729 -0.007275
    - offset: -0.04906244
    - vertices: p3180(v347) p1782(v249) p234(v243)
    - neighboring facets: f2370 f2088 f1751
- f1711
    - flags: top simplicial
    - normal:    0.9502  -0.3117 -0.002903
    - offset: -0.04858305
    - vertices: p3180(v347) p2204(v201) p1350(v124)
    - neighboring facets: f979 f1753 f2090
- f1712
    - flags: bottom simplicial
    - normal:      0.93 -0.05276  -0.3636
    - offset: -0.09003698
    - vertices: p1742(v348) p2155(v242) p1272(v35)
    - neighboring facets: f1460 f1713 f2351
- f1713
    - flags: top simplicial
    - normal:    0.9201 -0.02052  -0.3912
    - offset: -0.09299946
    - vertices: p1742(v348) p3425(v245) p1272(v35)
    - neighboring facets: f1207 f1712 f2532
- f1717
    - flags: top simplicial
    - normal:     0.976   0.2174 -0.01126
    - offset: -0.04957865
    - vertices: p1229(v349) p1341(v239) p521(v92)
    - neighboring facets: f1173 f1718 f2096
- f1718
    - flags: bottom simplicial
    - normal:    0.9917   0.1285 -0.008252
    - offset: -0.04922888
    - vertices: p1229(v349) p3425(v245) p521(v92)
    - neighboring facets: f1208 f1717 f2529
- f1719
    - flags: bottom simplicial
    - normal:    0.9836   0.1802 0.000111
    - offset: -0.04848332
    - vertices: p1229(v349) p3523(v341) p929(v226)
    - neighboring facets: f2287 f2352 f2097
- f1732
    - flags: top simplicial
    - normal:    0.7582   0.6517  0.01924
    - offset: -0.04834406
    - vertices: p375(v352) p1778(v248) p426(v11)
    - neighboring facets: f1226 f2400 f1733
- f1733
    - flags: bottom simplicial
    - normal:    0.7614   0.6482 0.009547
    - offset: -0.04837723
    - vertices: p375(v352) p1778(v248) p3813(v163)
    - neighboring facets: f1225 f2117 f1732
- f1743
    - flags: bottom simplicial
    - normal:    0.9699  -0.2436 -0.0007234
    - offset: -0.04851423
    - vertices: p1835(v354) p1782(v249) p1540(v95)
    - neighboring facets: f2004 f2006 f1750
- f1746
    - flags: bottom simplicial
    - normal:     0.973   -0.231  0.00125
    - offset: -0.04846231
    - vertices: p1835(v354) p3230(v225) p560(v13)
    - neighboring facets: f1100 f2127 f2009
- f1748
    - flags: top simplicial
    - normal:    0.9436   -0.331 0.001806
    - offset: -0.04841666
    - vertices: p3434(v355) p1391(v264) p1428(v110)
    - neighboring facets: f1305 f1749 f1752
- f1749
    - flags: bottom simplicial
    - normal:    0.9598  -0.2807 -0.0009749
    - offset: -0.04849403
    - vertices: p3434(v355) p1835(v354) p1428(v110)
    - neighboring facets: f2128 f1748 f1750
- f1750
    - flags: top simplicial
    - normal:    0.9601  -0.2798 -0.00153
    - offset: -0.04850794
    - vertices: p3434(v355) p1835(v354) p1782(v249)
    - neighboring facets: f1743 f1751 f1749
- f1751
    - flags: bottom simplicial
    - normal:    0.9551  -0.2962 -0.002663
    - offset: -0.04855358
    - vertices: p3434(v355) p3180(v347) p1782(v249)
    - neighboring facets: f1708 f1750 f1753
- f1752
    - flags: bottom simplicial
    - normal:    0.9445  -0.3286 -0.001347
    - offset: -0.04850548
    - vertices: p3434(v355) p1391(v264) p1350(v124)
    - neighboring facets: f1807 f1753 f1748
- f1753
    - flags: top simplicial
    - normal:    0.9506  -0.3105 -0.002657
    - offset: -0.04855492
    - vertices: p3434(v355) p3180(v347) p1350(v124)
    - neighboring facets: f1711 f1752 f1751
- f1754
    - flags: bottom simplicial
    - normal:    0.7549  -0.6559 -0.002128
    - offset: -0.04850946
    - vertices: p693(v356) p1763(v169) p3953(v96)
    - neighboring facets: f1252 f1755 f1756
- f1755
    - flags: top simplicial
    - normal:    0.7492  -0.6624 -0.001502
    - offset: -0.04848967
    - vertices: p693(v356) p1490(v250) p3953(v96)
    - neighboring facets: f1237 f1754 f1757
- f1756
    - flags: top simplicial
    - normal:    0.7427  -0.6696 -0.003995
    - offset: -0.04872777
    - vertices: p693(v356) p1763(v169) p573(v37)
    - neighboring facets: f1245 f1758 f1754
- f1757
    - flags: bottom simplicial
    - normal:    0.7427  -0.6696 -0.0009611
    - offset: -0.04847637
    - vertices: p693(v356) p1490(v250) p3100(v168)
    - neighboring facets: f1237 f1759 f1755
- f1758
    - flags: bottom simplicial
    - normal:     0.695   -0.719 -0.0002433
    - offset: -0.04851019
    - vertices: p693(v356) p3351(v306) p573(v37)
    - neighboring facets: f1931 f1756 f1759
- f1759
    - flags: top simplicial
    - normal:    0.6936  -0.7204 0.0004934
    - offset: -0.0484483
    - vertices: p693(v356) p3351(v306) p3100(v168)
    - neighboring facets: f1932 f1757 f1758
- f1761
    - flags: top simplicial
    - normal:    0.7495   -0.662 1.743e-08
    - offset:  -0.048432
    - vertices: p396(v357) p28(v251) p2712(v109)
    - neighboring facets: f1242 f1763 f1767
- f1762
    - flags: top simplicial
    - normal:    0.7646  -0.6446 -0.001903
    - offset: -0.04848525
    - vertices: p396(v357) p2636(v253) p3953(v96)
    - neighboring facets: f1252 f1766 f1763
- f1763
    - flags: bottom simplicial
    - normal:    0.7688  -0.6394 -0.00163
    - offset: -0.04848691
    - vertices: p396(v357) p2636(v253) p2712(v109)
    - neighboring facets: f1355 f1761 f1762
- f1764
    - flags: bottom simplicial
    - normal:    0.7495   -0.662 -1.428e-07
    - offset: -0.04843201
    - vertices: p3031(v358) p3100(v168) p3953(v96)
    - neighboring facets: f1237 f1766 f1765
- f1765
    - flags: bottom simplicial
    - normal:    0.7495   -0.662 1.823e-08
    - offset:  -0.048432
    - vertices: p3031(v358) p28(v251) p3100(v168)
    - neighboring facets: f1243 f1764 f1767
- f1766
    - flags: top simplicial
    - normal:    0.7495   -0.662 -1.548e-06
    - offset: -0.04843205
    - vertices: p3031(v358) p396(v357) p3953(v96)
    - neighboring facets: f1762 f1764 f1767
- f1767
    - flags: bottom simplicial
    - normal:    0.7495   -0.662 1.598e-08
    - offset:  -0.048432
    - vertices: p3031(v358) p396(v357) p28(v251)
    - neighboring facets: f1761 f1765 f1766
- f1768
    - flags: top simplicial
    - normal:    0.6836  -0.7297 -0.01313
    - offset: -0.04978067
    - vertices: p2(v359) p2418(v71) p573(v37)
    - neighboring facets: f1499 f1769 f1770
- f1769
    - flags: bottom simplicial
    - normal:    0.6937  -0.7201 -0.01436
    - offset: -0.04989905
    - vertices: p2(v359) p3440(v252) p573(v37)
    - neighboring facets: f1245 f1768 f1770
- f1770
    - flags: top simplicial
    - normal:    0.6921  -0.7216 -0.01674
    - offset: -0.05018617
    - vertices: p2(v359) p3440(v252) p2418(v71)
    - neighboring facets: f1246 f1768 f1769
- f1771
    - flags: top simplicial
    - normal:    0.8204  -0.5717 0.0009362
    - offset: -0.04846633
    - vertices: p1270(v360) p1393(v254) p690(v98)
    - neighboring facets: f1253 f1773 f1772
- f1772
    - flags: bottom simplicial
    - normal:    0.8167  -0.5771 0.003228
    - offset: -0.04840974
    - vertices: p1270(v360) p1393(v254) p2712(v109)
    - neighboring facets: f1780 f1774 f1771
- f1773
    - flags: bottom simplicial
    - normal:    0.8099  -0.5865 0.0003589
    - offset: -0.04847777
    - vertices: p1270(v360) p3747(v182) p690(v98)
    - neighboring facets: f1352 f1771 f1774
- f1774
    - flags: top simplicial
    - normal:    0.8031  -0.5958 0.0004151
    - offset: -0.04846618
    - vertices: p1270(v360) p3747(v182) p2712(v109)
    - neighboring facets: f1354 f1772 f1773
- f1777
    - flags: bottom simplicial
    - normal:    0.8663  -0.4996  0.00521
    - offset: -0.04826613
    - vertices: p1187(v361) p584(v255) p397(v25)
    - neighboring facets: f1259 f1778 f2130
- f1778
    - flags: top simplicial
    - normal:    0.8724  -0.4887  0.01077
    - offset: -0.04810866
    - vertices: p1187(v361) p1190(v177) p397(v25)
    - neighboring facets: f1315 f1777 f1779
- f1779
    - flags: bottom simplicial
    - normal:    0.8617  -0.5069  0.02102
    - offset: -0.04796838
    - vertices: p1187(v361) p1190(v177) p2712(v109)
    - neighboring facets: f849 f1780 f1778
- f1780
    - flags: top simplicial
    - normal:    0.8202   -0.572 0.004215
    - offset: -0.04838969
    - vertices: p1187(v361) p1393(v254) p2712(v109)
    - neighboring facets: f1772 f1779 f2131
- f1781
    - flags: bottom simplicial
    - normal:   -0.2804  -0.9406  -0.1916
    - offset: -0.07005634
    - vertices: p499(v362) p464(v173) p2985(v101)
    - neighboring facets: f1271 f1783 f1782
- f1782
    - flags: bottom simplicial
    - normal:   -0.1239  -0.9903 -0.06248
    - offset: -0.0547734
    - vertices: p499(v362) p3522(v258) p464(v173)
    - neighboring facets: f1276 f1781 f1789
- f1783
    - flags: top simplicial
    - normal:   -0.3069  -0.9164   -0.257
    - offset: -0.07732833
    - vertices: p499(v362) p3823(v174) p2985(v101)
    - neighboring facets: f831 f1781 f1785
- f1785
    - flags: top simplicial
    - normal:   -0.3177  -0.8279  -0.4623
    - offset: -0.09888163
    - vertices: p499(v362) p1050(v261) p3823(v174)
    - neighboring facets: f1799 f1783 f2135
- f1786
    - flags: bottom simplicial
    - normal:   0.01379  -0.9962 -0.08614
    - offset: -0.05665966
    - vertices: p499(v362) p928(v308) p2317(v3)
    - neighboring facets: f1522 f1788 f1787
- f1787
    - flags: top simplicial
    - normal:    0.0209  -0.9912  -0.1306
    - offset: -0.0618894
    - vertices: p499(v362) p928(v308) p2048(v38)
    - neighboring facets: f1519 f2134 f1786
- f1788
    - flags: top simplicial
    - normal:   -0.0306  -0.9969 -0.07293
    - offset: -0.0554759
    - vertices: p499(v362) p3817(v72) p2317(v3)
    - neighboring facets: f610 f1786 f1789
- f1789
    - flags: top simplicial
    - normal:   -0.1129   -0.992 -0.05694
    - offset: -0.05405471
    - vertices: p499(v362) p3522(v258) p3817(v72)
    - neighboring facets: f1276 f1788 f1782
- f1790
    - flags: top simplicial
    - normal:   -0.4417  -0.8971 -0.009012
    - offset: -0.04921212
    - vertices: p2888(v363) p1180(v259) p3823(v174)
    - neighboring facets: f1283 f1799 f1792
- f1791
    - flags: bottom simplicial
    - normal:   -0.5015  -0.8652 0.000102
    - offset: -0.04823538
    - vertices: p2888(v363) p3200(v112) p228(v54)
    - neighboring facets: f512 f1794 f1792
- f1792
    - flags: bottom simplicial
    - normal:   -0.4757  -0.8796 -0.001324
    - offset: -0.04837719
    - vertices: p2888(v363) p1180(v259) p3200(v112)
    - neighboring facets: f1282 f1791 f1790
- f1793
    - flags: bottom simplicial
    - normal:   -0.5799  -0.8121 -0.06486
    - offset: -0.05591913
    - vertices: p2888(v363) p3407(v260) p559(v8)
    - neighboring facets: f1288 f1798 f1797
- f1794
    - flags: bottom simplicial
    - normal:   -0.5256  -0.8507 -0.0002075
    - offset: -0.04826564
    - vertices: p2888(v363) p228(v54) p3559(v27)
    - neighboring facets: f512 f2140 f1791
- f1797
    - flags: top simplicial
    - normal:   -0.5778  -0.8161 -0.01096
    - offset: -0.04942673
    - vertices: p2888(v363) p3407(v260) p957(v30)
    - neighboring facets: f1288 f2142 f1793
- f1798
    - flags: top simplicial
    - normal:   -0.4448  -0.8135  -0.3748
    - offset: -0.09064557
    - vertices: p2888(v363) p1050(v261) p559(v8)
    - neighboring facets: f1292 f1793 f1799
- f1799
    - flags: bottom simplicial
    - normal:   -0.3363  -0.8302  -0.4447
    - offset: -0.09724542
    - vertices: p2888(v363) p1050(v261) p3823(v174)
    - neighboring facets: f1785 f1790 f1798
- f1800
    - flags: top simplicial
    - normal:     0.873  -0.4494   0.1897
    - offset:  -0.047441
    - vertices: p1647(v364) p1190(v177) p2165(v29)
    - neighboring facets: f849 f1801 f1802
- f1801
    - flags: bottom simplicial
    - normal:     0.867  -0.4583   0.1956
    - offset: -0.04751896
    - vertices: p1647(v364) p3019(v263) p2165(v29)
    - neighboring facets: f1299 f1800 f1802
- f1802
    - flags: top simplicial
    - normal:    0.8746  -0.4431   0.1967
    - offset: -0.04739996
    - vertices: p1647(v364) p3019(v263) p1190(v177)
    - neighboring facets: f1808 f1800 f1801
- f1803
    - flags: top simplicial
    - normal:    0.9248  -0.3804 0.0005202
    - offset: -0.04846294
    - vertices: p984(v365) p1190(v177) p1356(v52)
    - neighboring facets: f1304 f1806 f1804
- f1804
    - flags: top simplicial
    - normal:    0.9213  -0.3889 0.0005041
    - offset: -0.0484607
    - vertices: p984(v365) p1859(v266) p1190(v177)
    - neighboring facets: f1315 f1803 f1805
- f1805
    - flags: bottom simplicial
    - normal:    0.9249  -0.3801 -0.0001515
    - offset: -0.0485013
    - vertices: p984(v365) p1859(v266) p1350(v124)
    - neighboring facets: f1314 f1807 f1804
- f1806
    - flags: bottom simplicial
    - normal:    0.9372  -0.3488 -0.00046
    - offset:  -0.048495
    - vertices: p984(v365) p1391(v264) p1356(v52)
    - neighboring facets: f1304 f1803 f1807
- f1807
    - flags: top simplicial
    - normal:    0.9416  -0.3367 -0.001072
    - offset: -0.04850628
    - vertices: p984(v365) p1391(v264) p1350(v124)
    - neighboring facets: f1752 f1805 f1806
- f1808
    - flags: bottom simplicial
    - normal:    0.8831  -0.4158   0.2174
    - offset: -0.04728069
    - vertices: p3426(v366) p3019(v263) p1190(v177)
    - neighboring facets: f1802 f1812 f1809
- f1809
    - flags: bottom simplicial
    - normal:    0.8881   -0.384   0.2526
    - offset: -0.04713475
    - vertices: p3426(v366) p611(v270) p3019(v263)
    - neighboring facets: f1328 f1808 f1810
- f1810
    - flags: top simplicial
    - normal:    0.9425  -0.2285    0.244
    - offset: -0.04740927
    - vertices: p3426(v366) p611(v270) p560(v13)
    - neighboring facets: f1333 f1811 f1809
- f1811
    - flags: bottom simplicial
    - normal:    0.9635  -0.2675  0.01267
    - offset: -0.04843858
    - vertices: p3426(v366) p1428(v110) p560(v13)
    - neighboring facets: f2126 f1810 f1812
- f1812
    - flags: bottom simplicial
    - normal:    0.9428  -0.3335 0.003706
    - offset: -0.04840298
    - vertices: p3426(v366) p1190(v177) p1428(v110)
    - neighboring facets: f1305 f1811 f1808
- f1819
    - flags: top simplicial
    - normal:   -0.3625    0.201  -0.9101
    - offset: -0.1366942
    - vertices: p2560(v368) p1283(v186) p528(v114)
    - neighboring facets: f1826 f1954 f1822
- f1822
    - flags: bottom simplicial
    - normal:   -0.3188   0.0781  -0.9446
    - offset: -0.1361321
    - vertices: p2560(v368) p1283(v186) p1110(v185)
    - neighboring facets: f1366 f1823 f1819
- f1823
    - flags: bottom simplicial
    - normal:   -0.3944  0.05891  -0.9171
    - offset: -0.1344761
    - vertices: p2560(v368) p1110(v185) p253(v16)
    - neighboring facets: f1359 f2621 f1822
- f1824
    - flags: top simplicial
    - normal:   -0.5043   0.8426   -0.189
    - offset: -0.07084217
    - vertices: p3003(v369) p954(v187) p528(v114)
    - neighboring facets: f1583 f1826 f1825
- f1825
    - flags: top simplicial
    - normal:   -0.4555   0.8438  -0.2838
    - offset: -0.08206767
    - vertices: p3003(v369) p764(v279) p954(v187)
    - neighboring facets: f1828 f1824 f1827
- f1826
    - flags: bottom simplicial
    - normal:   -0.3603   0.5756  -0.7341
    - offset: -0.1277261
    - vertices: p3003(v369) p1283(v186) p528(v114)
    - neighboring facets: f1819 f1824 f1827
- f1827
    - flags: bottom simplicial
    - normal:   -0.3431   0.6404  -0.6871
    - offset: -0.1237825
    - vertices: p3003(v369) p764(v279) p1283(v186)
    - neighboring facets: f1834 f1826 f1825
- f1828
    - flags: bottom simplicial
    - normal:   -0.3778   0.8798  -0.2884
    - offset: -0.08276288
    - vertices: p3649(v370) p764(v279) p954(v187)
    - neighboring facets: f1825 f2143 f1837
- f1834
    - flags: top simplicial
    - normal:   -0.2617   0.7606  -0.5941
    - offset: -0.1153127
    - vertices: p75(v371) p764(v279) p1283(v186)
    - neighboring facets: f1827 f2545 f1837
- f1837
    - flags: top simplicial
    - normal:   -0.3197   0.8743  -0.3653
    - offset: -0.09146671
    - vertices: p75(v371) p3649(v370) p764(v279)
    - neighboring facets: f1828 f1834 f1839
- f1838
    - flags: bottom simplicial
    - normal:   -0.1941   0.9695  -0.1496
    - offset: -0.06657051
    - vertices: p75(v371) p3049(v278) p1970(v40)
    - neighboring facets: f1372 f2382 f1839
- f1839
    - flags: bottom simplicial
    - normal:   -0.2721   0.9485  -0.1619
    - offset: -0.06799624
    - vertices: p75(v371) p3649(v370) p3049(v278)
    - neighboring facets: f2147 f1838 f1837
- f1841
    - flags: top simplicial
    - normal:   -0.5585   0.8248  0.08825
    - offset: -0.03900921
    - vertices: p799(v372) p3954(v280) p3366(v140)
    - neighboring facets: f1384 f2153 f2549
- f1850
    - flags: top simplicial
    - normal:    0.4176   0.6655  -0.6187
    - offset: -0.1168347
    - vertices: p2843(v374) p3422(v287) p3581(v193)
    - neighboring facets: f1418 f1852 f1853
- f1851
    - flags: top simplicial
    - normal:    0.3892   0.7581  -0.5232
    - offset: -0.1076423
    - vertices: p2843(v374) p2458(v289) p2113(v118)
    - neighboring facets: f1423 f1855 f1852
- f1852
    - flags: bottom simplicial
    - normal:    0.4177   0.6943  -0.5861
    - offset: -0.1137784
    - vertices: p2843(v374) p2458(v289) p3581(v193)
    - neighboring facets: f1431 f1850 f1851
- f1853
    - flags: bottom simplicial
    - normal:    0.3701   0.5898  -0.7178
    - offset: -0.1256596
    - vertices: p2843(v374) p3422(v287) p2764(v5)
    - neighboring facets: f1414 f1854 f1850
- f1854
    - flags: top simplicial
    - normal:    0.3445   0.6445  -0.6826
    - offset: -0.1228203
    - vertices: p2843(v374) p2744(v191) p2764(v5)
    - neighboring facets: f933 f1853 f1855
- f1855
    - flags: bottom simplicial
    - normal:    0.3402   0.6627  -0.6671
    - offset:  -0.121466
    - vertices: p2843(v374) p2744(v191) p2113(v118)
    - neighboring facets: f1397 f1851 f1854
- f1856
    - flags: bottom simplicial
    - normal:    0.6233   0.7776 -0.08237
    - offset: -0.05831172
    - vertices: p2224(v375) p3581(v193) p784(v119)
    - neighboring facets: f2192 f2163 f1858
- f1858
    - flags: bottom simplicial
    - normal:    0.6234   0.7766  -0.0912
    - offset: -0.0594036
    - vertices: p2224(v375) p3868(v288) p3581(v193)
    - neighboring facets: f1418 f1856 f2164
- f1886
    - flags: top simplicial
    - normal:    0.4563   0.8898 0.001313
    - offset: -0.04805589
    - vertices: p1265(v381) p2602(v192) p2564(v79)
    - neighboring facets: f935 f1887 f1888
- f1887
    - flags: bottom simplicial
    - normal:     0.442    0.897 -0.003034
    - offset: -0.04855012
    - vertices: p1265(v381) p1937(v290) p2564(v79)
    - neighboring facets: f1892 f1886 f1888
- f1888
    - flags: top simplicial
    - normal:    0.4722   0.8815 0.0003285
    - offset: -0.04819244
    - vertices: p1265(v381) p1937(v290) p2602(v192)
    - neighboring facets: f2187 f1886 f1887
- f1889
    - flags: bottom simplicial
    - normal:    0.4011   0.8916  -0.2102
    - offset: -0.07331915
    - vertices: p2515(v382) p2458(v289) p291(v42)
    - neighboring facets: f1423 f1891 f1890
- f1890
    - flags: bottom simplicial
    - normal:    0.4182   0.8869  -0.1964
    - offset: -0.07178011
    - vertices: p2515(v382) p1937(v290) p2458(v289)
    - neighboring facets: f1431 f1889 f1892
- f1891
    - flags: top simplicial
    - normal:    0.4077    0.913 -0.01213
    - offset: -0.04954965
    - vertices: p2515(v382) p2564(v79) p291(v42)
    - neighboring facets: f1047 f1889 f1892
- f1892
    - flags: top simplicial
    - normal:    0.4078    0.913 -0.01211
    - offset: -0.04954756
    - vertices: p2515(v382) p1937(v290) p2564(v79)
    - neighboring facets: f1887 f1891 f1890
- f1901
    - flags: top simplicial
    - normal:        -0        0       -1
    - offset:    -0.1395
    - vertices: p3002(v384) p925(v277) p3184(v63)
    - neighboring facets: f1367 f1902 f1903
- f1902
    - flags: bottom simplicial
    - normal:  2.621e-06 -1.97e-06       -1
    - offset: -0.1394999
    - vertices: p3002(v384) p3104(v293) p3184(v63)
    - neighboring facets: f1448 f1901 f1903
- f1903
    - flags: top simplicial
    - normal:  2.915e-06 2.874e-06       -1
    - offset: -0.1395001
    - vertices: p3002(v384) p3104(v293) p925(v277)
    - neighboring facets: f1450 f1901 f1902
- f1912
    - flags: top simplicial
    - normal:    0.8017  -0.5977 -0.007437
    - offset: -0.04904859
    - vertices: p3336(v387) p1763(v169) p3546(v51)
    - neighboring facets: f1248 f1913 f1914
- f1913
    - flags: bottom simplicial
    - normal:    0.8043  -0.5941 -0.007801
    - offset: -0.04908332
    - vertices: p3336(v387) p1662(v295) p3546(v51)
    - neighboring facets: f1457 f1912 f1914
- f1914
    - flags: top simplicial
    - normal:    0.8042  -0.5943 -0.00816
    - offset: -0.04912313
    - vertices: p3336(v387) p1662(v295) p1763(v169)
    - neighboring facets: f1458 f1912 f1913
- f1915
    - flags: top simplicial
    - normal:    0.4219  -0.9066 -0.01071
    - offset: -0.04939806
    - vertices: p1425(v388) p736(v126) p1943(v18)
    - neighboring facets: f1509 f2236 f2235
- f1918
    - flags: bottom simplicial
    - normal:   0.07862  -0.3894  -0.9177
    - offset: -0.1343175
    - vertices: p1171(v389) p2617(v132) p3250(v117)
    - neighboring facets: f615 f1920 f1919
- f1919
    - flags: bottom simplicial
    - normal:    0.1207  -0.3746  -0.9193
    - offset: -0.1345218
    - vertices: p1171(v389) p1115(v302) p2617(v132)
    - neighboring facets: f1490 f1918 f1921
- f1920
    - flags: top simplicial
    - normal:   0.06443  -0.3445  -0.9366
    - offset: -0.1354947
    - vertices: p1171(v389) p1748(v206) p3250(v117)
    - neighboring facets: f1001 f1918 f1921
- f1921
    - flags: top simplicial
    - normal:   0.06885  -0.2552  -0.9644
    - offset: -0.1368461
    - vertices: p1171(v389) p1115(v302) p1748(v206)
    - neighboring facets: f1491 f1920 f1919
- f1922
    - flags: bottom simplicial
    - normal:     0.609  -0.7932 -0.005798
    - offset: -0.04890305
    - vertices: p3922(v390) p2858(v305) p2418(v71)
    - neighboring facets: f1927 f1924 f1923
- f1923
    - flags: top simplicial
    - normal:    0.6091  -0.7931 -0.005345
    - offset: -0.04886218
    - vertices: p3922(v390) p2858(v305) p48(v208)
    - neighboring facets: f1516 f1925 f1922
- f1924
    - flags: top simplicial
    - normal:    0.6367  -0.7711 -0.00611
    - offset: -0.04898958
    - vertices: p3922(v390) p57(v304) p2418(v71)
    - neighboring facets: f1499 f1922 f1925
- f1925
    - flags: bottom simplicial
    - normal:    0.6396  -0.7687 -0.005231
    - offset: -0.04891208
    - vertices: p3922(v390) p57(v304) p48(v208)
    - neighboring facets: f1500 f1923 f1924
- f1926
    - flags: bottom simplicial
    - normal:    0.5935  -0.8047 -0.01464
    - offset: -0.0499254
    - vertices: p3155(v391) p303(v301) p2418(v71)
    - neighboring facets: f1485 f1927 f1928
- f1927
    - flags: top simplicial
    - normal:    0.5962  -0.8028 -0.008406
    - offset: -0.04917843
    - vertices: p3155(v391) p2858(v305) p2418(v71)
    - neighboring facets: f1922 f1926 f1928
- f1928
    - flags: bottom simplicial
    - normal:    0.5845  -0.8113 -0.01052
    - offset: -0.04939493
    - vertices: p3155(v391) p2858(v305) p303(v301)
    - neighboring facets: f1504 f1926 f1927
- f1929
    - flags: bottom simplicial
    - normal:    0.6631  -0.7485 0.002223
    - offset: -0.0482994
    - vertices: p923(v392) p373(v307) p48(v208)
    - neighboring facets: f1516 f1930 f1933
- f1930
    - flags: bottom simplicial
    - normal:    0.6442  -0.7648 -0.004559
    - offset: -0.04886009
    - vertices: p923(v392) p48(v208) p573(v37)
    - neighboring facets: f1500 f1931 f1929
- f1931
    - flags: top simplicial
    - normal:     0.669  -0.7433 -0.001401
    - offset: -0.04861345
    - vertices: p923(v392) p3351(v306) p573(v37)
    - neighboring facets: f1758 f1930 f1932
- f1932
    - flags: bottom simplicial
    - normal:    0.6697  -0.7427 0.001786
    - offset: -0.04833841
    - vertices: p923(v392) p3351(v306) p3100(v168)
    - neighboring facets: f1759 f1933 f1931
- f1933
    - flags: top simplicial
    - normal:    0.6669  -0.7451 0.001979
    - offset: -0.04832169
    - vertices: p923(v392) p373(v307) p3100(v168)
    - neighboring facets: f1514 f1932 f1929
- f1934
    - flags: top simplicial
    - normal:    0.2283  -0.9736 -0.004985
    - offset: -0.04857862
    - vertices: p3518(v393) p2299(v309) p3918(v203)
    - neighboring facets: f1527 f1936 f2243
- f1936
    - flags: top simplicial
    - normal:    0.3321  -0.9433 0.003823
    - offset: -0.04778569
    - vertices: p3518(v393) p3918(v203) p1212(v68)
    - neighboring facets: f986 f1939 f1934
- f1939
    - flags: top simplicial
    - normal:    0.3465  -0.9381 0.003104
    - offset: -0.04785642
    - vertices: p3518(v393) p1212(v68) p3933(v36)
    - neighboring facets: f986 f1940 f1936
- f1940
    - flags: bottom simplicial
    - normal:     0.358  -0.9337 0.0004098
    - offset: -0.04815118
    - vertices: p3518(v393) p736(v126) p3933(v36)
    - neighboring facets: f885 f1939 f1941
- f1941
    - flags: bottom simplicial
    - normal:    0.3881  -0.9216 -0.008704
    - offset: -0.04912452
    - vertices: p3518(v393) p2124(v299) p736(v126)
    - neighboring facets: f2234 f1940 f2240
- f1954
    - flags: top simplicial
    - normal:   -0.4534   0.2474  -0.8563
    - offset: -0.1340565
    - vertices: p183(v396) p2560(v368) p528(v114)
    - neighboring facets: f1819 f2245 f2622
- f1962
    - flags: bottom simplicial
    - normal:   -0.8894   0.4571 -0.003079
    - offset: -0.04853101
    - vertices: p3274(v397) p722(v314) p2737(v211)
    - neighboring facets: f1550 f2455 f2251
- f1973
    - flags: top simplicial
    - normal:   -0.9189   0.3821  0.09788
    - offset: -0.03767642
    - vertices: p2104(v398) p3118(v210) p483(v43)
    - neighboring facets: f1553 f1975 f1974
- f1974
    - flags: top simplicial
    - normal:   -0.9203   0.3813  0.08736
    - offset: -0.03881476
    - vertices: p2104(v398) p1477(v311) p3118(v210)
    - neighboring facets: f2447 f1973 f2451
- f1975
    - flags: bottom simplicial
    - normal:   -0.9751   0.2179  0.04045
    - offset: -0.04389396
    - vertices: p2104(v398) p1517(v216) p483(v43)
    - neighboring facets: f1054 f1973 f1982
- f1977
    - flags: bottom simplicial
    - normal:   -0.9878    0.156 -0.002433
    - offset: -0.04847705
    - vertices: p1998(v399) p2558(v316) p522(v138)
    - neighboring facets: f1560 f1979 f1985
- f1979
    - flags: bottom simplicial
    - normal:   -0.9901   0.1394  0.01666
    - offset: -0.04636937
    - vertices: p1998(v399) p522(v138) p1987(v80)
    - neighboring facets: f1135 f1980 f1977
- f1980
    - flags: top simplicial
    - normal:   -0.9865    0.157  0.04657
    - offset: -0.0431295
    - vertices: p1998(v399) p1517(v216) p1987(v80)
    - neighboring facets: f1054 f1979 f1984
- f1982
    - flags: top simplicial
    - normal:   -0.9665   0.2567 0.0003918
    - offset: -0.04817238
    - vertices: p1597(v400) p2104(v398) p1517(v216)
    - neighboring facets: f1975 f1984 f2472
- f1984
    - flags: bottom simplicial
    - normal:   -0.9773   0.2119 -0.006252
    - offset: -0.04891301
    - vertices: p1597(v400) p1998(v399) p1517(v216)
    - neighboring facets: f1980 f1982 f1985
- f1985
    - flags: top simplicial
    - normal:   -0.9786   0.2056 -0.009183
    - offset: -0.04923383
    - vertices: p1597(v400) p1998(v399) p2558(v316)
    - neighboring facets: f1977 f2474 f1984
- f1986
    - flags: bottom simplicial
    - normal:     0.781   0.5128   0.3565
    - offset: -0.0482076
    - vertices: p3977(v401) p288(v318) p1660(v221)
    - neighboring facets: f1572 f2274 f1992
- f1991
    - flags: top simplicial
    - normal:    0.8619   0.4549   0.2239
    - offset: -0.04740446
    - vertices: p3977(v401) p463(v166) p2080(v85)
    - neighboring facets: f786 f2278 f1992
- f1992
    - flags: top simplicial
    - normal:    0.8406   0.4802   0.2505
    - offset: -0.04768317
    - vertices: p3977(v401) p288(v318) p463(v166)
    - neighboring facets: f1571 f1991 f1986
- f1994
    - flags: top simplicial
    - normal:   -0.7211   0.6927 -0.01047
    - offset: -0.0494295
    - vertices: p1276(v402) p1745(v320) p3366(v140)
    - neighboring facets: f1582 f1995 f2283
- f1995
    - flags: bottom simplicial
    - normal:    -0.746    0.666 -0.0005387
    - offset: -0.04830396
    - vertices: p1276(v402) p1109(v220) p3366(v140)
    - neighboring facets: f1073 f1994 f2280
- f1998
    - flags: bottom simplicial
    - normal:    0.9852  -0.1716 4.292e-06
    - offset: -0.04847644
    - vertices: p105(v403) p1075(v324) p2486(v50)
    - neighboring facets: f2002 f2000 f1999
- f1999
    - flags: top simplicial
    - normal:    0.9855    -0.17 9.335e-05
    - offset: -0.04846985
    - vertices: p105(v403) p1075(v324) p1226(v154)
    - neighboring facets: f1597 f2001 f1998
- f2000
    - flags: top simplicial
    - normal:    0.9858  -0.1681 1.351e-06
    - offset: -0.04847289
    - vertices: p105(v403) p3822(v338) p2486(v50)
    - neighboring facets: f1671 f1998 f2001
- f2001
    - flags: bottom simplicial
    - normal:    0.9858  -0.1681 1.436e-06
    - offset: -0.04847288
    - vertices: p105(v403) p3822(v338) p1226(v154)
    - neighboring facets: f1672 f1999 f2000
- f2002
    - flags: top simplicial
    - normal:    0.9791  -0.2033 -0.0005104
    - offset: -0.04852258
    - vertices: p2409(v404) p1075(v324) p2486(v50)
    - neighboring facets: f1998 f2003 f2010
- f2003
    - flags: bottom simplicial
    - normal:    0.9773  -0.2117 -0.0008889
    - offset: -0.04854501
    - vertices: p2409(v404) p1782(v249) p2486(v50)
    - neighboring facets: f2124 f2002 f2004
- f2004
    - flags: top simplicial
    - normal:    0.9746  -0.2239 -0.0007804
    - offset: -0.04853519
    - vertices: p2409(v404) p1782(v249) p1540(v95)
    - neighboring facets: f1743 f2006 f2003
- f2006
    - flags: bottom simplicial
    - normal:    0.9719  -0.2353 -0.0003714
    - offset: -0.04850229
    - vertices: p2409(v404) p1835(v354) p1540(v95)
    - neighboring facets: f1743 f2004 f2011
- f2009
    - flags: top simplicial
    - normal:    0.9744   -0.225 0.0007069
    - offset: -0.04846813
    - vertices: p3452(v405) p1835(v354) p3230(v225)
    - neighboring facets: f1746 f2285 f2011
- f2010
    - flags: bottom simplicial
    - normal:     0.977   -0.213 -6.318e-07
    - offset: -0.0484963
    - vertices: p3452(v405) p2409(v404) p1075(v324)
    - neighboring facets: f2002 f2286 f2011
- f2011
    - flags: top simplicial
    - normal:    0.9731  -0.2303 -7.655e-05
    - offset: -0.04849156
    - vertices: p3452(v405) p2409(v404) p1835(v354)
    - neighboring facets: f2006 f2009 f2010
- f2012
    - flags: bottom simplicial
    - normal:    0.9707   0.2385  0.03101
    - offset: -0.04833347
    - vertices: p2608(v406) p2229(v325) p929(v226)
    - neighboring facets: f1602 f2288 f2294
- f2021
    - flags: bottom simplicial
    - normal:    0.8301   0.2128   0.5154
    - offset: -0.04780353
    - vertices: p237(v407) p3122(v141) p3859(v45)
    - neighboring facets: f658 f2022 f2023
- f2022
    - flags: top simplicial
    - normal:    0.8566    0.197    0.477
    - offset: -0.04759693
    - vertices: p237(v407) p1600(v326) p3859(v45)
    - neighboring facets: f1606 f2021 f2023
- f2023
    - flags: bottom simplicial
    - normal:    0.8474   0.2417   0.4728
    - offset: -0.0476659
    - vertices: p237(v407) p1600(v326) p3122(v141)
    - neighboring facets: f1612 f2021 f2022
- f2024
    - flags: bottom simplicial
    - normal:    0.8966  -0.0651   0.4381
    - offset: -0.04723771
    - vertices: p1799(v408) p611(v270) p567(v227)
    - neighboring facets: f1607 f2025 f2026
- f2025
    - flags: top simplicial
    - normal:    0.8898 -0.07499   0.4501
    - offset: -0.04735602
    - vertices: p1799(v408) p1692(v327) p567(v227)
    - neighboring facets: f1614 f2024 f2027
- f2026
    - flags: top simplicial
    - normal:    0.8921  -0.1192   0.4359
    - offset: -0.04765387
    - vertices: p1799(v408) p611(v270) p3082(v179)
    - neighboring facets: f1331 f2027 f2024
- f2027
    - flags: bottom simplicial
    - normal:    0.8816  -0.1017   0.4609
    - offset: -0.04758893
    - vertices: p1799(v408) p1692(v327) p3082(v179)
    - neighboring facets: f1613 f2026 f2025
- f2030
    - flags: top simplicial
    - normal:   -0.8725  -0.4884  0.01285
    - offset: -0.04665899
    - vertices: p1116(v409) p903(v334) p1059(v87)
    - neighboring facets: f1650 f2035 f2037
- f2032
    - flags: bottom simplicial
    - normal:   -0.8393  -0.5437 0.0001977
    - offset: -0.04818988
    - vertices: p1082(v410) p855(v147) p1749(v6)
    - neighboring facets: f1622 f2034 f2033
- f2033
    - flags: bottom simplicial
    - normal:   -0.8555  -0.5179 0.000468
    - offset: -0.0480799
    - vertices: p1082(v410) p3311(v329) p855(v147)
    - neighboring facets: f1623 f2032 f2036
- f2034
    - flags: top simplicial
    - normal:   -0.8701   -0.492  0.02745
    - offset: -0.04511682
    - vertices: p1082(v410) p1059(v87) p1749(v6)
    - neighboring facets: f386 f2032 f2035
- f2035
    - flags: top simplicial
    - normal:   -0.8711  -0.4909  0.01689
    - offset: -0.04622561
    - vertices: p1082(v410) p1116(v409) p1059(v87)
    - neighboring facets: f2030 f2034 f2037
- f2036
    - flags: bottom simplicial
    - normal:   -0.8706  -0.4919  0.01088
    - offset: -0.04686322
    - vertices: p1082(v410) p903(v334) p3311(v329)
    - neighboring facets: f1651 f2033 f2037
- f2037
    - flags: bottom simplicial
    - normal:   -0.8711   -0.491  0.01223
    - offset: -0.04671663
    - vertices: p1082(v410) p1116(v409) p903(v334)
    - neighboring facets: f2030 f2036 f2035
- f2038
    - flags: bottom simplicial
    - normal:   -0.9802  -0.1982 0.006112
    - offset: -0.04757343
    - vertices: p1806(v411) p1144(v229) p1638(v12)
    - neighboring facets: f1127 f2040 f2627
- f2040
    - flags: top simplicial
    - normal:   -0.9942  -0.0344   0.1018
    - offset: -0.03697805
    - vertices: p1806(v411) p1987(v80) p1638(v12)
    - neighboring facets: f354 f2038 f2041
- f2041
    - flags: top simplicial
    - normal:   -0.9961 -0.03541  0.08022
    - offset: -0.03932855
    - vertices: p1806(v411) p1389(v330) p1987(v80)
    - neighboring facets: f1629 f2040 f2309
- f2042
    - flags: top simplicial
    - normal:   -0.9755    -0.22 -0.003851
    - offset: -0.04866792
    - vertices: p2690(v412) p1144(v229) p3367(v88)
    - neighboring facets: f1647 f2301 f2628
- f2047
    - flags: bottom simplicial
    - normal:   -0.9118  -0.4105 -0.005572
    - offset: -0.04885948
    - vertices: p1952(v413) p2371(v234) p169(v46)
    - neighboring facets: f1151 f2048 f2049
- f2048
    - flags: top simplicial
    - normal:   -0.8978  -0.4404 -6.064e-07
    - offset: -0.0482101
    - vertices: p1952(v413) p903(v334) p169(v46)
    - neighboring facets: f1651 f2047 f2049
- f2049
    - flags: bottom simplicial
    - normal:   -0.9132  -0.4075 -0.002822
    - offset: -0.04852491
    - vertices: p1952(v413) p903(v334) p2371(v234)
    - neighboring facets: f1650 f2047 f2048
- f2050
    - flags: top simplicial
    - normal:   -0.9571  -0.2899 0.004628
    - offset: -0.04767593
    - vertices: p1636(v414) p243(v333) p1754(v230)
    - neighboring facets: f1641 f2051 f2052
- f2051
    - flags: bottom simplicial
    - normal:   -0.9549  -0.2969 0.009992
    - offset: -0.04709435
    - vertices: p1636(v414) p3388(v336) p1754(v230)
    - neighboring facets: f1663 f2050 f2054
- f2052
    - flags: bottom simplicial
    - normal:   -0.9386  -0.3451 -0.002064
    - offset: -0.04841101
    - vertices: p1636(v414) p243(v333) p267(v151)
    - neighboring facets: f1643 f2053 f2050
- f2053
    - flags: top simplicial
    - normal:    -0.938  -0.3466 -0.001835
    - offset: -0.0483836
    - vertices: p1636(v414) p2371(v234) p267(v151)
    - neighboring facets: f1151 f2052 f2054
- f2054
    - flags: top simplicial
    - normal:   -0.9376  -0.3477 -0.001544
    - offset: -0.04834991
    - vertices: p1636(v414) p3388(v336) p2371(v234)
    - neighboring facets: f1659 f2053 f2051
- f2055
    - flags: top simplicial
    - normal:   -0.3283  -0.2117  -0.9205
    - offset: -0.1345096
    - vertices: p1019(v415) p1503(v232) p2055(v116)
    - neighboring facets: f1142 f2057 f2056
- f2056
    - flags: top simplicial
    - normal:   -0.3313  -0.2058  -0.9208
    - offset: -0.1345147
    - vertices: p1019(v415) p1551(v337) p1503(v232)
    - neighboring facets: f1665 f2055 f2058
- f2057
    - flags: top simplicial
    - normal:  -0.08898  -0.1416  -0.9859
    - offset: -0.1367553
    - vertices: p1019(v415) p2055(v116) p1741(v64)
    - neighboring facets: f1269 f2059 f2055
- f2058
    - flags: bottom simplicial
    - normal:   -0.1022 -0.06348  -0.9927
    - offset: -0.1366715
    - vertices: p1019(v415) p1551(v337) p3184(v63)
    - neighboring facets: f1669 f2059 f2056
- f2059
    - flags: top simplicial
    - normal:  -0.05174 -0.08231  -0.9953
    - offset: -0.1361908
    - vertices: p1019(v415) p1741(v64) p3184(v63)
    - neighboring facets: f824 f2058 f2057
- f2071
    - flags: bottom simplicial
    - normal:    0.9588    0.284 -0.002033
    - offset: -0.04854174
    - vertices: p1442(v418) p1341(v239) p3156(v90)
    - neighboring facets: f1677 f2639 f2315
- f2076
    - flags: top simplicial
    - normal:    0.8964   0.4433 1.556e-07
    - offset: -0.04844446
    - vertices: p2837(v420) p1132(v344) p3342(v158)
    - neighboring facets: f2519 f2077 f2331
- f2077
    - flags: bottom simplicial
    - normal:    0.8964   0.4433 1.258e-07
    - offset: -0.04844445
    - vertices: p2837(v420) p3009(v345) p3342(v158)
    - neighboring facets: f2206 f2076 f2332
- f2081
    - flags: bottom simplicial
    - normal:    0.8964   0.4433 -1.859e-07
    - offset: -0.04844446
    - vertices: p2143(v421) p3009(v345) p1132(v344)
    - neighboring facets: f2330 f2432 f2204
- f2082
    - flags: top simplicial
    - normal:    0.9971 -0.07539 -0.01285
    - offset: -0.04977962
    - vertices: p3468(v422) p2155(v242) p2081(v160)
    - neighboring facets: f1463 f2086 f2334
- f2084
    - flags: bottom simplicial
    - normal:    0.9965 -0.08339 -0.002498
    - offset: -0.04854741
    - vertices: p3468(v422) p3432(v346) p2125(v89)
    - neighboring facets: f1702 f2085 f2335
- f2085
    - flags: top simplicial
    - normal:     0.994  -0.1098 -0.002716
    - offset: -0.04855767
    - vertices: p3468(v422) p3101(v244) p2125(v89)
    - neighboring facets: f1206 f2084 f2086
- f2086
    - flags: bottom simplicial
    - normal:    0.9939  -0.1105 -0.002736
    - offset: -0.04855912
    - vertices: p3468(v422) p3101(v244) p2081(v160)
    - neighboring facets: f1203 f2082 f2085
- f2087
    - flags: top simplicial
    - normal:    0.9632  -0.2572 -0.07838
    - offset: -0.05719128
    - vertices: p122(v423) p234(v243) p3486(v67)
    - neighboring facets: f1198 f2089 f2088
- f2088
    - flags: top simplicial
    - normal:    0.9611  -0.2717 -0.04931
    - offset: -0.05389011
    - vertices: p122(v423) p3180(v347) p234(v243)
    - neighboring facets: f1708 f2087 f2090
- f2089
    - flags: bottom simplicial
    - normal:    0.9376  -0.3476 -0.009669
    - offset: -0.04933189
    - vertices: p122(v423) p2204(v201) p3486(v67)
    - neighboring facets: f979 f2087 f2090
- f2090
    - flags: bottom simplicial
    - normal:    0.9402  -0.3405 -0.008689
    - offset: -0.04922291
    - vertices: p122(v423) p3180(v347) p2204(v201)
    - neighboring facets: f1711 f2089 f2088
- f2096
    - flags: bottom simplicial
    - normal:     0.978   0.2084 -0.004555
    - offset: -0.04893107
    - vertices: p1858(v425) p1229(v349) p1341(v239)
    - neighboring facets: f1717 f2483 f2097
- f2097
    - flags: top simplicial
    - normal:    0.9813   0.1924 -5.32e-05
    - offset: -0.04849889
    - vertices: p1858(v425) p1229(v349) p3523(v341)
    - neighboring facets: f1719 f2482 f2096
- f2114
    - flags: bottom simplicial
    - normal:    0.7421   0.6703 -0.0003423
    - offset: -0.04847828
    - vertices: p2969(v429) p3623(v350) p2953(v246)
    - neighboring facets: f2174 f2404 f2367
- f2117
    - flags: bottom simplicial
    - normal:    0.7493   0.6622  0.00104
    - offset: -0.04844445
    - vertices: p2969(v429) p375(v352) p3813(v163)
    - neighboring facets: f1733 f2369 f2405
- f2123
    - flags: bottom simplicial
    - normal:    0.9767  -0.2094 -0.04671
    - offset: -0.05357441
    - vertices: p3393(v431) p234(v243) p2081(v160)
    - neighboring facets: f1198 f2125 f2371
- f2124
    - flags: top simplicial
    - normal:    0.9874   -0.158 -0.005528
    - offset:  -0.048886
    - vertices: p3393(v431) p1782(v249) p2486(v50)
    - neighboring facets: f2003 f2125 f2372
- f2125
    - flags: bottom simplicial
    - normal:    0.9907  -0.1363 -0.004849
    - offset: -0.04878589
    - vertices: p3393(v431) p2081(v160) p2486(v50)
    - neighboring facets: f1203 f2124 f2123
- f2126
    - flags: top simplicial
    - normal:    0.9687  -0.2483 0.002548
    - offset: -0.04845441
    - vertices: p3245(v432) p1428(v110) p560(v13)
    - neighboring facets: f1811 f2127 f2128
- f2127
    - flags: bottom simplicial
    - normal:    0.9697  -0.2441 0.001815
    - offset: -0.04845707
    - vertices: p3245(v432) p1835(v354) p560(v13)
    - neighboring facets: f1746 f2126 f2128
- f2128
    - flags: top simplicial
    - normal:    0.9603  -0.2789 -0.0008175
    - offset: -0.04849341
    - vertices: p3245(v432) p1835(v354) p1428(v110)
    - neighboring facets: f1749 f2126 f2127
- f2129
    - flags: top simplicial
    - normal:    0.8568  -0.5156 -7.179e-05
    - offset: -0.04846222
    - vertices: p182(v433) p584(v255) p2206(v170)
    - neighboring facets: f2221 f2226 f2130
- f2130
    - flags: top simplicial
    - normal:    0.8581  -0.5135 0.002573
    - offset: -0.04836597
    - vertices: p182(v433) p1187(v361) p584(v255)
    - neighboring facets: f1777 f2129 f2131
- f2131
    - flags: bottom simplicial
    - normal:    0.8349  -0.5504 1.511e-07
    - offset: -0.04848025
    - vertices: p182(v433) p1187(v361) p1393(v254)
    - neighboring facets: f1780 f2133 f2130
- f2133
    - flags: bottom simplicial
    - normal:    0.8349  -0.5504 -1.628e-08
    - offset: -0.04848026
    - vertices: p182(v433) p1393(v254) p3546(v51)
    - neighboring facets: f1253 f2225 f2131
- f2134
    - flags: top simplicial
    - normal:  -0.09506  -0.8186  -0.5664
    - offset: -0.1092599
    - vertices: p2157(v434) p499(v362) p2048(v38)
    - neighboring facets: f1787 f2137 f2135
- f2135
    - flags: bottom simplicial
    - normal:   -0.2776  -0.7622  -0.5848
    - offset: -0.1107041
    - vertices: p2157(v434) p499(v362) p1050(v261)
    - neighboring facets: f1785 f2136 f2134
- f2136
    - flags: bottom simplicial
    - normal:   -0.1447  -0.3973  -0.9062
    - offset: -0.1334795
    - vertices: p2157(v434) p1050(v261) p3634(v256)
    - neighboring facets: f1294 f2138 f2135
- f2137
    - flags: bottom simplicial
    - normal:  -0.02258  -0.4122  -0.9108
    - offset: -0.1336116
    - vertices: p2157(v434) p3694(v172) p2048(v38)
    - neighboring facets: f819 f2134 f2138
- f2138
    - flags: bottom simplicial
    - normal:  -0.03074  -0.4089  -0.9121
    - offset: -0.1336946
    - vertices: p2157(v434) p3634(v256) p3694(v172)
    - neighboring facets: f1268 f2137 f2136
- f2139
    - flags: top simplicial
    - normal:   -0.5501  -0.8351 -0.002207
    - offset: -0.04846819
    - vertices: p3625(v435) p1329(v103) p3559(v27)
    - neighboring facets: f465 f2140 f2141
- f2140
    - flags: bottom simplicial
    - normal:   -0.5453  -0.8382 -0.002049
    - offset: -0.04845598
    - vertices: p3625(v435) p2888(v363) p3559(v27)
    - neighboring facets: f1794 f2139 f2142
- f2141
    - flags: bottom simplicial
    - normal:   -0.5587  -0.8294 -0.003633
    - offset: -0.0486178
    - vertices: p3625(v435) p1329(v103) p957(v30)
    - neighboring facets: f465 f2142 f2139
- f2142
    - flags: top simplicial
    - normal:   -0.5631  -0.8264 -0.005531
    - offset: -0.0488268
    - vertices: p3625(v435) p2888(v363) p957(v30)
    - neighboring facets: f1797 f2141 f2140
- f2143
    - flags: bottom simplicial
    - normal:   -0.3528   0.9339 -0.05843
    - offset: -0.05532214
    - vertices: p1526(v436) p3649(v370) p954(v187)
    - neighboring facets: f1828 f2144 f2147
- f2144
    - flags: top simplicial
    - normal:   -0.3911   0.9202 -0.01573
    - offset: -0.04999884
    - vertices: p1526(v436) p3954(v280) p954(v187)
    - neighboring facets: f2389 f2143 f2375
- f2146
    - flags: top simplicial
    - normal:   -0.2192   0.9757 0.002794
    - offset: -0.04763286
    - vertices: p1526(v436) p3049(v278) p3497(v77)
    - neighboring facets: f1373 f2148 f2147
- f2147
    - flags: top simplicial
    - normal:   -0.2817   0.9571 -0.06792
    - offset: -0.05647772
    - vertices: p1526(v436) p3649(v370) p3049(v278)
    - neighboring facets: f1839 f2146 f2143
- f2148
    - flags: bottom simplicial
    - normal:   -0.2682   0.9633 0.009033
    - offset: -0.04704044
    - vertices: p1526(v436) p3824(v135) p3497(v77)
    - neighboring facets: f634 f2146 f2374
- f2152
    - flags: bottom simplicial
    - normal:   -0.5998   0.8002 -0.003563
    - offset: -0.04859662
    - vertices: p3821(v438) p1432(v223) p3366(v140)
    - neighboring facets: f1582 f2153 f2553
- f2153
    - flags: top simplicial
    - normal:   -0.5762   0.8165   0.0353
    - offset: -0.04455132
    - vertices: p3821(v438) p799(v372) p3366(v140)
    - neighboring facets: f1841 f2152 f2551
- f2155
    - flags: bottom simplicial
    - normal:   -0.5374   0.8418 -0.05172
    - offset: -0.05423788
    - vertices: p3703(v439) p2836(v321) p1432(v223)
    - neighboring facets: f1584 f2383 f2388
- f2162
    - flags: top simplicial
    - normal:    0.7178    0.585  -0.3777
    - offset: -0.09232316
    - vertices: p646(v440) p3868(v288) p818(v65)
    - neighboring facets: f1417 f2218 f2164
- f2163
    - flags: bottom simplicial
    - normal:    0.6249   0.7763 -0.08211
    - offset: -0.05827982
    - vertices: p646(v440) p2224(v375) p784(v119)
    - neighboring facets: f1856 f2165 f2164
- f2164
    - flags: top simplicial
    - normal:    0.6253   0.7756 -0.08619
    - offset: -0.05878549
    - vertices: p646(v440) p2224(v375) p3868(v288)
    - neighboring facets: f1858 f2162 f2163
- f2165
    - flags: top simplicial
    - normal:    0.6602   0.7509 -0.01647
    - offset: -0.05021448
    - vertices: p646(v440) p407(v377) p784(v119)
    - neighboring facets: f2183 f2163 f2181
- f2168
    - flags: bottom simplicial
    - normal:    0.7044   0.7097 -0.009737
    - offset: -0.04939635
    - vertices: p646(v440) p3343(v351) p2953(v246)
    - neighboring facets: f2402 f2169 f2180
- f2169
    - flags: top simplicial
    - normal:    0.7101   0.7041 -0.01033
    - offset: -0.04946338
    - vertices: p646(v440) p1655(v378) p2953(v246)
    - neighboring facets: f2175 f2168 f2179
- f2174
    - flags: top simplicial
    - normal:    0.7552   0.6555 -0.00738
    - offset: -0.04912941
    - vertices: p332(v442) p3623(v350) p2953(v246)
    - neighboring facets: f2114 f2175 f2555
- f2175
    - flags: bottom simplicial
    - normal:    0.7486   0.6629 -0.008669
    - offset: -0.04927553
    - vertices: p332(v442) p1655(v378) p2953(v246)
    - neighboring facets: f2169 f2174 f2179
- f2179
    - flags: bottom simplicial
    - normal:    0.7413   0.6702 -0.03608
    - offset: -0.05260107
    - vertices: p332(v442) p646(v440) p1655(v378)
    - neighboring facets: f2169 f2175 f2220
- f2180
    - flags: top simplicial
    - normal:    0.6816   0.7317 -0.009211
    - offset: -0.04933355
    - vertices: p769(v443) p646(v440) p3343(v351)
    - neighboring facets: f2168 f2399 f2181
- f2181
    - flags: bottom simplicial
    - normal:    0.6683   0.7438 -0.01012
    - offset: -0.04942926
    - vertices: p769(v443) p646(v440) p407(v377)
    - neighboring facets: f2165 f2183 f2180
- f2183
    - flags: bottom simplicial
    - normal:    0.6361   0.7716 -0.007395
    - offset: -0.04913542
    - vertices: p769(v443) p407(v377) p784(v119)
    - neighboring facets: f2165 f2194 f2181
- f2187
    - flags: bottom simplicial
    - normal:    0.5094   0.8605 -0.0005794
    - offset: -0.04830647
    - vertices: p1107(v444) p1937(v290) p2602(v192)
    - neighboring facets: f1888 f2188 f2560
- f2188
    - flags: top simplicial
    - normal:    0.5308   0.8475 0.004175
    - offset: -0.04778702
    - vertices: p1107(v444) p1045(v380) p2602(v192)
    - neighboring facets: f2407 f2187 f2561
- f2191
    - flags: bottom simplicial
    - normal:    0.5732   0.8194 0.001218
    - offset: -0.0480881
    - vertices: p3096(v445) p1045(v380) p2718(v285)
    - neighboring facets: f2403 f2413 f2562
- f2192
    - flags: top simplicial
    - normal:     0.578   0.8146 -0.04835
    - offset: -0.05410116
    - vertices: p3096(v445) p3581(v193) p784(v119)
    - neighboring facets: f1856 f2194 f2411
- f2194
    - flags: bottom simplicial
    - normal:    0.6156    0.788 -0.005127
    - offset: -0.04885472
    - vertices: p3096(v445) p769(v443) p784(v119)
    - neighboring facets: f2183 f2192 f2414
- f2204
    - flags: top simplicial
    - normal:    0.8953   0.4454 -6.742e-05
    - offset: -0.04844708
    - vertices: p3777(v447) p2143(v421) p3009(v345)
    - neighboring facets: f2081 f2206 f2577
- f2206
    - flags: top simplicial
    - normal:    0.8958   0.4444 0.0001821
    - offset: -0.04843764
    - vertices: p3777(v447) p3009(v345) p3342(v158)
    - neighboring facets: f2077 f2207 f2204
- f2207
    - flags: top simplicial
    - normal:    0.8968   0.4422  0.01785
    - offset: -0.04793766
    - vertices: p3777(v447) p3342(v158) p1203(v49)
    - neighboring facets: f2296 f2208 f2206
- f2208
    - flags: bottom simplicial
    - normal:    0.8683    0.496 0.008074
    - offset: -0.0482635
    - vertices: p3777(v447) p340(v446) p1203(v49)
    - neighboring facets: f2416 f2207 f2574
- f2217
    - flags: top simplicial
    - normal:     0.733   0.4008  -0.5496
    - offset: -0.1091541
    - vertices: p1588(v449) p818(v65) p566(v17)
    - neighboring facets: f764 f2438 f2218
- f2218
    - flags: top simplicial
    - normal:     0.751   0.5509  -0.3641
    - offset: -0.09051907
    - vertices: p1588(v449) p646(v440) p818(v65)
    - neighboring facets: f2162 f2217 f2220
- f2219
    - flags: bottom simplicial
    - normal:    0.8001   0.5994 -0.02301
    - offset: -0.05098642
    - vertices: p1588(v449) p332(v442) p836(v194)
    - neighboring facets: f2393 f2395 f2220
- f2220
    - flags: top simplicial
    - normal:    0.7745    0.623  -0.1098
    - offset: -0.06144222
    - vertices: p1588(v449) p332(v442) p646(v440)
    - neighboring facets: f2179 f2218 f2219
- f2221
    - flags: bottom simplicial
    - normal:    0.8572  -0.5149 -0.0008797
    - offset:  -0.048492
    - vertices: p3091(v450) p584(v255) p2206(v170)
    - neighboring facets: f2129 f2222 f2223
- f2222
    - flags: top simplicial
    - normal:    0.8558  -0.5174 -0.001013
    - offset: -0.04850134
    - vertices: p3091(v450) p3501(v386) p2206(v170)
    - neighboring facets: f2224 f2221 f2223
- f2223
    - flags: bottom simplicial
    - normal:    0.8616  -0.5076 -0.001774
    - offset: -0.04852542
    - vertices: p3091(v450) p3501(v386) p584(v255)
    - neighboring facets: f2229 f2221 f2222
- f2224
    - flags: bottom simplicial
    - normal:    0.8357  -0.5491 -4.761e-05
    - offset: -0.04848276
    - vertices: p3173(v451) p3501(v386) p2206(v170)
    - neighboring facets: f2222 f2226 f2233
- f2225
    - flags: bottom simplicial
    - normal:    0.8349  -0.5504 -6.332e-08
    - offset: -0.04848026
    - vertices: p3173(v451) p182(v433) p3546(v51)
    - neighboring facets: f2133 f2227 f2226
- f2226
    - flags: top simplicial
    - normal:    0.8349  -0.5504 -7.399e-07
    - offset: -0.04848029
    - vertices: p3173(v451) p182(v433) p2206(v170)
    - neighboring facets: f2129 f2224 f2225
- f2227
    - flags: top simplicial
    - normal:     0.829  -0.5593 -0.004871
    - offset: -0.04886919
    - vertices: p3173(v451) p1434(v294) p3546(v51)
    - neighboring facets: f1451 f2225 f2232
- f2229
    - flags: top simplicial
    - normal:    0.8616  -0.5076 -0.001774
    - offset: -0.04852544
    - vertices: p3879(v452) p3501(v386) p584(v255)
    - neighboring facets: f2223 f2230 f2233
- f2230
    - flags: top simplicial
    - normal:    0.8711   -0.491 -0.002773
    - offset: -0.04855075
    - vertices: p3879(v452) p584(v255) p1263(v123)
    - neighboring facets: f1260 f2231 f2229
- f2231
    - flags: bottom simplicial
    - normal:     0.867  -0.4982 -0.003093
    - offset: -0.0485931
    - vertices: p3879(v452) p1434(v294) p1263(v123)
    - neighboring facets: f1452 f2230 f2232
- f2232
    - flags: bottom simplicial
    - normal:    0.8621  -0.5068 -0.002543
    - offset: -0.04857591
    - vertices: p3879(v452) p3173(v451) p1434(v294)
    - neighboring facets: f2227 f2231 f2233
- f2233
    - flags: top simplicial
    - normal:    0.8616  -0.5076 -0.002409
    - offset: -0.04856851
    - vertices: p3879(v452) p3173(v451) p3501(v386)
    - neighboring facets: f2224 f2229 f2232
- f2234
    - flags: top simplicial
    - normal:    0.4061  -0.9137  -0.0113
    - offset: -0.04941864
    - vertices: p3353(v453) p2124(v299) p736(v126)
    - neighboring facets: f1941 f2235 f2238
- f2235
    - flags: bottom simplicial
    - normal:    0.4072  -0.9133 -0.01134
    - offset: -0.04942515
    - vertices: p3353(v453) p1425(v388) p736(v126)
    - neighboring facets: f1915 f2234 f2236
- f2236
    - flags: top simplicial
    - normal:    0.4056  -0.9128  -0.0487
    - offset: -0.05396905
    - vertices: p3353(v453) p1425(v388) p1943(v18)
    - neighboring facets: f1915 f2237 f2235
- f2237
    - flags: bottom simplicial
    - normal:    0.3931   -0.913  -0.1087
    - offset: -0.06111305
    - vertices: p3353(v453) p2617(v132) p1943(v18)
    - neighboring facets: f993 f2236 f2238
- f2238
    - flags: bottom simplicial
    - normal:    0.3919  -0.9139  -0.1062
    - offset: -0.06081373
    - vertices: p3353(v453) p2124(v299) p2617(v132)
    - neighboring facets: f2239 f2237 f2234
- f2239
    - flags: top simplicial
    - normal:    0.3244  -0.9442 -0.05718
    - offset: -0.05493462
    - vertices: p1315(v454) p2124(v299) p2617(v132)
    - neighboring facets: f2238 f2241 f2240
- f2240
    - flags: top simplicial
    - normal:    0.3329  -0.9424 -0.03291
    - offset: -0.0520284
    - vertices: p1315(v454) p3518(v393) p2124(v299)
    - neighboring facets: f1941 f2239 f2243
- f2241
    - flags: bottom simplicial
    - normal:    0.1353  -0.9822  -0.1306
    - offset: -0.06286567
    - vertices: p1315(v454) p3463(v209) p2617(v132)
    - neighboring facets: f1520 f2239 f2242
- f2242
    - flags: bottom simplicial
    - normal:    0.1658   -0.986 -0.02016
    - offset: -0.05008004
    - vertices: p1315(v454) p2299(v309) p3463(v209)
    - neighboring facets: f1523 f2241 f2243
- f2243
    - flags: bottom simplicial
    - normal:    0.2251  -0.9743 -0.006225
    - offset: -0.0487065
    - vertices: p1315(v454) p3518(v393) p2299(v309)
    - neighboring facets: f1934 f2242 f2240
- f2244
    - flags: bottom simplicial
    - normal:   -0.7163   0.6653  -0.2103
    - offset: -0.07311013
    - vertices: p2004(v455) p1432(v223) p528(v114)
    - neighboring facets: f1584 f2245 f2464
- f2245
    - flags: top simplicial
    - normal:   -0.7259   0.6251  -0.2869
    - offset: -0.08186499
    - vertices: p2004(v455) p183(v396) p528(v114)
    - neighboring facets: f1954 f2244 f2466
- f2251
    - flags: top simplicial
    - normal:   -0.8915   0.4531 -0.002944
    - offset: -0.04851425
    - vertices: p2885(v456) p3274(v397) p722(v314)
    - neighboring facets: f1962 f2446 f2469
- f2266
    - flags: bottom simplicial
    - normal:    -0.941   0.3383 0.001932
    - offset: -0.04798246
    - vertices: p501(v458) p2104(v398) p2863(v315)
    - neighboring facets: f2449 f2605 f2607
- f2273
    - flags: top simplicial
    - normal:    0.7469    0.505   0.4324
    - offset: -0.04830302
    - vertices: p2945(v459) p1789(v323) p1660(v221)
    - neighboring facets: f1591 f2274 f2275
- f2274
    - flags: bottom simplicial
    - normal:    0.7764    0.508   0.3731
    - offset: -0.04824408
    - vertices: p2945(v459) p3977(v401) p1660(v221)
    - neighboring facets: f1986 f2273 f2278
- f2275
    - flags: bottom simplicial
    - normal:     0.752   0.4682   0.4639
    - offset: -0.04836094
    - vertices: p2945(v459) p1789(v323) p822(v224)
    - neighboring facets: f1595 f2276 f2273
- f2276
    - flags: top simplicial
    - normal:    0.8715   0.3196   0.3719
    - offset: -0.04777618
    - vertices: p2945(v459) p1600(v326) p822(v224)
    - neighboring facets: f1612 f2275 f2480
- f2278
    - flags: top simplicial
    - normal:    0.8779   0.3859   0.2834
    - offset: -0.04759858
    - vertices: p2945(v459) p3977(v401) p2080(v85)
    - neighboring facets: f1991 f2479 f2274
- f2279
    - flags: top simplicial
    - normal:    -0.748   0.6637 -0.0004383
    - offset: -0.04829438
    - vertices: p514(v460) p1109(v220) p2722(v81)
    - neighboring facets: f1073 f2281 f2280
- f2280
    - flags: top simplicial
    - normal:   -0.7461   0.6658 -0.0005427
    - offset: -0.04830443
    - vertices: p514(v460) p1276(v402) p1109(v220)
    - neighboring facets: f1995 f2279 f2283
- f2281
    - flags: top simplicial
    - normal:   -0.7605   0.6494 -0.002577
    - offset: -0.04855301
    - vertices: p514(v460) p2722(v81) p2058(v75)
    - neighboring facets: f2460 f2282 f2279
- f2282
    - flags: bottom simplicial
    - normal:   -0.7399   0.6711 -0.04652
    - offset: -0.05369026
    - vertices: p514(v460) p1745(v320) p2058(v75)
    - neighboring facets: f2462 f2281 f2283
- f2283
    - flags: bottom simplicial
    - normal:   -0.7259   0.6876 -0.01645
    - offset: -0.05013469
    - vertices: p514(v460) p1276(v402) p1745(v320)
    - neighboring facets: f1994 f2282 f2280
- f2284
    - flags: bottom simplicial
    - normal:    0.9818  -0.1898 0.0006598
    - offset: -0.04846597
    - vertices: p2500(v461) p1075(v324) p3230(v225)
    - neighboring facets: f1597 f2285 f2286
- f2285
    - flags: top simplicial
    - normal:     0.976  -0.2177 0.0006584
    - offset: -0.04847282
    - vertices: p2500(v461) p3452(v405) p3230(v225)
    - neighboring facets: f2009 f2284 f2286
- f2286
    - flags: bottom simplicial
    - normal:     0.977   -0.213 -3.523e-07
    - offset: -0.0484963
    - vertices: p2500(v461) p3452(v405) p1075(v324)
    - neighboring facets: f2010 f2284 f2285
- f2287
    - flags: top simplicial
    - normal:    0.9765   0.2154 0.001742
    - offset: -0.04843869
    - vertices: p3011(v462) p3523(v341) p929(v226)
    - neighboring facets: f1719 f2288 f2481
- f2288
    - flags: bottom simplicial
    - normal:    0.9727   0.2315  0.01659
    - offset: -0.04838163
    - vertices: p3011(v462) p2608(v406) p929(v226)
    - neighboring facets: f2012 f2287 f2488
- f2293
    - flags: top simplicial
    - normal:    0.9557   0.2879  0.06187
    - offset: -0.04830178
    - vertices: p276(v463) p2229(v325) p2080(v85)
    - neighboring facets: f1601 f2295 f2294
- f2294
    - flags: top simplicial
    - normal:     0.968   0.2487  0.03364
    - offset: -0.04833661
    - vertices: p276(v463) p2608(v406) p2229(v325)
    - neighboring facets: f2012 f2293 f2491
- f2295
    - flags: top simplicial
    - normal:     0.899   0.4315  0.07514
    - offset: -0.04776451
    - vertices: p276(v463) p2080(v85) p1203(v49)
    - neighboring facets: f428 f2296 f2293
- f2296
    - flags: bottom simplicial
    - normal:    0.8981   0.4393  0.01877
    - offset: -0.04791544
    - vertices: p276(v463) p3342(v158) p1203(v49)
    - neighboring facets: f2207 f2295 f2297
- f2297
    - flags: bottom simplicial
    - normal:     0.915   0.4033 0.009944
    - offset: -0.04818062
    - vertices: p276(v463) p3028(v240) p3342(v158)
    - neighboring facets: f2518 f2296 f2298
- f2298
    - flags: bottom simplicial
    - normal:    0.9395   0.3426 0.001611
    - offset: -0.0484347
    - vertices: p276(v463) p1981(v343) p3028(v240)
    - neighboring facets: f2635 f2297 f2299
- f2299
    - flags: bottom simplicial
    - normal:      0.95   0.3124 -0.000154
    - offset: -0.04847939
    - vertices: p276(v463) p1442(v418) p1981(v343)
    - neighboring facets: f2326 f2298 f2492
- f2301
    - flags: top simplicial
    - normal:   -0.9887  -0.1404  -0.0518
    - offset: -0.05430986
    - vertices: p1316(v464) p2690(v412) p3367(v88)
    - neighboring facets: f2042 f2502 f2508
- f2309
    - flags: bottom simplicial
    - normal:   -0.9931  -0.1174  0.00264
    - offset: -0.04791742
    - vertices: p3760(v465) p1806(v411) p1389(v330)
    - neighboring facets: f2041 f2511 f2506
- f2315
    - flags: top simplicial
    - normal:      0.96   0.2801 -0.001801
    - offset: -0.0485341
    - vertices: p2770(v466) p1442(v418) p1341(v239)
    - neighboring facets: f2071 f2486 f2490
- f2326
    - flags: top simplicial
    - normal:    0.9503   0.3112 -0.0005224
    - offset: -0.04849045
    - vertices: p2230(v469) p1442(v418) p1981(v343)
    - neighboring facets: f2299 f2522 f2640
- f2330
    - flags: top simplicial
    - normal:    0.8964   0.4433 -3.95e-09
    - offset: -0.04844446
    - vertices: p1093(v470) p3009(v345) p1132(v344)
    - neighboring facets: f2081 f2331 f2332
- f2331
    - flags: bottom simplicial
    - normal:    0.8964   0.4433 4.346e-08
    - offset: -0.04844446
    - vertices: p1093(v470) p2837(v420) p1132(v344)
    - neighboring facets: f2076 f2330 f2332
- f2332
    - flags: top simplicial
    - normal:    0.8964   0.4433 1.894e-08
    - offset: -0.04844446
    - vertices: p1093(v470) p2837(v420) p3009(v345)
    - neighboring facets: f2077 f2330 f2331
- f2333
    - flags: top simplicial
    - normal:    0.9984 -0.05645 -0.005093
    - offset: -0.04885681
    - vertices: p3327(v471) p3432(v346) p2155(v242)
    - neighboring facets: f2350 f2334 f2335
- f2334
    - flags: bottom simplicial
    - normal:    0.9976 -0.06891 -0.008801
    - offset: -0.04929349
    - vertices: p3327(v471) p3468(v422) p2155(v242)
    - neighboring facets: f2082 f2333 f2335
- f2335
    - flags: top simplicial
    - normal:    0.9978 -0.06552 -0.004687
    - offset: -0.04880017
    - vertices: p3327(v471) p3468(v422) p3432(v346)
    - neighboring facets: f2084 f2333 f2334
- f2347
    - flags: bottom simplicial
    - normal:    0.9995   0.0301 -0.0005878
    - offset: -0.04848061
    - vertices: p115(v474) p624(v47) p2730(v2)
    - neighboring facets: f1161 f2349 f2642
- f2349
    - flags: top simplicial
    - normal:    0.9999 -0.009859 -0.003773
    - offset: -0.04876733
    - vertices: p115(v474) p3432(v346) p2730(v2)
    - neighboring facets: f1702 f2347 f2350
- f2350
    - flags: bottom simplicial
    - normal:    0.9999  -0.0114 -0.005646
    - offset: -0.04894234
    - vertices: p115(v474) p3432(v346) p2155(v242)
    - neighboring facets: f2333 f2351 f2349
- f2351
    - flags: top simplicial
    - normal:    0.9999  0.01332 -0.007442
    - offset: -0.04913235
    - vertices: p115(v474) p1742(v348) p2155(v242)
    - neighboring facets: f1712 f2350 f2535
- f2352
    - flags: bottom simplicial
    - normal:    0.9872   0.1594 -1.572e-05
    - offset: -0.04847976
    - vertices: p793(v475) p1229(v349) p929(v226)
    - neighboring facets: f1719 f2353 f2354
- f2353
    - flags: top simplicial
    - normal:    0.9924   0.1227 0.001259
    - offset: -0.04842043
    - vertices: p793(v475) p2946(v426) p929(v226)
    - neighboring facets: f2644 f2352 f2354
- f2354
    - flags: bottom simplicial
    - normal:     0.994   0.1098 -0.001766
    - offset: -0.04852818
    - vertices: p793(v475) p2946(v426) p1229(v349)
    - neighboring facets: f2536 f2352 f2353
- f2355
    - flags: bottom simplicial
    - normal:    0.7897   0.6135 -0.000147
    - offset: -0.04846343
    - vertices: p906(v476) p1492(v427) p3813(v163)
    - neighboring facets: f2364 f2356 f2394
- f2356
    - flags: top simplicial
    - normal:    0.7915   0.6112 7.677e-06
    - offset: -0.04845737
    - vertices: p906(v476) p1779(v164) p3813(v163)
    - neighboring facets: f784 f2355 f2417
- f2362
    - flags: bottom simplicial
    - normal:    0.7868   0.6172 -0.000639
    - offset: -0.04850174
    - vertices: p3273(v477) p1492(v427) p3623(v350)
    - neighboring facets: f2391 f2363 f2364
- f2363
    - flags: top simplicial
    - normal:    0.7864   0.6178 -0.000617
    - offset: -0.04850106
    - vertices: p3273(v477) p539(v428) p3623(v350)
    - neighboring facets: f2366 f2362 f2365
- f2364
    - flags: top simplicial
    - normal:    0.7884   0.6152 -0.0002097
    - offset: -0.04846701
    - vertices: p3273(v477) p1492(v427) p3813(v163)
    - neighboring facets: f2355 f2365 f2362
- f2365
    - flags: bottom simplicial
    - normal:    0.7882   0.6155 -0.0002095
    - offset: -0.0484674
    - vertices: p3273(v477) p539(v428) p3813(v163)
    - neighboring facets: f2368 f2364 f2363
- f2366
    - flags: bottom simplicial
    - normal:    0.7733   0.6341 -0.000381
    - offset: -0.04850477
    - vertices: p1898(v478) p539(v428) p3623(v350)
    - neighboring facets: f2363 f2367 f2368
- f2367
    - flags: top simplicial
    - normal:    0.7468   0.6651 -0.0003305
    - offset: -0.04848754
    - vertices: p1898(v478) p2969(v429) p3623(v350)
    - neighboring facets: f2114 f2366 f2369
- f2368
    - flags: top simplicial
    - normal:    0.7825   0.6227 -0.0001606
    - offset: -0.04847686
    - vertices: p1898(v478) p539(v428) p3813(v163)
    - neighboring facets: f2365 f2369 f2366
- f2369
    - flags: bottom simplicial
    - normal:     0.778   0.6283 -8.965e-05
    - offset: -0.04848108
    - vertices: p1898(v478) p2969(v429) p3813(v163)
    - neighboring facets: f2117 f2368 f2367
- f2370
    - flags: bottom simplicial
    - normal:    0.9714  -0.2371 -0.009591
    - offset: -0.04934492
    - vertices: p1699(v479) p1782(v249) p234(v243)
    - neighboring facets: f1708 f2371 f2372
- f2371
    - flags: top simplicial
    - normal:    0.9771  -0.2097 -0.03498
    - offset: -0.05223491
    - vertices: p1699(v479) p3393(v431) p234(v243)
    - neighboring facets: f2123 f2370 f2372
- f2372
    - flags: bottom simplicial
    - normal:    0.9799  -0.1992 -0.01011
    - offset: -0.04939282
    - vertices: p1699(v479) p3393(v431) p1782(v249)
    - neighboring facets: f2124 f2370 f2371
- f2373
    - flags: bottom simplicial
    - normal:   -0.3403   0.9403  0.00556
    - offset: -0.04769226
    - vertices: p1135(v480) p3954(v280) p3824(v135)
    - neighboring facets: f1381 f2374 f2375
- f2374
    - flags: top simplicial
    - normal:   -0.3367   0.9416 -0.001033
    - offset: -0.04833282
    - vertices: p1135(v480) p1526(v436) p3824(v135)
    - neighboring facets: f2148 f2373 f2375
- f2375
    - flags: bottom simplicial
    - normal:   -0.3384    0.941 -0.001332
    - offset: -0.04836786
    - vertices: p1135(v480) p1526(v436) p3954(v280)
    - neighboring facets: f2144 f2373 f2374
- f2376
    - flags: bottom simplicial
    - normal:  -0.09614    0.814  -0.5728
    - offset: -0.1134827
    - vertices: p3880(v481) p654(v188) p1283(v186)
    - neighboring facets: f920 f2377 f2378
- f2377
    - flags: top simplicial
    - normal:   -0.1264   0.8105  -0.5719
    - offset: -0.1134128
    - vertices: p3880(v481) p3254(v437) p1283(v186)
    - neighboring facets: f2546 f2376 f2378
- f2378
    - flags: bottom simplicial
    - normal:  -0.09737   0.8142  -0.5724
    - offset: -0.1134429
    - vertices: p3880(v481) p3254(v437) p654(v188)
    - neighboring facets: f2379 f2376 f2377
- f2379
    - flags: top simplicial
    - normal:  -0.09888   0.8148  -0.5713
    - offset: -0.1133313
    - vertices: p2060(v482) p3254(v437) p654(v188)
    - neighboring facets: f2378 f2381 f2647
- f2381
    - flags: top simplicial
    - normal:   -0.1137   0.8703  -0.4791
    - offset: -0.1040692
    - vertices: p2060(v482) p654(v188) p1970(v40)
    - neighboring facets: f917 f2382 f2379
- f2382
    - flags: bottom simplicial
    - normal:    -0.145     0.89  -0.4322
    - offset: -0.09909437
    - vertices: p2060(v482) p75(v371) p1970(v40)
    - neighboring facets: f1838 f2381 f2543
- f2383
    - flags: bottom simplicial
    - normal:   -0.5589    0.829 -0.02028
    - offset: -0.05049275
    - vertices: p551(v483) p3703(v439) p1432(v223)
    - neighboring facets: f2155 f2554 f2548
- f2387
    - flags: top simplicial
    - normal:   -0.5152    0.852 -0.09289
    - offset: -0.05919688
    - vertices: p1635(v484) p2836(v321) p954(v187)
    - neighboring facets: f1583 f2389 f2388
- f2388
    - flags: top simplicial
    - normal:   -0.5244   0.8491 -0.06374
    - offset: -0.05565754
    - vertices: p1635(v484) p3703(v439) p2836(v321)
    - neighboring facets: f2155 f2387 f2390
- f2389
    - flags: bottom simplicial
    - normal:   -0.4177   0.9084  -0.0178
    - offset: -0.0502478
    - vertices: p1635(v484) p3954(v280) p954(v187)
    - neighboring facets: f2144 f2387 f2390
- f2390
    - flags: bottom simplicial
    - normal:   -0.4469   0.8944 -0.01703
    - offset: -0.05017364
    - vertices: p1635(v484) p3703(v439) p3954(v280)
    - neighboring facets: f2550 f2389 f2388
- f2391
    - flags: top simplicial
    - normal:    0.7881   0.6155 -0.002587
    - offset: -0.04867214
    - vertices: p2027(v485) p1492(v427) p3623(v350)
    - neighboring facets: f2362 f2556 f2394
- f2393
    - flags: top simplicial
    - normal:    0.8001   0.5998 -0.01158
    - offset: -0.04959003
    - vertices: p2027(v485) p332(v442) p836(v194)
    - neighboring facets: f2219 f2395 f2557
- f2394
    - flags: top simplicial
    - normal:    0.7938   0.6081 -0.001216
    - offset: -0.04856024
    - vertices: p2027(v485) p906(v476) p1492(v427)
    - neighboring facets: f2355 f2391 f2418
- f2395
    - flags: bottom simplicial
    - normal:    0.8127   0.5826 -0.01115
    - offset: -0.04957201
    - vertices: p2027(v485) p1588(v449) p836(v194)
    - neighboring facets: f2219 f2393 f2589
- f2399
    - flags: top simplicial
    - normal:    0.6812   0.7321 0.0004106
    - offset: -0.04842654
    - vertices: p2599(v486) p769(v443) p3343(v351)
    - neighboring facets: f2180 f2402 f2401
- f2400
    - flags: top simplicial
    - normal:    0.7343   0.6787  0.01324
    - offset: -0.04841236
    - vertices: p2599(v486) p375(v352) p426(v11)
    - neighboring facets: f1732 f2406 f2405
- f2401
    - flags: bottom simplicial
    - normal:    0.5793   0.8151 0.005641
    - offset: -0.04764248
    - vertices: p2599(v486) p769(v443) p2718(v285)
    - neighboring facets: f2412 f2403 f2399
- f2402
    - flags: top simplicial
    - normal:    0.7181   0.6959 -0.0003792
    - offset: -0.04849922
    - vertices: p2599(v486) p3343(v351) p2953(v246)
    - neighboring facets: f2168 f2404 f2399
- f2403
    - flags: top simplicial
    - normal:    0.5539   0.8325 0.008596
    - offset: -0.04732947
    - vertices: p2599(v486) p1045(v380) p2718(v285)
    - neighboring facets: f2191 f2401 f2407
- f2404
    - flags: bottom simplicial
    - normal:    0.7411   0.6714 -0.000276
    - offset: -0.04847369
    - vertices: p2599(v486) p2969(v429) p2953(v246)
    - neighboring facets: f2114 f2402 f2405
- f2405
    - flags: top simplicial
    - normal:    0.7489   0.6627 0.0009894
    - offset: -0.04844552
    - vertices: p2599(v486) p2969(v429) p375(v352)
    - neighboring facets: f2117 f2400 f2404
- f2406
    - flags: bottom simplicial
    - normal:    0.5274   0.8496  0.01225
    - offset: -0.04695786
    - vertices: p2599(v486) p2602(v192) p426(v11)
    - neighboring facets: f935 f2400 f2407
- f2407
    - flags: bottom simplicial
    - normal:    0.5354   0.8445  0.01094
    - offset: -0.0470763
    - vertices: p2599(v486) p1045(v380) p2602(v192)
    - neighboring facets: f2188 f2406 f2403
- f2410
    - flags: top simplicial
    - normal:    0.5582   0.8279 -0.05515
    - offset: -0.05492428
    - vertices: p1225(v487) p1937(v290) p3581(v193)
    - neighboring facets: f1431 f2411 f2558
- f2411
    - flags: bottom simplicial
    - normal:    0.5759   0.8161 -0.04832
    - offset: -0.05409548
    - vertices: p1225(v487) p3096(v445) p3581(v193)
    - neighboring facets: f2192 f2410 f2564
- f2412
    - flags: top simplicial
    - normal:    0.5813   0.8137 0.003303
    - offset: -0.04787719
    - vertices: p3572(v488) p769(v443) p2718(v285)
    - neighboring facets: f2401 f2413 f2414
- f2413
    - flags: bottom simplicial
    - normal:    0.5754   0.8179  0.00134
    - offset: -0.04807601
    - vertices: p3572(v488) p3096(v445) p2718(v285)
    - neighboring facets: f2191 f2412 f2414
- f2414
    - flags: top simplicial
    - normal:     0.588   0.8088 0.0006361
    - offset: -0.04817143
    - vertices: p3572(v488) p3096(v445) p769(v443)
    - neighboring facets: f2194 f2412 f2413
- f2415
    - flags: bottom simplicial
    - normal:      0.82   0.5723 0.002912
    - offset: -0.04841475
    - vertices: p2430(v489) p1779(v164) p1203(v49)
    - neighboring facets: f783 f2416 f2417
- f2416
    - flags: top simplicial
    - normal:    0.8356   0.5493 0.003093
    - offset: -0.04840998
    - vertices: p2430(v489) p340(v446) p1203(v49)
    - neighboring facets: f2208 f2415 f2594
- f2417
    - flags: bottom simplicial
    - normal:      0.82   0.5724 0.0001014
    - offset: -0.04848768
    - vertices: p2430(v489) p906(v476) p1779(v164)
    - neighboring facets: f2356 f2415 f2418
- f2418
    - flags: bottom simplicial
    - normal:    0.8267   0.5626 -0.0001398
    - offset: -0.04849857
    - vertices: p2430(v489) p2027(v485) p906(v476)
    - neighboring facets: f2394 f2417 f2591
- f2424
    - flags: top simplicial
    - normal:      0.86   0.5102 0.0001121
    - offset: -0.04847777
    - vertices: p11(v491) p340(v446) p91(v383)
    - neighboring facets: f2593 f2570 f2575
- f2432
    - flags: bottom simplicial
    - normal:    0.8949   0.4463 -0.0002245
    - offset: -0.04845771
    - vertices: p3109(v493) p2143(v421) p1132(v344)
    - neighboring facets: f2081 f2434 f2578
- f2434
    - flags: bottom simplicial
    - normal:    0.8945   0.4471 -0.00705
    - offset: -0.04909579
    - vertices: p3109(v493) p1132(v344) p566(v17)
    - neighboring facets: f1694 f2435 f2432
- f2435
    - flags: top simplicial
    - normal:    0.8887   0.4584 -0.005728
    - offset: -0.04894108
    - vertices: p3109(v493) p1188(v492) p566(v17)
    - neighboring facets: f2439 f2434 f2581
- f2438
    - flags: top simplicial
    - normal:    0.8659   0.5001 -0.00977
    - offset: -0.0494164
    - vertices: p498(v494) p1588(v449) p566(v17)
    - neighboring facets: f2217 f2439 f2590
- f2439
    - flags: bottom simplicial
    - normal:    0.8843   0.4668 -0.006016
    - offset: -0.0489799
    - vertices: p498(v494) p1188(v492) p566(v17)
    - neighboring facets: f2435 f2438 f2582
- f2445
    - flags: top simplicial
    - normal:   -0.9083   0.4183 0.008479
    - offset: -0.04726787
    - vertices: p523(v495) p722(v314) p3118(v210)
    - neighboring facets: f1553 f2447 f2446
- f2446
    - flags: top simplicial
    - normal:    -0.896    0.444 -0.000145
    - offset: -0.04821518
    - vertices: p523(v495) p2885(v456) p722(v314)
    - neighboring facets: f2251 f2445 f2448
- f2447
    - flags: bottom simplicial
    - normal:   -0.9231   0.3844  0.01325
    - offset: -0.04671249
    - vertices: p523(v495) p1477(v311) p3118(v210)
    - neighboring facets: f1974 f2445 f2448
- f2448
    - flags: bottom simplicial
    - normal:   -0.9303   0.3668 0.009293
    - offset: -0.04713491
    - vertices: p523(v495) p2885(v456) p1477(v311)
    - neighboring facets: f2452 f2447 f2446
- f2449
    - flags: top simplicial
    - normal:   -0.9367   0.3501 0.003919
    - offset: -0.04774283
    - vertices: p2273(v496) p2104(v398) p2863(v315)
    - neighboring facets: f2266 f2606 f2451
- f2450
    - flags: bottom simplicial
    - normal:    -0.933   0.3598 0.003874
    - offset: -0.04774914
    - vertices: p2273(v496) p2885(v456) p1969(v133)
    - neighboring facets: f2468 f2604 f2452
- f2451
    - flags: bottom simplicial
    - normal:   -0.9312   0.3643 0.009061
    - offset: -0.04715897
    - vertices: p2273(v496) p2104(v398) p1477(v311)
    - neighboring facets: f1974 f2452 f2449
- f2452
    - flags: top simplicial
    - normal:   -0.9309   0.3651 0.009014
    - offset: -0.04716398
    - vertices: p2273(v496) p2885(v456) p1477(v311)
    - neighboring facets: f2448 f2451 f2450
- f2455
    - flags: bottom simplicial
    - normal:   -0.8817   0.4717 -0.007444
    - offset: -0.04906926
    - vertices: p2088(v497) p3274(v397) p2737(v211)
    - neighboring facets: f1962 f2595 f2457
- f2457
    - flags: bottom simplicial
    - normal:   -0.8667   0.4978 -0.03167
    - offset: -0.05203713
    - vertices: p2088(v497) p853(v457) p3274(v397)
    - neighboring facets: f2461 f2455 f2596
- f2459
    - flags: bottom simplicial
    - normal:   -0.8282   0.5604 8.101e-05
    - offset: -0.04820535
    - vertices: p975(v498) p3957(v312) p2722(v81)
    - neighboring facets: f1549 f2460 f2600
- f2460
    - flags: bottom simplicial
    - normal:   -0.7837   0.6211 -0.005596
    - offset: -0.04889198
    - vertices: p975(v498) p2722(v81) p2058(v75)
    - neighboring facets: f2281 f2462 f2459
- f2461
    - flags: top simplicial
    - normal:   -0.8303   0.5307  -0.1703
    - offset: -0.06859125
    - vertices: p975(v498) p853(v457) p3274(v397)
    - neighboring facets: f2457 f2465 f2601
- f2462
    - flags: top simplicial
    - normal:   -0.7405   0.6703 -0.04818
    - offset: -0.05388575
    - vertices: p975(v498) p1745(v320) p2058(v75)
    - neighboring facets: f2282 f2460 f2463
- f2463
    - flags: bottom simplicial
    - normal:   -0.7327   0.6736 -0.09656
    - offset: -0.05967991
    - vertices: p975(v498) p1745(v320) p1432(v223)
    - neighboring facets: f1582 f2464 f2462
- f2464
    - flags: top simplicial
    - normal:   -0.7323   0.6694  -0.1253
    - offset: -0.06310384
    - vertices: p975(v498) p2004(v455) p1432(v223)
    - neighboring facets: f2244 f2463 f2466
- f2465
    - flags: top simplicial
    - normal:   -0.7776   0.5337  -0.3325
    - offset: -0.08674585
    - vertices: p975(v498) p3274(v397) p183(v396)
    - neighboring facets: f2470 f2466 f2461
- f2466
    - flags: bottom simplicial
    - normal:   -0.7625   0.5732     -0.3
    - offset: -0.08324958
    - vertices: p975(v498) p2004(v455) p183(v396)
    - neighboring facets: f2245 f2465 f2464
- f2468
    - flags: top simplicial
    - normal:   -0.8987   0.4386 -0.005389
    - offset: -0.0488344
    - vertices: p2023(v499) p2885(v456) p1969(v133)
    - neighboring facets: f2450 f2602 f2469
- f2469
    - flags: bottom simplicial
    - normal:   -0.8932   0.4497 -0.004053
    - offset: -0.0486525
    - vertices: p2023(v499) p2885(v456) p3274(v397)
    - neighboring facets: f2251 f2470 f2468
- f2470
    - flags: bottom simplicial
    - normal:   -0.7144     0.38  -0.5875
    - offset: -0.1126729
    - vertices: p2023(v499) p3274(v397) p183(v396)
    - neighboring facets: f2465 f2623 f2469
- f2472
    - flags: bottom simplicial
    - normal:   -0.9656   0.2599 -0.0004744
    - offset: -0.04826708
    - vertices: p3515(v500) p1597(v400) p2104(v398)
    - neighboring facets: f1982 f2608 f2474
- f2474
    - flags: top simplicial
    - normal:   -0.9783   0.2068 -0.009971
    - offset: -0.04932446
    - vertices: p3515(v500) p1597(v400) p2558(v316)
    - neighboring facets: f1985 f2475 f2472
- f2475
    - flags: top simplicial
    - normal:   -0.9858   0.1446 -0.08563
    - offset: -0.05817624
    - vertices: p3515(v500) p2558(v316) p919(v150)
    - neighboring facets: f1560 f2499 f2474
- f2478
    - flags: bottom simplicial
    - normal:    0.9264   0.2205   0.3052
    - offset: -0.04769948
    - vertices: p745(v501) p1600(v326) p2080(v85)
    - neighboring facets: f1610 f2479 f2480
- f2479
    - flags: top simplicial
    - normal:     0.878   0.3856   0.2836
    - offset: -0.0475989
    - vertices: p745(v501) p2945(v459) p2080(v85)
    - neighboring facets: f2278 f2478 f2480
- f2480
    - flags: bottom simplicial
    - normal:    0.8777   0.3287   0.3487
    - offset: -0.04772254
    - vertices: p745(v501) p2945(v459) p1600(v326)
    - neighboring facets: f2276 f2478 f2479
- f2481
    - flags: bottom simplicial
    - normal:    0.9742   0.2255 0.0007253
    - offset: -0.04846297
    - vertices: p94(v502) p3011(v462) p3523(v341)
    - neighboring facets: f2287 f2482 f2611
- f2482
    - flags: top simplicial
    - normal:    0.9732   0.2298 -3.376e-05
    - offset: -0.04848241
    - vertices: p94(v502) p1858(v425) p3523(v341)
    - neighboring facets: f2097 f2481 f2483
- f2483
    - flags: bottom simplicial
    - normal:    0.9725   0.2329 -0.0001335
    - offset: -0.04848758
    - vertices: p94(v502) p1858(v425) p1341(v239)
    - neighboring facets: f2096 f2486 f2482
- f2486
    - flags: top simplicial
    - normal:    0.9632   0.2688 -0.001152
    - offset: -0.04850945
    - vertices: p94(v502) p2770(v466) p1341(v239)
    - neighboring facets: f2315 f2483 f2613
- f2487
    - flags: bottom simplicial
    - normal:    0.9634   0.2681 -1.775e-07
    - offset: -0.04848889
    - vertices: p2254(v503) p3011(v462) p3337(v23)
    - neighboring facets: f2610 f2489 f2488
- f2488
    - flags: top simplicial
    - normal:    0.9633   0.2684 0.002043
    - offset: -0.04847787
    - vertices: p2254(v503) p3011(v462) p2608(v406)
    - neighboring facets: f2288 f2491 f2487
- f2489
    - flags: top simplicial
    - normal:    0.9604   0.2786 -0.0001691
    - offset: -0.04849041
    - vertices: p2254(v503) p2770(v466) p3337(v23)
    - neighboring facets: f2612 f2487 f2490
- f2490
    - flags: bottom simplicial
    - normal:    0.9602   0.2792 -0.0001503
    - offset: -0.04849017
    - vertices: p2254(v503) p2770(v466) p1442(v418)
    - neighboring facets: f2315 f2492 f2489
- f2491
    - flags: bottom simplicial
    - normal:    0.9582   0.2859 0.002672
    - offset: -0.04847189
    - vertices: p2254(v503) p276(v463) p2608(v406)
    - neighboring facets: f2294 f2488 f2492
- f2492
    - flags: top simplicial
    - normal:    0.9563   0.2925 0.0003562
    - offset: -0.04847948
    - vertices: p2254(v503) p276(v463) p1442(v418)
    - neighboring facets: f2299 f2490 f2491
- f2493
    - flags: bottom simplicial
    - normal:   -0.9993 -0.03494  0.01308
    - offset: -0.04678402
    - vertices: p959(v504) p1389(v330) p60(v1)
    - neighboring facets: f1629 f2615 f2495
- f2495
    - flags: bottom simplicial
    - normal:   -0.9984 -0.05699 -0.0002825
    - offset: -0.04827278
    - vertices: p959(v504) p1316(v464) p1389(v330)
    - neighboring facets: f2510 f2493 f2616
- f2498
    - flags: top simplicial
    - normal:    -0.999  0.04467 -0.004679
    - offset: -0.04874357
    - vertices: p642(v505) p919(v150) p1629(v62)
    - neighboring facets: f1138 f2618 f2499
- f2499
    - flags: top simplicial
    - normal:   -0.9858   0.1446 -0.08565
    - offset: -0.05817892
    - vertices: p642(v505) p3515(v500) p919(v150)
    - neighboring facets: f2475 f2498 f2500
- f2500
    - flags: bottom simplicial
    - normal:    -0.977   0.1519  -0.1499
    - offset: -0.06578781
    - vertices: p642(v505) p3515(v500) p501(v458)
    - neighboring facets: f2609 f2620 f2499
- f2502
    - flags: top simplicial
    - normal:   -0.9883  -0.1367  -0.0681
    - offset: -0.05627395
    - vertices: p642(v505) p1316(v464) p3367(v88)
    - neighboring facets: f2301 f2504 f2614
- f2503
    - flags: top simplicial
    - normal:    -0.453 -0.06859  -0.8889
    - offset: -0.1331292
    - vertices: p642(v505) p3583(v235) p253(v16)
    - neighboring facets: f1156 f2619 f2504
- f2504
    - flags: bottom simplicial
    - normal:   -0.7214   -0.131    -0.68
    - offset: -0.1199765
    - vertices: p642(v505) p3583(v235) p3367(v88)
    - neighboring facets: f1155 f2502 f2503
- f2506
    - flags: top simplicial
    - normal:   -0.9917  -0.1287 -3.365e-05
    - offset: -0.04821839
    - vertices: p136(v506) p3760(v465) p1806(v411)
    - neighboring facets: f2309 f2625 f2507
- f2507
    - flags: bottom simplicial
    - normal:   -0.9896  -0.1437 -0.004023
    - offset: -0.04865726
    - vertices: p136(v506) p3760(v465) p2690(v412)
    - neighboring facets: f2629 f2626 f2506
- f2508
    - flags: bottom simplicial
    - normal:   -0.9913  -0.1296 -0.02287
    - offset: -0.05086534
    - vertices: p3397(v507) p1316(v464) p2690(v412)
    - neighboring facets: f2301 f2630 f2510
- f2510
    - flags: top simplicial
    - normal:   -0.9982 -0.05925 -0.0004956
    - offset: -0.04829776
    - vertices: p3397(v507) p1316(v464) p1389(v330)
    - neighboring facets: f2495 f2511 f2508
- f2511
    - flags: bottom simplicial
    - normal:   -0.9934  -0.1145 0.001162
    - offset: -0.04808422
    - vertices: p3397(v507) p3760(v465) p1389(v330)
    - neighboring facets: f2309 f2510 f2631
- f2518
    - flags: top simplicial
    - normal:    0.9148   0.4039 0.0005718
    - offset: -0.04844638
    - vertices: p2361(v509) p3028(v240) p3342(v158)
    - neighboring facets: f2297 f2519 f2524
- f2519
    - flags: bottom simplicial
    - normal:    0.9145   0.4046 0.0005493
    - offset: -0.04844747
    - vertices: p2361(v509) p1132(v344) p3342(v158)
    - neighboring facets: f2076 f2518 f2526
- f2522
    - flags: top simplicial
    - normal:    0.9491   0.3149 -0.0004387
    - offset: -0.04849243
    - vertices: p1352(v510) p2230(v469) p1981(v343)
    - neighboring facets: f2326 f2636 f2657
- f2524
    - flags: bottom simplicial
    - normal:     0.925     0.38 -8.441e-05
    - offset: -0.04849709
    - vertices: p974(v511) p2361(v509) p3028(v240)
    - neighboring facets: f2518 f2632 f2526
- f2526
    - flags: top simplicial
    - normal:    0.9248   0.3804 -0.0001202
    - offset: -0.04849992
    - vertices: p974(v511) p2361(v509) p1132(v344)
    - neighboring facets: f2519 f2528 f2524
- f2527
    - flags: top simplicial
    - normal:    0.9392   0.3434 -0.007484
    - offset: -0.04912616
    - vertices: p974(v511) p1331(v155) p3156(v90)
    - neighboring facets: f1673 f2637 f2528
- f2528
    - flags: top simplicial
    - normal:    0.9359   0.3521 -0.007305
    - offset: -0.04912015
    - vertices: p974(v511) p1132(v344) p1331(v155)
    - neighboring facets: f1694 f2527 f2526
- f2529
    - flags: top simplicial
    - normal:    0.9952   0.0982 -0.004519
    - offset: -0.04875357
    - vertices: p952(v512) p1229(v349) p3425(v245)
    - neighboring facets: f1718 f2533 f2531
- f2531
    - flags: top simplicial
    - normal:    0.9957  0.09227 -0.00322
    - offset: -0.04859923
    - vertices: p952(v512) p115(v474) p1229(v349)
    - neighboring facets: f2537 f2529 f2534
- f2532
    - flags: bottom simplicial
    - normal:    0.9967   0.0532  -0.0612
    - offset: -0.05568205
    - vertices: p3882(v513) p1742(v348) p3425(v245)
    - neighboring facets: f1713 f2533 f2535
- f2533
    - flags: top simplicial
    - normal:    0.9959   0.0904 -0.005106
    - offset: -0.04881774
    - vertices: p3882(v513) p952(v512) p3425(v245)
    - neighboring facets: f2529 f2532 f2534
- f2534
    - flags: bottom simplicial
    - normal:    0.9961  0.08796 -0.004057
    - offset: -0.04869359
    - vertices: p3882(v513) p952(v512) p115(v474)
    - neighboring facets: f2531 f2535 f2533
- f2535
    - flags: bottom simplicial
    - normal:    0.9997  0.02105 -0.007557
    - offset: -0.04914346
    - vertices: p3882(v513) p115(v474) p1742(v348)
    - neighboring facets: f2351 f2532 f2534
- f2536
    - flags: top simplicial
    - normal:    0.9943   0.1065 -0.001963
    - offset: -0.0485351
    - vertices: p85(v514) p2946(v426) p1229(v349)
    - neighboring facets: f2354 f2537 f2643
- f2537
    - flags: bottom simplicial
    - normal:    0.9957  0.09227 -0.00322
    - offset: -0.04859916
    - vertices: p85(v514) p115(v474) p1229(v349)
    - neighboring facets: f2531 f2536 f2641
- f2543
    - flags: top simplicial
    - normal:   -0.1347   0.8273  -0.5454
    - offset: -0.1107729
    - vertices: p1607(v516) p2060(v482) p75(v371)
    - neighboring facets: f2382 f2545 f2649
- f2545
    - flags: top simplicial
    - normal:   -0.1837   0.7936  -0.5801
    - offset: -0.1142202
    - vertices: p1607(v516) p75(v371) p1283(v186)
    - neighboring facets: f1834 f2546 f2543
- f2546
    - flags: bottom simplicial
    - normal:   -0.1358   0.8092  -0.5716
    - offset:  -0.113378
    - vertices: p1607(v516) p3254(v437) p1283(v186)
    - neighboring facets: f2377 f2545 f2648
- f2547
    - flags: bottom simplicial
    - normal:    -0.554   0.8325 -0.004309
    - offset: -0.04867942
    - vertices: p2416(v517) p551(v483) p799(v372)
    - neighboring facets: f2552 f2549 f2548
- f2548
    - flags: top simplicial
    - normal:   -0.5455   0.8381 -0.008655
    - offset: -0.04917613
    - vertices: p2416(v517) p551(v483) p3703(v439)
    - neighboring facets: f2383 f2550 f2547
- f2549
    - flags: bottom simplicial
    - normal:   -0.5229   0.8524 0.0005845
    - offset: -0.04818274
    - vertices: p2416(v517) p799(v372) p3954(v280)
    - neighboring facets: f1841 f2550 f2547
- f2550
    - flags: top simplicial
    - normal:   -0.5155   0.8569 -0.003106
    - offset: -0.0485903
    - vertices: p2416(v517) p3703(v439) p3954(v280)
    - neighboring facets: f2390 f2549 f2548
- f2551
    - flags: bottom simplicial
    - normal:   -0.5699   0.8217 -0.001676
    - offset: -0.04838251
    - vertices: p701(v518) p3821(v438) p799(v372)
    - neighboring facets: f2153 f2552 f2553
- f2552
    - flags: top simplicial
    - normal:   -0.5645   0.8254 -0.003649
    - offset: -0.04859573
    - vertices: p701(v518) p551(v483) p799(v372)
    - neighboring facets: f2547 f2551 f2554
- f2553
    - flags: top simplicial
    - normal:   -0.5828   0.8126 -0.006336
    - offset: -0.04887851
    - vertices: p701(v518) p3821(v438) p1432(v223)
    - neighboring facets: f2152 f2554 f2551
- f2554
    - flags: bottom simplicial
    - normal:   -0.5798   0.8147 -0.007304
    - offset: -0.04898598
    - vertices: p701(v518) p551(v483) p1432(v223)
    - neighboring facets: f2383 f2553 f2552
- f2555
    - flags: bottom simplicial
    - normal:    0.7798    0.626 -0.007046
    - offset: -0.04908999
    - vertices: p1606(v519) p332(v442) p3623(v350)
    - neighboring facets: f2174 f2556 f2557
- f2556
    - flags: top simplicial
    - normal:    0.7881   0.6155 -0.002589
    - offset: -0.04867233
    - vertices: p1606(v519) p2027(v485) p3623(v350)
    - neighboring facets: f2391 f2555 f2557
- f2557
    - flags: bottom simplicial
    - normal:    0.7886   0.6148  -0.0085
    - offset: -0.04925094
    - vertices: p1606(v519) p2027(v485) p332(v442)
    - neighboring facets: f2393 f2555 f2556
- f2558
    - flags: bottom simplicial
    - normal:     0.541    0.841 -0.005326
    - offset: -0.04882897
    - vertices: p3081(v520) p1225(v487) p1937(v290)
    - neighboring facets: f2410 f2560 f2559
- f2559
    - flags: top simplicial
    - normal:    0.5424   0.8401 -0.003438
    - offset: -0.04859851
    - vertices: p3081(v520) p1225(v487) p1045(v380)
    - neighboring facets: f2563 f2561 f2558
- f2560
    - flags: top simplicial
    - normal:     0.534   0.8455 -0.002654
    - offset: -0.04851678
    - vertices: p3081(v520) p1107(v444) p1937(v290)
    - neighboring facets: f2187 f2558 f2561
- f2561
    - flags: bottom simplicial
    - normal:    0.5368   0.8437 -0.002637
    - offset: -0.04851086
    - vertices: p3081(v520) p1107(v444) p1045(v380)
    - neighboring facets: f2188 f2559 f2560
- f2562
    - flags: top simplicial
    - normal:    0.5543   0.8323 -0.002209
    - offset: -0.04846935
    - vertices: p2687(v521) p3096(v445) p1045(v380)
    - neighboring facets: f2191 f2563 f2564
- f2563
    - flags: bottom simplicial
    - normal:    0.5424   0.8401 -0.003436
    - offset: -0.04859838
    - vertices: p2687(v521) p1225(v487) p1045(v380)
    - neighboring facets: f2559 f2562 f2564
- f2564
    - flags: top simplicial
    - normal:    0.5505   0.8348 -0.00338
    - offset: -0.04860204
    - vertices: p2687(v521) p1225(v487) p3096(v445)
    - neighboring facets: f2411 f2562 f2563
- f2570
    - flags: top simplicial
    - normal:    0.8861   0.4635 -0.00137
    - offset: -0.04851619
    - vertices: p321(v523) p11(v491) p91(v383)
    - neighboring facets: f2424 f2572 f2571
- f2571
    - flags: bottom simplicial
    - normal:    0.8861   0.4635 -0.001371
    - offset: -0.04851616
    - vertices: p321(v523) p11(v491) p3777(v447)
    - neighboring facets: f2576 f2650 f2570
- f2572
    - flags: bottom simplicial
    - normal:    0.8861   0.4635 -0.001372
    - offset: -0.04851616
    - vertices: p321(v523) p498(v494) p91(v383)
    - neighboring facets: f2592 f2570 f2573
- f2573
    - flags: top simplicial
    - normal:    0.8861   0.4635 -0.001372
    - offset: -0.04851616
    - vertices: p321(v523) p498(v494) p2092(v490)
    - neighboring facets: f2584 f2651 f2572
- f2574
    - flags: top simplicial
    - normal:    0.8622   0.5065 0.0002778
    - offset: -0.04846842
    - vertices: p1711(v524) p3777(v447) p340(v446)
    - neighboring facets: f2208 f2575 f2576
- f2575
    - flags: bottom simplicial
    - normal:    0.8621   0.5067 0.0002441
    - offset: -0.04846942
    - vertices: p1711(v524) p11(v491) p340(v446)
    - neighboring facets: f2424 f2574 f2576
- f2576
    - flags: top simplicial
    - normal:    0.8622   0.5065 0.0002463
    - offset: -0.04846927
    - vertices: p1711(v524) p11(v491) p3777(v447)
    - neighboring facets: f2571 f2574 f2575
- f2577
    - flags: bottom simplicial
    - normal:    0.8928   0.4504 -0.0004492
    - offset: -0.04846869
    - vertices: p3511(v525) p3777(v447) p2143(v421)
    - neighboring facets: f2204 f2578 f2579
- f2578
    - flags: top simplicial
    - normal:    0.8929   0.4503 -0.0004447
    - offset: -0.04846852
    - vertices: p3511(v525) p3109(v493) p2143(v421)
    - neighboring facets: f2432 f2577 f2579
- f2579
    - flags: bottom simplicial
    - normal:    0.8865   0.4628 -0.001326
    - offset: -0.04851403
    - vertices: p3511(v525) p3109(v493) p3777(v447)
    - neighboring facets: f2585 f2577 f2578
- f2581
    - flags: bottom simplicial
    - normal:    0.8861   0.4635 -0.001373
    - offset: -0.04851626
    - vertices: p430(v526) p3109(v493) p1188(v492)
    - neighboring facets: f2435 f2582 f2587
- f2582
    - flags: top simplicial
    - normal:    0.8861   0.4635 -0.001372
    - offset: -0.04851622
    - vertices: p430(v526) p498(v494) p1188(v492)
    - neighboring facets: f2439 f2581 f2584
- f2584
    - flags: bottom simplicial
    - normal:    0.8861   0.4635 -0.001372
    - offset: -0.04851616
    - vertices: p430(v526) p498(v494) p2092(v490)
    - neighboring facets: f2573 f2653 f2582
- f2585
    - flags: top simplicial
    - normal:    0.8861   0.4634 -0.001369
    - offset: -0.04851605
    - vertices: p558(v527) p3109(v493) p3777(v447)
    - neighboring facets: f2579 f2652 f2587
- f2587
    - flags: top simplicial
    - normal:    0.8861   0.4635 -0.001372
    - offset: -0.0485162
    - vertices: p558(v527) p430(v526) p3109(v493)
    - neighboring facets: f2581 f2585 f2654
- f2589
    - flags: top simplicial
    - normal:    0.8338    0.552 -0.008531
    - offset: -0.04930583
    - vertices: p3158(v528) p2027(v485) p1588(v449)
    - neighboring facets: f2395 f2590 f2591
- f2590
    - flags: bottom simplicial
    - normal:    0.8569   0.5154 -0.008974
    - offset: -0.04934843
    - vertices: p3158(v528) p498(v494) p1588(v449)
    - neighboring facets: f2438 f2589 f2592
- f2591
    - flags: top simplicial
    - normal:    0.8341   0.5516 -0.0002665
    - offset: -0.04849892
    - vertices: p3158(v528) p2430(v489) p2027(v485)
    - neighboring facets: f2418 f2589 f2594
- f2592
    - flags: top simplicial
    - normal:    0.8562   0.5166 -0.003493
    - offset: -0.04881493
    - vertices: p3158(v528) p498(v494) p91(v383)
    - neighboring facets: f2572 f2593 f2590
- f2593
    - flags: bottom simplicial
    - normal:     0.845   0.5348 -0.0001421
    - offset: -0.04849728
    - vertices: p3158(v528) p340(v446) p91(v383)
    - neighboring facets: f2424 f2592 f2594
- f2594
    - flags: bottom simplicial
    - normal:    0.8381   0.5455 -0.0001099
    - offset: -0.04848965
    - vertices: p3158(v528) p2430(v489) p340(v446)
    - neighboring facets: f2416 f2593 f2591
- f2595
    - flags: bottom simplicial
    - normal:   -0.8626   0.5058 -0.006648
    - offset: -0.04898985
    - vertices: p1189(v529) p2088(v497) p2737(v211)
    - neighboring facets: f2455 f2597 f2596
- f2596
    - flags: top simplicial
    - normal:    -0.864    0.503    -0.02
    - offset: -0.0506191
    - vertices: p1189(v529) p2088(v497) p853(v457)
    - neighboring facets: f2457 f2598 f2595
- f2597
    - flags: top simplicial
    - normal:   -0.8465   0.5323 0.004734
    - offset: -0.04761534
    - vertices: p1189(v529) p3957(v312) p2737(v211)
    - neighboring facets: f1550 f2595 f2598
- f2598
    - flags: top simplicial
    - normal:   -0.8426   0.5385 0.003092
    - offset: -0.0478171
    - vertices: p1189(v529) p853(v457) p3957(v312)
    - neighboring facets: f2599 f2597 f2596
- f2599
    - flags: bottom simplicial
    - normal:   -0.8339   0.5519 0.0001439
    - offset: -0.04817904
    - vertices: p1706(v530) p853(v457) p3957(v312)
    - neighboring facets: f2598 f2600 f2601
- f2600
    - flags: top simplicial
    - normal:   -0.8338   0.5521 0.0001296
    - offset: -0.04818115
    - vertices: p1706(v530) p975(v498) p3957(v312)
    - neighboring facets: f2459 f2599 f2601
- f2601
    - flags: bottom simplicial
    - normal:   -0.8339    0.552 -2.491e-05
    - offset: -0.04819992
    - vertices: p1706(v530) p975(v498) p853(v457)
    - neighboring facets: f2461 f2599 f2600
- f2602
    - flags: top simplicial
    - normal:   -0.9199   0.3921 -0.01279
    - offset: -0.04974247
    - vertices: p879(v531) p2023(v499) p1969(v133)
    - neighboring facets: f2468 f2604 f2603
- f2603
    - flags: bottom simplicial
    - normal:   -0.9244    0.381 -0.01927
    - offset: -0.05052816
    - vertices: p879(v531) p2023(v499) p501(v458)
    - neighboring facets: f2624 f2605 f2602
- f2604
    - flags: bottom simplicial
    - normal:   -0.9334   0.3589 0.003383
    - offset: -0.04780485
    - vertices: p879(v531) p2273(v496) p1969(v133)
    - neighboring facets: f2450 f2602 f2606
- f2605
    - flags: bottom simplicial
    - normal:   -0.9372   0.3488  0.00127
    - offset: -0.04805035
    - vertices: p879(v531) p501(v458) p2863(v315)
    - neighboring facets: f2266 f2606 f2603
- f2606
    - flags: top simplicial
    - normal:    -0.936   0.3519  0.00265
    - offset: -0.04788732
    - vertices: p879(v531) p2273(v496) p2863(v315)
    - neighboring facets: f2449 f2605 f2604
- f2607
    - flags: top simplicial
    - normal:   -0.9412   0.3378   0.0019
    - offset: -0.04798711
    - vertices: p3360(v532) p501(v458) p2104(v398)
    - neighboring facets: f2266 f2608 f2609
- f2608
    - flags: bottom simplicial
    - normal:   -0.9623   0.2721 -0.0009893
    - offset: -0.04833585
    - vertices: p3360(v532) p3515(v500) p2104(v398)
    - neighboring facets: f2472 f2607 f2609
- f2609
    - flags: top simplicial
    - normal:    -0.972   0.2239 -0.07086
    - offset: -0.05676636
    - vertices: p3360(v532) p3515(v500) p501(v458)
    - neighboring facets: f2500 f2607 f2608
- f2610
    - flags: top simplicial
    - normal:    0.9634   0.2681 -4.239e-07
    - offset: -0.0484889
    - vertices: p1825(v533) p3011(v462) p3337(v23)
    - neighboring facets: f2487 f2612 f2611
- f2611
    - flags: top simplicial
    - normal:    0.9634   0.2681 -4.545e-07
    - offset: -0.0484889
    - vertices: p1825(v533) p94(v502) p3011(v462)
    - neighboring facets: f2481 f2610 f2613
- f2612
    - flags: bottom simplicial
    - normal:    0.9626   0.2709 -0.0007537
    - offset: -0.04850084
    - vertices: p1825(v533) p2770(v466) p3337(v23)
    - neighboring facets: f2489 f2610 f2613
- f2613
    - flags: bottom simplicial
    - normal:    0.9628   0.2703 -0.0008138
    - offset: -0.04850192
    - vertices: p1825(v533) p94(v502) p2770(v466)
    - neighboring facets: f2486 f2612 f2611
- f2614
    - flags: bottom simplicial
    - normal:   -0.9996 -0.02887 0.0001125
    - offset: -0.04821728
    - vertices: p26(v534) p642(v505) p1316(v464)
    - neighboring facets: f2502 f2616 f2618
- f2615
    - flags: bottom simplicial
    - normal:   -0.9996 -0.02892 0.0003085
    - offset: -0.04819394
    - vertices: p26(v534) p959(v504) p60(v1)
    - neighboring facets: f2493 f2617 f2616
- f2616
    - flags: top simplicial
    - normal:   -0.9996 -0.02912 0.0002548
    - offset: -0.0482001
    - vertices: p26(v534) p959(v504) p1316(v464)
    - neighboring facets: f2495 f2614 f2615
- f2617
    - flags: top simplicial
    - normal:   -0.9992  0.04066 -0.00204
    - offset: -0.0484337
    - vertices: p26(v534) p1629(v62) p60(v1)
    - neighboring facets: f641 f2615 f2618
- f2618
    - flags: top simplicial
    - normal:   -0.9991  0.04201 -0.003561
    - offset: -0.0486111
    - vertices: p26(v534) p642(v505) p1629(v62)
    - neighboring facets: f2498 f2617 f2614
- f2619
    - flags: top simplicial
    - normal:   -0.5362  0.05253  -0.8425
    - offset: -0.1312613
    - vertices: p279(v535) p642(v505) p253(v16)
    - neighboring facets: f2503 f2621 f2620
- f2620
    - flags: bottom simplicial
    - normal:   -0.9694   0.1505  -0.1938
    - offset: -0.07091703
    - vertices: p279(v535) p642(v505) p501(v458)
    - neighboring facets: f2500 f2624 f2619
- f2621
    - flags: bottom simplicial
    - normal:   -0.4257  0.07405  -0.9018
    - offset: -0.1339708
    - vertices: p279(v535) p2560(v368) p253(v16)
    - neighboring facets: f1823 f2619 f2622
- f2622
    - flags: bottom simplicial
    - normal:   -0.5065    0.158  -0.8476
    - offset: -0.1320509
    - vertices: p279(v535) p183(v396) p2560(v368)
    - neighboring facets: f1954 f2621 f2623
- f2623
    - flags: bottom simplicial
    - normal:   -0.6105   0.2423   -0.754
    - offset: -0.1262408
    - vertices: p279(v535) p2023(v499) p183(v396)
    - neighboring facets: f2470 f2622 f2624
- f2624
    - flags: top simplicial
    - normal:   -0.8035   0.3008  -0.5137
    - offset:   -0.10569
    - vertices: p279(v535) p2023(v499) p501(v458)
    - neighboring facets: f2603 f2620 f2623
- f2625
    - flags: top simplicial
    - normal:   -0.9891  -0.1472 -0.003366
    - offset: -0.04858817
    - vertices: p3461(v536) p136(v506) p1806(v411)
    - neighboring facets: f2506 f2627 f2626
- f2626
    - flags: bottom simplicial
    - normal:   -0.9893  -0.1461 -0.00367
    - offset: -0.04862038
    - vertices: p3461(v536) p136(v506) p2690(v412)
    - neighboring facets: f2507 f2628 f2625
- f2627
    - flags: top simplicial
    - normal:   -0.9839  -0.1786 -0.0005538
    - offset: -0.04829473
    - vertices: p3461(v536) p1806(v411) p1144(v229)
    - neighboring facets: f2038 f2628 f2625
- f2628
    - flags: bottom simplicial
    - normal:   -0.9839  -0.1788 -0.0008208
    - offset: -0.04832438
    - vertices: p3461(v536) p2690(v412) p1144(v229)
    - neighboring facets: f2042 f2627 f2626
- f2629
    - flags: top simplicial
    - normal:   -0.9896  -0.1437 -0.004024
    - offset: -0.04865739
    - vertices: p833(v537) p3760(v465) p2690(v412)
    - neighboring facets: f2507 f2630 f2631
- f2630
    - flags: bottom simplicial
    - normal:   -0.9908  -0.1352 -0.009432
    - offset: -0.04928227
    - vertices: p833(v537) p3397(v507) p2690(v412)
    - neighboring facets: f2508 f2629 f2631
- f2631
    - flags: top simplicial
    - normal:   -0.9911  -0.1328 -0.006852
    - offset: -0.04898621
    - vertices: p833(v537) p3397(v507) p3760(v465)
    - neighboring facets: f2511 f2629 f2630
- f2632
    - flags: bottom simplicial
    - normal:    0.9306    0.366 -7.201e-05
    - offset: -0.04850044
    - vertices: p2524(v538) p974(v511) p3028(v240)
    - neighboring facets: f2524 f2635 f2656
- f2635
    - flags: top simplicial
    - normal:    0.9382   0.3461 0.0006201
    - offset: -0.04846732
    - vertices: p2524(v538) p1981(v343) p3028(v240)
    - neighboring facets: f2298 f2632 f2636
- f2636
    - flags: top simplicial
    - normal:    0.9383   0.3457 0.0004262
    - offset: -0.04847415
    - vertices: p2524(v538) p1352(v510) p1981(v343)
    - neighboring facets: f2522 f2635 f2658
- f2637
    - flags: top simplicial
    - normal:    0.9442   0.3292  -0.0045
    - offset: -0.04884393
    - vertices: p2029(v539) p974(v511) p3156(v90)
    - neighboring facets: f2527 f2639 f2638
- f2638
    - flags: bottom simplicial
    - normal:    0.9407   0.3394 -0.00092
    - offset: -0.04855225
    - vertices: p2029(v539) p974(v511) p2230(v469)
    - neighboring facets: f2655 f2640 f2637
- f2639
    - flags: bottom simplicial
    - normal:    0.9563   0.2923 -0.001746
    - offset: -0.04853484
    - vertices: p2029(v539) p1442(v418) p3156(v90)
    - neighboring facets: f2071 f2637 f2640
- f2640
    - flags: bottom simplicial
    - normal:    0.9521   0.3058 -0.0009937
    - offset: -0.04850835
    - vertices: p2029(v539) p2230(v469) p1442(v418)
    - neighboring facets: f2326 f2639 f2638
- f2641
    - flags: top simplicial
    - normal:    0.9959  0.09061 -0.002798
    - offset: -0.04856522
    - vertices: p2999(v540) p85(v514) p115(v474)
    - neighboring facets: f2537 f2642 f2643
- f2642
    - flags: top simplicial
    - normal:    0.9992  0.03893 -0.0006585
    - offset: -0.04848021
    - vertices: p2999(v540) p115(v474) p624(v47)
    - neighboring facets: f2347 f2645 f2641
- f2643
    - flags: bottom simplicial
    - normal:    0.9955  0.09453 -0.002432
    - offset: -0.04854747
    - vertices: p2999(v540) p85(v514) p2946(v426)
    - neighboring facets: f2536 f2644 f2641
- f2644
    - flags: bottom simplicial
    - normal:    0.9964  0.08504  0.00505
    - offset: -0.04828874
    - vertices: p2999(v540) p2946(v426) p929(v226)
    - neighboring facets: f2353 f2646 f2643
- f2645
    - flags: bottom simplicial
    - normal:     0.999  0.04346 0.008621
    - offset: -0.04815164
    - vertices: p2999(v540) p1481(v143) p624(v47)
    - neighboring facets: f720 f2642 f2646
- f2646
    - flags: bottom simplicial
    - normal:    0.9983  0.05714 0.009122
    - offset: -0.04814533
    - vertices: p2999(v540) p929(v226) p1481(v143)
    - neighboring facets: f1602 f2645 f2644
- f2647
    - flags: bottom simplicial
    - normal:   -0.1237   0.8164  -0.5641
    - offset: -0.1126264
    - vertices: p2352(v541) p2060(v482) p3254(v437)
    - neighboring facets: f2379 f2648 f2649
- f2648
    - flags: top simplicial
    - normal:   -0.1335   0.8113  -0.5692
    - offset: -0.1131374
    - vertices: p2352(v541) p1607(v516) p3254(v437)
    - neighboring facets: f2546 f2647 f2649
- f2649
    - flags: bottom simplicial
    - normal:   -0.1291   0.8189  -0.5592
    - offset: -0.1121358
    - vertices: p2352(v541) p1607(v516) p2060(v482)
    - neighboring facets: f2543 f2647 f2648
- f2650
    - flags: bottom simplicial
    - normal:    0.8861   0.4635 -0.001372
    - offset: -0.04851615
    - vertices: p1299(v542) p321(v523) p3777(v447)
    - neighboring facets: f2571 f2652 f2651
- f2651
    - flags: top simplicial
    - normal:    0.8861   0.4635 -0.001372
    - offset: -0.04851615
    - vertices: p1299(v542) p321(v523) p2092(v490)
    - neighboring facets: f2573 f2653 f2650
- f2652
    - flags: top simplicial
    - normal:    0.8861   0.4635 -0.001372
    - offset: -0.04851615
    - vertices: p1299(v542) p558(v527) p3777(v447)
    - neighboring facets: f2585 f2650 f2654
- f2653
    - flags: bottom simplicial
    - normal:    0.8861   0.4635 -0.001372
    - offset: -0.04851615
    - vertices: p1299(v542) p430(v526) p2092(v490)
    - neighboring facets: f2584 f2651 f2654
- f2654
    - flags: bottom simplicial
    - normal:    0.8861   0.4635 -0.001372
    - offset: -0.04851615
    - vertices: p1299(v542) p558(v527) p430(v526)
    - neighboring facets: f2587 f2653 f2652
- f2655
    - flags: top simplicial
    - normal:    0.9339   0.3575 -0.0001351
    - offset: -0.04850321
    - vertices: p511(v543) p974(v511) p2230(v469)
    - neighboring facets: f2638 f2657 f2656
- f2656
    - flags: top simplicial
    - normal:    0.9326   0.3608 -9.913e-05
    - offset: -0.04850162
    - vertices: p511(v543) p2524(v538) p974(v511)
    - neighboring facets: f2632 f2655 f2658
- f2657
    - flags: bottom simplicial
    - normal:     0.936   0.3521 5.456e-05
    - offset: -0.04849284
    - vertices: p511(v543) p1352(v510) p2230(v469)
    - neighboring facets: f2522 f2655 f2658
- f2658
    - flags: bottom simplicial
    - normal:     0.936   0.3521 5.468e-05
    - offset: -0.04849284
    - vertices: p511(v543) p2524(v538) p1352(v510)
    - neighboring facets: f2636 f2657 f2656
