3
4000 530 795
0.06647522747516632 -0.007840706035494804 -0.1853803694248199 
-0.02507407963275909 0.007312416099011898 -0.0952371284365654 
0.06699249148368835 0.01382126659154892 -0.1939200162887573 
0.02676140144467354 -0.01569988019764423 -0.1653028726577759 
0.03450029715895653 -0.0001993118785321712 -0.1523759365081787 
0.005392056424170732 0.02050010673701763 -0.203329473733902 
0.01069199107587337 0.02100011520087719 -0.195871040225029 
0.06634028255939484 0.01750251650810242 -0.2016940861940384 
-0.001483031664974988 0.01050011534243822 -0.1675339490175247 
0.02211092971265316 -0.01794537901878357 -2.256692166469065e-09 
-0.01353622786700726 -0.01569988019764423 -0.2077183127403259 
0.03782931715250015 0.006648028269410133 -0.153937041759491 
-0.007143343333154917 0.01752329990267754 -0.1791275441646576 
0.01264866348356009 0.0147301871329546 -0.2257016897201538 
0.0402185469865799 -0.02007326483726501 -0.2178901582956314 
-0.02774999476969242 -0.005228640045970678 -0.1858301758766174 
-0.0279451496899128 0.0013223837595433 -2.256692166469065e-09 
-0.02811451256275177 0.002353849820792675 -0.03583041951060295 
-0.005348154809325933 0.002495703287422657 -0.1562559008598328 
0.02334579825401306 -0.01667790859937668 -0.05667545646429062 
0.04131736606359482 -0.01739989407360554 -0.1714503765106201 
-0.02159221284091473 0.003265960142016411 -0.1714503169059753 
-0.001881358330138028 -0.01564622670412064 -2.256692166469065e-09 
-0.01404192298650742 -0.02149988897144794 -0.2035326361656189 
0.02321893721818924 0.01339846383780241 -0.09351998567581177 
0.05341818183660507 0.02050010673701763 -0.1880698055028915 
-0.00887100026011467 0.02867740765213966 -0.0252683162689209 
0.02665892243385315 -0.006187930703163147 -0.1143638789653778 
0.02655656635761261 -0.0214998871088028 -0.16322922706604 
0.009676083922386169 0.0192102063447237 -2.256692166469065e-09 
0.0003232696326449513 0.02050010673701763 -0.1621063947677612 
-0.01842654868960381 -0.02483013272285461 -0.0265083983540535 
0.02686995267868042 0.02050010487437248 -0.1761557459831238 
-0.01489235367625952 0.02786698937416077 -0.1556840389966965 
0.003001518314704299 -0.02072772942483425 -2.256692166469065e-09 
-0.0260636955499649 -0.007081434596329927 -0.06525398790836334 
0.06338987499475479 -0.02149988897144794 -0.2031654715538025 
-0.01550543680787086 0.02252494171261787 -0.09619644284248352 
0.02799604833126068 0.002702403347939253 -2.256692166469065e-09 
-0.005354827735573053 0.005600107368081808 -0.2368602603673935 
0.0003933573025278747 -0.02542286738753319 -0.1155496910214424 
-0.02139393985271454 -0.01569988019764423 -0.2175322473049164 
0.040363609790802 0.0103001119568944 -0.1616063714027405 
-0.01318261213600636 0.005600107368081808 -0.1647820174694061 
0.004756457637995481 -0.02149988897144794 -0.1700212061405182 
0.02510182932019234 -0.01820381917059422 -0.02504455298185349 
0.03604922443628311 0.02050010859966278 -0.2038715332746506 
-0.004532657098025084 -0.0239998884499073 -0.1947431862354279 
0.03156428411602974 -0.023999884724617 -0.1941203773021698 
0.02701877430081367 0.0007592864567413926 -0.04965153336524963 
-0.0117301344871521 0.02035060152411461 -0.2049999982118607 
-0.01845092140138149 -0.02034350857138634 -0.1045180931687355 
0.002039483515545726 0.01777470670640469 -0.2209336161613464 
0.01289911381900311 0.02632224373519421 -0.1994895040988922 
-0.01638532616198063 0.02050010859966278 -0.1765007674694061 
0.01603721454739571 -0.001207922119647264 -0.149946466088295 
-0.008946586400270462 -0.02149988897144794 -0.1722297668457031 
0.03649691492319107 -0.02399988658726215 -0.1968113780021667 
0.04412665963172913 -0.01694860309362411 -0.1522534489631653 
0.06695234030485153 -0.007006668951362371 -0.1947975605726242 
-0.008540553040802479 0.02942130528390408 -0.01314770895987749 
0.0279231034219265 0.002838460495695472 -0.0388195626437664 
0.02081476338207722 -0.01738291420042515 -0.2298645079135895 
-0.02853292971849442 -0.005762402433902025 -0.1657597869634628 
-0.01700652576982975 -0.02384600415825844 -0.05032765865325928 
0.02315227314829826 0.0162656158208847 -0.1701285839080811 
0.05023962631821632 -0.01569988206028938 -0.2157511711120605 
-0.02676191553473473 0.007440634537488222 -0.05261099338531494 
0.03120167553424835 -0.005345843732357025 -0.1305094659328461 
-0.005011086352169514 -0.02399988658726215 -0.1903343498706818 
-0.02546867169439793 -0.006164592690765858 -0.1782378554344177 
0.02865064144134521 -0.01139720343053341 -0.1247582957148552 
0.0226344671100378 0.01945606246590614 -0.0425039567053318 
-0.001539962133392692 0.01036697626113892 -0.1761136651039124 
0.01634781062602997 0.02050010673701763 -0.1543708294630051 
0.06485000252723694 -0.005566875915974379 -0.1907846927642822 
0.004061306826770306 -0.02649427950382233 -0.1336505115032196 
0.04657091572880745 0.01030011288821697 -0.1653832793235779 
0.03888756409287453 0.01076326612383127 -0.1772097945213318 
0.0639277771115303 0.003322085831314325 -0.2140685468912125 
0.01294853072613478 0.02050010673701763 -0.1778009533882141 
0.0493459440767765 0.006147106643766165 -0.1569725275039673 
0.01409666147083044 -0.02149988897144794 -0.1661835163831711 
0.02767267636954784 -0.007563577499240637 -0.1195258349180222 
0.02252441272139549 0.02081211470067501 -0.03184546157717705 
-0.02426674962043762 -0.02149988897144794 -0.1859866827726364 
0.009386728517711163 0.02638504467904568 -0.132135421037674 
0.02268973365426064 -0.01756716147065163 -0.05745041742920876 
0.0124184861779213 0.02448846586048603 -0.1101733297109604 
-0.02524415776133537 -0.002035434357821941 -0.09034097194671631 
-0.02388455718755722 -0.01343447342514992 -0.07918661832809448 
0.03979038074612617 -0.000887550413608551 -0.1547971069812775 
0.05436253920197487 -0.004161345306783915 -0.1628380864858627 
0.04150259494781494 -0.02149988897144794 -0.1602725833654404 
-0.02809116989374161 0.0003835768438875675 -0.2047411650419235 
0.01076928619295359 0.02050010859966278 -0.1732197850942612 
-0.0003961799084208906 -0.02208385057747364 -0.2200833857059479 
-0.02205311134457588 0.01645570062100887 -0.08775720000267029 
0.008175764232873917 0.0103001119568944 -0.1556882411241531 
-0.0009157606400549412 -0.02399988658726215 -0.1949549615383148 
-0.001030018320307136 -0.02142142504453659 -0.2200257182121277 
-0.02644643187522888 -0.01277999952435493 -0.1805168092250824 
-0.02577623166143894 -0.004346987698227167 -0.1359534710645676 
0.06271304190158844 0.02050010673701763 -0.2033252716064453 
0.02760196104645729 0.00659860810264945 -0.04191480576992035 
0.0217735543847084 -0.02186216413974762 -0.1415520459413528 
-0.0005189229268580675 -0.01056372560560703 -0.1536777019500732 
-0.01675063744187355 -0.01729725487530231 -0.1656419485807419 
0.04812149703502655 -0.01671850122511387 -0.1950221657752991 
0.04381578415632248 0.01050011534243822 -0.1673140078783035 
-0.006729569751769304 0.01546610612422228 -0.1768936812877655 
-0.01043965853750706 -0.02558993175625801 -2.256692166469065e-09 
0.02160880714654922 0.02050010673701763 -0.1781741380691528 
0.05220035091042519 -0.01569988019764423 -0.2193858772516251 
0.005943496711552143 -0.02317740209400654 -0.1503413617610931 
-0.008391548879444599 -0.02149988897144794 -0.1686175316572189 
0.02525375038385391 0.00102091848384589 -0.1034288257360458 
0.002852240111678839 -0.01739989407360554 -0.1626094430685043 
-0.007253490854054689 -0.02497585490345955 -0.09343494474887848 
0.04121215268969536 0.02050010673701763 -0.1992890238761902 
0.02479379810392857 -0.009503897279500961 -0.1023814678192139 
0.06475003063678741 -0.002334047108888626 -0.199979156255722 
0.06323032826185226 0.01015823241323233 -0.1755950748920441 
0.03964824974536896 0.02126062475144863 -0.1499643325805664 
0.01348929293453693 0.0103001119568944 -0.2360292375087738 
0.0271377619355917 0.01050011534243822 -0.1521147638559341 
-0.02626795321702957 -0.009729810059070587 -0.180177703499794 
0.02821327187120914 -0.00719828438013792 -0.03447804600000381 
0.05019881203770638 -0.01604119688272476 -0.1707853823900223 
0.0136223416775465 -0.02399988658726215 -0.2046943008899689 
0.03376976028084755 -0.02399988658726215 -0.2197145372629166 
-0.02721226029098034 0.0215001106262207 -0.1771196126937866 
0.0424090102314949 0.0103001119568944 -0.1721985638141632 
0.05163536593317986 -0.01400846987962723 -0.1598199903964996 
-0.02531583420932293 0.008611393161118031 -0.07619290053844452 
-0.01251583267003298 -0.01052873581647873 -0.1611902415752411 
-0.01628723368048668 0.02718503214418888 -0.003046372439712286 
-0.01587064564228058 0.02485210075974464 -0.1376135349273682 
0.0148113276809454 0.008013883605599403 -0.2458576112985611 
-0.003885856596753001 0.02581174485385418 -0.1228097975254059 
-0.02141092717647552 0.01050011441111565 -0.1769265979528427 
0.04322777315974236 -0.01739989407360554 -0.1620799899101257 
0.01250998582690954 -0.02219988778233528 -0.2259324640035629 
-0.01137872040271759 0.02710712887346745 -0.0391547754406929 
-0.00967312790453434 -0.02487810328602791 -0.1098685413599014 
0.01505045499652624 0.02648068405687809 -0.1342784911394119 
0.02628701739013195 0.01755530387163162 -0.01000326592475176 
-0.02917537093162537 0.0195367094129324 -0.1898010224103928 
0.005076152738183737 0.0103001119568944 -0.1629492044448853 
0.04606115072965622 -0.01483428571373224 -0.2374748736619949 
-0.02092107012867928 0.00652033369988203 -0.1704273223876953 
0.02550360560417175 0.0103001119568944 -0.1547506600618362 
-0.01398052833974361 0.0103001119568944 -0.1824733912944794 
-0.01963165588676929 -0.02337245084345341 -0.03254158794879913 
-0.006240232847630978 -0.02993532828986645 -0.001449230941943824 
0.03202705830335617 0.01728397980332375 -0.1689405888319016 
0.0374397449195385 0.01830011419951916 -0.2166528403759003 
0.007953583262860775 -0.01626824773848057 -0.225549504160881 
0.00872634444385767 0.02695643529295921 -0.1394224166870117 
-0.02873004041612148 -0.01124513708055019 -7.73721985751763e-05 
-0.001337505411356688 0.008966618217527866 -0.2394059002399445 
-0.01126950979232788 -0.02712381072342396 -0.03880893811583519 
-0.01312625966966152 0.01777192763984203 -0.2045594453811646 
0.03341864421963692 0.01830011419951916 -0.2179267257452011 
0.003155171172693372 0.02579786628484726 -0.1231552436947823 
0.0064817164093256 -0.02619053982198238 -0.06177155673503876 
-0.01134240627288818 -0.02425692975521088 -0.1000102683901787 
-0.02659305743873119 0.006800325587391853 -0.05594757571816444 
0.03483910858631134 0.01407540310174227 -0.1693418323993683 
-0.01673855260014534 -0.0257414560765028 -0.1462325155735016 
0.04252362251281738 -0.01569988019764423 -0.1572549790143967 
0.003629545914009213 -0.01312197279185057 -0.1522519886493683 
-0.005727974232286215 0.00705720204859972 -0.1563281714916229 
0.009739031083881855 -0.005820487625896931 -0.150605633854866 
-0.02380764670670033 0.01245629787445068 -0.1014923229813576 
0.03794197738170624 -0.01569988019764423 -0.2262322455644608 
0.05057620257139206 0.0103001119568944 -0.225191131234169 
0.02904819138348103 -0.01697620376944542 -0.131099745631218 
0.02304280735552311 -0.01409890875220299 -0.07798899710178375 
0.04967811331152916 0.01795285195112228 -0.1962016969919205 
-0.02551116049289703 0.01050011534243822 -0.1967610716819763 
-0.009677249938249588 0.01030011102557182 -0.2211192399263382 
-0.01701878197491169 -0.02472452819347382 -0.1651028692722321 
-0.01342457998543978 -0.01739989407360554 -0.1929769963026047 
0.04178184270858765 -0.02399988658726215 -0.190535694360733 
-0.02510742470622063 -0.0001831294503062963 -0.0968606173992157 
0.05855709686875343 0.01050011534243822 -0.1745323836803436 
-0.02688553370535374 -0.01731120049953461 -0.2005013972520828 
0.02392727322876453 0.01177700608968735 -0.09565103054046631 
-0.0244827214628458 0.004918202757835388 -0.1761099696159363 
0.06258276849985123 -0.01569988019764423 -0.1876551955938339 
-0.02054369263350964 0.003384180832654238 -0.1697947382926941 
0.01362168695777655 0.0105001162737608 -0.1645747125148773 
0.05126607045531273 0.01417763624340296 -0.1945660263299942 
0.004585806746035814 -0.02149988897144794 -0.1591153293848038 
0.0314173512160778 0.005830278154462576 -0.1515500843524933 
-0.002589543582871556 0.0105001162737608 -0.1566915512084961 
0.02249343693256378 0.02050010859966278 -0.20643350481987 
0.001676330924965441 0.02139315009117126 -0.09000000357627869 
0.05353076010942459 -0.002657752716913819 -0.1618655472993851 
0.05721653997898102 0.01030011102557182 -0.2216262519359589 
-0.01078684348613024 -0.01721713505685329 -0.231064185500145 
-0.01848459243774414 0.02492561936378479 -0.0246112234890461 
-0.0001609013415873051 -0.02549049817025661 -0.07505892217159271 
0.008247390389442444 -0.0279117226600647 -0.03591092303395271 
-0.01054596435278654 0.02601160109043121 -0.05535755306482315 
-0.02087794989347458 -0.01205103844404221 -0.2257727235555649 
-0.004451085813343525 0.01787447743117809 -2.256692166469065e-09 
0.02998677641153336 0.0081516457721591 -0.1274210512638092 
-0.02887289226055145 -0.006091459654271603 -0.02538771368563175 
0.05078950524330139 0.02050010859966278 -0.1886087507009506 
-0.01083612814545631 0.02050010859966278 -0.2035287916660309 
0.03039979189634323 -0.01742935739457607 -0.1343831270933151 
0.007311582565307617 -0.023999884724617 -0.1919483244419098 
0.04934318363666534 0.00591646833345294 -0.2330374419689178 
-0.02660694345831871 0.01516090892255306 -0.02730684727430344 
0.02604509145021439 -0.01739989407360554 -0.1620066910982132 
0.02079086005687714 0.01050011534243822 -0.1642863750457764 
-0.009342817589640617 0.01830011419951916 -0.1878964006900787 
0.0191132016479969 0.02050010673701763 -0.1740407198667526 
0.04507778584957123 0.004012945108115673 -0.1580343246459961 
0.006995209958404303 0.02232091501355171 -0.07042300701141357 
0.02933688089251518 -0.002247416414320469 -0.02024379186332226 
-0.009685404598712921 0.02553105726838112 -0.1226490065455437 
0.001387931872159243 0.01030011102557182 -0.2364495843648911 
0.003559671342372894 -0.02529546804726124 -0.1114116758108139 
-0.02604803442955017 -0.006518421228975058 -0.1795804649591446 
0.02039660699665546 -0.02399988658726215 -0.1912500560283661 
0.01963698863983154 0.0251347254961729 -0.0008714344003237784 
0.01599051244556904 -0.0246158093214035 -0.04725548252463341 
0.0302403885871172 -0.02149988897144794 -0.1586768478155136 
-0.02624999918043613 0.007757460232824087 -0.2079750597476959 
-0.02278819307684898 -0.01533924601972103 -0.08595841377973557 
0.006670767441391945 -0.01569988019764423 -0.2408465296030045 
0.05606489628553391 -0.01361279562115669 -0.1651071906089783 
0.0001086089760065079 0.0105001162737608 -0.08376704156398773 
-0.006283442489802837 -0.02520054578781128 -0.1097605004906654 
0.006618928164243698 0.02535746246576309 -0.1145074814558029 
-0.008006175979971886 -0.01569988019764423 -0.2121540755033493 
0.01569851860404015 -0.02399988658726215 -0.2104133069515228 
-0.02077251113951206 -0.01739989407360554 -0.1885091960430145 
-0.01449999865144491 0.01099423505365849 -0.2044115960597992 
-0.0193483978509903 0.008104277774691582 -0.2262295782566071 
-0.02697296440601349 0.0007616110378876328 -0.1501903533935547 
-0.008302900940179825 0.006756939459592104 -0.2362238764762878 
0.009409060701727867 -0.009338567964732647 -0.1507928520441055 
0.05169966444373131 -0.01569988019764423 -0.2210727781057358 
0.006804464384913445 0.02157002687454224 -0.1499398946762085 
0.0661168098449707 0.001797934528440237 -0.1834737062454224 
0.0196717381477356 0.01255681365728378 -0.1695978343486786 
0.003019228111952543 -0.02659194357693195 -0.0564386323094368 
-0.02933567389845848 -0.00666541513055563 -0.1758285760879517 
0.02621465176343918 0.001641470822505653 -0.1106674075126648 
0.02648577094078064 0.01583498902618885 -0.123339369893074 
0.04722931608557701 -0.01569988019764423 -0.2323319762945175 
-0.014341676607728 0.003883379977196455 -0.1627540588378906 
-0.01264114864170551 0.0103001119568944 -0.168864369392395 
0.03036949038505554 0.01050011534243822 -0.1663108468055725 
0.04743242263793945 0.005797788500785828 -0.1612959951162338 
-0.01833637244999409 -0.02094243280589581 -2.256692166469065e-09 
0.009657327085733414 0.02050010673701763 -0.2031416445970535 
0.02380133047699928 -0.01153446733951569 -2.256692166469065e-09 
-0.01041752845048904 -0.01739989407360554 -0.1764552146196365 
-0.02804768458008766 0.0062825046479702 -0.03595197200775146 
0.05803962051868439 -0.0100429579615593 -0.1705420315265656 
0.007128268014639616 -0.02514971606433392 -0.1071002930402756 
0.00784344132989645 -0.008218844421207905 -0.1510282158851624 
-0.004799108952283859 -0.02707978151738644 -0.1410633772611618 
0.02930528298020363 0.006898431573063135 -0.01933730579912663 
0.0287600439041853 0.01070119999349117 -0.1244937404990196 
-0.00144566036760807 0.02677565813064575 -0.05318520218133926 
0.01370668224990368 -0.02504551969468594 -0.05544766038656235 
-0.02881575003266335 0.001661771326325834 -0.02685168012976646 
0.05993267893791199 0.01017805747687817 -0.2186292111873627 
-0.01286845561116934 -0.003879867261275649 -0.1613643169403076 
0.02259826846420765 -0.01593202911317348 -0.2272006571292877 
0.03585352748632431 -0.007063643541187048 -0.1529431492090225 
0.02566139213740826 -0.008524859324097633 -0.06462739408016205 
-0.0250365138053894 -0.000283398199826479 -0.1002417504787445 
-0.02857725322246552 0.005552901420742273 -0.1663026958703995 
0.0248058196157217 -0.01609695702791214 -0.04443476721644402 
-0.02577934972941875 -0.01222861371934414 -0.1408420205116272 
0.04962500929832458 -0.003904628101736307 -0.1572988033294678 
-0.01130294799804688 0.01811803132295609 -0.1909081190824509 
0.05715527012944221 -0.01778194308280945 -0.2048820555210114 
0.04777930304408073 -0.01739989407360554 -0.226413682103157 
-0.02657740376889706 -0.009455304592847824 -0.05198479443788528 
-0.02483707666397095 0.01015128660947084 -0.08456277847290039 
0.04850134998559952 0.005485520698130131 -0.235753983259201 
0.01909877732396126 0.01050011534243822 -0.160812109708786 
0.01101372204720974 -0.01569988019764423 -0.230553150177002 
-0.01065106689929962 0.02484327182173729 -0.1154203712940216 
0.06695891916751862 0.001078645931556821 -0.1966557800769806 
0.001943437848240137 -0.002394343260675669 -0.1526027470827103 
0.05730215087532997 0.0103001119568944 -0.2168591320514679 
0.003015760332345963 -0.02533658966422081 -0.0781848356127739 
0.005107608158141375 0.02050010673701763 -0.1928105056285858 
0.01513956114649773 -0.02399988658726215 -0.2237744033336639 
-0.02769857458770275 0.008068086579442024 -0.03910668939352036 
0.03190894424915314 0.01030011288821697 -0.1618044972419739 
-0.008715269155800343 0.01609496586024761 -2.256692166469065e-09 
-0.02774998918175697 0.0007098084315657616 -0.191581055521965 
5.3375493735075e-05 0.02050010859966278 -0.2017485946416855 
0.06405051052570343 -0.01187381986528635 -0.1776487231254578 
0.007319178432226181 0.02934160828590393 -0.01703924313187599 
0.05394775420427322 -0.01700697839260101 -0.1951421946287155 
0.02809172682464123 0.01307904440909624 -0.01841316744685173 
-0.017531868070364 -0.02235648408532143 -0.06525160372257233 
-0.02959221974015236 -0.004064461216330528 -0.1814265698194504 
-0.02026131749153137 0.01733197458088398 -0.2049999833106995 
-0.009123379364609718 -0.01739989407360554 -0.1770652085542679 
0.01527356915175915 0.02100011520087719 -0.2055654376745224 
0.02438920736312866 0.02679001167416573 -0.1975865215063095 
-0.003101777518168092 0.01830011419951916 -0.2094178795814514 
-0.0266367644071579 0.008877411484718323 -0.05133964121341705 
0.005395832471549511 0.01373099349439144 -0.07005830109119415 
0.002990600652992725 0.02884514071047306 -0.02665777690708637 
-0.02785000018775463 -0.008246148005127907 -0.194527730345726 
0.03232627362012863 -0.003436821280047297 -0.01219511218369007 
0.02854032255709171 -0.01245053112506866 -0.1250093728303909 
0.05694170668721199 0.01030011102557182 -0.1775366812944412 
0.02629640698432922 -0.007222763262689114 -0.1503807753324509 
0.007885743863880634 -0.01981911435723305 -0.1706080436706543 
-0.004402797669172287 0.01342453435063362 -0.2157023996114731 
-0.003625276265665889 -0.008948756381869316 -0.155102014541626 
0.04015574231743813 0.00771594000980258 -0.1458840519189835 
0.02407492697238922 -0.01143139041960239 -0.07834091782569885 
-0.02991354838013649 -0.01634495332837105 -0.197005957365036 
0.05726595595479012 0.01050011534243822 -0.1816553175449371 
0.04664276540279388 -0.0224993359297514 -0.2005710303783417 
0.01284130662679672 -0.01569988019764423 -0.1539297997951508 
0.04831229150295258 -0.01569988019764423 -0.1812443882226944 
-0.02524061687290668 0.009080142714083195 -0.1275519281625748 
0.01345837675035 -0.02336722612380981 -0.08611064404249191 
0.01980523765087128 -0.0227670706808567 -0.1225233972072601 
0.06624560058116913 0.003661663271486759 -0.1841565072536469 
0.03738800063729286 0.01830011419951916 -0.2106148153543472 
0.05289319157600403 0.01050011534243822 -0.200784757733345 
-0.02775000035762787 -0.01455787755548954 -0.1899890601634979 
0.01579892262816429 0.01479644887149334 -0.1651770323514938 
0.04733534529805183 -0.004128302447497845 -0.1594399362802505 
0.003597233444452286 0.02645022049546242 -0.1330375671386719 
0.0005297164898365736 -0.0239998884499073 -0.2040318101644516 
-0.008724763989448547 0.0103001119568944 -0.1770638525485992 
-0.00823211669921875 0.02050010487437248 -0.2016685307025909 
0.02741554379463196 -0.006379269529134035 -0.1183688044548035 
-0.01037942804396152 0.01210802607238293 -0.1999055743217468 
-0.002962007187306881 0.0267549529671669 -0.1543003022670746 
-0.002997374162077904 -0.01569988019764423 -0.2362183034420013 
0.001441853702999651 0.01050011441111565 -0.08278286457061768 
-0.004901798442006111 -0.01569988019764423 -0.234296903014183 
0.003357597626745701 0.01819575764238834 -0.22081558406353 
0.02125974372029305 -0.01713504642248154 -0.09746620059013367 
-0.0008758993353694677 0.02050010673701763 -0.1745853871107101 
0.02438822202384472 0.02338641695678234 -0.1975828409194946 
-0.02094941399991512 0.02050010673701763 -0.2023085504770279 
0.02644438296556473 0.02100011520087719 -0.1959662139415741 
0.01059722155332565 0.02610661648213863 -0.05496382340788841 
0.05474706366658211 0.006132296752184629 -0.1707199215888977 
0.05932410061359406 0.0103001119568944 -0.1891834884881973 
-0.02467390894889832 -0.002439015544950962 -0.2194456607103348 
0.0159663800150156 0.02050010673701763 -0.1768531054258347 
0.0487886518239975 -0.01569988019764423 -0.1866506487131119 
0.01844289898872375 0.02050010673701763 -0.1787462830543518 
0.06435561180114746 -0.01598899811506271 -0.1949024349451065 
-0.02953500114381313 0.003512226277962327 -0.01498574670404196 
-0.0167070534080267 0.02612956240773201 -0.02238667383790016 
0.01530849188566208 0.02651180513203144 -0.1446185410022736 
-0.02957931533455849 0.008844327181577682 -0.1815236210823059 
-0.02197031304240227 0.0103001119568944 -0.1800748109817505 
0.06168295443058014 -0.01387104205787182 -0.1763787418603897 
0.04482702910900116 -0.02399988658726215 -0.1978843212127686 
-0.02483914606273174 0.02041491121053696 -0.1555362790822983 
0.02103629149496555 -0.02149989083409309 -0.1432604789733887 
0.04749691113829613 0.01088107842952013 -0.1978651285171509 
0.02498223632574081 -0.004856224171817303 -0.150097519159317 
0.06330414116382599 -0.01722584664821625 -0.1805013716220856 
-0.02072134241461754 0.003974265418946743 -0.1700616776943207 
0.02907746657729149 -0.005002887919545174 -0.02403585985302925 
0.001156817539595068 -0.01670902967453003 -0.2218109518289566 
0.008898701518774033 0.02569130435585976 -0.06599724292755127 
-0.0299999974668026 -0.01113403961062431 -0.1978175193071365 
0.02020450495183468 -0.01836885698139668 -0.0839667022228241 
-0.008472062647342682 0.00276965880766511 -0.1583048105239868 
-0.02575485780835152 0.01406152360141277 -0.04371248558163643 
-0.001353379455395043 0.01203431934118271 -0.2191039770841599 
0.04756806045770645 0.007458765059709549 -0.1548937559127808 
-0.01526379771530628 -0.01739989407360554 -0.1878232955932617 
0.02137841656804085 0.02050010673701763 -0.1874801069498062 
0.06475001573562622 0.006711416877806187 -0.1863720864057541 
0.02747722715139389 0.0160834789276123 -0.1263669282197952 
0.02185530588030815 -0.0227142721414566 -0.127021461725235 
-0.02183362655341625 -0.01793049648404121 -0.0684988871216774 
0.01650089398026466 -0.0240604430437088 -0.05001964792609215 
0.04413934051990509 0.01122340746223927 -0.1847350895404816 
0.01887476071715355 0.01748679578304291 -2.256692166469065e-09 
0.02972023747861385 -0.02149988897144794 -0.1574711054563522 
0.01893082447350025 -0.02149988897144794 -0.1549561619758606 
0.01124530099332333 -0.0249068345874548 -0.1119422614574432 
0.02419082075357437 0.02659920044243336 -0.199153870344162 
0.004985915962606668 0.02050010487437248 -0.198879599571228 
-0.02916633524000645 0.008420072495937347 -0.0166577473282814 
0.0170196145772934 0.01830011419951916 -0.2121503055095673 
-0.010931596159935 -0.01918058842420578 -0.1965028196573257 
0.005383172072470188 -0.01256681513041258 -0.1515929698944092 
-0.0276035238057375 0.009029025211930275 -0.1848327070474625 
0.004762579686939716 0.0008861801470629871 -0.005635984241962433 
-0.01750467158854008 0.02216600626707077 -0.1222980991005898 
0.04216073453426361 0.005600107368081808 -0.237589493393898 
0.0004048971750307828 -0.01462936773896217 -2.25669238851367e-09 
0.0001830069668358192 -0.001347263809293509 -0.009999992325901985 
-0.02800422720611095 0.0211191363632679 -0.1802721470594406 
0.02801009453833103 -0.003519182093441486 -0.03757316991686821 
0.01312839705497026 -0.01569988019764423 -0.1532941311597824 
-0.002980012679472566 -0.01900521665811539 -0.1778405904769897 
-0.01754293218255043 0.00817854143679142 -0.2285518050193787 
0.03289226442575455 -0.02149989083409309 -0.1448041051626205 
0.01634260080754757 0.02050010673701763 -0.165489137172699 
-0.01449861098080873 -0.02475623041391373 -0.05537052825093269 
-0.01685295812785625 -0.01569988019764423 -0.2110952585935593 
0.007297942414879799 0.01396389305591583 -0.1670277416706085 
0.06100572645664215 0.02050010859966278 -0.1841571033000946 
-0.02895385399460793 -0.0145232267677784 -0.1722943782806396 
-0.02418406866490841 -0.01739989407360554 -0.1789599359035492 
0.04427467286586761 -0.01569988019764423 -0.2138195037841797 
0.02667839266359806 -0.008344476111233234 -0.05166352540254593 
0.04321299120783806 -0.004697128664702177 -0.2392638921737671 
0.001761147170327604 -0.02357165329158306 -2.256692166469065e-09 
0.04375304654240608 0.02050010673701763 -0.1716988980770111 
-0.009830006398260593 0.02050010859966278 -0.1631427705287933 
0.02538792416453362 -0.007519913371652365 -0.1501621901988983 
0.03300997614860535 0.01385455019772053 -0.1362118124961853 
-0.01449999958276749 0.01116107031702995 -0.2027788907289505 
0.02018220722675323 0.02189061976969242 -0.04463814571499825 
0.06485000252723694 -0.01196865551173687 -0.1953756064176559 
-0.01189593598246574 -0.02513609081506729 -0.1249274015426636 
-0.02118811011314392 -0.01922628097236156 -0.1287150830030441 
-0.00245967204682529 0.0122656999155879 -0.177993431687355 
0.01467534713447094 0.01830011419951916 -0.2234638035297394 
0.01380384527146816 -0.0241122879087925 -0.06815031170845032 
-0.009333091787993908 0.01030011102557182 -0.1753546297550201 
0.02514677122235298 -0.01866549998521805 -0.1244269162416458 
0.02624202892184258 -0.0198877714574337 -0.1693249940872192 
0.004195346496999264 0.02735165879130363 -0.04531744867563248 
0.04738033562898636 -0.02219988778233528 -0.1972376704216003 
-0.003071119543164968 -0.02669999375939369 -0.05436759814620018 
0.03981268778443336 0.02050010673701763 -0.1897760480642319 
0.03943980112671852 0.01230759546160698 -0.17795430123806 
0.05422740429639816 -0.0001444369554519653 -0.2301712930202484 
0.02524608001112938 0.003543694736436009 -0.07324999570846558 
-0.02206974849104881 0.02128246612846851 -0.03140856325626373 
0.02185199782252312 0.02387065067887306 -0.130681961774826 
0.0009775534272193909 -0.01569988019764423 -0.2313662767410278 
-0.006979157216846943 -0.02793124131858349 -0.03768861293792725 
-0.01486154366284609 0.0103001119568944 -0.1760853826999664 
0.06056509912014008 0.007948334328830242 -0.1744998395442963 
0.06335248053073883 0.02050010673701763 -0.1907260119915009 
0.01841204054653645 0.02551615051925182 -0.01659506745636463 
0.01205458957701921 -0.02399988658726215 -0.2119015008211136 
0.006355428602546453 0.0103001119568944 -0.1601110845804214 
-0.02497983351349831 0.006866252515465021 -0.1000490859150887 
0.03757642582058907 -0.006259925663471222 -0.1423322707414627 
0.003858616109937429 -0.01569988206028938 -0.2310272008180618 
0.04689795523881912 -0.010914271697402 -0.2368035316467285 
-0.02591421827673912 0.0003332045744173229 -0.1382613033056259 
-0.02263767085969448 -0.0202442891895771 -0.03493082523345947 
0.05382107943296432 0.005600107833743095 -0.2270241379737854 
-0.02942139655351639 -0.01347253192216158 -0.1776990443468094 
-0.003607329446822405 -0.02594016306102276 -0.06715082377195358 
0.001142836059443653 -0.02782821282744408 -2.256692166469065e-09 
0.03618096187710762 0.01619039662182331 -0.2232072055339813 
0.02485020831227303 -0.01746062561869621 -0.03367315977811813 
-0.009291160851716995 -0.02596249431371689 -0.1290072500705719 
0.02632126212120056 0.005452712066471577 -0.05879762396216393 
0.01631070114672184 0.01830011419951916 -0.2184698134660721 
-0.02062269672751427 0.01839004084467888 -0.09340160340070724 
-0.001703803543932736 -0.004957715049386024 -0.1542165279388428 
0.03192535042762756 -0.0006285329582169652 -2.256692166469065e-09 
0.01089128851890564 0.0103001119568944 -0.2409747391939163 
0.04268313199281693 -0.02140851691365242 -0.1799462139606476 
-0.001502422732301056 0.02627452835440636 -0.06094494462013245 
0.01284316089004278 -0.02399988658726215 -0.2193892896175385 
0.02265608310699463 -0.01569988019764423 -0.2451403588056564 
0.04176650941371918 0.0105001162737608 -0.163919597864151 
-0.02529942616820335 -0.008316468447446823 -0.1288627088069916 
0.04458297789096832 0.01821554452180862 -0.1825861036777496 
0.06460157036781311 -0.0008190539665520191 -0.2113797068595886 
0.01966823264956474 -0.02399988658726215 -0.1919244229793549 
0.03017092309892178 -0.01569988019764423 -0.2290862798690796 
-0.002728118794038892 0.0103001119568944 -0.2234210819005966 
0.009999999776482582 0.02081526629626751 -0.07982836663722992 
-0.02814063057303429 -0.009749436751008034 -0.02997412532567978 
0.01515999343246222 -0.02272229269146919 -0.1015703454613686 
-0.02956639602780342 0.004240376874804497 -0.01428270060569048 
-0.005146969575434923 -0.02974054962396622 -0.009692272171378136 
0.01971601508557796 -0.0239998884499073 -0.2205856442451477 
-0.02274366840720177 0.01910775527358055 -0.04524372518062592 
0.008545995689928532 0.01393795572221279 -0.07149431109428406 
0.0422382690012455 -0.006313267629593611 -0.1559464782476425 
-0.02633848786354065 0.02142500504851341 -0.1672183871269226 
-0.005735252983868122 0.0103001119568944 -0.159279927611351 
-0.0238584540784359 0.01774222031235695 -0.1411106884479523 
-0.02130403183400631 -0.01845676079392433 -0.1229961887001991 
0.01903462782502174 -0.02399988658726215 -0.217158317565918 
0.04887747019529343 0.0103001119568944 -0.1659892797470093 
-0.000122509547509253 -0.01569988019764423 -0.1679803431034088 
0.01597101986408234 -0.02653041295707226 -0.1442203223705292 
0.005222080741077662 -0.02995621785521507 -0.001751253264956176 
0.03707272931933403 -0.01569988019764423 -0.1636871695518494 
-0.02531205676496029 -0.008290816098451614 -0.07747796177864075 
0.01908423565328121 0.0243899691849947 -0.1921565532684326 
0.03359852358698845 -0.02299988456070423 -0.2223061174154282 
0.03646842017769814 -0.01569988019764423 -0.2272366583347321 
0.01997756585478783 0.01233836822211742 -2.256692166469065e-09 
-0.02053951472043991 0.0233529731631279 -0.02445906773209572 
-0.003396729938685894 -0.02528627961874008 -0.1117981448769569 
0.02668161876499653 -0.0214998871088028 -0.1531805694103241 
0.02586819045245647 0.01830011419951916 -0.2274271249771118 
-0.02364598028361797 -0.01569988019764423 -0.1941236704587936 
0.002039825543761253 0.01664076559245586 -0.1742327958345413 
0.01546865329146385 0.02233606204390526 -0.09465945512056351 
0.0481092594563961 0.001307248370721936 -0.1555265486240387 
0.004188122693449259 0.02966690436005592 -0.01252417732030153 
-0.009106460027396679 0.02792331948876381 -0.1497074514627457 
0.0132557163015008 0.02050010859966278 -0.179677426815033 
0.06485000252723694 -0.01313638873398304 -0.1994819790124893 
0.05557258054614067 -0.0007158280350267887 -0.1643417924642563 
0.0007156439241953194 -0.01344302296638489 -0.2427776753902435 
0.06485000252723694 0.007860280573368073 -0.1952881067991257 
0.003480361308902502 0.01311328634619713 -0.2226421535015106 
0.06637035310268402 -0.01735685206949711 -0.1863877773284912 
0.001199327176436782 0.02050010673701763 -0.1787576079368591 
0.01075120829045773 0.02050010673701763 -0.1731374561786652 
0.01559495367109776 -0.0274452343583107 -0.00909945834428072 
-0.02392385713756084 -0.01580801978707314 -0.2014378160238266 
-0.0262450035661459 -0.001261555356904864 -0.06362603604793549 
4.621806147042662e-05 -0.02399988658726215 -0.217739149928093 
0.02933342754840851 0.001947506796568632 -0.02030257694423199 
0.04713878780603409 0.01559040136635303 -0.1936429888010025 
0.02272945828735828 -0.02399988658726215 -0.2109289169311523 
0.0005911005428060889 0.02607869915664196 -0.06397727131843567 
0.02569999545812607 -0.005463137291371822 -0.06657768040895462 
0.05485332384705544 0.005600106902420521 -0.2260212153196335 
-0.01492276508361101 0.005800110753625631 -0.165870189666748 
0.03082358464598656 -0.01836941577494144 -0.1361091285943985 
0.02078228630125523 -0.01916885375976562 -0.1084747761487961 
0.003265281673520803 -0.01569988019764423 -0.1710742563009262 
-0.01911181397736073 -0.0214998871088028 -0.1866406053304672 
0.02490573190152645 -0.0007717524422332644 -0.07935300469398499 
0.05376031622290611 -0.01569988019764423 -0.1742955893278122 
0.03173783421516418 -0.00950904842466116 -0.2443064153194427 
-0.005022911820560694 0.02572057023644447 -0.1211741119623184 
0.01651391386985779 -0.02218569815158844 -0.1052611917257309 
0.003734525525942445 -0.02373516745865345 -2.256692166469065e-09 
0.01786016672849655 -0.007388520520180464 -0.1497686952352524 
0.0261160172522068 0.01439123693853617 -0.1195428445935249 
-0.02590792253613472 -0.003314494621008635 -0.2165158540010452 
0.01281742751598358 0.02379840984940529 -0.1010843515396118 
0.0418262742459774 -0.01201348938047886 -0.1557122319936752 
0.003048972459509969 0.02500927820801735 -0.09311746805906296 
0.03720847889780998 -0.01023429539054632 -0.2424473464488983 
0.04564771056175232 -0.006765768863260746 -0.1526698619127274 
-0.02301731146872044 -0.01689406111836433 -0.0636097639799118 
0.0547693744301796 -0.00592281948775053 -0.1662047207355499 
0.008988067507743835 0.0103001119568944 -0.2292963266372681 
0.02509837411344051 0.008649522438645363 -0.07215481996536255 
-0.01317337714135647 -0.02495961263775826 -0.1285247653722763 
0.03594982624053955 -0.0117888730019331 -0.2429316639900208 
0.04323813691735268 0.01050011534243822 -0.1611822992563248 
-0.01776640862226486 -0.02630242705345154 -0.007684763055294752 
0.01572632975876331 0.01035261619836092 -0.2263382524251938 
-0.02523417584598064 -0.01210792269557714 -0.06322578340768814 
-0.0268138013780117 0.01360735204070807 -0.03217555955052376 
0.06407225131988525 -0.02149988897144794 -0.1930781602859497 
-0.01913414523005486 0.0208213534206152 -0.06865678727626801 
-0.001005244324915111 -0.02399988658726215 -0.2110830992460251 
0.06691943854093552 -0.01379341725260019 -0.1951680332422256 
0.01270933263003826 -0.003841926576569676 -0.1500038802623749 
0.01881624385714531 0.02123235911130905 -0.06383438408374786 
0.006947613786906004 0.01821514219045639 -0.2229746133089066 
0.03324589133262634 -0.02399988658726215 -0.1861719191074371 
-0.005504172760993242 -0.01836881972849369 -0.2150461673736572 
0.01940670236945152 0.01961842738091946 -0.100728265941143 
-0.009594082832336426 -0.02499273419380188 -0.0776689276099205 
0.06355823576450348 -0.01686785742640495 -0.1807795763015747 
0.02456626668572426 0.005453670397400856 -0.1504055559635162 
-0.02044603414833546 -0.01049078814685345 -0.2264336347579956 
0.004561044741421938 0.0103001119568944 -0.2311783730983734 
-0.006570124998688698 -0.0277935191988945 -0.03947390988469124 
0.00382610596716404 -0.02528729662299156 -0.1111462563276291 
0.06692968308925629 0.01068840548396111 -0.1883949041366577 
0.003290793392807245 -0.0252702459692955 -0.1105923280119896 
0.01881258003413677 -0.005251326598227024 -0.1497582644224167 
-0.02548897266387939 0.003375515574589372 -0.07804217934608459 
-0.02958803623914719 0.005707931704819202 -0.1813352108001709 
0.05332601070404053 -0.01569988019764423 -0.2100284993648529 
-0.005270873196423054 -0.02299988269805908 -0.18193519115448 
0.02557272464036942 -0.01890626549720764 -0.005158953834325075 
0.0008896865765564144 0.004849736113101244 -0.153077095746994 
0.005646371282637119 0.01758350804448128 -2.256692166469065e-09 
0.02418451011180878 -0.01782917231321335 -0.1196993142366409 
-0.02828112617135048 0.005716175306588411 -0.162856712937355 
-0.01953604258596897 0.0103001119568944 -0.1793425381183624 
-0.02172241732478142 -0.02254015207290649 -2.256692166469065e-09 
-0.009932475164532661 -0.02151309512555599 -0.2053458243608475 
0.02342494204640388 0.02606802433729172 -0.1947288066148758 
-0.01798887923359871 -0.01739989407360554 -0.1846201568841934 
-0.005536924581974745 -0.01569988206028938 -0.1676001101732254 
-0.02849573642015457 -0.0138918561860919 -0.1666475832462311 
0.01425839494913816 0.01830011233687401 -0.2187830209732056 
-0.02746560797095299 0.005302757024765015 -0.1550505757331848 
-0.0135375615209341 -0.02347836643457413 -0.1005349382758141 
0.03239230811595917 -0.005957548506557941 -0.1518202722072601 
0.05545417219400406 0.02050010673701763 -0.2042816430330276 
0.03503896668553352 0.003605522215366364 -0.0001054079548339359 
0.04792658612132072 0.0103001119568944 -0.2222205102443695 
0.03201362118124962 0.0103001119568944 -0.2384551167488098 
-0.01174530573189259 0.0103001119568944 -0.1870065033435822 
0.05461713671684265 0.01050011534243822 -0.1965594589710236 
0.05895167589187622 -0.003987707663327456 -0.1687620431184769 
0.0349428579211235 0.006381089799106121 -0.2413180619478226 
0.02792925201356411 -0.01447049994021654 -0.007148617878556252 
0.02349289134144783 0.01404267456382513 -0.104002371430397 
-0.007135449908673763 0.01881039701402187 -0.08950315415859222 
-0.02730657160282135 -0.02149988897144794 -0.1925005614757538 
0.02540436014533043 -0.01076134480535984 -0.06277413666248322 
-0.02248167619109154 -0.02171268686652184 -0.02203090861439705 
0.05678333714604378 -0.02149988897144794 -0.176394447684288 
-0.01788175478577614 -0.01739989407360554 -0.1934061646461487 
0.05091675743460655 0.004447037819772959 -0.2335184514522552 
-0.01553280092775822 -0.02253434620797634 -0.09538089483976364 
-0.02503672614693642 -0.01569988019764423 -0.1810396313667297 
-0.01867667958140373 0.01351244002580643 -0.2049999833106995 
-0.002030989388003945 0.02878977730870247 -0.02754926681518555 
-0.0236897561699152 -0.01933522894978523 -0.2049999982118607 
0.05929467082023621 0.02050010673701763 -0.1938763707876205 
0.01858991198241711 -0.02149988897144794 -0.1440670043230057 
0.02271350845694542 0.01796025782823563 -0.1140778511762619 
-0.008777073584496975 -0.01569988019764423 -0.213640496134758 
0.02154862135648727 0.02183575369417667 -0.03328338637948036 
0.02338848076760769 0.02540764957666397 -0.2013076692819595 
-0.02511530183255672 0.005041930358856916 -0.1209046840667725 
-0.01155633572489023 0.02865042351186275 -0.01620733737945557 
0.02044481784105301 0.02339637652039528 -0.02614538744091988 
0.05764871090650558 0.00560039933770895 -0.1728447824716568 
0.01479774806648493 0.0103001119568944 -0.1637178957462311 
0.02201294526457787 0.0268236268311739 -0.1998177021741867 
0.009102451615035534 -0.02454930916428566 -0.08884061872959137 
0.03560078144073486 0.02050010487437248 -0.1621921956539154 
-0.01773533225059509 -0.02370648086071014 -0.045616514980793 
0.02476177178323269 0.01350199151784182 -0.110409677028656 
-0.0258781760931015 0.002896377816796303 -0.07038511335849762 
-0.001704760128632188 0.0283077247440815 -2.256692166469065e-09 
-0.0277499333024025 0.00825979933142662 -0.2016700357198715 
0.06485000252723694 -0.01228661648929119 -0.1909991949796677 
0.01758045703172684 -0.01739989407360554 -0.1542181968688965 
0.01183228567242622 0.0249009020626545 -0.06717992573976517 
-0.006572969723492861 -0.02565641701221466 -0.1210417747497559 
-0.006155361887067556 0.0168939046561718 -0.0898117870092392 
0.04693804308772087 0.01476313732564449 -0.1546215415000916 
0.03655519336462021 0.02050010673701763 -0.2010709345340729 
0.05209381878376007 0.01030011288821697 -0.2153392285108566 
0.05297796428203583 -0.01303822454065084 -0.2315565347671509 
0.03472722321748734 0.008545056916773319 -0.1376762986183167 
0.04786699265241623 0.01586206071078777 -0.1834379285573959 
0.001873829052783549 0.0181018952280283 -0.2202580571174622 
0.02559014037251472 -0.01569988019764423 -0.1656816899776459 
0.04393211379647255 -0.02399988658726215 -0.18888159096241 
-0.02561535127460957 0.01578099839389324 -0.03699145093560219 
0.02238114550709724 0.002187479520216584 -0.1501155495643616 
0.002973276423290372 0.02770128473639488 -0.0410563237965107 
-0.02604995667934418 0.008534743450582027 -0.1870928108692169 
-0.003670893143862486 0.01030011102557182 -0.2242193818092346 
0.004940648563206196 0.0103001119568944 -0.2324548363685608 
-0.01645391434431076 0.008647977374494076 -2.256692166469065e-09 
0.0234057642519474 -0.01250050216913223 -0.08927009999752045 
0.0086479801684618 -0.025371003895998 -0.1150827407836914 
0.02238080836832523 -0.02151574566960335 -0.02685587480664253 
0.001912275329232216 -0.001635707216337323 -0.1527576744556427 
0.0188885685056448 -0.02046772092580795 -0.07085561752319336 
0.01506891846656799 0.02150010876357555 -0.1493797898292542 
0.02709265053272247 -0.007631323765963316 -0.04787490144371986 
-0.0278792567551136 -0.002459727693349123 -0.03885498270392418 
0.03746559470891953 0.01465707179158926 -0.2231508046388626 
-0.01721400953829288 0.02755926549434662 -0.1625674068927765 
0.009646386839449406 0.008419080637395382 -2.256692166469065e-09 
-0.02978578582406044 -0.005244634114205837 -0.008434117771685123 
0.04834097996354103 -0.01739989407360554 -0.1983194649219513 
0.01620914041996002 -0.02680421248078346 -0.1375837475061417 
0.01457040105015039 0.01899091340601444 -2.256692166469065e-09 
-0.00719410739839077 -0.02548925019800663 -0.1568792015314102 
0.03910008072853088 -0.01719266548752785 -0.1544636189937592 
0.009219237603247166 0.01050011534243822 -0.0760214701294899 
-0.004317224025726318 -0.02399988658726215 -0.1972207725048065 
0.01222393475472927 -0.01569988019764423 -0.2376295775175095 
-0.01971859484910965 -0.01739989407360554 -0.1884972155094147 
0.0247148685157299 0.02012259885668755 -0.1264806091785431 
-0.0118920411914587 0.02555037289857864 -0.1302302032709122 
-0.009623989462852478 0.0103001119568944 -0.166786253452301 
0.01702077314257622 -0.003235482843592763 -2.256692166469065e-09 
-0.01536329835653305 -0.007134963292628527 -0.1635417193174362 
-0.006371255032718182 0.02569875679910183 -0.1207843720912933 
0.001973873702809215 0.02612790465354919 -0.1285226494073868 
-0.004510012920945883 -0.02569209411740303 -0.1215641349554062 
-0.01391048543155193 -0.00393302645534277 -0.1624448150396347 
0.003998756408691406 -0.01569988019764423 -0.1614669263362885 
0.06174120679497719 -0.01569988019764423 -0.2140542566776276 
0.02401581965386868 -0.01508499402552843 -0.1100829988718033 
0.06152311712503433 0.0004687977489084005 -0.1763722747564316 
0.01426872331649065 0.01050011534243822 -0.1541759818792343 
-0.01709034666419029 -0.0218969602137804 -0.1151861473917961 
-0.006821062415838242 -0.01595051027834415 -0.2279314398765564 
0.04943405091762543 0.02050010673701763 -0.1949984580278397 
0.05150000005960464 0.01179864071309566 -0.2040297538042068 
0.065955750644207 -0.02058509737253189 -0.1970325112342834 
2.412578032817692e-05 -0.02503205463290215 -0.09740091860294342 
0.02368673495948315 0.0159981083124876 -0.1702255010604858 
-0.004440125077962875 0.002089597284793854 -0.001840269309468567 
0.04285583645105362 0.0002161606680601835 -0.1492665112018585 
-0.01533061359077692 0.01050011534243822 -0.2042606770992279 
-0.02972030267119408 0.005102177616208792 -0.01003284379839897 
0.02780734002590179 0.007452824153006077 -0.1524294167757034 
-0.01552296988666058 0.02646169066429138 -0.1472633630037308 
0.007521298248320818 0.01830011233687401 -0.1730309724807739 
-0.0200303103774786 -0.02149988897144794 -0.1901156008243561 
-0.002985713537782431 0.01050011534243822 -0.08837121725082397 
0.01397409848868847 0.02050010673701763 -0.1581703722476959 
0.02223711460828781 0.0001951511949300766 -0.1498619616031647 
0.00621857913210988 0.01050011534243822 -0.08258175849914551 
-0.02222886495292187 -0.004140411503612995 -0.1723697781562805 
-0.001990176970139146 0.02593139372766018 -0.1249564960598946 
-0.02219805307686329 -0.01761292666196823 -0.06707130372524261 
-0.02785000018775463 -0.003307664766907692 -0.199032798409462 
-0.01345757953822613 -0.02797092124819756 -0.01743701845407486 
-0.001751938019879162 -0.02149988897144794 -0.1748297959566116 
-0.02672566473484039 -0.005918221548199654 -0.1476443558931351 
0.041422288864851 -0.0239998884499073 -0.2090476453304291 
0.02118934877216816 -0.01720310188829899 -0.1555828452110291 
0.02057260647416115 0.01785902678966522 -0.1665966957807541 
0.01453174278140068 0.02710340358316898 -0.1411824375391006 
-0.0003254580078646541 0.0001603190321475267 -0.2422769367694855 
0.0213501863181591 -0.02314301207661629 -0.01710840500891209 
-0.0113422553986311 0.00547371432185173 -0.1601872891187668 
0.03923077508807182 0.01336619816720486 -0.2181080281734467 
0.04238767176866531 0.01408597640693188 -0.1492233872413635 
-0.02517565712332726 -0.002692277543246746 -0.09360726922750473 
0.008871746249496937 0.0258905403316021 -0.1250832676887512 
0.02207590825855732 0.02069443836808205 -0.03763654083013535 
0.02599911019206047 -0.009934098459780216 -0.1120259165763855 
0.02581008337438107 -0.01739989407360554 -0.1679996103048325 
-0.02197836525738239 0.01999788731336594 -0.04578888416290283 
0.02302787825465202 0.01505450438708067 -0.07127847522497177 
-0.02600137516856194 -0.01420335937291384 -0.0403173603117466 
-0.01413682661950588 0.0103001119568944 -0.1990057229995728 
-0.01097637973725796 0.02275761589407921 -0.1596397906541824 
0.03330894932150841 0.01399375312030315 -0.1685872375965118 
0.02139073424041271 0.02050010673701763 -0.185440868139267 
-0.0238482691347599 -0.01946632564067841 -0.1466445028781891 
0.0243037398904562 -0.01569988019764423 -0.2323130667209625 
0.02152377367019653 0.01050011534243822 -0.1641320288181305 
-0.02985875681042671 0.01060538180172443 -0.1884828507900238 
-0.02530719339847565 0.005211297888308764 -0.1781586110591888 
0.02739326283335686 0.0003412853693589568 -0.1180734559893608 
-0.004640053492039442 -0.02999069355428219 -0.000855727237649262 
0.06485000252723694 -0.002959368983283639 -0.1875227093696594 
0.06428082287311554 -0.01086274161934853 -0.1781546026468277 
-0.01248394884169102 -0.02730565331876278 -0.1475940495729446 
-0.0274425745010376 0.01791776157915592 -0.1637808680534363 
0.006539261899888515 0.01050011534243822 -0.08056551218032837 
0.002470247913151979 -0.02358471788465977 -0.1739949434995651 
-0.02164145745337009 0.007300105877220631 -0.1748223453760147 
0.01310612261295319 -0.02149989083409309 -0.1476635932922363 
-0.01748775690793991 -0.008745842613279819 -0.1660452485084534 
-0.01267139241099358 -0.0149212796241045 -0.1673665642738342 
-0.007535926532000303 -0.02606891095638275 -0.06426134705543518 
0.02219327539205551 -0.01146337389945984 -0.1499295085668564 
-0.02774998545646667 -0.008587667718529701 -0.2067358940839767 
-0.0138373589143157 0.0103001119568944 -0.2017585337162018 
-0.006841091439127922 0.02496054209768772 -0.09892413020133972 
0.0142926974222064 -0.01748648472130299 -0.1678832024335861 
0.04083608090877533 0.006761249620467424 -0.1554029583930969 
-0.0215400718152523 -0.01894799992442131 -0.1297289729118347 
-0.02172158099710941 -0.01739989407360554 -0.1774379014968872 
-0.0002171008964069188 -0.02399988658726215 -0.1804990917444229 
-0.01650954037904739 0.02324957773089409 -0.1271361261606216 
-0.02774994820356369 0.0008767250692471862 -0.2066965103149414 
0.01644062995910645 0.02641770243644714 -0.1925518065690994 
-0.008425588719546795 -0.02655197866261005 -0.05401423573493958 
-0.02505283057689667 -0.003911258652806282 -0.117547482252121 
-0.02253437787294388 0.0103001119568944 -0.2216850221157074 
0.0084544587880373 0.01050011534243822 -0.07191440463066101 
-0.01312915980815887 0.007374675944447517 -0.2343897521495819 
0.02142555080354214 -0.01688268408179283 -0.1601078510284424 
-0.02566333301365376 -0.02149988897144794 -0.1686253249645233 
0.00727912550792098 -0.0197464507073164 -0.1703464686870575 
-0.007470403797924519 0.02050010673701763 -0.1671645939350128 
0.01008044369518757 -0.002166135469451547 -0.1507158428430557 
-0.01634100452065468 -0.01569988019764423 -0.2202719002962112 
0.008957702666521072 -0.02492215298116207 -0.107075035572052 
-0.007735438644886017 0.02668752893805504 -0.1358456611633301 
0.06235235929489136 -0.02149988897144794 -0.1808015406131744 
-0.007961712777614594 0.0281728021800518 -0.03322957456111908 
0.01013388205319643 -0.02149988897144794 -0.1609327346086502 
0.001651663100346923 0.01050011534243822 -0.0731596052646637 
0.02546618320047855 0.01882797107100487 -0.01304801180958748 
-0.02940180525183678 0.01046518795192242 -0.178167000412941 
-0.015833655372262 0.02497295849025249 -0.04406813532114029 
-0.02417703345417976 -0.01269160490483046 -0.08265778422355652 
0.002765549113973975 -0.01569988019764423 -0.2311019152402878 
0.01993328332901001 -0.02219988405704498 -0.1696162223815918 
-0.009873438626527786 0.023487389087677 -0.08572455495595932 
0.02325080521404743 -0.01289091911166906 -0.1500411629676819 
-0.01602052710950375 0.002613645978271961 -0.1646721214056015 
0.01490656938403845 0.02656057849526405 -0.02975212782621384 
-0.00169496750459075 -0.01805499196052551 -0.219460740685463 
0.03838735818862915 -0.01569988019764423 -0.237282931804657 
-0.02960325591266155 0.002156679285690188 -0.01420097984373569 
-0.01245798543095589 -0.028004365041852 -0.02181602828204632 
-0.02589460834860802 -0.01141751650720835 -0.1792198717594147 
0.0102978115901351 -0.02149988897144794 -0.1567350029945374 
-0.02269513718783855 -0.01739989407360554 -0.1863393783569336 
0.02419086173176765 0.01914655230939388 -0.02865479327738285 
0.04844831675291061 0.004148458130657673 -0.2357884645462036 
-0.01592627726495266 0.0103001119568944 -0.1761778891086578 
-0.0298866368830204 -0.002656089141964912 -0.004936909303069115 
0.0009659376810304821 -0.01654387637972832 -2.256692166469065e-09 
-0.02602537907660007 -0.008856326341629028 -0.06321620941162109 
-0.02401158586144447 0.01541468035429716 -0.06129711121320724 
0.05327973514795303 0.006788873113691807 -0.1674623340368271 
0.04669547826051712 -0.01569988019764423 -0.1774234920740128 
-0.01526820473372936 0.01050011534243822 -0.1783043444156647 
-0.02660022489726543 0.002997939940541983 -0.05682767182588577 
0.01751929149031639 0.01828589662909508 -0.2274287641048431 
-0.01410737261176109 0.02811132743954659 -0.003264438593760133 
0.009290918707847595 0.02689771354198456 -0.1387100517749786 
0.06475003063678741 0.007349510211497545 -0.1922174990177155 
-0.02485137805342674 0.01053298637270927 -0.1237054094672203 
0.04747316986322403 0.01428724359720945 -0.1971223801374435 
6.267562275752425e-05 -0.02012969367206097 -2.256692166469065e-09 
-0.01725401356816292 -0.02344517223536968 -0.0532652959227562 
0.03268175572156906 0.02050010673701763 -0.1642062067985535 
0.04928714409470558 -0.004173836670815945 -0.1569037735462189 
0.02195531316101551 0.01786977425217628 -0.06361670047044754 
-0.01422123797237873 -0.02149988897144794 -0.1784666031599045 
0.02500947937369347 -0.00464840792119503 -0.09882476180791855 
0.0569801963865757 -0.01739989407360554 -0.1753821969032288 
0.06063423305749893 0.01021954324096441 -0.1770059019327164 
0.03135370463132858 0.005941052921116352 -0.1308002769947052 
-0.001589833293110132 0.02050010673701763 -0.176308274269104 
0.03123581036925316 0.02150010876357555 -0.1462027877569199 
0.0009123199852183461 0.02537244372069836 -0.1139047294855118 
-0.006568186450749636 -0.02580174803733826 -0.06905294954776764 
0.02706776186823845 0.01306416653096676 -0.1211442351341248 
-0.01492899842560291 0.0266399048268795 -0.147221565246582 
0.03340683877468109 -0.007804425433278084 -0.2437828928232193 
-0.02700884267687798 -0.004331581294536591 -0.1505596935749054 
0.01219862699508667 0.008800116367638111 -0.1517715752124786 
0.03292467817664146 0.02050010673701763 -0.1980140209197998 
0.01749046146869659 0.02284698933362961 -0.05734203010797501 
0.02668729797005653 0.01125593483448029 -0.04426189512014389 
0.05969168245792389 -0.0214998871088028 -0.1926122605800629 
0.04590743780136108 0.01656680554151535 -0.2070668637752533 
-0.004671137779951096 0.02888549119234085 -0.02634390816092491 
0.06475009769201279 0.007421913556754589 -0.2100470960140228 
-0.00984833762049675 0.02796939946711063 -2.256692166469065e-09 
0.06693287938833237 -0.008370110765099525 -0.1892993897199631 
-0.02785000018775463 -0.002034518867731094 -0.2044050097465515 
0.06171761080622673 0.01279689557850361 -0.1730730980634689 
-0.003435155842453241 -0.02399988658726215 -0.18711057305336 
0.02671925723552704 -0.0156787671148777 -0.02428477071225643 
0.03618362918496132 -0.01739989407360554 -0.1601027697324753 
-0.02327225916087627 0.01866582781076431 -0.04235709831118584 
0.0303514301776886 0.02150010876357555 -0.1468034833669662 
0.0557926744222641 -0.01569988019764423 -0.2230793237686157 
0.0437428206205368 0.0002296888269484043 -0.1503461450338364 
0.02197531424462795 0.02046173065900803 -0.1199085265398026 
-0.01361378096044064 -0.02400970458984375 -0.1170358285307884 
0.06641401350498199 0.01032406464219093 -0.2025842815637589 
-0.01560711115598679 0.02719666622579098 -0.1527775526046753 
-0.02298238500952721 0.01915228180587292 -0.1412297636270523 
0.03001851961016655 0.02050010487437248 -0.1978392750024796 
0.03244644403457642 0.00400011008605361 -0.005913414526730776 
-0.02600841224193573 0.0103001119568944 -0.187409371137619 
0.02587535232305527 -0.01739989593625069 -0.1558023989200592 
0.02459917962551117 -0.023999884724617 -0.1775625199079514 
-0.02572212740778923 -0.01569988019764423 -0.2021994888782501 
0.02090807072818279 0.0103001119568944 -0.151276171207428 
-0.01621840335428715 0.02700294181704521 -0.01179430261254311 
0.02554402686655521 -0.0142485648393631 -0.04560188949108124 
0.04639346152544022 0.02050010673701763 -0.1882482767105103 
0.02136490680277348 -0.01782371662557125 -0.1686493009328842 
0.009622485376894474 -0.02701665088534355 -0.1401556730270386 
0.05551940575242043 0.01122167613357306 -0.2049999982118607 
0.0008776712929829955 0.02714782580733299 -0.1416298151016235 
-0.01897811517119408 0.02022594399750233 -0.08090347051620483 
0.02691927552223206 -0.01569988019764423 -0.2421357333660126 
0.04560201615095139 0.007880177348852158 -0.1601770520210266 
-0.001381423091515899 -0.01569988019764423 -0.2307709455490112 
0.01923977956175804 0.01038622763007879 -0.1695297062397003 
-0.02003465220332146 0.02400779351592064 -0.02182894572615623 
0.005935306195169687 0.01050011534243822 -0.157016783952713 
0.009926542639732361 0.02298823557794094 -2.256692166469065e-09 
0.05236975848674774 -0.008976316079497337 -0.1605519652366638 
-0.01745175383985043 -0.02573708444833755 -0.1483590304851532 
0.04936306923627853 -0.007194694131612778 -0.160914734005928 
0.04035717248916626 0.02025585435330868 -0.2049999982118607 
0.05682583898305893 -0.002929841633886099 -0.1687970459461212 
-0.02643102407455444 -0.007306748535484076 -0.1446110010147095 
0.05571446940302849 -0.01569988019764423 -0.2105495631694794 
0.06570983678102493 -0.004898646846413612 -0.2049999982118607 
0.0107567310333252 0.02050010487437248 -0.1726666688919067 
0.01365398615598679 -0.023999884724617 -0.2068562507629395 
-0.01833466999232769 -0.01739989407360554 -0.1878985166549683 
0.02499748952686787 -0.01853270828723907 -0.1238087341189384 
-0.01861913315951824 0.02583627216517925 -0.003850499168038368 
-0.02197766304016113 -0.003662323113530874 -0.2240608334541321 
-0.02531611919403076 -0.006921405903995037 -0.08292986452579498 
0.03899935632944107 0.0103001119568944 -0.2223438918590546 
0.05599961429834366 -0.001558644231408834 -0.167675644159317 
0.004703226499259472 0.02989379689097404 -0.004004535265266895 
-0.02494284510612488 -0.007363069802522659 -0.1137188374996185 
0.02036963775753975 0.004252548329532146 -0.2460837364196777 
0.01764872297644615 0.01299776695668697 -0.1650557965040207 
0.03262775391340256 -0.02399988658726215 -0.1953488439321518 
-0.001370747690089047 0.00178968976251781 -0.1541394591331482 
-0.001487618545070291 -0.009611466899514198 -0.1540682464838028 
-0.01339182164520025 -0.02407306805253029 -0.074411541223526 
0.03158495202660561 -0.02399988658726215 -0.2148563414812088 
-0.0276048481464386 0.006324656773358583 -0.1564596444368362 
-0.004893610253930092 0.01048597786575556 -0.1554219573736191 
-0.02376604080200195 0.009797204285860062 -0.1749724447727203 
0.0383782871067524 -0.003999872133135796 -0.003682066453620791 
0.0173775739967823 -0.008096100762486458 -0.149782806634903 
0.02823778428137302 -0.002820714376866817 -0.03496005013585091 
0.002236473606899381 0.02888299524784088 -0.02627080306410789 
0.02618089504539967 -0.008326776325702667 -0.05824853107333183 
0.04385935142636299 0.002706573344767094 -0.1504879891872406 
0.03140207380056381 -0.02399988658726215 -0.1771650314331055 
-0.02785000018775463 0.008898509666323662 -0.1891871094703674 
0.02869651280343533 -0.002554053906351328 -0.02950036898255348 
-0.007352295331656933 0.006257805973291397 -0.1592521965503693 
0.02853493764996529 0.005059713032096624 -0.03149103373289108 
-0.02579421550035477 0.0103001119568944 -0.201980322599411 
0.009019320830702782 -0.01739989407360554 -0.1518023908138275 
0.01567125134170055 0.01050011534243822 -0.160935714840889 
0.06693679094314575 -0.008287940174341202 -0.1904048174619675 
0.03279924765229225 -0.01569988019764423 -0.1630956530570984 
-0.0287928432226181 0.01808928325772285 -0.177080437541008 
0.04776229709386826 -0.01569988019764423 -0.2205524444580078 
0.0342940129339695 0.01527547463774681 -0.1389902830123901 
-0.01717545837163925 0.01030011102557182 -0.1832249313592911 
0.001599594834260643 -0.02603183127939701 -2.256692166469065e-09 
0.05245911702513695 0.009608194231987 -0.1606125384569168 
0.04700564593076706 -0.0121263675391674 -0.1592990756034851 
0.06485000252723694 0.007709961850196123 -0.2044517248868942 
0.05097992718219757 -0.009228049777448177 -0.1624714732170105 
0.0532737672328949 -0.001203598454594612 -0.1615650653839111 
0.04048611968755722 -0.02399988658726215 -0.2087561190128326 
0.06695651262998581 0.007157306652516127 -0.1959740072488785 
-0.02639711275696754 0.01771175861358643 -0.000662344042211771 
0.02024230360984802 -0.023999884724617 -0.2207318842411041 
0.01192386820912361 0.0103001119568944 -0.1679162383079529 
-0.02514096535742283 0.003781274892389774 -0.09441740810871124 
-0.0124180531129241 0.005867175757884979 -0.162934273481369 
0.02767658047378063 0.009614938870072365 -0.03729834407567978 
-0.01110485568642616 0.02431442774832249 -0.1019754037261009 
0.02094809897243977 0.01741290092468262 -0.09558029472827911 
-0.02868152782320976 0.01745473779737949 -0.1739766299724579 
0.03528738766908646 0.01030011288821697 -0.1568038165569305 
0.002196697285398841 0.01793160289525986 -0.09000000357627869 
0.04343408346176147 0.01508362498134375 -0.1764894276857376 
-0.006638200953602791 -0.001862942473962903 -2.256692166469065e-09 
0.06457094848155975 0.02130379155278206 -0.1941920965909958 
0.0199398547410965 0.01841201819479465 -0.08697107434272766 
0.04737715795636177 -0.02340804040431976 -0.1964001655578613 
-0.0244913287460804 0.01916263625025749 -0.02294910326600075 
0.02537481114268303 -0.0164491031318903 -0.2266478538513184 
-0.01688604243099689 -0.02657976374030113 -0.163943350315094 
-0.02498171105980873 -0.001592153101228178 -0.1051786839962006 
0.006658338010311127 0.02645287103950977 -0.1495438516139984 
-0.00491420179605484 0.005600107833743095 -0.1582909822463989 
-0.02958526089787483 0.009115085005760193 -0.1817281991243362 
-0.02827531471848488 -0.01693202182650566 -0.168706089258194 
0.0336291566491127 -0.02399988658726215 -0.1813006401062012 
0.03320759162306786 0.00400011008605361 -0.005637466907501221 
0.02563900873064995 0.01552494894713163 -2.256692166469065e-09 
0.01674665883183479 0.02050010673701763 -0.1720671802759171 
0.02420784905552864 0.01236746739596128 -0.07199851423501968 
0.02684519626200199 0.009831675328314304 -0.1168787181377411 
0.006435776129364967 -0.02839907445013523 -0.03189704567193985 
0.02952476590871811 -0.01793679967522621 -0.1332847028970718 
0.04914437234401703 -0.02149988897144794 -0.1639981865882874 
0.003570036729797721 0.01830011606216431 -0.2076399028301239 
0.01906102150678635 -0.0239998884499073 -0.1956982463598251 
0.06422516703605652 0.007402003742754459 -0.1779175847768784 
0.02123848348855972 0.009055566042661667 -0.1499945819377899 
0.04428845271468163 0.007891304790973663 -0.151010274887085 
0.02006911486387253 -0.02423761039972305 -0.01896360144019127 
0.01297345757484436 -0.02541359700262547 -0.05423293635249138 
0.02402053959667683 0.02100011520087719 -0.193930983543396 
-0.006248018704354763 -0.01379865221679211 -2.256692166469065e-09 
-0.02144282683730125 0.004694629460573196 -0.2248254120349884 
-0.006286613177508116 -0.02962883375585079 -0.01315242890268564 
-0.02785000205039978 -0.0006355294026434422 -0.2032852172851562 
0.06172721087932587 -0.01569988019764423 -0.1814116239547729 
0.04427789896726608 0.01253885217010975 -0.1512159407138824 
0.03265038877725601 0.01747969351708889 -0.2259950786828995 
-0.01236125640571117 -0.01569988019764423 -0.2170192897319794 
-0.02535759285092354 0.00448282528668642 -0.08358130604028702 
0.009956639260053635 0.02674183435738087 -0.1368191987276077 
-0.01766818016767502 0.01050011534243822 -0.1829484403133392 
0.06475004553794861 -0.00393597548827529 -0.2094283401966095 
0.06292086839675903 0.00744273979216814 -0.2113632559776306 
-0.0024047726765275 0.01498714182525873 -0.1779538691043854 
0.003799640573561192 0.008416028693318367 -0.1520437151193619 
-0.005879093892872334 0.02050010673701763 -0.1971193552017212 
0.05504406988620758 0.01533542014658451 -0.2049999833106995 
0.03636303544044495 0.01830011233687401 -0.2050660848617554 
-0.02203874662518501 0.005600107368081808 -0.1767630726099014 
0.01784980483353138 -0.02080214768648148 -0.07814215123653412 
0.01280613616108894 0.02289672568440437 -0.1968574821949005 
-0.01123344898223877 0.005253787152469158 -0.1601159274578094 
0.02245678752660751 0.01903169974684715 -0.04809023439884186 
0.009477281011641026 0.02571638487279415 -0.1225928068161011 
0.01180713437497616 0.02100011333823204 -0.1935924738645554 
0.006349463947117329 -0.02537883445620537 -0.114124670624733 
-0.009376714937388897 -0.01459763757884502 -0.1585075855255127 
0.04660485684871674 -0.02219988591969013 -0.2026839107275009 
-0.02326548285782337 0.01930460333824158 -0.03740683570504189 
0.01268568821251392 -0.02399988658726215 -0.2094060480594635 
0.02071100845932961 -0.01764007657766342 -0.09328067302703857 
0.010334687307477 0.021431690081954 -2.256692166469065e-09 
-0.01238436438143253 0.0103001119568944 -0.1897698640823364 
0.0570794939994812 -0.01992099732160568 -0.1683160364627838 
-0.01084368769079447 -0.01569987833499908 -0.2154347747564316 
0.01740932837128639 -0.02233321033418179 -0.06434664130210876 
0.02925113216042519 0.004528854507952929 -0.0217023529112339 
0.0188357662409544 -0.01808331534266472 -0.1685746163129807 
-0.009999999776482582 0.01424303650856018 -0.07709385454654694 
0.04760758206248283 -0.01200419664382935 -0.1597037017345428 
-0.02575552836060524 0.006426749750971794 -0.1839983314275742 
0.06309095770120621 -0.01737899892032146 -0.2002669870853424 
0.06469365954399109 -0.005224212538450956 -0.1853087544441223 
0.04563526809215546 -0.0211441945284605 -0.1865998804569244 
-0.02457387372851372 -0.01236634235829115 -0.07364685088396072 
-0.02191907726228237 0.01676833257079124 -0.1147834286093712 
0.007540213875472546 -0.02940988540649414 -0.01532431412488222 
0.04794511198997498 -0.02153526246547699 -0.1974313408136368 
0.01954063028097153 0.02050010673701763 -0.1641338616609573 
-0.0219709649682045 -0.01643187925219536 -0.1055766195058823 
-0.02935998328030109 0.001782495994120836 -0.1763589978218079 
-0.005501177161931992 0.01818864978849888 -0.1793363094329834 
0.02268439717590809 0.01423459686338902 -0.08794869482517242 
0.01061164774000645 -0.01569988019764423 -0.154938593506813 
-0.004159014672040939 0.0103001119568944 -0.1584300398826599 
0.05014751851558685 -0.01492128055542707 -0.2284471243619919 
-0.02157428674399853 -0.01468197628855705 -2.256692166469065e-09 
0.0253828689455986 0.008920105174183846 -0.1061230152845383 
-0.009470539167523384 -0.02270361967384815 -0.1964350938796997 
0.06156472116708755 0.01050011534243822 -0.177644208073616 
-0.02744638919830322 0.01577213406562805 -0.003625464392825961 
-0.03001555055379868 0.003195920959115028 -0.1991529762744904 
0.003058335511013865 -0.01442071609199047 -0.2435518950223923 
0.05360274016857147 0.00630802009254694 -0.2307584583759308 
0.03231941536068916 0.01050011534243822 -0.1633779853582382 
0.04970023408532143 0.0103001119568944 -0.2322694212198257 
0.001917135203257203 -0.02773614414036274 -0.0407945029437542 
-0.02359828352928162 -0.01999134197831154 -0.02642776817083359 
0.03483686596155167 -0.01967973820865154 -0.1734894067049026 
0.06363953649997711 -0.01238087750971317 -0.1811809092760086 
0.06687242537736893 -0.01307354960590601 -0.1892157346010208 
-0.01301720552146435 -0.02602121233940125 -0.0464521124958992 
-0.005910441279411316 0.0266344528645277 -0.05535440891981125 
0.05484116077423096 -0.02149988897144794 -0.2027987539768219 
0.02651350758969784 0.0103001119568944 -0.2378041446208954 
0.06472001969814301 0.007729007862508297 -0.1849826574325562 
-0.01361851766705513 -0.02489260211586952 -0.06004483997821808 
0.06080233305692673 -0.01449301186949015 -0.2210714966058731 
0.04663060978055 0.01301639154553413 -0.1912844777107239 
0.01596574299037457 -0.004093213472515345 -2.256692166469065e-09 
0.006981299258768559 0.01830011419951916 -0.2075447589159012 
-0.02507146634161472 0.01497106533497572 -0.04812033846974373 
-0.02704394795000553 0.00121915340423584 -0.150921106338501 
0.01854254119098186 0.02357596158981323 -0.1228093951940536 
-0.01310011092573404 -0.01557472720742226 -0.2308944165706635 
-0.001448458759114146 -0.009870915673673153 -2.256692166469065e-09 
-0.01500849053263664 0.02301443368196487 -0.1100292652845383 
-0.02872912771999836 -0.01607421040534973 -0.1715923249721527 
-0.02517498284578323 0.005612390115857124 -0.1233918815851212 
0.02232742682099342 -0.01544291898608208 -0.07838909327983856 
-0.01410223077982664 -0.02620183862745762 -0.03877303749322891 
0.05189987272024155 -0.01739989407360554 -0.1850525885820389 
0.04220821335911751 -0.01569988019764423 -0.2279262691736221 
0.04448313266038895 0.003796391421929002 -0.1572263091802597 
0.005768312141299248 0.004446503706276417 -0.2444978952407837 
0.03766379132866859 0.010542381554842 -0.1759387403726578 
-0.02501589804887772 -0.002061000792309642 -0.1160128936171532 
0.02722954377532005 0.01564941927790642 -0.008564072661101818 
0.06071917712688446 0.01050011534243822 -0.1984225809574127 
0.03695653006434441 0.02050010487437248 -0.1813422441482544 
-0.02785000205039978 -0.006812040694057941 -0.1965421587228775 
-0.02153369598090649 -0.02149988897144794 -0.1686017513275146 
0.03280436992645264 -0.003999889362603426 -0.003842534963041544 
-0.02516941539943218 0.00915190763771534 -0.1250818371772766 
-0.0283286776393652 -0.00770912691950798 -0.1633118689060211 
0.04538023099303246 -0.02216352894902229 -0.2088587284088135 
-0.0004333909600973129 0.01754796877503395 -0.09000000357627869 
-0.02494053542613983 0.006408002693206072 -0.1085269451141357 
-0.02007320895791054 -0.02149988897144794 -0.1686112582683563 
-0.02334477752447128 0.02069751173257828 -0.0243748277425766 
0.0187135674059391 0.0206360574811697 -0.0714380070567131 
-0.01044121664017439 -0.01569988019764423 -0.1838522702455521 
-0.01824548467993736 0.02105858363211155 -2.256692166469065e-09 
-0.002719461917877197 0.027741564437747 -0.1478112041950226 
-0.008769136853516102 0.01787590608000755 -0.2047465145587921 
0.01833312399685383 0.02080183476209641 -0.07290966808795929 
-0.02602315694093704 -0.002427126979455352 -0.1400833129882812 
-0.02315755933523178 -0.01981389336287975 -0.03304767981171608 
0.04215090721845627 -0.01569988019764423 -0.2290948927402496 
0.03291433677077293 0.001729069277644157 -0.1519804000854492 
0.04832461848855019 0.001978786196559668 -0.2358688861131668 
0.02026807330548763 -0.02430360950529575 -0.01485002599656582 
-0.02625392377376556 -0.01175549533218145 -0.04804283753037453 
0.01626380905508995 0.0177301149815321 -2.256692166469065e-09 
-0.0246463231742382 -0.0107552707195282 -0.1189927086234093 
0.05599317699670792 0.02050010673701763 -0.2003176808357239 
-0.0005686015938408673 0.01242814585566521 -0.09000001102685928 
0.001666314201429486 0.0103001119568944 -0.2351200431585312 
0.05267499387264252 -0.01739989593625069 -0.1786557137966156 
0.0008936622180044651 0.0103001119568944 -0.2235338091850281 
-0.02458379790186882 0.01291796751320362 -0.128735214471817 
0.007161668501794338 -0.02531937137246132 -0.1121959462761879 
0.04528237879276276 -0.01685055904090405 -0.1577671319246292 
-0.01496076956391335 0.02736018225550652 -0.01713663525879383 
-0.02218736708164215 -0.01700136065483093 -0.1197092533111572 
0.06042129546403885 -0.01459449715912342 -0.2218579053878784 
-0.005522878840565681 -0.023999884724617 -0.2085699886083603 
-0.002932528499513865 0.01820321753621101 -0.1810349524021149 
0.0531063973903656 0.0215001106262207 -0.1668111085891724 
-0.02989637106657028 0.004319322761148214 -0.004400908946990967 
0.01932846754789352 0.006224574521183968 -0.1498139947652817 
0.03071164339780807 -0.01569988019764423 -0.2312356233596802 
0.005839040502905846 0.02050010673701763 -0.1677686125040054 
-0.004714310169219971 -0.02544113807380199 -0.1168146282434464 
-0.006127321161329746 0.02930018119513988 -0.01874496042728424 
-0.02523902058601379 -0.006677913479506969 -0.08773510903120041 
0.06485000252723694 -0.001697936444543302 -0.2019295692443848 
0.02168447896838188 -0.02422843128442764 -0.1313537508249283 
0.04161268100142479 0.02050010673701763 -0.199337050318718 
-0.02696891129016876 0.0103001119568944 -0.189042329788208 
0.05928202345967293 -0.009007875807583332 -0.1724141240119934 
0.01299652922898531 -0.02366501465439796 -0.08164191246032715 
0.06485000252723694 -0.01580013707280159 -0.1897623091936111 
-0.02992931194603443 -0.007035322487354279 -0.1917482167482376 
-0.005668537691235542 0.02568237483501434 -0.0700853019952774 
0.0443737804889679 -0.006341593340039253 -0.2384822368621826 
-0.0229705274105072 -0.01737695559859276 -0.05909868329763412 
0.01008078455924988 -0.02549213543534279 -0.1188136413693428 
-0.02897179126739502 -0.02027614414691925 -0.1953475177288055 
0.02696745470166206 -0.01676549017429352 -0.003971383441239595 
0.01984553411602974 -0.01496386900544167 -0.2429740875959396 
-0.02736619301140308 0.01027697883546352 -0.1991356909275055 
0.02394568547606468 0.01830011233687401 -0.212490975856781 
0.02364914491772652 -0.01849795319139957 -0.168563649058342 
-0.01027854159474373 -0.01783222332596779 -2.256692166469065e-09 
-0.01106640137732029 -0.02495284005999565 -0.0721980407834053 
-0.02875491417944431 -0.005445108748972416 -0.1684788167476654 
0.04133845865726471 -0.01739989407360554 -0.1702699661254883 
0.06695197522640228 0.004377052653580904 -0.194694459438324 
-0.01147270947694778 0.0103001119568944 -0.1989228427410126 
0.03546081483364105 0.0109615633264184 -0.2209500223398209 
0.01760760322213173 0.02206151187419891 -0.06512682139873505 
0.001812252099625766 0.001099456916563213 -0.009999992325901985 
0.007225233130156994 -0.02531084790825844 -0.1119194328784943 
0.04284726083278656 0.02050010673701763 -0.1775679141283035 
-0.02868157997727394 -0.02121535688638687 -0.1954656094312668 
0.02954428270459175 0.001591366366483271 -0.01671732030808926 
0.02415912039577961 -0.02092785015702248 -0.005093039944767952 
0.06694705784320831 0.005860230419784784 -0.1933054625988007 
0.02617958001792431 -0.01608212105929852 -0.02885587885975838 
0.02446765452623367 0.02021285891532898 -0.007231401745229959 
-0.008319579996168613 0.01749886199831963 -0.1883067786693573 
-0.009403837844729424 0.02491013519465923 -0.1104837656021118 
0.04503888264298439 0.0114599484950304 -0.1520012766122818 
-0.02312540821731091 0.0103001119568944 -0.1877741366624832 
-0.02990836277604103 -0.003784135915338993 -0.1899494379758835 
0.0231689028441906 -0.01324675884097815 -0.08691050112247467 
0.001497410470619798 -0.0226933229714632 -0.1524146199226379 
0.03895343840122223 -0.003563317703083158 -0.1543557047843933 
-0.01592979766428471 0.02692002058029175 -0.1515511572360992 
0.05669783055782318 -0.004767030477523804 -0.2274514436721802 
0.01090511493384838 0.01830011419951916 -0.2137303501367569 
-0.0107845664024353 -0.02019067481160164 -0.1947715580463409 
0.03673675283789635 0.02050010673701763 -0.1962674856185913 
0.02822741307318211 -0.01569987833499908 -0.2380236387252808 
-0.02557651326060295 -0.006590818986296654 -0.0750616192817688 
-0.02492808550596237 -0.007935539819300175 -0.1167148426175117 
0.01996405236423016 0.01730011217296124 -0.2284913659095764 
0.01253966894000769 -0.02159397676587105 -0.2268300503492355 
0.02055117301642895 0.02407652884721756 -0.01333470176905394 
-0.007399638183414936 -0.02977216616272926 -0.004923696164041758 
0.01989859715104103 -0.0003441356820985675 -2.256692166469065e-09 
-0.01939357817173004 0.00338526745326817 -2.256692166469065e-09 
0.0402330681681633 -0.01374397426843643 -0.2410480231046677 
-0.01948377303779125 0.02494421415030956 -0.01427982002496719 
-0.01904533244669437 -0.02708539366722107 -0.1608615219593048 
-0.009554880671203136 0.02050010673701763 -0.1886628121137619 
-0.0236040260642767 -0.02037878707051277 -0.02159061655402184 
-0.02976447157561779 -0.005486097186803818 -0.008537091314792633 
0.03401058167219162 0.006693759001791477 -0.1364272683858871 
0.03431107848882675 -0.02399988658726215 -0.1821563392877579 
-0.01227033883333206 -0.01569988019764423 -0.209778755903244 
-0.02782209031283855 -0.01015959307551384 -0.1584628224372864 
0.01141714118421078 0.0255378857254982 -0.1208649873733521 
0.04754364490509033 -0.01569988019764423 -0.1774009615182877 
0.0311390608549118 0.02150010876357555 -0.1495769023895264 
0.01434843521565199 -0.02661649323999882 -0.1353057771921158 
-0.02964680828154087 0.004659952130168676 -0.1826176941394806 
0.06082210317254066 0.005600106902420521 -0.2149683237075806 
0.01337718218564987 -0.02532319538295269 -0.05331356823444366 
0.04630264639854431 0.01771616563200951 -0.1549138575792313 
-0.01941751502454281 -0.01569988019764423 -0.2266605198383331 
-0.02774991095066071 0.008255886845290661 -0.2089922875165939 
-0.01854367554187775 0.01050011534243822 -0.187742680311203 
-0.02946043200790882 0.009146825410425663 -0.1790552586317062 
-0.02341143786907196 0.01371823064982891 -0.1093893647193909 
0.02265812084078789 -0.02424643561244011 -0.140943855047226 
-0.01040046662092209 -0.01418926287442446 -2.256692166469065e-09 
0.02380058541893959 0.007826643995940685 -0.1499506235122681 
-0.02407166734337807 -0.0214998871088028 -0.1683245152235031 
-0.02579422481358051 -0.01510263234376907 -0.03727138042449951 
0.004149030894041061 -0.02572435140609741 -0.121819794178009 
0.00951406080275774 0.02545720525085926 -0.117552749812603 
0.02975735627114773 -0.01739989407360554 -0.1611025631427765 
-0.01748391427099705 0.0103001119568944 -0.1992235630750656 
0.01763895526528358 0.005282425787299871 -0.1499056816101074 
-0.01477546058595181 -3.626290708780289e-05 -0.2329067140817642 
0.01410658750683069 -0.02324146218597889 -0.1008186861872673 
0.06583970040082932 -0.009049915708601475 -0.1821070462465286 
0.02473790943622589 0.0001800198806449771 -0.08745843917131424 
0.02024721167981625 -0.02061730436980724 -0.05619612336158752 
-0.005442735739052296 0.005600107368081808 -0.158138781785965 
-0.02674093469977379 -0.010560542345047 -0.2145469635725021 
0.03128674253821373 -0.004273442551493645 -0.004248066805303097 
0.02618675865232944 -0.01525221485644579 -0.03323252126574516 
0.02736242860555649 0.01241898350417614 -0.2249585092067719 
0.02825246378779411 0.01030011102557182 -0.2407736778259277 
0.05179614201188087 0.02004009857773781 -0.2049999982118607 
-0.01837893202900887 0.005600107368081808 -0.2253961861133575 
0.02108013071119785 0.0231378860771656 -0.02238287217915058 
0.06376801431179047 0.02150010876357555 -0.1857929974794388 
0.00702380808070302 0.01279021613299847 -0.2267899662256241 
-0.005651006475090981 -0.02951170317828655 -0.01519018318504095 
0.02682659029960632 -0.01312355138361454 -0.1203990653157234 
0.06444951146841049 0.007174588274210691 -0.2126277536153793 
-0.02476754225790501 -0.005107420030981302 -0.1766873300075531 
-0.009104189462959766 -0.01645060628652573 -2.256692166469065e-09 
-0.01622370257973671 -0.01569988019764423 -0.1899103075265884 
0.03874791041016579 -0.02050988934934139 -0.1760223507881165 
0.03390654549002647 0.00661065336316824 -0.1522973477840424 
0.06470432132482529 0.0105001162737608 -0.1897952258586884 
-0.01127245556563139 0.02459999173879623 -0.07877560704946518 
0.02864681929349899 0.007108611986041069 -0.02864820137619972 
0.04640907421708107 -0.01412645354866982 -0.1539415121078491 
0.01453850883990526 -0.02399988658726215 -0.2117527276277542 
-0.01822818256914616 0.02076982147991657 -0.1090140789747238 
0.009661165997385979 -0.02181652002036572 -0.2259346693754196 
-0.02518204972147942 -0.02054033055901527 -0.2049999982118607 
-0.01827062480151653 0.02281595766544342 -0.05208784714341164 
-0.02785094454884529 -0.00429498078301549 -0.03921781852841377 
0.06305574625730515 -0.02149988897144794 -0.1799909770488739 
-0.02248391509056091 0.02050010859966278 -0.1952279806137085 
0.03115246444940567 -0.01158685795962811 -0.1313420832157135 
0.01243293099105358 -0.01573700830340385 -0.1500413119792938 
0.001147152855992317 0.02050010673701763 -0.1638168841600418 
0.02750851027667522 0.02050010673701763 -0.1569395661354065 
-0.02774693816900253 0.01514650415629148 -0.0005711998092010617 
0.005357165820896626 -0.02149988897144794 -0.1529247909784317 
-0.009817814454436302 0.001552450354211032 -2.256692166469065e-09 
0.01141720451414585 -0.02149988897144794 -0.1587346494197845 
0.009999999776482582 0.02007395401597023 -0.07970012724399567 
0.02747576311230659 -0.01512966118752956 -0.01368426531553268 
0.01884842105209827 -0.02156121842563152 -0.06019151955842972 
0.06485000252723694 -0.01020765583962202 -0.1995994448661804 
0.03371377289295197 -0.01569988019764423 -0.2400329411029816 
-0.02058547735214233 0.01019035466015339 -0.1701303422451019 
0.06305514276027679 0.02050010673701763 -0.1943857371807098 
-0.0005371139850467443 -0.02569207921624184 -0.07165119051933289 
-0.005997537635266781 0.01418556831777096 -0.0701984167098999 
0.02180730924010277 0.020113630220294 -2.256692166469065e-09 
-0.02992531657218933 0.01208629924803972 -0.1936300545930862 
-0.02774991281330585 0.008879563771188259 -0.2052267491817474 
-0.01271780207753181 0.0103001119568944 -0.198432594537735 
-0.007666963152587414 -0.01910456269979477 -0.1844440102577209 
0.01189202256500721 0.0103001119568944 -0.1556034982204437 
0.02524924278259277 -0.01200202945619822 -0.1101525276899338 
0.02042956836521626 -0.006716814823448658 -0.1498105078935623 
0.01402104832231998 -0.01569988019764423 -0.1586928367614746 
0.04495752602815628 -0.003426328999921679 -0.1579577922821045 
0.03957241401076317 -0.00961447786539793 -0.1545808166265488 
0.006983012892305851 0.01664687879383564 -2.256692166469065e-09 
0.02397294342517853 -0.01313778944313526 -0.0704934149980545 
-0.006442036014050245 -0.02541949041187763 -0.1166599914431572 
0.01468953676521778 0.02750759571790695 -0.0161556676030159 
0.03692791610956192 0.01633837632834911 -0.224212571978569 
0.05307050049304962 0.02050010673701763 -0.1746368706226349 
0.05540074408054352 -0.01569988019764423 -0.1730759292840958 
0.01501800958067179 -0.0213000699877739 -0.1687582731246948 
0.02106114849448204 0.01050011534243822 -0.1647898554801941 
0.0190257616341114 -0.02033669501543045 -2.256692166469065e-09 
0.01476489193737507 0.02754484117031097 -0.1989885866641998 
-0.01879644766449928 -0.01739989407360554 -0.2023526579141617 
0.01807397790253162 0.0103001119568944 -0.1688288599252701 
-0.007680132985115051 -0.02797143533825874 -0.03636256232857704 
0.06148921325802803 -0.01415017154067755 -0.2195324599742889 
-0.02735230885446072 0.002211377955973148 -0.1539660692214966 
0.001446073642000556 0.02897784486413002 -0.02492086961865425 
0.04860471934080124 0.006292742677032948 -0.1561058461666107 
0.0325537845492363 0.01326041482388973 -0.1727399528026581 
0.0124997366219759 0.01830011233687401 -0.212779313325882 
0.003065829630941153 0.02759809978306293 -0.1463175117969513 
0.05471349880099297 -0.01455153524875641 -0.1634233742952347 
-0.02662260085344315 0.002982491161674261 -0.1809308528900146 
0.02251540496945381 0.01705511286854744 -0.06478042900562286 
0.06692763417959213 0.01290761586278677 -0.1878169924020767 
0.0650847852230072 0.003965796902775764 -0.1799243986606598 
0.02264446020126343 0.01809989660978317 -0.1143347546458244 
0.05174118652939796 -0.01569988019764423 -0.215484619140625 
0.06473051756620407 0.005660910159349442 -0.2103608846664429 
0.01534950453788042 0.02751442417502403 -0.008217376656830311 
0.02113664150238037 0.01821340247988701 -0.1685501784086227 
-0.01801300421357155 -0.02127035334706306 -0.1171283721923828 
0.03744012117385864 -0.008396838791668415 -0.142182469367981 
0.00726758548989892 0.02770126238465309 -2.25669238851367e-09 
0.01326695270836353 0.0103001119568944 -0.2288965880870819 
0.01851104758679867 0.02141075953841209 -0.06451199948787689 
0.0266173928976059 0.001548606553114951 -0.05481716245412827 
0.03328010067343712 0.01105875987559557 -0.1355688273906708 
-0.006090148352086544 0.02050010487437248 -0.2007754296064377 
0.02614259161055088 -0.0176948718726635 -0.1690843105316162 
-0.02704078890383244 0.0002575016114860773 -0.1819137036800385 
0.02373344078660011 -0.02075925096869469 -1.950589285115711e-05 
0.04945209249854088 -0.0214998871088028 -0.1638868004083633 
-0.01588301733136177 -0.005787735804915428 -0.164007768034935 
0.01441915053874254 -0.02149989083409309 -0.1618684083223343 
0.01494032237678766 -0.02354515716433525 -0.06819532811641693 
0.03023379668593407 0.01050011534243822 -0.1643012315034866 
-0.02689514681696892 0.003583351615816355 -0.05126554146409035 
0.02276487275958061 0.01021788269281387 -0.2456717193126678 
0.04197943583130836 0.002711223438382149 -0.1559087485074997 
0.06669124215841293 0.003248724853619933 -0.2009899318218231 
0.007818502373993397 -0.02216953039169312 -0.1494670361280441 
0.02387801744043827 -0.02299988456070423 -0.1702268868684769 
0.02057113312184811 0.02045515179634094 -0.1147358119487762 
0.02944616973400116 0.01466517429798841 -0.1295472681522369 
0.02179074287414551 0.0103001119568944 -0.1543871760368347 
0.03975383192300797 0.00157786370255053 -0.005218167789280415 
0.06052504852414131 0.0103001119568944 -0.191595733165741 
0.001091999234631658 0.01825027167797089 -0.1734049767255783 
0.01649151742458344 -0.02242228575050831 -0.07025736570358276 
-0.02355622127652168 0.007226393558084965 -0.1806906461715698 
-0.02965338528156281 -0.001222479855641723 -0.01340577378869057 
-0.003033316228538752 0.005698358174413443 -0.1563313901424408 
-0.006695655174553394 0.02499792724847794 -0.1040056943893433 
-0.02303818427026272 -0.007369490806013346 -0.2224038541316986 
-0.001660135923884809 0.01050011534243822 -0.07018928974866867 
0.05735379830002785 0.01050011534243822 -0.1971220225095749 
-0.02774998731911182 -0.003516975557431579 -0.1998111307621002 
0.03995656594634056 0.02050010859966278 -0.171108216047287 
0.01507887896150351 -0.002189099090173841 -0.2459997683763504 
-0.007186267524957657 0.01830011419951916 -0.1900921761989594 
0.06362284719944 -0.01702341809868813 -0.1809940040111542 
0.001213250914588571 -0.004387360066175461 -0.1530209630727768 
-0.02244570106267929 0.01904129236936569 -0.04936204478144646 
-0.028472650796175 -0.00895626749843359 -0.1650214642286301 
-0.01094011217355728 -0.02064487338066101 -0.1998612135648727 
-0.02937611751258373 0.0193066131323576 -0.1971729844808578 
-0.02490274049341679 -0.009752301499247551 -0.1207154542207718 
-0.02972140535712242 -0.008380018174648285 -0.1842454671859741 
0.04397610574960709 -0.0004318741848692298 -0.1506301015615463 
0.02441322430968285 -0.008512861095368862 -2.256692166469065e-09 
0.0600285604596138 -0.01739989407360554 -0.1802261769771576 
-0.01123611070215702 0.01815265789628029 -0.1912330985069275 
0.02392759919166565 -0.016385143622756 -0.05228334292769432 
-0.02918953076004982 0.006430234760046005 -0.01994556002318859 
-0.0229722298681736 -0.01437147986143827 -0.1021211892366409 
0.02697418816387653 0.02050010673701763 -0.1831069588661194 
0.02941301465034485 -0.007651893887668848 -0.1511193513870239 
-0.005781025625765324 -0.02499761059880257 -0.09922018647193909 
-0.02491462044417858 0.01958001032471657 -0.009888968430459499 
0.02905058674514294 -0.01903948374092579 -0.1337522566318512 
0.02975774928927422 -0.0062813526019454 -0.01119232922792435 
0.02251040749251842 -0.004768905229866505 -0.1498774588108063 
0.06360794603824615 -0.004318832419812679 -0.1808964014053345 
0.02408527955412865 0.02100011520087719 -0.1922292113304138 
0.01065054163336754 -0.02591390162706375 -0.1250511705875397 
-0.01741296797990799 0.02424155548214912 -0.1392409801483154 
0.003356696106493473 0.01146835088729858 -0.09000001102685928 
0.02490928582847118 0.01050011534243822 -0.1561501771211624 
0.02428967878222466 0.02431731671094894 -0.1972150653600693 
0.008173588663339615 0.0103001119568944 -0.2306063622236252 
0.03175685927271843 -0.006946972105652094 -0.1318238824605942 
0.05571221932768822 0.0103001119568944 -0.1965775936841965 
-0.02515226043760777 -0.01249998342245817 -0.06280289590358734 
-0.02431590855121613 -0.01179702673107386 -0.08800622820854187 
0.003395798150449991 0.003591304644942284 -0.1521947830915451 
0.02868856862187386 -0.006139303557574749 -0.1234212517738342 
0.01253976859152317 0.02548652142286301 -0.05552748590707779 
-0.02785000018775463 0.00286906911060214 -0.2032251954078674 
0.06653334945440292 -0.005744357127696276 -0.1856819987297058 
0.04338276386260986 -0.01563992723822594 -0.1508114486932755 
-0.01579211466014385 -0.0214998871088028 -0.1808877736330032 
0.05738916993141174 0.0103001119568944 -0.2099692225456238 
-0.0243111290037632 0.01829009130597115 -2.256692166469065e-09 
-0.02975153177976608 -0.009580373764038086 -0.1849028170108795 
0.02613658271729946 -0.01012706197798252 -0.1132475882768631 
0.008758261799812317 -0.02491913363337517 -2.256692166469065e-09 
0.02642807736992836 0.02050010673701763 -0.1870771795511246 
0.05158808082342148 -0.01569988206028938 -0.2110380530357361 
0.02583774738013744 -0.01589887775480747 -0.1211184114217758 
0.04993250966072083 -0.02149988897144794 -0.1687618046998978 
-0.02442234754562378 0.02314963191747665 -0.163195013999939 
-0.02698163129389286 0.006621509324759245 -0.1504767686128616 
0.0669030174612999 0.01530706789344549 -0.1901112496852875 
0.01549468003213406 0.01567668095231056 -0.1699087768793106 
-0.02715793065726757 -0.01136725209653378 -0.1525553613901138 
-0.008412754163146019 0.02818400040268898 -0.1524046212434769 
-0.003895784728229046 0.01050011534243822 -0.1652480810880661 
0.03880049288272858 0.01046839356422424 -0.1539348363876343 
-0.01157703809440136 -0.01569988019764423 -0.191172182559967 
0.02261921018362045 0.02262656204402447 -0.0009214378660544753 
-0.00844230130314827 -0.006046583410352468 -0.1578753292560577 
-0.004660114645957947 0.02503813244402409 -0.1008386164903641 
-0.007626973092556 -0.02541567198932171 -0.1167274042963982 
0.01546368841081858 -0.0214998871088028 -0.1508982330560684 
0.04420748353004456 0.0103001119568944 -0.2268508225679398 
0.02905475720763206 -0.02399988658726215 -0.212875559926033 
0.04337253049015999 0.01050011534243822 -0.173025980591774 
-0.003504904452711344 -0.02149988897144794 -0.1732117384672165 
-0.0187548790127039 0.01030011102557182 -0.2075201570987701 
0.03009741380810738 -0.00566774420440197 -0.006279734894633293 
0.01240456011146307 -0.02741246297955513 -0.14457768201828 
-0.01403247751295567 0.01029443368315697 -0.1621492654085159 
0.02214621007442474 0.02050010673701763 -0.2059580981731415 
0.03444826230406761 0.02050010673701763 -0.1786872744560242 
0.004045783076435328 0.01050011534243822 -0.1600224077701569 
0.026369359344244 -0.006290205754339695 -0.1121987029910088 
0.06032503396272659 0.009521455504000187 -0.2157427072525024 
-0.0139684034511447 -0.01739989407360554 -0.1801800578832626 
-0.01949215680360794 -0.01569988019764423 -0.222767561674118 
-0.008386138826608658 -0.01569988019764423 -0.21900874376297 
0.01059196330606937 0.02890369109809399 -0.01555400528013706 
0.0262457262724638 -0.01553911250084639 -0.03121722303330898 
-0.02950324490666389 0.005102765746414661 -0.1794850528240204 
0.02400425262749195 -0.01664186082780361 -0.04947798699140549 
-0.009212251752614975 0.02466878108680248 -0.0949673056602478 
-0.001418356550857425 0.02646560594439507 -0.1332505643367767 
-0.02444370090961456 0.01199033204466105 -0.07767133414745331 
0.01469075027853251 0.0103001119568944 -0.1562202274799347 
-0.0122362794354558 0.003396492917090654 -0.1608086675405502 
0.02183081395924091 -0.0204890500754118 -0.04234694689512253 
0.03553278744220734 0.01633504219353199 -0.2219276428222656 
0.006055853329598904 0.02500240504741669 -0.1027400568127632 
-0.001062397379428148 0.0103001119568944 -0.1629466563463211 
0.05666380375623703 0.01726065948605537 -0.2049999982118607 
-0.02940652705729008 -0.01727515645325184 -0.1839687079191208 
0.03095328621566296 0.02050010673701763 -0.1983354985713959 
0.05846022814512253 -0.01739989407360554 -0.1872863173484802 
0.01438478752970695 -0.02553542330861092 -0.04565109312534332 
0.01281534601002932 -0.01569987833499908 -0.1675308048725128 
-0.01867667399346828 -0.0215649139136076 -0.1264444291591644 
-0.001752077136188745 0.003551224246621132 -0.2417721897363663 
-0.02507677301764488 -0.01051593199372292 -0.128068745136261 
0.03100445866584778 0.02051131054759026 -0.1387720853090286 
0.02994624339044094 -0.0131934080272913 -0.1511451005935669 
0.01417804323136806 0.02050010673701763 -0.1583591997623444 
-0.02774997428059578 -0.004522351548075676 -0.2049031257629395 
0.03580993786454201 0.01830011419951916 -0.1755953282117844 
0.06189723312854767 -0.01580054312944412 -0.1945331990718842 
-0.02981403283774853 -0.00404728576540947 -0.007791349664330482 
-0.01549108140170574 -0.008536295033991337 -0.2322374880313873 
0.006874972488731146 -0.02491939254105091 -0.09831736236810684 
0.04422129690647125 0.01629718579351902 -0.1520894318819046 
0.03232927247881889 0.01830011606216431 -0.2234363853931427 
0.01883185096085072 -0.0239998884499073 -0.2258594781160355 
-0.0219312496483326 0.0103001119568944 -0.1992789655923843 
-0.001334050786681473 -0.02630643919110298 -0.1310505270957947 
0.008636150509119034 0.02050010859966278 -0.153408870100975 
0.04791125655174255 -0.01835558190941811 -0.2002637833356857 
0.02208476513624191 0.01911673508584499 -0.0512983612716198 
0.02093498222529888 -0.0214998871088028 -0.1591438800096512 
0.01501414552330971 -0.02654302306473255 -0.1345039010047913 
0.05861068889498711 0.009614897891879082 -0.1712962836027145 
0.04880546778440475 0.006406831555068493 -0.2325473129749298 
0.01200166065245867 0.02050010673701763 -0.1552359759807587 
0.007060116622596979 0.01097807288169861 -0.08951874822378159 
0.02133869007229805 0.01830011419951916 -0.2242015153169632 
0.01435692794620991 0.02589224278926849 -0.1282649636268616 
0.04122606664896011 0.006426299456506968 -0.2387980222702026 
0.01682204008102417 0.02477138489484787 -0.0401209257543087 
-0.01506952010095119 0.01050011534243822 -0.1803909093141556 
0.01287098880857229 0.01241142582148314 -2.256692166469065e-09 
-0.01282159984111786 -0.01739989407360554 -0.1747377663850784 
-0.02915828302502632 0.00496220588684082 -0.1734195500612259 
0.02458714693784714 -0.009501774795353413 -0.07647877931594849 
-0.00731067918241024 -0.02219988778233528 -0.1863724589347839 
-0.005019770003855228 -0.02822813577950001 -0.0341791994869709 
-0.02205241471529007 0.01946556009352207 -0.05061359703540802 
0.02964790910482407 0.01622226648032665 -0.1712319552898407 
0.009252020157873631 -0.0249699167907238 -0.07498569786548615 
0.03541002050042152 0.01575414463877678 -0.1410507261753082 
-0.02800936251878738 0.007109498605132103 -2.256692166469065e-09 
0.05275111645460129 0.0103001119568944 -0.2202698439359665 
0.04671809449791908 0.01771686039865017 -0.1991439610719681 
0.02810028195381165 0.001086032949388027 -0.03669717535376549 
0.02026491984724998 0.0103001119568944 -0.161201149225235 
0.04684323072433472 -0.01569988019764423 -0.1880651712417603 
-0.0155273275449872 0.02558189444243908 -0.1419867277145386 
-0.001054699416272342 -0.02399988658726215 -0.2135740965604782 
0.0305857639759779 0.01220259163528681 -0.1717119067907333 
0.002337985904887319 -0.009836090728640556 -0.1526391506195068 
-0.01752626523375511 0.02446755394339561 -0.03770961239933968 
-0.02785000018775463 0.002127005951479077 -0.1872552782297134 
0.008501628413796425 0.01830011419951916 -0.2074773758649826 
0.05536770075559616 0.01050011534243822 -0.2046131044626236 
0.05786518007516861 0.005879323929548264 -0.2205323278903961 
-0.02489008754491806 -0.01319681107997894 -0.1337386518716812 
-0.01720817573368549 0.02050010859966278 -0.178847149014473 
-0.009204158559441566 -0.02859199792146683 -0.02558697573840618 
-0.003251717425882816 0.01050011534243822 -0.1645176708698273 
-0.02340734377503395 0.005688145756721497 -0.174349382519722 
0.007533140480518341 0.02763384580612183 -0.1468373537063599 
0.004848606418818235 0.01050011534243822 -0.158674567937851 
-0.02264998480677605 -0.0159198809415102 -0.07775169610977173 
0.02509459853172302 -0.007110525388270617 -0.101722739636898 
0.005635080859065056 -0.01569988206028938 -0.1693112105131149 
0.06084034591913223 0.009920042008161545 -0.1815223544836044 
0.01866209506988525 0.02371366322040558 -0.03759420663118362 
0.04467589408159256 0.02050010673701763 -0.1633876115083694 
0.007400794886052608 -0.02700714021921158 -0.1400402784347534 
-0.01058188639581203 -0.01779774203896523 -0.1906254142522812 
-0.02249935269355774 0.02086790837347507 -0.03147317096590996 
0.03088140860199928 -0.004480943083763123 -0.009341638535261154 
-0.02953678369522095 -0.007721913978457451 -0.01072727795690298 
-0.02319605275988579 0.01050011534243822 -0.1928543448448181 
-0.01821345649659634 -0.02624400705099106 -0.1651918888092041 
0.066208615899086 -0.01974189653992653 -0.1952792555093765 
0.03514233976602554 -0.02149988897144794 -0.1637520343065262 
-0.01232147216796875 0.002239628229290247 -0.1608792245388031 
0.01270012184977531 -0.0239998884499073 -0.1887409687042236 
0.02739728987216949 -0.01958025060594082 -0.1696642190217972 
0.01018560864031315 -0.02462411485612392 -0.07998178154230118 
-0.02850972674787045 -0.01985853165388107 -0.1808127164840698 
0.00762303126975894 0.0105001162737608 -0.07763645052909851 
-0.003130799857899547 0.02678414806723595 -0.1373332738876343 
-0.004541964735835791 -0.02566850930452347 -0.1211370900273323 
0.04189946129918098 -0.007704210467636585 -0.1557538509368896 
0.03095561452209949 0.02050010673701763 -0.1770408898591995 
0.02459571696817875 -0.01227468997240067 -0.0669059157371521 
-0.003158230567350984 0.005299190990626812 -0.1548864543437958 
0.04159296676516533 -0.0161580853164196 -0.1792931109666824 
0.01289127767086029 -0.02357158437371254 -0.09414566308259964 
-0.0198175236582756 0.006109369918704033 -0.2220926880836487 
0.06465113162994385 -0.003480869345366955 -0.1849430203437805 
0.05668765306472778 -0.01569988019764423 -0.1720869094133377 
0.01399694941937923 0.004254256375133991 -0.2458107322454453 
-0.01956121623516083 -0.01731950789690018 -0.1686903685331345 
0.02052239514887333 0.006306727416813374 -0.2460472881793976 
-0.02420244179666042 0.01244465075433254 -0.08101749420166016 
-0.007723725400865078 0.02050010859966278 -0.1610635668039322 
-0.00983843207359314 0.02050010673701763 -0.1948178857564926 
0.04066400229930878 0.01050011534243822 -0.156954824924469 
0.01090426463633776 0.0242285318672657 -0.09276790916919708 
0.02354574203491211 0.002325852867215872 -0.14993616938591 
-0.01027758978307247 -0.004296231083571911 -0.2366170436143875 
0.02333591878414154 0.02050010673701763 -0.189784437417984 
-0.01449999958276749 0.01068100519478321 -0.2040130943059921 
-0.001513589988462627 0.0009659710340201855 -0.1541986167430878 
0.04598076641559601 -0.0170437041670084 -0.1745269298553467 
-0.01412305515259504 0.02050010673701763 -0.1857351511716843 
0.04242904484272003 0.01134548615664244 -0.1753586083650589 
0.01574167981743813 -0.02273812517523766 -0.07206994295120239 
0.001995858736336231 -0.02598129026591778 -0.06676198542118073 
0.02427231706678867 -0.02211317792534828 -0.1301968991756439 
-0.02676716819405556 -0.01987448148429394 -0.1647934317588806 
-0.02400899305939674 -0.009295368567109108 -0.1750454604625702 
-0.02613810263574123 0.009080614894628525 -0.05967202037572861 
0.05686685815453529 0.0103001119568944 -0.1965839862823486 
-0.01630733162164688 -0.02270778827369213 -0.1189733445644379 
-0.02500643208622932 -0.007389869540929794 -0.09623482823371887 
0.01753504946827888 -0.02240521647036076 -0.0624920167028904 
-0.02774999476969242 -0.007609247695654631 -0.1870147883892059 
-0.0299300029873848 -0.00543898344039917 -0.1918075382709503 
-0.01019836496561766 -0.01569988019764423 -0.1759543567895889 
0.06438565254211426 -0.01022937428206205 -0.1783795952796936 
-0.009746478870511055 -0.02485418319702148 -0.1094611808657646 
0.06336523592472076 0.005528239998966455 -0.214856743812561 
-0.01938926056027412 0.02456870302557945 -0.1486387401819229 
0.04587705805897713 0.01774579472839832 -0.1911900639533997 
0.0156221492215991 0.02711470238864422 -0.01520695351064205 
-0.00955353956669569 -0.02481725625693798 -0.08935539424419403 
-0.02438342943787575 -0.0114669082686305 -2.256692166469065e-09 
0.05014091357588768 -0.02149988897144794 -0.1983528584241867 
0.04089625924825668 0.01030011102557182 -0.1704040616750717 
-0.02509899437427521 -0.01739989407360554 -0.1817687898874283 
0.0222400538623333 0.01764676347374916 -0.06253175437450409 
0.02753056958317757 -0.023999884724617 -0.2229787707328796 
0.06485000252723694 -0.005311350338160992 -0.1863886713981628 
0.01916932873427868 -0.01697206310927868 -0.149702325463295 
0.03757536038756371 0.00400011008605361 -0.001602349453605711 
0.001811442780308425 0.01050011534243822 -0.1647702157497406 
0.022101990878582 0.01827557757496834 -0.05849085003137589 
0.05485683679580688 0.0103001119568944 -0.2258583605289459 
0.02114690653979778 0.006356339901685715 -0.1500241905450821 
0.02818830870091915 0.01375839859247208 -0.009550907649099827 
0.04467777162790298 0.02050010673701763 -0.1676000952720642 
0.03133908286690712 0.00272201863117516 -0.130766898393631 
0.02784789726138115 0.02050010673701763 -0.157674252986908 
0.01122447662055492 -0.0274992510676384 -0.1455075144767761 
-0.02785000018775463 -0.01647656410932541 -0.1970500946044922 
0.001741568790748715 0.01682027243077755 -0.2214189469814301 
0.04509187489748001 0.005600107833743095 -0.2350834161043167 
-0.01844318397343159 0.005148172844201326 -0.2288947403430939 
0.03394043445587158 -0.007198449224233627 -0.1523978412151337 
0.02468776516616344 0.01526594161987305 -0.05003789812326431 
0.02067535184323788 -0.02156646363437176 -0.1685812175273895 
0.02190659567713737 0.01644327118992805 -0.1655295789241791 
0.01553481165319681 0.01830011419951916 -0.2141657769680023 
0.0619443915784359 -0.01436774712055922 -0.1770780980587006 
0.009157582186162472 0.02902469784021378 -0.01828517764806747 
0.05374725908041 0.004957189783453941 -0.1654168963432312 
0.01524673961102962 -0.02504317462444305 -0.04751934856176376 
0.03983648866415024 -0.02399988658726215 -0.1887071132659912 
-0.02231587842106819 -0.02294666692614555 -0.003349150763824582 
0.04954728111624718 -0.01569988019764423 -0.203863650560379 
-0.02575679868459702 0.008027341216802597 -0.1365336924791336 
-0.02626252919435501 -0.005833452567458153 -0.1428763419389725 
0.03651531413197517 -0.01569988019764423 -0.2270874381065369 
0.04366874694824219 0.01050011534243822 -0.1648552417755127 
0.04421653598546982 0.02050010487437248 -0.1811890006065369 
-0.002031215000897646 -0.02531374618411064 -0.1123260855674744 
0.009091495536267757 0.02806587517261505 -0.03275040909647942 
0.05524861812591553 0.02050010673701763 -0.1734066009521484 
-0.02254602126777172 0.02074337378144264 -0.0323079526424408 
0.03174702823162079 0.0002437707880744711 -2.256692166469065e-09 
-0.004360581748187542 0.02755703963339329 -0.04304780438542366 
0.05935917049646378 0.0103001119568944 -0.1989003717899323 
0.005503976717591286 0.02751804329454899 -0.1455280929803848 
0.01115743536502123 -0.02728799171745777 -0.0375179685652256 
-0.029917998239398 -0.01123325061053038 -0.1907768100500107 
0.02635799907147884 0.02050010673701763 -0.2046859264373779 
0.02647031843662262 0.01663520187139511 -0.1694417297840118 
-0.01798908039927483 0.02150010876357555 -0.1677176803350449 
-0.02099410444498062 -0.02002247609198093 -0.05639486759901047 
-0.01053345575928688 0.0103001119568944 -0.2081898152828217 
-0.0253365021198988 -0.0004057293990626931 -0.128244549036026 
0.01180784869939089 0.009311468340456486 -2.256692166469065e-09 
0.008309317752718925 0.01830011419951916 -0.2079923152923584 
-0.01971074379980564 -0.0214998871088028 -0.1880888342857361 
0.007306130137294531 -0.02091972902417183 -0.1708544343709946 
0.04781631380319595 -0.01051553059369326 -0.2361993491649628 
0.03161411732435226 0.002826407551765442 -0.1313947588205338 
0.04589080810546875 -0.004767415579408407 -0.1529326587915421 
0.004713044501841068 -0.02768389135599136 -0.0414496511220932 
0.06023402512073517 0.01030011102557182 -0.2001896500587463 
0.05975572392344475 -0.01739989407360554 -0.2007813304662704 
-0.01879788562655449 -0.02149988897144794 -0.191554069519043 
-0.02617463283240795 0.008738109841942787 -0.2107890248298645 
0.06563998013734818 0.006279672961682081 -0.181220531463623 
0.02783482149243355 -0.003437574952840805 -0.03969060629606247 
-0.006908526178449392 0.02601222135126591 -0.06396564841270447 
0.02476552128791809 -0.005916941910982132 -0.0933571457862854 
0.0005901381373405457 -0.004997184500098228 -0.2426363229751587 
-0.01927809417247772 0.00784432515501976 -0.22791488468647 
-0.006062072236090899 0.0002268211101181805 -2.256692166469065e-09 
-0.008446447551250458 -0.01643752306699753 -0.1862638592720032 
-0.005037195049226284 0.008525890298187733 -0.1578547209501266 
-0.004863505251705647 0.01518394332379103 -0.1746985167264938 
-0.003940033726394176 0.02910235151648521 -0.02288286760449409 
-0.0003337746602483094 0.007100117858499289 -0.2396099716424942 
-0.01588639244437218 0.0103001119568944 -0.2122926115989685 
0.04837524145841599 -0.02149988897144794 -0.1929535567760468 
-0.02774999663233757 -0.00925242155790329 -0.1873444616794586 
-0.01824613660573959 0.02050010859966278 -0.189795508980751 
-0.02577326819300652 0.001209205947816372 -0.1790610700845718 
-0.007405038923025131 -0.00445701414719224 -0.2384538948535919 
-0.02710290811955929 -0.004877545870840549 -0.1820597052574158 
0.03627180680632591 0.008808059617877007 -0.2398233264684677 
0.05814536288380623 -0.02149989083409309 -0.1865138709545135 
0.02649624459445477 0.01142972894012928 -0.04603090509772301 
-0.025270726531744 -0.007250163704156876 -0.08381044864654541 
0.04085614904761314 -0.006080740131437778 -0.1552502512931824 
0.03092464059591293 -0.01289773918688297 -0.2445406317710876 
-0.01455287728458643 0.01030011102557182 -0.170297384262085 
-0.02293196693062782 0.009852454997599125 -0.1793469488620758 
0.05083135887980461 -0.01569988019764423 -0.2056910246610641 
0.01768851652741432 0.008600978180766106 -0.1498430669307709 
-0.0196964219212532 0.0103001119568944 -0.1763750910758972 
-0.004428127780556679 -0.02399988658726215 -0.2108228206634521 
0.05506256222724915 -0.01513876486569643 -0.1640117019414902 
0.01609660685062408 -0.02149988897144794 -0.1659864485263824 
0.02681508287787437 -0.01585815101861954 -0.02117197960615158 
-0.02833050303161144 0.0007286462932825089 -0.0330711267888546 
-0.01494355779141188 0.02315577119588852 -0.07780100405216217 
0.02047286368906498 -0.02126230485737324 -0.1177618131041527 
0.03225164860486984 -0.02219988405704498 -0.2229597866535187 
-0.02847002819180489 0.009612929075956345 -0.02526532858610153 
0.01654902473092079 -0.02660050615668297 -0.1437698602676392 
0.01880060881376266 -0.0001508901186753064 -0.2462481409311295 
-0.02935531362891197 0.00395908672362566 -0.1762571185827255 
0.008859939873218536 0.01575376465916634 -0.1704799830913544 
0.06301954388618469 0.001011034124530852 -0.1795827150344849 
0.06183120608329773 -0.01739989407360554 -0.1874760240316391 
0.03051408939063549 -0.02071825787425041 -0.1711451411247253 
0.0322846807539463 -0.0212993286550045 -0.1712084710597992 
0.06108669191598892 -0.02149988897144794 -0.1851509511470795 
0.0361999087035656 0.01030011288821697 -0.1668259799480438 
-0.002160061616450548 -0.023999884724617 -0.1844207346439362 
0.01688047684729099 0.01811909675598145 -0.2278534471988678 
-0.005630210507661104 -0.006659538485109806 -0.2397176921367645 
0.03992017358541489 0.01756822317838669 -0.1745395362377167 
0.03770247846841812 0.01030011288821697 -0.1592011600732803 
0.0191134475171566 -0.003151858691126108 -2.256692166469065e-09 
0.02654741145670414 0.01100046001374722 -0.04680924117565155 
-0.0002080181147903204 -0.01569988019764423 -0.2332191914319992 
0.02516869455575943 -0.0009198056068271399 -0.07429037988185883 
6.415694952011108e-05 0.02050010673701763 -0.1940474063158035 
0.05331659317016602 0.01030011288821697 -0.2294706404209137 
-0.01422716304659843 -0.009851232171058655 -0.1626137942075729 
0.002794035710394382 0.02513659000396729 -0.1065017953515053 
-0.01168363261967897 -0.0005069526960141957 -2.256692166469065e-09 
-0.0111992210149765 -0.01567560061812401 -0.2353061437606812 
0.06696814298629761 0.0007764862384647131 -0.1992626190185547 
0.01960961148142815 -0.01091417111456394 -0.2462234199047089 
-0.02379600517451763 -0.01357337459921837 -0.08013077825307846 
0.06408883631229401 0.003323405515402555 -0.1775992959737778 
-0.02549105510115623 -0.002815249375998974 -0.07856865227222443 
0.06370142102241516 -0.01494977809488773 -0.2145757228136063 
0.01564624905586243 0.02416158840060234 -0.1180183738470078 
0.02073884196579456 -0.01739989407360554 -0.1561382561922073 
-0.02622591331601143 0.0101114371791482 -0.05475959181785583 
0.02492372319102287 0.002436524257063866 -0.07848401367664337 
0.0579930804669857 -0.007851998321712017 -0.1675282716751099 
0.01454836875200272 -0.01990807428956032 -0.1688078045845032 
0.01956089027225971 0.0188007652759552 -0.09083659946918488 
-0.01283318176865578 0.02572138980031013 -0.1343358010053635 
0.02443345636129379 -0.01429534703493118 -0.05915821343660355 
0.04051058366894722 0.02050010673701763 -0.2008100897073746 
0.02233752235770226 0.01530738174915314 -0.07985361665487289 
0.02695239894092083 -0.0239998884499073 -0.2022352963685989 
0.009999999776482582 0.02249469049274921 -0.07980269193649292 
-0.02646832913160324 -0.003621911397203803 -0.05943950265645981 
0.03897484019398689 0.02150010876357555 -0.1515826135873795 
-0.02971682697534561 -0.007626807317137718 -0.002529314486309886 
-0.006937603466212749 0.02954354509711266 -0.01363543048501015 
-0.005513580050319433 0.007300106342881918 -0.2375738918781281 
0.02059406973421574 -0.0214998871088028 -0.1426903754472733 
0.01770232804119587 -0.02149989083409309 -0.1539823114871979 
-0.02924888953566551 -0.002021520864218473 -0.1745293736457825 
-0.01084588281810284 -0.01869728043675423 -0.1951630413532257 
0.001766237895935774 -0.02399988658726215 -0.1983011662960052 
0.005676132626831532 0.02521739900112152 -0.1098126620054245 
0.04972302913665771 0.00572153739631176 -0.1613031327724457 
0.06696253269910812 0.0108673395588994 -0.1946399807929993 
0.02624193392693996 0.01830011419951916 -0.2172264754772186 
0.03325116634368896 0.00400011008605361 -0.00199471483938396 
0.0506918728351593 -0.01569988019764423 -0.2202163636684418 
-0.01093222573399544 -0.0246161688119173 -0.08213347196578979 
-0.0237404927611351 -0.01300830487161875 -0.1069366410374641 
0.002845216309651732 0.0178455114364624 -0.1745731383562088 
0.02511744573712349 -0.007015162147581577 -0.1022431775927544 
-0.0149198779836297 0.02284169383347034 -0.09915190190076828 
0.01544168218970299 -0.02619854360818863 -0.03238005936145782 
-0.01852603070437908 0.02283661440014839 -0.04984692111611366 
0.05160060524940491 -0.02149988897144794 -0.1925773024559021 
0.06696686148643494 -0.003913652151823044 -0.1988978981971741 
0.03469021990895271 0.01546618342399597 -0.1397318542003632 
-0.02152483351528645 0.0009876834228634834 -0.1710354536771774 
-0.0259216669946909 -0.00718258460983634 -0.0677395761013031 
0.05587171390652657 3.148335963487625e-06 -0.1676299422979355 
-0.0006238638889044523 -0.000918984180316329 -0.1537851393222809 
0.06090858206152916 0.006073803640902042 -0.21446593105793 
0.03178481757640839 -0.004091977141797543 -0.01116730086505413 
-0.02522280067205429 0.006414013914763927 -0.1255571991205215 
0.02995784394443035 0.005860304459929466 -0.009528300724923611 
-0.02703690528869629 -0.01626641489565372 -0.1577236652374268 
-0.01107279770076275 -0.0217744167894125 -0.1597668081521988 
0.0007139439694583416 0.0105001162737608 -0.08182406425476074 
-0.002416449366137385 0.02503066882491112 -0.09640613198280334 
0.04838348180055618 -0.01332427747547626 -0.235830619931221 
-0.0158911794424057 -0.02409838698804379 -0.1318850666284561 
0.06143362820148468 -0.0175229087471962 -0.1734911203384399 
0.02500871196389198 0.005814938805997372 -0.1501755565404892 
0.02414183877408504 0.02100011520087719 -0.1922100186347961 
0.009999999776482582 0.01970905438065529 -0.08174881339073181 
-0.02032377012073994 0.0103001119568944 -0.1812980324029922 
-0.01948942989110947 0.01929074712097645 -0.1025612950325012 
0.04844149202108383 0.007300105877220631 -0.2323615401983261 
-0.02650240249931812 -0.008792812004685402 -0.2151107490062714 
-0.01093484647572041 -0.02438472956418991 -0.09981411695480347 
0.04400040209293365 0.01820023357868195 -0.2078226804733276 
-0.005253566894680262 -0.02649888768792152 -0.1337020248174667 
0.009093255735933781 0.02043246105313301 -2.256692166469065e-09 
0.009999999776482582 0.02345201186835766 -0.08309107273817062 
0.03955145180225372 -0.02399988658726215 -0.2138846665620804 
0.0606025755405426 0.007530036382377148 -0.1808154135942459 
-0.01165018510073423 0.02892178483307362 -0.005275520030409098 
-0.0009881159057840705 -0.004735125228762627 -0.002055002376437187 
0.0278551708906889 -0.0239998884499073 -0.2127832621335983 
-0.002491823397576809 0.01030011288821697 -0.1678092777729034 
-0.00443959329277277 -0.002091347239911556 -0.003968631848692894 
0.004844634793698788 0.02050010859966278 -0.1670705229043961 
-0.0279373973608017 0.0133739672601223 -0.01615944318473339 
-0.02224782109260559 -0.0002750675193965435 -0.2235912829637527 
-0.006840231828391552 -0.02512626722455025 -0.1074800193309784 
0.02146527357399464 0.0174512155354023 -0.07251601666212082 
0.04719869792461395 -0.01569988019764423 -0.1805396378040314 
0.02046339958906174 -0.01823783479630947 -0.1683053523302078 
-0.01785155758261681 0.0103001119568944 -0.17855304479599 
0.06695687770843506 0.006665734574198723 -0.1960765272378922 
-0.02629503794014454 -0.001057823421433568 -0.06268810480833054 
0.05611077696084976 0.01050591096282005 -0.1650457978248596 
1.882819924503565e-05 -0.01739989407360554 -0.1575184464454651 
0.01100741140544415 -0.0254652127623558 -0.1194574534893036 
0.03544129803776741 -0.02219988591969013 -0.1747774481773376 
-0.0280119888484478 0.01044736243784428 -0.1840337216854095 
0.04017841443419456 -0.02149988897144794 -0.1714681386947632 
-0.02707409858703613 -0.002163187600672245 -0.04917400702834129 
0.007613754365593195 0.01050011441111565 -0.165452241897583 
0.001072936342097819 -0.02568692900240421 -0.1210712417960167 
-0.01114107295870781 0.0232660099864006 -0.1597485691308975 
-0.0007773370598442852 -0.0158233679831028 -0.1738876849412918 
0.05737016350030899 -0.01569988019764423 -0.182218611240387 
-0.003567543113604188 -0.01739989407360554 -0.1648287773132324 
-0.0008871834725141525 -0.02903018891811371 -0.02407065033912659 
0.05901885032653809 0.01045792829245329 -0.1710864752531052 
0.02738064527511597 0.02150010876357555 -0.1397850215435028 
0.05150000005960464 0.01162323821336031 -0.1994161158800125 
0.05175615847110748 -0.01739989407360554 -0.1940996646881104 
-0.01433212868869305 0.02050010673701763 -0.174279972910881 
0.001398340449668467 -0.01569988019764423 -0.1563687324523926 
0.001221365761011839 0.02886943891644478 -0.02654704637825489 
-0.00150525476783514 0.001578979659825563 -0.1542023122310638 
0.002136948285624385 -0.02904744818806648 -2.256692166469065e-09 
0.04134566336870193 0.0181773453950882 -0.149720311164856 
-0.009380673989653587 -0.007495486177504063 -0.2371940612792969 
0.009999999776482582 0.02357704006135464 -0.0754537433385849 
-0.0289996899664402 -0.01610804162919521 -0.174568697810173 
0.007079144939780235 -0.003091199556365609 -2.256692166469065e-09 
-0.002901566214859486 0.02050010487437248 -0.1783468872308731 
0.02031699195504189 0.01936632953584194 -2.256692166469065e-09 
-0.01569110341370106 -0.0223469864577055 -0.1025755405426025 
-0.01571067981421947 -0.02246652916073799 -0.1070075482130051 
-0.006132260896265507 0.01030011288821697 -0.2236609160900116 
0.04680576175451279 0.01794249005615711 -0.1847034841775894 
0.003287078579887748 -0.01569988019764423 -0.2261112779378891 
-0.003602125216275454 0.01232330501079559 -0.06999999284744263 
0.05391773954033852 -0.01716923154890537 -0.2295584976673126 
-0.001877325703389943 -0.004496858920902014 -0.009115168824791908 
0.005637009628117085 -0.02149988897144794 -0.1699899733066559 
0.02281107753515244 -0.01443935092538595 -0.08226755261421204 
0.05337182432413101 -0.02149988897144794 -0.194547176361084 
0.0007192909251898527 0.0105001162737608 -0.0897526890039444 
0.003767196554690599 -0.02026604861021042 -0.1721701174974442 
-0.01795985735952854 -0.01048358529806137 -0.1665027737617493 
-0.02300591208040714 -0.02134438790380955 -0.0185403935611248 
-0.002635865937918425 -0.02396113984286785 -0.2171263694763184 
0.06269551068544388 0.01743455603718758 -0.1753525286912918 
0.005611773580312729 -0.01338160410523415 -0.1515346318483353 
-0.01526850089430809 0.008283583447337151 -0.1635185927152634 
0.04077029600739479 0.009265679866075516 -0.1467279940843582 
0.04331513494253159 0.01077390369027853 -0.1827559918165207 
-0.0196791160851717 -0.01929047517478466 -0.09704338759183884 
-0.0189410112798214 0.008148623630404472 -0.1700855791568756 
-0.005925138480961323 0.02904832921922207 -0.02331812120974064 
0.06045682355761528 0.01957635954022408 -0.2049999982118607 
0.002799560315907001 -0.02399988658726215 -0.2059495449066162 
-0.01339469105005264 -0.007842551916837692 -0.1619477719068527 
0.02571992762386799 0.01830011419951916 -0.2094679474830627 
0.02136977016925812 0.01830011233687401 -0.2164081335067749 
0.01061751414090395 0.02633624896407127 -0.05161459743976593 
0.06087566539645195 -0.01569988019764423 -0.2028710544109344 
0.008461331948637962 -0.007890320383012295 -0.150901585817337 
0.03985599428415298 -0.003643898759037256 -0.002725680125877261 
0.06404843926429749 -0.01117831934243441 -0.1821798533201218 
-0.02787963300943375 0.01481879409402609 -5.701358531950973e-05 
0.01361978240311146 0.02439358830451965 -0.06528294086456299 
0.05485697835683823 0.01050011534243822 -0.1806939244270325 
0.01678791455924511 0.02050010673701763 -0.1632481813430786 
-0.0277610719203949 -0.002581125590950251 -0.0403696782886982 
0.01198696531355381 -0.02469016797840595 -0.06983833014965057 
-0.01046672184020281 0.01253266911953688 -0.1966811120510101 
0.03566459193825722 -0.02005691453814507 -0.1740545034408569 
0.02282028645277023 0.02017068304121494 -0.0342954657971859 
0.02845246344804764 0.01348886452615261 -0.002523940056562424 
0.02968091517686844 -0.01569988019764423 -0.2277108728885651 
0.006155876908451319 -0.007450306322425604 -2.256692166469065e-09 
0.01457608118653297 0.02050010673701763 -0.1904083639383316 
0.02148326858878136 -0.02399988658726215 -0.2071421444416046 
0.0256142970174551 -0.001486938213929534 -0.06830064952373505 
0.02083207853138447 0.02134170942008495 -0.04517526552081108 
0.01395918242633343 0.0103001119568944 -0.2384504973888397 
0.0660601332783699 -0.01184702385216951 -0.2045691162347794 
0.019169881939888 0.005269511602818966 -2.256692166469065e-09 
0.03157899156212807 0.00867193192243576 -0.131452813744545 
0.05438778549432755 -0.0150406127795577 -0.2301396876573563 
-0.01892707496881485 -0.02037937007844448 -0.1148510128259659 
0.04950772970914841 0.01030011102557182 -0.2221647799015045 
-0.02991070225834846 -0.002186207566410303 -0.1901502460241318 
-0.002510398393496871 0.0236460343003273 -2.256692166469065e-09 
-0.005717223975807428 -0.02149989083409309 -0.173909917473793 
-0.005092736799269915 -0.01739428751170635 -0.2247129827737808 
0.02486222423613071 0.0215001069009304 -0.1419062912464142 
-0.008918379433453083 -0.01371259614825249 -0.1584634184837341 
-0.01309398468583822 -0.01346631348133087 -0.1616367995738983 
-0.01920119673013687 -0.02166401594877243 -0.05682626366615295 
0.02855615131556988 -0.003114643506705761 -0.03108901157975197 
0.006936398334801197 -0.02980474941432476 -0.003497006371617317 
-0.02817982994019985 0.005394408479332924 -2.256692166469065e-09 
-0.0207963977009058 -0.01813116855919361 -0.08850068598985672 
-0.02868980169296265 -0.01232531666755676 -0.007319599390029907 
-0.02116035111248493 0.005600107833743095 -0.2213486582040787 
0.01451993640512228 0.007014354225248098 -0.2458370178937912 
-0.006895666010677814 0.02050010673701763 -0.2003731280565262 
-0.01877897791564465 0.0103001119568944 -0.2069509923458099 
-0.009438503533601761 0.01492859423160553 -0.1905971318483353 
0.01306113507598639 0.01050011534243822 -0.1571258306503296 
0.003581196535378695 0.01030011102557182 -0.2377426326274872 
0.03554359823465347 -0.02149989083409309 -0.1650295257568359 
0.02569129317998886 -0.018635343760252 -0.0003212532901670784 
0.06567167490720749 0.01593738794326782 -0.2049999982118607 
0.004796569235622883 -0.007468768861144781 -0.151830330491066 
-0.02017145976424217 0.01050011534243822 -0.1957960724830627 
-0.02983160875737667 0.01337664108723402 -0.1890487372875214 
-0.02636469714343548 0.01737287081778049 -0.1556631624698639 
0.01986176148056984 0.02150010876357555 -0.1476772278547287 
-0.01644637063145638 -0.01293270662426949 -2.256692166469065e-09 
-0.01973417401313782 0.0196036584675312 -0.1160994693636894 
0.02604024671018124 0.005190455820411444 -0.06257498264312744 
0.02486957237124443 0.0013077596668154 -0.08109936118125916 
0.0193735659122467 -0.02124667167663574 -0.1126087605953217 
0.05991248786449432 -0.01739989407360554 -0.1826863884925842 
-0.01715718954801559 0.01757432334125042 -0.2050000131130219 
-0.02472622692584991 -0.02026356384158134 -0.1540888994932175 
-0.02280536293983459 -0.02063153311610222 -0.02945034019649029 
-0.02773457951843739 0.008763944730162621 -0.21033576130867 
-0.02774996124207973 -0.003517430508509278 -0.2077577412128448 
-0.009999999776482582 0.01309303939342499 -0.08496863394975662 
-0.0214459914714098 0.01822008937597275 -0.07177998870611191 
-0.007128074765205383 -0.01739989407360554 -0.1596386432647705 
-0.02688531577587128 0.01112718880176544 -0.1500967890024185 
0.03550215810537338 0.0170011930167675 -0.1748136430978775 
-0.01638117060065269 -0.02647467888891697 -0.1501797735691071 
0.02168822474777699 0.01030011102557182 -0.1576259732246399 
0.04873568564653397 0.02050010487437248 -0.189436137676239 
0.02970008924603462 -0.02065502852201462 -0.1370443105697632 
0.04463493078947067 -0.02399988658726215 -0.1975160986185074 
0.04620461538434029 -0.01682502031326294 -0.1881125718355179 
-0.02774986810982227 0.009337909519672394 -0.2056238651275635 
0.03027569875121117 0.0005361728835850954 -0.1281545460224152 
-0.009541262872517109 0.02710103802382946 -0.04315951839089394 
-0.02467462606728077 -0.01021698489785194 -0.1764463484287262 
-0.01403895113617182 -0.02741941064596176 -0.02285297960042953 
-0.008209175430238247 -0.02507530339062214 -0.08188240975141525 
0.02988704107701778 -0.02037409320473671 -0.1703952699899673 
-0.01073459722101688 0.0103001119568944 -0.2352888137102127 
0.0170263908803463 0.0005993320955894887 -0.2461805939674377 
0.02152072638273239 -0.0164277832955122 -0.1512847095727921 
0.01672307215631008 -0.009811532683670521 -0.1498019248247147 
-0.02235510013997555 0.02056692354381084 -0.1430037319660187 
-0.02175211906433105 -0.008834291249513626 -0.1712903082370758 
0.02540770918130875 -0.01570501551032066 -0.1191173121333122 
0.05628759041428566 0.02050010859966278 -0.2009598016738892 
-0.007651828695088625 0.007767052389681339 -0.1573425978422165 
0.05017146468162537 0.0103001119568944 -0.2131448686122894 
0.02648054249584675 0.01380469184368849 -2.256692166469065e-09 
-0.004416906274855137 -0.01843984238803387 -0.1795308291912079 
-0.007398650050163269 -0.01739989407360554 -0.2230867147445679 
0.04173743724822998 0.02050010673701763 -0.1766026169061661 
0.007003961596637964 -0.02579693496227264 -0.06689298897981644 
-0.007421487011015415 0.02946443296968937 -0.01445731427520514 
0.04623951017856598 -0.02298743650317192 -0.1933522522449493 
0.006231332197785378 -0.02557926252484322 -0.1189193651080132 
-0.002629960887134075 -0.009681625291705132 -0.1546284556388855 
0.0005115482490509748 -0.01739989407360554 -0.1624753773212433 
-0.00380167830735445 -0.01716930605471134 -0.1718388348817825 
-0.001870891428552568 -0.01739989221096039 -0.1742236912250519 
-0.02370958402752876 0.02150715701282024 -0.00224953587166965 
0.02658719569444656 0.01586706191301346 -0.02260600030422211 
0.03542903065681458 -0.02149988897144794 -0.1505431830883026 
-0.007383115589618683 0.02646856382489204 -0.05534887313842773 
0.01528945285826921 -0.02267923951148987 -0.07625769823789597 
0.02939906716346741 -0.02399988658726215 -0.2059470415115356 
0.03190524503588676 -0.003241111524403095 -0.151683896780014 
0.06485000252723694 -0.008294763043522835 -0.1864320635795593 
0.04819022491574287 -0.01739989407360554 -0.2251681685447693 
0.05884774029254913 0.0103001119568944 -0.1975838840007782 
0.003333240514621139 -0.007935267873108387 -0.1521032601594925 
-0.00620952108874917 0.02984735555946827 -0.000793625193182379 
-0.009614471346139908 0.02533601596951485 -0.07087221741676331 
-0.0004083269159309566 0.01284384168684483 -0.2199236750602722 
-0.0255686342716217 -0.01810187101364136 -0.01955356821417809 
0.004071756731718779 -0.02527860179543495 -0.1108639016747475 
0.02626037038862705 0.01072714477777481 -0.05121538043022156 
0.04000652208924294 0.01805997639894485 -0.1481569707393646 
0.01355784479528666 0.02348675206303596 -0.1009230464696884 
-0.02579061314463615 0.004721333738416433 -0.1363670229911804 
0.02393928915262222 -0.0152033930644393 -0.1100893765687943 
-0.009324840269982815 0.01657544076442719 -0.1809853315353394 
-0.02990364655852318 0.008787916041910648 -0.1897305846214294 
-0.02519663982093334 -0.00798747967928648 -0.1248858496546745 
-0.02214657515287399 0.003542464226484299 -2.256692166469065e-09 
0.03006336838006973 -0.01901528984308243 -0.2250419855117798 
0.02975717931985855 -0.02007829397916794 -0.1363110244274139 
-0.02668102830648422 0.004206957761198282 -0.2146885544061661 
0.0298340693116188 0.002389680594205856 -0.1511122733354568 
-0.002909894101321697 -0.02635097876191139 -0.06030035018920898 
0.02550690993666649 0.003155626123771071 -0.06974399089813232 
-0.007312427274882793 0.02489849738776684 -0.09759905189275742 
-0.02942677587270737 -0.009002016857266426 -0.01070589292794466 
-0.02405309304594994 -0.01360765472054482 -0.07373037189245224 
0.06373597681522369 0.003240258665755391 -0.1767755299806595 
-0.02522245422005653 -0.01005289517343044 -0.1299856007099152 
-0.02840890362858772 0.002731295302510262 -0.1642406582832336 
0.03031160123646259 0.02050010673701763 -0.2025811672210693 
0.01919899322092533 -0.02376341074705124 -2.256692166469065e-09 
-0.0007253675721585751 0.01050011534243822 -0.08361174166202545 
0.03433588892221451 -0.01522916648536921 -0.152320384979248 
0.003350467653945088 -0.02149988897144794 -0.1651764214038849 
0.04396815598011017 -0.02239490672945976 -0.1862256973981857 
-0.02238090336322784 -0.02199851721525192 -0.01992914080619812 
0.0130587313324213 -0.023999884724617 -0.1744614988565445 
0.0553470216691494 0.0103001119568944 -0.2137938737869263 
0.002182689029723406 -0.02628430351614952 -0.06163953989744186 
0.06398265063762665 -0.004467175342142582 -0.1773514151573181 
0.009114019572734833 -0.002037441357970238 -0.150826707482338 
0.001804321305826306 -0.0239998884499073 -0.2017100900411606 
0.02751912735402584 0.007614942733198404 -0.2437942028045654 
-7.231230847537518e-05 0.0105001162737608 -0.1625321358442307 
0.01945823431015015 0.02150010876357555 -0.1463808864355087 
0.0165458470582962 -0.02149988897144794 -0.164363294839859 
-0.006201343145221472 0.01030011288821697 -0.2374116182327271 
0.04904813319444656 0.0105001162737608 -0.1646427065134048 
-0.02359487861394882 0.01347615383565426 -0.0917365550994873 
-0.01738031394779682 0.02050010673701763 -0.1758513301610947 
0.03650093451142311 -0.01271067745983601 -0.1532196700572968 
0.0316980816423893 0.001711904536932707 -0.2443764507770538 
0.01517652254551649 -0.01994149759411812 -2.256692166469065e-09 
-0.01250244490802288 -0.02591512724757195 -0.1351217925548553 
-0.0240657739341259 -0.0214998871088028 -0.1776514649391174 
0.01536674983799458 -0.01610176078975201 -0.1559213697910309 
0.0137531328946352 -0.02317251823842525 -0.08913610875606537 
-0.0261021051555872 0.008800116367638111 -0.2072688937187195 
0.02764715254306793 0.004706772975623608 -0.1191508769989014 
-0.02676685526967049 0.00309616350568831 -0.214485689997673 
0.01783168129622936 0.02206247672438622 -0.06315679848194122 
0.03026434406638145 0.006407538428902626 -0.1281197965145111 
0.03444098681211472 0.0103001119568944 -0.1628867983818054 
-0.02138793654739857 0.02264786139130592 -0.02300170436501503 
-0.007690760772675276 -0.01739989407360554 -0.1686087995767593 
0.06485000252723694 -0.01333654299378395 -0.198756530880928 
0.0352955088019371 0.02050010487437248 -0.1961201280355453 
0.008689726702868938 -0.02141098864376545 -0.1702694594860077 
0.02303465083241463 -0.02348558604717255 -0.1694089025259018 
0.01902058161795139 0.02009813860058784 -0.07478462159633636 
0.01046790741384029 0.006354489363729954 -2.256692166469065e-09 
-0.01480169780552387 -0.0231266263872385 -0.08100434392690659 
-0.002140006516128778 0.01728982664644718 -0.06999999284744263 
-0.02773357182741165 0.009881972335278988 -0.2031734138727188 
0.009133946150541306 -0.02762906439602375 -0.03771492093801498 
-0.01379737909883261 0.02494003623723984 -0.05726015567779541 
0.003091585356742144 -0.02969064377248287 -0.01298820972442627 
0.02811646461486816 -0.003830804489552975 -0.03624335676431656 
-0.00765664828941226 -0.01738560386002064 -0.1750614643096924 
0.03161881864070892 -0.02399988658726215 -0.1854061931371689 
0.02726932242512703 0.0103001119568944 -0.1631967425346375 
0.0005839247605763376 0.01358707714825869 -0.2207056283950806 
-0.01222735643386841 0.02654965221881866 -0.04316562786698341 
-0.02691925689578056 0.00601591169834137 -0.1816280782222748 
0.02789546176791191 -0.007336104288697243 -0.03827472031116486 
0.05095192044973373 -0.01674015074968338 -0.2337039858102798 
0.03829891607165337 -0.01719297841191292 -0.1456243097782135 
0.02267470210790634 0.0218337457627058 -0.01859481818974018 
0.01572809740900993 0.02050010487437248 -0.1680546402931213 
0.001916373381391168 -0.01739989407360554 -0.1720934063196182 
-0.009999999776482582 0.01109806075692177 -0.07731582224369049 
0.03232794627547264 0.005226030945777893 -0.1518024653196335 
0.003329982981085777 0.02050010859966278 -0.196502223610878 
-0.007396665401756763 0.02762348018586636 -0.1465854495763779 
0.03981372714042664 0.00553997466340661 -0.1550227552652359 
-0.0243518278002739 -0.01467266492545605 -0.06021954864263535 
0.04591485857963562 0.02069036662578583 -0.156112402677536 
0.04406379908323288 0.008811542764306068 -0.157000944018364 
0.06266841292381287 -0.01739989593625069 -0.1846555769443512 
0.04481616243720055 0.02050010673701763 -0.181947186589241 
-0.0009445358882658184 0.008471661247313023 -0.2391356527805328 
0.009278836660087109 0.011335838586092 -0.2248757928609848 
0.03091315552592278 -0.009449388831853867 -0.1299785673618317 
0.003342119976878166 -0.003487889654934406 -0.002882102970033884 
-0.0103913601487875 -0.01739989407360554 -0.1632326990365982 
0.04988276585936546 0.01779182627797127 -0.1945886015892029 
0.002941936952993274 -0.008789524435997009 -0.2434470057487488 
-0.02992497384548187 0.001548052299767733 -0.1913757622241974 
0.05696193501353264 -0.01858844235539436 -0.1675008535385132 
-0.01964539848268032 0.02418023720383644 -0.1476511508226395 
0.02954807505011559 0.005455509293824434 -0.1259272992610931 
-0.01359120197594166 -0.01638405025005341 -0.1620153337717056 
0.003022460266947746 0.001291004475206137 -0.1522216200828552 
0.001419504173099995 -0.01900248602032661 -0.2220025956630707 
0.01275127753615379 0.02715081162750721 -0.1989377737045288 
-0.02558822184801102 -0.01370269432663918 -0.1784595549106598 
0.01958205923438072 0.0191403403878212 -0.09661480039358139 
-0.01459212973713875 0.02150010876357555 -0.1636113673448563 
-0.02552720159292221 -0.0145765021443367 -0.1783563643693924 
0.05909550935029984 -0.009857309982180595 -0.2237519025802612 
0.04984774440526962 -0.01739989407360554 -0.1752668023109436 
-0.02061640098690987 -0.01911631599068642 -0.07173856347799301 
0.0373954251408577 -0.02149989083409309 -0.1725438982248306 
0.03023747354745865 -0.01834472641348839 -0.1704981625080109 
-0.01893807575106621 0.008800116367638111 -0.2267103791236877 
0.06609781831502914 9.196996688842773e-05 -0.1833730340003967 
0.02387209609150887 0.01670187339186668 -0.05113958567380905 
0.03959006816148758 -0.02091444656252861 -0.176994264125824 
-0.02502725273370743 -0.01179353892803192 -2.256692166469065e-09 
-0.02713450230658054 -0.01157530397176743 -0.152528315782547 
-0.02920817025005817 -0.007527573499828577 -0.2038686126470566 
0.05956766381859779 -0.01332147791981697 -0.223105788230896 
0.02392782457172871 -0.01953302882611752 -0.1232708469033241 
0.0409712977707386 0.02050010673701763 -0.1732464730739594 
-0.0083280298858881 -0.002188447862863541 -0.1577979922294617 
-0.002184642944484949 0.02789558470249176 -0.03879259154200554 
-0.00922514870762825 -0.02543528936803341 -0.07087495923042297 
-0.01821757480502129 0.02279830165207386 -0.05283062905073166 
0.01695011928677559 0.02050010673701763 -0.175781786441803 
-0.01018542051315308 0.01030011288821697 -0.1820108145475388 
-0.02278194949030876 -0.01530491653829813 -0.1148700416088104 
0.06475000083446503 -0.01488879043608904 -0.1937639862298965 
-0.02476717531681061 -0.0005615876289084554 -0.2192193269729614 
-0.01957524754106998 0.01983894780278206 -0.07582424581050873 
0.01512524019926786 -0.02351207099854946 -0.06719230115413666 
0.02717485092580318 -0.01224151253700256 -0.1204022616147995 
0.01216036826372147 -0.009507399052381516 -0.1500782072544098 
0.0520637184381485 0.0103001119568944 -0.2010404765605927 
0.05243708193302155 -0.003545877058058977 -0.1636138260364532 
0.007562043610960245 0.02150010876357555 -0.1518712639808655 
-0.0277499258518219 0.005757518112659454 -0.2075791656970978 
0.02616816759109497 0.01030011102557182 -0.2350362092256546 
-0.003789756912738085 -0.025198083370924 -0.1090116202831268 
-0.002390888519585133 0.01054355036467314 -0.1773496568202972 
-0.0223603080958128 0.01966258138418198 -0.04546958580613136 
0.06273737549781799 -0.01298440620303154 -0.1748310774564743 
-0.02969897538423538 0.01588273793458939 -0.1860910207033157 
0.05654458329081535 -0.00700485473498702 -0.2276711314916611 
0.003621604293584824 -0.01569988019764423 -0.2251859605312347 
-0.01374638080596924 0.001932141603901982 -0.1623092889785767 
0.05853120610117912 -0.008193299174308777 -0.16823710501194 
-0.002979823853820562 0.01970275491476059 -2.256692166469065e-09 
-0.02928784675896168 -0.009320218116044998 -0.1750065386295319 
0.04424278810620308 0.02050010673701763 -0.1599721908569336 
0.004841645248234272 -0.01168922614306211 -0.2440999150276184 
0.00539462873712182 0.02500840090215206 -0.1029313430190086 
0.04769003391265869 -0.02149989083409309 -0.1648156642913818 
0.04176528379321098 -0.02149988897144794 -0.1642498373985291 
-0.02478618919849396 -0.01712407544255257 -0.1967869848012924 
-0.01708109863102436 -0.02093183808028698 -0.2049999982118607 
0.05607719719409943 -0.003078814363107085 -0.2282577753067017 
0.0245668888092041 0.02100011333823204 -0.1961820125579834 
-0.01042269356548786 -0.02682779170572758 -0.1402609944343567 
0.01436205767095089 -0.01358058396726847 -0.1499759703874588 
0.02885200083255768 -0.01490847580134869 -0.1509139239788055 
0.02492664195597172 -0.01624630391597748 -0.2267748862504959 
0.02814098447561264 0.02050010673701763 -0.1537777036428452 
0.004657729528844357 0.02050010673701763 -0.1970309615135193 
0.020818792283535 0.01770992390811443 -0.09785661846399307 
0.0001124180271290243 -0.02888199687004089 -0.02638637274503708 
0.06196298822760582 0.0215001106262207 -0.1812423914670944 
-0.009995407424867153 0.0103001119568944 -0.2234940826892853 
-0.001862777746282518 -0.02399988658726215 -0.2021686583757401 
0.06137256324291229 0.01873250305652618 -0.1739162504673004 
0.006015286315232515 -0.01569988019764423 -0.1574570536613464 
0.0199345238506794 -0.01970869489014149 -0.06842857599258423 
-0.02968124859035015 -0.005883536767214537 -0.01066880952566862 
0.04352301359176636 0.0111446175724268 -0.1768037080764771 
0.02454326301813126 -0.01936782896518707 -0.2268695831298828 
0.02196657471358776 -0.01872272789478302 -0.05699422955513 
0.03782277554273605 0.0215001106262207 -0.1525768637657166 
0.04379448667168617 -0.007939652539789677 -0.1568312793970108 
-0.02891502529382706 -0.0001530449371784925 -0.02551885694265366 
-0.02562176249921322 -0.01741574332118034 -0.0244493056088686 
-0.0032009850256145 -0.01708139479160309 -2.256692166469065e-09 
0.06189445406198502 -0.01739989407360554 -0.1914351284503937 
-0.02100849896669388 -0.01569987833499908 -0.1933234333992004 
-0.02141348645091057 -0.01569988019764423 -0.1759036332368851 
-0.02645827829837799 0.018440006300807 -0.1589360386133194 
0.0162759218364954 -0.0249330960214138 -0.04146366566419601 
-0.02459867671132088 0.007100117858499289 -0.2135376334190369 
-0.0006013307720422745 0.0103001119568944 -0.22784523665905 
0.01315433904528618 -0.02341417782008648 -0.08872117847204208 
-0.02011828683316708 0.02050803229212761 -0.06068338453769684 
0.06010289117693901 -0.01029045972973108 -0.1705541759729385 
0.06446393579244614 -0.001668783137574792 -0.1836730688810349 
-0.008027000352740288 0.02480665966868401 -0.09521724283695221 
0.0597139298915863 -0.003794228658080101 -0.1731409579515457 
-0.02231454104185104 -0.01563636399805546 -0.1029948964715004 
0.06689133495092392 0.006002558395266533 -0.1998551189899445 
0.05519822239875793 0.01050011534243822 -0.1952016055583954 
-0.01546132005751133 -0.02219846844673157 -0.163510650396347 
-0.02331110276281834 0.01652403920888901 -0.06073068827390671 
-0.009077597409486771 0.01398888975381851 -0.07227563858032227 
-0.007769501302391291 0.01709302514791489 -0.2095163762569427 
0.009999999776482582 0.01307803764939308 -0.07636424899101257 
0.02564669027924538 0.008535722270607948 -0.1518526971340179 
-0.002835873980075121 0.005864083766937256 -0.2390573918819427 
-0.02544018998742104 0.002065105829387903 -0.08099405467510223 
-0.001719091553241014 0.02921096608042717 -0.02105830609798431 
-0.01186821982264519 -0.01567631587386131 -0.2348206788301468 
-0.02655474096536636 -0.001227336004376411 -0.1458846777677536 
0.01940720714628696 -0.01728191040456295 -0.2435934990644455 
0.06475003808736801 0.006917915306985378 -0.194013774394989 
-0.01803026348352432 -0.01569988019764423 -0.2095873355865479 
-0.02400078065693378 -0.02394950948655605 -0.1646968722343445 
0.03320325911045074 -0.01739989407360554 -0.1531089693307877 
0.04022300615906715 0.01113076135516167 -0.2170575708150864 
0.01483398023992777 0.003092169761657715 -2.256692166469065e-09 
-0.0213041640818119 -0.01329831592738628 -0.170626312494278 
0.02016726136207581 -0.02151781693100929 -0.1178354695439339 
0.01637671515345573 0.02165322564542294 -0.0924992710351944 
-0.02094337344169617 0.01771968230605125 -0.1017789244651794 
-0.01692675426602364 0.02384080924093723 -0.04965090751647949 
-0.02264637127518654 -0.01713548041880131 -0.06629692018032074 
0.01311441231518984 -0.02299988642334938 -0.1702689230442047 
-0.009431391023099422 0.01519438810646534 -0.205776259303093 
-0.02610963210463524 0.0003477332647889853 -0.06616378575563431 
-0.004065288230776787 0.02253038249909878 -0.09000000357627869 
-0.009855771437287331 -0.01252414844930172 -2.256692166469065e-09 
0.006779851391911507 -0.02653125487267971 -0.05559607967734337 
-0.02760941535234451 0.007506379391998053 -0.1843067407608032 
-0.02156933210790157 -0.02025372348725796 -0.04688672348856926 
-0.02316975966095924 -0.01685436628758907 -2.256692166469065e-09 
-0.01151677127927542 -0.006550846621394157 -2.256692166469065e-09 
-0.01704921945929527 0.02222040481865406 -0.07201489806175232 
0.02073389478027821 0.002523637842386961 -0.2460555881261826 
-0.01172632537782192 -0.02432568557560444 -0.08599614351987839 
-0.007409045938402414 0.02879252284765244 -0.02596108987927437 
0.004414188675582409 -0.02761408127844334 -0.04232773184776306 
-0.02296070381999016 0.01849783398211002 -0.137911468744278 
0.03312061354517937 -0.02399988658726215 -0.1930459141731262 
0.01542415376752615 0.0225247610360384 -0.2031203061342239 
0.02673152461647987 0.02150010876357555 -0.139710545539856 
-0.02656654641032219 -0.01595406793057919 -0.02058858051896095 
-0.00107107195071876 -0.01739989593625069 -0.1576574295759201 
0.00360526517033577 0.02649566903710365 -0.05739609524607658 
0.005137239117175341 0.01830011419951916 -0.2060764729976654 
0.06475000828504562 -0.005501949228346348 -0.1959756016731262 
-0.02990087121725082 -0.002536925952881575 -0.0004022639477625489 
0.003727307077497244 0.02302218973636627 -0.09000000357627869 
-0.00908270850777626 -0.01569988019764423 -0.1614793241024017 
0.04707095772027969 -0.02149988897144794 -0.1833982914686203 
-0.001151127275079489 -0.0239998884499073 -0.1928093433380127 
0.01287845894694328 0.02150010876357555 -0.1476666629314423 
0.0350349098443985 0.02050010673701763 -0.1862162500619888 
-0.02405493333935738 -0.01196251902729273 -0.1081668511033058 
-0.01752514578402042 -0.02764937095344067 -0.1627372354269028 
0.05024772882461548 0.02150010876357555 -0.1624986082315445 
0.02224467508494854 -0.02399988658726215 -0.2224002778530121 
0.06348001956939697 -0.008685937151312828 -0.1808363646268845 
0.0361575186252594 -0.0225956104695797 -0.1761389523744583 
0.0006562782218679786 0.0106928963214159 -2.256692166469065e-09 
0.06121058762073517 0.006328364834189415 -0.175613060593605 
0.06475003063678741 -0.005295973271131516 -0.2009087949991226 
-0.02272151038050652 0.008630062453448772 -0.1782644689083099 
0.06695320457220078 -0.005947739817202091 -0.1950407028198242 
0.05872382968664169 0.009855551645159721 -0.1714463531970978 
-0.02652666717767715 0.01291118934750557 -0.1483351290225983 
-0.01009395439177752 0.00591621920466423 -0.159368559718132 
0.02953766658902168 0.005026204045861959 -0.01681891828775406 
-0.0241521168500185 -0.01739989407360554 -0.1788901090621948 
-0.01971493661403656 0.007450743578374386 -0.1685459464788437 
0.01072653196752071 -0.008636035956442356 -0.2455113381147385 
-0.003859577234834433 -0.0221082828938961 -2.256692166469065e-09 
0.02740011923015118 -0.01569988019764423 -0.1528181433677673 
-0.02918831259012222 -0.01798615418374538 -0.1823710501194 
-0.019039710983634 -0.0199010819196701 -0.09887120872735977 
-0.02774999476969242 -0.00912957638502121 -0.1891368180513382 
0.05069578438997269 -0.007101355120539665 -0.1585689783096313 
-0.01325423270463943 -0.01657351665198803 -0.1704863458871841 
-0.00745305884629488 -0.02523072250187397 -0.08011986315250397 
0.01269342005252838 0.02171424776315689 -0.1972781419754028 
0.002644847379997373 -0.009871313348412514 -0.2433631718158722 
0.06115715205669403 -0.008106955327093601 -0.1755049824714661 
0.04952387139201164 0.008225438185036182 -0.1571805626153946 
-0.002321625128388405 0.02050010673701763 -0.2041996121406555 
0.0304254237562418 0.01730011217296124 -0.2266572862863541 
-0.01266385521739721 -0.02867829613387585 -0.003435050137341022 
0.06609977781772614 -0.01084249652922153 -0.204344317317009 
0.01880650594830513 -0.02523671463131905 -0.01684013940393925 
0.06048821657896042 0.01715562865138054 -0.1718309074640274 
0.02703726477921009 0.01455095689743757 -0.225057527422905 
-0.02589581348001957 0.01705491542816162 -0.022506944835186 
-0.009972894564270973 -0.02219988591969013 -0.2002288699150085 
-0.01980992592871189 0.006145781371742487 -0.225243091583252 
-0.01808121986687183 0.02178417891263962 -0.06906445324420929 
0.04416163265705109 0.01253011729568243 -0.184731736779213 
-0.02992644533514977 0.0006772003835067153 -0.003371506696566939 
0.03512455895543098 0.02050010859966278 -0.1925807446241379 
0.04188327118754387 -0.02399988658726215 -0.1852734684944153 
-0.02785000018775463 -0.01192252337932587 -0.2005601972341537 
-0.0223514661192894 -0.02068101614713669 -0.2049999833106995 
0.02113152854144573 0.01134072057902813 -2.256692166469065e-09 
0.02626049518585205 0.01050011534243822 -0.1527303010225296 
0.009314007125794888 0.01426417287439108 -0.1698569506406784 
0.04290715605020523 -0.01569988019764423 -0.1802276223897934 
-0.01302546076476574 -0.02846365794539452 -0.008158303797245026 
0.009074430912733078 0.02469621598720551 -0.09408672153949738 
0.02663039602339268 0.008005676791071892 -0.05241869017481804 
0.03322663158178329 0.006730440072715282 -0.1520782858133316 
0.03566977009177208 0.01050011441111565 -0.1688466817140579 
0.01754488795995712 -0.023999884724617 -0.1876006275415421 
-0.01544583588838577 0.01050011534243822 -0.1800305992364883 
0.0280946996062994 0.001458992715924978 -0.1210500597953796 
0.02120993845164776 0.02411974966526031 -0.1303326487541199 
0.0487980805337429 -0.01569988019764423 -0.2161669284105301 
0.03010953776538372 0.006856349296867847 -0.1528050899505615 
-0.007021469995379448 -0.02742131054401398 -0.04411297664046288 
-0.01731477677822113 -0.01739989407360554 -0.1722602695226669 
-0.004868904128670692 -0.01096827536821365 -2.256692166469065e-09 
-0.005011774133890867 -0.0157378725707531 -0.2266342788934708 
0.002461817115545273 0.01478211581707001 -0.2219864130020142 
0.04084177315235138 -0.008239512331783772 -0.1468701958656311 
-0.02785000018775463 -0.006696968805044889 -0.2029362618923187 
-0.02946469560265541 -0.0065682721324265 -0.0001100272202165797 
-0.01751883514225483 0.01493952423334122 -0.2049999833106995 
-0.01292287930846214 -0.02149988897144794 -0.201507568359375 
0.01232336834073067 -0.02595770359039307 -0.05025463178753853 
0.01200244575738907 0.02522225305438042 -2.256692166469065e-09 
0.05197208374738693 0.02050010673701763 -0.2004614174365997 
0.006637086626142263 0.00473308190703392 -0.244737982749939 
-0.006300851702690125 0.02740227431058884 -0.1442822068929672 
0.0294431559741497 0.01283846702426672 -0.1281401515007019 
0.03620195388793945 -0.01739989407360554 -0.1630576252937317 
-0.02284189313650131 -0.02301520295441151 -0.1553664952516556 
-0.01666518300771713 0.02580878883600235 -0.02754246816039085 
-0.006805380340665579 0.02050010673701763 -0.2043785899877548 
0.06477375328540802 0.02050010673701763 -0.199521541595459 
-0.02774998918175697 -0.001564473379403353 -0.1866105198860168 
0.01584265381097794 -0.02631310746073723 -0.1330924928188324 
0.01887037977576256 0.01030011102557182 -0.2450369596481323 
0.03291663154959679 -0.02219988591969013 -0.1729012578725815 
0.004534205421805382 0.001738484017550945 -0.002292901743203402 
-0.01008515059947968 -0.01739989221096039 -0.2235883772373199 
-0.02173064462840557 0.008496755734086037 -0.1716601848602295 
-0.0139777772128582 0.01578344963490963 -0.1931490004062653 
0.06485000997781754 -0.008520947769284248 -0.198064848780632 
0.03791293874382973 0.01442709565162659 -0.1713675260543823 
0.02674407139420509 0.02050010487437248 -0.1791838258504868 
0.00143551523797214 -0.004128621891140938 -0.009999992325901985 
0.02149475179612637 -0.01659015938639641 -0.153368353843689 
-0.02638503164052963 0.02050010487437248 -0.1924352794885635 
0.02503456547856331 -0.007766467519104481 -0.07467825710773468 
0.003649467136710882 0.001774885226041079 -0.1520747095346451 
0.001522443722933531 -0.02399988658726215 -0.1830938160419464 
0.04585391655564308 -0.0238240659236908 -0.2065062820911407 
0.03137600794434547 0.01830011419951916 -0.2059424072504044 
-0.01243043877184391 -0.01569988019764423 -0.1762805879116058 
0.007842207327485085 0.01413294300436974 -0.2276653200387955 
-0.01154510397464037 -0.01569988019764423 -0.1778357177972794 
0.01511264592409134 0.02050010673701763 -0.1866050660610199 
-0.02748777344822884 0.01050011534243822 -0.1884075850248337 
-0.02501354366540909 -0.0001122783869504929 -0.1152670755982399 
0.02424433641135693 0.02083178609609604 -0.1271432340145111 
0.02730404585599899 0.01398119051009417 -0.02632290124893188 
-0.01047422736883163 -0.02774009481072426 -0.1488310694694519 
0.04306185990571976 0.02050010673701763 -0.1636184900999069 
-0.001958419336006045 -0.009996101260185242 -0.1542769372463226 
0.003510259557515383 0.00997510738670826 -0.2417356371879578 
-0.008594450540840626 -0.02026082947850227 -0.2094835340976715 
-0.008742594160139561 0.01737012714147568 -0.08829218149185181 
0.006443836260586977 0.02661463990807533 -0.05509500578045845 
-0.003403155133128166 -0.02716254442930222 -0.1418045461177826 
-0.004813116975128651 0.02956213988363743 -2.25669238851367e-09 
0.02938592806458473 -0.02166561782360077 -0.1706123799085617 
-0.01981948129832745 0.00636249128729105 -0.1689517796039581 
0.02028618566691875 0.02050010673701763 -0.1620554029941559 
0.0514577180147171 -0.0167815200984478 -0.1627770662307739 
0.03816310316324234 0.007329458370804787 -0.1569083780050278 
-0.008952708914875984 0.0103001119568944 -0.1806106418371201 
0.04263953864574432 -0.002673053415492177 -0.1490032374858856 
-0.01423066016286612 0.02384715154767036 -0.07210584729909897 
0.01635663770139217 -0.02705345116555691 -0.1433655470609665 
-0.02107948064804077 7.22385011613369e-05 -0.2254440486431122 
-0.01312118582427502 0.0103001119568944 -0.2137046158313751 
-0.005155052058398724 0.01589522697031498 -0.1752723008394241 
0.06116767972707748 -0.01355944946408272 -0.175551563501358 
-0.02620009519159794 -0.00281040882691741 -0.06446787714958191 
0.004810244776308537 0.01050011534243822 -0.0861600786447525 
0.03094390779733658 0.00450730137526989 -0.004442703444510698 
0.05144194513559341 0.005800111219286919 -0.2307715117931366 
0.02685093320906162 0.002376390155404806 -0.1154605895280838 
0.04199598729610443 0.0103001119568944 -0.2383806109428406 
-0.02624999918043613 0.00560075556859374 -0.1872986704111099 
0.01283316407352686 -0.02688173390924931 -0.1385201960802078 
-0.01901458390057087 -0.01561625488102436 -0.2275057435035706 
-0.02060391753911972 -0.01415837556123734 -0.2261969298124313 
0.02202890440821648 0.02244112268090248 -0.02112686820328236 
0.01034716796129942 -0.02708028629422188 -0.0420721210539341 
0.04649324715137482 0.0103001119568944 -0.2194343209266663 
-0.01449999958276749 0.01320701651275158 -0.2004876732826233 
0.04292351752519608 -0.01569988019764423 -0.1600311994552612 
0.01933176256716251 -0.01897181570529938 -0.2274304926395416 
0.06435398757457733 0.004775914363563061 -0.1827457398176193 
0.06301688402891159 -0.01739989593625069 -0.1941737085580826 
0.03444370999932289 0.006629593670368195 -0.1523583829402924 
0.02564330399036407 0.02150010876357555 -0.1472608149051666 
-0.01387926656752825 -0.005674547981470823 -2.256692166469065e-09 
5.459354724735022e-06 -0.02503564767539501 -0.09961704909801483 
-0.02361718378961086 5.372986197471619e-05 -0.1744266748428345 
-0.008631102740764618 0.02652993425726891 -0.1348642706871033 
0.05812738090753555 -0.0004796413704752922 -0.1676837652921677 
0.06022097915410995 -0.01949847117066383 -0.1725690513849258 
-0.009713747538626194 -0.02149988897144794 -0.1619226634502411 
0.02572396583855152 0.0103001119568944 -0.2347472310066223 
0.01167839393019676 0.0276201032102108 -0.03112053126096725 
-0.00715416856110096 0.01145518198609352 -0.1776885092258453 
0.06305506825447083 -0.001332068699412048 -0.179831936955452 
0.001805153209716082 0.01331543270498514 -0.1743238419294357 
-0.006021016277372837 0.007828745059669018 -2.256692166469065e-09 
0.01998774521052837 -0.01867465488612652 -0.08089076727628708 
-0.003722974564880133 0.01534119714051485 -0.09000000357627869 
0.03156455978751183 -0.004209008067846298 -0.1516384482383728 
0.04680512100458145 -0.009538045153021812 -0.1589158773422241 
0.04575648158788681 -0.005409619770944118 -0.1580889672040939 
-0.02742455713450909 -0.01552532613277435 -0.2069384157657623 
0.00967881828546524 0.02302794903516769 -2.256692166469065e-09 
-0.02234857715666294 0.02188578806817532 -0.1669999957084656 
0.01686532609164715 -0.02299502678215504 -0.06029672175645828 
-0.02435488998889923 -0.01739989407360554 -0.1833987087011337 
0.05320119857788086 0.01030011288821697 -0.1686661839485168 
0.05494210496544838 0.0103001119568944 -0.1934242248535156 
-0.02645932137966156 -0.01739989407360554 -0.1838939636945724 
-0.02809339016675949 0.004628751426935196 -0.1610596925020218 
-0.02455510571599007 0.01183058135211468 -0.122324675321579 
0.0579444095492363 0.01473763398826122 -0.167681097984314 
0.01541458908468485 -0.02434850111603737 -0.1188665255904198 
-0.01985521614551544 0.007121617440134287 -0.2272563725709915 
-0.02835962362587452 -0.02143004909157753 -0.1876866072416306 
-0.02847384661436081 0.01751817390322685 -0.1721251755952835 
0.04678743332624435 0.0103001119568944 -0.1742712557315826 
-0.02963242866098881 -7.991539314389229e-05 -0.1823039203882217 
0.02701579593122005 -0.01240506768226624 -0.03620616719126701 
0.006976936012506485 0.02050010673701763 -0.1997414827346802 
-0.01682510040700436 -0.01587082631886005 -0.2013442814350128 
0.05545173212885857 0.008763033896684647 -0.2288520634174347 
-0.01197972614318132 -0.02147961407899857 -0.2038208991289139 
0.01071604527533054 0.01830011419951916 -0.2187316417694092 
-0.02454762160778046 0.01502254884690046 -0.05568667873740196 
-0.00597459776327014 -0.02780990675091743 -0.039338368922472 
0.02463172748684883 0.02050010673701763 -0.1749753952026367 
0.0161616001278162 0.02535934560000896 -0.126814216375351 
0.06485000252723694 0.006157754454761744 -0.201070636510849 
0.01871335878968239 0.02050010673701763 -0.1813920438289642 
-0.002692395355552435 -0.02523340657353401 -0.1098673790693283 
0.01651857420802116 -0.01739989407360554 -0.2352593094110489 
-0.01113416906446218 -0.02863349951803684 -0.01731995865702629 
0.02339324727654457 0.01276557333767414 -0.1655098050832748 
-0.009999999776482582 0.02297438494861126 -0.07879213988780975 
0.06160834431648254 -0.0214998871088028 -0.1963486671447754 
-0.01648765057325363 0.02491489797830582 -0.1406885236501694 
0.03066754527390003 0.0103001119568944 -0.1554964333772659 
0.02140019088983536 0.009761350229382515 -0.2460225969552994 
0.009486204013228416 -0.02838170528411865 -0.0278834905475378 
0.06670048832893372 0.01167263742536306 -0.1865681111812592 
-0.00765285175293684 -0.02149989083409309 -0.1685929596424103 
-0.0250319167971611 -0.0001148812007158995 -0.2185881584882736 
-0.02604657970368862 -0.008449331857264042 -0.06345508247613907 
0.04461652785539627 -0.01648115739226341 -0.1525845527648926 
-0.01469339430332184 -0.01569988019764423 -0.2210223525762558 
-0.01338775455951691 -0.01739989407360554 -0.2320729494094849 
0.005819689482450485 0.007530234288424253 -0.1514825373888016 
-0.01600469835102558 0.0103001119568944 -0.2023594826459885 
0.04344909638166428 0.0103001119568944 -0.1684220880270004 
-0.01521191745996475 0.02561389654874802 -0.04058153927326202 
-0.01025865599513054 -0.02472090534865856 -0.08986128121614456 
-0.02560421824455261 0.002968629356473684 -0.07549965381622314 
0.01681414432823658 0.02399810962378979 -0.0494944229722023 
0.0312696248292923 -0.004282373934984207 -0.00402855733409524 
-0.01150000002235174 -0.020964739844203 -0.2029931843280792 
0.02027564495801926 -0.02209283411502838 -0.1426503658294678 
0.0526399128139019 0.01050011534243822 -0.1989851295948029 
-0.02174334973096848 0.005600107368081808 -0.2201181203126907 
-0.02756692841649055 -0.01010279357433319 -0.03641947731375694 
0.05851331725716591 0.001256392570212483 -0.1710254549980164 
-0.02457992359995842 0.01098238490521908 -0.09000604599714279 
-0.02047751098871231 0.003459167201071978 -0.1697412431240082 
-0.02439999207854271 0.01718766242265701 -0.04047480970621109 
-0.001105309347622097 -0.02789990231394768 -0.03873514756560326 
0.01450015977025032 -0.0239998884499073 -0.21044921875 
0.0197051540017128 0.01934809237718582 -0.1021949350833893 
-0.009546020999550819 0.02814526669681072 -0.03052309900522232 
-0.02640076726675034 0.02037644572556019 -0.2049999833106995 
-0.009447930380702019 0.02050010673701763 -0.1766654402017593 
0.06435971707105637 -0.00968441367149353 -0.1827807575464249 
-0.02965741977095604 0.006082265637814999 -0.1828492134809494 
-0.01289967726916075 -0.0248766802251339 -0.06449855864048004 
-0.004611405078321695 0.02653402835130692 -0.133889764547348 
-0.02655263431370258 0.01863590069115162 -0.1600144803524017 
-0.01313646510243416 -0.01569988019764423 -0.1850032657384872 
0.03350020945072174 -0.0003246515989303589 -0.2438137531280518 
0.01568229682743549 0.01531634759157896 -0.1651890277862549 
-0.02828493714332581 0.01293383073061705 -0.01295535452663898 
0.04163465276360512 -0.01739989221096039 -0.1583864986896515 
0.01150474790483713 0.02709678933024406 -0.1411072313785553 
0.007115907035768032 -0.01106585841625929 -0.1511288732290268 
0.03849803656339645 0.0103001119568944 -0.163557156920433 
0.01498477533459663 -0.02399988658726215 -0.1754463464021683 
0.03966480866074562 -0.005839285906404257 -0.1546515822410583 
-0.01157915405929089 0.02458150684833527 -0.1139533296227455 
-0.0266727190464735 -0.01664693839848042 -0.1559994220733643 
0.04187403619289398 0.02050010673701763 -0.1586219370365143 
-0.009158747270703316 0.02148299664258957 -0.07232347875833511 
-0.02616391703486443 0.007243619300425053 -0.1800368577241898 
-0.004096858203411102 0.02050010673701763 -0.1902988851070404 
0.03174097463488579 0.01062463223934174 -0.1680633127689362 
-0.01092295255511999 -0.02489341795444489 -0.1171227842569351 
-0.0007488979608751833 -0.004799223970621824 -0.007517383899539709 
0.03024345636367798 -0.02299988642334938 -0.1718300729990005 
-0.01502961944788694 0.001443663379177451 -0.1636374145746231 
0.01414277404546738 0.0215001069009304 -0.147651806473732 
-0.004703220445662737 -0.01347401458770037 -2.256692166469065e-09 
0.00161090970505029 -0.02876618877053261 -0.02784285694360733 
0.03666311129927635 0.01029730495065451 -0.1411742717027664 
0.05485641956329346 -0.0008847108110785484 -0.1634155511856079 
0.01282910816371441 -0.023999884724617 -0.1739290058612823 
-0.006599914748221636 0.01050011534243822 -0.1634010076522827 
-0.02842304855585098 -0.009241612628102303 -0.02795321121811867 
0.02623388357460499 -0.02399988658726215 -0.1881900131702423 
0.06659950315952301 0.01238846872001886 -0.1860327422618866 
-0.02774998545646667 0.001420561689883471 -0.194291889667511 
0.03714220225811005 -0.02399988658726215 -0.2193156778812408 
-0.01296039670705795 0.0103001119568944 -0.1651359796524048 
-0.02420507185161114 -0.01539364829659462 -0.1342056542634964 
-0.02880139648914337 -0.02097958326339722 -0.1980757117271423 
-0.006128160748630762 -0.009692116640508175 -0.2394320070743561 
-0.02257875539362431 0.01030011288821697 -0.2031031399965286 
-0.02282559499144554 0.01135862059891224 -0.2049999982118607 
-0.004509422462433577 -0.01236710324883461 -0.2403296232223511 
0.06016064435243607 0.0103001119568944 -0.2201159596443176 
0.01633387431502342 0.0103001119568944 -0.2342666387557983 
-0.02279337681829929 0.008713748306035995 -2.256692166469065e-09 
-0.01455913111567497 0.01030011102557182 -0.1904200166463852 
-0.02774997055530548 -0.0004305504262447357 -0.2017080038785934 
-0.02675129473209381 -0.006354039534926414 -0.1479082107543945 
-0.024445915594697 -0.02009952068328857 -0.01155132800340652 
-0.01578124426305294 -0.02385132946074009 -0.129366546869278 
-0.005153845064342022 0.01713486015796661 -2.25669194442446e-09 
0.02616136893630028 0.0149846151471138 -0.03414293378591537 
0.01203586161136627 0.02050010673701763 -0.1623437404632568 
0.01796454563736916 -0.0239998884499073 -0.1784136295318604 
0.01798630505800247 0.01830011606216431 -0.2243613600730896 
0.002886162139475346 0.02985278517007828 -0.005927914753556252 
0.06696590036153793 0.005702029448002577 -0.1986257880926132 
-0.02785000018775463 0.00528330821543932 -0.1900994181632996 
0.02643781714141369 0.01736968010663986 -2.256692166469065e-09 
0.03147478029131889 -0.01843911781907082 -0.171568751335144 
0.02372661605477333 0.0103001119568944 -0.1694366931915283 
-0.00254028313793242 -0.02376428991556168 -0.2175460755825043 
0.02311109192669392 0.02050010673701763 -0.174291655421257 
0.05991873145103455 -0.00542538845911622 -0.1730829477310181 
0.02574532106518745 -0.005225679371505976 -0.06601368635892868 
-0.0004337146528996527 0.006729311309754848 -0.1537592858076096 
-0.02552778832614422 -0.01739989407360554 -0.1945093870162964 
0.01250692456960678 -0.01931116729974747 -2.256692166469065e-09 
-0.003419899614527822 -0.02906651794910431 -0.02300886623561382 
0.0607331171631813 -0.0206855982542038 -0.1740745007991791 
-0.02908187359571457 -0.01817983016371727 -0.1816710382699966 
0.05774875357747078 -0.02149988897144794 -0.1840424537658691 
0.03004930913448334 0.009587370790541172 -0.1279917657375336 
-0.02315037325024605 0.01753900200128555 -0.05316159501671791 
0.02477946877479553 0.004761103074997663 -0.150421679019928 
-0.02763515338301659 0.0152282640337944 -0.004152950830757618 
0.04746384918689728 0.009296989068388939 -0.2365213632583618 
0.01322824880480766 -0.02716649696230888 -0.03067856095731258 
-0.01486729085445404 -0.02788572944700718 -0.002235203515738249 
0.009956138208508492 0.01050011441111565 -0.1532570123672485 
0.02473977394402027 -0.01515454612672329 -0.1149787902832031 
0.03965798392891884 -0.01739989407360554 -0.1552879959344864 
-0.02137003839015961 -0.002631856594234705 -0.1710398942232132 
-0.02985271066427231 0.01016652211546898 -0.1877748966217041 
0.01769525744020939 -0.01259614154696465 -2.256692166469065e-09 
0.03915368765592575 0.0105001162737608 -0.1606651246547699 
0.02014348469674587 -0.007433786522597075 -0.1497591137886047 
-0.02468457818031311 -0.0172652080655098 -0.2005774974822998 
0.007257777266204357 -0.02961065992712975 -0.01103190518915653 
0.02683357894420624 -0.00545440474525094 -0.05136189609766006 
-0.02050869539380074 -0.0214998871088028 -0.1993626654148102 
-0.003926414996385574 -0.0127077316865325 -0.155201256275177 
0.02795275487005711 -0.002218350768089294 -0.03846381232142448 
-0.009243207052350044 0.01830011233687401 -0.1977250874042511 
-0.0240874420851469 -0.01186061091721058 -0.1084582433104515 
0.02813107147812843 -0.006027429830282927 -0.03567750379443169 
0.0241105929017067 -0.00635130051523447 -0.1499795019626617 
-0.001924741780385375 0.02632822096347809 -0.06011348590254784 
0.02564956061542034 0.01480514835566282 -0.04138289391994476 
-0.02493227459490299 0.007366811390966177 -0.1099837869405746 
-0.02624999918043613 0.006072924472391605 -0.2063180804252625 
0.02367682754993439 -0.003004173748195171 -0.1499435901641846 
0.05032813921570778 -0.008800944313406944 -0.1581655293703079 
0.03440156579017639 0.01524126902222633 -0.1738156080245972 
0.006759079173207283 0.01352854818105698 -2.256692166469065e-09 
-0.01154028438031673 -0.02875243127346039 -0.0001739286672091112 
-0.02579892240464687 -0.01456006057560444 -0.216795802116394 
0.02611900493502617 -0.01569988019764423 -0.2269636690616608 
0.04761470109224319 -0.01569988019764423 -0.1743811666965485 
-0.01308298762887716 -0.01642006076872349 -0.161585807800293 
0.02292144298553467 -0.01569988019764423 -0.1552173495292664 
-0.008462636731564999 0.01291732490062714 -0.1793937385082245 
0.0448964387178421 -0.01701059564948082 -0.1850274652242661 
0.04850000143051147 -0.01954189315438271 -0.1990954428911209 
0.02113449200987816 -0.02002243883907795 -0.1155395209789276 
0.02743021585047245 -0.02399988658726215 -0.2169575244188309 
-0.02017974480986595 -0.01921466737985611 -0.07657664269208908 
0.03357565402984619 0.00400011008605361 -0.002306798240169883 
0.04987457767128944 0.02150010876357555 -0.1624220609664917 
0.008920653723180294 0.01162649691104889 -0.2247879803180695 
0.06694429367780685 0.0003802997525781393 -0.1925241053104401 
-0.0299922414124012 -0.008476897142827511 -0.1971514821052551 
0.04585739970207214 0.01386412139981985 -0.188405767083168 
-0.02712315693497658 -0.01569988019764423 -0.1895766258239746 
0.01036328170448542 -0.005852686241269112 -0.1506833881139755 
0.01973636634647846 0.02189254388213158 -0.0483933761715889 
-0.0008764052763581276 -0.02149988897144794 -0.1578395813703537 
0.03259988874197006 -0.02149988897144794 -0.1645298302173615 
0.02442722208797932 0.0103001119568944 -0.2446491718292236 
0.02474725991487503 0.006863514892756939 -0.09366129338741302 
0.03282257914543152 -0.0005864775739610195 -0.1519472748041153 
-0.02402667328715324 0.01261649094521999 -0.08669564127922058 
0.02518235519528389 0.006742213852703571 -0.1033032014966011 
0.05717611312866211 -0.02149988897144794 -0.1882629692554474 
0.01318854559212923 0.01449757441878319 -0.1654820442199707 
-0.002145045902580023 -0.01569987833499908 -0.1600190103054047 
0.05527792125940323 -0.02149988897144794 -0.1712231338024139 
0.04754339158535004 -0.02200593799352646 -0.1953496038913727 
-0.02343683131039143 -0.01569988019764423 -0.1805588901042938 
0.01036858931183815 -0.02545810863375664 -0.1186357587575912 
-0.01896060258150101 -0.01569988019764423 -0.1936993598937988 
0.01032351143658161 0.0216713510453701 -2.256692166469065e-09 
0.05164550989866257 -0.02149988897144794 -0.1644873023033142 
0.03286859765648842 -0.02399988658726215 -0.1796501874923706 
0.02623047307133675 0.005600107368081808 -0.1533623188734055 
-0.005196732934564352 0.01984469965100288 -0.07003913074731827 
0.04858308285474777 0.01426830794662237 -0.184824138879776 
0.02729328162968159 -0.008399639278650284 -0.04389975592494011 
-0.009063341654837132 0.01687226817011833 -0.1808316856622696 
0.02967705205082893 0.007639555260539055 -0.008512782864272594 
-0.01390570774674416 0.01052643172442913 -2.256692166469065e-09 
-0.02949975989758968 -0.0003815321251749992 -0.2022149264812469 
-0.0004706261679530144 -0.006219084840267897 -2.256692166469065e-09 
0.01335750985890627 -0.02399988658726215 -0.2241834849119186 
0.005980329588055611 -0.02950423583388329 -0.0154483774676919 
-0.006615135353058577 -0.02399988658726215 -0.1922854334115982 
0.02961799502372742 0.008310751058161259 -0.005998835898935795 
0.06615837663412094 0.005573774222284555 -0.183694064617157 
-0.01561439409852028 -0.0153200626373291 -0.1640535593032837 
0.02243109978735447 -0.01497169770300388 -0.08623732626438141 
0.01855076290667057 0.01830011419951916 -0.2268765717744827 
0.0002714823640417308 -0.02592957951128483 -0.1253009587526321 
0.03348095342516899 -0.01569988019764423 -0.2339938133955002 
0.01875907368957996 -0.02419414184987545 -0.03242374584078789 
0.0245449785143137 -0.01583895087242126 -0.04936110600829124 
-0.02695310115814209 -0.006666194181889296 -0.2140454947948456 
-0.003756617661565542 0.02971527725458145 -2.256692166469065e-09 
-0.0104847177863121 0.01039692759513855 -0.2038461863994598 
-0.004300420172512531 0.02696222811937332 -0.1394947022199631 
-0.02064490504562855 0.01846853457391262 -0.088692307472229 
0.01531336363404989 -0.01739989407360554 -0.16551873087883 
0.05692412331700325 0.02150010876357555 -0.1718985736370087 
0.03507589921355247 6.948597729206085e-06 -0.009612299501895905 
0.0008561011054553092 -0.02599927596747875 -0.06645797193050385 
0.009856519289314747 0.01608607918024063 -0.2250460386276245 
-0.01789880730211735 -0.02383490651845932 -0.04265587776899338 
0.01013993751257658 0.02050010673701763 -0.1963586211204529 
-0.0008102015126496553 -0.01569988019764423 -0.231245681643486 
-0.01609968021512032 0.02684416063129902 -0.01625744067132473 
0.03580401092767715 -0.01646565273404121 -0.1741692572832108 
0.05825356394052505 -0.02149988897144794 -0.1795472502708435 
-0.01889840699732304 0.02278679236769676 -0.04742102697491646 
-0.01165569946169853 0.01030011288821697 -0.175475612282753 
-0.02576598711311817 -0.01335602905601263 -0.04874711856245995 
-0.02183611132204533 0.0168108232319355 -0.113003745675087 
-0.02811100706458092 0.016816770657897 -0.1671995669603348 
0.05413969978690147 0.0103001119568944 -0.2276275902986526 
-0.01595495268702507 0.02724507078528404 -0.008452831767499447 
-0.02930070832371712 -0.00120741908904165 -0.01919165998697281 
0.05565781891345978 0.0103001119568944 -0.2076771408319473 
-0.02784999832510948 -0.009123643860220909 -0.2034075856208801 
-0.02497906237840652 -0.009693978354334831 -0.08310871571302414 
0.04516032338142395 0.01824168860912323 -0.1927320957183838 
0.01295031607151031 -0.02715900354087353 -0.1417966187000275 
-0.002580789150670171 0.02679942920804024 -2.256692166469065e-09 
-0.026158656924963 0.005600107368081808 -0.2073496133089066 
0.002415929920971394 0.02914001047611237 -0.02190184779465199 
-0.01150459423661232 0.003485319437459111 -0.2357807606458664 
-0.02920990996062756 0.01453784387558699 -0.2033884525299072 
0.0001178145175799727 0.02050010673701763 -0.1819249987602234 
0.01055492367595434 0.01830011419951916 -0.2089343369007111 
0.01988716423511505 -0.01739989407360554 -0.2390140444040298 
0.01349225826561451 -0.018333675339818 -2.256692166469065e-09 
0.05746319890022278 -0.01600906439125538 -0.1672863066196442 
0.004082557279616594 -0.01739989407360554 -0.1667550951242447 
-0.02882558479905128 -0.01014121994376183 -0.1693444401025772 
0.006764426361769438 0.01222282089293003 -0.08965142816305161 
0.0415499359369278 0.01050011534243822 -0.1579768657684326 
-0.01851795241236687 0.005510967224836349 -0.167274683713913 
0.03329577669501305 -0.02149988897144794 -0.1499592959880829 
0.00297579076141119 -0.01739989407360554 -0.1691316515207291 
0.04397216811776161 0.01054631639271975 -0.1836365908384323 
0.02263883501291275 0.006885850336402655 -2.256692166469065e-09 
-0.02928769588470459 0.01215015910565853 -0.1761851906776428 
-0.0116688646376133 -0.02532706409692764 -0.1264183819293976 
0.05490926653146744 0.01050011441111565 -0.1690132468938828 
0.01909493841230869 0.02035449258983135 -0.07125020772218704 
0.0558607429265976 0.01693715527653694 -0.2050000131130219 
0.06643036752939224 -0.01716805435717106 -0.201621413230896 
0.04935750365257263 -0.01696791872382164 -0.1630724668502808 
0.008186669088900089 -0.02942206896841526 -0.000130486863781698 
0.03600524738430977 0.02050010673701763 -0.1803653091192245 
-0.001412917510606349 0.01877435855567455 -0.2049999982118607 
-0.01097841188311577 0.00732326926663518 -0.2361661940813065 
-0.02880527451634407 -0.007446818053722382 -0.1690956652164459 
-0.01693828217685223 -0.02334568835794926 -0.130601093173027 
0.02299558743834496 -0.02149988897144794 -0.150595486164093 
-0.01783742755651474 -0.02149988897144794 -0.1779719889163971 
0.01012918632477522 0.007029560394585133 -0.2453594505786896 
-0.0216730535030365 -0.01739989407360554 -0.190821573138237 
-0.02962390705943108 0.01333911437541246 -0.1837574988603592 
0.06388204544782639 -0.02149988897144794 -0.1863093078136444 
0.01739764958620071 0.02671913802623749 -0.1373526155948639 
0.03301277756690979 0.01050011534243822 -0.1546223908662796 
-0.009886769577860832 0.02733898535370827 -0.1446652561426163 
-0.02502150274813175 -0.01054664142429829 -0.0744197741150856 
-0.02531536109745502 -0.01623668149113655 -0.03622996807098389 
-0.01939696259796619 0.01970548927783966 -0.1105519682168961 
-0.01509183458983898 -0.02835727855563164 -0.1600475907325745 
0.01901905983686447 0.02085706032812595 -0.1089663654565811 
0.05817889049649239 -0.01739989407360554 -0.1875578016042709 
0.06485000252723694 -0.008496020920574665 -0.1862802505493164 
0.0346219427883625 -0.01569988019764423 -0.2383933365345001 
0.04148689657449722 0.002937439130619168 -0.1476002335548401 
-0.01582178846001625 0.02292927354574203 -0.1182577833533287 
0.008848926052451134 0.02150010876357555 -0.1494495868682861 
-0.0004336189012974501 0.02511466294527054 -0.1055315807461739 
0.03598543256521225 0.02050010673701763 -0.1908545792102814 
0.02076377905905247 0.01830011606216431 -0.2272105664014816 
-0.0235385037958622 0.007100118324160576 -0.1782114207744598 
-0.01023334544152021 -0.02839203923940659 -0.02621982805430889 
-0.002746745944023132 -0.01592583209276199 -0.1721174716949463 
0.01936201937496662 0.003531608730554581 -2.256692166469065e-09 
0.03031838685274124 0.005183485336601734 -0.001746136229485273 
0.01514706201851368 -0.02658849395811558 -0.02894973382353783 
0.0304129496216774 -0.02193654887378216 -0.2246511429548264 
0.01774738356471062 0.002529310062527657 -0.1497729420661926 
0.06638379395008087 -0.01772996969521046 -0.2013700604438782 
-0.02506507188081741 0.0002287221141159534 -0.118009127676487 
-0.003401997964829206 0.01032489165663719 -0.2182516157627106 
-0.007970378734171391 0.01361941173672676 -0.2097021490335464 
-0.00885271281003952 -0.01169314049184322 -0.1581530421972275 
0.06408874690532684 -0.0112126050516963 -0.1822751313447952 
0.0612810030579567 -0.005162215791642666 -0.1757337749004364 
-0.02494069188833237 -0.02184932306408882 -0.1609690934419632 
-0.01190337538719177 0.0003747241862583905 -2.256692166469065e-09 
-0.01680931448936462 -0.01569988019764423 -0.1927886009216309 
-0.01680697686970234 0.01015892997384071 -0.1649123728275299 
-0.004159915260970592 0.02050010673701763 -0.1925757825374603 
0.02111952751874924 0.008228428661823273 -0.1500436067581177 
0.002069336362183094 -0.0200752280652523 -2.256692166469065e-09 
-0.02774996496737003 0.004280627705156803 -0.1972819566726685 
0.06324999779462814 0.007600727025419474 -0.2085804492235184 
-0.01026444416493177 0.00862780399620533 -0.1594803631305695 
-0.02495663054287434 -0.01899890229105949 -0.01814257726073265 
-0.01651101745665073 -0.01739989407360554 -0.2012099027633667 
-0.001982250716537237 0.002975092036649585 -0.009999992325901985 
0.003640070091933012 -0.0189883466809988 -0.1722517907619476 
-0.02172891609370708 -0.01870283111929893 -0.1297002732753754 
0.01659945771098137 0.02050010673701763 -0.1747910380363464 
-0.01877176202833652 -0.02047417312860489 -0.07954820990562439 
-0.005536191631108522 -0.01138745713979006 -0.1562115401029587 
0.02029302716255188 -0.01410755328834057 -2.256692166469065e-09 
-0.01333586312830448 -0.02463720738887787 -2.256692166469065e-09 
-0.002270105294883251 -0.01740806177258492 -0.2191707193851471 
0.02588272467255592 -0.01394530571997166 -0.04286302626132965 
-0.02785000018775463 0.006801465526223183 -0.1990175843238831 
-0.009999999776482582 0.01094401255249977 -0.07547197490930557 
-0.02333147637546062 -0.01569967344403267 -0.1750940680503845 
-0.02153101377189159 0.0103001119568944 -0.2132546901702881 
0.02951956912875175 0.008460214361548424 -0.01146366540342569 
-0.0125201940536499 -0.01569988019764423 -0.1740186810493469 
-0.01476891152560711 0.01050011534243822 -0.1971526294946671 
0.04784591123461723 0.0103001119568944 -0.1712845861911774 
-0.02858613803982735 -0.001212852075695992 -0.02979500591754913 
0.03322828933596611 0.005612662062048912 -0.2436492294073105 
0.004471792373806238 0.006687518209218979 -0.2423201501369476 
-0.02498612925410271 -0.002630236558616161 -0.102644145488739 
0.02412549220025539 0.01440375111997128 -0.06203838065266609 
0.001936160842888057 -0.0239998884499073 -0.1903526335954666 
0.03307807445526123 -0.003868266241624951 -0.0003683748655021191 
0.04626850783824921 0.01104354579001665 -0.2062115371227264 
0.02156343683600426 0.02050010673701763 -0.1545937359333038 
0.0248805433511734 0.01575096510350704 -0.117511972784996 
-0.003138304920867085 0.02660521119832993 -0.05582436546683311 
0.03716747462749481 -0.01569988019764423 -0.1662059128284454 
0.05713451281189919 -0.01569988019764423 -0.2206941097974777 
-0.02325417660176754 0.02074839733541012 -0.02488714642822742 
0.01951536722481251 -0.020430076867342 -0.108645498752594 
-0.01397087797522545 0.02050010673701763 -0.1726203858852386 
0.01141763757914305 -0.02123020589351654 -2.256692166469065e-09 
0.02231050282716751 -0.02277820184826851 -0.005920082330703735 
0.06078802421689034 -0.01569988019764423 -0.1887107193470001 
-0.02091328799724579 -0.01569988019764423 -0.2174118757247925 
0.02592841163277626 -0.01790623925626278 -0.01341531705111265 
-0.02520652674138546 0.008979172445833683 -0.07698512077331543 
0.003440887900069356 -0.001719019608572125 -0.1521075367927551 
0.0350494459271431 0.0103001119568944 -0.2348842918872833 
0.03604860231280327 0.01619068719446659 -0.1704082041978836 
0.009243853390216827 0.005014204885810614 -2.256692166469065e-09 
-0.001325716846622527 -0.02953912504017353 -0.01516552641987801 
0.031054412946105 0.01093773730099201 -0.1719105690717697 
0.04967332258820534 -0.01569987833499908 -0.2226525545120239 
0.0647500604391098 0.008177910000085831 -0.2009144574403763 
0.06681600213050842 0.003607186488807201 -0.2002823650836945 
-0.01073266007006168 0.02475977689027786 -0.1134849041700363 
0.02734781801700592 -0.005409597884863615 -0.04519806802272797 
-0.01702279783785343 -0.01569988019764423 -0.2164172381162643 
-0.003780820872634649 -0.02794108167290688 -0.0379430316388607 
0.02339474111795425 0.01330188848078251 -0.07826057076454163 
-0.006023135967552662 0.01050011441111565 -0.1635147482156754 
0.033482875674963 -0.003999886568635702 -0.006987805478274822 
0.03994423151016235 -0.01569988019764423 -0.1605627685785294 
0.06485000252723694 0.003801311831921339 -0.1935874074697495 
0.05391951277852058 -0.01140848360955715 -0.1652095317840576 
-0.02687970176339149 0.005960524547845125 -0.05102891102433205 
-0.02106646634638309 0.02098874747753143 -0.138070672750473 
0.0315263494849205 -0.008708301931619644 -0.1515723317861557 
-0.00972280278801918 0.0103001119568944 -0.1663381606340408 
0.04186846315860748 -0.01293358206748962 -0.1558469980955124 
-0.01823181286454201 0.009628647938370705 -0.1669814437627792 
-0.02539115957915783 0.003835985902696848 -0.1295926570892334 
0.02704784087836742 -0.02399988658726215 -0.1883023679256439 
0.01105399802327156 -0.02056431770324707 -0.1694886535406113 
0.02043274231255054 0.01830011419951916 -0.2220986485481262 
-0.0205604825168848 0.01836462318897247 -0.09743162989616394 
0.03468787670135498 0.01830011419951916 -0.211601048707962 
-0.02675981819629669 -0.01702811941504478 -0.004535358864814043 
0.02599756792187691 -0.01569988019764423 -0.1549357622861862 
0.01652316562831402 -0.02070707455277443 -0.1683053523302078 
0.06129414215683937 -0.01739989407360554 -0.1980723887681961 
0.02706955932080746 0.01329779252409935 -0.1214064210653305 
-0.02232430502772331 0.01050011534243822 -0.1966458708047867 
-0.009343204088509083 -0.002913682721555233 -0.1586195230484009 
0.03219619765877724 -0.02080429717898369 -0.1719701290130615 
0.04518024995923042 -0.023999884724617 -0.1953983902931213 
0.04712366685271263 0.01622874476015568 -0.1935030966997147 
0.05473674833774567 -0.01739989407360554 -0.1738904863595963 
-0.02777579054236412 -0.02149988897144794 -0.2028565853834152 
0.01789054647088051 0.0103001119568944 -0.1638399362564087 
-0.02578085102140903 0.01645930483937263 -0.1496339738368988 
0.02192165330052376 -0.0190740991383791 -0.05487674847245216 
0.02751249633729458 -0.02147157303988934 -0.1347893327474594 
-0.02654594928026199 0.001793773262761533 -0.05798445269465446 
-0.004665873013436794 0.0127995889633894 -0.180615022778511 
-0.02655357867479324 -0.01693313755095005 -0.155765175819397 
-0.02946376614272594 -0.01112239994108677 -0.1786236315965652 
-0.02513475343585014 0.008475737646222115 -0.1778663992881775 
0.009963925927877426 0.01825838536024094 -0.2270393222570419 
0.02990731969475746 -0.00978125911206007 -0.1275374442338943 
0.01411931123584509 0.02050010673701763 -0.1560201495885849 
-0.005553608760237694 -0.02399988658726215 -0.1890172362327576 
0.06303410232067108 -0.01569988019764423 -0.1884732842445374 
-0.02774999290704727 -0.003293158020824194 -0.192581906914711 
0.02616925351321697 0.02100011520087719 -0.1949251294136047 
0.03382229432463646 0.02050010859966278 -0.2022868245840073 
-0.006031894125044346 0.02836189232766628 -0.03265360742807388 
0.0232388973236084 0.01095896866172552 -0.2260456085205078 
0.06475001573562622 0.001671936828643084 -0.193508580327034 
-0.0007390896207652986 0.02711321786046028 -0.04862983524799347 
0.02774587646126747 0.006947689689695835 -2.256692166469065e-09 
0.04432237148284912 0.02050010673701763 -0.1684432923793793 
-0.02327080816030502 0.02105359733104706 -0.1493692845106125 
-0.01671097800135612 0.0103001119568944 -0.1915823817253113 
-0.01471748482435942 0.02543528378009796 -0.04527993127703667 
0.02042719535529613 0.02454511821269989 -0.001900478499010205 
0.001336446846835315 0.02050010673701763 -0.1579168140888214 
0.02746310457587242 -0.0007455532904714346 -0.04432931914925575 
0.02425875701010227 0.01164265722036362 -0.1021413430571556 
-0.004603374749422073 -0.01702511496841908 -0.1797048598527908 
-0.02775000035762787 -0.01481182780116796 -0.206129401922226 
-0.01235904172062874 0.0253621768206358 -0.05936061963438988 
-0.02515683136880398 0.0002692847047001123 -0.09450484067201614 
0.004985273815691471 0.009474238380789757 -0.151811957359314 
0.0005457497318275273 0.02823840826749802 -0.03448175266385078 
0.002166614402085543 0.01643704622983932 -0.09000000357627869 
-0.01622586324810982 0.02050010673701763 -0.1978738605976105 
-0.02534583397209644 0.004746569786220789 -0.08396582305431366 
0.05119316279888153 0.01050011441111565 -0.1628835499286652 
0.06399256736040115 -0.01391995046287775 -0.213923379778862 
0.02342161163687706 0.01830011419951916 -0.2091884613037109 
-0.02785000018775463 -0.01514062937349081 -0.1922942996025085 
-0.00974339060485363 0.01050011534243822 -0.1753021776676178 
0.0104359220713377 0.02560042962431908 -0.120484434068203 
0.06061583012342453 0.02050010673701763 -0.2035442739725113 
0.02446887269616127 -0.01354226656258106 -0.1089816018939018 
-0.004647046327590942 -0.01569988019764423 -0.1584702581167221 
0.02537050098180771 -0.01343864481896162 -0.0516062043607235 
-0.02774999104440212 -0.003134575672447681 -0.1863775849342346 
-0.02681675925850868 0.001330506871454418 -2.256692166469065e-09 
-0.007279099896550179 0.01583456620573997 -0.1776697039604187 
0.03201031312346458 0.01830011419951916 -0.2093205153942108 
0.007311925292015076 -0.0266353040933609 -0.1355296224355698 
-0.02975320629775524 0.003043682081624866 -0.009991132654249668 
-0.01392132602632046 -0.02350343577563763 -0.1097720116376877 
-0.01517862267792225 -0.01188507676124573 -0.1636552065610886 
0.007022509817034006 -0.001965055009350181 -0.1512597948312759 
0.01096608489751816 -0.02149988897144794 -0.16416335105896 
-0.02057627588510513 -0.007358022965490818 -0.1696777939796448 
0.05363275110721588 -0.01569988019764423 -0.2221547514200211 
0.01103051286190748 0.0253865048289299 -2.256692166469065e-09 
-0.02639446593821049 0.002951247384771705 -0.1442346423864365 
0.0194088164716959 0.02143319137394428 -0.05636922270059586 
0.004503615200519562 -0.0018524129409343 -0.005284086801111698 
0.001063781674019992 -0.02149989083409309 -0.1701209545135498 
0.004927505739033222 0.02455878257751465 -0.1508151143789291 
0.0009464288013987243 0.01710065081715584 -0.220841571688652 
0.02605695649981499 0.01077250391244888 -0.0536724179983139 
0.02866659685969353 0.01241719629615545 -0.008687278255820274 
0.02441467717289925 0.009119965136051178 -0.09059153497219086 
0.0266085471957922 0.001125266193412244 -0.05493604764342308 
0.03112868405878544 -0.02064605429768562 -0.1391445249319077 
0.06695833802223206 -0.006761303171515465 -0.1964888721704483 
0.006503715179860592 0.02000304870307446 -0.08972671627998352 
0.0160569678992033 -0.02623171918094158 -0.1325318813323975 
0.01633425988256931 0.01125434972345829 -2.256692166469065e-09 
-0.01635576412081718 -0.02231066673994064 -0.08243835717439651 
-0.02396291494369507 0.01450769044458866 -0.06890438497066498 
-0.02542103081941605 0.007631275802850723 -0.07789959013462067 
0.02700318768620491 0.01419753208756447 -0.1680312901735306 
-0.01631863415241241 0.01050011534243822 -0.1871179342269897 
-0.01211151108145714 -0.01569988019764423 -0.1740677356719971 
-0.01644385792315006 -0.022051015868783 -0.09336748719215393 
-0.01563155837357044 -0.02149988897144794 -0.2019073665142059 
-0.02143859304487705 0.004114842973649502 -0.1712173819541931 
0.0286200288683176 -0.006955543532967567 -0.02963079139590263 
-0.004883422050625086 -0.02149988897144794 -0.1616991758346558 
0.05179068073630333 0.01523609738796949 -0.2049999982118607 
-0.01260390970855951 0.02050010673701763 -0.1949266493320465 
-0.01287731807678938 0.001854383153840899 -0.1615631580352783 
0.02446900680661201 -0.02399988658726215 -0.2242212891578674 
0.04312147200107574 0.006346631329506636 -0.1600068360567093 
0.02928167581558228 -0.001517582219094038 -0.02118210308253765 
0.05575042963027954 -0.01004459336400032 -0.1646356731653214 
0.004317821003496647 -0.01876584440469742 -0.1718162298202515 
0.02277607843279839 0.008743193931877613 -0.1502398401498795 
0.03846222162246704 0.02050010673701763 -0.1912474632263184 
-0.01181198004633188 0.01030011102557182 -0.1631505936384201 
-0.0283448863774538 0.00951235368847847 -0.02726442739367485 
-0.02846682816743851 0.002455791458487511 -0.0312870629131794 
-0.0182049460709095 0.02050010673701763 -0.1843029111623764 
0.01235869061201811 0.02457248046994209 -0.06993313133716583 
0.007535571232438087 -0.0259886346757412 -0.06257337331771851 
0.01380108390003443 0.02701080217957497 -0.1400818675756454 
-0.003999528009444475 -0.01729156076908112 -0.2241222113370895 
-0.02667952515184879 0.001309000421315432 -0.1471693515777588 
0.01975221373140812 -0.0239998884499073 -0.2028124779462814 
0.02347974292933941 -0.02177705988287926 -0.00245402823202312 
-0.009999999776482582 0.01684911176562309 -0.08444193005561829 
0.02690246514976025 0.01312985923141241 -0.03549877554178238 
0.03572879359126091 -0.01628715172410011 -0.2218419313430786 
0.02847697585821152 -0.02399988658726215 -0.2182931303977966 
-0.01341811753809452 -0.02672915160655975 -0.03583969920873642 
0.01236855052411556 0.02387465536594391 -0.08524172008037567 
0.009839260950684547 -0.01569988206028938 -0.2445577383041382 
0.02596176974475384 -0.0125340623781085 -0.04861245676875114 
0.06207279860973358 0.02050010673701763 -0.1873946040868759 
0.03402778133749962 0.002838622778654099 -0.15224289894104 
-0.01418994273990393 0.01059816777706146 -0.19564488530159 
0.0165732316672802 -0.01739989593625069 -0.2349986135959625 
0.06440019607543945 0.01050011534243822 -0.1847464889287949 
-0.01704181544482708 0.02050010673701763 -0.2042119801044464 
0.001347927842289209 -0.02765591256320477 -0.1471167206764221 
0.01554197072982788 0.0103001119568944 -0.1506830900907516 
0.01429620105773211 0.02297372370958328 -0.08379992842674255 
0.03125797584652901 0.0103001119568944 -0.2427286505699158 
-0.02984768152236938 0.01560121215879917 -0.1928523033857346 
0.06475000083446503 -0.01165788434445858 -0.1928199082612991 
0.06107231229543686 -0.00652427552267909 -0.1752455234527588 
-0.02879063412547112 3.722961992025375e-05 -0.168916329741478 
0.03038399666547775 -0.0239998884499073 -0.1809231638908386 
-0.02985583990812302 -0.004971232265233994 -0.1871788948774338 
-0.02727740257978439 -0.01319860201328993 -2.256692166469065e-09 
0.006199127994477749 -0.02501273341476917 -0.08719018846750259 
-0.02865295298397541 0.01813509687781334 -0.175084263086319 
-0.01787932403385639 -0.01082353014498949 -0.2296593338251114 
-0.02062197215855122 -0.02149988897144794 -0.1941772401332855 
0.06485000252723694 0.008425193838775158 -0.1950498074293137 
-0.006772830151021481 -0.02666663005948067 -2.256692166469065e-09 
0.0008135780808515847 -0.003396437969058752 -0.1530853509902954 
-0.02784999832510948 -0.004534456878900528 -0.1930822432041168 
-0.02076943032443523 0.02050010859966278 -0.1770513504743576 
-0.01290313992649317 -0.01700517348945141 -0.1706423908472061 
0.04634460434317589 -0.02149988897144794 -0.1700775325298309 
0.02118315361440182 0.02735127881169319 -0.2007809430360794 
-0.00753831909969449 0.02050010673701763 -0.1895975023508072 
0.05151939764618874 0.005370287224650383 -0.1629028767347336 
0.004571591503918171 0.02588685229420662 -0.06693558394908905 
-0.02951301448047161 -0.004453843925148249 -1.35786958708195e-05 
-0.02544711530208588 -0.00467194989323616 -0.1782266646623611 
-0.02464171871542931 0.0105001162737608 -0.2043986022472382 
0.01328586880117655 -0.007996524684131145 -0.1499457210302353 
0.001510740956291556 0.02600467205047607 -0.126518502831459 
-0.01032260991632938 0.0103001119568944 -0.2262848317623138 
-0.02088649943470955 0.02050010673701763 -0.1979924142360687 
0.05771451443433762 -0.006207325961440802 -0.1671436876058578 
0.0551433339715004 0.0003713457845151424 -0.2292347550392151 
-0.02379947155714035 -0.01738123968243599 -0.1754966527223587 
0.01504136528819799 0.02249481156468391 -0.08768860995769501 
0.06485000252723694 0.009930984117090702 -0.2017051428556442 
0.001761124352924526 0.02659017406404018 -0.05605725944042206 
0.04414447024464607 0.01030011102557182 -0.1671609878540039 
-0.02759397029876709 -0.01230113487690687 -0.02847329154610634 
-0.02904344722628593 -0.006682422012090683 -0.02172793447971344 
0.01202803757041693 -0.01309371925890446 -0.1503487527370453 
0.04336827248334885 -0.02368663251399994 -0.1834651529788971 
0.0135718509554863 0.02050010859966278 -0.1522419154644012 
0.06507746875286102 -0.02149988897144794 -0.1965315043926239 
0.0196443647146225 -0.02149988897144794 -0.1666727960109711 
-0.02567802928388119 0.0103001119568944 -0.1871880888938904 
0.04745976254343987 -0.01923894882202148 -0.203480064868927 
0.04309606552124023 0.02050010673701763 -0.1965289562940598 
0.06389874219894409 -0.01371764857321978 -0.1818057745695114 
0.04264680668711662 0.02050010487437248 -0.1693624556064606 
0.06485000252723694 0.003782371524721384 -0.1999488770961761 
0.0007004106300882995 -0.02777227014303207 -0.1483034640550613 
0.02988805435597897 -0.005956926848739386 -0.0003296831273473799 
0.005572500638663769 -0.0297570526599884 -0.00943155400454998 
-0.02593345753848553 0.0103001119568944 -0.1994835883378983 
-0.01054573431611061 0.01088219229131937 -2.256692166469065e-09 
-0.006808719597756863 0.0103001119568944 -0.2326423525810242 
0.009741160087287426 -0.01569988019764423 -0.1593666225671768 
-0.01840152963995934 -0.02050628326833248 -0.09316080808639526 
0.0226769782602787 -0.02517580427229404 -0.1400489658117294 
0.003039627335965633 0.02744226530194283 -0.04430633783340454 
0.06699255853891373 0.01508085243403912 -0.1962649971246719 
0.06485000252723694 -0.002151066670194268 -0.1984534859657288 
0.03174284845590591 -0.02012596465647221 -0.1712125837802887 
-0.02784999832510948 0.009069952182471752 -0.1910783052444458 
-0.0005737870815210044 0.02050010859966278 -0.1654666066169739 
-0.0228254422545433 -0.02149988897144794 -0.1801027208566666 
0.01305548753589392 -0.02446827851235867 -0.1115655601024628 
-0.0251605212688446 -0.002125111874192953 -0.2182866930961609 
0.03407753631472588 0.001369544537737966 -0.1524147689342499 
-0.0009707345161587 -0.0239998884499073 -0.1954037398099899 
0.04293998330831528 0.02050010673701763 -0.1744237691164017 
-0.02876758575439453 -0.002143550664186478 -0.02746953442692757 
-0.003153587691485882 -0.002868104027584195 -0.1549490243196487 
0.06271547079086304 -0.01706819422543049 -0.1753469705581665 
0.05428308993577957 -0.01739989221096039 -0.1702082604169846 
0.05432028695940971 0.01531759463250637 -0.1631307601928711 
0.04119386523962021 0.02050010673701763 -0.1615015715360641 
-0.02943282760679722 -0.01867773570120335 -0.1921163499355316 
-0.0238424725830555 0.0103001119568944 -0.1938695013523102 
0.009968032129108906 -0.01198607496917248 -0.2453977465629578 
-0.02982575446367264 0.01311712060123682 -0.1884939670562744 
-0.02553065493702888 0.005453654564917088 -0.1322448253631592 
-0.01849115267395973 -0.02262019366025925 -0.1333002746105194 
0.02298451215028763 -0.01998701691627502 -0.1218660101294518 
0.005810045171529055 0.0249894093722105 -0.09521146863698959 
-0.01439292728900909 0.02050010673701763 -0.1896622776985168 
0.02641009725630283 0.02092046849429607 -0.1316635757684708 
0.03333479911088943 0.007258995436131954 -0.1520869433879852 
0.04550259560346603 -0.01739989407360554 -0.1785561144351959 
0.05377185344696045 0.007686542812734842 -0.2283591330051422 
-0.01515465788543224 -0.02275991998612881 -0.09304891526699066 
-0.02555369213223457 -0.02083930000662804 -0.1604259610176086 
0.05845655128359795 0.007709089200943708 -0.2217164039611816 
-0.02313457056879997 0.01476606540381908 -0.1157801002264023 
0.03725699335336685 -0.01164990197867155 -0.242436945438385 
0.009156523272395134 -0.001415053731761873 -2.256692166469065e-09 
0.0272675808519125 0.01273955125361681 -0.03230840712785721 
0.0422971174120903 -0.02396613359451294 -0.1823504567146301 
0.06525904685258865 0.006661449559032917 -0.1803312301635742 
0.04518337920308113 -0.01739989407360554 -0.1821430921554565 
0.004883653949946165 0.01467823795974255 -0.09000000357627869 
-0.02677571028470993 -0.01513152383267879 -0.02395791001617908 
-0.006209154613316059 0.02050010673701763 -0.1611084938049316 
0.06381262093782425 -0.008600831031799316 -0.1813774555921555 
0.02704469673335552 0.0203064102679491 -0.1318558156490326 
-0.02361954376101494 -0.01473705470561981 -0.07149322330951691 
0.04581355303525925 0.008125465363264084 -0.1585191041231155 
0.06268350034952164 -0.0214998871088028 -0.1816263645887375 
-0.01324999704957008 0.02457261085510254 -0.1232762038707733 
0.03334426879882812 0.0103001119568944 -0.230739414691925 
0.02768290974199772 0.02050010673701763 -0.1802118718624115 
-0.007455856073647738 0.0103001119568944 -0.179174393415451 
0.01674474216997623 -0.02149989083409309 -0.1566644608974457 
-0.02940058335661888 0.009178979322314262 -0.2027773857116699 
0.01582133583724499 0.0103001119568944 -0.2440834790468216 
-0.02596086636185646 -0.01821920834481716 -0.01081313658505678 
0.002842364367097616 -0.002156650647521019 -0.1522601842880249 
-0.02244997583329678 -0.0234220065176487 -0.1555410921573639 
-0.02663534693419933 -0.01739989221096039 -0.185686007142067 
0.02472485601902008 -0.01878784596920013 -0.168879508972168 
-0.009033180773258209 0.01158152241259813 -0.189005434513092 
0.04187031090259552 0.008323188871145248 -0.1559264063835144 
-0.02035438641905785 -0.01980340480804443 -0.06757661700248718 
0.03532689437270164 -0.0214998871088028 -0.168316125869751 
0.05750873684883118 0.0213901624083519 -0.1732308566570282 
-0.007516443263739347 -0.0008657404105179012 -2.256692166469065e-09 
-0.02562039904296398 -0.0183276105672121 -0.01637841574847698 
0.03435667976737022 -0.0137950349599123 -0.1382734775543213 
-0.01507135853171349 -0.00494846235960722 -0.2326333224773407 
-0.0140078105032444 -0.01569988019764423 -0.173412561416626 
0.03631705418229103 0.01830011419951916 -0.1741976588964462 
-0.01535099186003208 -0.023557024076581 -0.06730122864246368 
0.02453295327723026 -0.01222412846982479 -0.06793983280658722 
-0.0299207791686058 -0.003048005048185587 -0.1998272240161896 
0.05322258174419403 0.005342966411262751 -0.2311529517173767 
0.02861490100622177 0.02050010673701763 -0.1990463733673096 
0.01559230592101812 -0.02627638727426529 -0.0303945317864418 
0.04524806514382362 -0.004587964620441198 -0.1521783322095871 
0.0261601060628891 0.01980066671967506 -0.2069768607616425 
0.03688137233257294 0.02050010673701763 -0.1943520605564117 
-0.009286336600780487 -0.02095332369208336 -0.2075463831424713 
-0.02990932762622833 -0.0012815254740417 -0.1900322139263153 
-0.01966168917715549 -0.02058762684464455 -0.1248081102967262 
0.02476680651307106 -0.002301702508702874 -0.08606283366680145 
0.0290855411440134 0.01088054478168488 -0.007705945987254381 
0.051496721804142 0.01458253245800734 -0.1979500204324722 
0.02324287220835686 0.02034798637032509 -0.02825406566262245 
0.03725860267877579 0.01537125464528799 -0.2225834131240845 
0.01895419135689735 -0.02496128529310226 -0.02012334950268269 
-0.003480149433016777 -0.01757037453353405 -0.1772109866142273 
0.05459211766719818 -0.01739989407360554 -0.1861806660890579 
0.01360876206308603 0.02361127734184265 -0.1039648875594139 
0.06485000252723694 -0.01087036542594433 -0.1932465136051178 
0.04825453460216522 0.02050010673701763 -0.1794020533561707 
-0.0005101143615320325 0.02226964756846428 -0.09000000357627869 
-0.01379044260829687 0.02505512908101082 -0.1313470304012299 
0.02185848541557789 0.02302210591733456 -0.01432716846466064 
0.04085338860750198 0.0103001119568944 -0.1652030050754547 
0.05566013976931572 0.01030011288821697 -0.1895654648542404 
-0.02350624464452267 0.01560710929334164 -0.1284835338592529 
0.03091645613312721 0.02050010859966278 -0.1668328642845154 
0.0396636500954628 0.01220138650387526 -0.2175767719745636 
0.0508025735616684 0.01030011288821697 -0.1818152964115143 
-0.02580748125910759 -0.01190206408500671 -0.0540422685444355 
0.06206706538796425 -0.0006722365505993366 -0.1775079965591431 
-0.01533358544111252 -0.02661964297294617 -0.02588347531855106 
0.0589773878455162 -0.00904451310634613 -0.1719550788402557 
0.06431162357330322 -0.006806399207562208 -0.178119421005249 
0.01623236946761608 -0.02299988269805908 -0.2266433835029602 
-0.0007786600617691875 -0.02735548466444016 -0.04558077827095985 
0.03279585391283035 -0.006521818228065968 -0.1519104093313217 
0.02002624049782753 -0.01940219476819038 -0.07065477967262268 
0.03234514966607094 0.00126429577358067 -0.01217737980186939 
0.05299438163638115 0.02050010673701763 -0.1838289499282837 
0.0287646371871233 0.0004338755970820785 -0.02873909659683704 
-0.01175411976873875 -0.02651751786470413 -0.04487252235412598 
-0.02519549429416656 -0.006592108402401209 -2.256692166469065e-09 
0.05534802377223969 -0.007612873800098896 -0.1669278740882874 
0.04098331183195114 0.01587086915969849 -0.1798115819692612 
-0.02770979702472687 0.01890874840319157 -0.1691556572914124 
0.03868674114346504 -0.005058273207396269 -0.1438513845205307 
0.006395906675606966 -0.0296180322766304 -0.01300328597426414 
0.02566512301564217 -0.0218691173940897 -0.2264102101325989 
-0.02080880105495453 0.01800867542624474 -0.09881367534399033 
-0.01304184924811125 -0.01739989593625069 -0.1941912174224854 
-0.01303992047905922 -0.02289830148220062 -0.161251962184906 
0.03965599462389946 -0.0214998871088028 -0.1725582778453827 
-0.02643637731671333 -0.02149989083409309 -0.1765808910131454 
0.05013138428330421 -0.008354250341653824 -0.2343927770853043 
-0.02257793582975864 -0.01553168054670095 -0.09190274029970169 
0.01893091574311256 -0.0239998884499073 -0.1815842092037201 
0.0247255340218544 0.002546290401369333 -0.09120539575815201 
0.06267739087343216 -0.006962334737181664 -0.1746126860380173 
-0.01129084546118975 -0.01739989407360554 -0.1896974593400955 
-0.02785000205039978 -0.0003815693780779839 -0.198562428355217 
0.002330608898773789 0.006750986911356449 -0.2405951768159866 
0.002121329307556152 -0.008497844450175762 -0.1525267660617828 
-0.01736102253198624 -0.0224872101098299 -0.06528571248054504 
0.06054322794079781 0.005600107833743095 -0.2164232134819031 
-0.02502531930804253 -0.009108230471611023 -0.08816960453987122 
0.06475000083446503 -0.01186467241495848 -0.1989789009094238 
0.0483129695057869 0.02050010673701763 -0.1872237473726273 
0.02847626432776451 0.01705854199826717 -0.2242980003356934 
-0.005884088575839996 -0.02199243381619453 -0.1820869743824005 
0.02136044576764107 -0.01817979104816914 -0.0679059624671936 
0.01841962337493896 0.02258333936333656 -0.05213828012347221 
0.01234234496951103 0.01830011419951916 -0.2262218594551086 
0.0194843728095293 -0.0214998871088028 -0.1491400897502899 
-0.02502335794270039 -0.009279960766434669 -0.123095765709877 
-0.02349439449608326 0.008123568259179592 -0.180601179599762 
0.01478956639766693 0.02326425723731518 -0.1064850315451622 
0.006387728732079268 0.0006030241493135691 -0.2446634918451309 
0.04620939865708351 0.01830011419951916 -0.2010840773582458 
0.02435783483088017 0.01265355758368969 -0.06907448917627335 
0.01206925418227911 -0.02674536034464836 -0.1368659734725952 
-0.02547417208552361 -0.01739989593625069 -0.1826982498168945 
0.03208303824067116 -0.01580250263214111 -0.2241771221160889 
-0.01727636530995369 0.02341258153319359 -0.1653547585010529 
-0.0003953779814764857 -0.01569988019764423 -0.2296258956193924 
0.02633372321724892 0.01165398210287094 -0.04728573188185692 
0.04742017388343811 0.01590485498309135 -0.1555321663618088 
0.02797435224056244 0.01387368887662888 -0.01466671656817198 
-0.002836826723068953 -0.02728166989982128 -0.04634568840265274 
-0.01134161930531263 0.02289935760200024 -2.256692166469065e-09 
0.003404275514185429 -0.02690424770116806 -0.1387921124696732 
-0.02774999663233757 -0.01076294295489788 -0.2024604231119156 
0.06476899236440659 0.009978221729397774 -0.179187148809433 
0.05218647792935371 -0.008820833638310432 -0.1603356152772903 
-0.004615135490894318 0.01050011534243822 -0.0721583291888237 
0.04406388849020004 0.02050010673701763 -0.2009103149175644 
0.06475003808736801 0.00681145628914237 -0.1952210962772369 
0.02446722239255905 -0.006299318745732307 -2.256692166469065e-09 
0.0591554082930088 -0.001518351724371314 -0.2235767692327499 
0.0226434487849474 0.0134643642231822 -0.2262019515037537 
0.03289622440934181 -0.01739989407360554 -0.1527807116508484 
0.03488356247544289 0.0003786119632422924 -0.137948751449585 
0.005332507193088531 -0.02399988658726215 -0.1879881620407104 
0.01961753889918327 0.02462247386574745 -0.01612305454909801 
0.005676968023180962 0.0103001119568944 -0.2252461314201355 
0.008637288585305214 -0.01569988019764423 -0.2301357686519623 
0.05516188219189644 0.002987995510920882 -0.1638045459985733 
0.04792694747447968 -0.01835520379245281 -0.197197437286377 
0.03819486498832703 -0.001842950005084276 -0.2419975101947784 
0.04364671930670738 0.006299835164099932 -0.1603517979383469 
-0.01311750523746014 -0.01032608654350042 -0.1617010235786438 
-0.01860921271145344 0.01050011534243822 -0.1818157434463501 
0.02523350343108177 0.0103001119568944 -0.2360003143548965 
-0.02952763997018337 0.01111351512372494 -0.1810575127601624 
0.03285998106002808 -0.02399988658726215 -0.1837071776390076 
-0.01769335567951202 0.0103001119568944 -0.2158150523900986 
-0.01960575766861439 0.01919366791844368 -0.1037593930959702 
-0.002068130997940898 -0.02399988658726215 -0.2150988578796387 
0.04773619025945663 0.009583357721567154 -0.2363059818744659 
-0.02805861458182335 0.02038870565593243 -0.1771856397390366 
-0.01848750188946724 0.02259613946080208 -0.05335462838411331 
0.04820878058671951 -0.01569988019764423 -0.1938104033470154 
-0.02800000086426735 0.02133359760046005 -0.200600266456604 
-0.02530474588274956 -0.01752291992306709 -0.2046230286359787 
0.02043033018708229 0.02201411128044128 -2.256692166469065e-09 
-0.009279422461986542 0.01773555763065815 -0.182896226644516 
-0.02459673210978508 -0.02012654580175877 -0.007540478371083736 
-0.02688262239098549 0.002976896241307259 -0.05154027417302132 
0.01791901141405106 0.02113669365644455 -0.07277527451515198 
-0.01849866099655628 0.01030011102557182 -0.1803243011236191 
0.03061595931649208 -0.0239998884499073 -0.1814856231212616 
-0.009719317778944969 0.006429253146052361 -0.2352400273084641 
0.06485000252723694 -0.002493195468559861 -0.1881604194641113 
0.05530907958745956 0.008801099844276905 -0.1639970988035202 
0.06099413335323334 0.001456030178815126 -0.2207504361867905 
-0.02243725582957268 0.02050010673701763 -0.1829139143228531 
0.01668263040482998 0.02050010673701763 -0.1866291612386703 
-0.02794444002211094 -0.0009585102088749409 -0.03801945969462395 
-0.02926997467875481 0.00989891029894352 -0.1752221882343292 
0.01474244333803654 0.02783766761422157 -0.198904812335968 
0.05518762022256851 -0.01569988019764423 -0.2236199080944061 
0.04786531627178192 -0.02139579132199287 -0.190832108259201 
0.009999999776482582 0.02274216897785664 -0.0753885954618454 
0.05575289204716682 -0.0007905308157205582 -0.1674642860889435 
0.01695853471755981 0.02655358240008354 -0.1435393244028091 
-0.002764107193797827 0.0295525286346674 -0.01531466282904148 
0.04790214449167252 -0.02174383401870728 -0.1977737993001938 
0.01071339286863804 0.02050010673701763 -0.1626438945531845 
0.009999999776482582 0.02150537632405758 -0.0839419811964035 
0.01904486119747162 0.01943377777934074 -0.0887356698513031 
0.04617531597614288 -0.004699947778135538 -0.1532653123140335 
0.02507882565259933 -0.023999884724617 -0.2121256589889526 
-0.004730344749987125 0.02774136513471603 -0.1478108912706375 
0.06252715736627579 0.004852086305618286 -0.2174057811498642 
-0.02497553452849388 0.02150010876357555 -0.1675318777561188 
0.01053614728152752 0.02050010673701763 -0.1676115244626999 
0.03571313619613647 -0.02149989083409309 -0.151689425110817 
0.01496527437120676 0.01830011419951916 -0.2120674252510071 
0.005279721226543188 -0.01739989407360554 -0.1675855070352554 
0.007757425308227539 0.0103001119568944 -0.1573698967695236 
0.05037233233451843 0.005600106902420521 -0.2309232354164124 
-0.02445176243782043 -0.01216650288552046 -0.07675421237945557 
-0.02789958380162716 -0.004116471856832504 -0.03859445080161095 
-0.0086304796859622 0.02050010673701763 -0.1658067852258682 
0.02441318333148956 0.009910411201417446 -0.09522321820259094 
-0.001791085582226515 -0.02399988658726215 -0.2107210457324982 
0.001578543102368712 0.01710246875882149 -0.08999999612569809 
0.01268350519239902 -0.023999884724617 -0.1850491166114807 
-0.02105747349560261 -0.0116911381483078 -2.256692166469065e-09 
0.05435097590088844 -0.01643950864672661 -0.2296565473079681 
0.02755752950906754 0.005715456791222095 -0.0431983470916748 
-0.02418273501098156 -0.01209126319736242 -0.09073371440172195 
0.0001042998628690839 0.01050011534243822 -0.1550293266773224 
0.0003342260606586933 0.0103001119568944 -0.2275929152965546 
-0.02907242439687252 0.001687160227447748 -0.1723679006099701 
0.0246956143528223 0.01888113096356392 -0.02548575773835182 
-0.008816439658403397 0.02703074738383293 -0.157813087105751 
-0.01659533567726612 -0.0219968818128109 -0.08957146853208542 
0.02324596606194973 -0.02320120483636856 -0.1695612967014313 
0.05393683910369873 0.0103001119568944 -0.197482705116272 
0.01941170915961266 -0.002865656744688749 -0.1498117595911026 
-0.02323491126298904 -0.01845594123005867 -0.04475319012999535 
-0.02213998511433601 0.01642936840653419 -0.08411852270364761 
0.06492923200130463 -0.02039117552340031 -0.1829889714717865 
0.01772143691778183 -0.02149988897144794 -0.1625649034976959 
0.02689698338508606 -0.02149988897144794 -0.153480589389801 
-0.02719594910740852 -0.01039766706526279 -0.2134715020656586 
-0.004000925924628973 -0.01772038824856281 -0.1781809777021408 
-0.02616732567548752 -0.006032655946910381 -0.06494098156690598 
-0.02092905715107918 -0.02213704213500023 -0.1432351768016815 
0.034481480717659 0.007338611874729395 -0.1553990095853806 
0.06171503290534019 -0.01292709633708 -0.1764693707227707 
-0.02499124221503735 0.0002522073918953538 -0.1081990599632263 
0.01070797070860863 0.02449590340256691 -0.08070788532495499 
-0.01377967838197947 0.005629200488328934 -0.1623657196760178 
0.01921193860471249 -0.011624401435256 -0.1497107893228531 
-0.02559741958975792 -0.01543019339442253 -2.256692166469065e-09 
0.04683375358581543 -0.02180002070963383 -0.1905328631401062 
0.03196724876761436 0.02050010673701763 -0.1713669151067734 
-0.000897932390216738 -0.02536378428339958 -0.07720100879669189 
0.06660322099924088 -0.00281207007355988 -0.2014891058206558 
0.05772955715656281 0.01050011441111565 -0.171921119093895 
0.02876285091042519 -0.005402481649070978 -0.02819330990314484 
0.008591817691922188 -0.02590687572956085 -0.1249344050884247 
0.03224176168441772 0.002312742872163653 -0.1518283486366272 
0.05748971551656723 0.0006142037454992533 -0.1668496280908585 
-0.006402855738997459 0.005600106902420521 -0.160062700510025 
-0.01202143169939518 -0.02817466109991074 -0.02100683003664017 
-0.005434284452348948 0.008628217503428459 -0.2380141019821167 
-0.02462963759899139 0.01133235637098551 -0.08137469738721848 
-0.02515899762511253 0.007689446210861206 -0.123850405216217 
-0.02626130729913712 0.005182124674320221 -0.1801967918872833 
-0.01198625285178423 -0.01569988019764423 -0.1925434172153473 
0.009065126068890095 0.0105001162737608 -0.0828547328710556 
0.05750833451747894 0.0097407391294837 -0.1668739914894104 
-0.029612697660923 0.002863452536985278 -0.0001134768317569979 
-0.007979870773851871 0.01051559392362833 -0.1853107959032059 
0.01448377594351768 0.02472102642059326 -0.119395837187767 
-0.02479013614356518 0.009734681807458401 -0.0906725749373436 
0.02839727327227592 0.005164416041225195 -0.1223340556025505 
0.05305979773402214 -0.01262825168669224 -0.1642028242349625 
0.01612325385212898 -0.02399988658726215 -0.2042368352413177 
0.001657457440160215 -0.01372715272009373 -0.1528899818658829 
0.04158622398972511 0.008380756713449955 -0.1576659381389618 
0.01431165263056755 0.01459761057049036 -0.2261173725128174 
-0.02534124255180359 0.01352868042886257 -0.05202007293701172 
0.06444838643074036 -0.01661486923694611 -0.1952099949121475 
0.05348261445760727 0.0103001119568944 -0.1894856095314026 
0.02657096646726131 0.01030011102557182 -0.1617421805858612 
0.03130760788917542 -0.0239998884499073 -0.1976118981838226 
0.02793786861002445 0.0103001119568944 -0.1650607883930206 
-0.02798274904489517 -0.002793226856738329 -0.1600006520748138 
0.01045177690684795 -0.02867159992456436 -0.02004216238856316 
0.03226445615291595 0.02050010673701763 -0.1554412096738815 
0.02341965399682522 0.01830011419951916 -0.2172357439994812 
0.007643194403499365 -0.02981127798557281 -0.001217818586155772 
0.02039324678480625 0.0103001119568944 -0.2373261451721191 
0.0615670382976532 -0.01650513522326946 -0.1992992907762527 
-0.02626984752714634 0.007047405932098627 -0.1432996988296509 
0.02478824183344841 0.005567037966102362 -0.09272775053977966 
0.001445855014026165 0.01030011288821697 -0.1580910831689835 
0.001595118315890431 -0.02966879494488239 -0.0001697561528999358 
0.01657284796237946 0.0215547326952219 -0.08506754785776138 
0.01016643643379211 0.02050010487437248 -0.1673078685998917 
0.05817176401615143 0.0004790176171809435 -0.2251564562320709 
-0.02673406153917313 -0.006083785090595484 -0.147730827331543 
0.0575878880918026 0.01340872049331665 -0.2049999982118607 
-0.02684731781482697 0.01657179929316044 -0.1566393971443176 
-0.02104987576603889 -0.02149988897144794 -0.1939682364463806 
-0.02010687440633774 -0.01603149808943272 -2.256692166469065e-09 
-0.02785000205039978 -0.01131544075906277 -0.192407488822937 
-0.01761717349290848 0.02050010673701763 -0.2037492841482162 
0.06475001573562622 -0.003088434692472219 -0.1916800886392593 
0.01914901100099087 0.01030011288821697 -0.2289540320634842 
0.02828875556588173 -0.004639985505491495 -0.1219635158777237 
0.05555683001875877 0.01050011534243822 -0.2036660313606262 
0.06686832755804062 0.0070990901440382 -0.1999872177839279 
0.006526249460875988 -0.02399988658726215 -0.2186018973588943 
-0.02241219393908978 0.0105001162737608 -0.1984645426273346 
-0.02515342459082603 0.01333900727331638 -0.05642397701740265 
0.05784643068909645 -0.02025337889790535 -0.169452503323555 
0.03581958264112473 0.009732043370604515 -0.1397011578083038 
0.01618612185120583 0.0242169052362442 -0.1198029965162277 
0.002989859785884619 -0.01569988019764423 -0.23186294734478 
0.03032808378338814 0.002432262059301138 -0.01409914623945951 
0.01213469915091991 -0.02525582909584045 -0.06103172153234482 
-0.02625264599919319 -0.001542340498417616 -0.1427746117115021 
-0.01457877084612846 -0.01326637528836727 -0.2330980002880096 
0.03246716782450676 -0.006084198132157326 -0.1334154903888702 
0.04215730726718903 -0.0171451922506094 -0.1782397925853729 
0.005004447884857655 0.009201887995004654 -2.25669238851367e-09 
0.0623532310128212 0.01521037053316832 -0.1743512749671936 
0.04319401830434799 -0.02028623782098293 -0.2138693928718567 
0.00823603942990303 0.0256933867931366 -0.1219548434019089 
0.007027602754533291 0.02050010673701763 -0.1547076553106308 
-0.02595841139554977 0.01810628175735474 -0.007156426087021828 
0.0119165163487196 -0.0239998884499073 -0.2241182327270508 
0.02733214758336544 -0.01221212930977345 -2.25669238851367e-09 
0.02808850631117821 -0.006134557537734509 -0.1212027668952942 
0.0005462254630401731 -0.02843721397221088 -0.03197922557592392 
0.04894533753395081 -0.01745455339550972 -0.2020141631364822 
-0.0132032185792923 0.02366532385349274 -0.09562087804079056 
-0.02774993702769279 0.008749804459512234 -0.2007494270801544 
0.05671826004981995 0.0103001119568944 -0.1793280243873596 
0.01890724338591099 0.002159434603527188 -0.2462463676929474 
0.01088053733110428 0.02925772406160831 -0.001169265829958022 
0.02392488718032837 -0.02399988658726215 -0.1799590587615967 
0.05477111786603928 0.01050011534243822 -0.1963265389204025 
0.01229599490761757 -0.023999884724617 -0.1988282352685928 
-0.0259457565844059 0.00675235316157341 -0.2075770199298859 
0.02112891152501106 -0.02149988897144794 -0.1575170904397964 
-0.005257633980363607 0.02444823458790779 -2.256692166469065e-09 
0.0229815486818552 -0.02399988658726215 -0.2094974666833878 
-0.007584394887089729 -0.02798077836632729 -0.0364178828895092 
0.0430949479341507 0.0183247234672308 -0.2049999833106995 
0.02507378160953522 0.02050010859966278 -0.1667354851961136 
-0.02836808748543262 -0.01317927055060863 -0.01095019932836294 
0.03028607740998268 0.00963688176125288 -0.1287142783403397 
0.00569817703217268 -0.02994069829583168 -0.001081439200788736 
0.004835874773561954 0.02982250973582268 -0.00661581801250577 
-0.02515173703432083 -0.01480749435722828 -0.1774739176034927 
0.001619653310626745 -0.02553734555840492 -0.1180792972445488 
0.02997240424156189 -0.02219988591969013 -0.2242920696735382 
0.04633065313100815 0.002141666831448674 -0.1534469425678253 
0.0534060150384903 0.00424189493060112 -0.2309712022542953 
0.0405150018632412 0.01030011288821697 -0.2271129041910172 
0.01418248191475868 0.01484218332916498 -0.1653108298778534 
-0.01549985911697149 0.02360654808580875 -0.123556487262249 
-0.01449999958276749 0.01315601728856564 -0.2022981345653534 
0.04926744848489761 0.0103001119568944 -0.1701515316963196 
-0.02116774767637253 -0.02149988897144794 -0.1845470368862152 
0.05714867264032364 -0.0002616161946207285 -0.1692560911178589 
0.04366690665483475 -0.01744255609810352 -0.1809256672859192 
-0.02607742324471474 0.002546700881794095 -0.06674398481845856 
0.04695222526788712 -0.02219988591969013 -0.1960793137550354 
0.03072190284729004 -0.0009515716810710728 -0.1293579488992691 
0.02067841216921806 0.01169689930975437 -0.165215790271759 
-0.02419490739703178 0.0007009634282439947 -0.1755370795726776 
0.06602082401514053 0.01949543878436089 -0.1872297525405884 
0.05163358524441719 -0.01569988019764423 -0.1858562529087067 
-0.02703415043652058 0.01228601112961769 -0.03583945333957672 
0.04433011263608932 0.0212961733341217 -0.1548880040645599 
-0.01593618653714657 -0.02527986280620098 -0.0389336384832859 
-0.02934104017913342 0.01657845638692379 -0.1807603538036346 
0.01861595548689365 -0.001706232549622655 -2.256692166469065e-09 
0.02548650652170181 0.01828822493553162 -0.2279661893844604 
0.03850382566452026 -0.01897474750876427 -0.1470326483249664 
0.0263653714209795 -0.007628956809639931 -0.05721881240606308 
0.0245926920324564 0.008066094480454922 -0.08554819971323013 
0.01086595002561808 0.01830011419951916 -0.2237253934144974 
0.06439208984375 0.002539297332987189 -0.1829786002635956 
0.05220356211066246 0.01030011288821697 -0.1742600053548813 
0.03509951010346413 -0.01569988019764423 -0.2290863394737244 
-0.007137017790228128 0.007386533077806234 -0.1570260375738144 
-0.003152693854644895 -0.02547818794846535 -0.07503839582204819 
0.02647900581359863 0.01436998881399632 -0.03396409749984741 
0.006493391469120979 0.02606666833162308 -0.1275267601013184 
0.0091210613027215 0.0274881087243557 -0.04007051885128021 
-0.007976553402841091 0.0177640225738287 -0.08896665275096893 
-0.01297906134277582 0.02844579331576824 -0.006738375406712294 
0.05837145820260048 -0.01739989407360554 -0.1883647441864014 
-0.02814371138811111 0.007944394834339619 -0.1617584824562073 
0.0413278192281723 -0.01569988019764423 -0.2271933406591415 
0.04500846564769745 0.005600107368081808 -0.2351003289222717 
0.03547687083482742 0.0128786526620388 -0.1398067325353622 
0.06693895161151886 0.0044735511764884 -0.1910148561000824 
0.04022989794611931 -0.008448434993624687 -0.1460555642843246 
0.001634534215554595 0.02803332544863224 -0.03702927753329277 
-0.02461583353579044 0.008616381324827671 -0.2193974703550339 
0.02353874407708645 0.005264170933514833 -0.1499357670545578 
0.01134433597326279 0.02425761520862579 -0.1014687418937683 
0.02618100866675377 -0.004128651693463326 -2.256692166469065e-09 
0.007461564615368843 0.01244000624865294 -2.256692166469065e-09 
-0.009757592342793941 -0.003742918372154236 -0.1591479480266571 
0.02898454107344151 0.02050010673701763 -0.1816665083169937 
-0.02911223657429218 -0.01056818477809429 -0.1728555560112 
-0.01379928179085255 0.009223354980349541 -2.256692166469065e-09 
-0.02141856402158737 -0.02149988897144794 -0.1792382895946503 
0.006185367703437805 0.02150010876357555 -0.1509180068969727 
0.01728464104235172 -0.00488230399787426 -0.1497855186462402 
-0.01312848646193743 -0.01569988019764423 -0.1939459145069122 
0.02347723580896854 0.01660888828337193 -0.1657723486423492 
-0.01507581956684589 -0.01739989407360554 -0.1796980649232864 
-0.01044247578829527 -0.02693772688508034 -0.04450071603059769 
0.04580817744135857 -0.009811113588511944 -0.1529037058353424 
-0.01750654168426991 -0.01569988019764423 -0.1865887641906738 
-0.008559741079807281 0.0103001119568944 -0.1648464500904083 
0.06475002318620682 -0.0101327933371067 -0.2058501541614532 
-0.01288379263132811 -0.02567658200860023 -0.05148659273982048 
0.0591377429664135 0.005071645136922598 -0.1690054386854172 
0.05390014871954918 -0.006178431212902069 -0.1622974276542664 
-0.01086246129125357 -0.0278110858052969 -0.149631530046463 
0.03922997787594795 -0.003999870270490646 -0.00398368714377284 
0.05044208839535713 -0.02149988897144794 -0.1964530497789383 
-0.02542505785822868 0.005600106902420521 -0.2118077874183655 
-0.02501806057989597 -0.01194984652101994 -0.1313356757164001 
-0.02501518465578556 0.006679278332740068 -0.1180600076913834 
-0.02310430631041527 -0.01569988019764423 -0.2110390812158585 
0.01253604888916016 0.0103001119568944 -0.2365509122610092 
0.06380553543567657 0.002659158781170845 -0.1813607960939407 
0.02897576987743378 0.008586614392697811 -0.1526626497507095 
-0.0180314127355814 0.0103001119568944 -0.1851166486740112 
-0.02522803470492363 -0.005311762914061546 -0.1241543889045715 
-0.02374950423836708 -0.01875963062047958 -2.256692166469065e-09 
0.03764272481203079 0.02050010673701763 -0.1835745871067047 
-0.01061362121254206 -0.01739989407360554 -0.1773643642663956 
0.008613187819719315 0.02739605866372585 -0.04216986894607544 
-0.02383784018456936 -0.02350394055247307 -0.1656478941440582 
-0.0280621200799942 0.02030478604137897 -0.1768355369567871 
0.04129145294427872 -0.0167325995862484 -0.1554081588983536 
0.01800691522657871 0.02593834511935711 -0.1984591484069824 
0.0172199048101902 0.02456286922097206 -0.1446936428546906 
0.06373684108257294 -0.01739989407360554 -0.2041614800691605 
-0.02679134160280228 0.006935597397387028 -0.1485840678215027 
0.02713539637625217 0.02050010673701763 -0.1592265218496323 
0.01277343183755875 -0.003880690317600965 -0.2457678318023682 
-0.02722473442554474 -0.01198358647525311 -0.1536245942115784 
0.0007131733000278473 0.0272277444601059 -0.1424618065357208 
-0.01753202080726624 -0.0214678943157196 -0.07810944318771362 
0.02508682943880558 -0.01981955766677856 -0.001998513471335173 
-0.02811789140105247 0.01879072934389114 -0.1720191687345505 
0.0008583895396441221 0.004770109429955482 -0.0003521200851537287 
0.0148576395586133 -0.01977843418717384 -0.227241724729538 
0.05784064158797264 0.02050010673701763 -0.1837230175733566 
0.03007905930280685 0.005467663519084454 -0.009612146764993668 
0.00419250363484025 -0.01569988019764423 -0.1685599535703659 
0.05993290990591049 0.00620450871065259 -0.2196523696184158 
0.01755594834685326 -0.02582773193717003 -0.01969079487025738 
-0.02375440113246441 -0.02182945422828197 -0.1550729274749756 
-0.01413519866764545 -0.01739989407360554 -0.1729574203491211 
-0.02774998731911182 -0.0002545821480453014 -0.195534348487854 
0.00141818739939481 -0.01588885672390461 -0.1740261018276215 
0.02754687145352364 -0.01741646975278854 -0.1286090314388275 
-0.02673214860260487 -0.01707085035741329 -0.004729149863123894 
-0.002922325395047665 -0.02651644311845303 -0.05749752372503281 
-0.00493791326880455 -0.02516219951212406 -0.08368297666311264 
0.0669650211930275 -0.00677331630140543 -0.1983784437179565 
0.008469253778457642 -0.02479214780032635 -0.08306392282247543 
0.06659451127052307 0.008881773799657822 -0.2015513479709625 
-0.003472481854259968 0.0103001119568944 -0.2245030403137207 
0.06457856297492981 -0.01951876655220985 -0.1808302402496338 
-0.02450613304972649 -0.02049516141414642 -0.00262463791295886 
-0.02785000018775463 0.002058384940028191 -0.1967033743858337 
-0.01333156041800976 0.02050010673701763 -0.2005725800991058 
4.429370164871216e-05 -0.02513463795185089 -0.1530922055244446 
0.01501690223813057 0.02574878372251987 -2.256692166469065e-09 
-0.02515497244894505 0.00470979418605566 -0.1222019642591476 
-0.02414452657103539 0.01369476690888405 -0.1264242380857468 
0.02260370180010796 -0.01546860579401255 -0.1022708564996719 
0.01520523894578218 -0.01366934180259705 -2.256692166469065e-09 
0.01454240083694458 0.02150010876357555 -0.1462714970111847 
0.03534410521388054 -0.001318209688179195 -0.1387514173984528 
-0.01776380650699139 0.009437459520995617 -0.2296495586633682 
-0.01144312787801027 -0.01569988019764423 -0.1740582585334778 
-0.0299234539270401 0.005697115324437618 -0.002436143346130848 
0.06013739854097366 0.01050011534243822 -0.1814658641815186 
-0.01468630041927099 0.02327371761202812 -0.08043381571769714 
0.0171649344265461 0.02680778130888939 -0.0003839623532257974 
0.04507265612483025 0.01547998189926147 -0.1865364611148834 
-0.00631653843447566 -0.02253601886332035 -2.256692166469065e-09 
-0.02719142287969589 -0.009296643547713757 -0.152426078915596 
0.02693349123001099 -0.01591642759740353 -0.01848725788295269 
-0.01961525529623032 -0.02326372638344765 -0.03391805663704872 
0.06080325692892075 0.009283073246479034 -0.1748618334531784 
0.05784901231527328 0.01050011534243822 -0.1940939128398895 
0.01382043771445751 0.0274970568716526 -0.02426861226558685 
0.02584029361605644 0.02050010673701763 -0.1594501435756683 
0.03925981000065804 -0.0239998884499073 -0.1925149857997894 
-0.01567544043064117 0.008785983547568321 -0.1638493239879608 
0.0647500678896904 0.001228904351592064 -0.2078456580638885 
-0.01524015702307224 0.02391542866826057 -0.126196414232254 
0.01159118581563234 0.01727468706667423 -2.256692166469065e-09 
-0.02777019515633583 0.001611764426343143 -0.1579661071300507 
-0.0148135032504797 0.02439231798052788 -0.1296357065439224 
0.03964795544743538 -0.00385192409157753 -0.00463467463850975 
0.05628712102770805 -0.01567296124994755 -0.1690402626991272 
0.06245005875825882 -0.01429383642971516 -0.1743982136249542 
-0.003121465444564819 0.0103001119568944 -0.1562207639217377 
0.002344261389225721 -0.0260451789945364 -0.06568192690610886 
-0.02115196362137794 -0.01636828109622002 -0.1704006940126419 
0.02917505241930485 0.006770588457584381 -0.02155691385269165 
-0.02914301678538322 0.007150029297918081 -0.173248752951622 
0.06312796473503113 0.005841673351824284 -0.2067581564188004 
0.0291439201682806 -0.02399988658726215 -0.2049873024225235 
0.01313880458474159 0.02640574239194393 -0.2003840506076813 
0.01452488638460636 -0.0239998884499073 -0.21406389772892 
-0.01467348635196686 0.02050010673701763 -0.1940416842699051 
-0.001939533278346062 0.02503964118659496 -0.1019444987177849 
0.043332789093256 -0.02399988658726215 -0.1976702958345413 
-0.02529435604810715 0.00558795128017664 -0.1277835369110107 
-0.009999998845160007 0.01664927788078785 -0.08309952169656754 
-0.02521211467683315 0.001207660883665085 -0.1235540211200714 
-0.006097388453781605 0.02822226285934448 -0.03438685461878777 
0.01243958435952663 -0.0239030048251152 -0.1009617745876312 
-0.005968155339360237 0.01132369786500931 -0.1825749576091766 
0.03507857769727707 0.01363044604659081 -0.1395056247711182 
-0.00555869285017252 0.01692432723939419 -0.1820545494556427 
0.06475000083446503 -0.0144496988505125 -0.2068540155887604 
0.007017983589321375 -0.01428978703916073 -0.1511741876602173 
0.06021829694509506 -0.008492471650242805 -0.1707015037536621 
0.03063645958900452 0.02050010673701763 -0.1568526923656464 
5.395326297730207e-06 0.02767754718661308 -0.147144615650177 
0.02682102657854557 -0.007972607389092445 -0.05070355534553528 
-0.01449468266218901 0.01531995087862015 -0.2032486498355865 
-0.002196373185142875 0.01030011102557182 -0.1663303077220917 
-0.02181930467486382 -0.01666969247162342 -0.1062634289264679 
0.06482216715812683 0.01028375141322613 -0.1838735342025757 
-0.02528344467282295 0.004694397561252117 -0.1780957877635956 
-0.0292062796652317 -0.01478768140077591 -0.2038055062294006 
-0.002372643444687128 0.02493133023381233 -2.256692166469065e-09 
0.03582108020782471 0.007496630772948265 -0.2400449067354202 
0.03415149077773094 0.007634843699634075 -0.2431403994560242 
-0.01241862308233976 0.01805396750569344 -0.2032287865877151 
0.01038908958435059 0.01799658313393593 -0.1694106012582779 
-0.01360812690109015 -0.02524183318018913 -0.05474497750401497 
-0.02520353905856609 0.002531179692596197 -0.0922655314207077 
0.006817961577326059 -0.0214998871088028 -0.1522949039936066 
0.03291612863540649 0.02050010673701763 -0.1647575497627258 
0.0290035605430603 -0.01739989593625069 -0.1694692373275757 
0.004784764721989632 -0.003718209452927113 -0.151777982711792 
0.04044728353619576 0.006973805837333202 -0.1552162766456604 
0.02277135476469994 -0.0239998884499073 -0.2108390927314758 
0.05808272212743759 -0.02149989083409309 -0.1928188055753708 
0.01563151925802231 0.02747584879398346 -0.005027055740356445 
0.006173974834382534 -0.01712445542216301 -0.2247501015663147 
0.06638029217720032 -0.009383713826537132 -0.1849860548973083 
-0.02990172989666462 0.001370464218780398 -0.004343125037848949 
0.0205074604600668 -0.02577073499560356 -0.13535276055336 
-0.02257697470486164 -0.01609437540173531 -0.0771445706486702 
-0.002777813002467155 0.0103001119568944 -0.2228980958461761 
0.01898751780390739 0.01934043690562248 -0.2097849696874619 
0.04369847103953362 -0.004032423719763756 -0.1567766815423965 
0.01752328500151634 0.02176768332719803 -0.06915915012359619 
-0.01558261178433895 -0.01569988019764423 -0.2018839865922928 
0.03920268639922142 0.01326058804988861 -0.1777225136756897 
-0.01814533770084381 -0.01447747088968754 -0.166644960641861 
0.01615901850163937 0.02100011520087719 -0.1903388798236847 
-0.02796461433172226 0.01146546099334955 -0.1604972332715988 
-0.008821942843496799 -0.01569988019764423 -0.2104114294052124 
-0.001289199688471854 -0.02190802060067654 -0.2195221781730652 
0.01863157190382481 -0.02572214789688587 -0.1326071172952652 
0.002217892091721296 0.02529802918434143 -0.1114876493811607 
-0.02160005830228329 0.009300109930336475 -0.2194986492395401 
0.02539442107081413 0.0120824109762907 -0.1114855706691742 
0.01624372787773609 -0.006493481807410717 -0.1498331278562546 
0.0222107358276844 -0.01739989407360554 -0.1597595661878586 
0.01468581892549992 0.02537438459694386 -0.04564162716269493 
0.06485000252723694 -0.0003960477188229561 -0.1933420300483704 
-0.02984577417373657 0.01615256071090698 -0.1945987194776535 
-0.02774994447827339 0.009768037125468254 -0.1890133619308472 
-0.009942878037691116 0.004230991005897522 -0.1592694818973541 
0.01883457228541374 -0.02484971098601818 -0.1290320456027985 
0.04254064708948135 0.0103001119568944 -0.1789370030164719 
-0.01049232855439186 0.02050010673701763 -0.1970897912979126 
0.06157867982983589 -0.006198568269610405 -0.2194004058837891 
0.0199361015111208 -0.0243193618953228 -0.1288895010948181 
0.008365141227841377 0.01545905228704214 -2.256692166469065e-09 
0.03469964861869812 -0.02149988897144794 -0.1643645167350769 
0.01497370190918446 0.006596066057682037 -0.2458909749984741 
0.02535879984498024 0.01944552361965179 -0.000597229169216007 
-0.01672233641147614 0.005600107368081808 -0.1677974164485931 
-0.02479437552392483 -0.009901005774736404 -0.176762729883194 
0.01123766787350178 -0.01569988019764423 -0.243033766746521 
0.01856342703104019 -0.02580602094531059 -0.006030721589922905 
0.01565496250987053 -0.005834423936903477 -0.1498113572597504 
0.01061979215592146 -0.01739989407360554 -0.1580550968647003 
-0.01500950660556555 0.0103001119568944 -0.2213160246610641 
0.02885419502854347 -0.01739989407360554 -0.16110560297966 
0.01307472959160805 -0.01883487403392792 -0.2267774343490601 
-0.0168178528547287 0.01030630711466074 -0.1646887362003326 
0.02031581662595272 0.02308733947575092 -0.1247749030590057 
-0.0291130468249321 -0.00965761486440897 -0.1728654503822327 
0.01052931975573301 0.01050011534243822 -0.165913313627243 
-0.009561304934322834 0.008668587543070316 -0.1589060425758362 
-0.0243019126355648 -0.002623811829835176 -0.2202622443437576 
-0.00649161683395505 0.0105001162737608 -0.07074886560440063 
0.06146004796028137 0.006547783501446247 -0.1790274083614349 
0.04499758407473564 0.02150010876357555 -0.1596991568803787 
-0.02426156774163246 -0.01206963881850243 -0.08699280768632889 
-0.02785000018775463 -0.009707203134894371 -0.1864052563905716 
0.04740380123257637 -0.01812968403100967 -0.1903757452964783 
0.02165351435542107 0.004577404819428921 -2.256692166469065e-09 
-0.0111375767737627 -0.02665182203054428 -0.0455283410847187 
0.06475001573562622 -0.008683617226779461 -0.2012256383895874 
0.02330831997096539 0.02050010673701763 -0.1653595417737961 
0.0208749882876873 0.02603608183562756 -0.1949108839035034 
0.004434220027178526 0.02531869895756245 -0.1127126589417458 
-0.02857801876962185 0.01483650784939528 -0.1676787734031677 
0.02778785303235054 -0.01422473881393671 -0.01413487270474434 
0.04519836604595184 0.0103001119568944 -0.2319954931735992 
0.05681629478931427 0.01050011534243822 -0.2040535360574722 
0.004961025435477495 0.007300106808543205 -0.2423845082521439 
0.02407809719443321 0.01069961488246918 -0.08512692153453827 
-0.02583985775709152 0.003812210634350777 -0.1793013513088226 
0.008185776881873608 -0.02561063878238201 -0.1195498555898666 
0.0008369914721697569 0.02050010859966278 -0.1728041172027588 
0.03954094648361206 0.01412044558674097 -0.2178116142749786 
0.06272401660680771 -0.008284116163849831 -0.178818941116333 
0.01613695174455643 -0.01736776530742645 -0.2454503923654556 
-0.01442337408661842 0.0103001119568944 -0.2206494808197021 
0.05813102051615715 -0.02149988897144794 -0.1773874014616013 
-0.02087157219648361 0.02027829363942146 -0.1324421018362045 
0.008612200617790222 -0.02467427775263786 -0.09929768741130829 
0.02309691160917282 -0.01709167659282684 -0.112545982003212 
-0.02996244095265865 -0.01490753702819347 -0.1946125477552414 
-0.02339455112814903 0.01911655068397522 -0.03733333200216293 
0.03519106283783913 -0.01739989407360554 -0.1660557687282562 
0.009413696825504303 0.01200225949287415 -0.1695171892642975 
0.01785698905587196 -0.02592972107231617 -0.01451781019568443 
0.02611205354332924 -0.009859556332230568 -0.05557627975940704 
0.02969939634203911 0.02050010673701763 -0.1705159842967987 
0.03561431542038918 -0.01569988019764423 -0.170618087053299 
0.02815991453826427 0.01392827462404966 -0.00699889799579978 
0.02825819700956345 -0.01323301717638969 -0.01159325614571571 
0.05990852788090706 -0.01571619883179665 -0.1942512392997742 
-0.007152472157031298 -0.0271720215678215 -0.04724045842885971 
0.06513276696205139 0.0215001106262207 -0.1993740200996399 
-0.02318819798529148 0.02283590659499168 -0.1563181281089783 
0.0512675978243351 -0.01943816244602203 -0.2050000131130219 
-0.02019951865077019 0.0105001162737608 -0.1962605565786362 
0.05253969132900238 -0.01083138305693865 -0.2319830060005188 
0.05177570879459381 -0.01569988019764423 -0.2160794138908386 
-0.004857273306697607 -0.02308573946356773 -0.2150550186634064 
0.04083236306905746 0.02050010673701763 -0.1752170324325562 
0.02844690904021263 -0.0107646631076932 -0.2451032400131226 
0.05449279397726059 -0.01569988019764423 -0.2034351825714111 
0.02882148511707783 -0.01569988019764423 -0.1647383868694305 
0.04940762370824814 -0.01739989593625069 -0.1898757815361023 
0.01883925870060921 -0.0258875135332346 -0.1431090980768204 
-0.003157541621476412 0.02150010876357555 -0.1552754640579224 
0.01234083622694016 -0.02828718721866608 -0.01822707802057266 
0.02677126787602901 0.01661547459661961 -0.006700647994875908 
0.03964485973119736 0.005600107368081808 -0.2413165122270584 
0.02442843839526176 0.01306681334972382 -0.1068421602249146 
-0.0293288342654705 0.01871545612812042 -0.1885668486356735 
0.03431321680545807 -0.02399988658726215 -0.1916311532258987 
0.0247981883585453 -0.001656543463468552 -0.08454708009958267 
-0.003204228589311242 0.02636916562914848 -0.1318080425262451 
0.04823421314358711 -0.01585337333381176 -0.2324973940849304 
0.01402335613965988 0.02431393973529339 -0.06366918236017227 
-0.02466509491205215 -0.01569988019764423 -0.2171213924884796 
0.05943984538316727 0.01439739763736725 -0.1696195602416992 
-0.004984937608242035 -0.01739989407360554 -0.157622441649437 
-0.003538308897987008 0.01576915569603443 -0.2168235927820206 
-0.01150000095367432 -0.0204397439956665 -0.2017120867967606 
0.02475111186504364 -0.02200311981141567 -0.1392408609390259 
-0.00604266719892621 0.0154072092846036 -2.256692166469065e-09 
0.02693355828523636 0.0162152573466301 -0.01114328764379025 
0.02622850053012371 -0.0239998884499073 -0.2013047337532043 
0.03705380484461784 0.02050010673701763 -0.1590981334447861 
0.03604146093130112 -0.0002054639626294374 -0.008705314248800278 
0.006200547330081463 -0.02924921363592148 -0.01962712593376637 
-0.02390770427882671 0.01498090475797653 -0.0667555183172226 
0.006893299520015717 -0.0295577272772789 -0.01348838023841381 
0.06475000828504562 -0.0005137607804499567 -0.1861170828342438 
-0.01589079201221466 0.02515673078596592 -0.04137052595615387 
0.01980587095022202 0.0008583511225879192 -0.1498546898365021 
0.05971663817763329 0.008153226226568222 -0.1727263331413269 
-0.01203500479459763 0.02880446799099445 -0.00431029824540019 
0.03500750660896301 -0.01739989407360554 -0.1659816205501556 
-0.02712265029549599 0.01009724754840136 -0.04200065135955811 
-0.02308104932308197 -0.0178992785513401 -0.05166598781943321 
0.01277267374098301 0.01730011217296124 -0.2275292724370956 
0.01423916965723038 0.02489197440445423 -0.1200407296419144 
-0.01841053366661072 0.0103001119568944 -0.2191968858242035 
0.01044390723109245 -0.02787645906209946 -0.03185588493943214 
-0.01877547986805439 -0.01739989221096039 -0.2004870176315308 
0.06696273386478424 -0.007250594906508923 -0.197732150554657 
-0.02535455673933029 -0.004771914333105087 -0.08507705479860306 
-0.01852172985672951 -0.018994415178895 -0.2049999982118607 
0.03334375470876694 0.02050010673701763 -0.204225167632103 
0.03528381884098053 -0.009209185838699341 -0.1387654393911362 
0.005132286809384823 -0.01090836059302092 -0.151751235127449 
-0.006066879257559776 0.01030011288821697 -0.2220002859830856 
-0.01104630343616009 -0.01739989407360554 -0.1651496887207031 
0.04331692680716515 -0.00287850177846849 -0.1565597653388977 
-0.007602399680763483 0.01030011102557182 -0.1747991442680359 
0.0108126001432538 -0.0239998884499073 -0.1932682693004608 
0.04789011180400848 0.01370201911777258 -0.1834585815668106 
-0.02142898365855217 -0.000997456256300211 -0.2249089330434799 
0.02451001852750778 0.009826583787798882 -0.09684189409017563 
1.575902570039034e-05 0.01274772547185421 -0.1708104014396667 
-0.001715619117021561 -0.02149988897144794 -0.1736157685518265 
-0.02785000018775463 -0.01435016747564077 -0.1912088096141815 
-0.02354438789188862 0.01608121022582054 -0.1308448612689972 
0.05151563510298729 0.005600107368081808 -0.2293812334537506 
-0.004294885322451591 0.01050011441111565 -0.08642943203449249 
0.03844239935278893 0.02050010673701763 -0.172491043806076 
0.02537212893366814 0.003485159249976277 -0.1043205857276917 
0.0281829871237278 -0.01970586180686951 -0.1701894998550415 
-0.02774999849498272 -0.01271015871316195 -0.2058328092098236 
-0.008993154391646385 0.01861387118697166 -2.256692166469065e-09 
0.03198406100273132 -0.02149988897144794 -0.1683031767606735 
0.02015319280326366 0.01623202487826347 -0.1653580665588379 
0.01315120980143547 -0.02710570953786373 -0.03181490302085876 
-0.02774998918175697 0.002726620063185692 -0.1888708770275116 
0.04635731130838394 0.02150010876357555 -0.1602748930454254 
0.00680296728387475 -0.02399988658726215 -0.1881108582019806 
0.01106927543878555 -0.0193844735622406 -0.1694846451282501 
0.0007446750532835722 0.0103001119568944 -0.2374526709318161 
0.04103213176131248 0.001664766576141119 -0.1554341316223145 
-0.002349056303501129 -0.01739989407360554 -0.1582098007202148 
0.002614099299535155 -0.02548805437982082 -0.117093414068222 
0.006370638497173786 0.02905821986496449 -0.02277112565934658 
0.01857250742614269 -0.02391265705227852 -0.03699072822928429 
0.04439770430326462 0.01189945731312037 -0.21100153028965 
0.00611602421849966 -0.01193742454051971 -0.1514215469360352 
0.02856903523206711 0.0103001119568944 -0.2346327006816864 
0.06353575736284256 -0.01542923226952553 -0.2143867015838623 
-0.01433623395860195 0.01054494921118021 -0.1967560648918152 
-0.01330192666500807 0.02489792183041573 -0.1278483420610428 
0.02154593542218208 -0.02399988658726215 -0.2184684276580811 
0.005602020770311356 -0.0100611848756671 -0.2443778663873672 
-0.01581653207540512 0.02050010673701763 -0.1675801873207092 
0.04810666665434837 -0.01569987833499908 -0.2110273689031601 
0.03193569555878639 -0.02399988658726215 -0.202512264251709 
-0.006286661140620708 -0.0103477006778121 -0.1566706597805023 
0.003890970023348927 0.0103001119568944 -0.1551563292741776 
0.00642826221883297 0.02050010673701763 -0.1822756379842758 
-0.004899946041405201 0.02562009543180466 -0.1193696409463882 
-0.02736429497599602 -0.008836334571242332 -0.1828087121248245 
-0.001736105186864734 -0.02737616002559662 -0.1440908014774323 
0.05826904624700546 -0.008257771842181683 -0.2249541878700256 
0.01866073720157146 -0.0239998884499073 -0.2098430395126343 
0.04735396802425385 0.01448637899011374 -0.2005168497562408 
0.02426653727889061 -0.019057497382164 -0.1229432672262192 
0.0161413848400116 0.0266704224050045 -0.2011054903268814 
0.06432896107435226 -0.01875144615769386 -0.1797777116298676 
0.06154364719986916 -0.01620661839842796 -0.1966966092586517 
-0.02998109720647335 -0.007165028713643551 -0.1961946338415146 
-0.02416431158781052 0.0003191973955836147 -0.1754831522703171 
-0.02774999663233757 -0.01093415543437004 -0.1976465284824371 
0.05547163262963295 0.005488079972565174 -0.1642097383737564 
0.02824395895004272 -0.01131709571927786 -0.1235254555940628 
-0.02263055369257927 -0.02199625968933105 -0.01603442803025246 
-0.01305550523102283 -0.02149989083409309 -0.1753150671720505 
0.05819882452487946 0.02050010487437248 -0.2028610408306122 
0.01178408414125443 -0.02503816224634647 -0.06602005660533905 
-0.02692457474768162 -0.01201983727514744 -0.03832323104143143 
0.02594269998371601 0.01579967886209488 -0.1215373352169991 
0.01168243400752544 -0.007534357719123363 -0.1501451581716537 
0.04181650653481483 0.01642220839858055 -0.215192437171936 
-0.02560385689139366 -0.002514544641599059 -0.1786502301692963 
0.03930338099598885 -0.01739989407360554 -0.1686536967754364 
0.05466438084840775 -0.01739989407360554 -0.1718320548534393 
0.02857946418225765 -0.01821780204772949 -0.1702875047922134 
-0.007638182491064072 -0.01678359881043434 -0.2283292263746262 
0.004081022925674915 -0.002748985076323152 -0.009705035015940666 
0.02518009766936302 0.01373754721134901 -0.05334117636084557 
0.06264039874076843 0.0103001119568944 -0.2122358977794647 
-0.01134427823126316 0.02762259729206562 -0.03258135914802551 
0.04928925633430481 0.02050010673701763 -0.1919472366571426 
0.06443125754594803 0.006226109806448221 -0.2127761840820312 
0.006099631078541279 -0.02421294525265694 -2.256692166469065e-09 
-0.02556091919541359 -0.0008411258459091187 -0.13235242664814 
0.007106765173375607 0.02050010673701763 -0.202817365527153 
-0.01458424516022205 -0.02682690694928169 -2.256692166469065e-09 
0.02247362956404686 -0.01567759923636913 -0.1024350449442863 
0.0255308598279953 -0.006982158403843641 -0.1059752926230431 
-0.02210672572255135 -0.01666654832661152 -0.1153855696320534 
0.004881508648395538 0.02050010673701763 -0.1635012030601501 
-0.0007026351522654295 0.02198538556694984 -0.1534405201673508 
-0.02217148803174496 0.02267855405807495 -2.256692166469065e-09 
-0.0222847443073988 0.01766335964202881 -0.06479036062955856 
0.03084699437022209 0.00581023097038269 -0.2416760921478271 
0.01874986290931702 -0.02149988897144794 -0.162892609834671 
-0.02196966297924519 -0.01239395514130592 -0.1716127693653107 
0.0324481837451458 -0.01569988019764423 -0.2383888959884644 
-0.01799487508833408 -0.01739989407360554 -0.1830940842628479 
-0.02441076748073101 0.02050010859966278 -0.1988667547702789 
-0.02701662480831146 0.0135752409696579 -0.02970412187278271 
0.05734429135918617 0.01050011534243822 -0.1927861273288727 
-0.02668720856308937 -0.004851324018090963 -0.05533630028367043 
0.03721803426742554 -0.01569988019764423 -0.2298428118228912 
-0.02916978299617767 0.007749998942017555 -0.01858584024012089 
0.007293574046343565 -0.02528952062129974 -0.1112270876765251 
0.01906528882682323 0.02100011520087719 -0.1907009780406952 
0.06422754377126694 0.001297150272876024 -0.1823526322841644 
0.06485000252723694 -0.01246451213955879 -0.187300518155098 
0.04481326043605804 0.007359699811786413 -0.1596018373966217 
0.05310555920004845 0.01296766102313995 -0.1614598333835602 
0.01809377409517765 -0.004986547399312258 -0.1497618556022644 
-0.02811190858483315 0.01798621565103531 -0.2049999982118607 
0.02804734744131565 0.0103001119568944 -0.2345379590988159 
0.01782924309372902 -0.0208576638251543 -0.07716401666402817 
0.01610798388719559 0.0103001119568944 -0.238556906580925 
-0.02534244582056999 0.007714325562119484 -0.1296564638614655 
0.06032194942235947 -0.01569988019764423 -0.1755706965923309 
-0.02535692229866982 0.01050011534243822 -0.1946368217468262 
-0.01950320042669773 0.00929899699985981 -0.2251539975404739 
0.02410624176263809 0.0103001119568944 -0.1647394597530365 
-0.02497570961713791 0.004968632012605667 -0.1128036752343178 
-0.01168583519756794 -0.01499000005424023 -0.167117178440094 
-0.0297259297221899 -0.0112356711179018 -0.1843441277742386 
0.06278505921363831 0.0103001119568944 -0.2008138298988342 
0.01785927079617977 0.01050011441111565 -0.1582656800746918 
0.01467680558562279 0.007300106342881918 -0.2436957359313965 
0.02624327689409256 -0.01450579706579447 -0.0359359085559845 
-0.01444844342768192 0.01050011534243822 -0.1832123994827271 
0.05333586782217026 -0.01739989407360554 -0.1860167980194092 
-0.02332412078976631 0.01050011441111565 -0.1803147047758102 
-0.02268556132912636 -0.003374588442966342 -0.1726739704608917 
-0.02408723346889019 -0.02235976047813892 -0.1586291939020157 
0.04637610167264938 0.02050010673701763 -0.1991739571094513 
0.05470063164830208 -0.01739989221096039 -0.1776944100856781 
0.05741787701845169 0.002557123545557261 -0.1696492731571198 
0.0160960853099823 -0.02639382891356945 -0.02520249970257282 
0.06696623563766479 -0.004024830181151628 -0.1987226009368896 
0.01731768064200878 -0.02607071399688721 -0.1326866149902344 
-0.007368482649326324 0.0272061824798584 -0.04561208188533783 
0.008885295130312443 -0.02621798776090145 -0.1485538929700851 
0.02071318402886391 0.02050010673701763 -0.1868054568767548 
-0.001292722881771624 0.007044739555567503 -0.2418516576290131 
-0.02386077679693699 -0.01274029538035393 -0.09819607436656952 
-0.005328454077243805 -0.006394908763468266 -0.2399178743362427 
-0.0258969534188509 0.01091733947396278 -0.05813979357481003 
-0.02734949812293053 -0.008153731934726238 -0.1539391875267029 
0.06471927464008331 -0.006447167135775089 -0.1790710985660553 
0.008793219923973083 0.02050010673701763 -0.1923348903656006 
0.04175228625535965 -0.0002023042179644108 -0.1479232609272003 
0.03833279013633728 -0.02399988658726215 -0.1992610991001129 
0.0142663586884737 0.0243183933198452 -0.2019625157117844 
0.02146074175834656 0.02086807042360306 -0.04265352711081505 
0.00339875346980989 0.01050011534243822 -0.08789529651403427 
-0.0239269956946373 -0.02149988897144794 -0.168084129691124 
-0.01517333183437586 0.006099139340221882 -0.1634340584278107 
-0.002725759521126747 0.0103001119568944 -0.1594869792461395 
0.04891660809516907 0.0103001119568944 -0.1639602780342102 
-0.02774997428059578 0.0003674873150885105 -0.1986496150493622 
0.003555902978405356 0.01000832207500935 -0.1542403399944305 
0.009788918308913708 0.02214303053915501 -0.07381631433963776 
0.02562444843351841 -0.003191157011315227 -0.06802444905042648 
0.02233406528830528 -0.01797749847173691 -0.05840663611888885 
-0.006076478399336338 0.01269283797591925 -0.0898001492023468 
-0.01835829950869083 0.02050010673701763 -0.1709921360015869 
0.06263269484043121 0.02071328833699226 -0.1842192411422729 
0.03169383108615875 -0.005485353991389275 -0.2443533390760422 
-0.01257539354264736 -0.02867991290986538 -0.1580305844545364 
-0.01045350544154644 -0.01739989407360554 -0.2285993993282318 
-0.02527638338506222 0.007593787275254726 -0.1281243115663528 
0.0300920344889164 0.01050011534243822 -0.1625687927007675 
0.04093834757804871 0.02050010487437248 -0.1784788817167282 
0.01058167684823275 -0.01569988019764423 -0.157300740480423 
-0.02962419390678406 -0.01432124152779579 -0.2015092223882675 
0.04173757135868073 0.009911280125379562 -0.1558177769184113 
0.01739315129816532 0.01050011534243822 -0.151900976896286 
-0.0289152804762125 -0.00867481529712677 -0.1704430878162384 
0.05548783391714096 0.01006599888205528 -0.1672671139240265 
0.04027134552598 0.0103001119568944 -0.1681047976016998 
0.003684501629322767 0.02050010673701763 -0.1662813872098923 
-0.001250139088369906 0.02796502783894539 -0.03791942447423935 
0.0231296680867672 -0.02149989083409309 -0.1585893481969833 
0.05767811834812164 -0.01327831950038671 -0.22591233253479 
0.01984531059861183 0.008142624981701374 -0.1498963981866837 
0.05496716499328613 -0.0165930800139904 -0.164275586605072 
-0.02622291818261147 0.0168876051902771 -0.01884227246046066 
0.0635654479265213 -0.003998224157840014 -0.2148803770542145 
-0.01695121265947819 -0.02184475585818291 -0.1115643978118896 
-0.007044607773423195 -0.01569988019764423 -0.23563551902771 
0.02745316177606583 -0.02003621123731136 -0.132161870598793 
-0.02374982833862305 -0.009107192046940327 -0.2212837636470795 
-0.001404020003974438 -0.006447029765695333 -0.1540517210960388 
-0.01226392015814781 0.0103001119568944 -0.1741021573543549 
0.02455439791083336 -0.02036488428711891 -0.007100903894752264 
0.02311953157186508 -0.01345035526901484 -0.0856061652302742 
-0.008514980785548687 0.01779273338615894 -0.190084770321846 
0.04720405861735344 0.01268902886658907 -0.1942431926727295 
-0.02421511523425579 0.01362297870218754 -0.07042888551950455 
0.04694974422454834 0.002599168103188276 -0.1541708111763 
-0.009555535390973091 0.01050011441111565 -0.1766422390937805 
-0.0101561276242137 -0.02463935315608978 -0.09862961620092392 
0.0252174437046051 0.01420772075653076 -0.115643173456192 
-0.0086720185354352 -0.008765092119574547 -2.256692166469065e-09 
0.005521486047655344 0.01830011419951916 -0.2136332988739014 
-0.02776112407445908 0.0105001162737608 -0.1990677565336227 
-0.01533647160977125 -0.02272818051278591 -0.08932217955589294 
-0.005976312328130007 0.02674702368676662 -0.05361719056963921 
0.05306940898299217 -0.002926919609308243 -0.1646201461553574 
0.01163076236844063 0.02715085074305534 -0.03723366186022758 
-0.02260916493833065 -0.006761474534869194 -0.1729402989149094 
0.004235526546835899 -0.02502769604325294 -0.09479225426912308 
0.04963391274213791 -0.01739989407360554 -0.1911062896251678 
0.05249584093689919 -0.01739989407360554 -0.1874849945306778 
0.01096020638942719 -0.02399988658726215 -0.2205301225185394 
-0.024827029556036 0.01226778700947762 -0.1299624294042587 
0.0002030458417721093 -0.02130193263292313 -0.1741052567958832 
0.05913803353905678 -0.01620475389063358 -0.1718623489141464 
0.01875826716423035 0.01830011419951916 -0.2222644984722137 
0.03182239457964897 0.02050010673701763 -0.1862275004386902 
0.06576434522867203 0.02070214971899986 -0.1879115104675293 
0.06474484503269196 -0.008961813524365425 -0.1857490092515945 
-0.01123105734586716 -0.02902796119451523 -0.006102037150412798 
0.03236914798617363 -0.01569988019764423 -0.1523643881082535 
0.002328107133507729 0.01050011534243822 -0.07438983023166656 
0.002428677165880799 -0.01569988019764423 -0.2264032959938049 
0.0376637801527977 -0.003616164438426495 -0.1538690179586411 
0.01491538248956203 0.02789802104234695 -0.1964497864246368 
-0.02087760344147682 -0.01774182915687561 -0.1045107245445251 
3 2871 3007 3261 
3 1290 3556 1061 
3 3650 1290 1061 
3 1290 3650 3556 
3 3998 3007 919 
3 3007 3998 3261 
3 3998 1426 3261 
3 3007 3407 919 
3 3407 3007 3718 
3 1998 3998 919 
3 3998 1998 1426 
3 1254 2545 3275 
3 2741 1866 2861 
3 1866 2741 3939 
3 2540 1175 2861 
3 2540 1920 1175 
3 33 684 3261 
3 1426 33 3261 
3 33 1998 684 
3 1998 33 1426 
3 3007 3447 3718 
3 3447 3007 2871 
3 1866 2476 2861 
3 3650 1376 3556 
3 3556 2303 1061 
3 2303 381 1061 
3 381 3706 327 
3 1341 2025 3399 
3 2970 1341 1883 
3 1341 2970 2025 
3 3559 1250 3991 
3 3407 1250 3559 
3 3991 1250 3718 
3 1250 3407 3718 
3 1609 1356 1883 
3 1356 1609 3991 
3 1356 1324 1883 
3 1609 3661 3991 
3 614 1609 1883 
3 614 1341 3399 
3 914 1987 411 
3 3407 2669 919 
3 2669 1998 919 
3 2669 3407 3559 
3 1333 2669 3559 
3 2 865 1324 
3 2 1423 3048 
3 1423 2 1324 
3 3447 103 3718 
3 2545 1930 3718 
3 1930 2545 1254 
3 2361 3357 2858 
3 2361 1618 3357 
3 1618 2361 3939 
3 3939 2361 2537 
3 36 1857 2537 
3 2361 36 2537 
3 3398 1866 3939 
3 1484 3398 3939 
3 3398 2476 1866 
3 2953 3939 2537 
3 2953 1484 3939 
3 1175 1205 2861 
3 569 1633 2581 
3 1205 569 2581 
3 1920 2850 1175 
3 2850 159 3543 
3 159 2850 1920 
3 3065 2540 327 
3 3065 1920 2540 
3 2374 2346 2871 
3 103 3240 3718 
3 381 3121 1061 
3 3610 2540 2861 
3 2540 3610 327 
3 147 3244 411 
3 1376 3244 147 
3 3244 914 411 
3 914 3244 684 
3 684 3244 3261 
3 3665 2970 1270 
3 2970 3665 2025 
3 507 3939 763 
3 3547 1333 3559 
3 3661 1430 3991 
3 477 614 3399 
3 2803 614 1883 
3 614 2803 1341 
3 3864 1987 914 
3 1998 1806 684 
3 1806 3760 684 
3 3760 1806 1998 
3 136 3864 914 
3 136 914 684 
3 3440 1423 1324 
3 3440 1356 3991 
3 1356 3440 1324 
3 3440 3991 3048 
3 1423 3440 3048 
3 865 1409 1324 
3 0 1409 865 
3 1324 1409 1883 
3 1409 0 1883 
3 877 7 1254 
3 7 1930 1254 
3 1930 7 3718 
3 3991 7 3048 
3 7 3991 3718 
3 3538 2 3048 
3 1737 3810 2760 
3 3810 36 2760 
3 36 3810 1857 
3 2262 1205 2581 
3 2262 2741 2861 
3 1205 2262 2861 
3 3939 154 763 
3 2741 154 3939 
3 569 2444 1633 
3 1633 2444 3543 
3 2444 1205 1175 
3 2444 569 1205 
3 2444 2850 3543 
3 2850 2444 1175 
3 2995 159 3011 
3 1753 159 1920 
3 3065 1753 1920 
3 1753 3065 327 
3 3706 1753 327 
3 1718 3447 2871 
3 3447 1348 2988 
3 1718 1348 3447 
3 2346 1348 2871 
3 1348 1718 2871 
3 2398 3447 2988 
3 2398 103 3447 
3 2398 3240 103 
3 2545 2451 3275 
3 2451 2545 3718 
3 3810 1135 1857 
3 1135 3810 1737 
3 3945 381 327 
3 3610 3945 327 
3 3945 3121 381 
3 2609 3610 2861 
3 3610 2609 3308 
3 2609 2402 3962 
3 2701 3650 1061 
3 2701 1376 3650 
3 2041 2374 2871 
3 1965 2041 2871 
3 2476 2401 2861 
3 2609 2401 2402 
3 3398 3700 2476 
3 3700 1062 2476 
3 3700 3398 1484 
3 2953 3700 1484 
3 2498 2871 3261 
3 3244 2498 3261 
3 2498 1965 2871 
3 1965 2498 3554 
3 3357 533 1270 
3 533 3665 1270 
3 3665 533 3357 
3 3665 2723 2025 
3 2723 3665 3357 
3 2723 1843 2025 
3 2723 3363 1843 
3 3420 507 763 
3 3363 3420 763 
3 1618 3420 3357 
3 3420 2723 3357 
3 2723 3420 3363 
3 3420 1618 3939 
3 507 3420 3939 
3 3246 3547 3559 
3 228 3559 3991 
3 1430 228 3991 
3 228 1430 3559 
3 2561 3661 1609 
3 614 2561 1609 
3 2561 3246 3559 
3 1430 2561 3559 
3 2561 1430 3661 
3 1341 1929 1883 
3 1929 2803 1883 
3 2803 1929 1341 
3 864 136 1998 
3 136 864 3864 
3 1376 1885 3556 
3 1885 1376 147 
3 833 3760 1998 
3 136 833 1998 
3 3760 833 684 
3 833 136 684 
3 2204 3378 877 
3 3378 7 877 
3 3378 2204 3048 
3 7 3378 3048 
3 576 2721 2760 
3 3538 2721 576 
3 2721 1732 1902 
3 2721 1737 2760 
3 3769 3538 576 
3 3538 3769 2 
3 1546 576 2760 
3 1546 530 576 
3 0 3627 1883 
3 3627 530 1883 
3 530 3627 0 
3 576 1070 865 
3 530 1070 576 
3 1070 0 865 
3 1070 530 0 
3 1737 2902 3275 
3 2902 79 3275 
3 2721 2902 1737 
3 2902 2721 1902 
3 3854 877 1254 
3 3854 1902 877 
3 3854 2902 1902 
3 2902 3854 79 
3 3854 1254 3275 
3 79 3854 3275 
3 1902 3322 877 
3 1732 3322 1902 
3 2293 3993 2741 
3 2262 2293 2741 
3 2293 2262 2581 
3 2293 154 3993 
3 3993 1200 2741 
3 1200 154 2741 
3 154 1200 3993 
3 603 1633 3543 
3 159 603 3543 
3 2995 603 159 
3 1633 603 2581 
3 159 2330 3011 
3 1753 2330 159 
3 1348 3613 2988 
3 3613 2398 2988 
3 2398 3613 3240 
3 3240 1727 3718 
3 1727 2451 3718 
3 2451 1727 3240 
3 1190 1135 3366 
3 1190 2451 2165 
3 2451 1190 3366 
3 1077 1737 3275 
3 1077 1135 1737 
3 1135 3256 3366 
3 2451 3256 3275 
3 3256 2451 3366 
3 3256 1077 3275 
3 1077 3256 1135 
3 1857 2080 2537 
3 2080 2953 2537 
3 2080 3700 2953 
3 3945 2125 3121 
3 2125 3945 3610 
3 2125 3610 3308 
3 3101 2701 1061 
3 3121 3101 1061 
3 2125 3101 3121 
3 3101 2125 3308 
3 3884 2498 3244 
3 3884 3244 1376 
3 2701 3884 1376 
3 1945 3101 3308 
3 3101 1945 2701 
3 3884 1945 3470 
3 1945 3884 2701 
3 1221 2609 2861 
3 2401 1221 2861 
3 1221 2401 2609 
3 2401 3389 2402 
3 2137 3676 3470 
3 3676 2609 3962 
3 2402 1364 3962 
3 1364 915 3962 
3 2544 527 1471 
3 3916 1471 2726 
3 3916 2544 1471 
3 1843 2608 3858 
3 3363 2608 1843 
3 2608 3363 763 
3 154 2608 763 
3 2608 603 3858 
3 603 2608 2581 
3 2608 2293 2581 
3 2293 2608 154 
3 477 1644 614 
3 1644 2561 614 
3 2669 2379 1998 
3 2379 864 1998 
3 1885 3337 3556 
3 3337 1885 3011 
3 1885 1511 3011 
3 3864 959 1987 
3 1885 959 3864 
3 1987 959 411 
3 959 147 411 
3 2204 2559 3048 
3 2559 1732 3048 
3 1732 2559 2204 
3 2721 1775 1732 
3 1732 1775 3048 
3 1775 2721 3538 
3 1775 3538 3048 
3 945 576 865 
3 945 3769 576 
3 2 945 865 
3 3769 945 2 
3 36 714 2760 
3 714 1546 2760 
3 1546 3305 530 
3 530 3305 1883 
3 714 3305 1546 
3 3305 2970 1883 
3 2970 3305 1270 
3 2827 2204 877 
3 3322 2827 877 
3 2827 1732 2204 
3 2827 3322 1732 
3 3734 426 2579 
3 3734 2579 3240 
3 3613 3734 3240 
3 1203 3734 3230 
3 3734 1203 426 
3 2080 1905 2451 
3 2080 3176 1789 
3 3676 360 2609 
3 360 3676 2137 
3 2498 789 3554 
3 3884 789 2498 
3 789 3470 3554 
3 789 3884 3470 
3 2054 1945 3308 
3 2609 2054 3308 
3 1965 791 2726 
3 791 1965 3554 
3 2215 2401 2476 
3 2215 3389 2401 
3 206 1364 2402 
3 1364 206 915 
3 3389 2998 2402 
3 2443 2998 3554 
3 915 1001 3962 
3 1001 2443 3470 
3 1001 3676 3962 
3 3676 1001 3470 
3 3470 1673 3554 
3 1673 2443 3554 
3 2443 1673 3470 
3 1094 527 1062 
3 527 1094 1471 
3 3700 3067 1062 
3 791 2700 2726 
3 2700 791 3389 
3 1203 149 426 
3 2579 149 1789 
3 426 149 2579 
3 149 2080 1789 
3 149 1203 2080 
3 3337 2254 3556 
3 2254 3337 3011 
3 2254 2303 3556 
3 2330 2254 3011 
3 2254 2330 1753 
3 2254 1753 3706 
3 2303 2254 381 
3 2254 3706 381 
3 1413 1885 3864 
3 1413 1511 1885 
3 1918 2995 3011 
3 1511 1918 3011 
3 1276 1885 147 
3 959 1276 147 
3 1276 959 1885 
3 3030 714 36 
3 3030 36 2361 
3 3030 2361 2858 
3 3030 3305 714 
3 3357 3030 2858 
3 2468 2046 1348 
3 2468 1348 2346 
3 3734 2506 3230 
3 2798 3734 3613 
3 2798 3613 1348 
3 2046 2798 1348 
3 2506 2798 2046 
3 2798 2506 3734 
3 3954 1905 1135 
3 1135 3291 1857 
3 1905 3291 1135 
3 3291 2080 1857 
3 3291 1905 2080 
3 2451 3019 2165 
3 3019 1905 2165 
3 1905 3019 2451 
3 3176 288 1789 
3 2579 288 3240 
3 288 2579 1789 
3 629 2080 2451 
3 629 3176 2080 
3 629 288 3176 
3 629 2451 3240 
3 288 629 3240 
3 360 2014 2609 
3 2014 2054 2609 
3 2014 360 2137 
3 2014 2137 3470 
3 1945 2014 3470 
3 2054 2014 1945 
3 1236 791 3554 
3 791 1236 3389 
3 1062 1731 2476 
3 1731 2215 2476 
3 527 1731 1062 
3 1731 527 2544 
3 2215 1731 3389 
3 1001 2389 2443 
3 3914 2731 2374 
3 1094 3914 1471 
3 2041 3914 2374 
3 3914 2041 1965 
3 3914 1965 2726 
3 1471 3914 2726 
3 3814 1094 1062 
3 3067 3814 1062 
3 2336 3067 2731 
3 3914 2336 2731 
3 2336 3914 1094 
3 3916 2541 2544 
3 2541 1845 3389 
3 2541 3916 2726 
3 2541 1731 2544 
3 1731 2541 3389 
3 2734 3357 1270 
3 2734 3030 3357 
3 3305 2734 1270 
3 3030 2734 3305 
3 3082 1203 3230 
3 3082 567 1203 
3 3082 2506 567 
3 2468 3726 2046 
3 3954 2152 1905 
3 2152 1190 2165 
3 1905 2152 2165 
3 1190 2152 1135 
3 2152 3954 1135 
3 1480 2998 3389 
3 2998 1480 3554 
3 1480 1236 3554 
3 206 3781 915 
3 2389 3781 206 
3 3781 1001 915 
3 3781 2389 1001 
3 586 206 2402 
3 586 2389 206 
3 2389 586 2443 
3 2998 586 2402 
3 586 2998 2443 
3 3199 3814 3067 
3 2336 3199 3067 
3 3814 3199 1094 
3 3199 2336 1094 
3 1574 2541 2726 
3 2541 1574 1845 
3 2700 1574 2726 
3 1574 2700 3389 
3 1845 1574 3389 
3 2506 560 3230 
3 560 3082 3230 
3 3082 560 2506 
3 2080 482 3700 
3 1203 482 2080 
3 3726 1692 2046 
3 567 1692 1203 
3 1692 482 1203 
3 2731 138 2374 
3 138 2346 2374 
3 138 2468 2346 
3 1733 3726 2468 
3 482 1733 3700 
3 1733 3067 3700 
3 1733 1692 3726 
3 1692 1733 482 
3 1236 3116 3389 
3 3116 1480 3389 
3 1480 3116 1236 
3 3938 2506 2046 
3 1692 3938 2046 
3 3067 2278 2731 
3 2278 3517 2731 
3 3517 2278 3067 
3 138 3406 2468 
3 3406 138 1966 
3 3406 1733 2468 
3 138 1922 1966 
3 1922 138 2731 
3 1369 1733 1966 
3 1922 1369 1966 
3 1369 3517 3067 
3 1733 1369 3067 
3 3517 1369 2731 
3 1369 1922 2731 
3 550 1692 567 
3 550 3938 1692 
3 2506 550 567 
3 3938 550 2506 
3 1733 1708 1966 
3 1708 3406 1966 
3 3406 1708 1733 
3 1918 2669 1333 
3 1918 477 3399 
3 2025 1918 3399 
3 1918 1644 477 
3 1843 1918 2025 
3 1918 1843 3858 
3 3547 1918 1333 
3 2561 1918 3246 
3 1918 2379 2669 
3 603 1918 3858 
3 3246 1918 3547 
3 864 1918 3864 
3 1918 603 2995 
3 1918 1413 3864 
3 1644 1918 2561 
3 2379 1918 864 
3 1413 1918 1511 
Vertices and facets:
- p3007(v21): 0.021 0.027  -0.2
  neighbors: f72 f166 f167 f207 f206 f309 f311
- p2871(v12):  0.01 0.018 -0.23
  neighbors: f72 f311 f538 f835 f760 f834 f751 f759 f866 f868
- p3261(v6): 0.015 0.028  -0.2
  neighbors: f72 f303 f167 f169 f302 f607 f866 f867
- p1290(v39): -0.03 0.012 -0.19
  neighbors: f159 f160 f161
- p3556(v7): -0.03 0.0057 -0.0024
  neighbors: f1123 f352 f919 f159 f161 f361 f1251 f1253
- p1061(v1): -0.03 0.0032  -0.2
  neighbors: f824 f159 f160 f362 f563 f361 f1043 f1044
- p3650(v20): -0.03 0.016 -0.19
  neighbors: f160 f161 f352 f824 f825
- p3998(v41): 0.015 0.028  -0.2
  neighbors: f166 f167 f169 f226 f227
- p919(v4): 0.0047  0.03 -0.004
  neighbors: f206 f166 f226 f421 f422
- p1426(v38): -0.0084 0.028 -0.15
  neighbors: f169 f227 f303 f305
- p3407(v48): 0.011 0.029 -0.0012
  neighbors: f397 f395 f206 f207 f421 f423
- p3718(v11): 0.065 0.022  -0.2
  neighbors: f555 f453 f397 f680 f207 f396 f309 f455 f676 f789 f1007 f1008
- p1998(v52): -0.0062  0.03 -0.00079
  neighbors: f653 f913 f226 f227 f422 f305 f304 f651 f923 f922 f1120 f1121
- p2545(v57):  0.06  0.01 -0.22
  neighbors: f455 f253 f456 f787 f789
- p1254(v56): 0.064 0.0072 -0.21
  neighbors: f673 f253 f674 f456 f968 f972
- p3275(v31): 0.063 0.0049 -0.22
  neighbors: f1015 f253 f965 f972 f787 f973 f964 f1019 f1021
- p2741(v63): -0.015 -0.028 -0.16
  neighbors: f283 f284 f720 f727 f979 f978 f983 f984
- p1866(v34): -0.0026 -0.024 -0.22
  neighbors: f284 f283 f336 f500 f502
- p2861(v9): -0.028 -0.021  -0.2
  neighbors: f290 f721 f569 f283 f720 f510 f336 f807 f836 f1060 f1061
- p3939(v16): -0.013 -0.029 -0.16
  neighbors: f507 f479 f506 f501 f727 f284 f477 f500 f624 f726 f890 f891
- p2540(v64): -0.029 -0.021  -0.2
  neighbors: f530 f290 f298 f528 f569 f570
- p1175(v37): -0.029 -0.021  -0.2
  neighbors: f298 f510 f525 f290 f730 f733
- p1920(v66): -0.029 -0.012 -0.0073
  neighbors: f530 f525 f298 f527 f742 f743
- p33(v67): -0.015 0.028 -0.16
  neighbors: f302 f303 f304 f305
- p684(v19): -0.017 0.028 -0.16
  neighbors: f304 f652 f302 f607 f606 f651 f657 f924 f925
- p3447(v69): 0.025 0.018 -0.23
  neighbors: f309 f751 f311 f453 f756 f754 f771 f774
- p2476(v74): -0.013 -0.017 -0.23
  neighbors: f336 f857 f836 f502 f856 f1205 f1325 f1326
- p1376(v76): -0.029 0.019  -0.2
  neighbors: f921 f825 f604 f352 f919 f1050 f1051
- p2303(v77): -0.03 0.00068 -0.0034
  neighbors: f362 f361 f1253 f1257
- p381(v35): -0.03 -0.011  -0.2
  neighbors: f563 f362 f805 f365 f803 f1257 f1258
- p3706(v78): -0.03 -0.015 -0.19
  neighbors: f365 f749 f1256 f1258
- p327(v17): -0.03 -0.016  -0.2
  neighbors: f749 f570 f528 f365 f745 f803 f804
- p1341(v82): 0.024 -0.021 -2e-05
  neighbors: f385 f388 f387 f411 f639 f908 f910
- p2025(v47): 0.019 -0.024 -2.3e-09
  neighbors: f623 f388 f385 f880 f883 f1465 f1467
- p3399(v27): 0.027 -0.012 -2.3e-09
  neighbors: f385 f411 f635 f1464 f1465
- p2970(v81): 0.023 -0.022 -0.0025
  neighbors: f623 f388 f387 f622 f1156 f1157
- p1883(v8):  0.04 -0.0036 -0.0027
  neighbors: f400 f387 f667 f956 f398 f407 f638 f666 f955 f909 f908 f1153 f1156
- p1250(v84): 0.064 0.022 -0.19
  neighbors: f394 f395 f396 f397
- p3559(v28): 0.017 0.027 -0.00038
  neighbors: f395 f424 f394 f899 f630 f423 f897 f893 f905 f906
- p3991(v22): 0.066 0.021 -0.19
  neighbors: f662 f632 f396 f394 f403 f399 f680 f660 f679 f897 f898
- p1356(v85):  0.04 0.0016 -0.0052
  neighbors: f398 f399 f400 f660 f661
- p1609(v49): 0.038 0.004 -0.0016
  neighbors: f399 f398 f403 f407 f903 f904
- p1324(v53): 0.067 0.013 -0.19
  neighbors: f435 f661 f659 f400 f433 f664 f666
- p3661(v86): 0.025 0.019 -0.0006
  neighbors: f632 f403 f903 f907
- p614(v87): 0.035 0.0036 -0.00011
  neighbors: f411 f407 f638 f639 f635 f904 f1117 f1118
- p1987(v88): -0.024 0.022 -0.0022
  neighbors: f412 f641 f1130 f1132
- p914(v29): -0.019 0.026 -0.0039
  neighbors: f606 f605 f412 f641 f655 f657
- p411(v10): -0.028 0.021 -0.18
  neighbors: f605 f603 f412 f1132 f1134
- p2669(v90): -0.0038  0.03 -2.3e-09
  neighbors: f421 f422 f423 f424 f1120 f1463 f1471
- p1333(v83): 0.0073 0.028 -2.3e-09
  neighbors: f424 f630 f1463 f1469
- p2(v92): 0.067 0.014 -0.19
  neighbors: f433 f434 f435 f689 f944 f1144 f1145
- p865(v55): 0.067 -0.0084 -0.19
  neighbors: f665 f960 f433 f664 f958 f1142 f1144
- p1423(v91): 0.067 0.015 -0.19
  neighbors: f435 f434 f659 f663
- p3048(v2): 0.067 0.015  -0.2
  neighbors: f689 f662 f679 f663 f434 f933 f1136 f1135 f932 f1139 f1141
- p103(v96): 0.063 0.021  -0.2
  neighbors: f453 f555 f774 f775
- p1930(v97): 0.066 0.016  -0.2
  neighbors: f455 f456 f674 f676
- p2361(v101): 0.046 -0.024 -0.21
  neighbors: f479 f477 f475 f476 f499 f1269 f1270
- p3357(v79): 0.0076 -0.03 -0.0012
  neighbors: f881 f888 f476 f879 f877 f475 f887 f1274 f1357 f1358
- p2858(v32): 0.045 -0.024  -0.2
  neighbors: f475 f1270 f1274
- p1618(v98): 0.011 -0.027 -0.15
  neighbors: f477 f476 f887 f890
- p2537(v5): 0.037 -0.024 -0.22
  neighbors: f499 f498 f479 f506 f1030 f1031
- p36(v104): 0.063 -0.021  -0.2
  neighbors: f499 f498 f1146 f716 f714 f1268 f1269
- p1857(v33): 0.054 -0.017 -0.23
  neighbors: f792 f716 f498 f1030 f1298 f1300
- p3398(v105): 0.012 -0.024 -0.22
  neighbors: f500 f501 f502 f856 f858
- p1484(v62): 0.019 -0.024 -0.23
  neighbors: f501 f507 f858 f859
- p2953(v106): 0.024 -0.024 -0.22
  neighbors: f507 f506 f859 f1031 f1032
- p1205(v107): -0.019 -0.027 -0.16
  neighbors: f721 f517 f510 f717 f730 f731
- p569(v109): -0.018 -0.026 -0.0077
  neighbors: f515 f517 f728 f731
- p1633(v65): -0.022 -0.023 -0.0033
  neighbors: f729 f515 f728 f987 f990
- p2581(v36): -0.015 -0.028 -0.0022
  neighbors: f517 f515 f990 f980 f717 f1113 f1114
- p2850(v111): -0.027 -0.017 -0.0045
  neighbors: f527 f525 f526 f732 f733
- p159(v110): -0.029 -0.011 -7.7e-05
  neighbors: f527 f736 f989 f526 f742 f988 f995 f997
- p3543(v18): -0.025 -0.02 -0.0026
  neighbors: f732 f526 f729 f987 f988
- p3065(v112): -0.029 -0.019 -0.19
  neighbors: f528 f530 f743 f745
- p2346(v114): 0.019  0.01 -0.25
  neighbors: f759 f538 f1283 f1422 f1423
- p2374(v70): 0.0035  0.01 -0.24
  neighbors: f834 f538 f1339 f1336 f1419 f1422
- p3240(v116): 0.048 0.0096 -0.24
  neighbors: f555 f1003 f775 f1171 f1170 f1009 f1007 f1308 f1313 f1314
- p3121(v118): -0.03 -0.003  -0.2
  neighbors: f563 f805 f1033 f1044 f1045
- p3610(v119): -0.029 -0.015  -0.2
  neighbors: f808 f807 f804 f569 f570 f1035 f1036
- p3244(v125): -0.028 0.021  -0.2
  neighbors: f603 f604 f605 f606 f607 f867 f1049 f1050
- p147(v40): -0.029  0.02 -0.19
  neighbors: f921 f604 f603 f1134 f1265 f1266
- p3665(v128): 0.019 -0.026 -0.006
  neighbors: f623 f879 f622 f878 f880 f881
- p1270(v15): 0.063 -0.021 -0.18
  neighbors: f622 f1157 f878 f877 f1357 f1359
- p507(v129): 0.0052 -0.03 -0.0018
  neighbors: f624 f885 f891
- p763(v3): -0.0046 -0.03 -0.00086
  neighbors: f886 f726 f624 f885 f1110 f1111
- p3547(v130): 0.015 0.026 -2.3e-09
  neighbors: f630 f893 f1469 f1473
- p1430(v131): 0.023 0.023 -0.00092
  neighbors: f899 f632 f898 f906 f907
- p477(v132): 0.032 -0.00063 -2.3e-09
  neighbors: f635 f1117 f1464 f1466
- p2803(v133): 0.033 -0.0039 -0.00037
  neighbors: f639 f638 f909 f910
- p3864(v134): -0.022 0.023 -2.3e-09
  neighbors: f914 f641 f1131 f655 f1130 f1260 f1474 f1476
- p1806(v136): -0.012 0.029 -0.0053
  neighbors: f651 f652 f653
- p3760(v89): -0.012 0.029 -0.0043
  neighbors: f653 f652 f922 f924
- p136(v137): -0.016 0.027 -0.003
  neighbors: f914 f655 f913 f657 f923 f925
- p3440(v138): 0.066 0.019 -0.19
  neighbors: f659 f660 f661 f662 f663
- p1409(v139): 0.067 -0.0057 -0.19
  neighbors: f664 f665 f666 f667
- p0(v93): 0.066 -0.0078 -0.19
  neighbors: f667 f665 f957 f955 f960 f961
- p7(v141): 0.066 0.018  -0.2
  neighbors: f673 f674 f680 f676 f679 f931 f933
- p877(v95): 0.066  0.01  -0.2
  neighbors: f969 f931 f673 f930 f968 f975 f1158 f1159
- p3538(v143): 0.067 -0.0068  -0.2
  neighbors: f944 f689 f935 f942 f1140 f1141
- p3810(v148): 0.064 -0.015 -0.21
  neighbors: f713 f714 f716 f792 f793
- p1737(v103): 0.064 -0.015 -0.21
  neighbors: f966 f939 f713 f793 f964 f1015 f1017
- p2760(v61): 0.066 -0.018  -0.2
  neighbors: f939 f714 f713 f934 f945 f1146 f1147
- p2262(v149): -0.018 -0.028 -0.16
  neighbors: f717 f721 f720 f979 f980
- p154(v150): -0.0062 -0.03 -0.0014
  neighbors: f727 f985 f984 f982 f726 f1111 f1115
- p2444(v151): -0.028 -0.021 -0.19
  neighbors: f728 f729 f730 f731 f732 f733
- p2995(v152): -0.027 -0.013 -2.3e-09
  neighbors: f989 f736 f1263 f1475
- p3011(v26): -0.03 -0.0045 -1.4e-05
  neighbors: f1124 f736 f1254 f1125 f995 f1252 f1263 f1264
- p1753(v154): -0.03 -0.0076 -0.0025
  neighbors: f742 f743 f997 f745 f749 f1255 f1256
- p1718(v155): 0.017 0.018 -0.23
  neighbors: f751 f756 f760
- p1348(v156): 0.023  0.01 -0.25
  neighbors: f754 f760 f756 f1283 f759 f998 f1279 f1291 f1292
- p2988(v42): 0.031  0.01 -0.24
  neighbors: f771 f754 f998 f1001
- p2398(v159): 0.042  0.01 -0.24
  neighbors: f771 f775 f774 f1001 f1003
- p2451(v162): 0.055 0.0088 -0.23
  neighbors: f1304 f1020 f1009 f787 f1012 f789 f1019 f1008 f1011 f1179 f1302 f1310 f1313
- p1135(v163):  0.06 -0.015 -0.22
  neighbors: f1017 f792 f793 f1022 f1018 f1010 f1296 f1299 f1298 f1377 f1378
- p3945(v165): -0.03 -0.014  -0.2
  neighbors: f803 f804 f805 f1033 f1035
- p2609(v166): -0.026 -0.015 -0.22
  neighbors: f807 f808 f838 f1062 f811 f1189 f1072 f1060 f1196 f1315 f1316
- p3308(v72): -0.027 -0.01 -0.21
  neighbors: f1047 f808 f1055 f1036 f1195 f1196
- p2402(v123): -0.021 -0.014 -0.23
  neighbors: f811 f1215 f1074 f838 f1063 f1211 f1387 f1390
- p3962(v43): -0.024 -0.0091 -0.22
  neighbors: f1072 f811 f1075 f1074 f1220 f1222
- p2701(v169): -0.029 0.015  -0.2
  neighbors: f824 f825 f1051 f1043 f1056 f1059
- p2041(v170): -0.0062  0.01 -0.24
  neighbors: f835 f834 f1339 f1340
- p1965(v122): -0.011  0.01 -0.24
  neighbors: f1204 f869 f1203 f835 f868 f1340 f1341
- p2401(v171): -0.019 -0.016 -0.23
  neighbors: f836 f1062 f838 f1061 f1063 f1205 f1206
- p3700(v175): 0.016 -0.017 -0.25
  neighbors: f856 f857 f858 f859 f1407 f1032 f1232 f1426 f1427
- p1062(v124): 0.0031 -0.014 -0.24
  neighbors: f1228 f857 f1327 f1232 f1325 f1343 f1344
- p2498(v176): -0.026  0.02  -0.2
  neighbors: f866 f867 f868 f869 f1049 f1191 f1192
- p3554(v73): -0.018 0.0094 -0.23
  neighbors: f1218 f1193 f1191 f1204 f869 f1225 f1224 f1321 f1381 f1382
- p533(v178): 0.016 -0.027 -0.0091
  neighbors: f877 f878 f879
- p2723(v179): 0.0082 -0.029 -0.00013
  neighbors: f880 f881 f884 f883 f888 f889
- p1843(v127): 0.0021 -0.029 -2.3e-09
  neighbors: f884 f883 f1108 f1109 f1467 f1468
- p3363(v177): 0.0016 -0.03 -0.00017
  neighbors: f884 f889 f886 f1109 f1110
- p3420(v180): 0.0057 -0.03 -0.0011
  neighbors: f885 f886 f887 f888 f889 f890 f891
- p3246(v181):  0.02 0.022 -2.3e-09
  neighbors: f893 f905 f1470 f1473
- p228(v182):  0.02 0.025 -0.00087
  neighbors: f897 f898 f899
- p2561(v183): 0.026 0.017 -2.3e-09
  neighbors: f906 f907 f903 f904 f905 f1118 f1470 f1477
- p1929(v184): 0.026 -0.019 -0.00032
  neighbors: f908 f909 f910
- p864(v185): -0.0098 0.028 -2.3e-09
  neighbors: f914 f913 f1121 f1474 f1478
- p1885(v186): -0.028 0.015 -5.7e-05
  neighbors: f921 f1124 f1261 f1125 f919 f1123 f1131 f1260 f1265 f1267
- p833(v187): -0.014 0.028 -0.0033
  neighbors: f922 f923 f924 f925
- p3378(v189): 0.067 0.0071  -0.2
  neighbors: f930 f931 f932 f933
- p2204(v140): 0.067 0.006  -0.2
  neighbors: f932 f930 f1137 f1135 f1158 f1160
- p2721(v190): 0.066 -0.017  -0.2
  neighbors: f934 f935 f967 f966 f938 f939 f1138 f1140
- p576(v102): 0.067 -0.014  -0.2
  neighbors: f935 f946 f942 f934 f959 f945 f958 f1142 f1143
- p1732(v188): 0.067 0.00078  -0.2
  neighbors: f1137 f977 f938 f1136 f1139 f1138 f1160 f1161
- p1902(v146): 0.066 -0.012  -0.2
  neighbors: f938 f970 f967 f969 f975 f977
- p3769(v191): 0.067 -0.0073  -0.2
  neighbors: f944 f942 f1143 f1145
- p1546(v192): 0.066 -0.02  -0.2
  neighbors: f945 f946 f1147 f1152 f1154
- p530(v144): 0.066 -0.017 -0.19
  neighbors: f957 f956 f946 f961 f959 f1152 f1153
- p3627(v194): 0.066 -0.0094 -0.18
  neighbors: f955 f956 f957
- p1070(v195): 0.067 -0.013 -0.19
  neighbors: f958 f959 f960 f961
- p2902(v196): 0.064 -0.014 -0.21
  neighbors: f967 f966 f964 f965 f970 f971
- p79(v145): 0.064 0.0033 -0.21
  neighbors: f965 f971 f973
- p3854(v197): 0.064 0.0062 -0.21
  neighbors: f968 f969 f970 f971 f972 f973
- p3322(v198): 0.067 -0.0028  -0.2
  neighbors: f977 f975 f1159 f1161
- p2293(v199): -0.013 -0.029 -0.0034
  neighbors: f978 f979 f980 f982 f1114 f1115
- p3993(v108): -0.011 -0.029 -0.0061
  neighbors: f982 f978 f983 f985
- p1200(v200): -0.0074 -0.03 -0.0049
  neighbors: f983 f984 f985
- p603(v201): -0.022 -0.023 -2.3e-09
  neighbors: f987 f988 f989 f990 f1112 f1113 f1472 f1475
- p2330(v203): -0.029 -0.0066 -0.00011
  neighbors: f995 f997 f1254 f1255
- p3613(v204): 0.034 0.0076 -0.24
  neighbors: f998 f1003 f1171 f1001 f1290 f1291
- p1727(v206): 0.053  0.01 -0.23
  neighbors: f1007 f1008 f1009
- p1190(v207): 0.057 -0.0048 -0.23
  neighbors: f1010 f1011 f1012 f1375 f1377
- p3366(v161): 0.058 0.00048 -0.23
  neighbors: f1012 f1010 f1018 f1020
- p2165(v117): 0.056 -0.0031 -0.23
  neighbors: f1011 f1303 f1302 f1375 f1376
- p1077(v208): 0.061 -0.014 -0.22
  neighbors: f1015 f1017 f1021 f1022
- p3256(v209): 0.061 0.0015 -0.22
  neighbors: f1018 f1019 f1020 f1021 f1022
- p2080(v210): 0.051 -0.017 -0.23
  neighbors: f1179 f1250 f1311 f1301 f1032 f1031 f1030 f1181 f1249 f1300 f1310 f1407 f1408
- p2125(v211): -0.029 -0.0075  -0.2
  neighbors: f1033 f1036 f1035 f1045 f1047
- p3101(v213): -0.029 0.0092  -0.2
  neighbors: f1043 f1044 f1045 f1047 f1055 f1056
- p3884(v214): -0.028 0.018  -0.2
  neighbors: f1059 f1049 f1050 f1051 f1058 f1192 f1194
- p1945(v215): -0.028 0.0088 -0.21
  neighbors: f1059 f1055 f1056 f1058 f1195 f1319 f1320
- p3470(v121): -0.025 0.0086 -0.22
  neighbors: f1058 f1071 f1194 f1226 f1193 f1224 f1223 f1221 f1318 f1319
- p1221(v216): -0.019 -0.016 -0.23
  neighbors: f1060 f1061 f1062
- p3389(v217): -0.015 -0.013 -0.23
  neighbors: f1063 f1240 f1400 f1356 f1330 f1206 f1215 f1322 f1352 f1379 f1399 f1432 f1433
- p3676(v218): -0.024 -0.0026 -0.22
  neighbors: f1190 f1072 f1071 f1189 f1222 f1223
- p2137(v212): -0.025 -0.00056 -0.22
  neighbors: f1190 f1071 f1317 f1318
- p1364(v219): -0.023 -0.0074 -0.22
  neighbors: f1074 f1075 f1211 f1212
- p915(v172): -0.022 -0.0037 -0.22
  neighbors: f1220 f1212 f1075 f1383 f1385
- p527(v223): 0.00072 -0.013 -0.24
  neighbors: f1097 f1229 f1228 f1327 f1328
- p2544(v174): -0.0045 -0.012 -0.24
  neighbors: f1328 f1097 f1099 f1351 f1355
- p1471(v173): -0.0018 0.0036 -0.24
  neighbors: f1229 f1098 f1099 f1097 f1338 f1342
- p3916(v224): -0.0053 -0.0064 -0.24
  neighbors: f1098 f1099 f1351 f1353
- p2726(v23): -0.011 0.0073 -0.24
  neighbors: f1203 f1098 f1353 f1239 f1342 f1341 f1396 f1398
- p2608(v226): -0.012 -0.029 -0.00017
  neighbors: f1108 f1109 f1110 f1111 f1112 f1113 f1114 f1115
- p3858(v80): -0.015 -0.027 -2.3e-09
  neighbors: f1108 f1112 f1468 f1472
- p1644(v227): 0.032 0.00024 -2.3e-09
  neighbors: f1117 f1118 f1466 f1477
- p2379(v228): -0.0048  0.03 -2.3e-09
  neighbors: f1120 f1121 f1471 f1478
- p3337(v229): -0.03 0.0029 -0.00011
  neighbors: f1124 f1123 f1251 f1252
- p1511(v230): -0.028 0.0071 -2.3e-09
  neighbors: f1125 f1261 f1264 f1479
- p959(v231): -0.026 0.018 -0.00066
  neighbors: f1130 f1131 f1132 f1134 f1266 f1267
- p2559(v232): 0.067 0.0057  -0.2
  neighbors: f1135 f1136 f1137
- p1775(v233): 0.067 -0.0039  -0.2
  neighbors: f1138 f1139 f1140 f1141
- p945(v234): 0.067 -0.0083 -0.19
  neighbors: f1142 f1143 f1144 f1145
- p714(v235): 0.066 -0.021  -0.2
  neighbors: f1146 f1147 f1154 f1268 f1273
- p3305(v236): 0.065 -0.02 -0.18
  neighbors: f1152 f1153 f1154 f1157 f1156 f1273 f1359 f1360
- p2827(v237): 0.067 0.0036  -0.2
  neighbors: f1158 f1159 f1160 f1161
- p3734(v239):  0.04 0.0056 -0.24
  neighbors: f1167 f1173 f1286 f1170 f1171 f1172 f1290 f1294
- p426(v205): 0.043 -0.0047 -0.24
  neighbors: f1173 f1167 f1246 f1248
- p2579(v158): 0.047 0.0093 -0.24
  neighbors: f1248 f1247 f1170 f1167 f1308 f1309
- p1203(v225):  0.04 -0.014 -0.24
  neighbors: f1173 f1250 f1172 f1362 f1246 f1361 f1408 f1413 f1414
- p3230(v157): 0.038 -0.0018 -0.24
  neighbors: f1172 f1286 f1361 f1401 f1402
- p1905(v240): 0.054 -0.015 -0.23
  neighbors: f1179 f1304 f1303 f1296 f1301 f1299 f1374 f1376
- p3176(v241):  0.05 -0.0084 -0.23
  neighbors: f1307 f1181 f1311 f1312
- p1789(v115): 0.048 -0.013 -0.24
  neighbors: f1181 f1249 f1247 f1307 f1309
- p360(v243): -0.025 -0.0024 -0.22
  neighbors: f1190 f1189 f1315 f1317
- p789(v244): -0.023  0.01 -0.22
  neighbors: f1191 f1192 f1193 f1194
- p2054(v245): -0.027 0.0031 -0.21
  neighbors: f1195 f1196 f1316 f1320
- p791(v246): -0.013 0.0074 -0.23
  neighbors: f1204 f1240 f1203 f1239 f1321 f1322
- p2215(v247): -0.012 -0.016 -0.23
  neighbors: f1205 f1206 f1326 f1330
- p206(v248): -0.021 -0.012 -0.23
  neighbors: f1211 f1212 f1384 f1383 f1387 f1388
- p2998(v249): -0.018 -0.011 -0.23
  neighbors: f1215 f1381 f1218 f1379 f1390 f1391
- p2443(v221): -0.02 0.0071 -0.23
  neighbors: f1218 f1226 f1225 f1333 f1221 f1389 f1391
- p1001(v250): -0.021 0.0047 -0.22
  neighbors: f1223 f1220 f1221 f1222 f1333 f1385 f1386
- p1673(v251): -0.019 0.0078 -0.23
  neighbors: f1224 f1225 f1226
- p1094(v252): 0.0058 0.0044 -0.24
  neighbors: f1343 f1228 f1229 f1338 f1348 f1394 f1395
- p3067(v253):  0.01 -0.012 -0.25
  neighbors: f1232 f1441 f1344 f1346 f1393 f1392 f1427 f1439 f1452 f1453
- p2700(v254): -0.012 0.0035 -0.24
  neighbors: f1240 f1239 f1398 f1399
- p149(v256): 0.046 -0.015 -0.24
  neighbors: f1246 f1247 f1248 f1249 f1250
- p2254(v257): -0.03 -0.0025 -0.0004
  neighbors: f1251 f1252 f1253 f1254 f1255 f1256 f1257 f1258
- p1413(v258): -0.024 0.018 -2.3e-09
  neighbors: f1260 f1261 f1476 f1479
- p1918(v259): -0.028 0.0054 -2.3e-09
  neighbors: f1263 f1264 f1463 f1464 f1465 f1466 f1467 f1468 f1469 f1470 f1471 f1472 f1473 f1474 f1475 f1476 f1477 f1478 f1479
- p1276(v260): -0.028 0.015 -0.00057
  neighbors: f1265 f1266 f1267
- p3030(v261): 0.065 -0.021  -0.2
  neighbors: f1268 f1269 f1270 f1274 f1273 f1358 f1360
- p2468(v263): 0.021 0.0098 -0.25
  neighbors: f1279 f1423 f1368 f1283 f1424 f1442 f1444
- p2046(v238): 0.032 0.0017 -0.24
  neighbors: f1368 f1279 f1293 f1292 f1409 f1435 f1436
- p2506(v264): 0.034 -0.00032 -0.24
  neighbors: f1286 f1403 f1294 f1293 f1364 f1401 f1435 f1458 f1459
- p2798(v265): 0.033 0.0056 -0.24
  neighbors: f1290 f1291 f1292 f1293 f1294
- p3954(v266): 0.058 -0.013 -0.23
  neighbors: f1296 f1374 f1378
- p3291(v267): 0.054 -0.016 -0.23
  neighbors: f1298 f1299 f1300 f1301
- p3019(v268): 0.055 0.00037 -0.23
  neighbors: f1302 f1303 f1304
- p288(v269): 0.049 0.0055 -0.24
  neighbors: f1309 f1308 f1307 f1312 f1314
- p629(v270): 0.051 0.0044 -0.23
  neighbors: f1310 f1311 f1312 f1313 f1314
- p2014(v271): -0.027 0.0042 -0.21
  neighbors: f1315 f1316 f1317 f1318 f1319 f1320
- p1236(v272): -0.015 -3.6e-05 -0.23
  neighbors: f1321 f1322 f1382 f1432 f1434
- p1731(v273): -0.011 -0.016 -0.24
  neighbors: f1325 f1326 f1327 f1328 f1330 f1355 f1356
- p2389(v274): -0.021 7.2e-05 -0.23
  neighbors: f1386 f1384 f1333 f1388 f1389
- p3914(v275): -0.0013 0.007 -0.24
  neighbors: f1336 f1342 f1338 f1339 f1340 f1341 f1347 f1348
- p2731(v222):  0.01 0.007 -0.25
  neighbors: f1440 f1336 f1347 f1346 f1419 f1439 f1449 f1454 f1455
- p3814(v276): 0.0056 -0.01 -0.24
  neighbors: f1343 f1344 f1392 f1394
- p2336(v277): 0.0066 0.0047 -0.24
  neighbors: f1346 f1347 f1348 f1393 f1395
- p2541(v278): -0.0061 -0.0097 -0.24
  neighbors: f1351 f1352 f1353 f1356 f1355 f1396 f1397
- p1845(v255): -0.0094 -0.0075 -0.24
  neighbors: f1352 f1397 f1400
- p2734(v279): 0.064 -0.021 -0.19
  neighbors: f1357 f1358 f1359 f1360
- p3082(v280): 0.037 -0.012 -0.24
  neighbors: f1361 f1362 f1364 f1402 f1403
- p567(v262): 0.036 -0.012 -0.24
  neighbors: f1362 f1364 f1413 f1456 f1458
- p3726(v281): 0.028 -0.011 -0.25
  neighbors: f1409 f1368 f1424 f1428
- p2152(v283): 0.057 -0.007 -0.23
  neighbors: f1374 f1375 f1376 f1377 f1378
- p1480(v284): -0.015 -0.0085 -0.23
  neighbors: f1379 f1382 f1381 f1433 f1434
- p3781(v285): -0.021 -0.001 -0.22
  neighbors: f1383 f1384 f1385 f1386
- p586(v286): -0.02 -0.01 -0.23
  neighbors: f1387 f1388 f1389 f1390 f1391
- p3199(v287): 0.0064 0.0006 -0.24
  neighbors: f1392 f1393 f1394 f1395
- p1574(v288): -0.01 -0.0043 -0.24
  neighbors: f1396 f1397 f1398 f1399 f1400
- p560(v289): 0.037 -0.01 -0.24
  neighbors: f1401 f1402 f1403
- p482(v290): 0.023 -0.016 -0.25
  neighbors: f1414 f1408 f1407 f1426 f1429
- p1692(v291): 0.031 -0.013 -0.24
  neighbors: f1409 f1429 f1428 f1414 f1413 f1436 f1456 f1457
- p138(v293): 0.015 0.008 -0.25
  neighbors: f1423 f1419 f1443 f1442 f1422 f1447 f1449
- p1733(v294):  0.02 -0.011 -0.25
  neighbors: f1424 f1453 f1426 f1427 f1428 f1429 f1444 f1450 f1460 f1462
- p3116(v295): -0.015 -0.0049 -0.23
  neighbors: f1432 f1433 f1434
- p3938(v296): 0.032 -0.0055 -0.24
  neighbors: f1435 f1436 f1457 f1459
- p2278(v297): 0.011 -0.0086 -0.25
  neighbors: f1439 f1440 f1441
- p3517(v292): 0.013 -0.0039 -0.25
  neighbors: f1440 f1441 f1452 f1454
- p3406(v298): 0.019 0.0022 -0.25
  neighbors: f1442 f1443 f1444 f1461 f1462
- p1966(v282): 0.017 0.0006 -0.25
  neighbors: f1451 f1447 f1443 f1450 f1460 f1461
- p1922(v299): 0.015 0.007 -0.25
  neighbors: f1449 f1447 f1451 f1455
- p1369(v300): 0.015 -0.0022 -0.25
  neighbors: f1450 f1451 f1452 f1453 f1454 f1455
- p550(v301): 0.032 -0.0095 -0.24
  neighbors: f1456 f1457 f1458 f1459
- p1708(v302): 0.019 -0.00015 -0.25
  neighbors: f1460 f1461 f1462
- f72
    - flags: bottom simplicial
    - normal:  -0.02136   0.9475   -0.319
    - offset: -0.08950931
    - vertices: p3007(v21) p2871(v12) p3261(v6)
    - neighboring facets: f866 f167 f311
- f159
    - flags: top simplicial
    - normal:        -1 0.009937 0.0003418
    - offset: -0.02997775
    - vertices: p1290(v39) p3556(v7) p1061(v1)
    - neighboring facets: f361 f160 f161
- f160
    - flags: bottom simplicial
    - normal:   -0.9998  0.01695 -0.01095
    - offset: -0.03224412
    - vertices: p1290(v39) p3650(v20) p1061(v1)
    - neighboring facets: f824 f159 f161
- f161
    - flags: top simplicial
    - normal:   -0.9998  0.01972 0.0006686
    - offset: -0.03002833
    - vertices: p1290(v39) p3650(v20) p3556(v7)
    - neighboring facets: f352 f159 f160
- f166
    - flags: top simplicial
    - normal:   0.08283   0.9965 -0.00594
    - offset: -0.03020389
    - vertices: p3998(v41) p3007(v21) p919(v4)
    - neighboring facets: f206 f226 f167
- f167
    - flags: bottom simplicial
    - normal:    0.0668   0.9973 -0.02922
    - offset: -0.03456123
    - vertices: p3998(v41) p3007(v21) p3261(v6)
    - neighboring facets: f72 f169 f166
- f169
    - flags: top simplicial
    - normal:  -0.03013   0.9993 -0.02244
    - offset: -0.03183813
    - vertices: p3998(v41) p1426(v38) p3261(v6)
    - neighboring facets: f303 f167 f227
- f206
    - flags: bottom simplicial
    - normal:    0.1043   0.9945 -0.004116
    - offset: -0.03023752
    - center: 0.01225563914825519 0.02883426658809185 -0.06865158137710144 
    - vertices: p3407(v48) p3007(v21) p919(v4)
    - neighboring facets: f166 f421 f207
- f207
    - flags: top simplicial
    - normal:    0.1321   0.9912 -0.002651
    - offset: -0.0304413
    - vertices: p3407(v48) p3007(v21) p3718(v11)
    - neighboring facets: f309 f397 f206
- f226
    - flags: top simplicial
    - normal:  -0.007422   0.9999 -0.01076
    - offset: -0.02989944
    - center: 0.004469695966690779 0.02921305783092975 -0.06708264896102871 
    - vertices: p1998(v52) p3998(v41) p919(v4)
    - neighboring facets: f166 f422 f227
- f227
    - flags: bottom simplicial
    - normal:  -0.008229   0.9999 -0.01085
    - offset: -0.0299043
    - vertices: p1998(v52) p3998(v41) p1426(v38)
    - neighboring facets: f169 f305 f226
- f253
    - flags: bottom simplicial
    - normal:     0.884   0.1667  -0.4367
    - offset: -0.1510286
    - vertices: p2545(v57) p1254(v56) p3275(v31)
    - neighboring facets: f972 f787 f456
- f283
    - flags: top simplicial
    - normal:   -0.1586  -0.9812  -0.1102
    - offset: -0.04785092
    - vertices: p2741(v63) p1866(v34) p2861(v9)
    - neighboring facets: f336 f720 f284
- f284
    - flags: bottom simplicial
    - normal:  -0.05627  -0.9945 -0.08887
    - offset: -0.04327263
    - vertices: p2741(v63) p1866(v34) p3939(v16)
    - neighboring facets: f500 f727 f283
- f290
    - flags: top simplicial
    - normal:   -0.6069  -0.7936 -0.04383
    - offset: -0.04280897
    - vertices: p2540(v64) p1175(v37) p2861(v9)
    - neighboring facets: f510 f569 f298
- f298
    - flags: bottom simplicial
    - normal:   -0.9484  -0.3167  0.01492
    - offset: -0.03100394
    - vertices: p1920(v66) p2540(v64) p1175(v37)
    - neighboring facets: f290 f525 f530
- f302
    - flags: top simplicial
    - normal:  -0.04298   0.9986 -0.03015
    - offset: -0.03316208
    - vertices: p33(v67) p684(v19) p3261(v6)
    - neighboring facets: f607 f303 f304
- f303
    - flags: bottom simplicial
    - normal:  -0.03603    0.999 -0.02538
    - offset: -0.03232814
    - vertices: p33(v67) p1426(v38) p3261(v6)
    - neighboring facets: f169 f302 f305
- f304
    - flags: top simplicial
    - normal:   -0.1128   0.9936 -0.006382
    - offset: -0.03036168
    - vertices: p33(v67) p1998(v52) p684(v19)
    - neighboring facets: f651 f302 f305
- f305
    - flags: bottom simplicial
    - normal:  -0.04365    0.999 -0.01033
    - offset: -0.03009655
    - vertices: p33(v67) p1998(v52) p1426(v38)
    - neighboring facets: f227 f303 f304
- f309
    - flags: bottom simplicial
    - normal:    0.1354   0.9462   -0.294
    - offset: -0.08777719
    - vertices: p3447(v69) p3007(v21) p3718(v11)
    - neighboring facets: f207 f453 f311
- f311
    - flags: top simplicial
    - normal:  -0.02088   0.9475  -0.3192
    - offset: -0.08955595
    - vertices: p3447(v69) p3007(v21) p2871(v12)
    - neighboring facets: f72 f751 f309
- f336
    - flags: bottom simplicial
    - normal:   -0.2319   -0.941  -0.2463
    - offset: -0.07663144
    - vertices: p2476(v74) p1866(v34) p2861(v9)
    - neighboring facets: f283 f836 f502
- f352
    - flags: bottom simplicial
    - normal:   -0.9881   0.1536 0.007959
    - offset: -0.03042311
    - vertices: p1376(v76) p3650(v20) p3556(v7)
    - neighboring facets: f161 f919 f825
- f361
    - flags: bottom simplicial
    - normal:        -1 0.0005099 0.0004617
    - offset: -0.02992523
    - vertices: p2303(v77) p3556(v7) p1061(v1)
    - neighboring facets: f159 f362 f1253
- f362
    - flags: top simplicial
    - normal:        -1 -0.001044 0.0004417
    - offset: -0.02992423
    - vertices: p2303(v77) p381(v35) p1061(v1)
    - neighboring facets: f563 f361 f1257
- f365
    - flags: bottom simplicial
    - normal:   -0.9998 -0.01808 -0.009567
    - offset: -0.03208759
    - vertices: p3706(v78) p381(v35) p327(v17)
    - neighboring facets: f803 f749 f1258
- f385
    - flags: top simplicial tested
    - normal:  0.008061 -0.005676        1
    - offset: -0.0002896514
    - center: 0.02342152719696363 -0.01891159700850646 -6.50346874523735e-06 
    - vertices: p1341(v82) p2025(v47) p3399(v27)
    - neighboring facets: f1465 f411 f388
    - ridges:
- f387
    - flags: bottom simplicial tested
    - normal:    0.7289  -0.6553    0.198
    - offset: -0.0309002
    - center: 0.02902305933336417 -0.01539340320353707 -0.001733071416917179 
    - vertices: p1341(v82) p2970(v81) p1883(v8)
    - neighboring facets: f1156 f908 f388
- f388
    - flags: top simplicial tested
    - normal:    0.5312     -0.8   0.2791
    - offset: -0.02920825
    - center: 0.02213739231228828 -0.02209990719954173 -0.0008245121271888141 
    - vertices: p1341(v82) p2970(v81) p2025(v47)
    - neighboring facets: f623 f385 f387
- f394
    - flags: bottom simplicial
    - normal:    0.4481   0.8897  0.08717
    - offset: -0.03150977
    - vertices: p1250(v84) p3559(v28) p3991(v22)
    - neighboring facets: f897 f396 f395
- f395
    - flags: bottom simplicial
    - normal:    0.3557   0.9325  0.06271
    - offset: -0.03107953
    - center: 0.03060449535648028 0.02585520471135775 -0.06244874188754087 
    - vertices: p1250(v84) p3407(v48) p3559(v28)
    - neighboring facets: f423 f394 f397
- f396
    - flags: bottom simplicial
    - normal:    0.4081    0.912  0.04101
    - offset: -0.03801162
    - vertices: p1250(v84) p3991(v22) p3718(v11)
    - neighboring facets: f680 f397 f394
- f397
    - flags: top simplicial
    - normal:    0.2203   0.9752  0.02214
    - offset: -0.0309028
    - vertices: p1250(v84) p3407(v48) p3718(v11)
    - neighboring facets: f207 f396 f395
- f398
    - flags: bottom simplicial
    - normal:    0.8931   0.2079   0.3989
    - offset: -0.03375256
    - center: 0.03906172886490822 0.0006446916765222941 -0.003182065789587797 
    - vertices: p1356(v85) p1609(v49) p1883(v8)
    - neighboring facets: f407 f400 f399
- f399
    - flags: top simplicial
    - normal:    0.8468    0.503   0.1732
    - offset: -0.03355181
    - vertices: p1356(v85) p1609(v49) p3991(v22)
    - neighboring facets: f403 f660 f398
- f400
    - flags: top simplicial
    - normal:    0.9841  0.09188   0.1521
    - offset: -0.0384719
    - vertices: p1356(v85) p1324(v53) p1883(v8)
    - neighboring facets: f666 f398 f661
- f403
    - flags: bottom simplicial
    - normal:    0.7781   0.6042   0.1719
    - offset: -0.03137731
    - center: 0.04289950182040532 0.01471592780823508 -0.06337036303011701 
    - vertices: p3661(v86) p1609(v49) p3991(v22)
    - neighboring facets: f399 f632 f903
- f407
    - flags: top simplicial tested
    - normal:    0.5053  0.02401   0.8626
    - offset: -0.0177025
    - center: 0.0374901071190834 0.001320577847460906 -0.00147781251143897 
    - vertices: p614(v87) p1609(v49) p1883(v8)
    - neighboring facets: f398 f638 f904
- f411
    - flags: top simplicial tested
    - normal:    0.1337 -0.05856   0.9893
    - offset: -0.00436974
    - center: 0.02870151835183303 -0.009788619354367256 -4.163870145916012e-05 
    - vertices: p614(v87) p1341(v82) p3399(v27)
    - neighboring facets: f385 f635 f639
- f412
    - flags: bottom simplicial
    - normal:   -0.6452   0.7639   0.0139
    - offset: -0.03169541
    - center: -0.02344431479771932 0.02282085518042247 -0.06212406069971621 
    - vertices: p1987(v88) p914(v29) p411(v10)
    - neighboring facets: f605 f1132 f641
- f421
    - flags: bottom simplicial tested
    - normal:   0.04149   0.9904   0.1318
    - offset: -0.02927439
    - center: 0.003942382056266069 0.0296222660690546 -0.001724601117305695 
    - vertices: p2669(v90) p3407(v48) p919(v4)
    - neighboring facets: f206 f422 f423
- f422
    - flags: top simplicial tested
    - normal:   0.02331   0.9953  0.09361
    - offset: -0.02948913
    - center: -0.00175430408368508 0.02981880990167459 -0.001599387571713813 
    - vertices: p2669(v90) p1998(v52) p919(v4)
    - neighboring facets: f226 f421 f1120
- f423
    - flags: top simplicial tested
    - normal:   0.08456   0.4942   0.8652
    - offset: -0.01436907
    - center: 0.008096284698694944 0.02859359420835972 -0.0005177434799586635 
    - vertices: p2669(v90) p3407(v48) p3559(v28)
    - neighboring facets: f395 f424 f421
- f424
    - flags: bottom simplicial tested
    - normal:   0.07054   0.3861   0.9198
    - offset: -0.01120798
    - center: 0.006891967418293159 0.02807477364937465 -0.0001279889555367832 
    - vertices: p2669(v90) p1333(v83) p3559(v28)
    - neighboring facets: f630 f423 f1463
    - ridges:
- f433
    - flags: top simplicial
    - normal:    0.9999 -0.0004887  0.01055
    - offset: -0.0649355
    - vertices: p2(v92) p865(v55) p1324(v53)
    - neighboring facets: f664 f435 f1144
- f434
    - flags: top simplicial
    - normal:    0.9996  0.02529  0.01361
    - offset: -0.06467425
    - vertices: p2(v92) p1423(v91) p3048(v2)
    - neighboring facets: f663 f689 f435
- f435
    - flags: bottom simplicial
    - normal:    0.9996  0.02382  0.01419
    - offset: -0.06454439
    - vertices: p2(v92) p1423(v91) p1324(v53)
    - neighboring facets: f659 f433 f434
- f453
    - flags: bottom simplicial
    - normal:    0.1684   0.9261  -0.3375
    - offset: -0.09816796
    - vertices: p103(v96) p3447(v69) p3718(v11)
    - neighboring facets: f309 f555 f774
- f455
    - flags: bottom simplicial
    - normal:     0.712   0.5322  -0.4581
    - offset: -0.1491415
    - vertices: p1930(v97) p2545(v57) p3718(v11)
    - neighboring facets: f789 f676 f456
- f456
    - flags: top simplicial
    - normal:    0.8827   0.2325  -0.4085
    - offset: -0.1454135
    - vertices: p1930(v97) p2545(v57) p1254(v56)
    - neighboring facets: f253 f674 f455
- f475
    - flags: top simplicial
    - normal:    0.1057  -0.9944 -0.00933
    - offset: -0.03046214
    - vertices: p2361(v101) p3357(v79) p2858(v32)
    - neighboring facets: f1274 f1270 f476
- f476
    - flags: top simplicial
    - normal:   0.08119  -0.9966 -0.01395
    - offset: -0.03034749
    - vertices: p2361(v101) p1618(v98) p3357(v79)
    - neighboring facets: f887 f475 f477
- f477
    - flags: bottom simplicial
    - normal:   0.06247  -0.9977 -0.02465
    - offset: -0.03172527
    - vertices: p2361(v101) p1618(v98) p3939(v16)
    - neighboring facets: f890 f479 f476
- f479
    - flags: bottom simplicial
    - normal:   0.06028  -0.9978  -0.0273
    - offset: -0.03217302
    - vertices: p2361(v101) p3939(v16) p2537(v5)
    - neighboring facets: f506 f499 f477
- f498
    - flags: top simplicial
    - normal:    0.2371  -0.9415  -0.2396
    - offset: -0.0839422
    - vertices: p36(v104) p1857(v33) p2537(v5)
    - neighboring facets: f1030 f499 f716
- f499
    - flags: bottom simplicial
    - normal:    0.1471  -0.9853  -0.0865
    - offset: -0.04808154
    - vertices: p36(v104) p2361(v101) p2537(v5)
    - neighboring facets: f479 f498 f1269
- f500
    - flags: top simplicial
    - normal:  -0.04442  -0.9952 -0.08694
    - offset: -0.0428406
    - vertices: p3398(v105) p1866(v34) p3939(v16)
    - neighboring facets: f284 f501 f502
- f501
    - flags: bottom simplicial
    - normal:   -0.0196  -0.9968 -0.07785
    - offset: -0.04113677
    - vertices: p3398(v105) p1484(v62) p3939(v16)
    - neighboring facets: f507 f500 f858
- f502
    - flags: top simplicial
    - normal:   -0.1493  -0.9404  -0.3055
    - offset: -0.08925014
    - vertices: p3398(v105) p2476(v74) p1866(v34)
    - neighboring facets: f336 f500 f856
- f506
    - flags: top simplicial
    - normal:   0.02245  -0.9981   -0.058
    - offset: -0.03750825
    - vertices: p2953(v106) p3939(v16) p2537(v5)
    - neighboring facets: f479 f1031 f507
- f507
    - flags: top simplicial
    - normal:   0.01764   -0.998 -0.06069
    - offset: -0.03799205
    - vertices: p2953(v106) p1484(v62) p3939(v16)
    - neighboring facets: f501 f506 f859
- f510
    - flags: bottom simplicial
    - normal:   -0.4605  -0.8874 -0.02228
    - offset: -0.03638956
    - vertices: p1205(v107) p1175(v37) p2861(v9)
    - neighboring facets: f290 f721 f730
- f515
    - flags: top simplicial
    - normal:   -0.5576  -0.8282  0.05599
    - offset: -0.03126049
    - center: -0.01831652596592903 -0.02571160780886809 -0.004423039111619194 
    - vertices: p569(v109) p1633(v65) p2581(v36)
    - neighboring facets: f990 f517 f728
- f517
    - flags: bottom simplicial
    - normal:   -0.4916  -0.8708 0.008556
    - offset: -0.03157192
    - vertices: p569(v109) p1205(v107) p2581(v36)
    - neighboring facets: f717 f515 f731
- f525
    - flags: bottom simplicial
    - normal:   -0.9286  -0.3707  0.01748
    - offset: -0.03108211
    - vertices: p2850(v111) p1920(v66) p1175(v37)
    - neighboring facets: f298 f733 f527
- f526
    - flags: top simplicial
    - normal:   -0.8683  -0.4525   0.2032
    - offset: -0.03001939
    - center: -0.02666533055404822 -0.01625613930324713 -0.002412456325449361 
    - vertices: p2850(v111) p159(v110) p3543(v18)
    - neighboring facets: f988 f732 f527
- f527
    - flags: bottom simplicial
    - normal:   -0.9337  -0.3549  0.04775
    - offset: -0.03081199
    - vertices: p2850(v111) p159(v110) p1920(v66)
    - neighboring facets: f742 f525 f526
- f528
    - flags: top simplicial
    - normal:    -0.973  -0.2302 -0.01417
    - offset: -0.03566218
    - vertices: p3065(v112) p2540(v64) p327(v17)
    - neighboring facets: f570 f745 f530
- f530
    - flags: top simplicial
    - normal:   -0.9544  -0.2983  0.01409
    - offset: -0.03095407
    - vertices: p3065(v112) p1920(v66) p2540(v64)
    - neighboring facets: f298 f528 f743
- f538
    - flags: bottom simplicial
    - normal:   -0.1152   0.8861  -0.4489
    - offset:   -0.11694
    - vertices: p2346(v114) p2374(v70) p2871(v12)
    - neighboring facets: f834 f759 f1422
- f555
    - flags: bottom simplicial
    - normal:    0.3954   0.8033  -0.4454
    - offset: -0.1318349
    - vertices: p3240(v116) p103(v96) p3718(v11)
    - neighboring facets: f453 f1007 f775
- f563
    - flags: bottom simplicial
    - normal:   -0.9975 -0.007595 -0.06988
    - offset: -0.0438335
    - vertices: p3121(v118) p381(v35) p1061(v1)
    - neighboring facets: f362 f1044 f805
- f569
    - flags: top simplicial
    - normal:   -0.9565  -0.2293  -0.1802
    - offset: -0.06806065
    - vertices: p3610(v119) p2540(v64) p2861(v9)
    - neighboring facets: f290 f807 f570
- f570
    - flags: bottom simplicial
    - normal:   -0.9691  -0.1988  -0.1463
    - offset: -0.06106322
    - vertices: p3610(v119) p2540(v64) p327(v17)
    - neighboring facets: f528 f804 f569
- f603
    - flags: bottom simplicial
    - normal:   -0.8203   0.5718 0.005862
    - offset: -0.03399306
    - vertices: p3244(v125) p147(v40) p411(v10)
    - neighboring facets: f1134 f605 f604
- f604
    - flags: bottom simplicial
    - normal:   -0.8236   0.5671 0.004726
    - offset: -0.0342121
    - vertices: p3244(v125) p1376(v76) p147(v40)
    - neighboring facets: f921 f603 f1050
- f605
    - flags: top simplicial
    - normal:   -0.5725   0.8199 0.008531
    - offset: -0.03180872
    - vertices: p3244(v125) p914(v29) p411(v10)
    - neighboring facets: f412 f603 f606
- f606
    - flags: bottom simplicial
    - normal:   -0.5125   0.8587 0.004784
    - offset: -0.03170881
    - vertices: p3244(v125) p914(v29) p684(v19)
    - neighboring facets: f657 f607 f605
- f607
    - flags: bottom simplicial
    - normal:   -0.1447   0.9822  -0.1197
    - offset: -0.04902548
    - vertices: p3244(v125) p684(v19) p3261(v6)
    - neighboring facets: f302 f867 f606
- f622
    - flags: top simplicial
    - normal:    0.5722  -0.8103   0.1263
    - offset: -0.03077184
    - vertices: p3665(v128) p2970(v81) p1270(v15)
    - neighboring facets: f1157 f878 f623
- f623
    - flags: bottom simplicial
    - normal:    0.5137  -0.8276   0.2262
    - offset: -0.02952958
    - center: 0.02041405439376831 -0.0237821638584137 -0.002828250692879397 
    - vertices: p3665(v128) p2970(v81) p2025(v47)
    - neighboring facets: f388 f880 f622
- f624
    - flags: top simplicial
    - normal:  0.002726       -1 -0.008477
    - offset: -0.02998411
    - vertices: p507(v129) p3939(v16) p763(v3)
    - neighboring facets: f726 f885 f891
- f630
    - flags: top simplicial tested
    - normal:   0.05869   0.2329   0.9707
    - offset: -0.006878666
    - center: 0.01314980738485853 0.02675260913868745 -0.0001279889555367842 
    - vertices: p3547(v130) p1333(v83) p3559(v28)
    - neighboring facets: f424 f893 f1469
    - ridges:
- f632
    - flags: bottom simplicial
    - normal:    0.7392   0.6533   0.1638
    - offset: -0.03135019
    - center: 0.0379141184190909 0.02092474512755871 -0.06314339250093326 
    - vertices: p1430(v131) p3661(v86) p3991(v22)
    - neighboring facets: f403 f898 f907
- f635
    - flags: top simplicial tested
    - normal:   0.07324 -0.02904   0.9969
    - offset: -0.002356476
    - center: 0.03143215489884218 -0.003078380017541349 -3.51374894061642e-05 
    - vertices: p477(v132) p614(v87) p3399(v27)
    - neighboring facets: f411 f1464 f1117
    - ridges:
- f638
    - flags: top simplicial
    - normal:    0.3297  -0.1194   0.9365
    - offset: -0.01102174
    - vertices: p2803(v133) p614(v87) p1883(v8)
    - neighboring facets: f407 f909 f639
- f639
    - flags: bottom simplicial
    - normal:    0.1879 -0.08373   0.9786
    - offset: -0.006177869
    - vertices: p2803(v133) p614(v87) p1341(v82)
    - neighboring facets: f411 f910 f638
- f641
    - flags: top simplicial tested
    - normal:   -0.6403   0.7671  0.03836
    - offset: -0.03159476
    - center: -0.02150006840626398 0.02334066107869148 -0.002033345765466728 
    - vertices: p3864(v134) p1987(v88) p914(v29)
    - neighboring facets: f412 f655 f1130
- f651
    - flags: bottom simplicial
    - normal:   -0.1656   0.9862 -0.002687
    - offset: -0.03046552
    - vertices: p1806(v136) p1998(v52) p684(v19)
    - neighboring facets: f304 f652 f653
- f652
    - flags: top simplicial
    - normal:   -0.2873   0.9578 0.001866
    - offset: -0.03103974
    - vertices: p1806(v136) p3760(v89) p684(v19)
    - neighboring facets: f924 f651 f653
- f653
    - flags: bottom simplicial
    - normal:   -0.1992   0.9792   0.0396
    - offset: -0.03043081
    - vertices: p1806(v136) p3760(v89) p1998(v52)
    - neighboring facets: f922 f651 f652
- f655
    - flags: top simplicial
    - normal:   -0.5381   0.8236    0.179
    - offset: -0.0306099
    - center: -0.01902595162391663 0.02523328612248103 -0.002298957954814274 
    - vertices: p136(v137) p3864(v134) p914(v29)
    - neighboring facets: f641 f657 f914
- f657
    - flags: top simplicial
    - normal:   -0.5019   0.8649 0.004945
    - offset: -0.03167217
    - vertices: p136(v137) p914(v29) p684(v19)
    - neighboring facets: f606 f925 f655
- f659
    - flags: top simplicial
    - normal:    0.9849   0.1249     0.12
    - offset: -0.04498464
    - vertices: p3440(v138) p1423(v91) p1324(v53)
    - neighboring facets: f435 f661 f663
- f660
    - flags: top simplicial
    - normal:    0.9417   0.2933   0.1648
    - offset: -0.03704023
    - vertices: p3440(v138) p1356(v85) p3991(v22)
    - neighboring facets: f399 f662 f661
- f661
    - flags: bottom simplicial
    - normal:    0.9807   0.1213   0.1535
    - offset: -0.03837633
    - vertices: p3440(v138) p1356(v85) p1324(v53)
    - neighboring facets: f400 f659 f660
- f662
    - flags: top simplicial
    - normal:    0.9778   0.2094 0.002836
    - offset: -0.06810836
    - vertices: p3440(v138) p3991(v22) p3048(v2)
    - neighboring facets: f679 f663 f660
- f663
    - flags: bottom simplicial
    - normal:    0.9794   0.2016 0.006841
    - offset: -0.06731313
    - vertices: p3440(v138) p1423(v91) p3048(v2)
    - neighboring facets: f434 f662 f659
- f664
    - flags: bottom simplicial
    - normal:    0.9933 -0.007792   0.1154
    - offset: -0.04471114
    - vertices: p1409(v139) p865(v55) p1324(v53)
    - neighboring facets: f433 f666 f665
- f665
    - flags: bottom simplicial
    - normal:     0.993 -0.01064   0.1174
    - offset: -0.04433147
    - vertices: p1409(v139) p0(v93) p865(v55)
    - neighboring facets: f960 f664 f667
- f666
    - flags: bottom simplicial
    - normal:    0.9895 -0.004396   0.1443
    - offset: -0.03906088
    - vertices: p1409(v139) p1324(v53) p1883(v8)
    - neighboring facets: f400 f667 f664
- f667
    - flags: top simplicial
    - normal:    0.9895 -0.006664   0.1444
    - offset: -0.03906843
    - vertices: p1409(v139) p0(v93) p1883(v8)
    - neighboring facets: f955 f666 f665
- f673
    - flags: bottom simplicial
    - normal:    0.9787  0.03516  -0.2025
    - offset: -0.1063732
    - vertices: p7(v141) p877(v95) p1254(v56)
    - neighboring facets: f968 f674 f931
- f674
    - flags: top simplicial
    - normal:    0.9724   0.0605  -0.2253
    - offset: -0.1110121
    - vertices: p7(v141) p1930(v97) p1254(v56)
    - neighboring facets: f456 f673 f676
- f676
    - flags: bottom simplicial
    - normal:    0.8004   0.4629   -0.381
    - offset: -0.1380454
    - vertices: p7(v141) p1930(v97) p3718(v11)
    - neighboring facets: f455 f680 f674
- f679
    - flags: bottom simplicial
    - normal:    0.9726   0.2322 -0.01327
    - offset: -0.07126129
    - vertices: p7(v141) p3991(v22) p3048(v2)
    - neighboring facets: f662 f933 f680
- f680
    - flags: top simplicial
    - normal:    0.9517   0.3055 -0.03117
    - offset: -0.0747676
    - vertices: p7(v141) p3991(v22) p3718(v11)
    - neighboring facets: f396 f676 f679
- f689
    - flags: top simplicial
    - normal:         1  -0.0012 -0.0006162
    - offset: -0.06709534
    - vertices: p3538(v143) p2(v92) p3048(v2)
    - neighboring facets: f434 f1141 f944
- f713
    - flags: bottom simplicial
    - normal:    0.8751  -0.4061  -0.2633
    - offset: -0.1183024
    - vertices: p3810(v148) p1737(v103) p2760(v61)
    - neighboring facets: f939 f714 f793
- f714
    - flags: top simplicial
    - normal:    0.8125  -0.5171  -0.2692
    - offset: -0.1173088
    - vertices: p3810(v148) p36(v104) p2760(v61)
    - neighboring facets: f1146 f713 f716
- f716
    - flags: bottom simplicial
    - normal:    0.6674  -0.6585  -0.3476
    - offset: -0.1270879
    - vertices: p3810(v148) p36(v104) p1857(v33)
    - neighboring facets: f498 f792 f714
- f717
    - flags: top simplicial
    - normal:   -0.3432  -0.9393 0.004299
    - offset: -0.03128438
    - vertices: p2262(v149) p1205(v107) p2581(v36)
    - neighboring facets: f517 f980 f721
- f720
    - flags: top simplicial
    - normal:    -0.166  -0.9802  -0.1078
    - offset: -0.04756097
    - vertices: p2262(v149) p2741(v63) p2861(v9)
    - neighboring facets: f283 f721 f979
- f721
    - flags: bottom simplicial
    - normal:   -0.3915  -0.9193 -0.04088
    - offset:  -0.038931
    - vertices: p2262(v149) p1205(v107) p2861(v9)
    - neighboring facets: f510 f720 f717
- f726
    - flags: bottom simplicial
    - normal:  -0.03209  -0.9995 -0.006715
    - offset: -0.03012922
    - center: -0.007818559960772594 -0.02953531158467134 -0.05344518087804317 
    - vertices: p154(v150) p3939(v16) p763(v3)
    - neighboring facets: f624 f1111 f727
- f727
    - flags: bottom simplicial
    - normal:   -0.1249  -0.9922 -0.002902
    - offset: -0.03048435
    - vertices: p154(v150) p2741(v63) p3939(v16)
    - neighboring facets: f284 f726 f984
- f728
    - flags: bottom simplicial
    - normal:   -0.5858  -0.8104  0.01254
    - offset: -0.03162562
    - vertices: p2444(v151) p569(v109) p1633(v65)
    - neighboring facets: f515 f729 f731
- f729
    - flags: bottom simplicial
    - normal:   -0.7428  -0.6692  0.01885
    - offset: -0.03187006
    - center: -0.02506054503222306 -0.0216239591439565 -0.06455346530613799 
    - vertices: p2444(v151) p1633(v65) p3543(v18)
    - neighboring facets: f987 f732 f728
- f730
    - flags: top simplicial
    - normal:   -0.5139  -0.8578 -0.002405
    - offset: -0.03340947
    - vertices: p2444(v151) p1205(v107) p1175(v37)
    - neighboring facets: f510 f733 f731
- f731
    - flags: top simplicial
    - normal:   -0.5374  -0.8433 0.008797
    - offset: -0.03166038
    - vertices: p2444(v151) p569(v109) p1205(v107)
    - neighboring facets: f517 f730 f728
- f732
    - flags: top simplicial
    - normal:   -0.8433   -0.537  0.02027
    - offset: -0.03161974
    - vertices: p2444(v151) p2850(v111) p3543(v18)
    - neighboring facets: f526 f729 f733
- f733
    - flags: bottom simplicial
    - normal:    -0.845  -0.5344  0.02022
    - offset: -0.03161987
    - vertices: p2444(v151) p2850(v111) p1175(v37)
    - neighboring facets: f525 f730 f732
- f736
    - flags: top simplicial tested
    - normal:  -0.07774 -0.01833   0.9968
    - offset: -0.002362286
    - center: -0.0285068191587925 -0.009632527672996124 -3.031771704605444e-05 
    - vertices: p2995(v152) p159(v110) p3011(v26)
    - neighboring facets: f995 f1263 f989
- f742
    - flags: top simplicial
    - normal:   -0.9694  -0.2434  0.03092
    - offset: -0.03058663
    - vertices: p1753(v154) p159(v110) p1920(v66)
    - neighboring facets: f527 f743 f997
- f743
    - flags: bottom simplicial
    - normal:   -0.9743  -0.2248  0.01165
    - offset: -0.03063924
    - vertices: p1753(v154) p3065(v112) p1920(v66)
    - neighboring facets: f530 f742 f745
- f745
    - flags: top simplicial
    - normal:    -0.983  -0.1833  0.00921
    - offset: -0.03058669
    - vertices: p1753(v154) p3065(v112) p327(v17)
    - neighboring facets: f528 f749 f743
- f749
    - flags: bottom simplicial
    - normal:   -0.9993 -0.03855 0.002739
    - offset: -0.02998171
    - vertices: p1753(v154) p3706(v78) p327(v17)
    - neighboring facets: f365 f745 f1256
- f751
    - flags: top simplicial
    - normal:  -0.02302   0.9344  -0.3554
    - offset: -0.09753001
    - vertices: p1718(v155) p3447(v69) p2871(v12)
    - neighboring facets: f311 f760 f756
- f754
    - flags: bottom simplicial
    - normal:    0.1398   0.8927  -0.4284
    - offset: -0.1175491
    - vertices: p1348(v156) p3447(v69) p2988(v42)
    - neighboring facets: f771 f998 f756
- f756
    - flags: bottom simplicial
    - normal:   -0.0233    0.911  -0.4117
    - offset: -0.1099156
    - vertices: p1348(v156) p1718(v155) p3447(v69)
    - neighboring facets: f751 f754 f760
- f759
    - flags: bottom simplicial
    - normal:  -0.05011    0.904  -0.4245
    - offset: -0.1123942
    - vertices: p1348(v156) p2346(v114) p2871(v12)
    - neighboring facets: f538 f760 f1283
- f760
    - flags: top simplicial
    - normal:  -0.03035     0.91  -0.4135
    - offset: -0.1102019
    - vertices: p1348(v156) p1718(v155) p2871(v12)
    - neighboring facets: f751 f759 f756
- f771
    - flags: top simplicial
    - normal:    0.1689    0.893  -0.4172
    - offset: -0.1157365
    - vertices: p2398(v159) p3447(v69) p2988(v42)
    - neighboring facets: f754 f1001 f774
- f774
    - flags: top simplicial
    - normal:    0.1977   0.9037  -0.3798
    - offset: -0.1081426
    - vertices: p2398(v159) p103(v96) p3447(v69)
    - neighboring facets: f453 f771 f775
- f775
    - flags: top simplicial
    - normal:    0.2565   0.8768  -0.4067
    - offset: -0.1167514
    - vertices: p2398(v159) p3240(v116) p103(v96)
    - neighboring facets: f555 f774 f1003
- f787
    - flags: bottom simplicial
    - normal:    0.8627   0.1319  -0.4882
    - offset: -0.1607228
    - vertices: p2451(v162) p2545(v57) p3275(v31)
    - neighboring facets: f253 f1019 f789
- f789
    - flags: top simplicial
    - normal:     0.683   0.5616   -0.467
    - offset: -0.1496659
    - vertices: p2451(v162) p2545(v57) p3718(v11)
    - neighboring facets: f455 f1008 f787
- f792
    - flags: bottom simplicial
    - normal:    0.6752  -0.6473  -0.3538
    - offset:  -0.128727
    - vertices: p1135(v163) p3810(v148) p1857(v33)
    - neighboring facets: f716 f1298 f793
- f793
    - flags: top simplicial
    - normal:    0.8134  -0.4338  -0.3875
    - offset: -0.1414568
    - vertices: p1135(v163) p3810(v148) p1737(v103)
    - neighboring facets: f713 f1017 f792
- f803
    - flags: top simplicial
    - normal:   -0.9966  -0.0285 -0.07685
    - offset: -0.04541807
    - vertices: p3945(v165) p381(v35) p327(v17)
    - neighboring facets: f365 f804 f805
- f804
    - flags: bottom simplicial
    - normal:   -0.9742  -0.1758  -0.1416
    - offset: -0.05990924
    - vertices: p3945(v165) p3610(v119) p327(v17)
    - neighboring facets: f570 f803 f1035
- f805
    - flags: top simplicial
    - normal:   -0.9958 -0.01271  -0.0904
    - offset: -0.04789847
    - vertices: p3945(v165) p3121(v118) p381(v35)
    - neighboring facets: f563 f803 f1033
- f807
    - flags: top simplicial
    - normal:    -0.939  -0.2355  -0.2504
    - offset: -0.08194977
    - vertices: p2609(v166) p3610(v119) p2861(v9)
    - neighboring facets: f569 f1060 f808
- f808
    - flags: bottom simplicial
    - normal:   -0.9598  -0.1194  -0.2539
    - offset: -0.08153708
    - vertices: p2609(v166) p3610(v119) p3308(v72)
    - neighboring facets: f1036 f1196 f807
- f811
    - flags: top simplicial
    - normal:   -0.8717  -0.0714  -0.4848
    - offset: -0.1286235
    - vertices: p2609(v166) p2402(v123) p3962(v43)
    - neighboring facets: f1074 f1072 f838
- f824
    - flags: top simplicial
    - normal:    -0.996  0.04103 -0.07959
    - offset: -0.04587624
    - vertices: p2701(v169) p3650(v20) p1061(v1)
    - neighboring facets: f160 f1043 f825
- f825
    - flags: top simplicial
    - normal:   -0.9933  0.07762 -0.08611
    - offset: -0.04765571
    - vertices: p2701(v169) p1376(v76) p3650(v20)
    - neighboring facets: f352 f824 f1051
- f834
    - flags: top simplicial
    - normal:   -0.1616   0.8884  -0.4297
    - offset: -0.1121786
    - vertices: p2041(v170) p2374(v70) p2871(v12)
    - neighboring facets: f538 f835 f1339
- f835
    - flags: bottom simplicial
    - normal:   -0.1865   0.8981  -0.3983
    - offset:  -0.104978
    - vertices: p2041(v170) p1965(v122) p2871(v12)
    - neighboring facets: f868 f834 f1340
- f836
    - flags: bottom simplicial
    - normal:   -0.5412   -0.754  -0.3723
    - offset:  -0.106773
    - vertices: p2401(v171) p2476(v74) p2861(v9)
    - neighboring facets: f336 f1061 f1205
- f838
    - flags: bottom simplicial
    - normal:   -0.7761   -0.444  -0.4478
    - offset: -0.1235741
    - vertices: p2401(v171) p2609(v166) p2402(v123)
    - neighboring facets: f811 f1063 f1062
- f856
    - flags: bottom simplicial
    - normal:   -0.1438  -0.9366  -0.3196
    - offset: -0.09239821
    - vertices: p3700(v175) p3398(v105) p2476(v74)
    - neighboring facets: f502 f857 f858
- f857
    - flags: top simplicial
    - normal:   -0.2584  -0.7783  -0.5723
    - offset: -0.1498093
    - vertices: p3700(v175) p1062(v124) p2476(v74)
    - neighboring facets: f1325 f856 f1232
- f858
    - flags: top simplicial
    - normal:  -0.07806  -0.9475    -0.31
    - offset: -0.09129247
    - vertices: p3700(v175) p3398(v105) p1484(v62)
    - neighboring facets: f501 f859 f856
- f859
    - flags: bottom simplicial
    - normal:   0.09619  -0.9387   -0.331
    - offset: -0.09910319
    - vertices: p3700(v175) p2953(v106) p1484(v62)
    - neighboring facets: f507 f858 f1032
- f866
    - flags: top simplicial
    - normal:   -0.1269   0.9454  -0.3003
    - offset: -0.08417893
    - vertices: p2498(v176) p2871(v12) p3261(v6)
    - neighboring facets: f72 f867 f868
- f867
    - flags: bottom simplicial
    - normal:   -0.1354   0.9568  -0.2574
    - offset: -0.07582842
    - vertices: p2498(v176) p3244(v125) p3261(v6)
    - neighboring facets: f607 f866 f1049
- f868
    - flags: top simplicial
    - normal:   -0.1877   0.8988  -0.3961
    - offset: -0.1044714
    - vertices: p2498(v176) p1965(v122) p2871(v12)
    - neighboring facets: f835 f866 f869
- f869
    - flags: bottom simplicial
    - normal:   -0.4829   0.7251   -0.491
    - offset: -0.1281742
    - vertices: p2498(v176) p1965(v122) p3554(v73)
    - neighboring facets: f1204 f1191 f868
- f877
    - flags: bottom simplicial
    - normal:    0.3405  -0.9382  0.06194
    - offset: -0.03049592
    - vertices: p533(v178) p3357(v79) p1270(v15)
    - neighboring facets: f1357 f878 f879
- f878
    - flags: top simplicial
    - normal:    0.4142  -0.9064   0.0835
    - offset: -0.03057454
    - vertices: p533(v178) p3665(v128) p1270(v15)
    - neighboring facets: f622 f877 f879
- f879
    - flags: bottom simplicial
    - normal:    0.3864  -0.9151   0.1151
    - offset: -0.03009431
    - center: 0.01393385836854577 -0.02768751109639803 -0.0054493328401198 
    - vertices: p533(v178) p3665(v128) p3357(v79)
    - neighboring facets: f881 f877 f878
- f880
    - flags: bottom simplicial tested
    - normal:    0.4407  -0.8633    0.246
    - offset: -0.02897591
    - center: 0.01531636311362187 -0.02633050022025903 -0.002053736903465588 
    - vertices: p2723(v179) p3665(v128) p2025(v47)
    - neighboring facets: f623 f883 f881
- f881
    - flags: top simplicial tested
    - normal:    0.3915  -0.9109   0.1303
    - offset: -0.02998843
    - center: 0.01146443017447988 -0.02834645596643289 -0.002459675679953458 
    - vertices: p2723(v179) p3665(v128) p3357(v79)
    - neighboring facets: f879 f888 f880
- f883
    - flags: top simplicial tested
    - normal:   0.01794 -0.05793   0.9982
    - offset: -0.001721143
    - center: 0.009840870198483268 -0.02741097596784433 -4.34971257220101e-05 
    - vertices: p2723(v179) p1843(v127) p2025(v47)
    - neighboring facets: f1467 f880 f884
    - ridges:
- f884
    - flags: top simplicial tested
    - normal:  0.004252   -0.267   0.9637
    - offset: -0.0077645
    - center: 0.003972911896804969 -0.02937943736712138 -0.0001000817577912667 
    - vertices: p2723(v179) p3363(v177) p1843(v127)
    - neighboring facets: f1109 f883 f889
- f885
    - flags: top simplicial
    - normal:  0.005259  -0.9998  0.01943
    - offset: -0.02994359
    - vertices: p3420(v180) p507(v129) p763(v3)
    - neighboring facets: f624 f886 f891
- f886
    - flags: bottom simplicial
    - normal:   0.01186  -0.9423   0.3344
    - offset: -0.02792053
    - center: 0.0008844139520078897 -0.02986672893166542 -0.0007023075304459783 
    - vertices: p3420(v180) p3363(v177) p763(v3)
    - neighboring facets: f1110 f885 f889
- f887
    - flags: bottom simplicial
    - normal:   0.06538  -0.9978 -0.01436
    - offset: -0.03026163
    - vertices: p3420(v180) p1618(v98) p3357(v79)
    - neighboring facets: f476 f888 f890
- f888
    - flags: top simplicial
    - normal:   0.08418  -0.9508   0.2983
    - offset: -0.02862376
    - vertices: p3420(v180) p2723(v179) p3357(v79)
    - neighboring facets: f881 f887 f889
- f889
    - flags: bottom simplicial
    - normal:    0.0316  -0.9099   0.4136
    - offset: -0.0269765
    - vertices: p3420(v180) p2723(v179) p3363(v177)
    - neighboring facets: f884 f886 f888
- f890
    - flags: top simplicial
    - normal:   0.05725  -0.9983 -0.01468
    - offset: -0.03023045
    - vertices: p3420(v180) p1618(v98) p3939(v16)
    - neighboring facets: f477 f891 f887
- f891
    - flags: bottom simplicial
    - normal:   0.05242  -0.9985 -0.01412
    - offset: -0.03021052
    - vertices: p3420(v180) p507(v129) p3939(v16)
    - neighboring facets: f624 f890 f885
- f893
    - flags: top simplicial tested
    - normal:    0.1025   0.1486   0.9836
    - offset: -0.005366767
    - center: 0.01753738895058632 0.02485689210395018 -0.0001279889555367104 
    - vertices: p3246(v181) p3547(v130) p3559(v28)
    - neighboring facets: f630 f905 f1473
    - ridges:
- f897
    - flags: top simplicial
    - normal:    0.5727   0.8106    0.122
    - offset: -0.03151477
    - vertices: p228(v182) p3559(v28) p3991(v22)
    - neighboring facets: f394 f898 f899
- f898
    - flags: bottom simplicial
    - normal:    0.6387   0.7567   0.1396
    - offset: -0.03143961
    - vertices: p228(v182) p1430(v131) p3991(v22)
    - neighboring facets: f632 f897 f899
- f899
    - flags: top simplicial
    - normal:     0.535   0.6248   0.5687
    - offset: -0.02571288
    - center: 0.01980704441666603 0.02485635628302892 -0.0007256115398680149 
    - vertices: p228(v182) p1430(v131) p3559(v28)
    - neighboring facets: f906 f897 f898
- f903
    - flags: top simplicial tested
    - normal:    0.6836   0.5065   0.5254
    - offset: -0.02687161
    - center: 0.02979065912465255 0.01360510460411509 -0.0007331936265046269 
    - vertices: p2561(v183) p3661(v86) p1609(v49)
    - neighboring facets: f403 f904 f907
- f904
    - flags: bottom simplicial tested
    - normal:    0.4557   0.2783   0.8455
    - offset: -0.01688189
    - center: 0.03301738140483697 0.008325104136019945 -0.0005692532217106063 
    - vertices: p2561(v183) p614(v87) p1609(v49)
    - neighboring facets: f407 f903 f1118
- f905
    - flags: top simplicial tested
    - normal:    0.1279   0.1655   0.9779
    - offset: -0.006256061
    - center: 0.02134436058501403 0.02206385756532351 -0.0001279889555367104 
    - vertices: p2561(v183) p3246(v181) p3559(v28)
    - neighboring facets: f893 f906 f1470
    - ridges:
- f906
    - flags: bottom simplicial tested
    - normal:    0.4173   0.4423   0.7939
    - offset: -0.01871366
    - center: 0.02207398725052674 0.02226800781985124 -0.0004351341586574801 
    - vertices: p2561(v183) p1430(v131) p3559(v28)
    - neighboring facets: f899 f905 f907
- f907
    - flags: top simplicial tested
    - normal:    0.4273    0.448   0.7853
    - offset: -0.01907928
    - center: 0.02480527572333813 0.01981392192343871 -0.0005062230973208841 
    - vertices: p2561(v183) p1430(v131) p3661(v86)
    - neighboring facets: f632 f903 f906
- f908
    - flags: bottom simplicial
    - normal:    0.5649  -0.4198   0.7105
    - offset: -0.02210575
    - vertices: p1929(v184) p1341(v82) p1883(v8)
    - neighboring facets: f387 f909 f910
- f909
    - flags: top simplicial
    - normal:    0.3289  -0.1616   0.9304
    - offset: -0.01116306
    - vertices: p1929(v184) p2803(v133) p1883(v8)
    - neighboring facets: f638 f908 f910
- f910
    - flags: bottom simplicial
    - normal:    0.3093  -0.1517   0.9388
    - offset: -0.01047059
    - vertices: p1929(v184) p2803(v133) p1341(v82)
    - neighboring facets: f639 f908 f909
- f913
    - flags: top simplicial tested
    - normal:   -0.3221   0.8223   0.4691
    - offset: -0.02617233
    - center: -0.0107816974632442 0.0283339290569226 -0.00127999996319561 
    - vertices: p864(v185) p136(v137) p1998(v52)
    - neighboring facets: f923 f1121 f914
- f914
    - flags: bottom simplicial tested
    - normal:   -0.3387   0.7889   0.5128
    - offset: -0.02540039
    - center: -0.01610235311090946 0.02594432855645815 -0.001015458984365541 
    - vertices: p864(v185) p136(v137) p3864(v134)
    - neighboring facets: f655 f1474 f913
    - ridges:
- f919
    - flags: bottom simplicial
    - normal:   -0.9764   0.2156  0.01232
    - offset: -0.0304157
    - vertices: p1885(v186) p1376(v76) p3556(v7)
    - neighboring facets: f352 f1123 f921
- f921
    - flags: top simplicial
    - normal:   -0.9396   0.3419  0.01492
    - offset: -0.03126172
    - vertices: p1885(v186) p1376(v76) p147(v40)
    - neighboring facets: f604 f1265 f919
- f922
    - flags: top simplicial
    - normal:   -0.2527   0.9582   0.1344
    - offset: -0.0300613
    - vertices: p833(v187) p3760(v89) p1998(v52)
    - neighboring facets: f653 f923 f924
- f923
    - flags: bottom simplicial
    - normal:   -0.3185   0.8489   0.4217
    - offset: -0.02698121
    - vertices: p833(v187) p136(v137) p1998(v52)
    - neighboring facets: f913 f922 f925
- f924
    - flags: bottom simplicial
    - normal:   -0.3159   0.9488 0.002872
    - offset: -0.03111879
    - vertices: p833(v187) p3760(v89) p684(v19)
    - neighboring facets: f652 f925 f922
- f925
    - flags: top simplicial
    - normal:   -0.3907   0.9205 0.004429
    - offset:  -0.031374
    - vertices: p833(v187) p136(v137) p684(v19)
    - neighboring facets: f657 f924 f923
- f930
    - flags: bottom simplicial
    - normal:     0.985 -0.0001068  -0.1724
    - offset: -0.1003528
    - vertices: p3378(v189) p2204(v140) p877(v95)
    - neighboring facets: f1158 f931 f932
- f931
    - flags: top simplicial
    - normal:    0.9899  0.02742  -0.1391
    - offset: -0.0942091
    - vertices: p3378(v189) p7(v141) p877(v95)
    - neighboring facets: f673 f930 f933
- f932
    - flags: top simplicial
    - normal:     0.998  0.01345 -0.06215
    - offset: -0.0792584
    - vertices: p3378(v189) p2204(v140) p3048(v2)
    - neighboring facets: f1135 f933 f930
- f933
    - flags: bottom simplicial
    - normal:     0.994  0.03329  -0.1046
    - offset: -0.0876131
    - vertices: p3378(v189) p7(v141) p3048(v2)
    - neighboring facets: f679 f932 f931
- f934
    - flags: bottom simplicial
    - normal:    0.9952 -0.09419 -0.02617
    - offset: -0.07300511
    - vertices: p2721(v190) p576(v102) p2760(v61)
    - neighboring facets: f945 f939 f935
- f935
    - flags: bottom simplicial
    - normal:    0.9977 -0.03313 -0.05829
    - offset: -0.07860181
    - vertices: p2721(v190) p3538(v143) p576(v102)
    - neighboring facets: f942 f934 f1140
- f938
    - flags: top simplicial
    - normal:    0.9896 -0.01076  -0.1437
    - offset: -0.09489868
    - vertices: p2721(v190) p1732(v188) p1902(v146)
    - neighboring facets: f977 f967 f1138
- f939
    - flags: top simplicial
    - normal:    0.9552  -0.1832  -0.2326
    - offset: -0.1134916
    - vertices: p2721(v190) p1737(v103) p2760(v61)
    - neighboring facets: f713 f934 f966
- f942
    - flags: top simplicial
    - normal:         1 -0.00736 -0.001896
    - offset: -0.06738914
    - vertices: p3769(v191) p3538(v143) p576(v102)
    - neighboring facets: f935 f1143 f944
- f944
    - flags: bottom simplicial
    - normal:         1 -0.001811 0.002202
    - offset: -0.06654017
    - vertices: p3769(v191) p3538(v143) p2(v92)
    - neighboring facets: f689 f1145 f942
- f945
    - flags: top simplicial
    - normal:    0.9929  -0.1185 -0.01057
    - offset: -0.07014132
    - vertices: p1546(v192) p576(v102) p2760(v61)
    - neighboring facets: f934 f1147 f946
- f946
    - flags: top simplicial
    - normal:    0.9928  -0.1189  0.01383
    - offset: -0.06537849
    - vertices: p1546(v192) p530(v144) p576(v102)
    - neighboring facets: f959 f945 f1152
- f955
    - flags: bottom simplicial
    - normal:    0.9892 -0.02388   0.1447
    - offset: -0.03911759
    - vertices: p3627(v194) p0(v93) p1883(v8)
    - neighboring facets: f667 f956 f957
- f956
    - flags: top simplicial
    - normal:    0.9891 -0.02669   0.1448
    - offset: -0.0391243
    - vertices: p3627(v194) p530(v144) p1883(v8)
    - neighboring facets: f1153 f955 f957
- f957
    - flags: bottom simplicial
    - normal:    0.9901 -0.02556   0.1384
    - offset: -0.04036615
    - vertices: p3627(v194) p530(v144) p0(v93)
    - neighboring facets: f961 f955 f956
- f958
    - flags: bottom simplicial
    - normal:    0.9999 -0.01268 0.009431
    - offset: -0.06524534
    - vertices: p1070(v195) p576(v102) p865(v55)
    - neighboring facets: f1142 f960 f959
- f959
    - flags: bottom simplicial
    - normal:    0.9945  -0.1031  0.02033
    - offset: -0.06400379
    - vertices: p1070(v195) p530(v144) p576(v102)
    - neighboring facets: f946 f958 f961
- f960
    - flags: top simplicial
    - normal:     0.993 -0.01068   0.1174
    - offset: -0.04433082
    - vertices: p1070(v195) p0(v93) p865(v55)
    - neighboring facets: f665 f958 f961
- f961
    - flags: top simplicial
    - normal:    0.9902 -0.02544   0.1373
    - offset: -0.04057802
    - vertices: p1070(v195) p530(v144) p0(v93)
    - neighboring facets: f957 f960 f959
- f964
    - flags: bottom simplicial
    - normal:    0.9151 -0.003349  -0.4031
    - offset:   -0.14485
    - vertices: p2902(v196) p1737(v103) p3275(v31)
    - neighboring facets: f1015 f965 f966
- f965
    - flags: top simplicial
    - normal:    0.9221 0.0002075  -0.3869
    - offset: -0.1417753
    - vertices: p2902(v196) p79(v145) p3275(v31)
    - neighboring facets: f973 f964 f971
- f966
    - flags: bottom simplicial
    - normal:    0.9655    -0.13  -0.2257
    - offset: -0.1118669
    - vertices: p2902(v196) p2721(v190) p1737(v103)
    - neighboring facets: f939 f964 f967
- f967
    - flags: top simplicial
    - normal:    0.9775 -0.04603  -0.2059
    - offset: -0.1072309
    - vertices: p2902(v196) p2721(v190) p1902(v146)
    - neighboring facets: f938 f970 f966
- f968
    - flags: top simplicial
    - normal:    0.9806  0.01172  -0.1955
    - offset: -0.1048517
    - vertices: p3854(v197) p877(v95) p1254(v56)
    - neighboring facets: f673 f972 f969
- f969
    - flags: top simplicial
    - normal:    0.9815 0.001481  -0.1915
    - offset: -0.1040018
    - vertices: p3854(v197) p1902(v146) p877(v95)
    - neighboring facets: f975 f968 f970
- f970
    - flags: top simplicial
    - normal:    0.9768 -0.009091  -0.2139
    - offset: -0.1083916
    - vertices: p3854(v197) p2902(v196) p1902(v146)
    - neighboring facets: f967 f969 f971
- f971
    - flags: bottom simplicial
    - normal:    0.9315 0.0004367  -0.3639
    - offset: -0.1374379
    - vertices: p3854(v197) p2902(v196) p79(v145)
    - neighboring facets: f965 f973 f970
- f972
    - flags: top simplicial
    - normal:    0.9194   0.0435   -0.391
    - offset: -0.1427073
    - vertices: p3854(v197) p1254(v56) p3275(v31)
    - neighboring facets: f253 f973 f968
- f973
    - flags: bottom simplicial
    - normal:    0.9237  0.01028   -0.383
    - offset: -0.1410647
    - vertices: p3854(v197) p79(v145) p3275(v31)
    - neighboring facets: f965 f972 f971
- f975
    - flags: bottom simplicial
    - normal:    0.9849 -0.000235   -0.173
    - offset: -0.1004533
    - vertices: p3322(v198) p1902(v146) p877(v95)
    - neighboring facets: f969 f1159 f977
- f977
    - flags: bottom simplicial
    - normal:    0.9891 -0.009299  -0.1471
    - offset: -0.0955451
    - vertices: p3322(v198) p1732(v188) p1902(v146)
    - neighboring facets: f938 f975 f1161
- f978
    - flags: top simplicial
    - normal:   -0.2342  -0.9722 0.001638
    - offset: -0.03084095
    - vertices: p2293(v199) p3993(v108) p2741(v63)
    - neighboring facets: f983 f979 f982
- f979
    - flags: bottom simplicial
    - normal:   -0.2818  -0.9595 0.002402
    - offset: -0.03107634
    - vertices: p2293(v199) p2262(v149) p2741(v63)
    - neighboring facets: f720 f978 f980
- f980
    - flags: top simplicial
    - normal:   -0.3364  -0.9417 0.004185
    - offset: -0.03125249
    - center: -0.01501876395195723 -0.0280711321781079 -0.05613582969332735 
    - vertices: p2293(v199) p2262(v149) p2581(v36)
    - neighboring facets: f717 f1114 f979
- f982
    - flags: top simplicial
    - normal:   -0.1985  -0.9799  0.02183
    - offset: -0.03053941
    - center: -0.01004504847029845 -0.0292138618727525 -0.003662106076565882 
    - vertices: p2293(v199) p154(v150) p3993(v108)
    - neighboring facets: f985 f978 f1115
- f983
    - flags: bottom simplicial
    - normal:   -0.1908  -0.9816 0.0005091
    - offset: -0.0306346
    - vertices: p1200(v200) p3993(v108) p2741(v63)
    - neighboring facets: f978 f984 f985
- f984
    - flags: top simplicial
    - normal:    -0.132  -0.9912 -0.002495
    - offset: -0.03050067
    - vertices: p1200(v200) p154(v150) p2741(v63)
    - neighboring facets: f727 f983 f985
- f985
    - flags: bottom simplicial
    - normal:   -0.1964  -0.9803  0.01951
    - offset: -0.03054381
    - vertices: p1200(v200) p154(v150) p3993(v108)
    - neighboring facets: f982 f983 f984
- f987
    - flags: top simplicial tested
    - normal:   -0.6984  -0.6851   0.2069
    - offset: -0.03061418
    - center: -0.0228481429318587 -0.02199399347106615 -0.001991263644491871 
    - vertices: p603(v201) p1633(v65) p3543(v18)
    - neighboring facets: f729 f988 f990
- f988
    - flags: bottom simplicial tested
    - normal:   -0.7632  -0.4705   0.4429
    - offset: -0.02718343
    - center: -0.02498619693020979 -0.01809348352253437 -0.0009006707894087354 
    - vertices: p603(v201) p159(v110) p3543(v18)
    - neighboring facets: f526 f987 f989
- f989
    - flags: bottom simplicial tested
    - normal:    -0.254   -0.151   0.9553
    - offset: -0.008921961
    - center: -0.0259099534402291 -0.01566129705558221 -2.579223731983627e-05 
    - vertices: p603(v201) p2995(v152) p159(v110)
    - neighboring facets: f736 f988 f1475
    - ridges:
- f990
    - flags: bottom simplicial tested
    - normal:   -0.5621  -0.8032   0.1971
    - offset: -0.03031532
    - center: -0.01963519553343455 -0.02445751614868641 -0.001861452178751665 
    - vertices: p603(v201) p1633(v65) p2581(v36)
    - neighboring facets: f515 f1113 f987
- f995
    - flags: bottom simplicial
    - normal:   -0.3644 -0.05074   0.9299
    - offset: -0.01096673
    - vertices: p2330(v203) p159(v110) p3011(v26)
    - neighboring facets: f736 f1254 f997
- f997
    - flags: bottom simplicial
    - normal:    -0.974  -0.1518   0.1679
    - offset: -0.02967841
    - vertices: p2330(v203) p1753(v154) p159(v110)
    - neighboring facets: f742 f995 f1255
- f998
    - flags: bottom simplicial
    - normal:    0.2894   0.4451  -0.8475
    - offset: -0.2193325
    - vertices: p3613(v204) p1348(v156) p2988(v42)
    - neighboring facets: f754 f1001 f1291
- f1001
    - flags: top simplicial
    - normal:    0.3288   0.4824  -0.8119
    - offset: -0.2123253
    - vertices: p3613(v204) p2398(v159) p2988(v42)
    - neighboring facets: f771 f998 f1003
- f1003
    - flags: bottom simplicial
    - normal:    0.3535   0.4368  -0.8272
    - offset: -0.2165308
    - vertices: p3613(v204) p2398(v159) p3240(v116)
    - neighboring facets: f775 f1171 f1001
- f1007
    - flags: bottom simplicial
    - normal:    0.4725   0.7491  -0.4643
    - offset: -0.1394445
    - vertices: p1727(v206) p3240(v116) p3718(v11)
    - neighboring facets: f555 f1008 f1009
- f1008
    - flags: top simplicial
    - normal:    0.6006   0.6431  -0.4751
    - offset: -0.1476698
    - vertices: p1727(v206) p2451(v162) p3718(v11)
    - neighboring facets: f789 f1007 f1009
- f1009
    - flags: bottom simplicial
    - normal:    0.5885   0.5988  -0.5432
    - offset: -0.1621985
    - vertices: p1727(v206) p2451(v162) p3240(v116)
    - neighboring facets: f1313 f1007 f1008
- f1010
    - flags: top simplicial
    - normal:    0.8363 0.004847  -0.5482
    - offset: -0.1720851
    - vertices: p1190(v207) p1135(v163) p3366(v161)
    - neighboring facets: f1018 f1012 f1377
- f1011
    - flags: top simplicial
    - normal:    0.8051  0.01277   -0.593
    - offset: -0.1804603
    - vertices: p1190(v207) p2451(v162) p2165(v117)
    - neighboring facets: f1302 f1375 f1012
- f1012
    - flags: bottom simplicial
    - normal:    0.8231  0.01705  -0.5676
    - offset: -0.1756921
    - vertices: p1190(v207) p2451(v162) p3366(v161)
    - neighboring facets: f1020 f1010 f1011
- f1015
    - flags: top simplicial
    - normal:    0.9131 -0.004136  -0.4078
    - offset: -0.1457282
    - vertices: p1077(v208) p1737(v103) p3275(v31)
    - neighboring facets: f964 f1021 f1017
- f1017
    - flags: top simplicial
    - normal:    0.8951  -0.1716  -0.4115
    - offset: -0.1478918
    - vertices: p1077(v208) p1135(v163) p1737(v103)
    - neighboring facets: f793 f1015 f1022
- f1018
    - flags: bottom simplicial
    - normal:    0.8413  0.00727  -0.5405
    - offset: -0.1706455
    - vertices: p3256(v209) p1135(v163) p3366(v161)
    - neighboring facets: f1010 f1020 f1022
- f1019
    - flags: bottom simplicial
    - normal:    0.8614   0.1014  -0.4978
    - offset: -0.1625708
    - vertices: p3256(v209) p2451(v162) p3275(v31)
    - neighboring facets: f787 f1021 f1020
- f1020
    - flags: top simplicial
    - normal:    0.8383  0.03248  -0.5442
    - offset:  -0.171314
    - vertices: p3256(v209) p2451(v162) p3366(v161)
    - neighboring facets: f1012 f1018 f1019
- f1021
    - flags: top simplicial
    - normal:    0.9101  -0.0026  -0.4145
    - offset: -0.1470014
    - vertices: p3256(v209) p1077(v208) p3275(v31)
    - neighboring facets: f1015 f1019 f1022
- f1022
    - flags: bottom simplicial
    - normal:       0.9 -0.00205  -0.4358
    - offset: -0.1511021
    - vertices: p3256(v209) p1077(v208) p1135(v163)
    - neighboring facets: f1017 f1018 f1021
- f1030
    - flags: bottom simplicial
    - normal:    0.2249  -0.9395  -0.2582
    - offset: -0.08752457
    - vertices: p2080(v210) p1857(v33) p2537(v5)
    - neighboring facets: f498 f1031 f1300
- f1031
    - flags: top simplicial
    - normal:    0.1325  -0.9302  -0.3422
    - offset: -0.1022994
    - vertices: p2080(v210) p2953(v106) p2537(v5)
    - neighboring facets: f506 f1030 f1032
- f1032
    - flags: top simplicial
    - normal:    0.1323  -0.9301  -0.3425
    - offset: -0.1023621
    - vertices: p2080(v210) p3700(v175) p2953(v106)
    - neighboring facets: f859 f1031 f1407
- f1033
    - flags: bottom simplicial
    - normal:   -0.9848 -2.399e-07  -0.1736
    - offset: -0.06416594
    - vertices: p2125(v211) p3945(v165) p3121(v118)
    - neighboring facets: f805 f1045 f1035
- f1035
    - flags: top simplicial
    - normal:   -0.9839 -0.00181  -0.1787
    - offset: -0.06518264
    - vertices: p2125(v211) p3945(v165) p3610(v119)
    - neighboring facets: f804 f1036 f1033
- f1036
    - flags: top simplicial
    - normal:   -0.9789 -0.002033  -0.2045
    - offset: -0.0702986
    - vertices: p2125(v211) p3610(v119) p3308(v72)
    - neighboring facets: f808 f1047 f1035
- f1043
    - flags: top simplicial
    - normal:   -0.9906  0.01981  -0.1354
    - offset: -0.05675743
    - vertices: p3101(v213) p2701(v169) p1061(v1)
    - neighboring facets: f824 f1044 f1056
- f1044
    - flags: bottom simplicial
    - normal:   -0.9866 0.002633  -0.1631
    - offset: -0.06209535
    - vertices: p3101(v213) p3121(v118) p1061(v1)
    - neighboring facets: f563 f1043 f1045
- f1045
    - flags: bottom simplicial
    - normal:   -0.9848 2.996e-08  -0.1736
    - offset:  -0.064166
    - vertices: p3101(v213) p2125(v211) p3121(v118)
    - neighboring facets: f1033 f1044 f1047
- f1047
    - flags: top simplicial
    - normal:   -0.9786 0.002165  -0.2057
    - offset: -0.07050465
    - vertices: p3101(v213) p2125(v211) p3308(v72)
    - neighboring facets: f1036 f1055 f1045
- f1049
    - flags: top simplicial
    - normal:   -0.7491   0.5363  -0.3889
    - offset: -0.1104381
    - vertices: p3884(v214) p2498(v176) p3244(v125)
    - neighboring facets: f867 f1050 f1192
- f1050
    - flags: top simplicial
    - normal:   -0.9342    0.295  -0.2007
    - offset: -0.07270093
    - vertices: p3884(v214) p3244(v125) p1376(v76)
    - neighboring facets: f604 f1051 f1049
- f1051
    - flags: bottom simplicial
    - normal:   -0.9576   0.2156   -0.191
    - offset: -0.06996306
    - vertices: p3884(v214) p2701(v169) p1376(v76)
    - neighboring facets: f825 f1050 f1059
- f1055
    - flags: top simplicial
    - normal:   -0.9764 0.007844  -0.2157
    - offset: -0.0725099
    - vertices: p1945(v215) p3101(v213) p3308(v72)
    - neighboring facets: f1047 f1195 f1056
- f1056
    - flags: bottom simplicial
    - normal:   -0.9764  0.01014  -0.2158
    - offset: -0.07255302
    - vertices: p1945(v215) p3101(v213) p2701(v169)
    - neighboring facets: f1043 f1059 f1055
- f1058
    - flags: bottom simplicial
    - normal:   -0.9342   0.1492   -0.324
    - offset: -0.09535879
    - vertices: p1945(v215) p3884(v214) p3470(v121)
    - neighboring facets: f1194 f1319 f1059
- f1059
    - flags: top simplicial
    - normal:   -0.9354   0.1477  -0.3214
    - offset: -0.09482833
    - vertices: p1945(v215) p3884(v214) p2701(v169)
    - neighboring facets: f1051 f1056 f1058
- f1060
    - flags: top simplicial
    - normal:   -0.7102  -0.5848  -0.3919
    - offset: -0.1117955
    - vertices: p1221(v216) p2609(v166) p2861(v9)
    - neighboring facets: f807 f1061 f1062
- f1061
    - flags: bottom simplicial
    - normal:   -0.6951  -0.6032  -0.3911
    - offset: -0.1116056
    - vertices: p1221(v216) p2401(v171) p2861(v9)
    - neighboring facets: f836 f1060 f1062
- f1062
    - flags: top simplicial
    - normal:   -0.7184    -0.57  -0.3988
    - offset: -0.1133008
    - vertices: p1221(v216) p2401(v171) p2609(v166)
    - neighboring facets: f838 f1060 f1061
- f1063
    - flags: bottom simplicial
    - normal:   -0.7253  -0.1991   -0.659
    - offset: -0.1668254
    - vertices: p3389(v217) p2401(v171) p2402(v123)
    - neighboring facets: f838 f1215 f1206
- f1071
    - flags: bottom simplicial
    - normal:   -0.9081 0.006848  -0.4187
    - offset: -0.1142673
    - vertices: p3676(v218) p2137(v212) p3470(v121)
    - neighboring facets: f1318 f1223 f1190
- f1072
    - flags: top simplicial
    - normal:    -0.905 -0.01004  -0.4254
    - offset: -0.1157135
    - vertices: p3676(v218) p2609(v166) p3962(v43)
    - neighboring facets: f811 f1222 f1189
- f1074
    - flags: bottom simplicial
    - normal:   -0.8429 -0.00162  -0.5381
    - offset: -0.1390959
    - vertices: p1364(v219) p2402(v123) p3962(v43)
    - neighboring facets: f811 f1075 f1211
- f1075
    - flags: top simplicial
    - normal:   -0.8481 0.005796  -0.5298
    - offset: -0.1373325
    - vertices: p1364(v219) p915(v172) p3962(v43)
    - neighboring facets: f1220 f1074 f1212
- f1097
    - flags: bottom simplicial
    - normal:   -0.4256 -0.008271  -0.9049
    - offset: -0.2194845
    - vertices: p527(v223) p2544(v174) p1471(v173)
    - neighboring facets: f1099 f1229 f1328
- f1098
    - flags: top simplicial
    - normal:   -0.5119  0.02399  -0.8587
    - offset: -0.2085889
    - vertices: p3916(v224) p1471(v173) p2726(v23)
    - neighboring facets: f1342 f1353 f1099
- f1099
    - flags: top simplicial
    - normal:   -0.4572 -0.001392  -0.8893
    - offset:  -0.215814
    - vertices: p3916(v224) p2544(v174) p1471(v173)
    - neighboring facets: f1097 f1098 f1351
- f1108
    - flags: bottom simplicial tested
    - normal:  -0.01508  -0.1136   0.9934
    - offset: -0.003266837
    - center: -0.007995860418304801 -0.02820892880360286 -5.797772686448117e-05 
    - vertices: p2608(v226) p1843(v127) p3858(v80)
    - neighboring facets: f1468 f1112 f1109
    - ridges:
- f1109
    - flags: bottom simplicial tested
    - normal:  -0.01769  -0.2491   0.9683
    - offset: -0.007198559
    - center: -0.002602739259600639 -0.02915622480213642 -0.0001145623589337371 
    - vertices: p2608(v226) p3363(v177) p1843(v127)
    - neighboring facets: f884 f1108 f1110
- f1110
    - flags: top simplicial tested
    - normal:  -0.04696  -0.6697   0.7411
    - offset: -0.01966961
    - center: -0.004861739852155249 -0.02947063992420832 -0.0003998040192527691 
    - vertices: p2608(v226) p3363(v177) p763(v3)
    - neighboring facets: f886 f1111 f1109
- f1111
    - flags: bottom simplicial tested
    - normal:   -0.1409  -0.9461   0.2918
    - offset: -0.02877709
    - center: -0.007473523573329051 -0.02955948437253634 -0.0008262956156007322 
    - vertices: p2608(v226) p154(v150) p763(v3)
    - neighboring facets: f726 f1110 f1115
- f1112
    - flags: top simplicial tested
    - normal:    -0.464  -0.7727   0.4332
    - offset: -0.02749615
    - center: -0.01594898228844007 -0.02603983009854953 -5.797772686448114e-05 
    - vertices: p2608(v226) p603(v201) p3858(v80)
    - neighboring facets: f1472 f1108 f1113
    - ridges:
- f1113
    - flags: bottom simplicial tested
    - normal:   -0.4659  -0.7756   0.4259
    - offset: -0.02760252
    - center: -0.01604333085318406 -0.02639277093112468 -0.0008030448132131766 
    - vertices: p2608(v226) p603(v201) p2581(v36)
    - neighboring facets: f990 f1114 f1112
- f1114
    - flags: top simplicial tested
    - normal:    -0.298  -0.9511  0.08104
    - offset: -0.03077186
    - center: -0.01302381015072266 -0.0284388189514478 -0.001948060773429461 
    - vertices: p2608(v226) p2293(v199) p2581(v36)
    - neighboring facets: f980 f1113 f1115
- f1115
    - flags: bottom simplicial tested
    - normal:   -0.2063  -0.9773  0.04888
    - offset: -0.03047133
    - center: -0.01014812414844831 -0.02912201856573423 -0.001686069915497986 
    - vertices: p2608(v226) p2293(v199) p154(v150)
    - neighboring facets: f982 f1111 f1114
- f1117
    - flags: bottom simplicial tested
    - normal:   0.02648 0.005413   0.9996
    - offset: -0.0008419688
    - center: 0.03290378178159396 0.00107358668174129 -3.513748940608961e-05 
    - vertices: p1644(v227) p477(v132) p614(v87)
    - neighboring facets: f635 f1118 f1466
    - ridges:
- f1118
    - flags: top simplicial tested
    - normal:   0.02431 0.007537   0.9997
    - offset: -0.0007736725
    - center: 0.03107460401952267 0.007072991036693566 -3.513748940608963e-05 
    - vertices: p1644(v227) p2561(v183) p614(v87)
    - neighboring facets: f904 f1117 f1477
    - ridges:
- f1120
    - flags: bottom simplicial tested
    - normal:   -0.1226   0.8456   0.5196
    - offset: -0.02558765
    - center: -0.004926418575147787 0.02970825756589571 -0.0002645432355223142 
    - vertices: p2379(v228) p2669(v90) p1998(v52)
    - neighboring facets: f422 f1121 f1471
    - ridges:
- f1121
    - flags: top simplicial tested
    - normal:   -0.2272   0.7181   0.6578
    - offset: -0.02232299
    - center: -0.006956991894791524 0.02912629830340544 -0.0002645432355223119 
    - vertices: p2379(v228) p864(v185) p1998(v52)
    - neighboring facets: f913 f1120 f1478
    - ridges:
- f1123
    - flags: bottom simplicial
    - normal:   -0.9466   0.1358   0.2924
    - offset: -0.02838737
    - vertices: p3337(v229) p1885(v186) p3556(v7)
    - neighboring facets: f919 f1251 f1124
- f1124
    - flags: top simplicial
    - normal:   -0.1151  0.01199   0.9933
    - offset: -0.003329798
    - center: -0.02900178171694279 0.004409467568621039 -6.135637098244228e-05 
    - vertices: p3337(v229) p1885(v186) p3011(v26)
    - neighboring facets: f1125 f1252 f1123
- f1125
    - flags: bottom simplicial tested
    - normal:  -0.07548 0.008644   0.9971
    - offset: -0.002175474
    - center: -0.02846733666956425 0.005824816258003314 -2.353151262749837e-05 
    - vertices: p1511(v230) p1885(v186) p3011(v26)
    - neighboring facets: f1124 f1264 f1261
- f1130
    - flags: bottom simplicial
    - normal:   -0.7596     0.62   0.1965
    - offset: -0.0309023
    - vertices: p959(v231) p3864(v134) p1987(v88)
    - neighboring facets: f641 f1132 f1131
- f1131
    - flags: bottom simplicial
    - normal:   -0.6334   0.4555   0.6255
    - offset: -0.0243742
    - center: -0.02548274459938208 0.01840303558856249 -0.0002397866280744822 
    - vertices: p959(v231) p1885(v186) p3864(v134)
    - neighboring facets: f1260 f1130 f1267
- f1132
    - flags: bottom simplicial
    - normal:   -0.8123   0.5829  0.01833
    - offset: -0.03175542
    - vertices: p959(v231) p1987(v88) p411(v10)
    - neighboring facets: f412 f1134 f1130
- f1134
    - flags: top simplicial
    - normal:   -0.8513   0.5243  0.01756
    - offset: -0.0317479
    - vertices: p959(v231) p147(v40) p411(v10)
    - neighboring facets: f603 f1132 f1266
- f1135
    - flags: bottom simplicial
    - normal:    0.9983  0.01168 -0.05769
    - offset: -0.07837583
    - vertices: p2559(v232) p2204(v140) p3048(v2)
    - neighboring facets: f932 f1136 f1137
- f1136
    - flags: top simplicial
    - normal:    0.9996 0.003937 -0.02693
    - offset: -0.07231189
    - vertices: p2559(v232) p1732(v188) p3048(v2)
    - neighboring facets: f1139 f1135 f1137
- f1137
    - flags: bottom simplicial
    - normal:    0.9983 0.008029 -0.05859
    - offset: -0.07853124
    - vertices: p2559(v232) p1732(v188) p2204(v140)
    - neighboring facets: f1160 f1135 f1136
- f1138
    - flags: bottom simplicial
    - normal:      0.99  -0.0112  -0.1405
    - offset: -0.09429153
    - vertices: p1775(v233) p2721(v190) p1732(v188)
    - neighboring facets: f938 f1139 f1140
- f1139
    - flags: bottom simplicial
    - normal:         1 -0.0006612 -0.00499
    - offset: -0.06796101
    - vertices: p1775(v233) p1732(v188) p3048(v2)
    - neighboring facets: f1136 f1141 f1138
- f1140
    - flags: top simplicial
    - normal:    0.9946 -0.01923  -0.1023
    - offset: -0.0870322
    - vertices: p1775(v233) p2721(v190) p3538(v143)
    - neighboring facets: f935 f1141 f1138
- f1141
    - flags: top simplicial
    - normal:         1 -0.001046 -0.002215
    - offset: -0.06741128
    - vertices: p1775(v233) p3538(v143) p3048(v2)
    - neighboring facets: f689 f1139 f1140
- f1142
    - flags: top simplicial
    - normal:         1 -0.005838 0.003104
    - offset: -0.0663926
    - vertices: p945(v234) p576(v102) p865(v55)
    - neighboring facets: f958 f1144 f1143
- f1143
    - flags: top simplicial
    - normal:         1 -0.005537 0.002757
    - offset: -0.06645652
    - vertices: p945(v234) p3769(v191) p576(v102)
    - neighboring facets: f942 f1142 f1145
- f1144
    - flags: bottom simplicial
    - normal:         1 -0.00198 0.003391
    - offset: -0.06630697
    - vertices: p945(v234) p2(v92) p865(v55)
    - neighboring facets: f433 f1142 f1145
- f1145
    - flags: bottom simplicial
    - normal:         1 -0.002001 0.003257
    - offset: -0.0663327
    - vertices: p945(v234) p3769(v191) p2(v92)
    - neighboring facets: f944 f1144 f1143
- f1146
    - flags: bottom simplicial
    - normal:    0.8126  -0.5204  -0.2624
    - offset: -0.1160021
    - vertices: p714(v235) p36(v104) p2760(v61)
    - neighboring facets: f714 f1147 f1268
- f1147
    - flags: top simplicial
    - normal:    0.9772  -0.2084 -0.04072
    - offset: -0.07676548
    - vertices: p714(v235) p1546(v192) p2760(v61)
    - neighboring facets: f945 f1146 f1154
- f1152
    - flags: bottom simplicial
    - normal:    0.9316  -0.3548  0.07824
    - offset: -0.05341045
    - vertices: p3305(v236) p1546(v192) p530(v144)
    - neighboring facets: f946 f1153 f1154
- f1153
    - flags: bottom simplicial
    - normal:    0.9487  -0.2742   0.1574
    - offset: -0.03838116
    - vertices: p3305(v236) p530(v144) p1883(v8)
    - neighboring facets: f956 f1156 f1152
- f1154
    - flags: bottom simplicial
    - normal:    0.9043  -0.4207  0.07191
    - offset: -0.05413761
    - vertices: p3305(v236) p714(v235) p1546(v192)
    - neighboring facets: f1147 f1152 f1273
- f1156
    - flags: top simplicial
    - normal:    0.7334  -0.6599   0.1633
    - offset: -0.03118968
    - vertices: p3305(v236) p2970(v81) p1883(v8)
    - neighboring facets: f387 f1153 f1157
- f1157
    - flags: bottom simplicial
    - normal:    0.6681  -0.7293   0.1478
    - offset: -0.0312049
    - vertices: p3305(v236) p2970(v81) p1270(v15)
    - neighboring facets: f622 f1359 f1156
- f1158
    - flags: top simplicial
    - normal:     0.985 -0.0001952  -0.1726
    - offset: -0.1003778
    - vertices: p2827(v237) p2204(v140) p877(v95)
    - neighboring facets: f930 f1159 f1160
- f1159
    - flags: bottom simplicial
    - normal:     0.985 -0.0002027  -0.1726
    - offset: -0.1003817
    - vertices: p2827(v237) p3322(v198) p877(v95)
    - neighboring facets: f975 f1158 f1161
- f1160
    - flags: top simplicial
    - normal:    0.9877 -0.003196  -0.1562
    - offset: -0.09727471
    - vertices: p2827(v237) p1732(v188) p2204(v140)
    - neighboring facets: f1137 f1158 f1161
- f1161
    - flags: top simplicial
    - normal:    0.9877 -0.00331  -0.1565
    - offset: -0.09733281
    - vertices: p2827(v237) p3322(v198) p1732(v188)
    - neighboring facets: f977 f1160 f1159
- f1167
    - flags: top simplicial
    - normal:    0.5194 0.009668  -0.8545
    - offset: -0.2268408
    - vertices: p3734(v239) p426(v205) p2579(v158)
    - neighboring facets: f1248 f1170 f1173
- f1170
    - flags: top simplicial
    - normal:    0.4085   0.2678  -0.8726
    - offset: -0.2282649
    - vertices: p3734(v239) p2579(v158) p3240(v116)
    - neighboring facets: f1308 f1171 f1167
- f1171
    - flags: bottom simplicial
    - normal:    0.3966     0.29   -0.871
    - offset: -0.2275301
    - vertices: p3734(v239) p3613(v204) p3240(v116)
    - neighboring facets: f1003 f1170 f1290
- f1172
    - flags: bottom simplicial
    - normal:    0.4238 0.0003145  -0.9058
    - offset: -0.2353784
    - vertices: p3734(v239) p1203(v225) p3230(v157)
    - neighboring facets: f1361 f1286 f1173
- f1173
    - flags: top simplicial
    - normal:     0.506 0.003416  -0.8625
    - offset: -0.2282184
    - vertices: p3734(v239) p1203(v225) p426(v205)
    - neighboring facets: f1246 f1167 f1172
- f1179
    - flags: bottom simplicial
    - normal:    0.7186 0.005494  -0.6954
    - offset: -0.1990331
    - vertices: p1905(v240) p2080(v210) p2451(v162)
    - neighboring facets: f1310 f1304 f1301
- f1181
    - flags: bottom simplicial
    - normal:     0.637 -0.0009932  -0.7709
    - offset: -0.2126315
    - vertices: p3176(v241) p2080(v210) p1789(v115)
    - neighboring facets: f1249 f1307 f1311
- f1189
    - flags: bottom simplicial
    - normal:   -0.9105 -0.005879  -0.4135
    - offset: -0.1132105
    - vertices: p360(v243) p3676(v218) p2609(v166)
    - neighboring facets: f1072 f1315 f1190
- f1190
    - flags: top simplicial
    - normal:   -0.9096 0.004901  -0.4155
    - offset: -0.1136055
    - vertices: p360(v243) p3676(v218) p2137(v212)
    - neighboring facets: f1071 f1317 f1189
- f1191
    - flags: bottom simplicial
    - normal:   -0.7053   0.5226   -0.479
    - offset:  -0.127472
    - vertices: p789(v244) p2498(v176) p3554(v73)
    - neighboring facets: f869 f1193 f1192
- f1192
    - flags: bottom simplicial
    - normal:   -0.7155   0.5122  -0.4751
    - offset: -0.1267262
    - vertices: p789(v244) p3884(v214) p2498(v176)
    - neighboring facets: f1049 f1191 f1194
- f1193
    - flags: top simplicial
    - normal:   -0.8048   0.2964  -0.5142
    - offset: -0.1351763
    - vertices: p789(v244) p3470(v121) p3554(v73)
    - neighboring facets: f1224 f1191 f1194
- f1194
    - flags: top simplicial
    - normal:   -0.8057   0.3876  -0.4479
    - offset: -0.1214361
    - vertices: p789(v244) p3884(v214) p3470(v121)
    - neighboring facets: f1058 f1193 f1192
- f1195
    - flags: top simplicial
    - normal:   -0.9699  0.01255  -0.2433
    - offset: -0.07818562
    - vertices: p2054(v245) p1945(v215) p3308(v72)
    - neighboring facets: f1055 f1196 f1320
- f1196
    - flags: bottom simplicial
    - normal:   -0.9218 0.0001801  -0.3876
    - offset: -0.1078132
    - vertices: p2054(v245) p2609(v166) p3308(v72)
    - neighboring facets: f808 f1195 f1316
- f1203
    - flags: bottom simplicial
    - normal:   -0.6094   0.2697  -0.7456
    - offset: -0.1847505
    - vertices: p791(v246) p1965(v122) p2726(v23)
    - neighboring facets: f1341 f1239 f1204
- f1204
    - flags: top simplicial
    - normal:    -0.621   0.2838  -0.7306
    - offset: -0.1815024
    - vertices: p791(v246) p1965(v122) p3554(v73)
    - neighboring facets: f869 f1321 f1203
- f1205
    - flags: top simplicial
    - normal:    -0.647  -0.4316  -0.6286
    - offset: -0.1620424
    - vertices: p2215(v247) p2401(v171) p2476(v74)
    - neighboring facets: f836 f1326 f1206
- f1206
    - flags: top simplicial
    - normal:   -0.6849  -0.2938  -0.6667
    - offset: -0.1693001
    - vertices: p2215(v247) p3389(v217) p2401(v171)
    - neighboring facets: f1063 f1205 f1330
- f1211
    - flags: top simplicial
    - normal:   -0.8425 -0.001119  -0.5387
    - offset: -0.1392242
    - vertices: p206(v248) p1364(v219) p2402(v123)
    - neighboring facets: f1074 f1387 f1212
- f1212
    - flags: bottom simplicial
    - normal:    -0.842 -0.0002789  -0.5395
    - offset:   -0.13939
    - vertices: p206(v248) p1364(v219) p915(v172)
    - neighboring facets: f1075 f1383 f1211
- f1215
    - flags: bottom simplicial
    - normal:   -0.7461 -0.07709  -0.6614
    - offset: -0.1660619
    - vertices: p2998(v249) p3389(v217) p2402(v123)
    - neighboring facets: f1063 f1390 f1379
- f1218
    - flags: bottom simplicial
    - normal:   -0.7552 0.004622  -0.6555
    - offset: -0.1639915
    - vertices: p2998(v249) p2443(v221) p3554(v73)
    - neighboring facets: f1225 f1381 f1391
- f1220
    - flags: bottom simplicial
    - normal:   -0.8481 0.005803  -0.5298
    - offset: -0.1373303
    - vertices: p1001(v250) p915(v172) p3962(v43)
    - neighboring facets: f1075 f1222 f1385
- f1221
    - flags: top simplicial
    - normal:   -0.8519  0.03392  -0.5225
    - offset: -0.1359049
    - vertices: p1001(v250) p2443(v221) p3470(v121)
    - neighboring facets: f1226 f1223 f1333
- f1222
    - flags: top simplicial
    - normal:    -0.854 0.009248  -0.5202
    - offset: -0.1353164
    - vertices: p1001(v250) p3676(v218) p3962(v43)
    - neighboring facets: f1072 f1220 f1223
- f1223
    - flags: bottom simplicial
    - normal:   -0.8583  0.01549  -0.5129
    - offset: -0.1337955
    - vertices: p1001(v250) p3676(v218) p3470(v121)
    - neighboring facets: f1071 f1221 f1222
- f1224
    - flags: bottom simplicial
    - normal:   -0.8219   0.2006  -0.5332
    - offset: -0.1389468
    - vertices: p1673(v251) p3470(v121) p3554(v73)
    - neighboring facets: f1193 f1225 f1226
- f1225
    - flags: top simplicial
    - normal:   -0.7599  0.01464  -0.6499
    - offset: -0.1628846
    - vertices: p1673(v251) p2443(v221) p3554(v73)
    - neighboring facets: f1218 f1224 f1226
- f1226
    - flags: bottom simplicial
    - normal:   -0.8273   0.1739  -0.5342
    - offset: -0.1390656
    - vertices: p1673(v251) p2443(v221) p3470(v121)
    - neighboring facets: f1221 f1224 f1225
- f1228
    - flags: top simplicial
    - normal:   -0.3147 -0.002392  -0.9492
    - offset: -0.2302495
    - vertices: p1094(v252) p527(v223) p1062(v124)
    - neighboring facets: f1327 f1343 f1229
- f1229
    - flags: bottom simplicial
    - normal:   -0.3414 0.006039  -0.9399
    - offset: -0.2278627
    - vertices: p1094(v252) p527(v223) p1471(v173)
    - neighboring facets: f1097 f1338 f1228
- f1232
    - flags: bottom simplicial
    - normal:   -0.1853   -0.203  -0.9615
    - offset:  -0.236531
    - vertices: p3067(v253) p3700(v175) p1062(v124)
    - neighboring facets: f857 f1344 f1427
- f1239
    - flags: bottom simplicial
    - normal:   -0.6367 0.009847  -0.7711
    - offset: -0.1891661
    - vertices: p2700(v254) p791(v246) p2726(v23)
    - neighboring facets: f1203 f1398 f1240
- f1240
    - flags: top simplicial
    - normal:   -0.6526 -0.001588  -0.7577
    - offset: -0.1861567
    - vertices: p2700(v254) p791(v246) p3389(v217)
    - neighboring facets: f1322 f1399 f1239
- f1246
    - flags: bottom simplicial
    - normal:    0.5222 -0.003804  -0.8528
    - offset: -0.2266358
    - vertices: p149(v256) p1203(v225) p426(v205)
    - neighboring facets: f1173 f1248 f1250
- f1247
    - flags: bottom simplicial
    - normal:    0.5784 -0.001392  -0.8157
    - offset: -0.2203771
    - vertices: p149(v256) p2579(v158) p1789(v115)
    - neighboring facets: f1309 f1249 f1248
- f1248
    - flags: bottom simplicial
    - normal:    0.5372 0.002098  -0.8434
    - offset: -0.2250068
    - vertices: p149(v256) p426(v205) p2579(v158)
    - neighboring facets: f1167 f1247 f1246
- f1249
    - flags: top simplicial
    - normal:     0.598 -0.04847  -0.8001
    - offset: -0.2182545
    - vertices: p149(v256) p2080(v210) p1789(v115)
    - neighboring facets: f1181 f1247 f1250
- f1250
    - flags: top simplicial
    - normal:    0.3458  -0.5769    -0.74
    - offset: -0.2002267
    - vertices: p149(v256) p1203(v225) p2080(v210)
    - neighboring facets: f1408 f1249 f1246
- f1251
    - flags: bottom simplicial
    - normal:   -0.9821   0.0426   0.1834
    - offset: -0.02918439
    - vertices: p2254(v257) p3337(v229) p3556(v7)
    - neighboring facets: f1123 f1253 f1252
- f1252
    - flags: top simplicial
    - normal:   -0.7079 2.089e-07   0.7064
    - offset: -0.0208815
    - vertices: p2254(v257) p3337(v229) p3011(v26)
    - neighboring facets: f1124 f1254 f1251
- f1253
    - flags: top simplicial
    - normal:        -1 -0.0008396 0.007704
    - offset:  -0.029899
    - vertices: p2254(v257) p2303(v77) p3556(v7)
    - neighboring facets: f361 f1251 f1257
- f1254
    - flags: bottom simplicial
    - normal:   -0.8097 -0.04519   0.5851
    - offset: -0.0240901
    - vertices: p2254(v257) p2330(v203) p3011(v26)
    - neighboring facets: f995 f1252 f1255
- f1255
    - flags: top simplicial
    - normal:   -0.9848 -0.09607   0.1447
    - offset: -0.02963208
    - vertices: p2254(v257) p2330(v203) p1753(v154)
    - neighboring facets: f997 f1256 f1254
- f1256
    - flags: top simplicial
    - normal:   -0.9993 -0.03726  0.00269
    - offset: -0.02997344
    - vertices: p2254(v257) p1753(v154) p3706(v78)
    - neighboring facets: f749 f1258 f1255
- f1257
    - flags: bottom simplicial
    - normal:        -1 -0.007203 0.0008158
    - offset: -0.02991803
    - vertices: p2254(v257) p2303(v77) p381(v35)
    - neighboring facets: f362 f1258 f1253
- f1258
    - flags: top simplicial
    - normal:        -1 -0.009186 0.0009021
    - offset: -0.02992254
    - vertices: p2254(v257) p3706(v78) p381(v35)
    - neighboring facets: f365 f1257 f1256
- f1260
    - flags: top simplicial tested
    - normal:  -0.03037  0.01481   0.9994
    - offset: -0.001009215
    - center: -0.0247874166816473 0.01859581315269073 -1.900603290128086e-05 
    - vertices: p1413(v258) p1885(v186) p3864(v134)
    - neighboring facets: f1131 f1476 f1261
    - ridges:
- f1261
    - flags: top simplicial tested
    - normal:  -0.02355 0.007789   0.9997
    - offset: -0.0007149472
    - center: -0.02673337484399478 0.01340612800170978 -1.900603290128081e-05 
    - vertices: p1413(v258) p1511(v230) p1885(v186)
    - neighboring facets: f1125 f1260 f1479
    - ridges:
- f1263
    - flags: top simplicial tested
    - normal:  -0.007496 -0.0003638        1
    - offset: -0.0002092629
    - center: -0.02832341566681862 -0.004086012486368418 -4.527736418384132e-06 
    - vertices: p1918(v259) p2995(v152) p3011(v26)
    - neighboring facets: f736 f1264 f1475
    - ridges:
- f1264
    - flags: bottom simplicial tested
    - normal:  -0.03829 0.003805   0.9993
    - offset: -0.001099428
    - center: -0.02856740231315295 0.002683354386438926 -4.52773641838398e-06 
    - vertices: p1918(v259) p1511(v230) p3011(v26)
    - neighboring facets: f1125 f1263 f1479
    - ridges:
- f1265
    - flags: top simplicial
    - normal:   -0.9177   0.3969  0.01614
    - offset: -0.0314664
    - vertices: p1276(v260) p1885(v186) p147(v40)
    - neighboring facets: f921 f1266 f1267
- f1266
    - flags: bottom simplicial
    - normal:   -0.8846   0.4661  0.01749
    - offset: -0.03159359
    - vertices: p1276(v260) p959(v231) p147(v40)
    - neighboring facets: f1134 f1265 f1267
- f1267
    - flags: top simplicial
    - normal:   -0.8818   0.4665  0.06974
    - offset: -0.03149235
    - vertices: p1276(v260) p959(v231) p1885(v186)
    - neighboring facets: f1131 f1265 f1266
- f1268
    - flags: top simplicial
    - normal:    0.6632  -0.7292  -0.1687
    - offset: -0.09199566
    - vertices: p3030(v261) p714(v235) p36(v104)
    - neighboring facets: f1146 f1269 f1273
- f1269
    - flags: top simplicial
    - normal:    0.1379  -0.9898 -0.03507
    - offset: -0.03714643
    - vertices: p3030(v261) p36(v104) p2361(v101)
    - neighboring facets: f499 f1270 f1268
- f1270
    - flags: top simplicial
    - normal:    0.1242  -0.9922 -0.008173
    - offset: -0.03102167
    - vertices: p3030(v261) p2361(v101) p2858(v32)
    - neighboring facets: f475 f1274 f1269
- f1273
    - flags: top simplicial
    - normal:     0.737   -0.673  0.06316
    - offset: -0.05001562
    - vertices: p3030(v261) p3305(v236) p714(v235)
    - neighboring facets: f1154 f1268 f1360
- f1274
    - flags: bottom simplicial
    - normal:    0.1243  -0.9922 -0.005658
    - offset: -0.03053672
    - vertices: p3030(v261) p3357(v79) p2858(v32)
    - neighboring facets: f475 f1270 f1358
- f1279
    - flags: top simplicial
    - normal:    0.2215  0.08465  -0.9715
    - offset: -0.2445736
    - vertices: p2468(v263) p2046(v238) p1348(v156)
    - neighboring facets: f1292 f1283 f1368
- f1283
    - flags: top simplicial
    - normal:  -0.08884   0.7602  -0.6436
    - offset: -0.1638532
    - vertices: p2468(v263) p1348(v156) p2346(v114)
    - neighboring facets: f759 f1423 f1279
- f1286
    - flags: bottom simplicial
    - normal:    0.3647  0.01412   -0.931
    - offset:  -0.239205
    - vertices: p2506(v264) p3734(v239) p3230(v157)
    - neighboring facets: f1172 f1401 f1294
- f1290
    - flags: top simplicial
    - normal:    0.3407  0.08016  -0.9367
    - offset: -0.2400084
    - vertices: p2798(v265) p3734(v239) p3613(v204)
    - neighboring facets: f1171 f1291 f1294
- f1291
    - flags: top simplicial
    - normal:    0.2433   0.1308  -0.9611
    - offset: -0.2429886
    - vertices: p2798(v265) p3613(v204) p1348(v156)
    - neighboring facets: f998 f1292 f1290
- f1292
    - flags: bottom simplicial
    - normal:    0.2276  0.09144  -0.9694
    - offset: -0.2442815
    - vertices: p2798(v265) p2046(v238) p1348(v156)
    - neighboring facets: f1279 f1291 f1293
- f1293
    - flags: bottom simplicial
    - normal:    0.3403  0.04162  -0.9394
    - offset: -0.2404217
    - vertices: p2798(v265) p2506(v264) p2046(v238)
    - neighboring facets: f1435 f1292 f1294
- f1294
    - flags: top simplicial
    - normal:    0.3414  0.04166   -0.939
    - offset: -0.2403608
    - vertices: p2798(v265) p2506(v264) p3734(v239)
    - neighboring facets: f1286 f1290 f1293
- f1296
    - flags: top simplicial
    - normal:    0.8061  -0.1106  -0.5813
    - offset:  -0.179292
    - vertices: p3954(v266) p1905(v240) p1135(v163)
    - neighboring facets: f1299 f1378 f1374
- f1298
    - flags: bottom simplicial
    - normal:    0.7372  -0.4989  -0.4558
    - offset: -0.1529347
    - vertices: p3291(v267) p1135(v163) p1857(v33)
    - neighboring facets: f792 f1300 f1299
- f1299
    - flags: bottom simplicial
    - normal:    0.7946  -0.2168  -0.5672
    - offset: -0.1770041
    - vertices: p3291(v267) p1905(v240) p1135(v163)
    - neighboring facets: f1296 f1298 f1301
- f1300
    - flags: top simplicial
    - normal:    0.6884  -0.4816  -0.5424
    - offset: -0.1698902
    - vertices: p3291(v267) p2080(v210) p1857(v33)
    - neighboring facets: f1030 f1298 f1301
- f1301
    - flags: top simplicial
    - normal:    0.7533  -0.2323  -0.6153
    - offset: -0.1860736
    - vertices: p3291(v267) p1905(v240) p2080(v210)
    - neighboring facets: f1179 f1300 f1299
- f1302
    - flags: bottom simplicial
    - normal:    0.7304 0.004303   -0.683
    - offset: -0.1968435
    - vertices: p3019(v268) p2451(v162) p2165(v117)
    - neighboring facets: f1011 f1303 f1304
- f1303
    - flags: top simplicial
    - normal:    0.7304 0.004296   -0.683
    - offset: -0.1968459
    - vertices: p3019(v268) p1905(v240) p2165(v117)
    - neighboring facets: f1376 f1302 f1304
- f1304
    - flags: bottom simplicial
    - normal:    0.7301 0.004332  -0.6833
    - offset: -0.1969068
    - vertices: p3019(v268) p1905(v240) p2451(v162)
    - neighboring facets: f1179 f1302 f1303
- f1307
    - flags: bottom simplicial
    - normal:    0.6367 -0.0008482  -0.7711
    - offset: -0.2126655
    - vertices: p288(v269) p3176(v241) p1789(v115)
    - neighboring facets: f1181 f1309 f1312
- f1308
    - flags: bottom simplicial
    - normal:    0.6147 0.008547  -0.7887
    - offset: -0.2157975
    - vertices: p288(v269) p2579(v158) p3240(v116)
    - neighboring facets: f1170 f1314 f1309
- f1309
    - flags: top simplicial
    - normal:    0.5936 -0.0004409  -0.8048
    - offset: -0.2185122
    - vertices: p288(v269) p2579(v158) p1789(v115)
    - neighboring facets: f1247 f1307 f1308
- f1310
    - flags: top simplicial
    - normal:    0.7137 0.007318  -0.7004
    - offset: -0.1999271
    - vertices: p629(v270) p2080(v210) p2451(v162)
    - neighboring facets: f1179 f1313 f1311
- f1311
    - flags: top simplicial
    - normal:    0.6868 0.007504  -0.7268
    - offset: -0.2047253
    - vertices: p629(v270) p3176(v241) p2080(v210)
    - neighboring facets: f1181 f1310 f1312
- f1312
    - flags: top simplicial
    - normal:    0.6811 0.008215  -0.7321
    - offset: -0.2056804
    - vertices: p629(v270) p288(v269) p3176(v241)
    - neighboring facets: f1307 f1311 f1314
- f1313
    - flags: top simplicial
    - normal:    0.6965  0.04257  -0.7163
    - offset: -0.2029176
    - vertices: p629(v270) p2451(v162) p3240(v116)
    - neighboring facets: f1009 f1314 f1310
- f1314
    - flags: bottom simplicial
    - normal:    0.6859  0.03013  -0.7271
    - offset: -0.2048442
    - vertices: p629(v270) p288(v269) p3240(v116)
    - neighboring facets: f1308 f1313 f1312
- f1315
    - flags: bottom simplicial
    - normal:   -0.9211 0.0004066  -0.3892
    - offset: -0.1081395
    - vertices: p2014(v271) p360(v243) p2609(v166)
    - neighboring facets: f1189 f1316 f1317
- f1316
    - flags: top simplicial
    - normal:   -0.9215 0.0002864  -0.3883
    - offset: -0.1079539
    - vertices: p2014(v271) p2054(v245) p2609(v166)
    - neighboring facets: f1196 f1315 f1320
- f1317
    - flags: top simplicial
    - normal:   -0.9207 0.001314  -0.3903
    - offset:  -0.108362
    - vertices: p2014(v271) p360(v243) p2137(v212)
    - neighboring facets: f1190 f1318 f1315
- f1318
    - flags: top simplicial
    - normal:   -0.9183 0.007461  -0.3958
    - offset:  -0.109499
    - vertices: p2014(v271) p2137(v212) p3470(v121)
    - neighboring facets: f1071 f1319 f1317
- f1319
    - flags: bottom simplicial
    - normal:    -0.941  0.09324  -0.3254
    - offset: -0.09535222
    - vertices: p2014(v271) p1945(v215) p3470(v121)
    - neighboring facets: f1058 f1318 f1320
- f1320
    - flags: bottom simplicial
    - normal:   -0.9648  0.02678  -0.2616
    - offset: -0.08200879
    - vertices: p2014(v271) p2054(v245) p1945(v215)
    - neighboring facets: f1195 f1319 f1316
- f1321
    - flags: top simplicial
    - normal:   -0.7111  0.01733  -0.7028
    - offset: -0.1742032
    - vertices: p1236(v272) p791(v246) p3554(v73)
    - neighboring facets: f1204 f1382 f1322
- f1322
    - flags: bottom simplicial
    - normal:   -0.6711 0.0007406  -0.7413
    - offset: -0.1825764
    - vertices: p1236(v272) p791(v246) p3389(v217)
    - neighboring facets: f1240 f1432 f1321
- f1325
    - flags: bottom simplicial
    - normal:   -0.2748  -0.7587  -0.5906
    - offset: -0.1539523
    - vertices: p1731(v273) p1062(v124) p2476(v74)
    - neighboring facets: f857 f1326 f1327
- f1326
    - flags: top simplicial
    - normal:   -0.4641  -0.6119  -0.6405
    - offset: -0.1654968
    - vertices: p1731(v273) p2215(v247) p2476(v74)
    - neighboring facets: f1205 f1325 f1330
- f1327
    - flags: bottom simplicial
    - normal:   -0.4331  -0.3969  -0.8093
    - offset: -0.2014945
    - vertices: p1731(v273) p527(v223) p1062(v124)
    - neighboring facets: f1228 f1325 f1328
- f1328
    - flags: top simplicial
    - normal:   -0.4554  -0.3329  -0.8257
    - offset: -0.2046124
    - vertices: p1731(v273) p527(v223) p2544(v174)
    - neighboring facets: f1097 f1355 f1327
- f1330
    - flags: bottom simplicial
    - normal:   -0.5853 -0.08166  -0.8067
    - offset: -0.1976553
    - vertices: p1731(v273) p2215(v247) p3389(v217)
    - neighboring facets: f1206 f1356 f1326
- f1333
    - flags: bottom simplicial
    - normal:   -0.8402 0.006522  -0.5422
    - offset:  -0.139951
    - vertices: p2389(v274) p1001(v250) p2443(v221)
    - neighboring facets: f1221 f1389 f1386
- f1336
    - flags: top simplicial
    - normal:   -0.2601     0.46   -0.849
    - offset: -0.2089046
    - vertices: p3914(v275) p2731(v222) p2374(v70)
    - neighboring facets: f1419 f1339 f1347
- f1338
    - flags: bottom simplicial
    - normal:   -0.3432  0.02376   -0.939
    - offset: -0.2277045
    - vertices: p3914(v275) p1094(v252) p1471(v173)
    - neighboring facets: f1229 f1342 f1348
- f1339
    - flags: bottom simplicial
    - normal:   -0.3219   0.5579  -0.7649
    - offset: -0.1893458
    - vertices: p3914(v275) p2041(v170) p2374(v70)
    - neighboring facets: f834 f1336 f1340
- f1340
    - flags: top simplicial
    - normal:   -0.3643   0.5118   -0.778
    - offset: -0.1922431
    - vertices: p3914(v275) p2041(v170) p1965(v122)
    - neighboring facets: f835 f1341 f1339
- f1341
    - flags: top simplicial
    - normal:   -0.4793    0.284  -0.8304
    - offset: -0.2034615
    - vertices: p3914(v275) p1965(v122) p2726(v23)
    - neighboring facets: f1203 f1342 f1340
- f1342
    - flags: bottom simplicial
    - normal:   -0.5047  0.04675   -0.862
    - offset: -0.2094686
    - vertices: p3914(v275) p1471(v173) p2726(v23)
    - neighboring facets: f1098 f1341 f1338
- f1343
    - flags: top simplicial
    - normal:    -0.302 -0.004426  -0.9533
    - offset: -0.2313203
    - vertices: p3814(v276) p1094(v252) p1062(v124)
    - neighboring facets: f1228 f1344 f1394
- f1344
    - flags: bottom simplicial
    - normal:   -0.2444 -0.04097  -0.9688
    - offset: -0.2358003
    - vertices: p3814(v276) p3067(v253) p1062(v124)
    - neighboring facets: f1232 f1343 f1392
- f1346
    - flags: top simplicial
    - normal:   -0.1774 0.003486  -0.9841
    - offset: -0.2396921
    - vertices: p2336(v277) p3067(v253) p2731(v222)
    - neighboring facets: f1439 f1347 f1393
- f1347
    - flags: bottom simplicial
    - normal:   -0.2883   0.1842  -0.9397
    - offset: -0.2289268
    - vertices: p2336(v277) p3914(v275) p2731(v222)
    - neighboring facets: f1336 f1346 f1348
- f1348
    - flags: top simplicial
    - normal:   -0.3045    0.133  -0.9432
    - offset: -0.2294383
    - vertices: p2336(v277) p3914(v275) p1094(v252)
    - neighboring facets: f1338 f1395 f1347
- f1351
    - flags: bottom simplicial
    - normal:    -0.495 -0.007979  -0.8689
    - offset: -0.2111447
    - vertices: p2541(v278) p3916(v224) p2544(v174)
    - neighboring facets: f1099 f1355 f1353
- f1352
    - flags: top simplicial
    - normal:   -0.5868 -0.04524  -0.8084
    - offset: -0.1976035
    - vertices: p2541(v278) p1845(v255) p3389(v217)
    - neighboring facets: f1400 f1356 f1397
- f1353
    - flags: top simplicial
    - normal:   -0.5409 0.007249  -0.8411
    - offset: -0.2046226
    - vertices: p2541(v278) p3916(v224) p2726(v23)
    - neighboring facets: f1098 f1396 f1351
- f1355
    - flags: top simplicial
    - normal:    -0.575 -0.07453  -0.8148
    - offset: -0.1993289
    - vertices: p2541(v278) p1731(v273) p2544(v174)
    - neighboring facets: f1328 f1351 f1356
- f1356
    - flags: bottom simplicial
    - normal:   -0.5796 -0.06874   -0.812
    - offset: -0.1986421
    - vertices: p2541(v278) p1731(v273) p3389(v217)
    - neighboring facets: f1330 f1352 f1355
- f1357
    - flags: top simplicial
    - normal:     0.251  -0.9674  0.03283
    - offset: -0.0307188
    - vertices: p2734(v279) p3357(v79) p1270(v15)
    - neighboring facets: f877 f1359 f1358
- f1358
    - flags: top simplicial
    - normal:    0.2335   -0.972  0.02731
    - offset: -0.0307272
    - vertices: p2734(v279) p3030(v261) p3357(v79)
    - neighboring facets: f1274 f1357 f1360
- f1359
    - flags: bottom simplicial
    - normal:    0.5974  -0.7982  0.07812
    - offset: -0.04076606
    - vertices: p2734(v279) p3305(v236) p1270(v15)
    - neighboring facets: f1157 f1357 f1360
- f1360
    - flags: bottom simplicial
    - normal:    0.6097  -0.7894   0.0713
    - offset: -0.04263762
    - vertices: p2734(v279) p3030(v261) p3305(v236)
    - neighboring facets: f1273 f1359 f1358
- f1361
    - flags: top simplicial
    - normal:     0.423 0.0001501  -0.9061
    - offset: -0.2354377
    - vertices: p3082(v280) p1203(v225) p3230(v157)
    - neighboring facets: f1172 f1402 f1362
- f1362
    - flags: top simplicial
    - normal:    0.3615   -0.101  -0.9269
    - offset: -0.2393553
    - vertices: p3082(v280) p567(v262) p1203(v225)
    - neighboring facets: f1413 f1361 f1364
- f1364
    - flags: top simplicial
    - normal:    0.3536 0.003591  -0.9354
    - offset: -0.2399038
    - vertices: p3082(v280) p2506(v264) p567(v262)
    - neighboring facets: f1458 f1362 f1403
- f1368
    - flags: bottom simplicial
    - normal:    0.1682  0.01359  -0.9857
    - offset: -0.2462269
    - vertices: p3726(v281) p2468(v263) p2046(v238)
    - neighboring facets: f1279 f1409 f1424
- f1374
    - flags: bottom simplicial
    - normal:    0.7942 -0.02668   -0.607
    - offset:  -0.183303
    - vertices: p2152(v283) p3954(v266) p1905(v240)
    - neighboring facets: f1296 f1376 f1378
- f1375
    - flags: top simplicial
    - normal:    0.7972 0.004682  -0.6038
    - offset: -0.1825011
    - vertices: p2152(v283) p1190(v207) p2165(v117)
    - neighboring facets: f1011 f1376 f1377
- f1376
    - flags: bottom simplicial
    - normal:    0.7625 -0.005902   -0.647
    - offset:  -0.190454
    - vertices: p2152(v283) p1905(v240) p2165(v117)
    - neighboring facets: f1303 f1375 f1374
- f1377
    - flags: bottom simplicial
    - normal:    0.8306 -0.002218  -0.5568
    - offset: -0.1737557
    - vertices: p2152(v283) p1190(v207) p1135(v163)
    - neighboring facets: f1010 f1378 f1375
- f1378
    - flags: top simplicial
    - normal:     0.827 -0.008186  -0.5622
    - offset: -0.1748102
    - vertices: p2152(v283) p3954(v266) p1135(v163)
    - neighboring facets: f1296 f1377 f1374
- f1379
    - flags: top simplicial
    - normal:   -0.7267 -0.01524  -0.6867
    - offset: -0.1708736
    - vertices: p1480(v284) p2998(v249) p3389(v217)
    - neighboring facets: f1215 f1433 f1381
- f1381
    - flags: bottom simplicial
    - normal:   -0.7356 0.004521  -0.6774
    - offset: -0.1686749
    - vertices: p1480(v284) p2998(v249) p3554(v73)
    - neighboring facets: f1218 f1382 f1379
- f1382
    - flags: top simplicial
    - normal:   -0.7265 0.007068  -0.6871
    - offset: -0.1707678
    - vertices: p1480(v284) p1236(v272) p3554(v73)
    - neighboring facets: f1321 f1381 f1434
- f1383
    - flags: bottom simplicial
    - normal:   -0.8403 0.0004759  -0.5421
    - offset: -0.1399367
    - vertices: p3781(v285) p206(v248) p915(v172)
    - neighboring facets: f1212 f1385 f1384
- f1384
    - flags: bottom simplicial
    - normal:    -0.838 0.0008615  -0.5456
    - offset: -0.1406731
    - vertices: p3781(v285) p2389(v274) p206(v248)
    - neighboring facets: f1388 f1383 f1386
- f1385
    - flags: top simplicial
    - normal:   -0.8477 0.005722  -0.5304
    - offset: -0.1374611
    - vertices: p3781(v285) p1001(v250) p915(v172)
    - neighboring facets: f1220 f1383 f1386
- f1386
    - flags: top simplicial
    - normal:   -0.8425 0.005854  -0.5386
    - offset: -0.1391837
    - vertices: p3781(v285) p2389(v274) p1001(v250)
    - neighboring facets: f1333 f1385 f1384
- f1387
    - flags: top simplicial
    - normal:    -0.838 0.0008607  -0.5456
    - offset: -0.1406744
    - vertices: p586(v286) p206(v248) p2402(v123)
    - neighboring facets: f1211 f1390 f1388
- f1388
    - flags: top simplicial
    - normal:    -0.838 0.0008617  -0.5456
    - offset:  -0.140674
    - vertices: p586(v286) p2389(v274) p206(v248)
    - neighboring facets: f1384 f1387 f1389
- f1389
    - flags: bottom simplicial
    - normal:   -0.8323 0.002024  -0.5544
    - offset: -0.1425196
    - vertices: p586(v286) p2389(v274) p2443(v221)
    - neighboring facets: f1333 f1391 f1388
- f1390
    - flags: bottom simplicial
    - normal:   -0.7828 -0.006459  -0.6222
    - offset: -0.1569655
    - vertices: p586(v286) p2998(v249) p2402(v123)
    - neighboring facets: f1215 f1387 f1391
- f1391
    - flags: top simplicial
    - normal:   -0.7826 -0.002823  -0.6225
    - offset: -0.1569783
    - vertices: p586(v286) p2998(v249) p2443(v221)
    - neighboring facets: f1218 f1389 f1390
- f1392
    - flags: top simplicial
    - normal:   -0.2312 -0.00902  -0.9729
    - offset: -0.2365401
    - vertices: p3199(v287) p3814(v276) p3067(v253)
    - neighboring facets: f1344 f1393 f1394
- f1393
    - flags: bottom simplicial
    - normal:   -0.2162 -0.004554  -0.9763
    - offset: -0.2374882
    - vertices: p3199(v287) p2336(v277) p3067(v253)
    - neighboring facets: f1346 f1392 f1395
- f1394
    - flags: bottom simplicial
    - normal:   -0.2852 -0.004661  -0.9585
    - offset: -0.2326777
    - vertices: p3199(v287) p3814(v276) p1094(v252)
    - neighboring facets: f1343 f1395 f1392
- f1395
    - flags: top simplicial
    - normal:    -0.266 -0.001329   -0.964
    - offset: -0.2341518
    - vertices: p3199(v287) p2336(v277) p1094(v252)
    - neighboring facets: f1348 f1394 f1393
- f1396
    - flags: top simplicial
    - normal:   -0.5631 -0.001897  -0.8264
    - offset:  -0.201334
    - vertices: p1574(v288) p2541(v278) p2726(v23)
    - neighboring facets: f1353 f1398 f1397
- f1397
    - flags: bottom simplicial
    - normal:   -0.5726 -0.01268  -0.8197
    - offset: -0.1999034
    - vertices: p1574(v288) p2541(v278) p1845(v255)
    - neighboring facets: f1352 f1400 f1396
- f1398
    - flags: bottom simplicial
    - normal:   -0.5763 -0.003053  -0.8172
    - offset: -0.1993009
    - vertices: p1574(v288) p2700(v254) p2726(v23)
    - neighboring facets: f1239 f1396 f1399
- f1399
    - flags: top simplicial
    - normal:   -0.6171 -0.01275  -0.7868
    - offset: -0.1925612
    - vertices: p1574(v288) p2700(v254) p3389(v217)
    - neighboring facets: f1240 f1400 f1398
- f1400
    - flags: bottom simplicial
    - normal:   -0.6017 -0.02469  -0.7984
    - offset: -0.1951939
    - vertices: p1574(v288) p1845(v255) p3389(v217)
    - neighboring facets: f1352 f1399 f1397
- f1401
    - flags: bottom simplicial
    - normal:    0.3629 0.007299  -0.9318
    - offset: -0.2393431
    - vertices: p560(v289) p2506(v264) p3230(v157)
    - neighboring facets: f1286 f1402 f1403
- f1402
    - flags: top simplicial
    - normal:    0.3726  0.00595   -0.928
    - offset: -0.2387888
    - vertices: p560(v289) p3082(v280) p3230(v157)
    - neighboring facets: f1361 f1401 f1403
- f1403
    - flags: bottom simplicial
    - normal:    0.3585 0.005427  -0.9335
    - offset: -0.2396127
    - vertices: p560(v289) p3082(v280) p2506(v264)
    - neighboring facets: f1364 f1401 f1402
- f1407
    - flags: bottom simplicial
    - normal:    0.2223  -0.7537  -0.6185
    - offset: -0.1684772
    - vertices: p482(v290) p2080(v210) p3700(v175)
    - neighboring facets: f1032 f1426 f1408
- f1408
    - flags: bottom simplicial
    - normal:    0.2301  -0.7364  -0.6362
    - offset: -0.1727392
    - vertices: p482(v290) p1203(v225) p2080(v210)
    - neighboring facets: f1250 f1407 f1414
- f1409
    - flags: bottom simplicial
    - normal:    0.2208 -0.0007305  -0.9753
    - offset: -0.2453419
    - vertices: p1692(v291) p3726(v281) p2046(v238)
    - neighboring facets: f1368 f1436 f1428
- f1413
    - flags: bottom simplicial
    - normal:    0.3334   -0.164  -0.9284
    - offset: -0.2394586
    - vertices: p1692(v291) p567(v262) p1203(v225)
    - neighboring facets: f1362 f1414 f1456
- f1414
    - flags: top simplicial
    - normal:    0.2466   -0.558  -0.7924
    - offset: -0.2085865
    - vertices: p1692(v291) p482(v290) p1203(v225)
    - neighboring facets: f1408 f1413 f1429
- f1419
    - flags: bottom simplicial
    - normal:   -0.2014    0.547  -0.8125
    - offset:   -0.20117
    - vertices: p138(v293) p2731(v222) p2374(v70)
    - neighboring facets: f1336 f1422 f1449
- f1422
    - flags: top simplicial
    - normal:   -0.1802   0.5998  -0.7796
    - offset: -0.1937981
    - vertices: p138(v293) p2346(v114) p2374(v70)
    - neighboring facets: f538 f1419 f1423
- f1423
    - flags: top simplicial
    - normal:   -0.1778   0.5966  -0.7826
    - offset: -0.1945465
    - vertices: p138(v293) p2468(v263) p2346(v114)
    - neighboring facets: f1283 f1422 f1442
- f1424
    - flags: top simplicial
    - normal:    0.1258 -0.001256  -0.9921
    - offset: -0.2467481
    - vertices: p1733(v294) p3726(v281) p2468(v263)
    - neighboring facets: f1368 f1444 f1428
- f1426
    - flags: bottom simplicial
    - normal:   0.08907  -0.1656  -0.9822
    - offset: -0.2453862
    - vertices: p1733(v294) p482(v290) p3700(v175)
    - neighboring facets: f1407 f1427 f1429
- f1427
    - flags: top simplicial
    - normal:  -0.07646 -0.07792   -0.994
    - offset: -0.2441028
    - vertices: p1733(v294) p3067(v253) p3700(v175)
    - neighboring facets: f1232 f1426 f1453
- f1428
    - flags: top simplicial
    - normal:    0.1268  -0.1126  -0.9855
    - offset: -0.2463721
    - vertices: p1733(v294) p1692(v291) p3726(v281)
    - neighboring facets: f1409 f1424 f1429
- f1429
    - flags: bottom simplicial
    - normal:    0.1205  -0.1455   -0.982
    - offset:   -0.24574
    - vertices: p1733(v294) p1692(v291) p482(v290)
    - neighboring facets: f1414 f1426 f1428
- f1432
    - flags: bottom simplicial
    - normal:   -0.6824 0.0004235   -0.731
    - offset: -0.1803315
    - vertices: p3116(v295) p1236(v272) p3389(v217)
    - neighboring facets: f1322 f1433 f1434
- f1433
    - flags: top simplicial
    - normal:   -0.6861 7.295e-06  -0.7275
    - offset:  -0.179576
    - vertices: p3116(v295) p1480(v284) p3389(v217)
    - neighboring facets: f1379 f1432 f1434
- f1434
    - flags: bottom simplicial
    - normal:   -0.6938 0.001712  -0.7202
    - offset:  -0.177981
    - vertices: p3116(v295) p1480(v284) p1236(v272)
    - neighboring facets: f1382 f1432 f1433
- f1435
    - flags: top simplicial
    - normal:    0.2947 -0.003243  -0.9556
    - offset: -0.2428579
    - vertices: p3938(v296) p2506(v264) p2046(v238)
    - neighboring facets: f1293 f1436 f1459
- f1436
    - flags: bottom simplicial
    - normal:    0.2661 -0.003253   -0.964
    - offset:  -0.243995
    - vertices: p3938(v296) p1692(v291) p2046(v238)
    - neighboring facets: f1409 f1435 f1457
- f1439
    - flags: bottom simplicial
    - normal:   -0.1626 0.003365  -0.9867
    - offset: -0.2404681
    - vertices: p2278(v297) p3067(v253) p2731(v222)
    - neighboring facets: f1346 f1440 f1441
- f1440
    - flags: top simplicial
    - normal:   -0.1346 0.004476  -0.9909
    - offset: -0.2417937
    - vertices: p2278(v297) p3517(v292) p2731(v222)
    - neighboring facets: f1454 f1439 f1441
- f1441
    - flags: bottom simplicial
    - normal:   -0.0977 -0.01162  -0.9951
    - offset: -0.2433725
    - vertices: p2278(v297) p3517(v292) p3067(v253)
    - neighboring facets: f1452 f1439 f1440
- f1442
    - flags: bottom simplicial
    - normal:  -0.03592  0.04117  -0.9985
    - offset: -0.2452882
    - vertices: p3406(v298) p138(v293) p2468(v263)
    - neighboring facets: f1423 f1444 f1443
- f1443
    - flags: top simplicial
    - normal:  -0.05687  0.02649   -0.998
    - offset: -0.2447433
    - vertices: p3406(v298) p138(v293) p1966(v282)
    - neighboring facets: f1447 f1461 f1442
- f1444
    - flags: top simplicial
    - normal:   0.08145 0.002627  -0.9967
    - offset:  -0.246973
    - vertices: p3406(v298) p1733(v294) p2468(v263)
    - neighboring facets: f1424 f1442 f1462
- f1447
    - flags: bottom simplicial
    - normal:   -0.1081  0.01102  -0.9941
    - offset: -0.2428908
    - vertices: p1922(v299) p138(v293) p1966(v282)
    - neighboring facets: f1443 f1451 f1449
- f1449
    - flags: top simplicial
    - normal:   -0.1081  0.01103  -0.9941
    - offset: -0.2428898
    - vertices: p1922(v299) p138(v293) p2731(v222)
    - neighboring facets: f1419 f1455 f1447
- f1450
    - flags: top simplicial
    - normal:  -0.07409 -0.01292  -0.9972
    - offset:  -0.244214
    - vertices: p1369(v300) p1733(v294) p1966(v282)
    - neighboring facets: f1460 f1451 f1453
- f1451
    - flags: bottom simplicial
    - normal:   -0.1081  0.01102  -0.9941
    - offset: -0.2428902
    - vertices: p1369(v300) p1922(v299) p1966(v282)
    - neighboring facets: f1447 f1450 f1455
- f1452
    - flags: top simplicial
    - normal:  -0.08957 -0.01447  -0.9959
    - offset: -0.2436661
    - vertices: p1369(v300) p3517(v292) p3067(v253)
    - neighboring facets: f1441 f1453 f1454
- f1453
    - flags: bottom simplicial
    - normal:  -0.08335 -0.01774  -0.9964
    - offset: -0.2438868
    - vertices: p1369(v300) p1733(v294) p3067(v253)
    - neighboring facets: f1427 f1452 f1450
- f1454
    - flags: bottom simplicial
    - normal:   -0.1081  0.01101  -0.9941
    - offset: -0.2428896
    - vertices: p1369(v300) p3517(v292) p2731(v222)
    - neighboring facets: f1440 f1455 f1452
- f1455
    - flags: top simplicial
    - normal:   -0.1081  0.01101  -0.9941
    - offset: -0.2428897
    - vertices: p1369(v300) p1922(v299) p2731(v222)
    - neighboring facets: f1449 f1454 f1451
- f1456
    - flags: top simplicial
    - normal:    0.3065 -0.007757  -0.9518
    - offset:  -0.242343
    - vertices: p550(v301) p1692(v291) p567(v262)
    - neighboring facets: f1413 f1458 f1457
- f1457
    - flags: top simplicial
    - normal:    0.3064 -0.007749  -0.9519
    - offset: -0.2423443
    - vertices: p550(v301) p3938(v296) p1692(v291)
    - neighboring facets: f1436 f1456 f1459
- f1458
    - flags: bottom simplicial
    - normal:    0.3065 -0.007751  -0.9518
    - offset: -0.2423428
    - vertices: p550(v301) p2506(v264) p567(v262)
    - neighboring facets: f1364 f1456 f1459
- f1459
    - flags: bottom simplicial
    - normal:    0.3065 -0.007749  -0.9518
    - offset: -0.2423433
    - vertices: p550(v301) p3938(v296) p2506(v264)
    - neighboring facets: f1435 f1458 f1457
- f1460
    - flags: bottom simplicial
    - normal:  -0.04029 -0.005323  -0.9992
    - offset:  -0.245288
    - vertices: p1708(v302) p1733(v294) p1966(v282)
    - neighboring facets: f1450 f1461 f1462
- f1461
    - flags: top simplicial
    - normal:    -0.037 0.002475  -0.9993
    - offset: -0.2453828
    - vertices: p1708(v302) p3406(v298) p1966(v282)
    - neighboring facets: f1443 f1460 f1462
- f1462
    - flags: bottom simplicial
    - normal:   0.02525 -0.0003982  -0.9997
    - offset: -0.2466444
    - vertices: p1708(v302) p3406(v298) p1733(v294)
    - neighboring facets: f1444 f1460 f1461
- f1463
    - flags: top simplicial tricoplanar keepcentrum
    - owner of normal & centrum is facet f1463
    - normal:        -0       -0        1
    - offset: 2.256692e-09
    - center: 0.01181604151820971 0.001200058381073177 -2.256692166469065e-09 
    - vertices: p1918(v259) p2669(v90) p1333(v83)
    - neighboring facets: f424 f1469 f1471
- f1464
    - flags: top simplicial tricoplanar
    - owner of normal & centrum is facet f1463
    - normal:        -0       -0        1
    - offset: 2.256692e-09
    - center: 0.01181604151820971 0.001200058381073177 -2.256692166469065e-09 
    - vertices: p1918(v259) p477(v132) p3399(v27)
    - neighboring facets: f635 f1465 f1466
- f1465
    - flags: bottom simplicial tricoplanar
    - owner of normal & centrum is facet f1463
    - normal:        -0       -0        1
    - offset: 2.256692e-09
    - center: 0.01181604151820971 0.001200058381073177 -2.256692166469065e-09 
    - vertices: p1918(v259) p2025(v47) p3399(v27)
    - neighboring facets: f385 f1464 f1467
- f1466
    - flags: top simplicial tricoplanar
    - owner of normal & centrum is facet f1463
    - normal:        -0       -0        1
    - offset: 2.256692e-09
    - center: 0.01181604151820971 0.001200058381073177 -2.256692166469065e-09 
    - vertices: p1918(v259) p1644(v227) p477(v132)
    - neighboring facets: f1117 f1464 f1477
- f1467
    - flags: bottom simplicial tricoplanar
    - owner of normal & centrum is facet f1463
    - normal:        -0       -0        1
    - offset: 2.256692e-09
    - center: 0.01181604151820971 0.001200058381073177 -2.256692166469065e-09 
    - vertices: p1918(v259) p1843(v127) p2025(v47)
    - neighboring facets: f883 f1465 f1468
- f1468
    - flags: top simplicial tricoplanar
    - owner of normal & centrum is facet f1463
    - normal:        -0       -0        1
    - offset: 2.256692e-09
    - center: 0.01181604151820971 0.001200058381073177 -2.256692166469065e-09 
    - vertices: p1918(v259) p1843(v127) p3858(v80)
    - neighboring facets: f1108 f1472 f1467
- f1469
    - flags: bottom simplicial tricoplanar
    - owner of normal & centrum is facet f1463
    - normal:        -0       -0        1
    - offset: 2.256692e-09
    - center: 0.01181604151820971 0.001200058381073177 -2.256692166469065e-09 
    - vertices: p1918(v259) p3547(v130) p1333(v83)
    - neighboring facets: f630 f1463 f1473
- f1470
    - flags: bottom simplicial tricoplanar
    - owner of normal & centrum is facet f1463
    - normal:        -0       -0        1
    - offset: 2.256692e-09
    - center: 0.01181604151820971 0.001200058381073177 -2.256692166469065e-09 
    - vertices: p1918(v259) p2561(v183) p3246(v181)
    - neighboring facets: f905 f1473 f1477
- f1471
    - flags: top simplicial tricoplanar
    - owner of normal & centrum is facet f1463
    - normal:        -0       -0        1
    - offset: 2.256692e-09
    - center: 0.01181604151820971 0.001200058381073177 -2.256692166469065e-09 
    - vertices: p1918(v259) p2379(v228) p2669(v90)
    - neighboring facets: f1120 f1463 f1478
- f1472
    - flags: bottom simplicial tricoplanar
    - owner of normal & centrum is facet f1463
    - normal:        -0       -0        1
    - offset: 2.256692e-09
    - center: 0.01181604151820971 0.001200058381073177 -2.256692166469065e-09 
    - vertices: p1918(v259) p603(v201) p3858(v80)
    - neighboring facets: f1112 f1468 f1475
- f1473
    - flags: bottom simplicial tricoplanar
    - owner of normal & centrum is facet f1463
    - normal:        -0       -0        1
    - offset: 2.256692e-09
    - center: 0.01181604151820971 0.001200058381073177 -2.256692166469065e-09 
    - vertices: p1918(v259) p3246(v181) p3547(v130)
    - neighboring facets: f893 f1469 f1470
- f1474
    - flags: bottom simplicial tricoplanar
    - owner of normal & centrum is facet f1463
    - normal:        -0       -0        1
    - offset: 2.256692e-09
    - center: 0.01181604151820971 0.001200058381073177 -2.256692166469065e-09 
    - vertices: p1918(v259) p864(v185) p3864(v134)
    - neighboring facets: f914 f1476 f1478
- f1475
    - flags: top simplicial tricoplanar
    - owner of normal & centrum is facet f1463
    - normal:        -0       -0        1
    - offset: 2.256692e-09
    - center: 0.01181604151820971 0.001200058381073177 -2.256692166469065e-09 
    - vertices: p1918(v259) p603(v201) p2995(v152)
    - neighboring facets: f989 f1263 f1472
- f1476
    - flags: top simplicial tricoplanar
    - owner of normal & centrum is facet f1463
    - normal:        -0       -0        1
    - offset: 2.256692e-09
    - center: 0.01181604151820971 0.001200058381073177 -2.256692166469065e-09 
    - vertices: p1918(v259) p1413(v258) p3864(v134)
    - neighboring facets: f1260 f1474 f1479
- f1477
    - flags: bottom simplicial tricoplanar
    - owner of normal & centrum is facet f1463
    - normal:        -0       -0        1
    - offset: 2.256692e-09
    - center: 0.01181604151820971 0.001200058381073177 -2.256692166469065e-09 
    - vertices: p1918(v259) p1644(v227) p2561(v183)
    - neighboring facets: f1118 f1470 f1466
- f1478
    - flags: bottom simplicial tricoplanar
    - owner of normal & centrum is facet f1463
    - normal:        -0       -0        1
    - offset: 2.256692e-09
    - center: 0.01181604151820971 0.001200058381073177 -2.256692166469065e-09 
    - vertices: p1918(v259) p2379(v228) p864(v185)
    - neighboring facets: f1121 f1474 f1471
- f1479
    - flags: bottom simplicial tricoplanar
    - owner of normal & centrum is facet f1463
    - normal:        -0       -0        1
    - offset: 2.256692e-09
    - center: 0.01181604151820971 0.001200058381073177 -2.256692166469065e-09 
    - vertices: p1918(v259) p1413(v258) p1511(v230)
    - neighboring facets: f1261 f1264 f1476
